[2025-05-04T22:25:27.862+0000] {processor.py:161} INFO - Started process (PID=34) to work on /opt/airflow/dags/batch_processing.py
[2025-05-04T22:25:27.864+0000] {processor.py:830} INFO - Processing file /opt/airflow/dags/batch_processing.py for tasks to queue
[2025-05-04T22:25:27.865+0000] {logging_mixin.py:188} INFO - [2025-05-04T22:25:27.865+0000] {dagbag.py:538} INFO - Filling up the DagBag from /opt/airflow/dags/batch_processing.py
[2025-05-04T22:25:27.877+0000] {processor.py:840} INFO - DAG(s) 'batch_processing_pipeline' retrieved from /opt/airflow/dags/batch_processing.py
[2025-05-04T22:25:27.979+0000] {logging_mixin.py:188} INFO - [2025-05-04T22:25:27.976+0000] {override.py:1769} INFO - Created Permission View: can read on DAG:batch_processing_pipeline
[2025-05-04T22:25:28.005+0000] {logging_mixin.py:188} INFO - [2025-05-04T22:25:28.004+0000] {override.py:1769} INFO - Created Permission View: can delete on DAG:batch_processing_pipeline
[2025-05-04T22:25:28.021+0000] {logging_mixin.py:188} INFO - [2025-05-04T22:25:28.021+0000] {override.py:1769} INFO - Created Permission View: can edit on DAG:batch_processing_pipeline
[2025-05-04T22:25:28.022+0000] {logging_mixin.py:188} INFO - [2025-05-04T22:25:28.022+0000] {dag.py:3033} INFO - Sync 1 DAGs
[2025-05-04T22:25:28.034+0000] {logging_mixin.py:188} INFO - [2025-05-04T22:25:28.034+0000] {dag.py:3055} INFO - Creating ORM DAG for batch_processing_pipeline
[2025-05-04T22:25:28.042+0000] {logging_mixin.py:188} INFO - [2025-05-04T22:25:28.042+0000] {dag.py:3820} INFO - Setting next_dagrun for batch_processing_pipeline to 2025-05-03T00:00:00+00:00, run_after=2025-05-04T00:00:00+00:00
[2025-05-04T22:25:28.067+0000] {processor.py:183} INFO - Processing /opt/airflow/dags/batch_processing.py took 0.206 seconds
[2025-05-04T22:25:58.556+0000] {processor.py:161} INFO - Started process (PID=96) to work on /opt/airflow/dags/batch_processing.py
[2025-05-04T22:25:58.559+0000] {processor.py:830} INFO - Processing file /opt/airflow/dags/batch_processing.py for tasks to queue
[2025-05-04T22:25:58.562+0000] {logging_mixin.py:188} INFO - [2025-05-04T22:25:58.562+0000] {dagbag.py:538} INFO - Filling up the DagBag from /opt/airflow/dags/batch_processing.py
[2025-05-04T22:25:58.573+0000] {processor.py:840} INFO - DAG(s) 'batch_processing_pipeline' retrieved from /opt/airflow/dags/batch_processing.py
[2025-05-04T22:25:58.588+0000] {logging_mixin.py:188} INFO - [2025-05-04T22:25:58.588+0000] {dag.py:3033} INFO - Sync 1 DAGs
[2025-05-04T22:25:58.604+0000] {logging_mixin.py:188} INFO - [2025-05-04T22:25:58.604+0000] {dag.py:3820} INFO - Setting next_dagrun for batch_processing_pipeline to 2025-05-03T00:00:00+00:00, run_after=2025-05-04T00:00:00+00:00
[2025-05-04T22:25:58.613+0000] {processor.py:183} INFO - Processing /opt/airflow/dags/batch_processing.py took 0.062 seconds
[2025-05-04T22:26:28.965+0000] {processor.py:161} INFO - Started process (PID=152) to work on /opt/airflow/dags/batch_processing.py
[2025-05-04T22:26:28.968+0000] {processor.py:830} INFO - Processing file /opt/airflow/dags/batch_processing.py for tasks to queue
[2025-05-04T22:26:28.972+0000] {logging_mixin.py:188} INFO - [2025-05-04T22:26:28.972+0000] {dagbag.py:538} INFO - Filling up the DagBag from /opt/airflow/dags/batch_processing.py
[2025-05-04T22:26:28.981+0000] {processor.py:840} INFO - DAG(s) 'batch_processing_pipeline' retrieved from /opt/airflow/dags/batch_processing.py
[2025-05-04T22:26:28.997+0000] {logging_mixin.py:188} INFO - [2025-05-04T22:26:28.997+0000] {dag.py:3033} INFO - Sync 1 DAGs
[2025-05-04T22:26:29.010+0000] {logging_mixin.py:188} INFO - [2025-05-04T22:26:29.010+0000] {dag.py:3820} INFO - Setting next_dagrun for batch_processing_pipeline to 2025-05-03T00:00:00+00:00, run_after=2025-05-04T00:00:00+00:00
[2025-05-04T22:26:29.022+0000] {processor.py:183} INFO - Processing /opt/airflow/dags/batch_processing.py took 0.062 seconds
[2025-05-04T22:26:59.643+0000] {processor.py:161} INFO - Started process (PID=212) to work on /opt/airflow/dags/batch_processing.py
[2025-05-04T22:26:59.646+0000] {processor.py:830} INFO - Processing file /opt/airflow/dags/batch_processing.py for tasks to queue
[2025-05-04T22:26:59.648+0000] {logging_mixin.py:188} INFO - [2025-05-04T22:26:59.648+0000] {dagbag.py:538} INFO - Filling up the DagBag from /opt/airflow/dags/batch_processing.py
[2025-05-04T22:26:59.659+0000] {processor.py:840} INFO - DAG(s) 'batch_processing_pipeline' retrieved from /opt/airflow/dags/batch_processing.py
[2025-05-04T22:26:59.674+0000] {logging_mixin.py:188} INFO - [2025-05-04T22:26:59.674+0000] {dag.py:3033} INFO - Sync 1 DAGs
[2025-05-04T22:26:59.689+0000] {logging_mixin.py:188} INFO - [2025-05-04T22:26:59.689+0000] {dag.py:3820} INFO - Setting next_dagrun for batch_processing_pipeline to 2025-05-04T00:00:00+00:00, run_after=2025-05-05T00:00:00+00:00
[2025-05-04T22:26:59.701+0000] {processor.py:183} INFO - Processing /opt/airflow/dags/batch_processing.py took 0.062 seconds
[2025-05-04T22:27:30.360+0000] {processor.py:161} INFO - Started process (PID=268) to work on /opt/airflow/dags/batch_processing.py
[2025-05-04T22:27:30.361+0000] {processor.py:830} INFO - Processing file /opt/airflow/dags/batch_processing.py for tasks to queue
[2025-05-04T22:27:30.365+0000] {logging_mixin.py:188} INFO - [2025-05-04T22:27:30.364+0000] {dagbag.py:538} INFO - Filling up the DagBag from /opt/airflow/dags/batch_processing.py
[2025-05-04T22:27:30.379+0000] {processor.py:840} INFO - DAG(s) 'batch_processing_pipeline' retrieved from /opt/airflow/dags/batch_processing.py
[2025-05-04T22:27:30.394+0000] {logging_mixin.py:188} INFO - [2025-05-04T22:27:30.394+0000] {dag.py:3033} INFO - Sync 1 DAGs
[2025-05-04T22:27:30.407+0000] {logging_mixin.py:188} INFO - [2025-05-04T22:27:30.407+0000] {dag.py:3820} INFO - Setting next_dagrun for batch_processing_pipeline to 2025-05-04T00:00:00+00:00, run_after=2025-05-05T00:00:00+00:00
[2025-05-04T22:27:30.418+0000] {processor.py:183} INFO - Processing /opt/airflow/dags/batch_processing.py took 0.065 seconds
[2025-05-04T22:28:00.960+0000] {processor.py:161} INFO - Started process (PID=324) to work on /opt/airflow/dags/batch_processing.py
[2025-05-04T22:28:00.962+0000] {processor.py:830} INFO - Processing file /opt/airflow/dags/batch_processing.py for tasks to queue
[2025-05-04T22:28:00.966+0000] {logging_mixin.py:188} INFO - [2025-05-04T22:28:00.966+0000] {dagbag.py:538} INFO - Filling up the DagBag from /opt/airflow/dags/batch_processing.py
[2025-05-04T22:28:00.979+0000] {processor.py:840} INFO - DAG(s) 'batch_processing_pipeline' retrieved from /opt/airflow/dags/batch_processing.py
[2025-05-04T22:28:00.994+0000] {logging_mixin.py:188} INFO - [2025-05-04T22:28:00.994+0000] {dag.py:3033} INFO - Sync 1 DAGs
[2025-05-04T22:28:01.007+0000] {logging_mixin.py:188} INFO - [2025-05-04T22:28:01.007+0000] {dag.py:3820} INFO - Setting next_dagrun for batch_processing_pipeline to 2025-05-04T00:00:00+00:00, run_after=2025-05-05T00:00:00+00:00
[2025-05-04T22:28:01.015+0000] {processor.py:183} INFO - Processing /opt/airflow/dags/batch_processing.py took 0.061 seconds
[2025-05-04T22:28:31.592+0000] {processor.py:161} INFO - Started process (PID=380) to work on /opt/airflow/dags/batch_processing.py
[2025-05-04T22:28:31.593+0000] {processor.py:830} INFO - Processing file /opt/airflow/dags/batch_processing.py for tasks to queue
[2025-05-04T22:28:31.595+0000] {logging_mixin.py:188} INFO - [2025-05-04T22:28:31.595+0000] {dagbag.py:538} INFO - Filling up the DagBag from /opt/airflow/dags/batch_processing.py
[2025-05-04T22:28:31.603+0000] {processor.py:840} INFO - DAG(s) 'batch_processing_pipeline' retrieved from /opt/airflow/dags/batch_processing.py
[2025-05-04T22:28:31.617+0000] {logging_mixin.py:188} INFO - [2025-05-04T22:28:31.616+0000] {dag.py:3033} INFO - Sync 1 DAGs
[2025-05-04T22:28:31.629+0000] {logging_mixin.py:188} INFO - [2025-05-04T22:28:31.629+0000] {dag.py:3820} INFO - Setting next_dagrun for batch_processing_pipeline to 2025-05-04T00:00:00+00:00, run_after=2025-05-05T00:00:00+00:00
[2025-05-04T22:28:31.640+0000] {processor.py:183} INFO - Processing /opt/airflow/dags/batch_processing.py took 0.052 seconds
[2025-05-04T22:29:02.228+0000] {processor.py:161} INFO - Started process (PID=436) to work on /opt/airflow/dags/batch_processing.py
[2025-05-04T22:29:02.230+0000] {processor.py:830} INFO - Processing file /opt/airflow/dags/batch_processing.py for tasks to queue
[2025-05-04T22:29:02.234+0000] {logging_mixin.py:188} INFO - [2025-05-04T22:29:02.233+0000] {dagbag.py:538} INFO - Filling up the DagBag from /opt/airflow/dags/batch_processing.py
[2025-05-04T22:29:02.242+0000] {processor.py:840} INFO - DAG(s) 'batch_processing_pipeline' retrieved from /opt/airflow/dags/batch_processing.py
[2025-05-04T22:29:02.256+0000] {logging_mixin.py:188} INFO - [2025-05-04T22:29:02.256+0000] {dag.py:3033} INFO - Sync 1 DAGs
[2025-05-04T22:29:02.268+0000] {logging_mixin.py:188} INFO - [2025-05-04T22:29:02.268+0000] {dag.py:3820} INFO - Setting next_dagrun for batch_processing_pipeline to 2025-05-04T00:00:00+00:00, run_after=2025-05-05T00:00:00+00:00
[2025-05-04T22:29:02.278+0000] {processor.py:183} INFO - Processing /opt/airflow/dags/batch_processing.py took 0.054 seconds
[2025-05-04T22:29:16.849+0000] {processor.py:161} INFO - Started process (PID=486) to work on /opt/airflow/dags/batch_processing.py
[2025-05-04T22:29:16.850+0000] {processor.py:830} INFO - Processing file /opt/airflow/dags/batch_processing.py for tasks to queue
[2025-05-04T22:29:16.853+0000] {logging_mixin.py:188} INFO - [2025-05-04T22:29:16.852+0000] {dagbag.py:538} INFO - Filling up the DagBag from /opt/airflow/dags/batch_processing.py
[2025-05-04T22:29:16.859+0000] {logging_mixin.py:188} INFO - [2025-05-04T22:29:16.858+0000] {dagbag.py:348} ERROR - Failed to import: /opt/airflow/dags/batch_processing.py
Traceback (most recent call last):
  File "/home/airflow/.local/lib/python3.8/site-packages/airflow/models/dagbag.py", line 344, in parse
    loader.exec_module(new_module)
  File "<frozen importlib._bootstrap_external>", line 843, in exec_module
  File "<frozen importlib._bootstrap>", line 219, in _call_with_frames_removed
  File "/opt/airflow/dags/batch_processing.py", line 13, in <module>
    with DAG(
  File "/home/airflow/.local/lib/python3.8/site-packages/airflow/models/dag.py", line 556, in __init__
    raise ValueError("DAG is missing the start_date parameter")
ValueError: DAG is missing the start_date parameter
[2025-05-04T22:29:16.860+0000] {processor.py:842} WARNING - No viable dags retrieved from /opt/airflow/dags/batch_processing.py
[2025-05-04T22:29:16.878+0000] {processor.py:183} INFO - Processing /opt/airflow/dags/batch_processing.py took 0.034 seconds
[2025-05-04T22:29:45.494+0000] {processor.py:161} INFO - Started process (PID=542) to work on /opt/airflow/dags/batch_processing.py
[2025-05-04T22:29:45.495+0000] {processor.py:830} INFO - Processing file /opt/airflow/dags/batch_processing.py for tasks to queue
[2025-05-04T22:29:45.498+0000] {logging_mixin.py:188} INFO - [2025-05-04T22:29:45.498+0000] {dagbag.py:538} INFO - Filling up the DagBag from /opt/airflow/dags/batch_processing.py
[2025-05-04T22:29:45.504+0000] {processor.py:840} INFO - DAG(s) 'batch_processing_pipeline' retrieved from /opt/airflow/dags/batch_processing.py
[2025-05-04T22:29:45.557+0000] {logging_mixin.py:188} INFO - [2025-05-04T22:29:45.557+0000] {dag.py:3033} INFO - Sync 1 DAGs
[2025-05-04T22:29:45.565+0000] {logging_mixin.py:188} INFO - [2025-05-04T22:29:45.565+0000] {dag.py:3820} INFO - Setting next_dagrun for batch_processing_pipeline to 2025-05-04T00:00:00+00:00, run_after=2025-05-05T00:00:00+00:00
[2025-05-04T22:29:45.572+0000] {processor.py:183} INFO - Processing /opt/airflow/dags/batch_processing.py took 0.082 seconds
[2025-05-04T22:30:16.244+0000] {processor.py:161} INFO - Started process (PID=598) to work on /opt/airflow/dags/batch_processing.py
[2025-05-04T22:30:16.245+0000] {processor.py:830} INFO - Processing file /opt/airflow/dags/batch_processing.py for tasks to queue
[2025-05-04T22:30:16.248+0000] {logging_mixin.py:188} INFO - [2025-05-04T22:30:16.247+0000] {dagbag.py:538} INFO - Filling up the DagBag from /opt/airflow/dags/batch_processing.py
[2025-05-04T22:30:16.254+0000] {processor.py:840} INFO - DAG(s) 'batch_processing_pipeline' retrieved from /opt/airflow/dags/batch_processing.py
[2025-05-04T22:30:16.270+0000] {logging_mixin.py:188} INFO - [2025-05-04T22:30:16.270+0000] {dag.py:3033} INFO - Sync 1 DAGs
[2025-05-04T22:30:16.282+0000] {logging_mixin.py:188} INFO - [2025-05-04T22:30:16.282+0000] {dag.py:3820} INFO - Setting next_dagrun for batch_processing_pipeline to 2025-05-04T00:00:00+00:00, run_after=2025-05-05T00:00:00+00:00
[2025-05-04T22:30:16.289+0000] {processor.py:183} INFO - Processing /opt/airflow/dags/batch_processing.py took 0.050 seconds
[2025-05-04T22:30:46.941+0000] {processor.py:161} INFO - Started process (PID=654) to work on /opt/airflow/dags/batch_processing.py
[2025-05-04T22:30:46.941+0000] {processor.py:830} INFO - Processing file /opt/airflow/dags/batch_processing.py for tasks to queue
[2025-05-04T22:30:46.943+0000] {logging_mixin.py:188} INFO - [2025-05-04T22:30:46.943+0000] {dagbag.py:538} INFO - Filling up the DagBag from /opt/airflow/dags/batch_processing.py
[2025-05-04T22:30:46.946+0000] {processor.py:840} INFO - DAG(s) 'batch_processing_pipeline' retrieved from /opt/airflow/dags/batch_processing.py
[2025-05-04T22:30:46.956+0000] {logging_mixin.py:188} INFO - [2025-05-04T22:30:46.956+0000] {dag.py:3033} INFO - Sync 1 DAGs
[2025-05-04T22:30:46.964+0000] {logging_mixin.py:188} INFO - [2025-05-04T22:30:46.964+0000] {dag.py:3820} INFO - Setting next_dagrun for batch_processing_pipeline to 2025-05-04T00:00:00+00:00, run_after=2025-05-05T00:00:00+00:00
[2025-05-04T22:30:46.972+0000] {processor.py:183} INFO - Processing /opt/airflow/dags/batch_processing.py took 0.034 seconds
[2025-05-04T22:31:12.741+0000] {processor.py:161} INFO - Started process (PID=35) to work on /opt/airflow/dags/batch_processing.py
[2025-05-04T22:31:12.746+0000] {processor.py:830} INFO - Processing file /opt/airflow/dags/batch_processing.py for tasks to queue
[2025-05-04T22:31:12.749+0000] {logging_mixin.py:188} INFO - [2025-05-04T22:31:12.749+0000] {dagbag.py:538} INFO - Filling up the DagBag from /opt/airflow/dags/batch_processing.py
[2025-05-04T22:31:12.764+0000] {processor.py:840} INFO - DAG(s) 'batch_processing_pipeline' retrieved from /opt/airflow/dags/batch_processing.py
[2025-05-04T22:31:13.012+0000] {logging_mixin.py:188} INFO - [2025-05-04T22:31:13.011+0000] {dag.py:3033} INFO - Sync 1 DAGs
[2025-05-04T22:31:13.052+0000] {logging_mixin.py:188} INFO - [2025-05-04T22:31:13.052+0000] {dag.py:3820} INFO - Setting next_dagrun for batch_processing_pipeline to 2025-05-04T00:00:00+00:00, run_after=2025-05-05T00:00:00+00:00
[2025-05-04T22:31:13.086+0000] {processor.py:183} INFO - Processing /opt/airflow/dags/batch_processing.py took 0.347 seconds
[2025-05-04T22:31:43.573+0000] {processor.py:161} INFO - Started process (PID=97) to work on /opt/airflow/dags/batch_processing.py
[2025-05-04T22:31:43.575+0000] {processor.py:830} INFO - Processing file /opt/airflow/dags/batch_processing.py for tasks to queue
[2025-05-04T22:31:43.581+0000] {logging_mixin.py:188} INFO - [2025-05-04T22:31:43.580+0000] {dagbag.py:538} INFO - Filling up the DagBag from /opt/airflow/dags/batch_processing.py
[2025-05-04T22:31:43.589+0000] {processor.py:840} INFO - DAG(s) 'batch_processing_pipeline' retrieved from /opt/airflow/dags/batch_processing.py
[2025-05-04T22:31:43.607+0000] {logging_mixin.py:188} INFO - [2025-05-04T22:31:43.607+0000] {dag.py:3033} INFO - Sync 1 DAGs
[2025-05-04T22:31:43.620+0000] {logging_mixin.py:188} INFO - [2025-05-04T22:31:43.620+0000] {dag.py:3820} INFO - Setting next_dagrun for batch_processing_pipeline to 2025-05-04T00:00:00+00:00, run_after=2025-05-05T00:00:00+00:00
[2025-05-04T22:31:43.629+0000] {processor.py:183} INFO - Processing /opt/airflow/dags/batch_processing.py took 0.061 seconds
[2025-05-04T22:32:13.963+0000] {processor.py:161} INFO - Started process (PID=157) to work on /opt/airflow/dags/batch_processing.py
[2025-05-04T22:32:13.965+0000] {processor.py:830} INFO - Processing file /opt/airflow/dags/batch_processing.py for tasks to queue
[2025-05-04T22:32:13.971+0000] {logging_mixin.py:188} INFO - [2025-05-04T22:32:13.970+0000] {dagbag.py:538} INFO - Filling up the DagBag from /opt/airflow/dags/batch_processing.py
[2025-05-04T22:32:13.978+0000] {processor.py:840} INFO - DAG(s) 'batch_processing_pipeline' retrieved from /opt/airflow/dags/batch_processing.py
[2025-05-04T22:32:13.996+0000] {logging_mixin.py:188} INFO - [2025-05-04T22:32:13.996+0000] {dag.py:3033} INFO - Sync 1 DAGs
[2025-05-04T22:32:14.011+0000] {logging_mixin.py:188} INFO - [2025-05-04T22:32:14.011+0000] {dag.py:3820} INFO - Setting next_dagrun for batch_processing_pipeline to 2025-05-04T00:00:00+00:00, run_after=2025-05-05T00:00:00+00:00
[2025-05-04T22:32:14.023+0000] {processor.py:183} INFO - Processing /opt/airflow/dags/batch_processing.py took 0.065 seconds
[2025-05-04T22:32:44.870+0000] {processor.py:161} INFO - Started process (PID=213) to work on /opt/airflow/dags/batch_processing.py
[2025-05-04T22:32:44.871+0000] {processor.py:830} INFO - Processing file /opt/airflow/dags/batch_processing.py for tasks to queue
[2025-05-04T22:32:44.874+0000] {logging_mixin.py:188} INFO - [2025-05-04T22:32:44.874+0000] {dagbag.py:538} INFO - Filling up the DagBag from /opt/airflow/dags/batch_processing.py
[2025-05-04T22:32:44.882+0000] {processor.py:840} INFO - DAG(s) 'batch_processing_pipeline' retrieved from /opt/airflow/dags/batch_processing.py
[2025-05-04T22:32:44.900+0000] {logging_mixin.py:188} INFO - [2025-05-04T22:32:44.900+0000] {dag.py:3033} INFO - Sync 1 DAGs
[2025-05-04T22:32:44.913+0000] {logging_mixin.py:188} INFO - [2025-05-04T22:32:44.913+0000] {dag.py:3820} INFO - Setting next_dagrun for batch_processing_pipeline to 2025-05-04T00:00:00+00:00, run_after=2025-05-05T00:00:00+00:00
[2025-05-04T22:32:44.926+0000] {processor.py:183} INFO - Processing /opt/airflow/dags/batch_processing.py took 0.061 seconds
[2025-05-04T22:33:15.552+0000] {processor.py:161} INFO - Started process (PID=269) to work on /opt/airflow/dags/batch_processing.py
[2025-05-04T22:33:15.554+0000] {processor.py:830} INFO - Processing file /opt/airflow/dags/batch_processing.py for tasks to queue
[2025-05-04T22:33:15.560+0000] {logging_mixin.py:188} INFO - [2025-05-04T22:33:15.559+0000] {dagbag.py:538} INFO - Filling up the DagBag from /opt/airflow/dags/batch_processing.py
[2025-05-04T22:33:15.575+0000] {processor.py:840} INFO - DAG(s) 'batch_processing_pipeline' retrieved from /opt/airflow/dags/batch_processing.py
[2025-05-04T22:33:15.595+0000] {logging_mixin.py:188} INFO - [2025-05-04T22:33:15.595+0000] {dag.py:3033} INFO - Sync 1 DAGs
[2025-05-04T22:33:15.618+0000] {logging_mixin.py:188} INFO - [2025-05-04T22:33:15.618+0000] {dag.py:3820} INFO - Setting next_dagrun for batch_processing_pipeline to 2025-05-04T00:00:00+00:00, run_after=2025-05-05T00:00:00+00:00
[2025-05-04T22:33:15.629+0000] {processor.py:183} INFO - Processing /opt/airflow/dags/batch_processing.py took 0.084 seconds
[2025-05-04T22:33:46.284+0000] {processor.py:161} INFO - Started process (PID=325) to work on /opt/airflow/dags/batch_processing.py
[2025-05-04T22:33:46.286+0000] {processor.py:830} INFO - Processing file /opt/airflow/dags/batch_processing.py for tasks to queue
[2025-05-04T22:33:46.288+0000] {logging_mixin.py:188} INFO - [2025-05-04T22:33:46.288+0000] {dagbag.py:538} INFO - Filling up the DagBag from /opt/airflow/dags/batch_processing.py
[2025-05-04T22:33:46.298+0000] {processor.py:840} INFO - DAG(s) 'batch_processing_pipeline' retrieved from /opt/airflow/dags/batch_processing.py
[2025-05-04T22:33:46.321+0000] {logging_mixin.py:188} INFO - [2025-05-04T22:33:46.321+0000] {dag.py:3033} INFO - Sync 1 DAGs
[2025-05-04T22:33:46.334+0000] {logging_mixin.py:188} INFO - [2025-05-04T22:33:46.334+0000] {dag.py:3820} INFO - Setting next_dagrun for batch_processing_pipeline to 2025-05-04T00:00:00+00:00, run_after=2025-05-05T00:00:00+00:00
[2025-05-04T22:33:46.346+0000] {processor.py:183} INFO - Processing /opt/airflow/dags/batch_processing.py took 0.066 seconds
[2025-05-04T22:34:16.923+0000] {processor.py:161} INFO - Started process (PID=381) to work on /opt/airflow/dags/batch_processing.py
[2025-05-04T22:34:16.924+0000] {processor.py:830} INFO - Processing file /opt/airflow/dags/batch_processing.py for tasks to queue
[2025-05-04T22:34:16.931+0000] {logging_mixin.py:188} INFO - [2025-05-04T22:34:16.930+0000] {dagbag.py:538} INFO - Filling up the DagBag from /opt/airflow/dags/batch_processing.py
[2025-05-04T22:34:16.940+0000] {processor.py:840} INFO - DAG(s) 'batch_processing_pipeline' retrieved from /opt/airflow/dags/batch_processing.py
[2025-05-04T22:34:16.960+0000] {logging_mixin.py:188} INFO - [2025-05-04T22:34:16.960+0000] {dag.py:3033} INFO - Sync 1 DAGs
[2025-05-04T22:34:16.974+0000] {logging_mixin.py:188} INFO - [2025-05-04T22:34:16.974+0000] {dag.py:3820} INFO - Setting next_dagrun for batch_processing_pipeline to 2025-05-04T00:00:00+00:00, run_after=2025-05-05T00:00:00+00:00
[2025-05-04T22:34:16.987+0000] {processor.py:183} INFO - Processing /opt/airflow/dags/batch_processing.py took 0.070 seconds
[2025-05-04T22:36:23.993+0000] {processor.py:161} INFO - Started process (PID=33) to work on /opt/airflow/dags/batch_processing.py
[2025-05-04T22:36:23.994+0000] {processor.py:830} INFO - Processing file /opt/airflow/dags/batch_processing.py for tasks to queue
[2025-05-04T22:36:23.996+0000] {logging_mixin.py:188} INFO - [2025-05-04T22:36:23.996+0000] {dagbag.py:538} INFO - Filling up the DagBag from /opt/airflow/dags/batch_processing.py
[2025-05-04T22:36:24.012+0000] {processor.py:840} INFO - DAG(s) 'batch_processing_pipeline' retrieved from /opt/airflow/dags/batch_processing.py
[2025-05-04T22:36:24.120+0000] {logging_mixin.py:188} INFO - [2025-05-04T22:36:24.119+0000] {dag.py:3033} INFO - Sync 1 DAGs
[2025-05-04T22:36:24.140+0000] {logging_mixin.py:188} INFO - [2025-05-04T22:36:24.140+0000] {dag.py:3820} INFO - Setting next_dagrun for batch_processing_pipeline to 2025-05-04T00:00:00+00:00, run_after=2025-05-05T00:00:00+00:00
[2025-05-04T22:36:24.177+0000] {processor.py:183} INFO - Processing /opt/airflow/dags/batch_processing.py took 0.186 seconds
[2025-05-04T22:36:54.769+0000] {processor.py:161} INFO - Started process (PID=95) to work on /opt/airflow/dags/batch_processing.py
[2025-05-04T22:36:54.772+0000] {processor.py:830} INFO - Processing file /opt/airflow/dags/batch_processing.py for tasks to queue
[2025-05-04T22:36:54.776+0000] {logging_mixin.py:188} INFO - [2025-05-04T22:36:54.775+0000] {dagbag.py:538} INFO - Filling up the DagBag from /opt/airflow/dags/batch_processing.py
[2025-05-04T22:36:54.783+0000] {processor.py:840} INFO - DAG(s) 'batch_processing_pipeline' retrieved from /opt/airflow/dags/batch_processing.py
[2025-05-04T22:36:54.802+0000] {logging_mixin.py:188} INFO - [2025-05-04T22:36:54.802+0000] {dag.py:3033} INFO - Sync 1 DAGs
[2025-05-04T22:36:54.818+0000] {logging_mixin.py:188} INFO - [2025-05-04T22:36:54.818+0000] {dag.py:3820} INFO - Setting next_dagrun for batch_processing_pipeline to 2025-05-04T00:00:00+00:00, run_after=2025-05-05T00:00:00+00:00
[2025-05-04T22:36:54.827+0000] {processor.py:183} INFO - Processing /opt/airflow/dags/batch_processing.py took 0.063 seconds
[2025-05-04T22:37:25.226+0000] {processor.py:161} INFO - Started process (PID=151) to work on /opt/airflow/dags/batch_processing.py
[2025-05-04T22:37:25.231+0000] {processor.py:830} INFO - Processing file /opt/airflow/dags/batch_processing.py for tasks to queue
[2025-05-04T22:37:25.234+0000] {logging_mixin.py:188} INFO - [2025-05-04T22:37:25.233+0000] {dagbag.py:538} INFO - Filling up the DagBag from /opt/airflow/dags/batch_processing.py
[2025-05-04T22:37:25.240+0000] {processor.py:840} INFO - DAG(s) 'batch_processing_pipeline' retrieved from /opt/airflow/dags/batch_processing.py
[2025-05-04T22:37:25.255+0000] {logging_mixin.py:188} INFO - [2025-05-04T22:37:25.255+0000] {dag.py:3033} INFO - Sync 1 DAGs
[2025-05-04T22:37:25.270+0000] {logging_mixin.py:188} INFO - [2025-05-04T22:37:25.270+0000] {dag.py:3820} INFO - Setting next_dagrun for batch_processing_pipeline to 2025-05-04T00:00:00+00:00, run_after=2025-05-05T00:00:00+00:00
[2025-05-04T22:37:25.283+0000] {processor.py:183} INFO - Processing /opt/airflow/dags/batch_processing.py took 0.061 seconds
[2025-05-04T22:37:56.000+0000] {processor.py:161} INFO - Started process (PID=207) to work on /opt/airflow/dags/batch_processing.py
[2025-05-04T22:37:56.002+0000] {processor.py:830} INFO - Processing file /opt/airflow/dags/batch_processing.py for tasks to queue
[2025-05-04T22:37:56.009+0000] {logging_mixin.py:188} INFO - [2025-05-04T22:37:56.008+0000] {dagbag.py:538} INFO - Filling up the DagBag from /opt/airflow/dags/batch_processing.py
[2025-05-04T22:37:56.017+0000] {processor.py:840} INFO - DAG(s) 'batch_processing_pipeline' retrieved from /opt/airflow/dags/batch_processing.py
[2025-05-04T22:37:56.031+0000] {logging_mixin.py:188} INFO - [2025-05-04T22:37:56.031+0000] {dag.py:3033} INFO - Sync 1 DAGs
[2025-05-04T22:37:56.045+0000] {logging_mixin.py:188} INFO - [2025-05-04T22:37:56.045+0000] {dag.py:3820} INFO - Setting next_dagrun for batch_processing_pipeline to 2025-05-04T00:00:00+00:00, run_after=2025-05-05T00:00:00+00:00
[2025-05-04T22:37:56.057+0000] {processor.py:183} INFO - Processing /opt/airflow/dags/batch_processing.py took 0.063 seconds
[2025-05-04T22:38:26.687+0000] {processor.py:161} INFO - Started process (PID=263) to work on /opt/airflow/dags/batch_processing.py
[2025-05-04T22:38:26.689+0000] {processor.py:830} INFO - Processing file /opt/airflow/dags/batch_processing.py for tasks to queue
[2025-05-04T22:38:26.692+0000] {logging_mixin.py:188} INFO - [2025-05-04T22:38:26.692+0000] {dagbag.py:538} INFO - Filling up the DagBag from /opt/airflow/dags/batch_processing.py
[2025-05-04T22:38:26.701+0000] {processor.py:840} INFO - DAG(s) 'batch_processing_pipeline' retrieved from /opt/airflow/dags/batch_processing.py
[2025-05-04T22:38:26.716+0000] {logging_mixin.py:188} INFO - [2025-05-04T22:38:26.716+0000] {dag.py:3033} INFO - Sync 1 DAGs
[2025-05-04T22:38:26.731+0000] {logging_mixin.py:188} INFO - [2025-05-04T22:38:26.731+0000] {dag.py:3820} INFO - Setting next_dagrun for batch_processing_pipeline to 2025-05-04T00:00:00+00:00, run_after=2025-05-05T00:00:00+00:00
[2025-05-04T22:38:26.743+0000] {processor.py:183} INFO - Processing /opt/airflow/dags/batch_processing.py took 0.060 seconds
[2025-05-04T22:38:57.372+0000] {processor.py:161} INFO - Started process (PID=319) to work on /opt/airflow/dags/batch_processing.py
[2025-05-04T22:38:57.376+0000] {processor.py:830} INFO - Processing file /opt/airflow/dags/batch_processing.py for tasks to queue
[2025-05-04T22:38:57.379+0000] {logging_mixin.py:188} INFO - [2025-05-04T22:38:57.379+0000] {dagbag.py:538} INFO - Filling up the DagBag from /opt/airflow/dags/batch_processing.py
[2025-05-04T22:38:57.385+0000] {processor.py:840} INFO - DAG(s) 'batch_processing_pipeline' retrieved from /opt/airflow/dags/batch_processing.py
[2025-05-04T22:38:57.402+0000] {logging_mixin.py:188} INFO - [2025-05-04T22:38:57.402+0000] {dag.py:3033} INFO - Sync 1 DAGs
[2025-05-04T22:38:57.416+0000] {logging_mixin.py:188} INFO - [2025-05-04T22:38:57.416+0000] {dag.py:3820} INFO - Setting next_dagrun for batch_processing_pipeline to 2025-05-04T00:00:00+00:00, run_after=2025-05-05T00:00:00+00:00
[2025-05-04T22:38:57.429+0000] {processor.py:183} INFO - Processing /opt/airflow/dags/batch_processing.py took 0.061 seconds
[2025-05-04T22:39:28.236+0000] {processor.py:161} INFO - Started process (PID=375) to work on /opt/airflow/dags/batch_processing.py
[2025-05-04T22:39:28.238+0000] {processor.py:830} INFO - Processing file /opt/airflow/dags/batch_processing.py for tasks to queue
[2025-05-04T22:39:28.241+0000] {logging_mixin.py:188} INFO - [2025-05-04T22:39:28.241+0000] {dagbag.py:538} INFO - Filling up the DagBag from /opt/airflow/dags/batch_processing.py
[2025-05-04T22:39:28.247+0000] {processor.py:840} INFO - DAG(s) 'batch_processing_pipeline' retrieved from /opt/airflow/dags/batch_processing.py
[2025-05-04T22:39:28.260+0000] {logging_mixin.py:188} INFO - [2025-05-04T22:39:28.260+0000] {dag.py:3033} INFO - Sync 1 DAGs
[2025-05-04T22:39:28.277+0000] {logging_mixin.py:188} INFO - [2025-05-04T22:39:28.277+0000] {dag.py:3820} INFO - Setting next_dagrun for batch_processing_pipeline to 2025-05-04T00:00:00+00:00, run_after=2025-05-05T00:00:00+00:00
[2025-05-04T22:39:28.288+0000] {processor.py:183} INFO - Processing /opt/airflow/dags/batch_processing.py took 0.056 seconds
[2025-05-04T22:39:59.001+0000] {processor.py:161} INFO - Started process (PID=432) to work on /opt/airflow/dags/batch_processing.py
[2025-05-04T22:39:59.003+0000] {processor.py:830} INFO - Processing file /opt/airflow/dags/batch_processing.py for tasks to queue
[2025-05-04T22:39:59.008+0000] {logging_mixin.py:188} INFO - [2025-05-04T22:39:59.007+0000] {dagbag.py:538} INFO - Filling up the DagBag from /opt/airflow/dags/batch_processing.py
[2025-05-04T22:39:59.021+0000] {processor.py:840} INFO - DAG(s) 'batch_processing_pipeline' retrieved from /opt/airflow/dags/batch_processing.py
[2025-05-04T22:39:59.041+0000] {logging_mixin.py:188} INFO - [2025-05-04T22:39:59.041+0000] {dag.py:3033} INFO - Sync 1 DAGs
[2025-05-04T22:39:59.062+0000] {logging_mixin.py:188} INFO - [2025-05-04T22:39:59.062+0000] {dag.py:3820} INFO - Setting next_dagrun for batch_processing_pipeline to 2025-05-04T00:00:00+00:00, run_after=2025-05-05T00:00:00+00:00
[2025-05-04T22:39:59.075+0000] {processor.py:183} INFO - Processing /opt/airflow/dags/batch_processing.py took 0.081 seconds
[2025-05-04T22:40:29.876+0000] {processor.py:161} INFO - Started process (PID=488) to work on /opt/airflow/dags/batch_processing.py
[2025-05-04T22:40:29.877+0000] {processor.py:830} INFO - Processing file /opt/airflow/dags/batch_processing.py for tasks to queue
[2025-05-04T22:40:29.880+0000] {logging_mixin.py:188} INFO - [2025-05-04T22:40:29.879+0000] {dagbag.py:538} INFO - Filling up the DagBag from /opt/airflow/dags/batch_processing.py
[2025-05-04T22:40:29.891+0000] {processor.py:840} INFO - DAG(s) 'batch_processing_pipeline' retrieved from /opt/airflow/dags/batch_processing.py
[2025-05-04T22:40:29.914+0000] {logging_mixin.py:188} INFO - [2025-05-04T22:40:29.914+0000] {dag.py:3033} INFO - Sync 1 DAGs
[2025-05-04T22:40:29.933+0000] {logging_mixin.py:188} INFO - [2025-05-04T22:40:29.933+0000] {dag.py:3820} INFO - Setting next_dagrun for batch_processing_pipeline to 2025-05-04T00:00:00+00:00, run_after=2025-05-05T00:00:00+00:00
[2025-05-04T22:40:29.947+0000] {processor.py:183} INFO - Processing /opt/airflow/dags/batch_processing.py took 0.075 seconds
[2025-05-04T22:41:00.127+0000] {processor.py:161} INFO - Started process (PID=544) to work on /opt/airflow/dags/batch_processing.py
[2025-05-04T22:41:00.128+0000] {processor.py:830} INFO - Processing file /opt/airflow/dags/batch_processing.py for tasks to queue
[2025-05-04T22:41:00.136+0000] {logging_mixin.py:188} INFO - [2025-05-04T22:41:00.136+0000] {dagbag.py:538} INFO - Filling up the DagBag from /opt/airflow/dags/batch_processing.py
[2025-05-04T22:41:00.146+0000] {processor.py:840} INFO - DAG(s) 'batch_processing_pipeline' retrieved from /opt/airflow/dags/batch_processing.py
[2025-05-04T22:41:00.166+0000] {logging_mixin.py:188} INFO - [2025-05-04T22:41:00.166+0000] {dag.py:3033} INFO - Sync 1 DAGs
[2025-05-04T22:41:00.180+0000] {logging_mixin.py:188} INFO - [2025-05-04T22:41:00.180+0000] {dag.py:3820} INFO - Setting next_dagrun for batch_processing_pipeline to 2025-05-04T00:00:00+00:00, run_after=2025-05-05T00:00:00+00:00
[2025-05-04T22:41:00.193+0000] {processor.py:183} INFO - Processing /opt/airflow/dags/batch_processing.py took 0.070 seconds
[2025-05-04T22:41:30.946+0000] {processor.py:161} INFO - Started process (PID=600) to work on /opt/airflow/dags/batch_processing.py
[2025-05-04T22:41:30.946+0000] {processor.py:830} INFO - Processing file /opt/airflow/dags/batch_processing.py for tasks to queue
[2025-05-04T22:41:30.949+0000] {logging_mixin.py:188} INFO - [2025-05-04T22:41:30.949+0000] {dagbag.py:538} INFO - Filling up the DagBag from /opt/airflow/dags/batch_processing.py
[2025-05-04T22:41:30.956+0000] {processor.py:840} INFO - DAG(s) 'batch_processing_pipeline' retrieved from /opt/airflow/dags/batch_processing.py
[2025-05-04T22:41:30.972+0000] {logging_mixin.py:188} INFO - [2025-05-04T22:41:30.972+0000] {dag.py:3033} INFO - Sync 1 DAGs
[2025-05-04T22:41:30.988+0000] {logging_mixin.py:188} INFO - [2025-05-04T22:41:30.987+0000] {dag.py:3820} INFO - Setting next_dagrun for batch_processing_pipeline to 2025-05-04T00:00:00+00:00, run_after=2025-05-05T00:00:00+00:00
[2025-05-04T22:41:31.000+0000] {processor.py:183} INFO - Processing /opt/airflow/dags/batch_processing.py took 0.058 seconds
[2025-05-04T22:42:01.719+0000] {processor.py:161} INFO - Started process (PID=656) to work on /opt/airflow/dags/batch_processing.py
[2025-05-04T22:42:01.720+0000] {processor.py:830} INFO - Processing file /opt/airflow/dags/batch_processing.py for tasks to queue
[2025-05-04T22:42:01.725+0000] {logging_mixin.py:188} INFO - [2025-05-04T22:42:01.724+0000] {dagbag.py:538} INFO - Filling up the DagBag from /opt/airflow/dags/batch_processing.py
[2025-05-04T22:42:01.740+0000] {processor.py:840} INFO - DAG(s) 'batch_processing_pipeline' retrieved from /opt/airflow/dags/batch_processing.py
[2025-05-04T22:42:01.775+0000] {logging_mixin.py:188} INFO - [2025-05-04T22:42:01.775+0000] {dag.py:3033} INFO - Sync 1 DAGs
[2025-05-04T22:42:01.793+0000] {logging_mixin.py:188} INFO - [2025-05-04T22:42:01.793+0000] {dag.py:3820} INFO - Setting next_dagrun for batch_processing_pipeline to 2025-05-04T00:00:00+00:00, run_after=2025-05-05T00:00:00+00:00
[2025-05-04T22:42:01.809+0000] {processor.py:183} INFO - Processing /opt/airflow/dags/batch_processing.py took 0.095 seconds
[2025-05-04T22:42:32.543+0000] {processor.py:161} INFO - Started process (PID=712) to work on /opt/airflow/dags/batch_processing.py
[2025-05-04T22:42:32.544+0000] {processor.py:830} INFO - Processing file /opt/airflow/dags/batch_processing.py for tasks to queue
[2025-05-04T22:42:32.546+0000] {logging_mixin.py:188} INFO - [2025-05-04T22:42:32.546+0000] {dagbag.py:538} INFO - Filling up the DagBag from /opt/airflow/dags/batch_processing.py
[2025-05-04T22:42:32.552+0000] {processor.py:840} INFO - DAG(s) 'batch_processing_pipeline' retrieved from /opt/airflow/dags/batch_processing.py
[2025-05-04T22:42:32.572+0000] {logging_mixin.py:188} INFO - [2025-05-04T22:42:32.572+0000] {dag.py:3033} INFO - Sync 1 DAGs
[2025-05-04T22:42:32.588+0000] {logging_mixin.py:188} INFO - [2025-05-04T22:42:32.588+0000] {dag.py:3820} INFO - Setting next_dagrun for batch_processing_pipeline to 2025-05-04T00:00:00+00:00, run_after=2025-05-05T00:00:00+00:00
[2025-05-04T22:42:32.600+0000] {processor.py:183} INFO - Processing /opt/airflow/dags/batch_processing.py took 0.062 seconds
[2025-05-04T22:43:03.330+0000] {processor.py:161} INFO - Started process (PID=768) to work on /opt/airflow/dags/batch_processing.py
[2025-05-04T22:43:03.332+0000] {processor.py:830} INFO - Processing file /opt/airflow/dags/batch_processing.py for tasks to queue
[2025-05-04T22:43:03.335+0000] {logging_mixin.py:188} INFO - [2025-05-04T22:43:03.335+0000] {dagbag.py:538} INFO - Filling up the DagBag from /opt/airflow/dags/batch_processing.py
[2025-05-04T22:43:03.346+0000] {processor.py:840} INFO - DAG(s) 'batch_processing_pipeline' retrieved from /opt/airflow/dags/batch_processing.py
[2025-05-04T22:43:03.366+0000] {logging_mixin.py:188} INFO - [2025-05-04T22:43:03.366+0000] {dag.py:3033} INFO - Sync 1 DAGs
[2025-05-04T22:43:03.382+0000] {logging_mixin.py:188} INFO - [2025-05-04T22:43:03.382+0000] {dag.py:3820} INFO - Setting next_dagrun for batch_processing_pipeline to 2025-05-04T00:00:00+00:00, run_after=2025-05-05T00:00:00+00:00
[2025-05-04T22:43:03.396+0000] {processor.py:183} INFO - Processing /opt/airflow/dags/batch_processing.py took 0.072 seconds
[2025-05-04T22:43:34.283+0000] {processor.py:161} INFO - Started process (PID=824) to work on /opt/airflow/dags/batch_processing.py
[2025-05-04T22:43:34.284+0000] {processor.py:830} INFO - Processing file /opt/airflow/dags/batch_processing.py for tasks to queue
[2025-05-04T22:43:34.287+0000] {logging_mixin.py:188} INFO - [2025-05-04T22:43:34.287+0000] {dagbag.py:538} INFO - Filling up the DagBag from /opt/airflow/dags/batch_processing.py
[2025-05-04T22:43:34.294+0000] {processor.py:840} INFO - DAG(s) 'batch_processing_pipeline' retrieved from /opt/airflow/dags/batch_processing.py
[2025-05-04T22:43:34.313+0000] {logging_mixin.py:188} INFO - [2025-05-04T22:43:34.313+0000] {dag.py:3033} INFO - Sync 1 DAGs
[2025-05-04T22:43:34.330+0000] {logging_mixin.py:188} INFO - [2025-05-04T22:43:34.330+0000] {dag.py:3820} INFO - Setting next_dagrun for batch_processing_pipeline to 2025-05-04T00:00:00+00:00, run_after=2025-05-05T00:00:00+00:00
[2025-05-04T22:43:34.344+0000] {processor.py:183} INFO - Processing /opt/airflow/dags/batch_processing.py took 0.067 seconds
[2025-05-04T22:44:05.185+0000] {processor.py:161} INFO - Started process (PID=880) to work on /opt/airflow/dags/batch_processing.py
[2025-05-04T22:44:05.186+0000] {processor.py:830} INFO - Processing file /opt/airflow/dags/batch_processing.py for tasks to queue
[2025-05-04T22:44:05.189+0000] {logging_mixin.py:188} INFO - [2025-05-04T22:44:05.189+0000] {dagbag.py:538} INFO - Filling up the DagBag from /opt/airflow/dags/batch_processing.py
[2025-05-04T22:44:05.197+0000] {processor.py:840} INFO - DAG(s) 'batch_processing_pipeline' retrieved from /opt/airflow/dags/batch_processing.py
[2025-05-04T22:44:05.215+0000] {logging_mixin.py:188} INFO - [2025-05-04T22:44:05.215+0000] {dag.py:3033} INFO - Sync 1 DAGs
[2025-05-04T22:44:05.230+0000] {logging_mixin.py:188} INFO - [2025-05-04T22:44:05.229+0000] {dag.py:3820} INFO - Setting next_dagrun for batch_processing_pipeline to 2025-05-04T00:00:00+00:00, run_after=2025-05-05T00:00:00+00:00
[2025-05-04T22:44:05.243+0000] {processor.py:183} INFO - Processing /opt/airflow/dags/batch_processing.py took 0.064 seconds
[2025-05-04T22:44:35.968+0000] {processor.py:161} INFO - Started process (PID=936) to work on /opt/airflow/dags/batch_processing.py
[2025-05-04T22:44:35.969+0000] {processor.py:830} INFO - Processing file /opt/airflow/dags/batch_processing.py for tasks to queue
[2025-05-04T22:44:35.972+0000] {logging_mixin.py:188} INFO - [2025-05-04T22:44:35.972+0000] {dagbag.py:538} INFO - Filling up the DagBag from /opt/airflow/dags/batch_processing.py
[2025-05-04T22:44:35.979+0000] {processor.py:840} INFO - DAG(s) 'batch_processing_pipeline' retrieved from /opt/airflow/dags/batch_processing.py
[2025-05-04T22:44:36.005+0000] {logging_mixin.py:188} INFO - [2025-05-04T22:44:36.004+0000] {dag.py:3033} INFO - Sync 1 DAGs
[2025-05-04T22:44:36.022+0000] {logging_mixin.py:188} INFO - [2025-05-04T22:44:36.022+0000] {dag.py:3820} INFO - Setting next_dagrun for batch_processing_pipeline to 2025-05-04T00:00:00+00:00, run_after=2025-05-05T00:00:00+00:00
[2025-05-04T22:44:36.035+0000] {processor.py:183} INFO - Processing /opt/airflow/dags/batch_processing.py took 0.074 seconds
[2025-05-04T22:45:06.792+0000] {processor.py:161} INFO - Started process (PID=992) to work on /opt/airflow/dags/batch_processing.py
[2025-05-04T22:45:06.793+0000] {processor.py:830} INFO - Processing file /opt/airflow/dags/batch_processing.py for tasks to queue
[2025-05-04T22:45:06.797+0000] {logging_mixin.py:188} INFO - [2025-05-04T22:45:06.796+0000] {dagbag.py:538} INFO - Filling up the DagBag from /opt/airflow/dags/batch_processing.py
[2025-05-04T22:45:06.808+0000] {processor.py:840} INFO - DAG(s) 'batch_processing_pipeline' retrieved from /opt/airflow/dags/batch_processing.py
[2025-05-04T22:45:06.823+0000] {logging_mixin.py:188} INFO - [2025-05-04T22:45:06.823+0000] {dag.py:3033} INFO - Sync 1 DAGs
[2025-05-04T22:45:06.841+0000] {logging_mixin.py:188} INFO - [2025-05-04T22:45:06.841+0000] {dag.py:3820} INFO - Setting next_dagrun for batch_processing_pipeline to 2025-05-04T00:00:00+00:00, run_after=2025-05-05T00:00:00+00:00
[2025-05-04T22:45:06.855+0000] {processor.py:183} INFO - Processing /opt/airflow/dags/batch_processing.py took 0.070 seconds
[2025-05-04T22:45:37.648+0000] {processor.py:161} INFO - Started process (PID=1048) to work on /opt/airflow/dags/batch_processing.py
[2025-05-04T22:45:37.649+0000] {processor.py:830} INFO - Processing file /opt/airflow/dags/batch_processing.py for tasks to queue
[2025-05-04T22:45:37.651+0000] {logging_mixin.py:188} INFO - [2025-05-04T22:45:37.651+0000] {dagbag.py:538} INFO - Filling up the DagBag from /opt/airflow/dags/batch_processing.py
[2025-05-04T22:45:37.659+0000] {processor.py:840} INFO - DAG(s) 'batch_processing_pipeline' retrieved from /opt/airflow/dags/batch_processing.py
[2025-05-04T22:45:37.675+0000] {logging_mixin.py:188} INFO - [2025-05-04T22:45:37.675+0000] {dag.py:3033} INFO - Sync 1 DAGs
[2025-05-04T22:45:37.695+0000] {logging_mixin.py:188} INFO - [2025-05-04T22:45:37.695+0000] {dag.py:3820} INFO - Setting next_dagrun for batch_processing_pipeline to 2025-05-04T00:00:00+00:00, run_after=2025-05-05T00:00:00+00:00
[2025-05-04T22:45:37.711+0000] {processor.py:183} INFO - Processing /opt/airflow/dags/batch_processing.py took 0.069 seconds
[2025-05-04T22:46:30.259+0000] {processor.py:161} INFO - Started process (PID=34) to work on /opt/airflow/dags/batch_processing.py
[2025-05-04T22:46:30.262+0000] {processor.py:830} INFO - Processing file /opt/airflow/dags/batch_processing.py for tasks to queue
[2025-05-04T22:46:30.265+0000] {logging_mixin.py:188} INFO - [2025-05-04T22:46:30.265+0000] {dagbag.py:538} INFO - Filling up the DagBag from /opt/airflow/dags/batch_processing.py
[2025-05-04T22:46:30.276+0000] {processor.py:840} INFO - DAG(s) 'batch_processing_pipeline' retrieved from /opt/airflow/dags/batch_processing.py
[2025-05-04T22:46:30.366+0000] {logging_mixin.py:188} INFO - [2025-05-04T22:46:30.366+0000] {dag.py:3033} INFO - Sync 1 DAGs
[2025-05-04T22:46:30.396+0000] {logging_mixin.py:188} INFO - [2025-05-04T22:46:30.396+0000] {dag.py:3820} INFO - Setting next_dagrun for batch_processing_pipeline to 2025-05-04T00:00:00+00:00, run_after=2025-05-05T00:00:00+00:00
[2025-05-04T22:46:30.477+0000] {processor.py:183} INFO - Processing /opt/airflow/dags/batch_processing.py took 0.221 seconds
[2025-05-04T22:46:54.912+0000] {processor.py:161} INFO - Started process (PID=34) to work on /opt/airflow/dags/batch_processing.py
[2025-05-04T22:46:54.914+0000] {processor.py:830} INFO - Processing file /opt/airflow/dags/batch_processing.py for tasks to queue
[2025-05-04T22:46:54.919+0000] {logging_mixin.py:188} INFO - [2025-05-04T22:46:54.917+0000] {dagbag.py:538} INFO - Filling up the DagBag from /opt/airflow/dags/batch_processing.py
[2025-05-04T22:46:54.931+0000] {processor.py:840} INFO - DAG(s) 'batch_processing_pipeline' retrieved from /opt/airflow/dags/batch_processing.py
[2025-05-04T22:46:55.076+0000] {logging_mixin.py:188} INFO - [2025-05-04T22:46:55.076+0000] {dag.py:3033} INFO - Sync 1 DAGs
[2025-05-04T22:46:55.135+0000] {logging_mixin.py:188} INFO - [2025-05-04T22:46:55.135+0000] {dag.py:3820} INFO - Setting next_dagrun for batch_processing_pipeline to 2025-05-04T00:00:00+00:00, run_after=2025-05-05T00:00:00+00:00
[2025-05-04T22:46:55.198+0000] {processor.py:183} INFO - Processing /opt/airflow/dags/batch_processing.py took 0.291 seconds
[2025-05-04T22:47:25.502+0000] {processor.py:161} INFO - Started process (PID=95) to work on /opt/airflow/dags/batch_processing.py
[2025-05-04T22:47:25.504+0000] {processor.py:830} INFO - Processing file /opt/airflow/dags/batch_processing.py for tasks to queue
[2025-05-04T22:47:25.509+0000] {logging_mixin.py:188} INFO - [2025-05-04T22:47:25.508+0000] {dagbag.py:538} INFO - Filling up the DagBag from /opt/airflow/dags/batch_processing.py
[2025-05-04T22:47:25.518+0000] {processor.py:840} INFO - DAG(s) 'batch_processing_pipeline' retrieved from /opt/airflow/dags/batch_processing.py
[2025-05-04T22:47:25.553+0000] {logging_mixin.py:188} INFO - [2025-05-04T22:47:25.553+0000] {dag.py:3033} INFO - Sync 1 DAGs
[2025-05-04T22:47:25.612+0000] {logging_mixin.py:188} INFO - [2025-05-04T22:47:25.612+0000] {dag.py:3820} INFO - Setting next_dagrun for batch_processing_pipeline to 2025-05-04T00:00:00+00:00, run_after=2025-05-05T00:00:00+00:00
[2025-05-04T22:47:25.637+0000] {processor.py:183} INFO - Processing /opt/airflow/dags/batch_processing.py took 0.148 seconds
[2025-05-04T22:47:50.769+0000] {processor.py:161} INFO - Started process (PID=34) to work on /opt/airflow/dags/batch_processing.py
[2025-05-04T22:47:50.770+0000] {processor.py:830} INFO - Processing file /opt/airflow/dags/batch_processing.py for tasks to queue
[2025-05-04T22:47:50.774+0000] {logging_mixin.py:188} INFO - [2025-05-04T22:47:50.773+0000] {dagbag.py:538} INFO - Filling up the DagBag from /opt/airflow/dags/batch_processing.py
[2025-05-04T22:47:50.785+0000] {processor.py:840} INFO - DAG(s) 'batch_processing_pipeline' retrieved from /opt/airflow/dags/batch_processing.py
[2025-05-04T22:47:50.862+0000] {logging_mixin.py:188} INFO - [2025-05-04T22:47:50.862+0000] {dag.py:3033} INFO - Sync 1 DAGs
[2025-05-04T22:47:50.876+0000] {logging_mixin.py:188} INFO - [2025-05-04T22:47:50.875+0000] {dag.py:3820} INFO - Setting next_dagrun for batch_processing_pipeline to 2025-05-04T00:00:00+00:00, run_after=2025-05-05T00:00:00+00:00
[2025-05-04T22:47:50.898+0000] {processor.py:183} INFO - Processing /opt/airflow/dags/batch_processing.py took 0.135 seconds
[2025-05-04T22:48:02.117+0000] {processor.py:161} INFO - Started process (PID=90) to work on /opt/airflow/dags/batch_processing.py
[2025-05-04T22:48:02.119+0000] {processor.py:830} INFO - Processing file /opt/airflow/dags/batch_processing.py for tasks to queue
[2025-05-04T22:48:02.122+0000] {logging_mixin.py:188} INFO - [2025-05-04T22:48:02.122+0000] {dagbag.py:538} INFO - Filling up the DagBag from /opt/airflow/dags/batch_processing.py
[2025-05-04T22:48:02.136+0000] {processor.py:840} INFO - DAG(s) 'batch_processing_pipeline' retrieved from /opt/airflow/dags/batch_processing.py
[2025-05-04T22:48:02.147+0000] {logging_mixin.py:188} INFO - [2025-05-04T22:48:02.147+0000] {dag.py:3033} INFO - Sync 1 DAGs
[2025-05-04T22:48:02.164+0000] {logging_mixin.py:188} INFO - [2025-05-04T22:48:02.164+0000] {dag.py:3820} INFO - Setting next_dagrun for batch_processing_pipeline to 2025-05-04T00:00:00+00:00, run_after=2025-05-05T00:00:00+00:00
[2025-05-04T22:48:02.173+0000] {processor.py:183} INFO - Processing /opt/airflow/dags/batch_processing.py took 0.063 seconds
[2025-05-04T22:48:32.417+0000] {processor.py:161} INFO - Started process (PID=146) to work on /opt/airflow/dags/batch_processing.py
[2025-05-04T22:48:32.418+0000] {processor.py:830} INFO - Processing file /opt/airflow/dags/batch_processing.py for tasks to queue
[2025-05-04T22:48:32.421+0000] {logging_mixin.py:188} INFO - [2025-05-04T22:48:32.421+0000] {dagbag.py:538} INFO - Filling up the DagBag from /opt/airflow/dags/batch_processing.py
[2025-05-04T22:48:32.428+0000] {processor.py:840} INFO - DAG(s) 'batch_processing_pipeline' retrieved from /opt/airflow/dags/batch_processing.py
[2025-05-04T22:48:32.478+0000] {logging_mixin.py:188} INFO - [2025-05-04T22:48:32.478+0000] {dag.py:3033} INFO - Sync 1 DAGs
[2025-05-04T22:48:32.487+0000] {logging_mixin.py:188} INFO - [2025-05-04T22:48:32.487+0000] {dag.py:3820} INFO - Setting next_dagrun for batch_processing_pipeline to 2025-05-04T00:00:00+00:00, run_after=2025-05-05T00:00:00+00:00
[2025-05-04T22:48:32.494+0000] {processor.py:183} INFO - Processing /opt/airflow/dags/batch_processing.py took 0.081 seconds
[2025-05-04T22:49:03.270+0000] {processor.py:161} INFO - Started process (PID=202) to work on /opt/airflow/dags/batch_processing.py
[2025-05-04T22:49:03.271+0000] {processor.py:830} INFO - Processing file /opt/airflow/dags/batch_processing.py for tasks to queue
[2025-05-04T22:49:03.274+0000] {logging_mixin.py:188} INFO - [2025-05-04T22:49:03.274+0000] {dagbag.py:538} INFO - Filling up the DagBag from /opt/airflow/dags/batch_processing.py
[2025-05-04T22:49:03.281+0000] {processor.py:840} INFO - DAG(s) 'batch_processing_pipeline' retrieved from /opt/airflow/dags/batch_processing.py
[2025-05-04T22:49:03.295+0000] {logging_mixin.py:188} INFO - [2025-05-04T22:49:03.294+0000] {dag.py:3033} INFO - Sync 1 DAGs
[2025-05-04T22:49:03.306+0000] {logging_mixin.py:188} INFO - [2025-05-04T22:49:03.305+0000] {dag.py:3820} INFO - Setting next_dagrun for batch_processing_pipeline to 2025-05-04T00:00:00+00:00, run_after=2025-05-05T00:00:00+00:00
[2025-05-04T22:49:03.313+0000] {processor.py:183} INFO - Processing /opt/airflow/dags/batch_processing.py took 0.047 seconds
[2025-05-04T22:49:34.028+0000] {processor.py:161} INFO - Started process (PID=258) to work on /opt/airflow/dags/batch_processing.py
[2025-05-04T22:49:34.029+0000] {processor.py:830} INFO - Processing file /opt/airflow/dags/batch_processing.py for tasks to queue
[2025-05-04T22:49:34.031+0000] {logging_mixin.py:188} INFO - [2025-05-04T22:49:34.031+0000] {dagbag.py:538} INFO - Filling up the DagBag from /opt/airflow/dags/batch_processing.py
[2025-05-04T22:49:34.037+0000] {processor.py:840} INFO - DAG(s) 'batch_processing_pipeline' retrieved from /opt/airflow/dags/batch_processing.py
[2025-05-04T22:49:34.051+0000] {logging_mixin.py:188} INFO - [2025-05-04T22:49:34.051+0000] {dag.py:3033} INFO - Sync 1 DAGs
[2025-05-04T22:49:34.062+0000] {logging_mixin.py:188} INFO - [2025-05-04T22:49:34.062+0000] {dag.py:3820} INFO - Setting next_dagrun for batch_processing_pipeline to 2025-05-04T00:00:00+00:00, run_after=2025-05-05T00:00:00+00:00
[2025-05-04T22:49:34.069+0000] {processor.py:183} INFO - Processing /opt/airflow/dags/batch_processing.py took 0.046 seconds
[2025-05-04T22:50:04.656+0000] {processor.py:161} INFO - Started process (PID=314) to work on /opt/airflow/dags/batch_processing.py
[2025-05-04T22:50:04.657+0000] {processor.py:830} INFO - Processing file /opt/airflow/dags/batch_processing.py for tasks to queue
[2025-05-04T22:50:04.660+0000] {logging_mixin.py:188} INFO - [2025-05-04T22:50:04.660+0000] {dagbag.py:538} INFO - Filling up the DagBag from /opt/airflow/dags/batch_processing.py
[2025-05-04T22:50:04.666+0000] {processor.py:840} INFO - DAG(s) 'batch_processing_pipeline' retrieved from /opt/airflow/dags/batch_processing.py
[2025-05-04T22:50:04.685+0000] {logging_mixin.py:188} INFO - [2025-05-04T22:50:04.685+0000] {dag.py:3033} INFO - Sync 1 DAGs
[2025-05-04T22:50:04.697+0000] {logging_mixin.py:188} INFO - [2025-05-04T22:50:04.697+0000] {dag.py:3820} INFO - Setting next_dagrun for batch_processing_pipeline to 2025-05-04T00:00:00+00:00, run_after=2025-05-05T00:00:00+00:00
[2025-05-04T22:50:04.705+0000] {processor.py:183} INFO - Processing /opt/airflow/dags/batch_processing.py took 0.054 seconds
[2025-05-04T22:50:26.503+0000] {processor.py:161} INFO - Started process (PID=370) to work on /opt/airflow/dags/batch_processing.py
[2025-05-04T22:50:26.504+0000] {processor.py:830} INFO - Processing file /opt/airflow/dags/batch_processing.py for tasks to queue
[2025-05-04T22:50:26.505+0000] {logging_mixin.py:188} INFO - [2025-05-04T22:50:26.505+0000] {dagbag.py:538} INFO - Filling up the DagBag from /opt/airflow/dags/batch_processing.py
[2025-05-04T22:50:26.508+0000] {processor.py:840} INFO - DAG(s) 'batch_processing_pipeline' retrieved from /opt/airflow/dags/batch_processing.py
[2025-05-04T22:50:26.544+0000] {logging_mixin.py:188} INFO - [2025-05-04T22:50:26.544+0000] {dag.py:3033} INFO - Sync 1 DAGs
[2025-05-04T22:50:26.551+0000] {logging_mixin.py:188} INFO - [2025-05-04T22:50:26.551+0000] {dag.py:3820} INFO - Setting next_dagrun for batch_processing_pipeline to 2025-05-04T00:00:00+00:00, run_after=2025-05-05T00:00:00+00:00
[2025-05-04T22:50:26.559+0000] {processor.py:183} INFO - Processing /opt/airflow/dags/batch_processing.py took 0.057 seconds
[2025-05-04T22:50:57.354+0000] {processor.py:161} INFO - Started process (PID=34) to work on /opt/airflow/dags/batch_processing.py
[2025-05-04T22:50:57.356+0000] {processor.py:830} INFO - Processing file /opt/airflow/dags/batch_processing.py for tasks to queue
[2025-05-04T22:50:57.359+0000] {logging_mixin.py:188} INFO - [2025-05-04T22:50:57.358+0000] {dagbag.py:538} INFO - Filling up the DagBag from /opt/airflow/dags/batch_processing.py
[2025-05-04T22:50:57.394+0000] {processor.py:840} INFO - DAG(s) 'batch_processing_pipeline' retrieved from /opt/airflow/dags/batch_processing.py
[2025-05-04T22:50:57.472+0000] {logging_mixin.py:188} INFO - [2025-05-04T22:50:57.471+0000] {dag.py:3033} INFO - Sync 1 DAGs
[2025-05-04T22:50:57.494+0000] {logging_mixin.py:188} INFO - [2025-05-04T22:50:57.494+0000] {dag.py:3820} INFO - Setting next_dagrun for batch_processing_pipeline to 2025-05-04T00:00:00+00:00, run_after=2025-05-05T00:00:00+00:00
[2025-05-04T22:50:57.513+0000] {processor.py:183} INFO - Processing /opt/airflow/dags/batch_processing.py took 0.165 seconds
[2025-05-04T22:51:27.772+0000] {processor.py:161} INFO - Started process (PID=90) to work on /opt/airflow/dags/batch_processing.py
[2025-05-04T22:51:27.776+0000] {processor.py:830} INFO - Processing file /opt/airflow/dags/batch_processing.py for tasks to queue
[2025-05-04T22:51:27.780+0000] {logging_mixin.py:188} INFO - [2025-05-04T22:51:27.780+0000] {dagbag.py:538} INFO - Filling up the DagBag from /opt/airflow/dags/batch_processing.py
[2025-05-04T22:51:27.787+0000] {processor.py:840} INFO - DAG(s) 'batch_processing_pipeline' retrieved from /opt/airflow/dags/batch_processing.py
[2025-05-04T22:51:27.810+0000] {logging_mixin.py:188} INFO - [2025-05-04T22:51:27.810+0000] {dag.py:3033} INFO - Sync 1 DAGs
[2025-05-04T22:51:27.827+0000] {logging_mixin.py:188} INFO - [2025-05-04T22:51:27.827+0000] {dag.py:3820} INFO - Setting next_dagrun for batch_processing_pipeline to 2025-05-04T00:00:00+00:00, run_after=2025-05-05T00:00:00+00:00
[2025-05-04T22:51:27.835+0000] {processor.py:183} INFO - Processing /opt/airflow/dags/batch_processing.py took 0.068 seconds
[2025-05-04T22:51:58.215+0000] {processor.py:161} INFO - Started process (PID=152) to work on /opt/airflow/dags/batch_processing.py
[2025-05-04T22:51:58.217+0000] {processor.py:830} INFO - Processing file /opt/airflow/dags/batch_processing.py for tasks to queue
[2025-05-04T22:51:58.221+0000] {logging_mixin.py:188} INFO - [2025-05-04T22:51:58.221+0000] {dagbag.py:538} INFO - Filling up the DagBag from /opt/airflow/dags/batch_processing.py
[2025-05-04T22:51:58.230+0000] {processor.py:840} INFO - DAG(s) 'batch_processing_pipeline' retrieved from /opt/airflow/dags/batch_processing.py
[2025-05-04T22:51:58.249+0000] {logging_mixin.py:188} INFO - [2025-05-04T22:51:58.249+0000] {dag.py:3033} INFO - Sync 1 DAGs
[2025-05-04T22:51:58.260+0000] {logging_mixin.py:188} INFO - [2025-05-04T22:51:58.260+0000] {dag.py:3820} INFO - Setting next_dagrun for batch_processing_pipeline to 2025-05-04T00:00:00+00:00, run_after=2025-05-05T00:00:00+00:00
[2025-05-04T22:51:58.272+0000] {processor.py:183} INFO - Processing /opt/airflow/dags/batch_processing.py took 0.063 seconds
[2025-05-04T22:52:28.999+0000] {processor.py:161} INFO - Started process (PID=208) to work on /opt/airflow/dags/batch_processing.py
[2025-05-04T22:52:29.001+0000] {processor.py:830} INFO - Processing file /opt/airflow/dags/batch_processing.py for tasks to queue
[2025-05-04T22:52:29.005+0000] {logging_mixin.py:188} INFO - [2025-05-04T22:52:29.005+0000] {dagbag.py:538} INFO - Filling up the DagBag from /opt/airflow/dags/batch_processing.py
[2025-05-04T22:52:29.013+0000] {processor.py:840} INFO - DAG(s) 'batch_processing_pipeline' retrieved from /opt/airflow/dags/batch_processing.py
[2025-05-04T22:52:29.030+0000] {logging_mixin.py:188} INFO - [2025-05-04T22:52:29.030+0000] {dag.py:3033} INFO - Sync 1 DAGs
[2025-05-04T22:52:29.044+0000] {logging_mixin.py:188} INFO - [2025-05-04T22:52:29.044+0000] {dag.py:3820} INFO - Setting next_dagrun for batch_processing_pipeline to 2025-05-04T00:00:00+00:00, run_after=2025-05-05T00:00:00+00:00
[2025-05-04T22:52:29.055+0000] {processor.py:183} INFO - Processing /opt/airflow/dags/batch_processing.py took 0.063 seconds
[2025-05-04T22:52:59.645+0000] {processor.py:161} INFO - Started process (PID=264) to work on /opt/airflow/dags/batch_processing.py
[2025-05-04T22:52:59.648+0000] {processor.py:830} INFO - Processing file /opt/airflow/dags/batch_processing.py for tasks to queue
[2025-05-04T22:52:59.651+0000] {logging_mixin.py:188} INFO - [2025-05-04T22:52:59.650+0000] {dagbag.py:538} INFO - Filling up the DagBag from /opt/airflow/dags/batch_processing.py
[2025-05-04T22:52:59.660+0000] {processor.py:840} INFO - DAG(s) 'batch_processing_pipeline' retrieved from /opt/airflow/dags/batch_processing.py
[2025-05-04T22:52:59.675+0000] {logging_mixin.py:188} INFO - [2025-05-04T22:52:59.675+0000] {dag.py:3033} INFO - Sync 1 DAGs
[2025-05-04T22:52:59.689+0000] {logging_mixin.py:188} INFO - [2025-05-04T22:52:59.689+0000] {dag.py:3820} INFO - Setting next_dagrun for batch_processing_pipeline to 2025-05-04T00:00:00+00:00, run_after=2025-05-05T00:00:00+00:00
[2025-05-04T22:52:59.698+0000] {processor.py:183} INFO - Processing /opt/airflow/dags/batch_processing.py took 0.058 seconds
[2025-05-04T22:53:18.312+0000] {processor.py:161} INFO - Started process (PID=314) to work on /opt/airflow/dags/batch_processing.py
[2025-05-04T22:53:18.313+0000] {processor.py:830} INFO - Processing file /opt/airflow/dags/batch_processing.py for tasks to queue
[2025-05-04T22:53:18.316+0000] {logging_mixin.py:188} INFO - [2025-05-04T22:53:18.316+0000] {dagbag.py:538} INFO - Filling up the DagBag from /opt/airflow/dags/batch_processing.py
[2025-05-04T22:53:18.326+0000] {processor.py:840} INFO - DAG(s) 'batch_processing_pipeline' retrieved from /opt/airflow/dags/batch_processing.py
[2025-05-04T22:53:18.397+0000] {logging_mixin.py:188} INFO - [2025-05-04T22:53:18.397+0000] {dag.py:3033} INFO - Sync 1 DAGs
[2025-05-04T22:53:18.406+0000] {logging_mixin.py:188} INFO - [2025-05-04T22:53:18.406+0000] {dag.py:3820} INFO - Setting next_dagrun for batch_processing_pipeline to 2025-05-04T00:00:00+00:00, run_after=2025-05-05T00:00:00+00:00
[2025-05-04T22:53:18.415+0000] {processor.py:183} INFO - Processing /opt/airflow/dags/batch_processing.py took 0.109 seconds
[2025-05-04T22:57:59.682+0000] {processor.py:161} INFO - Started process (PID=40) to work on /opt/airflow/dags/batch_processing.py
[2025-05-04T22:57:59.684+0000] {processor.py:830} INFO - Processing file /opt/airflow/dags/batch_processing.py for tasks to queue
[2025-05-04T22:57:59.686+0000] {logging_mixin.py:188} INFO - [2025-05-04T22:57:59.686+0000] {dagbag.py:538} INFO - Filling up the DagBag from /opt/airflow/dags/batch_processing.py
[2025-05-04T22:57:59.697+0000] {processor.py:840} INFO - DAG(s) 'batch_processing_pipeline' retrieved from /opt/airflow/dags/batch_processing.py
[2025-05-04T22:57:59.819+0000] {logging_mixin.py:188} INFO - [2025-05-04T22:57:59.819+0000] {dag.py:3033} INFO - Sync 1 DAGs
[2025-05-04T22:57:59.832+0000] {logging_mixin.py:188} INFO - [2025-05-04T22:57:59.832+0000] {dag.py:3820} INFO - Setting next_dagrun for batch_processing_pipeline to 2025-05-04T00:00:00+00:00, run_after=2025-05-05T00:00:00+00:00
[2025-05-04T22:57:59.852+0000] {processor.py:183} INFO - Processing /opt/airflow/dags/batch_processing.py took 0.175 seconds
[2025-05-04T22:58:30.305+0000] {processor.py:161} INFO - Started process (PID=96) to work on /opt/airflow/dags/batch_processing.py
[2025-05-04T22:58:30.308+0000] {processor.py:830} INFO - Processing file /opt/airflow/dags/batch_processing.py for tasks to queue
[2025-05-04T22:58:30.310+0000] {logging_mixin.py:188} INFO - [2025-05-04T22:58:30.310+0000] {dagbag.py:538} INFO - Filling up the DagBag from /opt/airflow/dags/batch_processing.py
[2025-05-04T22:58:30.316+0000] {processor.py:840} INFO - DAG(s) 'batch_processing_pipeline' retrieved from /opt/airflow/dags/batch_processing.py
[2025-05-04T22:58:30.334+0000] {logging_mixin.py:188} INFO - [2025-05-04T22:58:30.334+0000] {dag.py:3033} INFO - Sync 1 DAGs
[2025-05-04T22:58:30.346+0000] {logging_mixin.py:188} INFO - [2025-05-04T22:58:30.346+0000] {dag.py:3820} INFO - Setting next_dagrun for batch_processing_pipeline to 2025-05-04T00:00:00+00:00, run_after=2025-05-05T00:00:00+00:00
[2025-05-04T22:58:30.355+0000] {processor.py:183} INFO - Processing /opt/airflow/dags/batch_processing.py took 0.052 seconds
[2025-05-04T22:59:00.793+0000] {processor.py:161} INFO - Started process (PID=152) to work on /opt/airflow/dags/batch_processing.py
[2025-05-04T22:59:00.795+0000] {processor.py:830} INFO - Processing file /opt/airflow/dags/batch_processing.py for tasks to queue
[2025-05-04T22:59:00.799+0000] {logging_mixin.py:188} INFO - [2025-05-04T22:59:00.798+0000] {dagbag.py:538} INFO - Filling up the DagBag from /opt/airflow/dags/batch_processing.py
[2025-05-04T22:59:00.806+0000] {processor.py:840} INFO - DAG(s) 'batch_processing_pipeline' retrieved from /opt/airflow/dags/batch_processing.py
[2025-05-04T22:59:00.820+0000] {logging_mixin.py:188} INFO - [2025-05-04T22:59:00.820+0000] {dag.py:3033} INFO - Sync 1 DAGs
[2025-05-04T22:59:00.833+0000] {logging_mixin.py:188} INFO - [2025-05-04T22:59:00.833+0000] {dag.py:3820} INFO - Setting next_dagrun for batch_processing_pipeline to 2025-05-04T00:00:00+00:00, run_after=2025-05-05T00:00:00+00:00
[2025-05-04T22:59:00.845+0000] {processor.py:183} INFO - Processing /opt/airflow/dags/batch_processing.py took 0.057 seconds
[2025-05-04T22:59:31.585+0000] {processor.py:161} INFO - Started process (PID=208) to work on /opt/airflow/dags/batch_processing.py
[2025-05-04T22:59:31.586+0000] {processor.py:830} INFO - Processing file /opt/airflow/dags/batch_processing.py for tasks to queue
[2025-05-04T22:59:31.589+0000] {logging_mixin.py:188} INFO - [2025-05-04T22:59:31.589+0000] {dagbag.py:538} INFO - Filling up the DagBag from /opt/airflow/dags/batch_processing.py
[2025-05-04T22:59:31.596+0000] {processor.py:840} INFO - DAG(s) 'batch_processing_pipeline' retrieved from /opt/airflow/dags/batch_processing.py
[2025-05-04T22:59:31.623+0000] {logging_mixin.py:188} INFO - [2025-05-04T22:59:31.623+0000] {dag.py:3033} INFO - Sync 1 DAGs
[2025-05-04T22:59:31.649+0000] {logging_mixin.py:188} INFO - [2025-05-04T22:59:31.649+0000] {dag.py:3820} INFO - Setting next_dagrun for batch_processing_pipeline to 2025-05-04T00:00:00+00:00, run_after=2025-05-05T00:00:00+00:00
[2025-05-04T22:59:31.670+0000] {processor.py:183} INFO - Processing /opt/airflow/dags/batch_processing.py took 0.089 seconds
[2025-05-04T23:00:02.420+0000] {processor.py:161} INFO - Started process (PID=264) to work on /opt/airflow/dags/batch_processing.py
[2025-05-04T23:00:02.423+0000] {processor.py:830} INFO - Processing file /opt/airflow/dags/batch_processing.py for tasks to queue
[2025-05-04T23:00:02.427+0000] {logging_mixin.py:188} INFO - [2025-05-04T23:00:02.427+0000] {dagbag.py:538} INFO - Filling up the DagBag from /opt/airflow/dags/batch_processing.py
[2025-05-04T23:00:02.436+0000] {processor.py:840} INFO - DAG(s) 'batch_processing_pipeline' retrieved from /opt/airflow/dags/batch_processing.py
[2025-05-04T23:00:02.453+0000] {logging_mixin.py:188} INFO - [2025-05-04T23:00:02.453+0000] {dag.py:3033} INFO - Sync 1 DAGs
[2025-05-04T23:00:02.467+0000] {logging_mixin.py:188} INFO - [2025-05-04T23:00:02.467+0000] {dag.py:3820} INFO - Setting next_dagrun for batch_processing_pipeline to 2025-05-04T00:00:00+00:00, run_after=2025-05-05T00:00:00+00:00
[2025-05-04T23:00:02.483+0000] {processor.py:183} INFO - Processing /opt/airflow/dags/batch_processing.py took 0.067 seconds
[2025-05-04T23:00:33.091+0000] {processor.py:161} INFO - Started process (PID=320) to work on /opt/airflow/dags/batch_processing.py
[2025-05-04T23:00:33.093+0000] {processor.py:830} INFO - Processing file /opt/airflow/dags/batch_processing.py for tasks to queue
[2025-05-04T23:00:33.098+0000] {logging_mixin.py:188} INFO - [2025-05-04T23:00:33.098+0000] {dagbag.py:538} INFO - Filling up the DagBag from /opt/airflow/dags/batch_processing.py
[2025-05-04T23:00:33.106+0000] {processor.py:840} INFO - DAG(s) 'batch_processing_pipeline' retrieved from /opt/airflow/dags/batch_processing.py
[2025-05-04T23:00:33.127+0000] {logging_mixin.py:188} INFO - [2025-05-04T23:00:33.127+0000] {dag.py:3033} INFO - Sync 1 DAGs
[2025-05-04T23:00:33.143+0000] {logging_mixin.py:188} INFO - [2025-05-04T23:00:33.142+0000] {dag.py:3820} INFO - Setting next_dagrun for batch_processing_pipeline to 2025-05-04T00:00:00+00:00, run_after=2025-05-05T00:00:00+00:00
[2025-05-04T23:00:33.157+0000] {processor.py:183} INFO - Processing /opt/airflow/dags/batch_processing.py took 0.072 seconds
[2025-05-04T23:01:03.840+0000] {processor.py:161} INFO - Started process (PID=382) to work on /opt/airflow/dags/batch_processing.py
[2025-05-04T23:01:03.844+0000] {processor.py:830} INFO - Processing file /opt/airflow/dags/batch_processing.py for tasks to queue
[2025-05-04T23:01:03.846+0000] {logging_mixin.py:188} INFO - [2025-05-04T23:01:03.846+0000] {dagbag.py:538} INFO - Filling up the DagBag from /opt/airflow/dags/batch_processing.py
[2025-05-04T23:01:03.856+0000] {processor.py:840} INFO - DAG(s) 'batch_processing_pipeline' retrieved from /opt/airflow/dags/batch_processing.py
[2025-05-04T23:01:03.869+0000] {logging_mixin.py:188} INFO - [2025-05-04T23:01:03.869+0000] {dag.py:3033} INFO - Sync 1 DAGs
[2025-05-04T23:01:03.884+0000] {logging_mixin.py:188} INFO - [2025-05-04T23:01:03.883+0000] {dag.py:3820} INFO - Setting next_dagrun for batch_processing_pipeline to 2025-05-04T00:00:00+00:00, run_after=2025-05-05T00:00:00+00:00
[2025-05-04T23:01:03.896+0000] {processor.py:183} INFO - Processing /opt/airflow/dags/batch_processing.py took 0.059 seconds
[2025-05-04T23:01:34.456+0000] {processor.py:161} INFO - Started process (PID=438) to work on /opt/airflow/dags/batch_processing.py
[2025-05-04T23:01:34.458+0000] {processor.py:830} INFO - Processing file /opt/airflow/dags/batch_processing.py for tasks to queue
[2025-05-04T23:01:34.461+0000] {logging_mixin.py:188} INFO - [2025-05-04T23:01:34.461+0000] {dagbag.py:538} INFO - Filling up the DagBag from /opt/airflow/dags/batch_processing.py
[2025-05-04T23:01:34.470+0000] {processor.py:840} INFO - DAG(s) 'batch_processing_pipeline' retrieved from /opt/airflow/dags/batch_processing.py
[2025-05-04T23:01:34.481+0000] {logging_mixin.py:188} INFO - [2025-05-04T23:01:34.481+0000] {dag.py:3033} INFO - Sync 1 DAGs
[2025-05-04T23:01:34.493+0000] {logging_mixin.py:188} INFO - [2025-05-04T23:01:34.492+0000] {dag.py:3820} INFO - Setting next_dagrun for batch_processing_pipeline to 2025-05-04T00:00:00+00:00, run_after=2025-05-05T00:00:00+00:00
[2025-05-04T23:01:34.503+0000] {processor.py:183} INFO - Processing /opt/airflow/dags/batch_processing.py took 0.051 seconds
[2025-05-04T23:02:05.013+0000] {processor.py:161} INFO - Started process (PID=494) to work on /opt/airflow/dags/batch_processing.py
[2025-05-04T23:02:05.015+0000] {processor.py:830} INFO - Processing file /opt/airflow/dags/batch_processing.py for tasks to queue
[2025-05-04T23:02:05.018+0000] {logging_mixin.py:188} INFO - [2025-05-04T23:02:05.018+0000] {dagbag.py:538} INFO - Filling up the DagBag from /opt/airflow/dags/batch_processing.py
[2025-05-04T23:02:05.024+0000] {processor.py:840} INFO - DAG(s) 'batch_processing_pipeline' retrieved from /opt/airflow/dags/batch_processing.py
[2025-05-04T23:02:05.036+0000] {logging_mixin.py:188} INFO - [2025-05-04T23:02:05.036+0000] {dag.py:3033} INFO - Sync 1 DAGs
[2025-05-04T23:02:05.046+0000] {logging_mixin.py:188} INFO - [2025-05-04T23:02:05.046+0000] {dag.py:3820} INFO - Setting next_dagrun for batch_processing_pipeline to 2025-05-04T00:00:00+00:00, run_after=2025-05-05T00:00:00+00:00
[2025-05-04T23:02:05.056+0000] {processor.py:183} INFO - Processing /opt/airflow/dags/batch_processing.py took 0.047 seconds
[2025-05-04T23:02:35.483+0000] {processor.py:161} INFO - Started process (PID=550) to work on /opt/airflow/dags/batch_processing.py
[2025-05-04T23:02:35.486+0000] {processor.py:830} INFO - Processing file /opt/airflow/dags/batch_processing.py for tasks to queue
[2025-05-04T23:02:35.489+0000] {logging_mixin.py:188} INFO - [2025-05-04T23:02:35.489+0000] {dagbag.py:538} INFO - Filling up the DagBag from /opt/airflow/dags/batch_processing.py
[2025-05-04T23:02:35.506+0000] {processor.py:840} INFO - DAG(s) 'batch_processing_pipeline' retrieved from /opt/airflow/dags/batch_processing.py
[2025-05-04T23:02:35.520+0000] {logging_mixin.py:188} INFO - [2025-05-04T23:02:35.520+0000] {dag.py:3033} INFO - Sync 1 DAGs
[2025-05-04T23:02:35.534+0000] {logging_mixin.py:188} INFO - [2025-05-04T23:02:35.534+0000] {dag.py:3820} INFO - Setting next_dagrun for batch_processing_pipeline to 2025-05-04T00:00:00+00:00, run_after=2025-05-05T00:00:00+00:00
[2025-05-04T23:02:35.544+0000] {processor.py:183} INFO - Processing /opt/airflow/dags/batch_processing.py took 0.065 seconds
[2025-05-04T23:03:06.305+0000] {processor.py:161} INFO - Started process (PID=606) to work on /opt/airflow/dags/batch_processing.py
[2025-05-04T23:03:06.307+0000] {processor.py:830} INFO - Processing file /opt/airflow/dags/batch_processing.py for tasks to queue
[2025-05-04T23:03:06.311+0000] {logging_mixin.py:188} INFO - [2025-05-04T23:03:06.311+0000] {dagbag.py:538} INFO - Filling up the DagBag from /opt/airflow/dags/batch_processing.py
[2025-05-04T23:03:06.324+0000] {processor.py:840} INFO - DAG(s) 'batch_processing_pipeline' retrieved from /opt/airflow/dags/batch_processing.py
[2025-05-04T23:03:06.342+0000] {logging_mixin.py:188} INFO - [2025-05-04T23:03:06.342+0000] {dag.py:3033} INFO - Sync 1 DAGs
[2025-05-04T23:03:06.355+0000] {logging_mixin.py:188} INFO - [2025-05-04T23:03:06.355+0000] {dag.py:3820} INFO - Setting next_dagrun for batch_processing_pipeline to 2025-05-04T00:00:00+00:00, run_after=2025-05-05T00:00:00+00:00
[2025-05-04T23:03:06.366+0000] {processor.py:183} INFO - Processing /opt/airflow/dags/batch_processing.py took 0.066 seconds
[2025-05-04T23:03:36.894+0000] {processor.py:161} INFO - Started process (PID=662) to work on /opt/airflow/dags/batch_processing.py
[2025-05-04T23:03:36.896+0000] {processor.py:830} INFO - Processing file /opt/airflow/dags/batch_processing.py for tasks to queue
[2025-05-04T23:03:36.899+0000] {logging_mixin.py:188} INFO - [2025-05-04T23:03:36.899+0000] {dagbag.py:538} INFO - Filling up the DagBag from /opt/airflow/dags/batch_processing.py
[2025-05-04T23:03:36.908+0000] {processor.py:840} INFO - DAG(s) 'batch_processing_pipeline' retrieved from /opt/airflow/dags/batch_processing.py
[2025-05-04T23:03:36.923+0000] {logging_mixin.py:188} INFO - [2025-05-04T23:03:36.923+0000] {dag.py:3033} INFO - Sync 1 DAGs
[2025-05-04T23:03:36.936+0000] {logging_mixin.py:188} INFO - [2025-05-04T23:03:36.935+0000] {dag.py:3820} INFO - Setting next_dagrun for batch_processing_pipeline to 2025-05-04T00:00:00+00:00, run_after=2025-05-05T00:00:00+00:00
[2025-05-04T23:03:36.947+0000] {processor.py:183} INFO - Processing /opt/airflow/dags/batch_processing.py took 0.059 seconds
[2025-05-04T23:04:27.436+0000] {processor.py:161} INFO - Started process (PID=39) to work on /opt/airflow/dags/batch_processing.py
[2025-05-04T23:04:27.437+0000] {processor.py:830} INFO - Processing file /opt/airflow/dags/batch_processing.py for tasks to queue
[2025-05-04T23:04:27.441+0000] {logging_mixin.py:188} INFO - [2025-05-04T23:04:27.440+0000] {dagbag.py:538} INFO - Filling up the DagBag from /opt/airflow/dags/batch_processing.py
[2025-05-04T23:04:27.465+0000] {processor.py:840} INFO - DAG(s) 'batch_processing_pipeline' retrieved from /opt/airflow/dags/batch_processing.py
[2025-05-04T23:04:27.687+0000] {logging_mixin.py:188} INFO - [2025-05-04T23:04:27.686+0000] {dag.py:3033} INFO - Sync 1 DAGs
[2025-05-04T23:04:27.699+0000] {logging_mixin.py:188} INFO - [2025-05-04T23:04:27.699+0000] {dag.py:3820} INFO - Setting next_dagrun for batch_processing_pipeline to 2025-05-04T00:00:00+00:00, run_after=2025-05-05T00:00:00+00:00
[2025-05-04T23:04:27.711+0000] {processor.py:183} INFO - Processing /opt/airflow/dags/batch_processing.py took 0.279 seconds
[2025-05-04T23:04:57.812+0000] {processor.py:161} INFO - Started process (PID=101) to work on /opt/airflow/dags/batch_processing.py
[2025-05-04T23:04:57.815+0000] {processor.py:830} INFO - Processing file /opt/airflow/dags/batch_processing.py for tasks to queue
[2025-05-04T23:04:57.818+0000] {logging_mixin.py:188} INFO - [2025-05-04T23:04:57.818+0000] {dagbag.py:538} INFO - Filling up the DagBag from /opt/airflow/dags/batch_processing.py
[2025-05-04T23:04:57.828+0000] {processor.py:840} INFO - DAG(s) 'batch_processing_pipeline' retrieved from /opt/airflow/dags/batch_processing.py
[2025-05-04T23:04:57.847+0000] {logging_mixin.py:188} INFO - [2025-05-04T23:04:57.847+0000] {dag.py:3033} INFO - Sync 1 DAGs
[2025-05-04T23:04:57.862+0000] {logging_mixin.py:188} INFO - [2025-05-04T23:04:57.861+0000] {dag.py:3820} INFO - Setting next_dagrun for batch_processing_pipeline to 2025-05-04T00:00:00+00:00, run_after=2025-05-05T00:00:00+00:00
[2025-05-04T23:04:57.870+0000] {processor.py:183} INFO - Processing /opt/airflow/dags/batch_processing.py took 0.063 seconds
[2025-05-04T23:05:28.174+0000] {processor.py:161} INFO - Started process (PID=157) to work on /opt/airflow/dags/batch_processing.py
[2025-05-04T23:05:28.177+0000] {processor.py:830} INFO - Processing file /opt/airflow/dags/batch_processing.py for tasks to queue
[2025-05-04T23:05:28.183+0000] {logging_mixin.py:188} INFO - [2025-05-04T23:05:28.182+0000] {dagbag.py:538} INFO - Filling up the DagBag from /opt/airflow/dags/batch_processing.py
[2025-05-04T23:05:28.192+0000] {processor.py:840} INFO - DAG(s) 'batch_processing_pipeline' retrieved from /opt/airflow/dags/batch_processing.py
[2025-05-04T23:05:28.211+0000] {logging_mixin.py:188} INFO - [2025-05-04T23:05:28.211+0000] {dag.py:3033} INFO - Sync 1 DAGs
[2025-05-04T23:05:28.226+0000] {logging_mixin.py:188} INFO - [2025-05-04T23:05:28.226+0000] {dag.py:3820} INFO - Setting next_dagrun for batch_processing_pipeline to 2025-05-04T00:00:00+00:00, run_after=2025-05-05T00:00:00+00:00
[2025-05-04T23:05:28.242+0000] {processor.py:183} INFO - Processing /opt/airflow/dags/batch_processing.py took 0.074 seconds
[2025-05-04T23:05:38.009+0000] {processor.py:161} INFO - Started process (PID=207) to work on /opt/airflow/dags/batch_processing.py
[2025-05-04T23:05:38.010+0000] {processor.py:830} INFO - Processing file /opt/airflow/dags/batch_processing.py for tasks to queue
[2025-05-04T23:05:38.012+0000] {logging_mixin.py:188} INFO - [2025-05-04T23:05:38.012+0000] {dagbag.py:538} INFO - Filling up the DagBag from /opt/airflow/dags/batch_processing.py
[2025-05-04T23:05:38.020+0000] {processor.py:840} INFO - DAG(s) 'batch_processing_pipeline' retrieved from /opt/airflow/dags/batch_processing.py
[2025-05-04T23:05:38.103+0000] {logging_mixin.py:188} INFO - [2025-05-04T23:05:38.103+0000] {dag.py:3033} INFO - Sync 1 DAGs
[2025-05-04T23:05:38.112+0000] {logging_mixin.py:188} INFO - [2025-05-04T23:05:38.112+0000] {dag.py:3820} INFO - Setting next_dagrun for batch_processing_pipeline to 2025-05-04T00:00:00+00:00, run_after=2025-05-05T00:00:00+00:00
[2025-05-04T23:05:38.120+0000] {processor.py:183} INFO - Processing /opt/airflow/dags/batch_processing.py took 0.114 seconds
[2025-05-04T23:06:30.156+0000] {processor.py:161} INFO - Started process (PID=40) to work on /opt/airflow/dags/batch_processing.py
[2025-05-04T23:06:30.162+0000] {processor.py:830} INFO - Processing file /opt/airflow/dags/batch_processing.py for tasks to queue
[2025-05-04T23:06:30.163+0000] {logging_mixin.py:188} INFO - [2025-05-04T23:06:30.163+0000] {dagbag.py:538} INFO - Filling up the DagBag from /opt/airflow/dags/batch_processing.py
[2025-05-04T23:06:30.233+0000] {processor.py:840} INFO - DAG(s) 'batch_processing_pipeline' retrieved from /opt/airflow/dags/batch_processing.py
[2025-05-04T23:06:30.416+0000] {logging_mixin.py:188} INFO - [2025-05-04T23:06:30.416+0000] {dag.py:3033} INFO - Sync 1 DAGs
[2025-05-04T23:06:30.438+0000] {logging_mixin.py:188} INFO - [2025-05-04T23:06:30.438+0000] {dag.py:3820} INFO - Setting next_dagrun for batch_processing_pipeline to 2025-05-04T00:00:00+00:00, run_after=2025-05-05T00:00:00+00:00
[2025-05-04T23:06:30.457+0000] {processor.py:183} INFO - Processing /opt/airflow/dags/batch_processing.py took 0.308 seconds
[2025-05-04T23:07:00.748+0000] {processor.py:161} INFO - Started process (PID=96) to work on /opt/airflow/dags/batch_processing.py
[2025-05-04T23:07:00.750+0000] {processor.py:830} INFO - Processing file /opt/airflow/dags/batch_processing.py for tasks to queue
[2025-05-04T23:07:00.753+0000] {logging_mixin.py:188} INFO - [2025-05-04T23:07:00.753+0000] {dagbag.py:538} INFO - Filling up the DagBag from /opt/airflow/dags/batch_processing.py
[2025-05-04T23:07:00.764+0000] {processor.py:840} INFO - DAG(s) 'batch_processing_pipeline' retrieved from /opt/airflow/dags/batch_processing.py
[2025-05-04T23:07:00.779+0000] {logging_mixin.py:188} INFO - [2025-05-04T23:07:00.779+0000] {dag.py:3033} INFO - Sync 1 DAGs
[2025-05-04T23:07:00.791+0000] {logging_mixin.py:188} INFO - [2025-05-04T23:07:00.791+0000] {dag.py:3820} INFO - Setting next_dagrun for batch_processing_pipeline to 2025-05-04T00:00:00+00:00, run_after=2025-05-05T00:00:00+00:00
[2025-05-04T23:07:00.799+0000] {processor.py:183} INFO - Processing /opt/airflow/dags/batch_processing.py took 0.055 seconds
[2025-05-04T23:07:30.981+0000] {processor.py:161} INFO - Started process (PID=152) to work on /opt/airflow/dags/batch_processing.py
[2025-05-04T23:07:30.983+0000] {processor.py:830} INFO - Processing file /opt/airflow/dags/batch_processing.py for tasks to queue
[2025-05-04T23:07:30.988+0000] {logging_mixin.py:188} INFO - [2025-05-04T23:07:30.988+0000] {dagbag.py:538} INFO - Filling up the DagBag from /opt/airflow/dags/batch_processing.py
[2025-05-04T23:07:30.997+0000] {processor.py:840} INFO - DAG(s) 'batch_processing_pipeline' retrieved from /opt/airflow/dags/batch_processing.py
[2025-05-04T23:07:31.011+0000] {logging_mixin.py:188} INFO - [2025-05-04T23:07:31.011+0000] {dag.py:3033} INFO - Sync 1 DAGs
[2025-05-04T23:07:31.026+0000] {logging_mixin.py:188} INFO - [2025-05-04T23:07:31.026+0000] {dag.py:3820} INFO - Setting next_dagrun for batch_processing_pipeline to 2025-05-04T00:00:00+00:00, run_after=2025-05-05T00:00:00+00:00
[2025-05-04T23:07:31.037+0000] {processor.py:183} INFO - Processing /opt/airflow/dags/batch_processing.py took 0.062 seconds
[2025-05-04T23:08:01.651+0000] {processor.py:161} INFO - Started process (PID=208) to work on /opt/airflow/dags/batch_processing.py
[2025-05-04T23:08:01.653+0000] {processor.py:830} INFO - Processing file /opt/airflow/dags/batch_processing.py for tasks to queue
[2025-05-04T23:08:01.655+0000] {logging_mixin.py:188} INFO - [2025-05-04T23:08:01.654+0000] {dagbag.py:538} INFO - Filling up the DagBag from /opt/airflow/dags/batch_processing.py
[2025-05-04T23:08:01.663+0000] {processor.py:840} INFO - DAG(s) 'batch_processing_pipeline' retrieved from /opt/airflow/dags/batch_processing.py
[2025-05-04T23:08:01.676+0000] {logging_mixin.py:188} INFO - [2025-05-04T23:08:01.676+0000] {dag.py:3033} INFO - Sync 1 DAGs
[2025-05-04T23:08:01.690+0000] {logging_mixin.py:188} INFO - [2025-05-04T23:08:01.689+0000] {dag.py:3820} INFO - Setting next_dagrun for batch_processing_pipeline to 2025-05-04T00:00:00+00:00, run_after=2025-05-05T00:00:00+00:00
[2025-05-04T23:08:01.699+0000] {processor.py:183} INFO - Processing /opt/airflow/dags/batch_processing.py took 0.050 seconds
[2025-05-04T23:08:32.208+0000] {processor.py:161} INFO - Started process (PID=264) to work on /opt/airflow/dags/batch_processing.py
[2025-05-04T23:08:32.211+0000] {processor.py:830} INFO - Processing file /opt/airflow/dags/batch_processing.py for tasks to queue
[2025-05-04T23:08:32.213+0000] {logging_mixin.py:188} INFO - [2025-05-04T23:08:32.213+0000] {dagbag.py:538} INFO - Filling up the DagBag from /opt/airflow/dags/batch_processing.py
[2025-05-04T23:08:32.223+0000] {processor.py:840} INFO - DAG(s) 'batch_processing_pipeline' retrieved from /opt/airflow/dags/batch_processing.py
[2025-05-04T23:08:32.235+0000] {logging_mixin.py:188} INFO - [2025-05-04T23:08:32.235+0000] {dag.py:3033} INFO - Sync 1 DAGs
[2025-05-04T23:08:32.248+0000] {logging_mixin.py:188} INFO - [2025-05-04T23:08:32.248+0000] {dag.py:3820} INFO - Setting next_dagrun for batch_processing_pipeline to 2025-05-04T00:00:00+00:00, run_after=2025-05-05T00:00:00+00:00
[2025-05-04T23:08:32.258+0000] {processor.py:183} INFO - Processing /opt/airflow/dags/batch_processing.py took 0.052 seconds
[2025-05-04T23:09:02.842+0000] {processor.py:161} INFO - Started process (PID=325) to work on /opt/airflow/dags/batch_processing.py
[2025-05-04T23:09:02.845+0000] {processor.py:830} INFO - Processing file /opt/airflow/dags/batch_processing.py for tasks to queue
[2025-05-04T23:09:02.847+0000] {logging_mixin.py:188} INFO - [2025-05-04T23:09:02.847+0000] {dagbag.py:538} INFO - Filling up the DagBag from /opt/airflow/dags/batch_processing.py
[2025-05-04T23:09:02.855+0000] {processor.py:840} INFO - DAG(s) 'batch_processing_pipeline' retrieved from /opt/airflow/dags/batch_processing.py
[2025-05-04T23:09:02.874+0000] {logging_mixin.py:188} INFO - [2025-05-04T23:09:02.874+0000] {dag.py:3033} INFO - Sync 1 DAGs
[2025-05-04T23:09:02.887+0000] {logging_mixin.py:188} INFO - [2025-05-04T23:09:02.887+0000] {dag.py:3820} INFO - Setting next_dagrun for batch_processing_pipeline to 2025-05-04T00:00:00+00:00, run_after=2025-05-05T00:00:00+00:00
[2025-05-04T23:09:02.899+0000] {processor.py:183} INFO - Processing /opt/airflow/dags/batch_processing.py took 0.064 seconds
[2025-05-04T23:09:33.077+0000] {processor.py:161} INFO - Started process (PID=381) to work on /opt/airflow/dags/batch_processing.py
[2025-05-04T23:09:33.079+0000] {processor.py:830} INFO - Processing file /opt/airflow/dags/batch_processing.py for tasks to queue
[2025-05-04T23:09:33.082+0000] {logging_mixin.py:188} INFO - [2025-05-04T23:09:33.082+0000] {dagbag.py:538} INFO - Filling up the DagBag from /opt/airflow/dags/batch_processing.py
[2025-05-04T23:09:33.089+0000] {processor.py:840} INFO - DAG(s) 'batch_processing_pipeline' retrieved from /opt/airflow/dags/batch_processing.py
[2025-05-04T23:09:33.105+0000] {logging_mixin.py:188} INFO - [2025-05-04T23:09:33.105+0000] {dag.py:3033} INFO - Sync 1 DAGs
[2025-05-04T23:09:33.117+0000] {logging_mixin.py:188} INFO - [2025-05-04T23:09:33.117+0000] {dag.py:3820} INFO - Setting next_dagrun for batch_processing_pipeline to 2025-05-04T00:00:00+00:00, run_after=2025-05-05T00:00:00+00:00
[2025-05-04T23:09:33.129+0000] {processor.py:183} INFO - Processing /opt/airflow/dags/batch_processing.py took 0.058 seconds
[2025-05-04T23:10:03.750+0000] {processor.py:161} INFO - Started process (PID=437) to work on /opt/airflow/dags/batch_processing.py
[2025-05-04T23:10:03.754+0000] {processor.py:830} INFO - Processing file /opt/airflow/dags/batch_processing.py for tasks to queue
[2025-05-04T23:10:03.758+0000] {logging_mixin.py:188} INFO - [2025-05-04T23:10:03.758+0000] {dagbag.py:538} INFO - Filling up the DagBag from /opt/airflow/dags/batch_processing.py
[2025-05-04T23:10:03.766+0000] {processor.py:840} INFO - DAG(s) 'batch_processing_pipeline' retrieved from /opt/airflow/dags/batch_processing.py
[2025-05-04T23:10:03.786+0000] {logging_mixin.py:188} INFO - [2025-05-04T23:10:03.786+0000] {dag.py:3033} INFO - Sync 1 DAGs
[2025-05-04T23:10:03.803+0000] {logging_mixin.py:188} INFO - [2025-05-04T23:10:03.803+0000] {dag.py:3820} INFO - Setting next_dagrun for batch_processing_pipeline to 2025-05-04T00:00:00+00:00, run_after=2025-05-05T00:00:00+00:00
[2025-05-04T23:10:03.817+0000] {processor.py:183} INFO - Processing /opt/airflow/dags/batch_processing.py took 0.074 seconds
[2025-05-04T23:10:34.470+0000] {processor.py:161} INFO - Started process (PID=493) to work on /opt/airflow/dags/batch_processing.py
[2025-05-04T23:10:34.472+0000] {processor.py:830} INFO - Processing file /opt/airflow/dags/batch_processing.py for tasks to queue
[2025-05-04T23:10:34.474+0000] {logging_mixin.py:188} INFO - [2025-05-04T23:10:34.474+0000] {dagbag.py:538} INFO - Filling up the DagBag from /opt/airflow/dags/batch_processing.py
[2025-05-04T23:10:34.483+0000] {processor.py:840} INFO - DAG(s) 'batch_processing_pipeline' retrieved from /opt/airflow/dags/batch_processing.py
[2025-05-04T23:10:34.497+0000] {logging_mixin.py:188} INFO - [2025-05-04T23:10:34.497+0000] {dag.py:3033} INFO - Sync 1 DAGs
[2025-05-04T23:10:34.510+0000] {logging_mixin.py:188} INFO - [2025-05-04T23:10:34.510+0000] {dag.py:3820} INFO - Setting next_dagrun for batch_processing_pipeline to 2025-05-04T00:00:00+00:00, run_after=2025-05-05T00:00:00+00:00
[2025-05-04T23:10:34.521+0000] {processor.py:183} INFO - Processing /opt/airflow/dags/batch_processing.py took 0.056 seconds
[2025-05-04T23:11:05.143+0000] {processor.py:161} INFO - Started process (PID=549) to work on /opt/airflow/dags/batch_processing.py
[2025-05-04T23:11:05.145+0000] {processor.py:830} INFO - Processing file /opt/airflow/dags/batch_processing.py for tasks to queue
[2025-05-04T23:11:05.149+0000] {logging_mixin.py:188} INFO - [2025-05-04T23:11:05.149+0000] {dagbag.py:538} INFO - Filling up the DagBag from /opt/airflow/dags/batch_processing.py
[2025-05-04T23:11:05.157+0000] {processor.py:840} INFO - DAG(s) 'batch_processing_pipeline' retrieved from /opt/airflow/dags/batch_processing.py
[2025-05-04T23:11:05.175+0000] {logging_mixin.py:188} INFO - [2025-05-04T23:11:05.175+0000] {dag.py:3033} INFO - Sync 1 DAGs
[2025-05-04T23:11:05.190+0000] {logging_mixin.py:188} INFO - [2025-05-04T23:11:05.190+0000] {dag.py:3820} INFO - Setting next_dagrun for batch_processing_pipeline to 2025-05-04T00:00:00+00:00, run_after=2025-05-05T00:00:00+00:00
[2025-05-04T23:11:05.201+0000] {processor.py:183} INFO - Processing /opt/airflow/dags/batch_processing.py took 0.063 seconds
[2025-05-04T23:11:35.831+0000] {processor.py:161} INFO - Started process (PID=605) to work on /opt/airflow/dags/batch_processing.py
[2025-05-04T23:11:35.834+0000] {processor.py:830} INFO - Processing file /opt/airflow/dags/batch_processing.py for tasks to queue
[2025-05-04T23:11:35.836+0000] {logging_mixin.py:188} INFO - [2025-05-04T23:11:35.836+0000] {dagbag.py:538} INFO - Filling up the DagBag from /opt/airflow/dags/batch_processing.py
[2025-05-04T23:11:35.845+0000] {processor.py:840} INFO - DAG(s) 'batch_processing_pipeline' retrieved from /opt/airflow/dags/batch_processing.py
[2025-05-04T23:11:35.860+0000] {logging_mixin.py:188} INFO - [2025-05-04T23:11:35.860+0000] {dag.py:3033} INFO - Sync 1 DAGs
[2025-05-04T23:11:35.874+0000] {logging_mixin.py:188} INFO - [2025-05-04T23:11:35.874+0000] {dag.py:3820} INFO - Setting next_dagrun for batch_processing_pipeline to 2025-05-04T00:00:00+00:00, run_after=2025-05-05T00:00:00+00:00
[2025-05-04T23:11:35.885+0000] {processor.py:183} INFO - Processing /opt/airflow/dags/batch_processing.py took 0.058 seconds
[2025-05-04T23:12:06.394+0000] {processor.py:161} INFO - Started process (PID=661) to work on /opt/airflow/dags/batch_processing.py
[2025-05-04T23:12:06.397+0000] {processor.py:830} INFO - Processing file /opt/airflow/dags/batch_processing.py for tasks to queue
[2025-05-04T23:12:06.399+0000] {logging_mixin.py:188} INFO - [2025-05-04T23:12:06.399+0000] {dagbag.py:538} INFO - Filling up the DagBag from /opt/airflow/dags/batch_processing.py
[2025-05-04T23:12:06.406+0000] {processor.py:840} INFO - DAG(s) 'batch_processing_pipeline' retrieved from /opt/airflow/dags/batch_processing.py
[2025-05-04T23:12:06.419+0000] {logging_mixin.py:188} INFO - [2025-05-04T23:12:06.419+0000] {dag.py:3033} INFO - Sync 1 DAGs
[2025-05-04T23:12:06.431+0000] {logging_mixin.py:188} INFO - [2025-05-04T23:12:06.431+0000] {dag.py:3820} INFO - Setting next_dagrun for batch_processing_pipeline to 2025-05-04T00:00:00+00:00, run_after=2025-05-05T00:00:00+00:00
[2025-05-04T23:12:06.441+0000] {processor.py:183} INFO - Processing /opt/airflow/dags/batch_processing.py took 0.054 seconds
[2025-05-04T23:12:37.113+0000] {processor.py:161} INFO - Started process (PID=717) to work on /opt/airflow/dags/batch_processing.py
[2025-05-04T23:12:37.119+0000] {processor.py:830} INFO - Processing file /opt/airflow/dags/batch_processing.py for tasks to queue
[2025-05-04T23:12:37.121+0000] {logging_mixin.py:188} INFO - [2025-05-04T23:12:37.121+0000] {dagbag.py:538} INFO - Filling up the DagBag from /opt/airflow/dags/batch_processing.py
[2025-05-04T23:12:37.131+0000] {processor.py:840} INFO - DAG(s) 'batch_processing_pipeline' retrieved from /opt/airflow/dags/batch_processing.py
[2025-05-04T23:12:37.145+0000] {logging_mixin.py:188} INFO - [2025-05-04T23:12:37.145+0000] {dag.py:3033} INFO - Sync 1 DAGs
[2025-05-04T23:12:37.159+0000] {logging_mixin.py:188} INFO - [2025-05-04T23:12:37.159+0000] {dag.py:3820} INFO - Setting next_dagrun for batch_processing_pipeline to 2025-05-04T00:00:00+00:00, run_after=2025-05-05T00:00:00+00:00
[2025-05-04T23:12:37.171+0000] {processor.py:183} INFO - Processing /opt/airflow/dags/batch_processing.py took 0.063 seconds
[2025-05-04T23:13:07.771+0000] {processor.py:161} INFO - Started process (PID=773) to work on /opt/airflow/dags/batch_processing.py
[2025-05-04T23:13:07.774+0000] {processor.py:830} INFO - Processing file /opt/airflow/dags/batch_processing.py for tasks to queue
[2025-05-04T23:13:07.778+0000] {logging_mixin.py:188} INFO - [2025-05-04T23:13:07.778+0000] {dagbag.py:538} INFO - Filling up the DagBag from /opt/airflow/dags/batch_processing.py
[2025-05-04T23:13:07.786+0000] {processor.py:840} INFO - DAG(s) 'batch_processing_pipeline' retrieved from /opt/airflow/dags/batch_processing.py
[2025-05-04T23:13:07.805+0000] {logging_mixin.py:188} INFO - [2025-05-04T23:13:07.805+0000] {dag.py:3033} INFO - Sync 1 DAGs
[2025-05-04T23:13:07.818+0000] {logging_mixin.py:188} INFO - [2025-05-04T23:13:07.818+0000] {dag.py:3820} INFO - Setting next_dagrun for batch_processing_pipeline to 2025-05-04T00:00:00+00:00, run_after=2025-05-05T00:00:00+00:00
[2025-05-04T23:13:07.828+0000] {processor.py:183} INFO - Processing /opt/airflow/dags/batch_processing.py took 0.064 seconds
[2025-05-04T23:13:38.383+0000] {processor.py:161} INFO - Started process (PID=829) to work on /opt/airflow/dags/batch_processing.py
[2025-05-04T23:13:38.385+0000] {processor.py:830} INFO - Processing file /opt/airflow/dags/batch_processing.py for tasks to queue
[2025-05-04T23:13:38.389+0000] {logging_mixin.py:188} INFO - [2025-05-04T23:13:38.389+0000] {dagbag.py:538} INFO - Filling up the DagBag from /opt/airflow/dags/batch_processing.py
[2025-05-04T23:13:38.397+0000] {processor.py:840} INFO - DAG(s) 'batch_processing_pipeline' retrieved from /opt/airflow/dags/batch_processing.py
[2025-05-04T23:13:38.417+0000] {logging_mixin.py:188} INFO - [2025-05-04T23:13:38.416+0000] {dag.py:3033} INFO - Sync 1 DAGs
[2025-05-04T23:13:38.432+0000] {logging_mixin.py:188} INFO - [2025-05-04T23:13:38.432+0000] {dag.py:3820} INFO - Setting next_dagrun for batch_processing_pipeline to 2025-05-04T00:00:00+00:00, run_after=2025-05-05T00:00:00+00:00
[2025-05-04T23:13:38.444+0000] {processor.py:183} INFO - Processing /opt/airflow/dags/batch_processing.py took 0.067 seconds
[2025-05-04T23:14:09.089+0000] {processor.py:161} INFO - Started process (PID=885) to work on /opt/airflow/dags/batch_processing.py
[2025-05-04T23:14:09.091+0000] {processor.py:830} INFO - Processing file /opt/airflow/dags/batch_processing.py for tasks to queue
[2025-05-04T23:14:09.095+0000] {logging_mixin.py:188} INFO - [2025-05-04T23:14:09.095+0000] {dagbag.py:538} INFO - Filling up the DagBag from /opt/airflow/dags/batch_processing.py
[2025-05-04T23:14:09.105+0000] {processor.py:840} INFO - DAG(s) 'batch_processing_pipeline' retrieved from /opt/airflow/dags/batch_processing.py
[2025-05-04T23:14:09.125+0000] {logging_mixin.py:188} INFO - [2025-05-04T23:14:09.124+0000] {dag.py:3033} INFO - Sync 1 DAGs
[2025-05-04T23:14:09.140+0000] {logging_mixin.py:188} INFO - [2025-05-04T23:14:09.140+0000] {dag.py:3820} INFO - Setting next_dagrun for batch_processing_pipeline to 2025-05-04T00:00:00+00:00, run_after=2025-05-05T00:00:00+00:00
[2025-05-04T23:14:09.151+0000] {processor.py:183} INFO - Processing /opt/airflow/dags/batch_processing.py took 0.068 seconds
[2025-05-04T23:14:39.788+0000] {processor.py:161} INFO - Started process (PID=941) to work on /opt/airflow/dags/batch_processing.py
[2025-05-04T23:14:39.790+0000] {processor.py:830} INFO - Processing file /opt/airflow/dags/batch_processing.py for tasks to queue
[2025-05-04T23:14:39.792+0000] {logging_mixin.py:188} INFO - [2025-05-04T23:14:39.792+0000] {dagbag.py:538} INFO - Filling up the DagBag from /opt/airflow/dags/batch_processing.py
[2025-05-04T23:14:39.804+0000] {processor.py:840} INFO - DAG(s) 'batch_processing_pipeline' retrieved from /opt/airflow/dags/batch_processing.py
[2025-05-04T23:14:39.819+0000] {logging_mixin.py:188} INFO - [2025-05-04T23:14:39.819+0000] {dag.py:3033} INFO - Sync 1 DAGs
[2025-05-04T23:14:39.833+0000] {logging_mixin.py:188} INFO - [2025-05-04T23:14:39.833+0000] {dag.py:3820} INFO - Setting next_dagrun for batch_processing_pipeline to 2025-05-04T00:00:00+00:00, run_after=2025-05-05T00:00:00+00:00
[2025-05-04T23:14:39.844+0000] {processor.py:183} INFO - Processing /opt/airflow/dags/batch_processing.py took 0.061 seconds
[2025-05-04T23:15:10.029+0000] {processor.py:161} INFO - Started process (PID=997) to work on /opt/airflow/dags/batch_processing.py
[2025-05-04T23:15:10.032+0000] {processor.py:830} INFO - Processing file /opt/airflow/dags/batch_processing.py for tasks to queue
[2025-05-04T23:15:10.037+0000] {logging_mixin.py:188} INFO - [2025-05-04T23:15:10.037+0000] {dagbag.py:538} INFO - Filling up the DagBag from /opt/airflow/dags/batch_processing.py
[2025-05-04T23:15:10.045+0000] {processor.py:840} INFO - DAG(s) 'batch_processing_pipeline' retrieved from /opt/airflow/dags/batch_processing.py
[2025-05-04T23:15:10.062+0000] {logging_mixin.py:188} INFO - [2025-05-04T23:15:10.062+0000] {dag.py:3033} INFO - Sync 1 DAGs
[2025-05-04T23:15:10.081+0000] {logging_mixin.py:188} INFO - [2025-05-04T23:15:10.081+0000] {dag.py:3820} INFO - Setting next_dagrun for batch_processing_pipeline to 2025-05-04T00:00:00+00:00, run_after=2025-05-05T00:00:00+00:00
[2025-05-04T23:15:10.093+0000] {processor.py:183} INFO - Processing /opt/airflow/dags/batch_processing.py took 0.070 seconds
[2025-05-04T23:15:40.862+0000] {processor.py:161} INFO - Started process (PID=1053) to work on /opt/airflow/dags/batch_processing.py
[2025-05-04T23:15:40.863+0000] {processor.py:830} INFO - Processing file /opt/airflow/dags/batch_processing.py for tasks to queue
[2025-05-04T23:15:40.864+0000] {logging_mixin.py:188} INFO - [2025-05-04T23:15:40.864+0000] {dagbag.py:538} INFO - Filling up the DagBag from /opt/airflow/dags/batch_processing.py
[2025-05-04T23:15:40.868+0000] {processor.py:840} INFO - DAG(s) 'batch_processing_pipeline' retrieved from /opt/airflow/dags/batch_processing.py
[2025-05-04T23:15:40.883+0000] {logging_mixin.py:188} INFO - [2025-05-04T23:15:40.883+0000] {dag.py:3033} INFO - Sync 1 DAGs
[2025-05-04T23:15:40.893+0000] {logging_mixin.py:188} INFO - [2025-05-04T23:15:40.893+0000] {dag.py:3820} INFO - Setting next_dagrun for batch_processing_pipeline to 2025-05-04T00:00:00+00:00, run_after=2025-05-05T00:00:00+00:00
[2025-05-04T23:15:40.903+0000] {processor.py:183} INFO - Processing /opt/airflow/dags/batch_processing.py took 0.043 seconds
[2025-05-04T23:18:30.162+0000] {processor.py:161} INFO - Started process (PID=34) to work on /opt/airflow/dags/batch_processing.py
[2025-05-04T23:18:30.166+0000] {processor.py:830} INFO - Processing file /opt/airflow/dags/batch_processing.py for tasks to queue
[2025-05-04T23:18:30.170+0000] {logging_mixin.py:188} INFO - [2025-05-04T23:18:30.170+0000] {dagbag.py:538} INFO - Filling up the DagBag from /opt/airflow/dags/batch_processing.py
[2025-05-04T23:18:30.182+0000] {processor.py:840} INFO - DAG(s) 'batch_processing_pipeline' retrieved from /opt/airflow/dags/batch_processing.py
[2025-05-04T23:18:30.353+0000] {logging_mixin.py:188} INFO - [2025-05-04T23:18:30.353+0000] {dag.py:3033} INFO - Sync 1 DAGs
[2025-05-04T23:18:30.377+0000] {logging_mixin.py:188} INFO - [2025-05-04T23:18:30.377+0000] {dag.py:3820} INFO - Setting next_dagrun for batch_processing_pipeline to 2025-05-04T00:00:00+00:00, run_after=2025-05-05T00:00:00+00:00
[2025-05-04T23:18:30.408+0000] {processor.py:183} INFO - Processing /opt/airflow/dags/batch_processing.py took 0.248 seconds
[2025-05-04T23:19:00.857+0000] {processor.py:161} INFO - Started process (PID=96) to work on /opt/airflow/dags/batch_processing.py
[2025-05-04T23:19:00.860+0000] {processor.py:830} INFO - Processing file /opt/airflow/dags/batch_processing.py for tasks to queue
[2025-05-04T23:19:00.864+0000] {logging_mixin.py:188} INFO - [2025-05-04T23:19:00.864+0000] {dagbag.py:538} INFO - Filling up the DagBag from /opt/airflow/dags/batch_processing.py
[2025-05-04T23:19:00.874+0000] {processor.py:840} INFO - DAG(s) 'batch_processing_pipeline' retrieved from /opt/airflow/dags/batch_processing.py
[2025-05-04T23:19:00.896+0000] {logging_mixin.py:188} INFO - [2025-05-04T23:19:00.896+0000] {dag.py:3033} INFO - Sync 1 DAGs
[2025-05-04T23:19:00.914+0000] {logging_mixin.py:188} INFO - [2025-05-04T23:19:00.914+0000] {dag.py:3820} INFO - Setting next_dagrun for batch_processing_pipeline to 2025-05-04T00:00:00+00:00, run_after=2025-05-05T00:00:00+00:00
[2025-05-04T23:19:00.928+0000] {processor.py:183} INFO - Processing /opt/airflow/dags/batch_processing.py took 0.077 seconds
[2025-05-04T23:19:31.489+0000] {processor.py:161} INFO - Started process (PID=152) to work on /opt/airflow/dags/batch_processing.py
[2025-05-04T23:19:31.494+0000] {processor.py:830} INFO - Processing file /opt/airflow/dags/batch_processing.py for tasks to queue
[2025-05-04T23:19:31.501+0000] {logging_mixin.py:188} INFO - [2025-05-04T23:19:31.501+0000] {dagbag.py:538} INFO - Filling up the DagBag from /opt/airflow/dags/batch_processing.py
[2025-05-04T23:19:31.513+0000] {processor.py:840} INFO - DAG(s) 'batch_processing_pipeline' retrieved from /opt/airflow/dags/batch_processing.py
[2025-05-04T23:19:31.534+0000] {logging_mixin.py:188} INFO - [2025-05-04T23:19:31.534+0000] {dag.py:3033} INFO - Sync 1 DAGs
[2025-05-04T23:19:31.549+0000] {logging_mixin.py:188} INFO - [2025-05-04T23:19:31.549+0000] {dag.py:3820} INFO - Setting next_dagrun for batch_processing_pipeline to 2025-05-04T00:00:00+00:00, run_after=2025-05-05T00:00:00+00:00
[2025-05-04T23:19:31.565+0000] {processor.py:183} INFO - Processing /opt/airflow/dags/batch_processing.py took 0.085 seconds
[2025-05-04T23:20:02.193+0000] {processor.py:161} INFO - Started process (PID=208) to work on /opt/airflow/dags/batch_processing.py
[2025-05-04T23:20:02.196+0000] {processor.py:830} INFO - Processing file /opt/airflow/dags/batch_processing.py for tasks to queue
[2025-05-04T23:20:02.199+0000] {logging_mixin.py:188} INFO - [2025-05-04T23:20:02.198+0000] {dagbag.py:538} INFO - Filling up the DagBag from /opt/airflow/dags/batch_processing.py
[2025-05-04T23:20:02.207+0000] {processor.py:840} INFO - DAG(s) 'batch_processing_pipeline' retrieved from /opt/airflow/dags/batch_processing.py
[2025-05-04T23:20:02.222+0000] {logging_mixin.py:188} INFO - [2025-05-04T23:20:02.222+0000] {dag.py:3033} INFO - Sync 1 DAGs
[2025-05-04T23:20:02.238+0000] {logging_mixin.py:188} INFO - [2025-05-04T23:20:02.238+0000] {dag.py:3820} INFO - Setting next_dagrun for batch_processing_pipeline to 2025-05-04T00:00:00+00:00, run_after=2025-05-05T00:00:00+00:00
[2025-05-04T23:20:02.250+0000] {processor.py:183} INFO - Processing /opt/airflow/dags/batch_processing.py took 0.062 seconds
[2025-05-04T23:20:32.973+0000] {processor.py:161} INFO - Started process (PID=263) to work on /opt/airflow/dags/batch_processing.py
[2025-05-04T23:20:32.975+0000] {processor.py:830} INFO - Processing file /opt/airflow/dags/batch_processing.py for tasks to queue
[2025-05-04T23:20:32.980+0000] {logging_mixin.py:188} INFO - [2025-05-04T23:20:32.980+0000] {dagbag.py:538} INFO - Filling up the DagBag from /opt/airflow/dags/batch_processing.py
[2025-05-04T23:20:32.988+0000] {processor.py:840} INFO - DAG(s) 'batch_processing_pipeline' retrieved from /opt/airflow/dags/batch_processing.py
[2025-05-04T23:20:33.011+0000] {logging_mixin.py:188} INFO - [2025-05-04T23:20:33.011+0000] {dag.py:3033} INFO - Sync 1 DAGs
[2025-05-04T23:20:33.029+0000] {logging_mixin.py:188} INFO - [2025-05-04T23:20:33.029+0000] {dag.py:3820} INFO - Setting next_dagrun for batch_processing_pipeline to 2025-05-04T00:00:00+00:00, run_after=2025-05-05T00:00:00+00:00
[2025-05-04T23:20:33.042+0000] {processor.py:183} INFO - Processing /opt/airflow/dags/batch_processing.py took 0.076 seconds
[2025-05-04T23:21:03.085+0000] {processor.py:161} INFO - Started process (PID=319) to work on /opt/airflow/dags/batch_processing.py
[2025-05-04T23:21:03.089+0000] {processor.py:830} INFO - Processing file /opt/airflow/dags/batch_processing.py for tasks to queue
[2025-05-04T23:21:03.091+0000] {logging_mixin.py:188} INFO - [2025-05-04T23:21:03.091+0000] {dagbag.py:538} INFO - Filling up the DagBag from /opt/airflow/dags/batch_processing.py
[2025-05-04T23:21:03.100+0000] {processor.py:840} INFO - DAG(s) 'batch_processing_pipeline' retrieved from /opt/airflow/dags/batch_processing.py
[2025-05-04T23:21:03.115+0000] {logging_mixin.py:188} INFO - [2025-05-04T23:21:03.115+0000] {dag.py:3033} INFO - Sync 1 DAGs
[2025-05-04T23:21:03.128+0000] {logging_mixin.py:188} INFO - [2025-05-04T23:21:03.128+0000] {dag.py:3820} INFO - Setting next_dagrun for batch_processing_pipeline to 2025-05-04T00:00:00+00:00, run_after=2025-05-05T00:00:00+00:00
[2025-05-04T23:21:03.139+0000] {processor.py:183} INFO - Processing /opt/airflow/dags/batch_processing.py took 0.061 seconds
[2025-05-04T23:21:33.871+0000] {processor.py:161} INFO - Started process (PID=375) to work on /opt/airflow/dags/batch_processing.py
[2025-05-04T23:21:33.875+0000] {processor.py:830} INFO - Processing file /opt/airflow/dags/batch_processing.py for tasks to queue
[2025-05-04T23:21:33.877+0000] {logging_mixin.py:188} INFO - [2025-05-04T23:21:33.877+0000] {dagbag.py:538} INFO - Filling up the DagBag from /opt/airflow/dags/batch_processing.py
[2025-05-04T23:21:33.886+0000] {processor.py:840} INFO - DAG(s) 'batch_processing_pipeline' retrieved from /opt/airflow/dags/batch_processing.py
[2025-05-04T23:21:33.901+0000] {logging_mixin.py:188} INFO - [2025-05-04T23:21:33.901+0000] {dag.py:3033} INFO - Sync 1 DAGs
[2025-05-04T23:21:33.914+0000] {logging_mixin.py:188} INFO - [2025-05-04T23:21:33.914+0000] {dag.py:3820} INFO - Setting next_dagrun for batch_processing_pipeline to 2025-05-04T00:00:00+00:00, run_after=2025-05-05T00:00:00+00:00
[2025-05-04T23:21:33.930+0000] {processor.py:183} INFO - Processing /opt/airflow/dags/batch_processing.py took 0.064 seconds
[2025-05-04T23:22:04.526+0000] {processor.py:161} INFO - Started process (PID=431) to work on /opt/airflow/dags/batch_processing.py
[2025-05-04T23:22:04.527+0000] {processor.py:830} INFO - Processing file /opt/airflow/dags/batch_processing.py for tasks to queue
[2025-05-04T23:22:04.532+0000] {logging_mixin.py:188} INFO - [2025-05-04T23:22:04.531+0000] {dagbag.py:538} INFO - Filling up the DagBag from /opt/airflow/dags/batch_processing.py
[2025-05-04T23:22:04.538+0000] {processor.py:840} INFO - DAG(s) 'batch_processing_pipeline' retrieved from /opt/airflow/dags/batch_processing.py
[2025-05-04T23:22:04.552+0000] {logging_mixin.py:188} INFO - [2025-05-04T23:22:04.552+0000] {dag.py:3033} INFO - Sync 1 DAGs
[2025-05-04T23:22:04.563+0000] {logging_mixin.py:188} INFO - [2025-05-04T23:22:04.563+0000] {dag.py:3820} INFO - Setting next_dagrun for batch_processing_pipeline to 2025-05-04T00:00:00+00:00, run_after=2025-05-05T00:00:00+00:00
[2025-05-04T23:22:04.572+0000] {processor.py:183} INFO - Processing /opt/airflow/dags/batch_processing.py took 0.050 seconds
[2025-05-04T23:22:35.154+0000] {processor.py:161} INFO - Started process (PID=487) to work on /opt/airflow/dags/batch_processing.py
[2025-05-04T23:22:35.156+0000] {processor.py:830} INFO - Processing file /opt/airflow/dags/batch_processing.py for tasks to queue
[2025-05-04T23:22:35.160+0000] {logging_mixin.py:188} INFO - [2025-05-04T23:22:35.160+0000] {dagbag.py:538} INFO - Filling up the DagBag from /opt/airflow/dags/batch_processing.py
[2025-05-04T23:22:35.166+0000] {processor.py:840} INFO - DAG(s) 'batch_processing_pipeline' retrieved from /opt/airflow/dags/batch_processing.py
[2025-05-04T23:22:35.182+0000] {logging_mixin.py:188} INFO - [2025-05-04T23:22:35.182+0000] {dag.py:3033} INFO - Sync 1 DAGs
[2025-05-04T23:22:35.195+0000] {logging_mixin.py:188} INFO - [2025-05-04T23:22:35.195+0000] {dag.py:3820} INFO - Setting next_dagrun for batch_processing_pipeline to 2025-05-04T00:00:00+00:00, run_after=2025-05-05T00:00:00+00:00
[2025-05-04T23:22:35.208+0000] {processor.py:183} INFO - Processing /opt/airflow/dags/batch_processing.py took 0.058 seconds
[2025-05-04T23:23:05.698+0000] {processor.py:161} INFO - Started process (PID=543) to work on /opt/airflow/dags/batch_processing.py
[2025-05-04T23:23:05.701+0000] {processor.py:830} INFO - Processing file /opt/airflow/dags/batch_processing.py for tasks to queue
[2025-05-04T23:23:05.704+0000] {logging_mixin.py:188} INFO - [2025-05-04T23:23:05.704+0000] {dagbag.py:538} INFO - Filling up the DagBag from /opt/airflow/dags/batch_processing.py
[2025-05-04T23:23:05.712+0000] {processor.py:840} INFO - DAG(s) 'batch_processing_pipeline' retrieved from /opt/airflow/dags/batch_processing.py
[2025-05-04T23:23:05.728+0000] {logging_mixin.py:188} INFO - [2025-05-04T23:23:05.728+0000] {dag.py:3033} INFO - Sync 1 DAGs
[2025-05-04T23:23:05.739+0000] {logging_mixin.py:188} INFO - [2025-05-04T23:23:05.739+0000] {dag.py:3820} INFO - Setting next_dagrun for batch_processing_pipeline to 2025-05-04T00:00:00+00:00, run_after=2025-05-05T00:00:00+00:00
[2025-05-04T23:23:05.752+0000] {processor.py:183} INFO - Processing /opt/airflow/dags/batch_processing.py took 0.059 seconds
[2025-05-04T23:24:29.543+0000] {processor.py:161} INFO - Started process (PID=40) to work on /opt/airflow/dags/batch_processing.py
[2025-05-04T23:24:29.547+0000] {processor.py:830} INFO - Processing file /opt/airflow/dags/batch_processing.py for tasks to queue
[2025-05-04T23:24:29.550+0000] {logging_mixin.py:188} INFO - [2025-05-04T23:24:29.550+0000] {dagbag.py:538} INFO - Filling up the DagBag from /opt/airflow/dags/batch_processing.py
[2025-05-04T23:24:29.572+0000] {processor.py:840} INFO - DAG(s) 'batch_processing_pipeline' retrieved from /opt/airflow/dags/batch_processing.py
[2025-05-04T23:24:29.691+0000] {logging_mixin.py:188} INFO - [2025-05-04T23:24:29.691+0000] {dag.py:3033} INFO - Sync 1 DAGs
[2025-05-04T23:24:29.719+0000] {logging_mixin.py:188} INFO - [2025-05-04T23:24:29.719+0000] {dag.py:3820} INFO - Setting next_dagrun for batch_processing_pipeline to 2025-05-04T00:00:00+00:00, run_after=2025-05-05T00:00:00+00:00
[2025-05-04T23:24:29.751+0000] {processor.py:183} INFO - Processing /opt/airflow/dags/batch_processing.py took 0.213 seconds
[2025-05-04T23:25:00.324+0000] {processor.py:161} INFO - Started process (PID=96) to work on /opt/airflow/dags/batch_processing.py
[2025-05-04T23:25:00.326+0000] {processor.py:830} INFO - Processing file /opt/airflow/dags/batch_processing.py for tasks to queue
[2025-05-04T23:25:00.329+0000] {logging_mixin.py:188} INFO - [2025-05-04T23:25:00.329+0000] {dagbag.py:538} INFO - Filling up the DagBag from /opt/airflow/dags/batch_processing.py
[2025-05-04T23:25:00.341+0000] {processor.py:840} INFO - DAG(s) 'batch_processing_pipeline' retrieved from /opt/airflow/dags/batch_processing.py
[2025-05-04T23:25:00.353+0000] {logging_mixin.py:188} INFO - [2025-05-04T23:25:00.353+0000] {dag.py:3033} INFO - Sync 1 DAGs
[2025-05-04T23:25:00.371+0000] {logging_mixin.py:188} INFO - [2025-05-04T23:25:00.371+0000] {dag.py:3820} INFO - Setting next_dagrun for batch_processing_pipeline to 2025-05-04T00:00:00+00:00, run_after=2025-05-05T00:00:00+00:00
[2025-05-04T23:25:00.379+0000] {processor.py:183} INFO - Processing /opt/airflow/dags/batch_processing.py took 0.061 seconds
[2025-05-04T23:25:30.889+0000] {processor.py:161} INFO - Started process (PID=151) to work on /opt/airflow/dags/batch_processing.py
[2025-05-04T23:25:30.891+0000] {processor.py:830} INFO - Processing file /opt/airflow/dags/batch_processing.py for tasks to queue
[2025-05-04T23:25:30.894+0000] {logging_mixin.py:188} INFO - [2025-05-04T23:25:30.893+0000] {dagbag.py:538} INFO - Filling up the DagBag from /opt/airflow/dags/batch_processing.py
[2025-05-04T23:25:30.901+0000] {processor.py:840} INFO - DAG(s) 'batch_processing_pipeline' retrieved from /opt/airflow/dags/batch_processing.py
[2025-05-04T23:25:30.914+0000] {logging_mixin.py:188} INFO - [2025-05-04T23:25:30.913+0000] {dag.py:3033} INFO - Sync 1 DAGs
[2025-05-04T23:25:30.926+0000] {logging_mixin.py:188} INFO - [2025-05-04T23:25:30.926+0000] {dag.py:3820} INFO - Setting next_dagrun for batch_processing_pipeline to 2025-05-04T00:00:00+00:00, run_after=2025-05-05T00:00:00+00:00
[2025-05-04T23:25:30.939+0000] {processor.py:183} INFO - Processing /opt/airflow/dags/batch_processing.py took 0.054 seconds
[2025-05-04T23:26:01.545+0000] {processor.py:161} INFO - Started process (PID=207) to work on /opt/airflow/dags/batch_processing.py
[2025-05-04T23:26:01.547+0000] {processor.py:830} INFO - Processing file /opt/airflow/dags/batch_processing.py for tasks to queue
[2025-05-04T23:26:01.550+0000] {logging_mixin.py:188} INFO - [2025-05-04T23:26:01.549+0000] {dagbag.py:538} INFO - Filling up the DagBag from /opt/airflow/dags/batch_processing.py
[2025-05-04T23:26:01.560+0000] {processor.py:840} INFO - DAG(s) 'batch_processing_pipeline' retrieved from /opt/airflow/dags/batch_processing.py
[2025-05-04T23:26:01.581+0000] {logging_mixin.py:188} INFO - [2025-05-04T23:26:01.581+0000] {dag.py:3033} INFO - Sync 1 DAGs
[2025-05-04T23:26:01.597+0000] {logging_mixin.py:188} INFO - [2025-05-04T23:26:01.597+0000] {dag.py:3820} INFO - Setting next_dagrun for batch_processing_pipeline to 2025-05-04T00:00:00+00:00, run_after=2025-05-05T00:00:00+00:00
[2025-05-04T23:26:01.610+0000] {processor.py:183} INFO - Processing /opt/airflow/dags/batch_processing.py took 0.069 seconds
[2025-05-04T23:26:32.339+0000] {processor.py:161} INFO - Started process (PID=263) to work on /opt/airflow/dags/batch_processing.py
[2025-05-04T23:26:32.341+0000] {processor.py:830} INFO - Processing file /opt/airflow/dags/batch_processing.py for tasks to queue
[2025-05-04T23:26:32.345+0000] {logging_mixin.py:188} INFO - [2025-05-04T23:26:32.344+0000] {dagbag.py:538} INFO - Filling up the DagBag from /opt/airflow/dags/batch_processing.py
[2025-05-04T23:26:32.354+0000] {processor.py:840} INFO - DAG(s) 'batch_processing_pipeline' retrieved from /opt/airflow/dags/batch_processing.py
[2025-05-04T23:26:32.370+0000] {logging_mixin.py:188} INFO - [2025-05-04T23:26:32.369+0000] {dag.py:3033} INFO - Sync 1 DAGs
[2025-05-04T23:26:32.383+0000] {logging_mixin.py:188} INFO - [2025-05-04T23:26:32.383+0000] {dag.py:3820} INFO - Setting next_dagrun for batch_processing_pipeline to 2025-05-04T00:00:00+00:00, run_after=2025-05-05T00:00:00+00:00
[2025-05-04T23:26:32.395+0000] {processor.py:183} INFO - Processing /opt/airflow/dags/batch_processing.py took 0.061 seconds
[2025-05-04T23:27:03.120+0000] {processor.py:161} INFO - Started process (PID=319) to work on /opt/airflow/dags/batch_processing.py
[2025-05-04T23:27:03.122+0000] {processor.py:830} INFO - Processing file /opt/airflow/dags/batch_processing.py for tasks to queue
[2025-05-04T23:27:03.125+0000] {logging_mixin.py:188} INFO - [2025-05-04T23:27:03.125+0000] {dagbag.py:538} INFO - Filling up the DagBag from /opt/airflow/dags/batch_processing.py
[2025-05-04T23:27:03.133+0000] {processor.py:840} INFO - DAG(s) 'batch_processing_pipeline' retrieved from /opt/airflow/dags/batch_processing.py
[2025-05-04T23:27:03.148+0000] {logging_mixin.py:188} INFO - [2025-05-04T23:27:03.148+0000] {dag.py:3033} INFO - Sync 1 DAGs
[2025-05-04T23:27:03.161+0000] {logging_mixin.py:188} INFO - [2025-05-04T23:27:03.161+0000] {dag.py:3820} INFO - Setting next_dagrun for batch_processing_pipeline to 2025-05-04T00:00:00+00:00, run_after=2025-05-05T00:00:00+00:00
[2025-05-04T23:27:03.173+0000] {processor.py:183} INFO - Processing /opt/airflow/dags/batch_processing.py took 0.058 seconds
[2025-05-04T23:27:33.811+0000] {processor.py:161} INFO - Started process (PID=375) to work on /opt/airflow/dags/batch_processing.py
[2025-05-04T23:27:33.813+0000] {processor.py:830} INFO - Processing file /opt/airflow/dags/batch_processing.py for tasks to queue
[2025-05-04T23:27:33.816+0000] {logging_mixin.py:188} INFO - [2025-05-04T23:27:33.816+0000] {dagbag.py:538} INFO - Filling up the DagBag from /opt/airflow/dags/batch_processing.py
[2025-05-04T23:27:33.826+0000] {processor.py:840} INFO - DAG(s) 'batch_processing_pipeline' retrieved from /opt/airflow/dags/batch_processing.py
[2025-05-04T23:27:33.842+0000] {logging_mixin.py:188} INFO - [2025-05-04T23:27:33.842+0000] {dag.py:3033} INFO - Sync 1 DAGs
[2025-05-04T23:27:33.856+0000] {logging_mixin.py:188} INFO - [2025-05-04T23:27:33.856+0000] {dag.py:3820} INFO - Setting next_dagrun for batch_processing_pipeline to 2025-05-04T00:00:00+00:00, run_after=2025-05-05T00:00:00+00:00
[2025-05-04T23:27:33.866+0000] {processor.py:183} INFO - Processing /opt/airflow/dags/batch_processing.py took 0.061 seconds
[2025-05-04T23:28:23.042+0000] {processor.py:161} INFO - Started process (PID=40) to work on /opt/airflow/dags/batch_processing.py
[2025-05-04T23:28:23.047+0000] {processor.py:830} INFO - Processing file /opt/airflow/dags/batch_processing.py for tasks to queue
[2025-05-04T23:28:23.057+0000] {logging_mixin.py:188} INFO - [2025-05-04T23:28:23.057+0000] {dagbag.py:538} INFO - Filling up the DagBag from /opt/airflow/dags/batch_processing.py
[2025-05-04T23:28:23.083+0000] {processor.py:840} INFO - DAG(s) 'batch_processing_pipeline' retrieved from /opt/airflow/dags/batch_processing.py
[2025-05-04T23:28:23.251+0000] {logging_mixin.py:188} INFO - [2025-05-04T23:28:23.251+0000] {dag.py:3033} INFO - Sync 1 DAGs
[2025-05-04T23:28:23.275+0000] {logging_mixin.py:188} INFO - [2025-05-04T23:28:23.275+0000] {dag.py:3820} INFO - Setting next_dagrun for batch_processing_pipeline to 2025-05-04T00:00:00+00:00, run_after=2025-05-05T00:00:00+00:00
[2025-05-04T23:28:23.306+0000] {processor.py:183} INFO - Processing /opt/airflow/dags/batch_processing.py took 0.270 seconds
[2025-05-04T23:28:53.404+0000] {processor.py:161} INFO - Started process (PID=97) to work on /opt/airflow/dags/batch_processing.py
[2025-05-04T23:28:53.405+0000] {processor.py:830} INFO - Processing file /opt/airflow/dags/batch_processing.py for tasks to queue
[2025-05-04T23:28:53.406+0000] {logging_mixin.py:188} INFO - [2025-05-04T23:28:53.406+0000] {dagbag.py:538} INFO - Filling up the DagBag from /opt/airflow/dags/batch_processing.py
[2025-05-04T23:28:53.412+0000] {processor.py:840} INFO - DAG(s) 'batch_processing_pipeline' retrieved from /opt/airflow/dags/batch_processing.py
[2025-05-04T23:28:53.423+0000] {logging_mixin.py:188} INFO - [2025-05-04T23:28:53.423+0000] {dag.py:3033} INFO - Sync 1 DAGs
[2025-05-04T23:28:53.436+0000] {logging_mixin.py:188} INFO - [2025-05-04T23:28:53.436+0000] {dag.py:3820} INFO - Setting next_dagrun for batch_processing_pipeline to 2025-05-04T00:00:00+00:00, run_after=2025-05-05T00:00:00+00:00
[2025-05-04T23:28:53.446+0000] {processor.py:183} INFO - Processing /opt/airflow/dags/batch_processing.py took 0.044 seconds
[2025-05-04T23:29:23.909+0000] {processor.py:161} INFO - Started process (PID=152) to work on /opt/airflow/dags/batch_processing.py
[2025-05-04T23:29:23.911+0000] {processor.py:830} INFO - Processing file /opt/airflow/dags/batch_processing.py for tasks to queue
[2025-05-04T23:29:23.916+0000] {logging_mixin.py:188} INFO - [2025-05-04T23:29:23.916+0000] {dagbag.py:538} INFO - Filling up the DagBag from /opt/airflow/dags/batch_processing.py
[2025-05-04T23:29:23.924+0000] {processor.py:840} INFO - DAG(s) 'batch_processing_pipeline' retrieved from /opt/airflow/dags/batch_processing.py
[2025-05-04T23:29:23.941+0000] {logging_mixin.py:188} INFO - [2025-05-04T23:29:23.940+0000] {dag.py:3033} INFO - Sync 1 DAGs
[2025-05-04T23:29:23.956+0000] {logging_mixin.py:188} INFO - [2025-05-04T23:29:23.956+0000] {dag.py:3820} INFO - Setting next_dagrun for batch_processing_pipeline to 2025-05-04T00:00:00+00:00, run_after=2025-05-05T00:00:00+00:00
[2025-05-04T23:29:23.965+0000] {processor.py:183} INFO - Processing /opt/airflow/dags/batch_processing.py took 0.062 seconds
[2025-05-04T23:29:54.609+0000] {processor.py:161} INFO - Started process (PID=208) to work on /opt/airflow/dags/batch_processing.py
[2025-05-04T23:29:54.611+0000] {processor.py:830} INFO - Processing file /opt/airflow/dags/batch_processing.py for tasks to queue
[2025-05-04T23:29:54.614+0000] {logging_mixin.py:188} INFO - [2025-05-04T23:29:54.614+0000] {dagbag.py:538} INFO - Filling up the DagBag from /opt/airflow/dags/batch_processing.py
[2025-05-04T23:29:54.622+0000] {processor.py:840} INFO - DAG(s) 'batch_processing_pipeline' retrieved from /opt/airflow/dags/batch_processing.py
[2025-05-04T23:29:54.639+0000] {logging_mixin.py:188} INFO - [2025-05-04T23:29:54.639+0000] {dag.py:3033} INFO - Sync 1 DAGs
[2025-05-04T23:29:54.655+0000] {logging_mixin.py:188} INFO - [2025-05-04T23:29:54.655+0000] {dag.py:3820} INFO - Setting next_dagrun for batch_processing_pipeline to 2025-05-04T00:00:00+00:00, run_after=2025-05-05T00:00:00+00:00
[2025-05-04T23:29:54.669+0000] {processor.py:183} INFO - Processing /opt/airflow/dags/batch_processing.py took 0.066 seconds
[2025-05-04T23:30:25.486+0000] {processor.py:161} INFO - Started process (PID=264) to work on /opt/airflow/dags/batch_processing.py
[2025-05-04T23:30:25.489+0000] {processor.py:830} INFO - Processing file /opt/airflow/dags/batch_processing.py for tasks to queue
[2025-05-04T23:30:25.493+0000] {logging_mixin.py:188} INFO - [2025-05-04T23:30:25.492+0000] {dagbag.py:538} INFO - Filling up the DagBag from /opt/airflow/dags/batch_processing.py
[2025-05-04T23:30:25.503+0000] {processor.py:840} INFO - DAG(s) 'batch_processing_pipeline' retrieved from /opt/airflow/dags/batch_processing.py
[2025-05-04T23:30:25.519+0000] {logging_mixin.py:188} INFO - [2025-05-04T23:30:25.519+0000] {dag.py:3033} INFO - Sync 1 DAGs
[2025-05-04T23:30:25.535+0000] {logging_mixin.py:188} INFO - [2025-05-04T23:30:25.535+0000] {dag.py:3820} INFO - Setting next_dagrun for batch_processing_pipeline to 2025-05-04T00:00:00+00:00, run_after=2025-05-05T00:00:00+00:00
[2025-05-04T23:30:25.546+0000] {processor.py:183} INFO - Processing /opt/airflow/dags/batch_processing.py took 0.067 seconds
[2025-05-04T23:30:56.027+0000] {processor.py:161} INFO - Started process (PID=320) to work on /opt/airflow/dags/batch_processing.py
[2025-05-04T23:30:56.029+0000] {processor.py:830} INFO - Processing file /opt/airflow/dags/batch_processing.py for tasks to queue
[2025-05-04T23:30:56.032+0000] {logging_mixin.py:188} INFO - [2025-05-04T23:30:56.032+0000] {dagbag.py:538} INFO - Filling up the DagBag from /opt/airflow/dags/batch_processing.py
[2025-05-04T23:30:56.041+0000] {processor.py:840} INFO - DAG(s) 'batch_processing_pipeline' retrieved from /opt/airflow/dags/batch_processing.py
[2025-05-04T23:30:56.056+0000] {logging_mixin.py:188} INFO - [2025-05-04T23:30:56.056+0000] {dag.py:3033} INFO - Sync 1 DAGs
[2025-05-04T23:30:56.068+0000] {logging_mixin.py:188} INFO - [2025-05-04T23:30:56.068+0000] {dag.py:3820} INFO - Setting next_dagrun for batch_processing_pipeline to 2025-05-04T00:00:00+00:00, run_after=2025-05-05T00:00:00+00:00
[2025-05-04T23:30:56.077+0000] {processor.py:183} INFO - Processing /opt/airflow/dags/batch_processing.py took 0.055 seconds
[2025-05-04T23:31:26.734+0000] {processor.py:161} INFO - Started process (PID=375) to work on /opt/airflow/dags/batch_processing.py
[2025-05-04T23:31:26.736+0000] {processor.py:830} INFO - Processing file /opt/airflow/dags/batch_processing.py for tasks to queue
[2025-05-04T23:31:26.738+0000] {logging_mixin.py:188} INFO - [2025-05-04T23:31:26.738+0000] {dagbag.py:538} INFO - Filling up the DagBag from /opt/airflow/dags/batch_processing.py
[2025-05-04T23:31:26.747+0000] {processor.py:840} INFO - DAG(s) 'batch_processing_pipeline' retrieved from /opt/airflow/dags/batch_processing.py
[2025-05-04T23:31:26.762+0000] {logging_mixin.py:188} INFO - [2025-05-04T23:31:26.761+0000] {dag.py:3033} INFO - Sync 1 DAGs
[2025-05-04T23:31:26.776+0000] {logging_mixin.py:188} INFO - [2025-05-04T23:31:26.776+0000] {dag.py:3820} INFO - Setting next_dagrun for batch_processing_pipeline to 2025-05-04T00:00:00+00:00, run_after=2025-05-05T00:00:00+00:00
[2025-05-04T23:31:26.787+0000] {processor.py:183} INFO - Processing /opt/airflow/dags/batch_processing.py took 0.059 seconds
[2025-05-04T23:31:57.337+0000] {processor.py:161} INFO - Started process (PID=431) to work on /opt/airflow/dags/batch_processing.py
[2025-05-04T23:31:57.340+0000] {processor.py:830} INFO - Processing file /opt/airflow/dags/batch_processing.py for tasks to queue
[2025-05-04T23:31:57.343+0000] {logging_mixin.py:188} INFO - [2025-05-04T23:31:57.343+0000] {dagbag.py:538} INFO - Filling up the DagBag from /opt/airflow/dags/batch_processing.py
[2025-05-04T23:31:57.352+0000] {processor.py:840} INFO - DAG(s) 'batch_processing_pipeline' retrieved from /opt/airflow/dags/batch_processing.py
[2025-05-04T23:31:57.368+0000] {logging_mixin.py:188} INFO - [2025-05-04T23:31:57.368+0000] {dag.py:3033} INFO - Sync 1 DAGs
[2025-05-04T23:31:57.381+0000] {logging_mixin.py:188} INFO - [2025-05-04T23:31:57.381+0000] {dag.py:3820} INFO - Setting next_dagrun for batch_processing_pipeline to 2025-05-04T00:00:00+00:00, run_after=2025-05-05T00:00:00+00:00
[2025-05-04T23:31:57.392+0000] {processor.py:183} INFO - Processing /opt/airflow/dags/batch_processing.py took 0.060 seconds
[2025-05-04T23:32:28.018+0000] {processor.py:161} INFO - Started process (PID=493) to work on /opt/airflow/dags/batch_processing.py
[2025-05-04T23:32:28.020+0000] {processor.py:830} INFO - Processing file /opt/airflow/dags/batch_processing.py for tasks to queue
[2025-05-04T23:32:28.024+0000] {logging_mixin.py:188} INFO - [2025-05-04T23:32:28.024+0000] {dagbag.py:538} INFO - Filling up the DagBag from /opt/airflow/dags/batch_processing.py
[2025-05-04T23:32:28.031+0000] {processor.py:840} INFO - DAG(s) 'batch_processing_pipeline' retrieved from /opt/airflow/dags/batch_processing.py
[2025-05-04T23:32:28.045+0000] {logging_mixin.py:188} INFO - [2025-05-04T23:32:28.045+0000] {dag.py:3033} INFO - Sync 1 DAGs
[2025-05-04T23:32:28.058+0000] {logging_mixin.py:188} INFO - [2025-05-04T23:32:28.058+0000] {dag.py:3820} INFO - Setting next_dagrun for batch_processing_pipeline to 2025-05-04T00:00:00+00:00, run_after=2025-05-05T00:00:00+00:00
[2025-05-04T23:32:28.072+0000] {processor.py:183} INFO - Processing /opt/airflow/dags/batch_processing.py took 0.058 seconds
[2025-05-04T23:47:20.997+0000] {processor.py:161} INFO - Started process (PID=34) to work on /opt/airflow/dags/batch_processing.py
[2025-05-04T23:47:21.000+0000] {processor.py:830} INFO - Processing file /opt/airflow/dags/batch_processing.py for tasks to queue
[2025-05-04T23:47:21.005+0000] {logging_mixin.py:188} INFO - [2025-05-04T23:47:21.005+0000] {dagbag.py:538} INFO - Filling up the DagBag from /opt/airflow/dags/batch_processing.py
[2025-05-04T23:47:21.018+0000] {processor.py:840} INFO - DAG(s) 'batch_processing_pipeline' retrieved from /opt/airflow/dags/batch_processing.py
[2025-05-04T23:47:21.102+0000] {logging_mixin.py:188} INFO - [2025-05-04T23:47:21.102+0000] {dag.py:3033} INFO - Sync 1 DAGs
[2025-05-04T23:47:21.112+0000] {logging_mixin.py:188} INFO - [2025-05-04T23:47:21.112+0000] {dag.py:3820} INFO - Setting next_dagrun for batch_processing_pipeline to 2025-05-04T00:00:00+00:00, run_after=2025-05-05T00:00:00+00:00
[2025-05-04T23:47:21.132+0000] {processor.py:183} INFO - Processing /opt/airflow/dags/batch_processing.py took 0.137 seconds
[2025-05-04T23:47:51.754+0000] {processor.py:161} INFO - Started process (PID=96) to work on /opt/airflow/dags/batch_processing.py
[2025-05-04T23:47:51.757+0000] {processor.py:830} INFO - Processing file /opt/airflow/dags/batch_processing.py for tasks to queue
[2025-05-04T23:47:51.762+0000] {logging_mixin.py:188} INFO - [2025-05-04T23:47:51.762+0000] {dagbag.py:538} INFO - Filling up the DagBag from /opt/airflow/dags/batch_processing.py
[2025-05-04T23:47:51.770+0000] {processor.py:840} INFO - DAG(s) 'batch_processing_pipeline' retrieved from /opt/airflow/dags/batch_processing.py
[2025-05-04T23:47:51.786+0000] {logging_mixin.py:188} INFO - [2025-05-04T23:47:51.786+0000] {dag.py:3033} INFO - Sync 1 DAGs
[2025-05-04T23:47:51.801+0000] {logging_mixin.py:188} INFO - [2025-05-04T23:47:51.801+0000] {dag.py:3820} INFO - Setting next_dagrun for batch_processing_pipeline to 2025-05-04T00:00:00+00:00, run_after=2025-05-05T00:00:00+00:00
[2025-05-04T23:47:51.809+0000] {processor.py:183} INFO - Processing /opt/airflow/dags/batch_processing.py took 0.061 seconds
[2025-05-04T23:48:22.191+0000] {processor.py:161} INFO - Started process (PID=152) to work on /opt/airflow/dags/batch_processing.py
[2025-05-04T23:48:22.193+0000] {processor.py:830} INFO - Processing file /opt/airflow/dags/batch_processing.py for tasks to queue
[2025-05-04T23:48:22.195+0000] {logging_mixin.py:188} INFO - [2025-05-04T23:48:22.195+0000] {dagbag.py:538} INFO - Filling up the DagBag from /opt/airflow/dags/batch_processing.py
[2025-05-04T23:48:22.205+0000] {processor.py:840} INFO - DAG(s) 'batch_processing_pipeline' retrieved from /opt/airflow/dags/batch_processing.py
[2025-05-04T23:48:22.221+0000] {logging_mixin.py:188} INFO - [2025-05-04T23:48:22.221+0000] {dag.py:3033} INFO - Sync 1 DAGs
[2025-05-04T23:48:22.234+0000] {logging_mixin.py:188} INFO - [2025-05-04T23:48:22.234+0000] {dag.py:3820} INFO - Setting next_dagrun for batch_processing_pipeline to 2025-05-04T00:00:00+00:00, run_after=2025-05-05T00:00:00+00:00
[2025-05-04T23:48:22.245+0000] {processor.py:183} INFO - Processing /opt/airflow/dags/batch_processing.py took 0.059 seconds
[2025-05-04T23:48:52.899+0000] {processor.py:161} INFO - Started process (PID=208) to work on /opt/airflow/dags/batch_processing.py
[2025-05-04T23:48:52.901+0000] {processor.py:830} INFO - Processing file /opt/airflow/dags/batch_processing.py for tasks to queue
[2025-05-04T23:48:52.904+0000] {logging_mixin.py:188} INFO - [2025-05-04T23:48:52.904+0000] {dagbag.py:538} INFO - Filling up the DagBag from /opt/airflow/dags/batch_processing.py
[2025-05-04T23:48:52.913+0000] {processor.py:840} INFO - DAG(s) 'batch_processing_pipeline' retrieved from /opt/airflow/dags/batch_processing.py
[2025-05-04T23:48:52.927+0000] {logging_mixin.py:188} INFO - [2025-05-04T23:48:52.927+0000] {dag.py:3033} INFO - Sync 1 DAGs
[2025-05-04T23:48:52.939+0000] {logging_mixin.py:188} INFO - [2025-05-04T23:48:52.939+0000] {dag.py:3820} INFO - Setting next_dagrun for batch_processing_pipeline to 2025-05-04T00:00:00+00:00, run_after=2025-05-05T00:00:00+00:00
[2025-05-04T23:48:52.952+0000] {processor.py:183} INFO - Processing /opt/airflow/dags/batch_processing.py took 0.058 seconds
[2025-05-04T23:49:23.511+0000] {processor.py:161} INFO - Started process (PID=264) to work on /opt/airflow/dags/batch_processing.py
[2025-05-04T23:49:23.514+0000] {processor.py:830} INFO - Processing file /opt/airflow/dags/batch_processing.py for tasks to queue
[2025-05-04T23:49:23.517+0000] {logging_mixin.py:188} INFO - [2025-05-04T23:49:23.517+0000] {dagbag.py:538} INFO - Filling up the DagBag from /opt/airflow/dags/batch_processing.py
[2025-05-04T23:49:23.526+0000] {processor.py:840} INFO - DAG(s) 'batch_processing_pipeline' retrieved from /opt/airflow/dags/batch_processing.py
[2025-05-04T23:49:23.544+0000] {logging_mixin.py:188} INFO - [2025-05-04T23:49:23.544+0000] {dag.py:3033} INFO - Sync 1 DAGs
[2025-05-04T23:49:23.556+0000] {logging_mixin.py:188} INFO - [2025-05-04T23:49:23.556+0000] {dag.py:3820} INFO - Setting next_dagrun for batch_processing_pipeline to 2025-05-04T00:00:00+00:00, run_after=2025-05-05T00:00:00+00:00
[2025-05-04T23:49:23.567+0000] {processor.py:183} INFO - Processing /opt/airflow/dags/batch_processing.py took 0.065 seconds
[2025-05-04T23:49:54.425+0000] {processor.py:161} INFO - Started process (PID=320) to work on /opt/airflow/dags/batch_processing.py
[2025-05-04T23:49:54.427+0000] {processor.py:830} INFO - Processing file /opt/airflow/dags/batch_processing.py for tasks to queue
[2025-05-04T23:49:54.430+0000] {logging_mixin.py:188} INFO - [2025-05-04T23:49:54.430+0000] {dagbag.py:538} INFO - Filling up the DagBag from /opt/airflow/dags/batch_processing.py
[2025-05-04T23:49:54.437+0000] {processor.py:840} INFO - DAG(s) 'batch_processing_pipeline' retrieved from /opt/airflow/dags/batch_processing.py
[2025-05-04T23:49:54.450+0000] {logging_mixin.py:188} INFO - [2025-05-04T23:49:54.450+0000] {dag.py:3033} INFO - Sync 1 DAGs
[2025-05-04T23:49:54.462+0000] {logging_mixin.py:188} INFO - [2025-05-04T23:49:54.462+0000] {dag.py:3820} INFO - Setting next_dagrun for batch_processing_pipeline to 2025-05-04T00:00:00+00:00, run_after=2025-05-05T00:00:00+00:00
[2025-05-04T23:49:54.473+0000] {processor.py:183} INFO - Processing /opt/airflow/dags/batch_processing.py took 0.054 seconds
