[2025-05-04T22:22:10.312+0000] {processor.py:161} INFO - Started process (PID=55) to work on /home/airflow/.local/lib/python3.8/site-packages/airflow/example_dags/example_sensor_decorator.py
[2025-05-04T22:22:10.313+0000] {processor.py:830} INFO - Processing file /home/airflow/.local/lib/python3.8/site-packages/airflow/example_dags/example_sensor_decorator.py for tasks to queue
[2025-05-04T22:22:10.315+0000] {logging_mixin.py:188} INFO - [2025-05-04T22:22:10.315+0000] {dagbag.py:538} INFO - Filling up the DagBag from /home/airflow/.local/lib/python3.8/site-packages/airflow/example_dags/example_sensor_decorator.py
[2025-05-04T22:22:10.319+0000] {processor.py:840} INFO - DAG(s) 'example_sensor_decorator' retrieved from /home/airflow/.local/lib/python3.8/site-packages/airflow/example_dags/example_sensor_decorator.py
[2025-05-04T22:22:10.338+0000] {logging_mixin.py:188} INFO - [2025-05-04T22:22:10.338+0000] {dag.py:3033} INFO - Sync 1 DAGs
[2025-05-04T22:22:10.349+0000] {logging_mixin.py:188} INFO - [2025-05-04T22:22:10.348+0000] {dag.py:3820} INFO - Setting next_dagrun for example_sensor_decorator to None, run_after=None
[2025-05-04T22:22:10.366+0000] {processor.py:183} INFO - Processing /home/airflow/.local/lib/python3.8/site-packages/airflow/example_dags/example_sensor_decorator.py took 0.057 seconds
[2025-05-04T22:22:40.909+0000] {processor.py:161} INFO - Started process (PID=110) to work on /home/airflow/.local/lib/python3.8/site-packages/airflow/example_dags/example_sensor_decorator.py
[2025-05-04T22:22:40.909+0000] {processor.py:830} INFO - Processing file /home/airflow/.local/lib/python3.8/site-packages/airflow/example_dags/example_sensor_decorator.py for tasks to queue
[2025-05-04T22:22:40.910+0000] {logging_mixin.py:188} INFO - [2025-05-04T22:22:40.910+0000] {dagbag.py:538} INFO - Filling up the DagBag from /home/airflow/.local/lib/python3.8/site-packages/airflow/example_dags/example_sensor_decorator.py
[2025-05-04T22:22:40.913+0000] {processor.py:840} INFO - DAG(s) 'example_sensor_decorator' retrieved from /home/airflow/.local/lib/python3.8/site-packages/airflow/example_dags/example_sensor_decorator.py
[2025-05-04T22:22:40.953+0000] {logging_mixin.py:188} INFO - [2025-05-04T22:22:40.953+0000] {dag.py:3033} INFO - Sync 1 DAGs
[2025-05-04T22:22:40.958+0000] {logging_mixin.py:188} INFO - [2025-05-04T22:22:40.958+0000] {dag.py:3820} INFO - Setting next_dagrun for example_sensor_decorator to None, run_after=None
[2025-05-04T22:22:40.965+0000] {processor.py:183} INFO - Processing /home/airflow/.local/lib/python3.8/site-packages/airflow/example_dags/example_sensor_decorator.py took 0.058 seconds
[2025-05-04T22:23:11.009+0000] {processor.py:161} INFO - Started process (PID=165) to work on /home/airflow/.local/lib/python3.8/site-packages/airflow/example_dags/example_sensor_decorator.py
[2025-05-04T22:23:11.010+0000] {processor.py:830} INFO - Processing file /home/airflow/.local/lib/python3.8/site-packages/airflow/example_dags/example_sensor_decorator.py for tasks to queue
[2025-05-04T22:23:11.011+0000] {logging_mixin.py:188} INFO - [2025-05-04T22:23:11.011+0000] {dagbag.py:538} INFO - Filling up the DagBag from /home/airflow/.local/lib/python3.8/site-packages/airflow/example_dags/example_sensor_decorator.py
[2025-05-04T22:23:11.014+0000] {processor.py:840} INFO - DAG(s) 'example_sensor_decorator' retrieved from /home/airflow/.local/lib/python3.8/site-packages/airflow/example_dags/example_sensor_decorator.py
[2025-05-04T22:23:11.023+0000] {logging_mixin.py:188} INFO - [2025-05-04T22:23:11.023+0000] {dag.py:3033} INFO - Sync 1 DAGs
[2025-05-04T22:23:11.029+0000] {logging_mixin.py:188} INFO - [2025-05-04T22:23:11.029+0000] {dag.py:3820} INFO - Setting next_dagrun for example_sensor_decorator to None, run_after=None
[2025-05-04T22:23:11.039+0000] {processor.py:183} INFO - Processing /home/airflow/.local/lib/python3.8/site-packages/airflow/example_dags/example_sensor_decorator.py took 0.032 seconds
[2025-05-04T22:23:41.502+0000] {processor.py:161} INFO - Started process (PID=220) to work on /home/airflow/.local/lib/python3.8/site-packages/airflow/example_dags/example_sensor_decorator.py
[2025-05-04T22:23:41.502+0000] {processor.py:830} INFO - Processing file /home/airflow/.local/lib/python3.8/site-packages/airflow/example_dags/example_sensor_decorator.py for tasks to queue
[2025-05-04T22:23:41.503+0000] {logging_mixin.py:188} INFO - [2025-05-04T22:23:41.503+0000] {dagbag.py:538} INFO - Filling up the DagBag from /home/airflow/.local/lib/python3.8/site-packages/airflow/example_dags/example_sensor_decorator.py
[2025-05-04T22:23:41.506+0000] {processor.py:840} INFO - DAG(s) 'example_sensor_decorator' retrieved from /home/airflow/.local/lib/python3.8/site-packages/airflow/example_dags/example_sensor_decorator.py
[2025-05-04T22:23:41.515+0000] {logging_mixin.py:188} INFO - [2025-05-04T22:23:41.515+0000] {dag.py:3033} INFO - Sync 1 DAGs
[2025-05-04T22:23:41.520+0000] {logging_mixin.py:188} INFO - [2025-05-04T22:23:41.520+0000] {dag.py:3820} INFO - Setting next_dagrun for example_sensor_decorator to None, run_after=None
[2025-05-04T22:23:41.527+0000] {processor.py:183} INFO - Processing /home/airflow/.local/lib/python3.8/site-packages/airflow/example_dags/example_sensor_decorator.py took 0.027 seconds
[2025-05-04T22:24:12.099+0000] {processor.py:161} INFO - Started process (PID=275) to work on /home/airflow/.local/lib/python3.8/site-packages/airflow/example_dags/example_sensor_decorator.py
[2025-05-04T22:24:12.099+0000] {processor.py:830} INFO - Processing file /home/airflow/.local/lib/python3.8/site-packages/airflow/example_dags/example_sensor_decorator.py for tasks to queue
[2025-05-04T22:24:12.101+0000] {logging_mixin.py:188} INFO - [2025-05-04T22:24:12.100+0000] {dagbag.py:538} INFO - Filling up the DagBag from /home/airflow/.local/lib/python3.8/site-packages/airflow/example_dags/example_sensor_decorator.py
[2025-05-04T22:24:12.104+0000] {processor.py:840} INFO - DAG(s) 'example_sensor_decorator' retrieved from /home/airflow/.local/lib/python3.8/site-packages/airflow/example_dags/example_sensor_decorator.py
[2025-05-04T22:24:12.114+0000] {logging_mixin.py:188} INFO - [2025-05-04T22:24:12.114+0000] {dag.py:3033} INFO - Sync 1 DAGs
[2025-05-04T22:24:12.119+0000] {logging_mixin.py:188} INFO - [2025-05-04T22:24:12.119+0000] {dag.py:3820} INFO - Setting next_dagrun for example_sensor_decorator to None, run_after=None
[2025-05-04T22:24:12.126+0000] {processor.py:183} INFO - Processing /home/airflow/.local/lib/python3.8/site-packages/airflow/example_dags/example_sensor_decorator.py took 0.029 seconds
[2025-05-04T22:24:42.722+0000] {processor.py:161} INFO - Started process (PID=330) to work on /home/airflow/.local/lib/python3.8/site-packages/airflow/example_dags/example_sensor_decorator.py
[2025-05-04T22:24:42.722+0000] {processor.py:830} INFO - Processing file /home/airflow/.local/lib/python3.8/site-packages/airflow/example_dags/example_sensor_decorator.py for tasks to queue
[2025-05-04T22:24:42.724+0000] {logging_mixin.py:188} INFO - [2025-05-04T22:24:42.723+0000] {dagbag.py:538} INFO - Filling up the DagBag from /home/airflow/.local/lib/python3.8/site-packages/airflow/example_dags/example_sensor_decorator.py
[2025-05-04T22:24:42.727+0000] {processor.py:840} INFO - DAG(s) 'example_sensor_decorator' retrieved from /home/airflow/.local/lib/python3.8/site-packages/airflow/example_dags/example_sensor_decorator.py
[2025-05-04T22:24:42.740+0000] {logging_mixin.py:188} INFO - [2025-05-04T22:24:42.740+0000] {dag.py:3033} INFO - Sync 1 DAGs
[2025-05-04T22:24:42.747+0000] {logging_mixin.py:188} INFO - [2025-05-04T22:24:42.747+0000] {dag.py:3820} INFO - Setting next_dagrun for example_sensor_decorator to None, run_after=None
[2025-05-04T22:24:42.765+0000] {processor.py:183} INFO - Processing /home/airflow/.local/lib/python3.8/site-packages/airflow/example_dags/example_sensor_decorator.py took 0.046 seconds
[2025-05-04T22:25:28.773+0000] {processor.py:161} INFO - Started process (PID=56) to work on /home/airflow/.local/lib/python3.8/site-packages/airflow/example_dags/example_sensor_decorator.py
[2025-05-04T22:25:28.775+0000] {processor.py:830} INFO - Processing file /home/airflow/.local/lib/python3.8/site-packages/airflow/example_dags/example_sensor_decorator.py for tasks to queue
[2025-05-04T22:25:28.781+0000] {logging_mixin.py:188} INFO - [2025-05-04T22:25:28.780+0000] {dagbag.py:538} INFO - Filling up the DagBag from /home/airflow/.local/lib/python3.8/site-packages/airflow/example_dags/example_sensor_decorator.py
[2025-05-04T22:25:28.785+0000] {processor.py:840} INFO - DAG(s) 'example_sensor_decorator' retrieved from /home/airflow/.local/lib/python3.8/site-packages/airflow/example_dags/example_sensor_decorator.py
[2025-05-04T22:25:28.798+0000] {logging_mixin.py:188} INFO - [2025-05-04T22:25:28.797+0000] {dag.py:3033} INFO - Sync 1 DAGs
[2025-05-04T22:25:28.808+0000] {logging_mixin.py:188} INFO - [2025-05-04T22:25:28.807+0000] {dag.py:3820} INFO - Setting next_dagrun for example_sensor_decorator to None, run_after=None
[2025-05-04T22:25:28.836+0000] {processor.py:183} INFO - Processing /home/airflow/.local/lib/python3.8/site-packages/airflow/example_dags/example_sensor_decorator.py took 0.069 seconds
[2025-05-04T22:25:59.252+0000] {processor.py:161} INFO - Started process (PID=112) to work on /home/airflow/.local/lib/python3.8/site-packages/airflow/example_dags/example_sensor_decorator.py
[2025-05-04T22:25:59.253+0000] {processor.py:830} INFO - Processing file /home/airflow/.local/lib/python3.8/site-packages/airflow/example_dags/example_sensor_decorator.py for tasks to queue
[2025-05-04T22:25:59.254+0000] {logging_mixin.py:188} INFO - [2025-05-04T22:25:59.254+0000] {dagbag.py:538} INFO - Filling up the DagBag from /home/airflow/.local/lib/python3.8/site-packages/airflow/example_dags/example_sensor_decorator.py
[2025-05-04T22:25:59.256+0000] {processor.py:840} INFO - DAG(s) 'example_sensor_decorator' retrieved from /home/airflow/.local/lib/python3.8/site-packages/airflow/example_dags/example_sensor_decorator.py
[2025-05-04T22:25:59.309+0000] {logging_mixin.py:188} INFO - [2025-05-04T22:25:59.309+0000] {dag.py:3033} INFO - Sync 1 DAGs
[2025-05-04T22:25:59.314+0000] {logging_mixin.py:188} INFO - [2025-05-04T22:25:59.313+0000] {dag.py:3820} INFO - Setting next_dagrun for example_sensor_decorator to None, run_after=None
[2025-05-04T22:25:59.324+0000] {processor.py:183} INFO - Processing /home/airflow/.local/lib/python3.8/site-packages/airflow/example_dags/example_sensor_decorator.py took 0.073 seconds
[2025-05-04T22:26:29.413+0000] {processor.py:161} INFO - Started process (PID=168) to work on /home/airflow/.local/lib/python3.8/site-packages/airflow/example_dags/example_sensor_decorator.py
[2025-05-04T22:26:29.416+0000] {processor.py:830} INFO - Processing file /home/airflow/.local/lib/python3.8/site-packages/airflow/example_dags/example_sensor_decorator.py for tasks to queue
[2025-05-04T22:26:29.417+0000] {logging_mixin.py:188} INFO - [2025-05-04T22:26:29.417+0000] {dagbag.py:538} INFO - Filling up the DagBag from /home/airflow/.local/lib/python3.8/site-packages/airflow/example_dags/example_sensor_decorator.py
[2025-05-04T22:26:29.420+0000] {processor.py:840} INFO - DAG(s) 'example_sensor_decorator' retrieved from /home/airflow/.local/lib/python3.8/site-packages/airflow/example_dags/example_sensor_decorator.py
[2025-05-04T22:26:29.434+0000] {logging_mixin.py:188} INFO - [2025-05-04T22:26:29.434+0000] {dag.py:3033} INFO - Sync 1 DAGs
[2025-05-04T22:26:29.440+0000] {logging_mixin.py:188} INFO - [2025-05-04T22:26:29.440+0000] {dag.py:3820} INFO - Setting next_dagrun for example_sensor_decorator to None, run_after=None
[2025-05-04T22:26:29.448+0000] {processor.py:183} INFO - Processing /home/airflow/.local/lib/python3.8/site-packages/airflow/example_dags/example_sensor_decorator.py took 0.037 seconds
[2025-05-04T22:27:00.129+0000] {processor.py:161} INFO - Started process (PID=228) to work on /home/airflow/.local/lib/python3.8/site-packages/airflow/example_dags/example_sensor_decorator.py
[2025-05-04T22:27:00.129+0000] {processor.py:830} INFO - Processing file /home/airflow/.local/lib/python3.8/site-packages/airflow/example_dags/example_sensor_decorator.py for tasks to queue
[2025-05-04T22:27:00.130+0000] {logging_mixin.py:188} INFO - [2025-05-04T22:27:00.130+0000] {dagbag.py:538} INFO - Filling up the DagBag from /home/airflow/.local/lib/python3.8/site-packages/airflow/example_dags/example_sensor_decorator.py
[2025-05-04T22:27:00.133+0000] {processor.py:840} INFO - DAG(s) 'example_sensor_decorator' retrieved from /home/airflow/.local/lib/python3.8/site-packages/airflow/example_dags/example_sensor_decorator.py
[2025-05-04T22:27:00.144+0000] {logging_mixin.py:188} INFO - [2025-05-04T22:27:00.144+0000] {dag.py:3033} INFO - Sync 1 DAGs
[2025-05-04T22:27:00.149+0000] {logging_mixin.py:188} INFO - [2025-05-04T22:27:00.149+0000] {dag.py:3820} INFO - Setting next_dagrun for example_sensor_decorator to None, run_after=None
[2025-05-04T22:27:00.160+0000] {processor.py:183} INFO - Processing /home/airflow/.local/lib/python3.8/site-packages/airflow/example_dags/example_sensor_decorator.py took 0.032 seconds
[2025-05-04T22:27:30.795+0000] {processor.py:161} INFO - Started process (PID=284) to work on /home/airflow/.local/lib/python3.8/site-packages/airflow/example_dags/example_sensor_decorator.py
[2025-05-04T22:27:30.795+0000] {processor.py:830} INFO - Processing file /home/airflow/.local/lib/python3.8/site-packages/airflow/example_dags/example_sensor_decorator.py for tasks to queue
[2025-05-04T22:27:30.796+0000] {logging_mixin.py:188} INFO - [2025-05-04T22:27:30.796+0000] {dagbag.py:538} INFO - Filling up the DagBag from /home/airflow/.local/lib/python3.8/site-packages/airflow/example_dags/example_sensor_decorator.py
[2025-05-04T22:27:30.799+0000] {processor.py:840} INFO - DAG(s) 'example_sensor_decorator' retrieved from /home/airflow/.local/lib/python3.8/site-packages/airflow/example_dags/example_sensor_decorator.py
[2025-05-04T22:27:30.807+0000] {logging_mixin.py:188} INFO - [2025-05-04T22:27:30.807+0000] {dag.py:3033} INFO - Sync 1 DAGs
[2025-05-04T22:27:30.811+0000] {logging_mixin.py:188} INFO - [2025-05-04T22:27:30.811+0000] {dag.py:3820} INFO - Setting next_dagrun for example_sensor_decorator to None, run_after=None
[2025-05-04T22:27:30.819+0000] {processor.py:183} INFO - Processing /home/airflow/.local/lib/python3.8/site-packages/airflow/example_dags/example_sensor_decorator.py took 0.026 seconds
[2025-05-04T22:28:01.471+0000] {processor.py:161} INFO - Started process (PID=340) to work on /home/airflow/.local/lib/python3.8/site-packages/airflow/example_dags/example_sensor_decorator.py
[2025-05-04T22:28:01.472+0000] {processor.py:830} INFO - Processing file /home/airflow/.local/lib/python3.8/site-packages/airflow/example_dags/example_sensor_decorator.py for tasks to queue
[2025-05-04T22:28:01.473+0000] {logging_mixin.py:188} INFO - [2025-05-04T22:28:01.473+0000] {dagbag.py:538} INFO - Filling up the DagBag from /home/airflow/.local/lib/python3.8/site-packages/airflow/example_dags/example_sensor_decorator.py
[2025-05-04T22:28:01.475+0000] {processor.py:840} INFO - DAG(s) 'example_sensor_decorator' retrieved from /home/airflow/.local/lib/python3.8/site-packages/airflow/example_dags/example_sensor_decorator.py
[2025-05-04T22:28:01.486+0000] {logging_mixin.py:188} INFO - [2025-05-04T22:28:01.486+0000] {dag.py:3033} INFO - Sync 1 DAGs
[2025-05-04T22:28:01.492+0000] {logging_mixin.py:188} INFO - [2025-05-04T22:28:01.491+0000] {dag.py:3820} INFO - Setting next_dagrun for example_sensor_decorator to None, run_after=None
[2025-05-04T22:28:01.499+0000] {processor.py:183} INFO - Processing /home/airflow/.local/lib/python3.8/site-packages/airflow/example_dags/example_sensor_decorator.py took 0.029 seconds
[2025-05-04T22:28:32.004+0000] {processor.py:161} INFO - Started process (PID=396) to work on /home/airflow/.local/lib/python3.8/site-packages/airflow/example_dags/example_sensor_decorator.py
[2025-05-04T22:28:32.005+0000] {processor.py:830} INFO - Processing file /home/airflow/.local/lib/python3.8/site-packages/airflow/example_dags/example_sensor_decorator.py for tasks to queue
[2025-05-04T22:28:32.006+0000] {logging_mixin.py:188} INFO - [2025-05-04T22:28:32.006+0000] {dagbag.py:538} INFO - Filling up the DagBag from /home/airflow/.local/lib/python3.8/site-packages/airflow/example_dags/example_sensor_decorator.py
[2025-05-04T22:28:32.009+0000] {processor.py:840} INFO - DAG(s) 'example_sensor_decorator' retrieved from /home/airflow/.local/lib/python3.8/site-packages/airflow/example_dags/example_sensor_decorator.py
[2025-05-04T22:28:32.019+0000] {logging_mixin.py:188} INFO - [2025-05-04T22:28:32.019+0000] {dag.py:3033} INFO - Sync 1 DAGs
[2025-05-04T22:28:32.024+0000] {logging_mixin.py:188} INFO - [2025-05-04T22:28:32.024+0000] {dag.py:3820} INFO - Setting next_dagrun for example_sensor_decorator to None, run_after=None
[2025-05-04T22:28:32.034+0000] {processor.py:183} INFO - Processing /home/airflow/.local/lib/python3.8/site-packages/airflow/example_dags/example_sensor_decorator.py took 0.031 seconds
[2025-05-04T22:29:02.665+0000] {processor.py:161} INFO - Started process (PID=452) to work on /home/airflow/.local/lib/python3.8/site-packages/airflow/example_dags/example_sensor_decorator.py
[2025-05-04T22:29:02.666+0000] {processor.py:830} INFO - Processing file /home/airflow/.local/lib/python3.8/site-packages/airflow/example_dags/example_sensor_decorator.py for tasks to queue
[2025-05-04T22:29:02.667+0000] {logging_mixin.py:188} INFO - [2025-05-04T22:29:02.667+0000] {dagbag.py:538} INFO - Filling up the DagBag from /home/airflow/.local/lib/python3.8/site-packages/airflow/example_dags/example_sensor_decorator.py
[2025-05-04T22:29:02.670+0000] {processor.py:840} INFO - DAG(s) 'example_sensor_decorator' retrieved from /home/airflow/.local/lib/python3.8/site-packages/airflow/example_dags/example_sensor_decorator.py
[2025-05-04T22:29:02.682+0000] {logging_mixin.py:188} INFO - [2025-05-04T22:29:02.682+0000] {dag.py:3033} INFO - Sync 1 DAGs
[2025-05-04T22:29:02.688+0000] {logging_mixin.py:188} INFO - [2025-05-04T22:29:02.688+0000] {dag.py:3820} INFO - Setting next_dagrun for example_sensor_decorator to None, run_after=None
[2025-05-04T22:29:02.696+0000] {processor.py:183} INFO - Processing /home/airflow/.local/lib/python3.8/site-packages/airflow/example_dags/example_sensor_decorator.py took 0.032 seconds
[2025-05-04T22:29:33.505+0000] {processor.py:161} INFO - Started process (PID=508) to work on /home/airflow/.local/lib/python3.8/site-packages/airflow/example_dags/example_sensor_decorator.py
[2025-05-04T22:29:33.505+0000] {processor.py:830} INFO - Processing file /home/airflow/.local/lib/python3.8/site-packages/airflow/example_dags/example_sensor_decorator.py for tasks to queue
[2025-05-04T22:29:33.507+0000] {logging_mixin.py:188} INFO - [2025-05-04T22:29:33.507+0000] {dagbag.py:538} INFO - Filling up the DagBag from /home/airflow/.local/lib/python3.8/site-packages/airflow/example_dags/example_sensor_decorator.py
[2025-05-04T22:29:33.513+0000] {processor.py:840} INFO - DAG(s) 'example_sensor_decorator' retrieved from /home/airflow/.local/lib/python3.8/site-packages/airflow/example_dags/example_sensor_decorator.py
[2025-05-04T22:29:33.526+0000] {logging_mixin.py:188} INFO - [2025-05-04T22:29:33.525+0000] {dag.py:3033} INFO - Sync 1 DAGs
[2025-05-04T22:29:33.531+0000] {logging_mixin.py:188} INFO - [2025-05-04T22:29:33.531+0000] {dag.py:3820} INFO - Setting next_dagrun for example_sensor_decorator to None, run_after=None
[2025-05-04T22:29:33.541+0000] {processor.py:183} INFO - Processing /home/airflow/.local/lib/python3.8/site-packages/airflow/example_dags/example_sensor_decorator.py took 0.038 seconds
[2025-05-04T22:30:04.172+0000] {processor.py:161} INFO - Started process (PID=564) to work on /home/airflow/.local/lib/python3.8/site-packages/airflow/example_dags/example_sensor_decorator.py
[2025-05-04T22:30:04.173+0000] {processor.py:830} INFO - Processing file /home/airflow/.local/lib/python3.8/site-packages/airflow/example_dags/example_sensor_decorator.py for tasks to queue
[2025-05-04T22:30:04.174+0000] {logging_mixin.py:188} INFO - [2025-05-04T22:30:04.174+0000] {dagbag.py:538} INFO - Filling up the DagBag from /home/airflow/.local/lib/python3.8/site-packages/airflow/example_dags/example_sensor_decorator.py
[2025-05-04T22:30:04.177+0000] {processor.py:840} INFO - DAG(s) 'example_sensor_decorator' retrieved from /home/airflow/.local/lib/python3.8/site-packages/airflow/example_dags/example_sensor_decorator.py
[2025-05-04T22:30:04.189+0000] {logging_mixin.py:188} INFO - [2025-05-04T22:30:04.188+0000] {dag.py:3033} INFO - Sync 1 DAGs
[2025-05-04T22:30:04.197+0000] {logging_mixin.py:188} INFO - [2025-05-04T22:30:04.197+0000] {dag.py:3820} INFO - Setting next_dagrun for example_sensor_decorator to None, run_after=None
[2025-05-04T22:30:04.213+0000] {processor.py:183} INFO - Processing /home/airflow/.local/lib/python3.8/site-packages/airflow/example_dags/example_sensor_decorator.py took 0.042 seconds
[2025-05-04T22:30:34.933+0000] {processor.py:161} INFO - Started process (PID=620) to work on /home/airflow/.local/lib/python3.8/site-packages/airflow/example_dags/example_sensor_decorator.py
[2025-05-04T22:30:34.934+0000] {processor.py:830} INFO - Processing file /home/airflow/.local/lib/python3.8/site-packages/airflow/example_dags/example_sensor_decorator.py for tasks to queue
[2025-05-04T22:30:34.935+0000] {logging_mixin.py:188} INFO - [2025-05-04T22:30:34.935+0000] {dagbag.py:538} INFO - Filling up the DagBag from /home/airflow/.local/lib/python3.8/site-packages/airflow/example_dags/example_sensor_decorator.py
[2025-05-04T22:30:34.938+0000] {processor.py:840} INFO - DAG(s) 'example_sensor_decorator' retrieved from /home/airflow/.local/lib/python3.8/site-packages/airflow/example_dags/example_sensor_decorator.py
[2025-05-04T22:30:34.950+0000] {logging_mixin.py:188} INFO - [2025-05-04T22:30:34.950+0000] {dag.py:3033} INFO - Sync 1 DAGs
[2025-05-04T22:30:34.956+0000] {logging_mixin.py:188} INFO - [2025-05-04T22:30:34.956+0000] {dag.py:3820} INFO - Setting next_dagrun for example_sensor_decorator to None, run_after=None
[2025-05-04T22:30:34.969+0000] {processor.py:183} INFO - Processing /home/airflow/.local/lib/python3.8/site-packages/airflow/example_dags/example_sensor_decorator.py took 0.037 seconds
[2025-05-04T22:31:14.098+0000] {processor.py:161} INFO - Started process (PID=57) to work on /home/airflow/.local/lib/python3.8/site-packages/airflow/example_dags/example_sensor_decorator.py
[2025-05-04T22:31:14.099+0000] {processor.py:830} INFO - Processing file /home/airflow/.local/lib/python3.8/site-packages/airflow/example_dags/example_sensor_decorator.py for tasks to queue
[2025-05-04T22:31:14.100+0000] {logging_mixin.py:188} INFO - [2025-05-04T22:31:14.100+0000] {dagbag.py:538} INFO - Filling up the DagBag from /home/airflow/.local/lib/python3.8/site-packages/airflow/example_dags/example_sensor_decorator.py
[2025-05-04T22:31:14.107+0000] {processor.py:840} INFO - DAG(s) 'example_sensor_decorator' retrieved from /home/airflow/.local/lib/python3.8/site-packages/airflow/example_dags/example_sensor_decorator.py
[2025-05-04T22:31:14.120+0000] {logging_mixin.py:188} INFO - [2025-05-04T22:31:14.120+0000] {dag.py:3033} INFO - Sync 1 DAGs
[2025-05-04T22:31:14.135+0000] {logging_mixin.py:188} INFO - [2025-05-04T22:31:14.134+0000] {dag.py:3820} INFO - Setting next_dagrun for example_sensor_decorator to None, run_after=None
[2025-05-04T22:31:14.144+0000] {processor.py:183} INFO - Processing /home/airflow/.local/lib/python3.8/site-packages/airflow/example_dags/example_sensor_decorator.py took 0.049 seconds
[2025-05-04T22:31:44.314+0000] {processor.py:161} INFO - Started process (PID=113) to work on /home/airflow/.local/lib/python3.8/site-packages/airflow/example_dags/example_sensor_decorator.py
[2025-05-04T22:31:44.316+0000] {processor.py:830} INFO - Processing file /home/airflow/.local/lib/python3.8/site-packages/airflow/example_dags/example_sensor_decorator.py for tasks to queue
[2025-05-04T22:31:44.317+0000] {logging_mixin.py:188} INFO - [2025-05-04T22:31:44.317+0000] {dagbag.py:538} INFO - Filling up the DagBag from /home/airflow/.local/lib/python3.8/site-packages/airflow/example_dags/example_sensor_decorator.py
[2025-05-04T22:31:44.320+0000] {processor.py:840} INFO - DAG(s) 'example_sensor_decorator' retrieved from /home/airflow/.local/lib/python3.8/site-packages/airflow/example_dags/example_sensor_decorator.py
[2025-05-04T22:31:44.361+0000] {logging_mixin.py:188} INFO - [2025-05-04T22:31:44.361+0000] {dag.py:3033} INFO - Sync 1 DAGs
[2025-05-04T22:31:44.366+0000] {logging_mixin.py:188} INFO - [2025-05-04T22:31:44.366+0000] {dag.py:3820} INFO - Setting next_dagrun for example_sensor_decorator to None, run_after=None
[2025-05-04T22:31:44.380+0000] {processor.py:183} INFO - Processing /home/airflow/.local/lib/python3.8/site-packages/airflow/example_dags/example_sensor_decorator.py took 0.067 seconds
[2025-05-04T22:32:14.522+0000] {processor.py:161} INFO - Started process (PID=173) to work on /home/airflow/.local/lib/python3.8/site-packages/airflow/example_dags/example_sensor_decorator.py
[2025-05-04T22:32:14.523+0000] {processor.py:830} INFO - Processing file /home/airflow/.local/lib/python3.8/site-packages/airflow/example_dags/example_sensor_decorator.py for tasks to queue
[2025-05-04T22:32:14.524+0000] {logging_mixin.py:188} INFO - [2025-05-04T22:32:14.524+0000] {dagbag.py:538} INFO - Filling up the DagBag from /home/airflow/.local/lib/python3.8/site-packages/airflow/example_dags/example_sensor_decorator.py
[2025-05-04T22:32:14.527+0000] {processor.py:840} INFO - DAG(s) 'example_sensor_decorator' retrieved from /home/airflow/.local/lib/python3.8/site-packages/airflow/example_dags/example_sensor_decorator.py
[2025-05-04T22:32:14.539+0000] {logging_mixin.py:188} INFO - [2025-05-04T22:32:14.539+0000] {dag.py:3033} INFO - Sync 1 DAGs
[2025-05-04T22:32:14.545+0000] {logging_mixin.py:188} INFO - [2025-05-04T22:32:14.545+0000] {dag.py:3820} INFO - Setting next_dagrun for example_sensor_decorator to None, run_after=None
[2025-05-04T22:32:14.560+0000] {processor.py:183} INFO - Processing /home/airflow/.local/lib/python3.8/site-packages/airflow/example_dags/example_sensor_decorator.py took 0.040 seconds
[2025-05-04T22:32:45.346+0000] {processor.py:161} INFO - Started process (PID=229) to work on /home/airflow/.local/lib/python3.8/site-packages/airflow/example_dags/example_sensor_decorator.py
[2025-05-04T22:32:45.347+0000] {processor.py:830} INFO - Processing file /home/airflow/.local/lib/python3.8/site-packages/airflow/example_dags/example_sensor_decorator.py for tasks to queue
[2025-05-04T22:32:45.348+0000] {logging_mixin.py:188} INFO - [2025-05-04T22:32:45.348+0000] {dagbag.py:538} INFO - Filling up the DagBag from /home/airflow/.local/lib/python3.8/site-packages/airflow/example_dags/example_sensor_decorator.py
[2025-05-04T22:32:45.353+0000] {processor.py:840} INFO - DAG(s) 'example_sensor_decorator' retrieved from /home/airflow/.local/lib/python3.8/site-packages/airflow/example_dags/example_sensor_decorator.py
[2025-05-04T22:32:45.364+0000] {logging_mixin.py:188} INFO - [2025-05-04T22:32:45.363+0000] {dag.py:3033} INFO - Sync 1 DAGs
[2025-05-04T22:32:45.372+0000] {logging_mixin.py:188} INFO - [2025-05-04T22:32:45.372+0000] {dag.py:3820} INFO - Setting next_dagrun for example_sensor_decorator to None, run_after=None
[2025-05-04T22:32:45.384+0000] {processor.py:183} INFO - Processing /home/airflow/.local/lib/python3.8/site-packages/airflow/example_dags/example_sensor_decorator.py took 0.039 seconds
[2025-05-04T22:33:16.066+0000] {processor.py:161} INFO - Started process (PID=285) to work on /home/airflow/.local/lib/python3.8/site-packages/airflow/example_dags/example_sensor_decorator.py
[2025-05-04T22:33:16.066+0000] {processor.py:830} INFO - Processing file /home/airflow/.local/lib/python3.8/site-packages/airflow/example_dags/example_sensor_decorator.py for tasks to queue
[2025-05-04T22:33:16.067+0000] {logging_mixin.py:188} INFO - [2025-05-04T22:33:16.067+0000] {dagbag.py:538} INFO - Filling up the DagBag from /home/airflow/.local/lib/python3.8/site-packages/airflow/example_dags/example_sensor_decorator.py
[2025-05-04T22:33:16.070+0000] {processor.py:840} INFO - DAG(s) 'example_sensor_decorator' retrieved from /home/airflow/.local/lib/python3.8/site-packages/airflow/example_dags/example_sensor_decorator.py
[2025-05-04T22:33:16.080+0000] {logging_mixin.py:188} INFO - [2025-05-04T22:33:16.080+0000] {dag.py:3033} INFO - Sync 1 DAGs
[2025-05-04T22:33:16.086+0000] {logging_mixin.py:188} INFO - [2025-05-04T22:33:16.086+0000] {dag.py:3820} INFO - Setting next_dagrun for example_sensor_decorator to None, run_after=None
[2025-05-04T22:33:16.092+0000] {processor.py:183} INFO - Processing /home/airflow/.local/lib/python3.8/site-packages/airflow/example_dags/example_sensor_decorator.py took 0.028 seconds
[2025-05-04T22:33:46.755+0000] {processor.py:161} INFO - Started process (PID=341) to work on /home/airflow/.local/lib/python3.8/site-packages/airflow/example_dags/example_sensor_decorator.py
[2025-05-04T22:33:46.756+0000] {processor.py:830} INFO - Processing file /home/airflow/.local/lib/python3.8/site-packages/airflow/example_dags/example_sensor_decorator.py for tasks to queue
[2025-05-04T22:33:46.757+0000] {logging_mixin.py:188} INFO - [2025-05-04T22:33:46.757+0000] {dagbag.py:538} INFO - Filling up the DagBag from /home/airflow/.local/lib/python3.8/site-packages/airflow/example_dags/example_sensor_decorator.py
[2025-05-04T22:33:46.759+0000] {processor.py:840} INFO - DAG(s) 'example_sensor_decorator' retrieved from /home/airflow/.local/lib/python3.8/site-packages/airflow/example_dags/example_sensor_decorator.py
[2025-05-04T22:33:46.769+0000] {logging_mixin.py:188} INFO - [2025-05-04T22:33:46.768+0000] {dag.py:3033} INFO - Sync 1 DAGs
[2025-05-04T22:33:46.774+0000] {logging_mixin.py:188} INFO - [2025-05-04T22:33:46.774+0000] {dag.py:3820} INFO - Setting next_dagrun for example_sensor_decorator to None, run_after=None
[2025-05-04T22:33:46.782+0000] {processor.py:183} INFO - Processing /home/airflow/.local/lib/python3.8/site-packages/airflow/example_dags/example_sensor_decorator.py took 0.028 seconds
[2025-05-04T22:34:17.399+0000] {processor.py:161} INFO - Started process (PID=397) to work on /home/airflow/.local/lib/python3.8/site-packages/airflow/example_dags/example_sensor_decorator.py
[2025-05-04T22:34:17.399+0000] {processor.py:830} INFO - Processing file /home/airflow/.local/lib/python3.8/site-packages/airflow/example_dags/example_sensor_decorator.py for tasks to queue
[2025-05-04T22:34:17.400+0000] {logging_mixin.py:188} INFO - [2025-05-04T22:34:17.400+0000] {dagbag.py:538} INFO - Filling up the DagBag from /home/airflow/.local/lib/python3.8/site-packages/airflow/example_dags/example_sensor_decorator.py
[2025-05-04T22:34:17.403+0000] {processor.py:840} INFO - DAG(s) 'example_sensor_decorator' retrieved from /home/airflow/.local/lib/python3.8/site-packages/airflow/example_dags/example_sensor_decorator.py
[2025-05-04T22:34:17.413+0000] {logging_mixin.py:188} INFO - [2025-05-04T22:34:17.413+0000] {dag.py:3033} INFO - Sync 1 DAGs
[2025-05-04T22:34:17.421+0000] {logging_mixin.py:188} INFO - [2025-05-04T22:34:17.421+0000] {dag.py:3820} INFO - Setting next_dagrun for example_sensor_decorator to None, run_after=None
[2025-05-04T22:34:17.427+0000] {processor.py:183} INFO - Processing /home/airflow/.local/lib/python3.8/site-packages/airflow/example_dags/example_sensor_decorator.py took 0.030 seconds
[2025-05-04T22:36:25.230+0000] {processor.py:161} INFO - Started process (PID=55) to work on /home/airflow/.local/lib/python3.8/site-packages/airflow/example_dags/example_sensor_decorator.py
[2025-05-04T22:36:25.231+0000] {processor.py:830} INFO - Processing file /home/airflow/.local/lib/python3.8/site-packages/airflow/example_dags/example_sensor_decorator.py for tasks to queue
[2025-05-04T22:36:25.233+0000] {logging_mixin.py:188} INFO - [2025-05-04T22:36:25.233+0000] {dagbag.py:538} INFO - Filling up the DagBag from /home/airflow/.local/lib/python3.8/site-packages/airflow/example_dags/example_sensor_decorator.py
[2025-05-04T22:36:25.237+0000] {processor.py:840} INFO - DAG(s) 'example_sensor_decorator' retrieved from /home/airflow/.local/lib/python3.8/site-packages/airflow/example_dags/example_sensor_decorator.py
[2025-05-04T22:36:25.318+0000] {logging_mixin.py:188} INFO - [2025-05-04T22:36:25.318+0000] {dag.py:3033} INFO - Sync 1 DAGs
[2025-05-04T22:36:25.347+0000] {logging_mixin.py:188} INFO - [2025-05-04T22:36:25.347+0000] {dag.py:3820} INFO - Setting next_dagrun for example_sensor_decorator to None, run_after=None
[2025-05-04T22:36:25.377+0000] {processor.py:183} INFO - Processing /home/airflow/.local/lib/python3.8/site-packages/airflow/example_dags/example_sensor_decorator.py took 0.149 seconds
[2025-05-04T22:36:55.472+0000] {processor.py:161} INFO - Started process (PID=111) to work on /home/airflow/.local/lib/python3.8/site-packages/airflow/example_dags/example_sensor_decorator.py
[2025-05-04T22:36:55.472+0000] {processor.py:830} INFO - Processing file /home/airflow/.local/lib/python3.8/site-packages/airflow/example_dags/example_sensor_decorator.py for tasks to queue
[2025-05-04T22:36:55.474+0000] {logging_mixin.py:188} INFO - [2025-05-04T22:36:55.474+0000] {dagbag.py:538} INFO - Filling up the DagBag from /home/airflow/.local/lib/python3.8/site-packages/airflow/example_dags/example_sensor_decorator.py
[2025-05-04T22:36:55.477+0000] {processor.py:840} INFO - DAG(s) 'example_sensor_decorator' retrieved from /home/airflow/.local/lib/python3.8/site-packages/airflow/example_dags/example_sensor_decorator.py
[2025-05-04T22:36:55.520+0000] {logging_mixin.py:188} INFO - [2025-05-04T22:36:55.520+0000] {dag.py:3033} INFO - Sync 1 DAGs
[2025-05-04T22:36:55.527+0000] {logging_mixin.py:188} INFO - [2025-05-04T22:36:55.527+0000] {dag.py:3820} INFO - Setting next_dagrun for example_sensor_decorator to None, run_after=None
[2025-05-04T22:36:55.534+0000] {processor.py:183} INFO - Processing /home/airflow/.local/lib/python3.8/site-packages/airflow/example_dags/example_sensor_decorator.py took 0.064 seconds
[2025-05-04T22:37:25.780+0000] {processor.py:161} INFO - Started process (PID=167) to work on /home/airflow/.local/lib/python3.8/site-packages/airflow/example_dags/example_sensor_decorator.py
[2025-05-04T22:37:25.781+0000] {processor.py:830} INFO - Processing file /home/airflow/.local/lib/python3.8/site-packages/airflow/example_dags/example_sensor_decorator.py for tasks to queue
[2025-05-04T22:37:25.783+0000] {logging_mixin.py:188} INFO - [2025-05-04T22:37:25.783+0000] {dagbag.py:538} INFO - Filling up the DagBag from /home/airflow/.local/lib/python3.8/site-packages/airflow/example_dags/example_sensor_decorator.py
[2025-05-04T22:37:25.786+0000] {processor.py:840} INFO - DAG(s) 'example_sensor_decorator' retrieved from /home/airflow/.local/lib/python3.8/site-packages/airflow/example_dags/example_sensor_decorator.py
[2025-05-04T22:37:25.796+0000] {logging_mixin.py:188} INFO - [2025-05-04T22:37:25.796+0000] {dag.py:3033} INFO - Sync 1 DAGs
[2025-05-04T22:37:25.804+0000] {logging_mixin.py:188} INFO - [2025-05-04T22:37:25.804+0000] {dag.py:3820} INFO - Setting next_dagrun for example_sensor_decorator to None, run_after=None
[2025-05-04T22:37:25.817+0000] {processor.py:183} INFO - Processing /home/airflow/.local/lib/python3.8/site-packages/airflow/example_dags/example_sensor_decorator.py took 0.039 seconds
[2025-05-04T22:37:56.513+0000] {processor.py:161} INFO - Started process (PID=223) to work on /home/airflow/.local/lib/python3.8/site-packages/airflow/example_dags/example_sensor_decorator.py
[2025-05-04T22:37:56.513+0000] {processor.py:830} INFO - Processing file /home/airflow/.local/lib/python3.8/site-packages/airflow/example_dags/example_sensor_decorator.py for tasks to queue
[2025-05-04T22:37:56.514+0000] {logging_mixin.py:188} INFO - [2025-05-04T22:37:56.514+0000] {dagbag.py:538} INFO - Filling up the DagBag from /home/airflow/.local/lib/python3.8/site-packages/airflow/example_dags/example_sensor_decorator.py
[2025-05-04T22:37:56.517+0000] {processor.py:840} INFO - DAG(s) 'example_sensor_decorator' retrieved from /home/airflow/.local/lib/python3.8/site-packages/airflow/example_dags/example_sensor_decorator.py
[2025-05-04T22:37:56.528+0000] {logging_mixin.py:188} INFO - [2025-05-04T22:37:56.528+0000] {dag.py:3033} INFO - Sync 1 DAGs
[2025-05-04T22:37:56.538+0000] {logging_mixin.py:188} INFO - [2025-05-04T22:37:56.538+0000] {dag.py:3820} INFO - Setting next_dagrun for example_sensor_decorator to None, run_after=None
[2025-05-04T22:37:56.551+0000] {processor.py:183} INFO - Processing /home/airflow/.local/lib/python3.8/site-packages/airflow/example_dags/example_sensor_decorator.py took 0.040 seconds
[2025-05-04T22:38:27.170+0000] {processor.py:161} INFO - Started process (PID=279) to work on /home/airflow/.local/lib/python3.8/site-packages/airflow/example_dags/example_sensor_decorator.py
[2025-05-04T22:38:27.171+0000] {processor.py:830} INFO - Processing file /home/airflow/.local/lib/python3.8/site-packages/airflow/example_dags/example_sensor_decorator.py for tasks to queue
[2025-05-04T22:38:27.172+0000] {logging_mixin.py:188} INFO - [2025-05-04T22:38:27.172+0000] {dagbag.py:538} INFO - Filling up the DagBag from /home/airflow/.local/lib/python3.8/site-packages/airflow/example_dags/example_sensor_decorator.py
[2025-05-04T22:38:27.174+0000] {processor.py:840} INFO - DAG(s) 'example_sensor_decorator' retrieved from /home/airflow/.local/lib/python3.8/site-packages/airflow/example_dags/example_sensor_decorator.py
[2025-05-04T22:38:27.183+0000] {logging_mixin.py:188} INFO - [2025-05-04T22:38:27.182+0000] {dag.py:3033} INFO - Sync 1 DAGs
[2025-05-04T22:38:27.188+0000] {logging_mixin.py:188} INFO - [2025-05-04T22:38:27.188+0000] {dag.py:3820} INFO - Setting next_dagrun for example_sensor_decorator to None, run_after=None
[2025-05-04T22:38:27.195+0000] {processor.py:183} INFO - Processing /home/airflow/.local/lib/python3.8/site-packages/airflow/example_dags/example_sensor_decorator.py took 0.026 seconds
[2025-05-04T22:38:57.911+0000] {processor.py:161} INFO - Started process (PID=335) to work on /home/airflow/.local/lib/python3.8/site-packages/airflow/example_dags/example_sensor_decorator.py
[2025-05-04T22:38:57.911+0000] {processor.py:830} INFO - Processing file /home/airflow/.local/lib/python3.8/site-packages/airflow/example_dags/example_sensor_decorator.py for tasks to queue
[2025-05-04T22:38:57.912+0000] {logging_mixin.py:188} INFO - [2025-05-04T22:38:57.912+0000] {dagbag.py:538} INFO - Filling up the DagBag from /home/airflow/.local/lib/python3.8/site-packages/airflow/example_dags/example_sensor_decorator.py
[2025-05-04T22:38:57.915+0000] {processor.py:840} INFO - DAG(s) 'example_sensor_decorator' retrieved from /home/airflow/.local/lib/python3.8/site-packages/airflow/example_dags/example_sensor_decorator.py
[2025-05-04T22:38:57.923+0000] {logging_mixin.py:188} INFO - [2025-05-04T22:38:57.923+0000] {dag.py:3033} INFO - Sync 1 DAGs
[2025-05-04T22:38:57.929+0000] {logging_mixin.py:188} INFO - [2025-05-04T22:38:57.929+0000] {dag.py:3820} INFO - Setting next_dagrun for example_sensor_decorator to None, run_after=None
[2025-05-04T22:38:57.936+0000] {processor.py:183} INFO - Processing /home/airflow/.local/lib/python3.8/site-packages/airflow/example_dags/example_sensor_decorator.py took 0.026 seconds
[2025-05-04T22:39:28.803+0000] {processor.py:161} INFO - Started process (PID=391) to work on /home/airflow/.local/lib/python3.8/site-packages/airflow/example_dags/example_sensor_decorator.py
[2025-05-04T22:39:28.804+0000] {processor.py:830} INFO - Processing file /home/airflow/.local/lib/python3.8/site-packages/airflow/example_dags/example_sensor_decorator.py for tasks to queue
[2025-05-04T22:39:28.805+0000] {logging_mixin.py:188} INFO - [2025-05-04T22:39:28.805+0000] {dagbag.py:538} INFO - Filling up the DagBag from /home/airflow/.local/lib/python3.8/site-packages/airflow/example_dags/example_sensor_decorator.py
[2025-05-04T22:39:28.809+0000] {processor.py:840} INFO - DAG(s) 'example_sensor_decorator' retrieved from /home/airflow/.local/lib/python3.8/site-packages/airflow/example_dags/example_sensor_decorator.py
[2025-05-04T22:39:28.819+0000] {logging_mixin.py:188} INFO - [2025-05-04T22:39:28.819+0000] {dag.py:3033} INFO - Sync 1 DAGs
[2025-05-04T22:39:28.827+0000] {logging_mixin.py:188} INFO - [2025-05-04T22:39:28.827+0000] {dag.py:3820} INFO - Setting next_dagrun for example_sensor_decorator to None, run_after=None
[2025-05-04T22:39:28.840+0000] {processor.py:183} INFO - Processing /home/airflow/.local/lib/python3.8/site-packages/airflow/example_dags/example_sensor_decorator.py took 0.038 seconds
[2025-05-04T22:39:59.542+0000] {processor.py:161} INFO - Started process (PID=448) to work on /home/airflow/.local/lib/python3.8/site-packages/airflow/example_dags/example_sensor_decorator.py
[2025-05-04T22:39:59.543+0000] {processor.py:830} INFO - Processing file /home/airflow/.local/lib/python3.8/site-packages/airflow/example_dags/example_sensor_decorator.py for tasks to queue
[2025-05-04T22:39:59.544+0000] {logging_mixin.py:188} INFO - [2025-05-04T22:39:59.543+0000] {dagbag.py:538} INFO - Filling up the DagBag from /home/airflow/.local/lib/python3.8/site-packages/airflow/example_dags/example_sensor_decorator.py
[2025-05-04T22:39:59.547+0000] {processor.py:840} INFO - DAG(s) 'example_sensor_decorator' retrieved from /home/airflow/.local/lib/python3.8/site-packages/airflow/example_dags/example_sensor_decorator.py
[2025-05-04T22:39:59.556+0000] {logging_mixin.py:188} INFO - [2025-05-04T22:39:59.556+0000] {dag.py:3033} INFO - Sync 1 DAGs
[2025-05-04T22:39:59.564+0000] {logging_mixin.py:188} INFO - [2025-05-04T22:39:59.564+0000] {dag.py:3820} INFO - Setting next_dagrun for example_sensor_decorator to None, run_after=None
[2025-05-04T22:39:59.576+0000] {processor.py:183} INFO - Processing /home/airflow/.local/lib/python3.8/site-packages/airflow/example_dags/example_sensor_decorator.py took 0.035 seconds
[2025-05-04T22:40:30.575+0000] {processor.py:161} INFO - Started process (PID=504) to work on /home/airflow/.local/lib/python3.8/site-packages/airflow/example_dags/example_sensor_decorator.py
[2025-05-04T22:40:30.575+0000] {processor.py:830} INFO - Processing file /home/airflow/.local/lib/python3.8/site-packages/airflow/example_dags/example_sensor_decorator.py for tasks to queue
[2025-05-04T22:40:30.576+0000] {logging_mixin.py:188} INFO - [2025-05-04T22:40:30.576+0000] {dagbag.py:538} INFO - Filling up the DagBag from /home/airflow/.local/lib/python3.8/site-packages/airflow/example_dags/example_sensor_decorator.py
[2025-05-04T22:40:30.580+0000] {processor.py:840} INFO - DAG(s) 'example_sensor_decorator' retrieved from /home/airflow/.local/lib/python3.8/site-packages/airflow/example_dags/example_sensor_decorator.py
[2025-05-04T22:40:30.599+0000] {logging_mixin.py:188} INFO - [2025-05-04T22:40:30.599+0000] {dag.py:3033} INFO - Sync 1 DAGs
[2025-05-04T22:40:30.607+0000] {logging_mixin.py:188} INFO - [2025-05-04T22:40:30.607+0000] {dag.py:3820} INFO - Setting next_dagrun for example_sensor_decorator to None, run_after=None
[2025-05-04T22:40:30.619+0000] {processor.py:183} INFO - Processing /home/airflow/.local/lib/python3.8/site-packages/airflow/example_dags/example_sensor_decorator.py took 0.046 seconds
[2025-05-04T22:41:00.701+0000] {processor.py:161} INFO - Started process (PID=560) to work on /home/airflow/.local/lib/python3.8/site-packages/airflow/example_dags/example_sensor_decorator.py
[2025-05-04T22:41:00.702+0000] {processor.py:830} INFO - Processing file /home/airflow/.local/lib/python3.8/site-packages/airflow/example_dags/example_sensor_decorator.py for tasks to queue
[2025-05-04T22:41:00.703+0000] {logging_mixin.py:188} INFO - [2025-05-04T22:41:00.703+0000] {dagbag.py:538} INFO - Filling up the DagBag from /home/airflow/.local/lib/python3.8/site-packages/airflow/example_dags/example_sensor_decorator.py
[2025-05-04T22:41:00.706+0000] {processor.py:840} INFO - DAG(s) 'example_sensor_decorator' retrieved from /home/airflow/.local/lib/python3.8/site-packages/airflow/example_dags/example_sensor_decorator.py
[2025-05-04T22:41:00.718+0000] {logging_mixin.py:188} INFO - [2025-05-04T22:41:00.718+0000] {dag.py:3033} INFO - Sync 1 DAGs
[2025-05-04T22:41:00.725+0000] {logging_mixin.py:188} INFO - [2025-05-04T22:41:00.725+0000] {dag.py:3820} INFO - Setting next_dagrun for example_sensor_decorator to None, run_after=None
[2025-05-04T22:41:00.737+0000] {processor.py:183} INFO - Processing /home/airflow/.local/lib/python3.8/site-packages/airflow/example_dags/example_sensor_decorator.py took 0.038 seconds
[2025-05-04T22:41:31.391+0000] {processor.py:161} INFO - Started process (PID=616) to work on /home/airflow/.local/lib/python3.8/site-packages/airflow/example_dags/example_sensor_decorator.py
[2025-05-04T22:41:31.394+0000] {processor.py:830} INFO - Processing file /home/airflow/.local/lib/python3.8/site-packages/airflow/example_dags/example_sensor_decorator.py for tasks to queue
[2025-05-04T22:41:31.395+0000] {logging_mixin.py:188} INFO - [2025-05-04T22:41:31.395+0000] {dagbag.py:538} INFO - Filling up the DagBag from /home/airflow/.local/lib/python3.8/site-packages/airflow/example_dags/example_sensor_decorator.py
[2025-05-04T22:41:31.400+0000] {processor.py:840} INFO - DAG(s) 'example_sensor_decorator' retrieved from /home/airflow/.local/lib/python3.8/site-packages/airflow/example_dags/example_sensor_decorator.py
[2025-05-04T22:41:31.413+0000] {logging_mixin.py:188} INFO - [2025-05-04T22:41:31.413+0000] {dag.py:3033} INFO - Sync 1 DAGs
[2025-05-04T22:41:31.423+0000] {logging_mixin.py:188} INFO - [2025-05-04T22:41:31.423+0000] {dag.py:3820} INFO - Setting next_dagrun for example_sensor_decorator to None, run_after=None
[2025-05-04T22:41:31.431+0000] {processor.py:183} INFO - Processing /home/airflow/.local/lib/python3.8/site-packages/airflow/example_dags/example_sensor_decorator.py took 0.041 seconds
[2025-05-04T22:42:02.259+0000] {processor.py:161} INFO - Started process (PID=672) to work on /home/airflow/.local/lib/python3.8/site-packages/airflow/example_dags/example_sensor_decorator.py
[2025-05-04T22:42:02.260+0000] {processor.py:830} INFO - Processing file /home/airflow/.local/lib/python3.8/site-packages/airflow/example_dags/example_sensor_decorator.py for tasks to queue
[2025-05-04T22:42:02.261+0000] {logging_mixin.py:188} INFO - [2025-05-04T22:42:02.261+0000] {dagbag.py:538} INFO - Filling up the DagBag from /home/airflow/.local/lib/python3.8/site-packages/airflow/example_dags/example_sensor_decorator.py
[2025-05-04T22:42:02.264+0000] {processor.py:840} INFO - DAG(s) 'example_sensor_decorator' retrieved from /home/airflow/.local/lib/python3.8/site-packages/airflow/example_dags/example_sensor_decorator.py
[2025-05-04T22:42:02.275+0000] {logging_mixin.py:188} INFO - [2025-05-04T22:42:02.275+0000] {dag.py:3033} INFO - Sync 1 DAGs
[2025-05-04T22:42:02.283+0000] {logging_mixin.py:188} INFO - [2025-05-04T22:42:02.283+0000] {dag.py:3820} INFO - Setting next_dagrun for example_sensor_decorator to None, run_after=None
[2025-05-04T22:42:02.292+0000] {processor.py:183} INFO - Processing /home/airflow/.local/lib/python3.8/site-packages/airflow/example_dags/example_sensor_decorator.py took 0.035 seconds
[2025-05-04T22:42:33.026+0000] {processor.py:161} INFO - Started process (PID=728) to work on /home/airflow/.local/lib/python3.8/site-packages/airflow/example_dags/example_sensor_decorator.py
[2025-05-04T22:42:33.027+0000] {processor.py:830} INFO - Processing file /home/airflow/.local/lib/python3.8/site-packages/airflow/example_dags/example_sensor_decorator.py for tasks to queue
[2025-05-04T22:42:33.029+0000] {logging_mixin.py:188} INFO - [2025-05-04T22:42:33.029+0000] {dagbag.py:538} INFO - Filling up the DagBag from /home/airflow/.local/lib/python3.8/site-packages/airflow/example_dags/example_sensor_decorator.py
[2025-05-04T22:42:33.032+0000] {processor.py:840} INFO - DAG(s) 'example_sensor_decorator' retrieved from /home/airflow/.local/lib/python3.8/site-packages/airflow/example_dags/example_sensor_decorator.py
[2025-05-04T22:42:33.044+0000] {logging_mixin.py:188} INFO - [2025-05-04T22:42:33.044+0000] {dag.py:3033} INFO - Sync 1 DAGs
[2025-05-04T22:42:33.054+0000] {logging_mixin.py:188} INFO - [2025-05-04T22:42:33.054+0000] {dag.py:3820} INFO - Setting next_dagrun for example_sensor_decorator to None, run_after=None
[2025-05-04T22:42:33.062+0000] {processor.py:183} INFO - Processing /home/airflow/.local/lib/python3.8/site-packages/airflow/example_dags/example_sensor_decorator.py took 0.037 seconds
[2025-05-04T22:43:03.903+0000] {processor.py:161} INFO - Started process (PID=784) to work on /home/airflow/.local/lib/python3.8/site-packages/airflow/example_dags/example_sensor_decorator.py
[2025-05-04T22:43:03.905+0000] {processor.py:830} INFO - Processing file /home/airflow/.local/lib/python3.8/site-packages/airflow/example_dags/example_sensor_decorator.py for tasks to queue
[2025-05-04T22:43:03.906+0000] {logging_mixin.py:188} INFO - [2025-05-04T22:43:03.906+0000] {dagbag.py:538} INFO - Filling up the DagBag from /home/airflow/.local/lib/python3.8/site-packages/airflow/example_dags/example_sensor_decorator.py
[2025-05-04T22:43:03.908+0000] {processor.py:840} INFO - DAG(s) 'example_sensor_decorator' retrieved from /home/airflow/.local/lib/python3.8/site-packages/airflow/example_dags/example_sensor_decorator.py
[2025-05-04T22:43:03.917+0000] {logging_mixin.py:188} INFO - [2025-05-04T22:43:03.917+0000] {dag.py:3033} INFO - Sync 1 DAGs
[2025-05-04T22:43:03.922+0000] {logging_mixin.py:188} INFO - [2025-05-04T22:43:03.922+0000] {dag.py:3820} INFO - Setting next_dagrun for example_sensor_decorator to None, run_after=None
[2025-05-04T22:43:03.929+0000] {processor.py:183} INFO - Processing /home/airflow/.local/lib/python3.8/site-packages/airflow/example_dags/example_sensor_decorator.py took 0.027 seconds
[2025-05-04T22:43:34.904+0000] {processor.py:161} INFO - Started process (PID=840) to work on /home/airflow/.local/lib/python3.8/site-packages/airflow/example_dags/example_sensor_decorator.py
[2025-05-04T22:43:34.904+0000] {processor.py:830} INFO - Processing file /home/airflow/.local/lib/python3.8/site-packages/airflow/example_dags/example_sensor_decorator.py for tasks to queue
[2025-05-04T22:43:34.905+0000] {logging_mixin.py:188} INFO - [2025-05-04T22:43:34.905+0000] {dagbag.py:538} INFO - Filling up the DagBag from /home/airflow/.local/lib/python3.8/site-packages/airflow/example_dags/example_sensor_decorator.py
[2025-05-04T22:43:34.907+0000] {processor.py:840} INFO - DAG(s) 'example_sensor_decorator' retrieved from /home/airflow/.local/lib/python3.8/site-packages/airflow/example_dags/example_sensor_decorator.py
[2025-05-04T22:43:34.915+0000] {logging_mixin.py:188} INFO - [2025-05-04T22:43:34.915+0000] {dag.py:3033} INFO - Sync 1 DAGs
[2025-05-04T22:43:34.920+0000] {logging_mixin.py:188} INFO - [2025-05-04T22:43:34.920+0000] {dag.py:3820} INFO - Setting next_dagrun for example_sensor_decorator to None, run_after=None
[2025-05-04T22:43:34.927+0000] {processor.py:183} INFO - Processing /home/airflow/.local/lib/python3.8/site-packages/airflow/example_dags/example_sensor_decorator.py took 0.024 seconds
[2025-05-04T22:44:05.656+0000] {processor.py:161} INFO - Started process (PID=896) to work on /home/airflow/.local/lib/python3.8/site-packages/airflow/example_dags/example_sensor_decorator.py
[2025-05-04T22:44:05.657+0000] {processor.py:830} INFO - Processing file /home/airflow/.local/lib/python3.8/site-packages/airflow/example_dags/example_sensor_decorator.py for tasks to queue
[2025-05-04T22:44:05.658+0000] {logging_mixin.py:188} INFO - [2025-05-04T22:44:05.657+0000] {dagbag.py:538} INFO - Filling up the DagBag from /home/airflow/.local/lib/python3.8/site-packages/airflow/example_dags/example_sensor_decorator.py
[2025-05-04T22:44:05.660+0000] {processor.py:840} INFO - DAG(s) 'example_sensor_decorator' retrieved from /home/airflow/.local/lib/python3.8/site-packages/airflow/example_dags/example_sensor_decorator.py
[2025-05-04T22:44:05.669+0000] {logging_mixin.py:188} INFO - [2025-05-04T22:44:05.669+0000] {dag.py:3033} INFO - Sync 1 DAGs
[2025-05-04T22:44:05.680+0000] {logging_mixin.py:188} INFO - [2025-05-04T22:44:05.680+0000] {dag.py:3820} INFO - Setting next_dagrun for example_sensor_decorator to None, run_after=None
[2025-05-04T22:44:05.694+0000] {processor.py:183} INFO - Processing /home/airflow/.local/lib/python3.8/site-packages/airflow/example_dags/example_sensor_decorator.py took 0.039 seconds
[2025-05-04T22:44:36.470+0000] {processor.py:161} INFO - Started process (PID=952) to work on /home/airflow/.local/lib/python3.8/site-packages/airflow/example_dags/example_sensor_decorator.py
[2025-05-04T22:44:36.472+0000] {processor.py:830} INFO - Processing file /home/airflow/.local/lib/python3.8/site-packages/airflow/example_dags/example_sensor_decorator.py for tasks to queue
[2025-05-04T22:44:36.472+0000] {logging_mixin.py:188} INFO - [2025-05-04T22:44:36.472+0000] {dagbag.py:538} INFO - Filling up the DagBag from /home/airflow/.local/lib/python3.8/site-packages/airflow/example_dags/example_sensor_decorator.py
[2025-05-04T22:44:36.477+0000] {processor.py:840} INFO - DAG(s) 'example_sensor_decorator' retrieved from /home/airflow/.local/lib/python3.8/site-packages/airflow/example_dags/example_sensor_decorator.py
[2025-05-04T22:44:36.493+0000] {logging_mixin.py:188} INFO - [2025-05-04T22:44:36.493+0000] {dag.py:3033} INFO - Sync 1 DAGs
[2025-05-04T22:44:36.499+0000] {logging_mixin.py:188} INFO - [2025-05-04T22:44:36.499+0000] {dag.py:3820} INFO - Setting next_dagrun for example_sensor_decorator to None, run_after=None
[2025-05-04T22:44:36.509+0000] {processor.py:183} INFO - Processing /home/airflow/.local/lib/python3.8/site-packages/airflow/example_dags/example_sensor_decorator.py took 0.040 seconds
[2025-05-04T22:45:07.295+0000] {processor.py:161} INFO - Started process (PID=1008) to work on /home/airflow/.local/lib/python3.8/site-packages/airflow/example_dags/example_sensor_decorator.py
[2025-05-04T22:45:07.295+0000] {processor.py:830} INFO - Processing file /home/airflow/.local/lib/python3.8/site-packages/airflow/example_dags/example_sensor_decorator.py for tasks to queue
[2025-05-04T22:45:07.296+0000] {logging_mixin.py:188} INFO - [2025-05-04T22:45:07.296+0000] {dagbag.py:538} INFO - Filling up the DagBag from /home/airflow/.local/lib/python3.8/site-packages/airflow/example_dags/example_sensor_decorator.py
[2025-05-04T22:45:07.299+0000] {processor.py:840} INFO - DAG(s) 'example_sensor_decorator' retrieved from /home/airflow/.local/lib/python3.8/site-packages/airflow/example_dags/example_sensor_decorator.py
[2025-05-04T22:45:07.309+0000] {logging_mixin.py:188} INFO - [2025-05-04T22:45:07.309+0000] {dag.py:3033} INFO - Sync 1 DAGs
[2025-05-04T22:45:07.318+0000] {logging_mixin.py:188} INFO - [2025-05-04T22:45:07.318+0000] {dag.py:3820} INFO - Setting next_dagrun for example_sensor_decorator to None, run_after=None
[2025-05-04T22:45:07.330+0000] {processor.py:183} INFO - Processing /home/airflow/.local/lib/python3.8/site-packages/airflow/example_dags/example_sensor_decorator.py took 0.037 seconds
[2025-05-04T22:45:38.224+0000] {processor.py:161} INFO - Started process (PID=1064) to work on /home/airflow/.local/lib/python3.8/site-packages/airflow/example_dags/example_sensor_decorator.py
[2025-05-04T22:45:38.225+0000] {processor.py:830} INFO - Processing file /home/airflow/.local/lib/python3.8/site-packages/airflow/example_dags/example_sensor_decorator.py for tasks to queue
[2025-05-04T22:45:38.226+0000] {logging_mixin.py:188} INFO - [2025-05-04T22:45:38.226+0000] {dagbag.py:538} INFO - Filling up the DagBag from /home/airflow/.local/lib/python3.8/site-packages/airflow/example_dags/example_sensor_decorator.py
[2025-05-04T22:45:38.229+0000] {processor.py:840} INFO - DAG(s) 'example_sensor_decorator' retrieved from /home/airflow/.local/lib/python3.8/site-packages/airflow/example_dags/example_sensor_decorator.py
[2025-05-04T22:45:38.237+0000] {logging_mixin.py:188} INFO - [2025-05-04T22:45:38.237+0000] {dag.py:3033} INFO - Sync 1 DAGs
[2025-05-04T22:45:38.242+0000] {logging_mixin.py:188} INFO - [2025-05-04T22:45:38.242+0000] {dag.py:3820} INFO - Setting next_dagrun for example_sensor_decorator to None, run_after=None
[2025-05-04T22:45:38.249+0000] {processor.py:183} INFO - Processing /home/airflow/.local/lib/python3.8/site-packages/airflow/example_dags/example_sensor_decorator.py took 0.026 seconds
[2025-05-04T22:46:31.502+0000] {processor.py:161} INFO - Started process (PID=56) to work on /home/airflow/.local/lib/python3.8/site-packages/airflow/example_dags/example_sensor_decorator.py
[2025-05-04T22:46:31.503+0000] {processor.py:830} INFO - Processing file /home/airflow/.local/lib/python3.8/site-packages/airflow/example_dags/example_sensor_decorator.py for tasks to queue
[2025-05-04T22:46:31.504+0000] {logging_mixin.py:188} INFO - [2025-05-04T22:46:31.504+0000] {dagbag.py:538} INFO - Filling up the DagBag from /home/airflow/.local/lib/python3.8/site-packages/airflow/example_dags/example_sensor_decorator.py
[2025-05-04T22:46:31.513+0000] {processor.py:840} INFO - DAG(s) 'example_sensor_decorator' retrieved from /home/airflow/.local/lib/python3.8/site-packages/airflow/example_dags/example_sensor_decorator.py
[2025-05-04T22:46:31.533+0000] {logging_mixin.py:188} INFO - [2025-05-04T22:46:31.533+0000] {dag.py:3033} INFO - Sync 1 DAGs
[2025-05-04T22:46:31.548+0000] {logging_mixin.py:188} INFO - [2025-05-04T22:46:31.548+0000] {dag.py:3820} INFO - Setting next_dagrun for example_sensor_decorator to None, run_after=None
[2025-05-04T22:46:31.575+0000] {processor.py:183} INFO - Processing /home/airflow/.local/lib/python3.8/site-packages/airflow/example_dags/example_sensor_decorator.py took 0.076 seconds
[2025-05-04T22:46:56.078+0000] {processor.py:161} INFO - Started process (PID=55) to work on /home/airflow/.local/lib/python3.8/site-packages/airflow/example_dags/example_sensor_decorator.py
[2025-05-04T22:46:56.079+0000] {processor.py:830} INFO - Processing file /home/airflow/.local/lib/python3.8/site-packages/airflow/example_dags/example_sensor_decorator.py for tasks to queue
[2025-05-04T22:46:56.082+0000] {logging_mixin.py:188} INFO - [2025-05-04T22:46:56.081+0000] {dagbag.py:538} INFO - Filling up the DagBag from /home/airflow/.local/lib/python3.8/site-packages/airflow/example_dags/example_sensor_decorator.py
[2025-05-04T22:46:56.088+0000] {processor.py:840} INFO - DAG(s) 'example_sensor_decorator' retrieved from /home/airflow/.local/lib/python3.8/site-packages/airflow/example_dags/example_sensor_decorator.py
[2025-05-04T22:46:56.109+0000] {logging_mixin.py:188} INFO - [2025-05-04T22:46:56.109+0000] {dag.py:3033} INFO - Sync 1 DAGs
[2025-05-04T22:46:56.130+0000] {logging_mixin.py:188} INFO - [2025-05-04T22:46:56.130+0000] {dag.py:3820} INFO - Setting next_dagrun for example_sensor_decorator to None, run_after=None
[2025-05-04T22:46:56.151+0000] {processor.py:183} INFO - Processing /home/airflow/.local/lib/python3.8/site-packages/airflow/example_dags/example_sensor_decorator.py took 0.076 seconds
[2025-05-04T22:47:51.778+0000] {processor.py:161} INFO - Started process (PID=56) to work on /home/airflow/.local/lib/python3.8/site-packages/airflow/example_dags/example_sensor_decorator.py
[2025-05-04T22:47:51.779+0000] {processor.py:830} INFO - Processing file /home/airflow/.local/lib/python3.8/site-packages/airflow/example_dags/example_sensor_decorator.py for tasks to queue
[2025-05-04T22:47:51.780+0000] {logging_mixin.py:188} INFO - [2025-05-04T22:47:51.780+0000] {dagbag.py:538} INFO - Filling up the DagBag from /home/airflow/.local/lib/python3.8/site-packages/airflow/example_dags/example_sensor_decorator.py
[2025-05-04T22:47:51.783+0000] {processor.py:840} INFO - DAG(s) 'example_sensor_decorator' retrieved from /home/airflow/.local/lib/python3.8/site-packages/airflow/example_dags/example_sensor_decorator.py
[2025-05-04T22:47:51.799+0000] {logging_mixin.py:188} INFO - [2025-05-04T22:47:51.799+0000] {dag.py:3033} INFO - Sync 1 DAGs
[2025-05-04T22:47:51.824+0000] {logging_mixin.py:188} INFO - [2025-05-04T22:47:51.824+0000] {dag.py:3820} INFO - Setting next_dagrun for example_sensor_decorator to None, run_after=None
[2025-05-04T22:47:51.893+0000] {processor.py:183} INFO - Processing /home/airflow/.local/lib/python3.8/site-packages/airflow/example_dags/example_sensor_decorator.py took 0.117 seconds
[2025-05-04T22:48:21.932+0000] {processor.py:161} INFO - Started process (PID=112) to work on /home/airflow/.local/lib/python3.8/site-packages/airflow/example_dags/example_sensor_decorator.py
[2025-05-04T22:48:21.933+0000] {processor.py:830} INFO - Processing file /home/airflow/.local/lib/python3.8/site-packages/airflow/example_dags/example_sensor_decorator.py for tasks to queue
[2025-05-04T22:48:21.934+0000] {logging_mixin.py:188} INFO - [2025-05-04T22:48:21.934+0000] {dagbag.py:538} INFO - Filling up the DagBag from /home/airflow/.local/lib/python3.8/site-packages/airflow/example_dags/example_sensor_decorator.py
[2025-05-04T22:48:21.937+0000] {processor.py:840} INFO - DAG(s) 'example_sensor_decorator' retrieved from /home/airflow/.local/lib/python3.8/site-packages/airflow/example_dags/example_sensor_decorator.py
[2025-05-04T22:48:21.984+0000] {logging_mixin.py:188} INFO - [2025-05-04T22:48:21.984+0000] {dag.py:3033} INFO - Sync 1 DAGs
[2025-05-04T22:48:21.990+0000] {logging_mixin.py:188} INFO - [2025-05-04T22:48:21.989+0000] {dag.py:3820} INFO - Setting next_dagrun for example_sensor_decorator to None, run_after=None
[2025-05-04T22:48:22.004+0000] {processor.py:183} INFO - Processing /home/airflow/.local/lib/python3.8/site-packages/airflow/example_dags/example_sensor_decorator.py took 0.073 seconds
[2025-05-04T22:48:52.035+0000] {processor.py:161} INFO - Started process (PID=168) to work on /home/airflow/.local/lib/python3.8/site-packages/airflow/example_dags/example_sensor_decorator.py
[2025-05-04T22:48:52.035+0000] {processor.py:830} INFO - Processing file /home/airflow/.local/lib/python3.8/site-packages/airflow/example_dags/example_sensor_decorator.py for tasks to queue
[2025-05-04T22:48:52.036+0000] {logging_mixin.py:188} INFO - [2025-05-04T22:48:52.036+0000] {dagbag.py:538} INFO - Filling up the DagBag from /home/airflow/.local/lib/python3.8/site-packages/airflow/example_dags/example_sensor_decorator.py
[2025-05-04T22:48:52.039+0000] {processor.py:840} INFO - DAG(s) 'example_sensor_decorator' retrieved from /home/airflow/.local/lib/python3.8/site-packages/airflow/example_dags/example_sensor_decorator.py
[2025-05-04T22:48:52.047+0000] {logging_mixin.py:188} INFO - [2025-05-04T22:48:52.047+0000] {dag.py:3033} INFO - Sync 1 DAGs
[2025-05-04T22:48:52.051+0000] {logging_mixin.py:188} INFO - [2025-05-04T22:48:52.051+0000] {dag.py:3820} INFO - Setting next_dagrun for example_sensor_decorator to None, run_after=None
[2025-05-04T22:48:52.057+0000] {processor.py:183} INFO - Processing /home/airflow/.local/lib/python3.8/site-packages/airflow/example_dags/example_sensor_decorator.py took 0.023 seconds
[2025-05-04T22:49:23.006+0000] {processor.py:161} INFO - Started process (PID=224) to work on /home/airflow/.local/lib/python3.8/site-packages/airflow/example_dags/example_sensor_decorator.py
[2025-05-04T22:49:23.011+0000] {processor.py:830} INFO - Processing file /home/airflow/.local/lib/python3.8/site-packages/airflow/example_dags/example_sensor_decorator.py for tasks to queue
[2025-05-04T22:49:23.012+0000] {logging_mixin.py:188} INFO - [2025-05-04T22:49:23.012+0000] {dagbag.py:538} INFO - Filling up the DagBag from /home/airflow/.local/lib/python3.8/site-packages/airflow/example_dags/example_sensor_decorator.py
[2025-05-04T22:49:23.015+0000] {processor.py:840} INFO - DAG(s) 'example_sensor_decorator' retrieved from /home/airflow/.local/lib/python3.8/site-packages/airflow/example_dags/example_sensor_decorator.py
[2025-05-04T22:49:23.034+0000] {logging_mixin.py:188} INFO - [2025-05-04T22:49:23.034+0000] {dag.py:3033} INFO - Sync 1 DAGs
[2025-05-04T22:49:23.040+0000] {logging_mixin.py:188} INFO - [2025-05-04T22:49:23.039+0000] {dag.py:3820} INFO - Setting next_dagrun for example_sensor_decorator to None, run_after=None
[2025-05-04T22:49:23.051+0000] {processor.py:183} INFO - Processing /home/airflow/.local/lib/python3.8/site-packages/airflow/example_dags/example_sensor_decorator.py took 0.047 seconds
[2025-05-04T22:49:53.688+0000] {processor.py:161} INFO - Started process (PID=280) to work on /home/airflow/.local/lib/python3.8/site-packages/airflow/example_dags/example_sensor_decorator.py
[2025-05-04T22:49:53.688+0000] {processor.py:830} INFO - Processing file /home/airflow/.local/lib/python3.8/site-packages/airflow/example_dags/example_sensor_decorator.py for tasks to queue
[2025-05-04T22:49:53.689+0000] {logging_mixin.py:188} INFO - [2025-05-04T22:49:53.689+0000] {dagbag.py:538} INFO - Filling up the DagBag from /home/airflow/.local/lib/python3.8/site-packages/airflow/example_dags/example_sensor_decorator.py
[2025-05-04T22:49:53.691+0000] {processor.py:840} INFO - DAG(s) 'example_sensor_decorator' retrieved from /home/airflow/.local/lib/python3.8/site-packages/airflow/example_dags/example_sensor_decorator.py
[2025-05-04T22:49:53.699+0000] {logging_mixin.py:188} INFO - [2025-05-04T22:49:53.699+0000] {dag.py:3033} INFO - Sync 1 DAGs
[2025-05-04T22:49:53.703+0000] {logging_mixin.py:188} INFO - [2025-05-04T22:49:53.703+0000] {dag.py:3820} INFO - Setting next_dagrun for example_sensor_decorator to None, run_after=None
[2025-05-04T22:49:53.709+0000] {processor.py:183} INFO - Processing /home/airflow/.local/lib/python3.8/site-packages/airflow/example_dags/example_sensor_decorator.py took 0.022 seconds
[2025-05-04T22:50:24.373+0000] {processor.py:161} INFO - Started process (PID=336) to work on /home/airflow/.local/lib/python3.8/site-packages/airflow/example_dags/example_sensor_decorator.py
[2025-05-04T22:50:24.374+0000] {processor.py:830} INFO - Processing file /home/airflow/.local/lib/python3.8/site-packages/airflow/example_dags/example_sensor_decorator.py for tasks to queue
[2025-05-04T22:50:24.377+0000] {logging_mixin.py:188} INFO - [2025-05-04T22:50:24.377+0000] {dagbag.py:538} INFO - Filling up the DagBag from /home/airflow/.local/lib/python3.8/site-packages/airflow/example_dags/example_sensor_decorator.py
[2025-05-04T22:50:24.380+0000] {processor.py:840} INFO - DAG(s) 'example_sensor_decorator' retrieved from /home/airflow/.local/lib/python3.8/site-packages/airflow/example_dags/example_sensor_decorator.py
[2025-05-04T22:50:24.389+0000] {logging_mixin.py:188} INFO - [2025-05-04T22:50:24.389+0000] {dag.py:3033} INFO - Sync 1 DAGs
[2025-05-04T22:50:24.395+0000] {logging_mixin.py:188} INFO - [2025-05-04T22:50:24.395+0000] {dag.py:3820} INFO - Setting next_dagrun for example_sensor_decorator to None, run_after=None
[2025-05-04T22:50:24.406+0000] {processor.py:183} INFO - Processing /home/airflow/.local/lib/python3.8/site-packages/airflow/example_dags/example_sensor_decorator.py took 0.035 seconds
[2025-05-04T22:50:58.278+0000] {processor.py:161} INFO - Started process (PID=56) to work on /home/airflow/.local/lib/python3.8/site-packages/airflow/example_dags/example_sensor_decorator.py
[2025-05-04T22:50:58.282+0000] {processor.py:830} INFO - Processing file /home/airflow/.local/lib/python3.8/site-packages/airflow/example_dags/example_sensor_decorator.py for tasks to queue
[2025-05-04T22:50:58.284+0000] {logging_mixin.py:188} INFO - [2025-05-04T22:50:58.284+0000] {dagbag.py:538} INFO - Filling up the DagBag from /home/airflow/.local/lib/python3.8/site-packages/airflow/example_dags/example_sensor_decorator.py
[2025-05-04T22:50:58.291+0000] {processor.py:840} INFO - DAG(s) 'example_sensor_decorator' retrieved from /home/airflow/.local/lib/python3.8/site-packages/airflow/example_dags/example_sensor_decorator.py
[2025-05-04T22:50:58.305+0000] {logging_mixin.py:188} INFO - [2025-05-04T22:50:58.305+0000] {dag.py:3033} INFO - Sync 1 DAGs
[2025-05-04T22:50:58.314+0000] {logging_mixin.py:188} INFO - [2025-05-04T22:50:58.314+0000] {dag.py:3820} INFO - Setting next_dagrun for example_sensor_decorator to None, run_after=None
[2025-05-04T22:50:58.337+0000] {processor.py:183} INFO - Processing /home/airflow/.local/lib/python3.8/site-packages/airflow/example_dags/example_sensor_decorator.py took 0.064 seconds
[2025-05-04T22:51:28.483+0000] {processor.py:161} INFO - Started process (PID=112) to work on /home/airflow/.local/lib/python3.8/site-packages/airflow/example_dags/example_sensor_decorator.py
[2025-05-04T22:51:28.484+0000] {processor.py:830} INFO - Processing file /home/airflow/.local/lib/python3.8/site-packages/airflow/example_dags/example_sensor_decorator.py for tasks to queue
[2025-05-04T22:51:28.485+0000] {logging_mixin.py:188} INFO - [2025-05-04T22:51:28.485+0000] {dagbag.py:538} INFO - Filling up the DagBag from /home/airflow/.local/lib/python3.8/site-packages/airflow/example_dags/example_sensor_decorator.py
[2025-05-04T22:51:28.488+0000] {processor.py:840} INFO - DAG(s) 'example_sensor_decorator' retrieved from /home/airflow/.local/lib/python3.8/site-packages/airflow/example_dags/example_sensor_decorator.py
[2025-05-04T22:51:28.536+0000] {logging_mixin.py:188} INFO - [2025-05-04T22:51:28.535+0000] {dag.py:3033} INFO - Sync 1 DAGs
[2025-05-04T22:51:28.541+0000] {logging_mixin.py:188} INFO - [2025-05-04T22:51:28.541+0000] {dag.py:3820} INFO - Setting next_dagrun for example_sensor_decorator to None, run_after=None
[2025-05-04T22:51:28.552+0000] {processor.py:183} INFO - Processing /home/airflow/.local/lib/python3.8/site-packages/airflow/example_dags/example_sensor_decorator.py took 0.071 seconds
[2025-05-04T22:51:58.681+0000] {processor.py:161} INFO - Started process (PID=168) to work on /home/airflow/.local/lib/python3.8/site-packages/airflow/example_dags/example_sensor_decorator.py
[2025-05-04T22:51:58.682+0000] {processor.py:830} INFO - Processing file /home/airflow/.local/lib/python3.8/site-packages/airflow/example_dags/example_sensor_decorator.py for tasks to queue
[2025-05-04T22:51:58.684+0000] {logging_mixin.py:188} INFO - [2025-05-04T22:51:58.684+0000] {dagbag.py:538} INFO - Filling up the DagBag from /home/airflow/.local/lib/python3.8/site-packages/airflow/example_dags/example_sensor_decorator.py
[2025-05-04T22:51:58.687+0000] {processor.py:840} INFO - DAG(s) 'example_sensor_decorator' retrieved from /home/airflow/.local/lib/python3.8/site-packages/airflow/example_dags/example_sensor_decorator.py
[2025-05-04T22:51:58.696+0000] {logging_mixin.py:188} INFO - [2025-05-04T22:51:58.696+0000] {dag.py:3033} INFO - Sync 1 DAGs
[2025-05-04T22:51:58.702+0000] {logging_mixin.py:188} INFO - [2025-05-04T22:51:58.702+0000] {dag.py:3820} INFO - Setting next_dagrun for example_sensor_decorator to None, run_after=None
[2025-05-04T22:51:58.718+0000] {processor.py:183} INFO - Processing /home/airflow/.local/lib/python3.8/site-packages/airflow/example_dags/example_sensor_decorator.py took 0.039 seconds
[2025-05-04T22:52:29.508+0000] {processor.py:161} INFO - Started process (PID=224) to work on /home/airflow/.local/lib/python3.8/site-packages/airflow/example_dags/example_sensor_decorator.py
[2025-05-04T22:52:29.508+0000] {processor.py:830} INFO - Processing file /home/airflow/.local/lib/python3.8/site-packages/airflow/example_dags/example_sensor_decorator.py for tasks to queue
[2025-05-04T22:52:29.509+0000] {logging_mixin.py:188} INFO - [2025-05-04T22:52:29.509+0000] {dagbag.py:538} INFO - Filling up the DagBag from /home/airflow/.local/lib/python3.8/site-packages/airflow/example_dags/example_sensor_decorator.py
[2025-05-04T22:52:29.512+0000] {processor.py:840} INFO - DAG(s) 'example_sensor_decorator' retrieved from /home/airflow/.local/lib/python3.8/site-packages/airflow/example_dags/example_sensor_decorator.py
[2025-05-04T22:52:29.520+0000] {logging_mixin.py:188} INFO - [2025-05-04T22:52:29.520+0000] {dag.py:3033} INFO - Sync 1 DAGs
[2025-05-04T22:52:29.524+0000] {logging_mixin.py:188} INFO - [2025-05-04T22:52:29.524+0000] {dag.py:3820} INFO - Setting next_dagrun for example_sensor_decorator to None, run_after=None
[2025-05-04T22:52:29.530+0000] {processor.py:183} INFO - Processing /home/airflow/.local/lib/python3.8/site-packages/airflow/example_dags/example_sensor_decorator.py took 0.024 seconds
[2025-05-04T22:53:00.105+0000] {processor.py:161} INFO - Started process (PID=280) to work on /home/airflow/.local/lib/python3.8/site-packages/airflow/example_dags/example_sensor_decorator.py
[2025-05-04T22:53:00.105+0000] {processor.py:830} INFO - Processing file /home/airflow/.local/lib/python3.8/site-packages/airflow/example_dags/example_sensor_decorator.py for tasks to queue
[2025-05-04T22:53:00.106+0000] {logging_mixin.py:188} INFO - [2025-05-04T22:53:00.106+0000] {dagbag.py:538} INFO - Filling up the DagBag from /home/airflow/.local/lib/python3.8/site-packages/airflow/example_dags/example_sensor_decorator.py
[2025-05-04T22:53:00.109+0000] {processor.py:840} INFO - DAG(s) 'example_sensor_decorator' retrieved from /home/airflow/.local/lib/python3.8/site-packages/airflow/example_dags/example_sensor_decorator.py
[2025-05-04T22:53:00.117+0000] {logging_mixin.py:188} INFO - [2025-05-04T22:53:00.116+0000] {dag.py:3033} INFO - Sync 1 DAGs
[2025-05-04T22:53:00.121+0000] {logging_mixin.py:188} INFO - [2025-05-04T22:53:00.121+0000] {dag.py:3820} INFO - Setting next_dagrun for example_sensor_decorator to None, run_after=None
[2025-05-04T22:53:00.127+0000] {processor.py:183} INFO - Processing /home/airflow/.local/lib/python3.8/site-packages/airflow/example_dags/example_sensor_decorator.py took 0.023 seconds
[2025-05-04T22:58:00.585+0000] {processor.py:161} INFO - Started process (PID=56) to work on /home/airflow/.local/lib/python3.8/site-packages/airflow/example_dags/example_sensor_decorator.py
[2025-05-04T22:58:00.586+0000] {processor.py:830} INFO - Processing file /home/airflow/.local/lib/python3.8/site-packages/airflow/example_dags/example_sensor_decorator.py for tasks to queue
[2025-05-04T22:58:00.588+0000] {logging_mixin.py:188} INFO - [2025-05-04T22:58:00.587+0000] {dagbag.py:538} INFO - Filling up the DagBag from /home/airflow/.local/lib/python3.8/site-packages/airflow/example_dags/example_sensor_decorator.py
[2025-05-04T22:58:00.593+0000] {processor.py:840} INFO - DAG(s) 'example_sensor_decorator' retrieved from /home/airflow/.local/lib/python3.8/site-packages/airflow/example_dags/example_sensor_decorator.py
[2025-05-04T22:58:00.606+0000] {logging_mixin.py:188} INFO - [2025-05-04T22:58:00.606+0000] {dag.py:3033} INFO - Sync 1 DAGs
[2025-05-04T22:58:00.616+0000] {logging_mixin.py:188} INFO - [2025-05-04T22:58:00.615+0000] {dag.py:3820} INFO - Setting next_dagrun for example_sensor_decorator to None, run_after=None
[2025-05-04T22:58:00.641+0000] {processor.py:183} INFO - Processing /home/airflow/.local/lib/python3.8/site-packages/airflow/example_dags/example_sensor_decorator.py took 0.059 seconds
[2025-05-04T22:58:31.114+0000] {processor.py:161} INFO - Started process (PID=112) to work on /home/airflow/.local/lib/python3.8/site-packages/airflow/example_dags/example_sensor_decorator.py
[2025-05-04T22:58:31.115+0000] {processor.py:830} INFO - Processing file /home/airflow/.local/lib/python3.8/site-packages/airflow/example_dags/example_sensor_decorator.py for tasks to queue
[2025-05-04T22:58:31.116+0000] {logging_mixin.py:188} INFO - [2025-05-04T22:58:31.115+0000] {dagbag.py:538} INFO - Filling up the DagBag from /home/airflow/.local/lib/python3.8/site-packages/airflow/example_dags/example_sensor_decorator.py
[2025-05-04T22:58:31.119+0000] {processor.py:840} INFO - DAG(s) 'example_sensor_decorator' retrieved from /home/airflow/.local/lib/python3.8/site-packages/airflow/example_dags/example_sensor_decorator.py
[2025-05-04T22:58:31.171+0000] {logging_mixin.py:188} INFO - [2025-05-04T22:58:31.171+0000] {dag.py:3033} INFO - Sync 1 DAGs
[2025-05-04T22:58:31.176+0000] {logging_mixin.py:188} INFO - [2025-05-04T22:58:31.176+0000] {dag.py:3820} INFO - Setting next_dagrun for example_sensor_decorator to None, run_after=None
[2025-05-04T22:58:31.189+0000] {processor.py:183} INFO - Processing /home/airflow/.local/lib/python3.8/site-packages/airflow/example_dags/example_sensor_decorator.py took 0.077 seconds
[2025-05-04T22:59:01.377+0000] {processor.py:161} INFO - Started process (PID=168) to work on /home/airflow/.local/lib/python3.8/site-packages/airflow/example_dags/example_sensor_decorator.py
[2025-05-04T22:59:01.378+0000] {processor.py:830} INFO - Processing file /home/airflow/.local/lib/python3.8/site-packages/airflow/example_dags/example_sensor_decorator.py for tasks to queue
[2025-05-04T22:59:01.379+0000] {logging_mixin.py:188} INFO - [2025-05-04T22:59:01.378+0000] {dagbag.py:538} INFO - Filling up the DagBag from /home/airflow/.local/lib/python3.8/site-packages/airflow/example_dags/example_sensor_decorator.py
[2025-05-04T22:59:01.382+0000] {processor.py:840} INFO - DAG(s) 'example_sensor_decorator' retrieved from /home/airflow/.local/lib/python3.8/site-packages/airflow/example_dags/example_sensor_decorator.py
[2025-05-04T22:59:01.391+0000] {logging_mixin.py:188} INFO - [2025-05-04T22:59:01.391+0000] {dag.py:3033} INFO - Sync 1 DAGs
[2025-05-04T22:59:01.397+0000] {logging_mixin.py:188} INFO - [2025-05-04T22:59:01.397+0000] {dag.py:3820} INFO - Setting next_dagrun for example_sensor_decorator to None, run_after=None
[2025-05-04T22:59:01.413+0000] {processor.py:183} INFO - Processing /home/airflow/.local/lib/python3.8/site-packages/airflow/example_dags/example_sensor_decorator.py took 0.038 seconds
[2025-05-04T22:59:32.131+0000] {processor.py:161} INFO - Started process (PID=224) to work on /home/airflow/.local/lib/python3.8/site-packages/airflow/example_dags/example_sensor_decorator.py
[2025-05-04T22:59:32.132+0000] {processor.py:830} INFO - Processing file /home/airflow/.local/lib/python3.8/site-packages/airflow/example_dags/example_sensor_decorator.py for tasks to queue
[2025-05-04T22:59:32.133+0000] {logging_mixin.py:188} INFO - [2025-05-04T22:59:32.133+0000] {dagbag.py:538} INFO - Filling up the DagBag from /home/airflow/.local/lib/python3.8/site-packages/airflow/example_dags/example_sensor_decorator.py
[2025-05-04T22:59:32.136+0000] {processor.py:840} INFO - DAG(s) 'example_sensor_decorator' retrieved from /home/airflow/.local/lib/python3.8/site-packages/airflow/example_dags/example_sensor_decorator.py
[2025-05-04T22:59:32.146+0000] {logging_mixin.py:188} INFO - [2025-05-04T22:59:32.145+0000] {dag.py:3033} INFO - Sync 1 DAGs
[2025-05-04T22:59:32.151+0000] {logging_mixin.py:188} INFO - [2025-05-04T22:59:32.151+0000] {dag.py:3820} INFO - Setting next_dagrun for example_sensor_decorator to None, run_after=None
[2025-05-04T22:59:32.158+0000] {processor.py:183} INFO - Processing /home/airflow/.local/lib/python3.8/site-packages/airflow/example_dags/example_sensor_decorator.py took 0.029 seconds
[2025-05-04T23:00:02.976+0000] {processor.py:161} INFO - Started process (PID=280) to work on /home/airflow/.local/lib/python3.8/site-packages/airflow/example_dags/example_sensor_decorator.py
[2025-05-04T23:00:02.977+0000] {processor.py:830} INFO - Processing file /home/airflow/.local/lib/python3.8/site-packages/airflow/example_dags/example_sensor_decorator.py for tasks to queue
[2025-05-04T23:00:02.978+0000] {logging_mixin.py:188} INFO - [2025-05-04T23:00:02.978+0000] {dagbag.py:538} INFO - Filling up the DagBag from /home/airflow/.local/lib/python3.8/site-packages/airflow/example_dags/example_sensor_decorator.py
[2025-05-04T23:00:02.981+0000] {processor.py:840} INFO - DAG(s) 'example_sensor_decorator' retrieved from /home/airflow/.local/lib/python3.8/site-packages/airflow/example_dags/example_sensor_decorator.py
[2025-05-04T23:00:02.992+0000] {logging_mixin.py:188} INFO - [2025-05-04T23:00:02.992+0000] {dag.py:3033} INFO - Sync 1 DAGs
[2025-05-04T23:00:02.997+0000] {logging_mixin.py:188} INFO - [2025-05-04T23:00:02.997+0000] {dag.py:3820} INFO - Setting next_dagrun for example_sensor_decorator to None, run_after=None
[2025-05-04T23:00:03.009+0000] {processor.py:183} INFO - Processing /home/airflow/.local/lib/python3.8/site-packages/airflow/example_dags/example_sensor_decorator.py took 0.034 seconds
[2025-05-04T23:00:33.623+0000] {processor.py:161} INFO - Started process (PID=336) to work on /home/airflow/.local/lib/python3.8/site-packages/airflow/example_dags/example_sensor_decorator.py
[2025-05-04T23:00:33.624+0000] {processor.py:830} INFO - Processing file /home/airflow/.local/lib/python3.8/site-packages/airflow/example_dags/example_sensor_decorator.py for tasks to queue
[2025-05-04T23:00:33.625+0000] {logging_mixin.py:188} INFO - [2025-05-04T23:00:33.625+0000] {dagbag.py:538} INFO - Filling up the DagBag from /home/airflow/.local/lib/python3.8/site-packages/airflow/example_dags/example_sensor_decorator.py
[2025-05-04T23:00:33.628+0000] {processor.py:840} INFO - DAG(s) 'example_sensor_decorator' retrieved from /home/airflow/.local/lib/python3.8/site-packages/airflow/example_dags/example_sensor_decorator.py
[2025-05-04T23:00:33.638+0000] {logging_mixin.py:188} INFO - [2025-05-04T23:00:33.638+0000] {dag.py:3033} INFO - Sync 1 DAGs
[2025-05-04T23:00:33.644+0000] {logging_mixin.py:188} INFO - [2025-05-04T23:00:33.644+0000] {dag.py:3820} INFO - Setting next_dagrun for example_sensor_decorator to None, run_after=None
[2025-05-04T23:00:33.657+0000] {processor.py:183} INFO - Processing /home/airflow/.local/lib/python3.8/site-packages/airflow/example_dags/example_sensor_decorator.py took 0.035 seconds
[2025-05-04T23:01:04.271+0000] {processor.py:161} INFO - Started process (PID=398) to work on /home/airflow/.local/lib/python3.8/site-packages/airflow/example_dags/example_sensor_decorator.py
[2025-05-04T23:01:04.271+0000] {processor.py:830} INFO - Processing file /home/airflow/.local/lib/python3.8/site-packages/airflow/example_dags/example_sensor_decorator.py for tasks to queue
[2025-05-04T23:01:04.273+0000] {logging_mixin.py:188} INFO - [2025-05-04T23:01:04.273+0000] {dagbag.py:538} INFO - Filling up the DagBag from /home/airflow/.local/lib/python3.8/site-packages/airflow/example_dags/example_sensor_decorator.py
[2025-05-04T23:01:04.277+0000] {processor.py:840} INFO - DAG(s) 'example_sensor_decorator' retrieved from /home/airflow/.local/lib/python3.8/site-packages/airflow/example_dags/example_sensor_decorator.py
[2025-05-04T23:01:04.288+0000] {logging_mixin.py:188} INFO - [2025-05-04T23:01:04.288+0000] {dag.py:3033} INFO - Sync 1 DAGs
[2025-05-04T23:01:04.293+0000] {logging_mixin.py:188} INFO - [2025-05-04T23:01:04.293+0000] {dag.py:3820} INFO - Setting next_dagrun for example_sensor_decorator to None, run_after=None
[2025-05-04T23:01:04.302+0000] {processor.py:183} INFO - Processing /home/airflow/.local/lib/python3.8/site-packages/airflow/example_dags/example_sensor_decorator.py took 0.033 seconds
[2025-05-04T23:01:34.863+0000] {processor.py:161} INFO - Started process (PID=454) to work on /home/airflow/.local/lib/python3.8/site-packages/airflow/example_dags/example_sensor_decorator.py
[2025-05-04T23:01:34.864+0000] {processor.py:830} INFO - Processing file /home/airflow/.local/lib/python3.8/site-packages/airflow/example_dags/example_sensor_decorator.py for tasks to queue
[2025-05-04T23:01:34.865+0000] {logging_mixin.py:188} INFO - [2025-05-04T23:01:34.865+0000] {dagbag.py:538} INFO - Filling up the DagBag from /home/airflow/.local/lib/python3.8/site-packages/airflow/example_dags/example_sensor_decorator.py
[2025-05-04T23:01:34.869+0000] {processor.py:840} INFO - DAG(s) 'example_sensor_decorator' retrieved from /home/airflow/.local/lib/python3.8/site-packages/airflow/example_dags/example_sensor_decorator.py
[2025-05-04T23:01:34.881+0000] {logging_mixin.py:188} INFO - [2025-05-04T23:01:34.881+0000] {dag.py:3033} INFO - Sync 1 DAGs
[2025-05-04T23:01:34.885+0000] {logging_mixin.py:188} INFO - [2025-05-04T23:01:34.885+0000] {dag.py:3820} INFO - Setting next_dagrun for example_sensor_decorator to None, run_after=None
[2025-05-04T23:01:34.896+0000] {processor.py:183} INFO - Processing /home/airflow/.local/lib/python3.8/site-packages/airflow/example_dags/example_sensor_decorator.py took 0.035 seconds
[2025-05-04T23:02:05.424+0000] {processor.py:161} INFO - Started process (PID=510) to work on /home/airflow/.local/lib/python3.8/site-packages/airflow/example_dags/example_sensor_decorator.py
[2025-05-04T23:02:05.425+0000] {processor.py:830} INFO - Processing file /home/airflow/.local/lib/python3.8/site-packages/airflow/example_dags/example_sensor_decorator.py for tasks to queue
[2025-05-04T23:02:05.426+0000] {logging_mixin.py:188} INFO - [2025-05-04T23:02:05.425+0000] {dagbag.py:538} INFO - Filling up the DagBag from /home/airflow/.local/lib/python3.8/site-packages/airflow/example_dags/example_sensor_decorator.py
[2025-05-04T23:02:05.428+0000] {processor.py:840} INFO - DAG(s) 'example_sensor_decorator' retrieved from /home/airflow/.local/lib/python3.8/site-packages/airflow/example_dags/example_sensor_decorator.py
[2025-05-04T23:02:05.437+0000] {logging_mixin.py:188} INFO - [2025-05-04T23:02:05.437+0000] {dag.py:3033} INFO - Sync 1 DAGs
[2025-05-04T23:02:05.443+0000] {logging_mixin.py:188} INFO - [2025-05-04T23:02:05.443+0000] {dag.py:3820} INFO - Setting next_dagrun for example_sensor_decorator to None, run_after=None
[2025-05-04T23:02:05.449+0000] {processor.py:183} INFO - Processing /home/airflow/.local/lib/python3.8/site-packages/airflow/example_dags/example_sensor_decorator.py took 0.026 seconds
[2025-05-04T23:02:35.976+0000] {processor.py:161} INFO - Started process (PID=566) to work on /home/airflow/.local/lib/python3.8/site-packages/airflow/example_dags/example_sensor_decorator.py
[2025-05-04T23:02:35.977+0000] {processor.py:830} INFO - Processing file /home/airflow/.local/lib/python3.8/site-packages/airflow/example_dags/example_sensor_decorator.py for tasks to queue
[2025-05-04T23:02:35.977+0000] {logging_mixin.py:188} INFO - [2025-05-04T23:02:35.977+0000] {dagbag.py:538} INFO - Filling up the DagBag from /home/airflow/.local/lib/python3.8/site-packages/airflow/example_dags/example_sensor_decorator.py
[2025-05-04T23:02:35.980+0000] {processor.py:840} INFO - DAG(s) 'example_sensor_decorator' retrieved from /home/airflow/.local/lib/python3.8/site-packages/airflow/example_dags/example_sensor_decorator.py
[2025-05-04T23:02:35.989+0000] {logging_mixin.py:188} INFO - [2025-05-04T23:02:35.989+0000] {dag.py:3033} INFO - Sync 1 DAGs
[2025-05-04T23:02:35.996+0000] {logging_mixin.py:188} INFO - [2025-05-04T23:02:35.995+0000] {dag.py:3820} INFO - Setting next_dagrun for example_sensor_decorator to None, run_after=None
[2025-05-04T23:02:36.008+0000] {processor.py:183} INFO - Processing /home/airflow/.local/lib/python3.8/site-packages/airflow/example_dags/example_sensor_decorator.py took 0.033 seconds
[2025-05-04T23:03:06.768+0000] {processor.py:161} INFO - Started process (PID=622) to work on /home/airflow/.local/lib/python3.8/site-packages/airflow/example_dags/example_sensor_decorator.py
[2025-05-04T23:03:06.769+0000] {processor.py:830} INFO - Processing file /home/airflow/.local/lib/python3.8/site-packages/airflow/example_dags/example_sensor_decorator.py for tasks to queue
[2025-05-04T23:03:06.770+0000] {logging_mixin.py:188} INFO - [2025-05-04T23:03:06.770+0000] {dagbag.py:538} INFO - Filling up the DagBag from /home/airflow/.local/lib/python3.8/site-packages/airflow/example_dags/example_sensor_decorator.py
[2025-05-04T23:03:06.773+0000] {processor.py:840} INFO - DAG(s) 'example_sensor_decorator' retrieved from /home/airflow/.local/lib/python3.8/site-packages/airflow/example_dags/example_sensor_decorator.py
[2025-05-04T23:03:06.781+0000] {logging_mixin.py:188} INFO - [2025-05-04T23:03:06.781+0000] {dag.py:3033} INFO - Sync 1 DAGs
[2025-05-04T23:03:06.786+0000] {logging_mixin.py:188} INFO - [2025-05-04T23:03:06.786+0000] {dag.py:3820} INFO - Setting next_dagrun for example_sensor_decorator to None, run_after=None
[2025-05-04T23:03:06.797+0000] {processor.py:183} INFO - Processing /home/airflow/.local/lib/python3.8/site-packages/airflow/example_dags/example_sensor_decorator.py took 0.030 seconds
[2025-05-04T23:03:37.343+0000] {processor.py:161} INFO - Started process (PID=678) to work on /home/airflow/.local/lib/python3.8/site-packages/airflow/example_dags/example_sensor_decorator.py
[2025-05-04T23:03:37.347+0000] {processor.py:830} INFO - Processing file /home/airflow/.local/lib/python3.8/site-packages/airflow/example_dags/example_sensor_decorator.py for tasks to queue
[2025-05-04T23:03:37.348+0000] {logging_mixin.py:188} INFO - [2025-05-04T23:03:37.348+0000] {dagbag.py:538} INFO - Filling up the DagBag from /home/airflow/.local/lib/python3.8/site-packages/airflow/example_dags/example_sensor_decorator.py
[2025-05-04T23:03:37.352+0000] {processor.py:840} INFO - DAG(s) 'example_sensor_decorator' retrieved from /home/airflow/.local/lib/python3.8/site-packages/airflow/example_dags/example_sensor_decorator.py
[2025-05-04T23:03:37.362+0000] {logging_mixin.py:188} INFO - [2025-05-04T23:03:37.362+0000] {dag.py:3033} INFO - Sync 1 DAGs
[2025-05-04T23:03:37.368+0000] {logging_mixin.py:188} INFO - [2025-05-04T23:03:37.368+0000] {dag.py:3820} INFO - Setting next_dagrun for example_sensor_decorator to None, run_after=None
[2025-05-04T23:03:37.376+0000] {processor.py:183} INFO - Processing /home/airflow/.local/lib/python3.8/site-packages/airflow/example_dags/example_sensor_decorator.py took 0.034 seconds
[2025-05-04T23:04:28.401+0000] {processor.py:161} INFO - Started process (PID=61) to work on /home/airflow/.local/lib/python3.8/site-packages/airflow/example_dags/example_sensor_decorator.py
[2025-05-04T23:04:28.402+0000] {processor.py:830} INFO - Processing file /home/airflow/.local/lib/python3.8/site-packages/airflow/example_dags/example_sensor_decorator.py for tasks to queue
[2025-05-04T23:04:28.406+0000] {logging_mixin.py:188} INFO - [2025-05-04T23:04:28.406+0000] {dagbag.py:538} INFO - Filling up the DagBag from /home/airflow/.local/lib/python3.8/site-packages/airflow/example_dags/example_sensor_decorator.py
[2025-05-04T23:04:28.412+0000] {processor.py:840} INFO - DAG(s) 'example_sensor_decorator' retrieved from /home/airflow/.local/lib/python3.8/site-packages/airflow/example_dags/example_sensor_decorator.py
[2025-05-04T23:04:28.424+0000] {logging_mixin.py:188} INFO - [2025-05-04T23:04:28.423+0000] {dag.py:3033} INFO - Sync 1 DAGs
[2025-05-04T23:04:28.434+0000] {logging_mixin.py:188} INFO - [2025-05-04T23:04:28.434+0000] {dag.py:3820} INFO - Setting next_dagrun for example_sensor_decorator to None, run_after=None
[2025-05-04T23:04:28.455+0000] {processor.py:183} INFO - Processing /home/airflow/.local/lib/python3.8/site-packages/airflow/example_dags/example_sensor_decorator.py took 0.056 seconds
[2025-05-04T23:04:58.482+0000] {processor.py:161} INFO - Started process (PID=117) to work on /home/airflow/.local/lib/python3.8/site-packages/airflow/example_dags/example_sensor_decorator.py
[2025-05-04T23:04:58.483+0000] {processor.py:830} INFO - Processing file /home/airflow/.local/lib/python3.8/site-packages/airflow/example_dags/example_sensor_decorator.py for tasks to queue
[2025-05-04T23:04:58.484+0000] {logging_mixin.py:188} INFO - [2025-05-04T23:04:58.484+0000] {dagbag.py:538} INFO - Filling up the DagBag from /home/airflow/.local/lib/python3.8/site-packages/airflow/example_dags/example_sensor_decorator.py
[2025-05-04T23:04:58.487+0000] {processor.py:840} INFO - DAG(s) 'example_sensor_decorator' retrieved from /home/airflow/.local/lib/python3.8/site-packages/airflow/example_dags/example_sensor_decorator.py
[2025-05-04T23:04:58.525+0000] {logging_mixin.py:188} INFO - [2025-05-04T23:04:58.525+0000] {dag.py:3033} INFO - Sync 1 DAGs
[2025-05-04T23:04:58.538+0000] {logging_mixin.py:188} INFO - [2025-05-04T23:04:58.538+0000] {dag.py:3820} INFO - Setting next_dagrun for example_sensor_decorator to None, run_after=None
[2025-05-04T23:04:58.580+0000] {processor.py:183} INFO - Processing /home/airflow/.local/lib/python3.8/site-packages/airflow/example_dags/example_sensor_decorator.py took 0.100 seconds
[2025-05-04T23:05:28.665+0000] {processor.py:161} INFO - Started process (PID=173) to work on /home/airflow/.local/lib/python3.8/site-packages/airflow/example_dags/example_sensor_decorator.py
[2025-05-04T23:05:28.666+0000] {processor.py:830} INFO - Processing file /home/airflow/.local/lib/python3.8/site-packages/airflow/example_dags/example_sensor_decorator.py for tasks to queue
[2025-05-04T23:05:28.667+0000] {logging_mixin.py:188} INFO - [2025-05-04T23:05:28.667+0000] {dagbag.py:538} INFO - Filling up the DagBag from /home/airflow/.local/lib/python3.8/site-packages/airflow/example_dags/example_sensor_decorator.py
[2025-05-04T23:05:28.670+0000] {processor.py:840} INFO - DAG(s) 'example_sensor_decorator' retrieved from /home/airflow/.local/lib/python3.8/site-packages/airflow/example_dags/example_sensor_decorator.py
[2025-05-04T23:05:28.685+0000] {logging_mixin.py:188} INFO - [2025-05-04T23:05:28.685+0000] {dag.py:3033} INFO - Sync 1 DAGs
[2025-05-04T23:05:28.693+0000] {logging_mixin.py:188} INFO - [2025-05-04T23:05:28.693+0000] {dag.py:3820} INFO - Setting next_dagrun for example_sensor_decorator to None, run_after=None
[2025-05-04T23:05:28.705+0000] {processor.py:183} INFO - Processing /home/airflow/.local/lib/python3.8/site-packages/airflow/example_dags/example_sensor_decorator.py took 0.042 seconds
[2025-05-04T23:06:31.190+0000] {processor.py:161} INFO - Started process (PID=56) to work on /home/airflow/.local/lib/python3.8/site-packages/airflow/example_dags/example_sensor_decorator.py
[2025-05-04T23:06:31.192+0000] {processor.py:830} INFO - Processing file /home/airflow/.local/lib/python3.8/site-packages/airflow/example_dags/example_sensor_decorator.py for tasks to queue
[2025-05-04T23:06:31.193+0000] {logging_mixin.py:188} INFO - [2025-05-04T23:06:31.193+0000] {dagbag.py:538} INFO - Filling up the DagBag from /home/airflow/.local/lib/python3.8/site-packages/airflow/example_dags/example_sensor_decorator.py
[2025-05-04T23:06:31.198+0000] {processor.py:840} INFO - DAG(s) 'example_sensor_decorator' retrieved from /home/airflow/.local/lib/python3.8/site-packages/airflow/example_dags/example_sensor_decorator.py
[2025-05-04T23:06:31.209+0000] {logging_mixin.py:188} INFO - [2025-05-04T23:06:31.208+0000] {dag.py:3033} INFO - Sync 1 DAGs
[2025-05-04T23:06:31.218+0000] {logging_mixin.py:188} INFO - [2025-05-04T23:06:31.218+0000] {dag.py:3820} INFO - Setting next_dagrun for example_sensor_decorator to None, run_after=None
[2025-05-04T23:06:31.235+0000] {processor.py:183} INFO - Processing /home/airflow/.local/lib/python3.8/site-packages/airflow/example_dags/example_sensor_decorator.py took 0.046 seconds
[2025-05-04T23:07:01.425+0000] {processor.py:161} INFO - Started process (PID=112) to work on /home/airflow/.local/lib/python3.8/site-packages/airflow/example_dags/example_sensor_decorator.py
[2025-05-04T23:07:01.429+0000] {processor.py:830} INFO - Processing file /home/airflow/.local/lib/python3.8/site-packages/airflow/example_dags/example_sensor_decorator.py for tasks to queue
[2025-05-04T23:07:01.430+0000] {logging_mixin.py:188} INFO - [2025-05-04T23:07:01.430+0000] {dagbag.py:538} INFO - Filling up the DagBag from /home/airflow/.local/lib/python3.8/site-packages/airflow/example_dags/example_sensor_decorator.py
[2025-05-04T23:07:01.433+0000] {processor.py:840} INFO - DAG(s) 'example_sensor_decorator' retrieved from /home/airflow/.local/lib/python3.8/site-packages/airflow/example_dags/example_sensor_decorator.py
[2025-05-04T23:07:01.469+0000] {logging_mixin.py:188} INFO - [2025-05-04T23:07:01.469+0000] {dag.py:3033} INFO - Sync 1 DAGs
[2025-05-04T23:07:01.474+0000] {logging_mixin.py:188} INFO - [2025-05-04T23:07:01.474+0000] {dag.py:3820} INFO - Setting next_dagrun for example_sensor_decorator to None, run_after=None
[2025-05-04T23:07:01.486+0000] {processor.py:183} INFO - Processing /home/airflow/.local/lib/python3.8/site-packages/airflow/example_dags/example_sensor_decorator.py took 0.062 seconds
[2025-05-04T23:07:31.497+0000] {processor.py:161} INFO - Started process (PID=168) to work on /home/airflow/.local/lib/python3.8/site-packages/airflow/example_dags/example_sensor_decorator.py
[2025-05-04T23:07:31.499+0000] {processor.py:830} INFO - Processing file /home/airflow/.local/lib/python3.8/site-packages/airflow/example_dags/example_sensor_decorator.py for tasks to queue
[2025-05-04T23:07:31.500+0000] {logging_mixin.py:188} INFO - [2025-05-04T23:07:31.499+0000] {dagbag.py:538} INFO - Filling up the DagBag from /home/airflow/.local/lib/python3.8/site-packages/airflow/example_dags/example_sensor_decorator.py
[2025-05-04T23:07:31.503+0000] {processor.py:840} INFO - DAG(s) 'example_sensor_decorator' retrieved from /home/airflow/.local/lib/python3.8/site-packages/airflow/example_dags/example_sensor_decorator.py
[2025-05-04T23:07:31.516+0000] {logging_mixin.py:188} INFO - [2025-05-04T23:07:31.516+0000] {dag.py:3033} INFO - Sync 1 DAGs
[2025-05-04T23:07:31.521+0000] {logging_mixin.py:188} INFO - [2025-05-04T23:07:31.521+0000] {dag.py:3820} INFO - Setting next_dagrun for example_sensor_decorator to None, run_after=None
[2025-05-04T23:07:31.530+0000] {processor.py:183} INFO - Processing /home/airflow/.local/lib/python3.8/site-packages/airflow/example_dags/example_sensor_decorator.py took 0.034 seconds
[2025-05-04T23:08:02.046+0000] {processor.py:161} INFO - Started process (PID=224) to work on /home/airflow/.local/lib/python3.8/site-packages/airflow/example_dags/example_sensor_decorator.py
[2025-05-04T23:08:02.046+0000] {processor.py:830} INFO - Processing file /home/airflow/.local/lib/python3.8/site-packages/airflow/example_dags/example_sensor_decorator.py for tasks to queue
[2025-05-04T23:08:02.049+0000] {logging_mixin.py:188} INFO - [2025-05-04T23:08:02.048+0000] {dagbag.py:538} INFO - Filling up the DagBag from /home/airflow/.local/lib/python3.8/site-packages/airflow/example_dags/example_sensor_decorator.py
[2025-05-04T23:08:02.053+0000] {processor.py:840} INFO - DAG(s) 'example_sensor_decorator' retrieved from /home/airflow/.local/lib/python3.8/site-packages/airflow/example_dags/example_sensor_decorator.py
[2025-05-04T23:08:02.069+0000] {logging_mixin.py:188} INFO - [2025-05-04T23:08:02.069+0000] {dag.py:3033} INFO - Sync 1 DAGs
[2025-05-04T23:08:02.074+0000] {logging_mixin.py:188} INFO - [2025-05-04T23:08:02.074+0000] {dag.py:3820} INFO - Setting next_dagrun for example_sensor_decorator to None, run_after=None
[2025-05-04T23:08:02.080+0000] {processor.py:183} INFO - Processing /home/airflow/.local/lib/python3.8/site-packages/airflow/example_dags/example_sensor_decorator.py took 0.036 seconds
[2025-05-04T23:08:32.665+0000] {processor.py:161} INFO - Started process (PID=286) to work on /home/airflow/.local/lib/python3.8/site-packages/airflow/example_dags/example_sensor_decorator.py
[2025-05-04T23:08:32.666+0000] {processor.py:830} INFO - Processing file /home/airflow/.local/lib/python3.8/site-packages/airflow/example_dags/example_sensor_decorator.py for tasks to queue
[2025-05-04T23:08:32.667+0000] {logging_mixin.py:188} INFO - [2025-05-04T23:08:32.667+0000] {dagbag.py:538} INFO - Filling up the DagBag from /home/airflow/.local/lib/python3.8/site-packages/airflow/example_dags/example_sensor_decorator.py
[2025-05-04T23:08:32.670+0000] {processor.py:840} INFO - DAG(s) 'example_sensor_decorator' retrieved from /home/airflow/.local/lib/python3.8/site-packages/airflow/example_dags/example_sensor_decorator.py
[2025-05-04T23:08:32.681+0000] {logging_mixin.py:188} INFO - [2025-05-04T23:08:32.681+0000] {dag.py:3033} INFO - Sync 1 DAGs
[2025-05-04T23:08:32.687+0000] {logging_mixin.py:188} INFO - [2025-05-04T23:08:32.687+0000] {dag.py:3820} INFO - Setting next_dagrun for example_sensor_decorator to None, run_after=None
[2025-05-04T23:08:32.696+0000] {processor.py:183} INFO - Processing /home/airflow/.local/lib/python3.8/site-packages/airflow/example_dags/example_sensor_decorator.py took 0.033 seconds
[2025-05-04T23:09:03.425+0000] {processor.py:161} INFO - Started process (PID=341) to work on /home/airflow/.local/lib/python3.8/site-packages/airflow/example_dags/example_sensor_decorator.py
[2025-05-04T23:09:03.428+0000] {processor.py:830} INFO - Processing file /home/airflow/.local/lib/python3.8/site-packages/airflow/example_dags/example_sensor_decorator.py for tasks to queue
[2025-05-04T23:09:03.429+0000] {logging_mixin.py:188} INFO - [2025-05-04T23:09:03.429+0000] {dagbag.py:538} INFO - Filling up the DagBag from /home/airflow/.local/lib/python3.8/site-packages/airflow/example_dags/example_sensor_decorator.py
[2025-05-04T23:09:03.432+0000] {processor.py:840} INFO - DAG(s) 'example_sensor_decorator' retrieved from /home/airflow/.local/lib/python3.8/site-packages/airflow/example_dags/example_sensor_decorator.py
[2025-05-04T23:09:03.442+0000] {logging_mixin.py:188} INFO - [2025-05-04T23:09:03.442+0000] {dag.py:3033} INFO - Sync 1 DAGs
[2025-05-04T23:09:03.447+0000] {logging_mixin.py:188} INFO - [2025-05-04T23:09:03.447+0000] {dag.py:3820} INFO - Setting next_dagrun for example_sensor_decorator to None, run_after=None
[2025-05-04T23:09:03.455+0000] {processor.py:183} INFO - Processing /home/airflow/.local/lib/python3.8/site-packages/airflow/example_dags/example_sensor_decorator.py took 0.031 seconds
[2025-05-04T23:09:33.520+0000] {processor.py:161} INFO - Started process (PID=397) to work on /home/airflow/.local/lib/python3.8/site-packages/airflow/example_dags/example_sensor_decorator.py
[2025-05-04T23:09:33.521+0000] {processor.py:830} INFO - Processing file /home/airflow/.local/lib/python3.8/site-packages/airflow/example_dags/example_sensor_decorator.py for tasks to queue
[2025-05-04T23:09:33.522+0000] {logging_mixin.py:188} INFO - [2025-05-04T23:09:33.522+0000] {dagbag.py:538} INFO - Filling up the DagBag from /home/airflow/.local/lib/python3.8/site-packages/airflow/example_dags/example_sensor_decorator.py
[2025-05-04T23:09:33.526+0000] {processor.py:840} INFO - DAG(s) 'example_sensor_decorator' retrieved from /home/airflow/.local/lib/python3.8/site-packages/airflow/example_dags/example_sensor_decorator.py
[2025-05-04T23:09:33.535+0000] {logging_mixin.py:188} INFO - [2025-05-04T23:09:33.535+0000] {dag.py:3033} INFO - Sync 1 DAGs
[2025-05-04T23:09:33.540+0000] {logging_mixin.py:188} INFO - [2025-05-04T23:09:33.540+0000] {dag.py:3820} INFO - Setting next_dagrun for example_sensor_decorator to None, run_after=None
[2025-05-04T23:09:33.546+0000] {processor.py:183} INFO - Processing /home/airflow/.local/lib/python3.8/site-packages/airflow/example_dags/example_sensor_decorator.py took 0.027 seconds
[2025-05-04T23:10:04.311+0000] {processor.py:161} INFO - Started process (PID=453) to work on /home/airflow/.local/lib/python3.8/site-packages/airflow/example_dags/example_sensor_decorator.py
[2025-05-04T23:10:04.312+0000] {processor.py:830} INFO - Processing file /home/airflow/.local/lib/python3.8/site-packages/airflow/example_dags/example_sensor_decorator.py for tasks to queue
[2025-05-04T23:10:04.313+0000] {logging_mixin.py:188} INFO - [2025-05-04T23:10:04.313+0000] {dagbag.py:538} INFO - Filling up the DagBag from /home/airflow/.local/lib/python3.8/site-packages/airflow/example_dags/example_sensor_decorator.py
[2025-05-04T23:10:04.315+0000] {processor.py:840} INFO - DAG(s) 'example_sensor_decorator' retrieved from /home/airflow/.local/lib/python3.8/site-packages/airflow/example_dags/example_sensor_decorator.py
[2025-05-04T23:10:04.325+0000] {logging_mixin.py:188} INFO - [2025-05-04T23:10:04.325+0000] {dag.py:3033} INFO - Sync 1 DAGs
[2025-05-04T23:10:04.330+0000] {logging_mixin.py:188} INFO - [2025-05-04T23:10:04.330+0000] {dag.py:3820} INFO - Setting next_dagrun for example_sensor_decorator to None, run_after=None
[2025-05-04T23:10:04.337+0000] {processor.py:183} INFO - Processing /home/airflow/.local/lib/python3.8/site-packages/airflow/example_dags/example_sensor_decorator.py took 0.028 seconds
[2025-05-04T23:10:34.953+0000] {processor.py:161} INFO - Started process (PID=509) to work on /home/airflow/.local/lib/python3.8/site-packages/airflow/example_dags/example_sensor_decorator.py
[2025-05-04T23:10:34.954+0000] {processor.py:830} INFO - Processing file /home/airflow/.local/lib/python3.8/site-packages/airflow/example_dags/example_sensor_decorator.py for tasks to queue
[2025-05-04T23:10:34.955+0000] {logging_mixin.py:188} INFO - [2025-05-04T23:10:34.955+0000] {dagbag.py:538} INFO - Filling up the DagBag from /home/airflow/.local/lib/python3.8/site-packages/airflow/example_dags/example_sensor_decorator.py
[2025-05-04T23:10:34.958+0000] {processor.py:840} INFO - DAG(s) 'example_sensor_decorator' retrieved from /home/airflow/.local/lib/python3.8/site-packages/airflow/example_dags/example_sensor_decorator.py
[2025-05-04T23:10:34.972+0000] {logging_mixin.py:188} INFO - [2025-05-04T23:10:34.972+0000] {dag.py:3033} INFO - Sync 1 DAGs
[2025-05-04T23:10:34.979+0000] {logging_mixin.py:188} INFO - [2025-05-04T23:10:34.979+0000] {dag.py:3820} INFO - Setting next_dagrun for example_sensor_decorator to None, run_after=None
[2025-05-04T23:10:34.990+0000] {processor.py:183} INFO - Processing /home/airflow/.local/lib/python3.8/site-packages/airflow/example_dags/example_sensor_decorator.py took 0.039 seconds
[2025-05-04T23:11:05.656+0000] {processor.py:161} INFO - Started process (PID=565) to work on /home/airflow/.local/lib/python3.8/site-packages/airflow/example_dags/example_sensor_decorator.py
[2025-05-04T23:11:05.656+0000] {processor.py:830} INFO - Processing file /home/airflow/.local/lib/python3.8/site-packages/airflow/example_dags/example_sensor_decorator.py for tasks to queue
[2025-05-04T23:11:05.657+0000] {logging_mixin.py:188} INFO - [2025-05-04T23:11:05.657+0000] {dagbag.py:538} INFO - Filling up the DagBag from /home/airflow/.local/lib/python3.8/site-packages/airflow/example_dags/example_sensor_decorator.py
[2025-05-04T23:11:05.661+0000] {processor.py:840} INFO - DAG(s) 'example_sensor_decorator' retrieved from /home/airflow/.local/lib/python3.8/site-packages/airflow/example_dags/example_sensor_decorator.py
[2025-05-04T23:11:05.671+0000] {logging_mixin.py:188} INFO - [2025-05-04T23:11:05.671+0000] {dag.py:3033} INFO - Sync 1 DAGs
[2025-05-04T23:11:05.677+0000] {logging_mixin.py:188} INFO - [2025-05-04T23:11:05.677+0000] {dag.py:3820} INFO - Setting next_dagrun for example_sensor_decorator to None, run_after=None
[2025-05-04T23:11:05.687+0000] {processor.py:183} INFO - Processing /home/airflow/.local/lib/python3.8/site-packages/airflow/example_dags/example_sensor_decorator.py took 0.033 seconds
[2025-05-04T23:11:36.336+0000] {processor.py:161} INFO - Started process (PID=621) to work on /home/airflow/.local/lib/python3.8/site-packages/airflow/example_dags/example_sensor_decorator.py
[2025-05-04T23:11:36.336+0000] {processor.py:830} INFO - Processing file /home/airflow/.local/lib/python3.8/site-packages/airflow/example_dags/example_sensor_decorator.py for tasks to queue
[2025-05-04T23:11:36.337+0000] {logging_mixin.py:188} INFO - [2025-05-04T23:11:36.337+0000] {dagbag.py:538} INFO - Filling up the DagBag from /home/airflow/.local/lib/python3.8/site-packages/airflow/example_dags/example_sensor_decorator.py
[2025-05-04T23:11:36.340+0000] {processor.py:840} INFO - DAG(s) 'example_sensor_decorator' retrieved from /home/airflow/.local/lib/python3.8/site-packages/airflow/example_dags/example_sensor_decorator.py
[2025-05-04T23:11:36.348+0000] {logging_mixin.py:188} INFO - [2025-05-04T23:11:36.348+0000] {dag.py:3033} INFO - Sync 1 DAGs
[2025-05-04T23:11:36.352+0000] {logging_mixin.py:188} INFO - [2025-05-04T23:11:36.352+0000] {dag.py:3820} INFO - Setting next_dagrun for example_sensor_decorator to None, run_after=None
[2025-05-04T23:11:36.358+0000] {processor.py:183} INFO - Processing /home/airflow/.local/lib/python3.8/site-packages/airflow/example_dags/example_sensor_decorator.py took 0.024 seconds
[2025-05-04T23:12:06.921+0000] {processor.py:161} INFO - Started process (PID=677) to work on /home/airflow/.local/lib/python3.8/site-packages/airflow/example_dags/example_sensor_decorator.py
[2025-05-04T23:12:06.921+0000] {processor.py:830} INFO - Processing file /home/airflow/.local/lib/python3.8/site-packages/airflow/example_dags/example_sensor_decorator.py for tasks to queue
[2025-05-04T23:12:06.922+0000] {logging_mixin.py:188} INFO - [2025-05-04T23:12:06.922+0000] {dagbag.py:538} INFO - Filling up the DagBag from /home/airflow/.local/lib/python3.8/site-packages/airflow/example_dags/example_sensor_decorator.py
[2025-05-04T23:12:06.925+0000] {processor.py:840} INFO - DAG(s) 'example_sensor_decorator' retrieved from /home/airflow/.local/lib/python3.8/site-packages/airflow/example_dags/example_sensor_decorator.py
[2025-05-04T23:12:06.933+0000] {logging_mixin.py:188} INFO - [2025-05-04T23:12:06.933+0000] {dag.py:3033} INFO - Sync 1 DAGs
[2025-05-04T23:12:06.938+0000] {logging_mixin.py:188} INFO - [2025-05-04T23:12:06.938+0000] {dag.py:3820} INFO - Setting next_dagrun for example_sensor_decorator to None, run_after=None
[2025-05-04T23:12:06.945+0000] {processor.py:183} INFO - Processing /home/airflow/.local/lib/python3.8/site-packages/airflow/example_dags/example_sensor_decorator.py took 0.026 seconds
[2025-05-04T23:12:37.596+0000] {processor.py:161} INFO - Started process (PID=733) to work on /home/airflow/.local/lib/python3.8/site-packages/airflow/example_dags/example_sensor_decorator.py
[2025-05-04T23:12:37.596+0000] {processor.py:830} INFO - Processing file /home/airflow/.local/lib/python3.8/site-packages/airflow/example_dags/example_sensor_decorator.py for tasks to queue
[2025-05-04T23:12:37.597+0000] {logging_mixin.py:188} INFO - [2025-05-04T23:12:37.597+0000] {dagbag.py:538} INFO - Filling up the DagBag from /home/airflow/.local/lib/python3.8/site-packages/airflow/example_dags/example_sensor_decorator.py
[2025-05-04T23:12:37.600+0000] {processor.py:840} INFO - DAG(s) 'example_sensor_decorator' retrieved from /home/airflow/.local/lib/python3.8/site-packages/airflow/example_dags/example_sensor_decorator.py
[2025-05-04T23:12:37.610+0000] {logging_mixin.py:188} INFO - [2025-05-04T23:12:37.610+0000] {dag.py:3033} INFO - Sync 1 DAGs
[2025-05-04T23:12:37.617+0000] {logging_mixin.py:188} INFO - [2025-05-04T23:12:37.616+0000] {dag.py:3820} INFO - Setting next_dagrun for example_sensor_decorator to None, run_after=None
[2025-05-04T23:12:37.658+0000] {processor.py:183} INFO - Processing /home/airflow/.local/lib/python3.8/site-packages/airflow/example_dags/example_sensor_decorator.py took 0.064 seconds
[2025-05-04T23:13:08.250+0000] {processor.py:161} INFO - Started process (PID=789) to work on /home/airflow/.local/lib/python3.8/site-packages/airflow/example_dags/example_sensor_decorator.py
[2025-05-04T23:13:08.250+0000] {processor.py:830} INFO - Processing file /home/airflow/.local/lib/python3.8/site-packages/airflow/example_dags/example_sensor_decorator.py for tasks to queue
[2025-05-04T23:13:08.251+0000] {logging_mixin.py:188} INFO - [2025-05-04T23:13:08.251+0000] {dagbag.py:538} INFO - Filling up the DagBag from /home/airflow/.local/lib/python3.8/site-packages/airflow/example_dags/example_sensor_decorator.py
[2025-05-04T23:13:08.253+0000] {processor.py:840} INFO - DAG(s) 'example_sensor_decorator' retrieved from /home/airflow/.local/lib/python3.8/site-packages/airflow/example_dags/example_sensor_decorator.py
[2025-05-04T23:13:08.261+0000] {logging_mixin.py:188} INFO - [2025-05-04T23:13:08.261+0000] {dag.py:3033} INFO - Sync 1 DAGs
[2025-05-04T23:13:08.266+0000] {logging_mixin.py:188} INFO - [2025-05-04T23:13:08.266+0000] {dag.py:3820} INFO - Setting next_dagrun for example_sensor_decorator to None, run_after=None
[2025-05-04T23:13:08.272+0000] {processor.py:183} INFO - Processing /home/airflow/.local/lib/python3.8/site-packages/airflow/example_dags/example_sensor_decorator.py took 0.024 seconds
[2025-05-04T23:13:38.858+0000] {processor.py:161} INFO - Started process (PID=845) to work on /home/airflow/.local/lib/python3.8/site-packages/airflow/example_dags/example_sensor_decorator.py
[2025-05-04T23:13:38.859+0000] {processor.py:830} INFO - Processing file /home/airflow/.local/lib/python3.8/site-packages/airflow/example_dags/example_sensor_decorator.py for tasks to queue
[2025-05-04T23:13:38.860+0000] {logging_mixin.py:188} INFO - [2025-05-04T23:13:38.860+0000] {dagbag.py:538} INFO - Filling up the DagBag from /home/airflow/.local/lib/python3.8/site-packages/airflow/example_dags/example_sensor_decorator.py
[2025-05-04T23:13:38.863+0000] {processor.py:840} INFO - DAG(s) 'example_sensor_decorator' retrieved from /home/airflow/.local/lib/python3.8/site-packages/airflow/example_dags/example_sensor_decorator.py
[2025-05-04T23:13:38.874+0000] {logging_mixin.py:188} INFO - [2025-05-04T23:13:38.874+0000] {dag.py:3033} INFO - Sync 1 DAGs
[2025-05-04T23:13:38.881+0000] {logging_mixin.py:188} INFO - [2025-05-04T23:13:38.881+0000] {dag.py:3820} INFO - Setting next_dagrun for example_sensor_decorator to None, run_after=None
[2025-05-04T23:13:38.887+0000] {processor.py:183} INFO - Processing /home/airflow/.local/lib/python3.8/site-packages/airflow/example_dags/example_sensor_decorator.py took 0.031 seconds
[2025-05-04T23:14:09.626+0000] {processor.py:161} INFO - Started process (PID=901) to work on /home/airflow/.local/lib/python3.8/site-packages/airflow/example_dags/example_sensor_decorator.py
[2025-05-04T23:14:09.627+0000] {processor.py:830} INFO - Processing file /home/airflow/.local/lib/python3.8/site-packages/airflow/example_dags/example_sensor_decorator.py for tasks to queue
[2025-05-04T23:14:09.628+0000] {logging_mixin.py:188} INFO - [2025-05-04T23:14:09.627+0000] {dagbag.py:538} INFO - Filling up the DagBag from /home/airflow/.local/lib/python3.8/site-packages/airflow/example_dags/example_sensor_decorator.py
[2025-05-04T23:14:09.630+0000] {processor.py:840} INFO - DAG(s) 'example_sensor_decorator' retrieved from /home/airflow/.local/lib/python3.8/site-packages/airflow/example_dags/example_sensor_decorator.py
[2025-05-04T23:14:09.638+0000] {logging_mixin.py:188} INFO - [2025-05-04T23:14:09.638+0000] {dag.py:3033} INFO - Sync 1 DAGs
[2025-05-04T23:14:09.643+0000] {logging_mixin.py:188} INFO - [2025-05-04T23:14:09.643+0000] {dag.py:3820} INFO - Setting next_dagrun for example_sensor_decorator to None, run_after=None
[2025-05-04T23:14:09.649+0000] {processor.py:183} INFO - Processing /home/airflow/.local/lib/python3.8/site-packages/airflow/example_dags/example_sensor_decorator.py took 0.025 seconds
[2025-05-04T23:14:40.562+0000] {processor.py:161} INFO - Started process (PID=957) to work on /home/airflow/.local/lib/python3.8/site-packages/airflow/example_dags/example_sensor_decorator.py
[2025-05-04T23:14:40.563+0000] {processor.py:830} INFO - Processing file /home/airflow/.local/lib/python3.8/site-packages/airflow/example_dags/example_sensor_decorator.py for tasks to queue
[2025-05-04T23:14:40.566+0000] {logging_mixin.py:188} INFO - [2025-05-04T23:14:40.565+0000] {dagbag.py:538} INFO - Filling up the DagBag from /home/airflow/.local/lib/python3.8/site-packages/airflow/example_dags/example_sensor_decorator.py
[2025-05-04T23:14:40.570+0000] {processor.py:840} INFO - DAG(s) 'example_sensor_decorator' retrieved from /home/airflow/.local/lib/python3.8/site-packages/airflow/example_dags/example_sensor_decorator.py
[2025-05-04T23:14:40.581+0000] {logging_mixin.py:188} INFO - [2025-05-04T23:14:40.581+0000] {dag.py:3033} INFO - Sync 1 DAGs
[2025-05-04T23:14:40.588+0000] {logging_mixin.py:188} INFO - [2025-05-04T23:14:40.588+0000] {dag.py:3820} INFO - Setting next_dagrun for example_sensor_decorator to None, run_after=None
[2025-05-04T23:14:40.596+0000] {processor.py:183} INFO - Processing /home/airflow/.local/lib/python3.8/site-packages/airflow/example_dags/example_sensor_decorator.py took 0.036 seconds
[2025-05-04T23:15:10.658+0000] {processor.py:161} INFO - Started process (PID=1013) to work on /home/airflow/.local/lib/python3.8/site-packages/airflow/example_dags/example_sensor_decorator.py
[2025-05-04T23:15:10.659+0000] {processor.py:830} INFO - Processing file /home/airflow/.local/lib/python3.8/site-packages/airflow/example_dags/example_sensor_decorator.py for tasks to queue
[2025-05-04T23:15:10.660+0000] {logging_mixin.py:188} INFO - [2025-05-04T23:15:10.660+0000] {dagbag.py:538} INFO - Filling up the DagBag from /home/airflow/.local/lib/python3.8/site-packages/airflow/example_dags/example_sensor_decorator.py
[2025-05-04T23:15:10.664+0000] {processor.py:840} INFO - DAG(s) 'example_sensor_decorator' retrieved from /home/airflow/.local/lib/python3.8/site-packages/airflow/example_dags/example_sensor_decorator.py
[2025-05-04T23:15:10.676+0000] {logging_mixin.py:188} INFO - [2025-05-04T23:15:10.676+0000] {dag.py:3033} INFO - Sync 1 DAGs
[2025-05-04T23:15:10.682+0000] {logging_mixin.py:188} INFO - [2025-05-04T23:15:10.682+0000] {dag.py:3820} INFO - Setting next_dagrun for example_sensor_decorator to None, run_after=None
[2025-05-04T23:15:10.693+0000] {processor.py:183} INFO - Processing /home/airflow/.local/lib/python3.8/site-packages/airflow/example_dags/example_sensor_decorator.py took 0.036 seconds
[2025-05-04T23:15:41.305+0000] {processor.py:161} INFO - Started process (PID=1069) to work on /home/airflow/.local/lib/python3.8/site-packages/airflow/example_dags/example_sensor_decorator.py
[2025-05-04T23:15:41.308+0000] {processor.py:830} INFO - Processing file /home/airflow/.local/lib/python3.8/site-packages/airflow/example_dags/example_sensor_decorator.py for tasks to queue
[2025-05-04T23:15:41.309+0000] {logging_mixin.py:188} INFO - [2025-05-04T23:15:41.309+0000] {dagbag.py:538} INFO - Filling up the DagBag from /home/airflow/.local/lib/python3.8/site-packages/airflow/example_dags/example_sensor_decorator.py
[2025-05-04T23:15:41.312+0000] {processor.py:840} INFO - DAG(s) 'example_sensor_decorator' retrieved from /home/airflow/.local/lib/python3.8/site-packages/airflow/example_dags/example_sensor_decorator.py
[2025-05-04T23:15:41.323+0000] {logging_mixin.py:188} INFO - [2025-05-04T23:15:41.323+0000] {dag.py:3033} INFO - Sync 1 DAGs
[2025-05-04T23:15:41.328+0000] {logging_mixin.py:188} INFO - [2025-05-04T23:15:41.328+0000] {dag.py:3820} INFO - Setting next_dagrun for example_sensor_decorator to None, run_after=None
[2025-05-04T23:15:41.335+0000] {processor.py:183} INFO - Processing /home/airflow/.local/lib/python3.8/site-packages/airflow/example_dags/example_sensor_decorator.py took 0.031 seconds
[2025-05-04T23:18:31.334+0000] {processor.py:161} INFO - Started process (PID=56) to work on /home/airflow/.local/lib/python3.8/site-packages/airflow/example_dags/example_sensor_decorator.py
[2025-05-04T23:18:31.336+0000] {processor.py:830} INFO - Processing file /home/airflow/.local/lib/python3.8/site-packages/airflow/example_dags/example_sensor_decorator.py for tasks to queue
[2025-05-04T23:18:31.338+0000] {logging_mixin.py:188} INFO - [2025-05-04T23:18:31.338+0000] {dagbag.py:538} INFO - Filling up the DagBag from /home/airflow/.local/lib/python3.8/site-packages/airflow/example_dags/example_sensor_decorator.py
[2025-05-04T23:18:31.345+0000] {processor.py:840} INFO - DAG(s) 'example_sensor_decorator' retrieved from /home/airflow/.local/lib/python3.8/site-packages/airflow/example_dags/example_sensor_decorator.py
[2025-05-04T23:18:31.363+0000] {logging_mixin.py:188} INFO - [2025-05-04T23:18:31.363+0000] {dag.py:3033} INFO - Sync 1 DAGs
[2025-05-04T23:18:31.372+0000] {logging_mixin.py:188} INFO - [2025-05-04T23:18:31.372+0000] {dag.py:3820} INFO - Setting next_dagrun for example_sensor_decorator to None, run_after=None
[2025-05-04T23:18:31.418+0000] {processor.py:183} INFO - Processing /home/airflow/.local/lib/python3.8/site-packages/airflow/example_dags/example_sensor_decorator.py took 0.090 seconds
[2025-05-04T23:19:01.629+0000] {processor.py:161} INFO - Started process (PID=112) to work on /home/airflow/.local/lib/python3.8/site-packages/airflow/example_dags/example_sensor_decorator.py
[2025-05-04T23:19:01.630+0000] {processor.py:830} INFO - Processing file /home/airflow/.local/lib/python3.8/site-packages/airflow/example_dags/example_sensor_decorator.py for tasks to queue
[2025-05-04T23:19:01.631+0000] {logging_mixin.py:188} INFO - [2025-05-04T23:19:01.631+0000] {dagbag.py:538} INFO - Filling up the DagBag from /home/airflow/.local/lib/python3.8/site-packages/airflow/example_dags/example_sensor_decorator.py
[2025-05-04T23:19:01.633+0000] {processor.py:840} INFO - DAG(s) 'example_sensor_decorator' retrieved from /home/airflow/.local/lib/python3.8/site-packages/airflow/example_dags/example_sensor_decorator.py
[2025-05-04T23:19:01.681+0000] {logging_mixin.py:188} INFO - [2025-05-04T23:19:01.681+0000] {dag.py:3033} INFO - Sync 1 DAGs
[2025-05-04T23:19:01.688+0000] {logging_mixin.py:188} INFO - [2025-05-04T23:19:01.688+0000] {dag.py:3820} INFO - Setting next_dagrun for example_sensor_decorator to None, run_after=None
[2025-05-04T23:19:01.697+0000] {processor.py:183} INFO - Processing /home/airflow/.local/lib/python3.8/site-packages/airflow/example_dags/example_sensor_decorator.py took 0.069 seconds
[2025-05-04T23:19:32.063+0000] {processor.py:161} INFO - Started process (PID=168) to work on /home/airflow/.local/lib/python3.8/site-packages/airflow/example_dags/example_sensor_decorator.py
[2025-05-04T23:19:32.064+0000] {processor.py:830} INFO - Processing file /home/airflow/.local/lib/python3.8/site-packages/airflow/example_dags/example_sensor_decorator.py for tasks to queue
[2025-05-04T23:19:32.065+0000] {logging_mixin.py:188} INFO - [2025-05-04T23:19:32.065+0000] {dagbag.py:538} INFO - Filling up the DagBag from /home/airflow/.local/lib/python3.8/site-packages/airflow/example_dags/example_sensor_decorator.py
[2025-05-04T23:19:32.069+0000] {processor.py:840} INFO - DAG(s) 'example_sensor_decorator' retrieved from /home/airflow/.local/lib/python3.8/site-packages/airflow/example_dags/example_sensor_decorator.py
[2025-05-04T23:19:32.078+0000] {logging_mixin.py:188} INFO - [2025-05-04T23:19:32.078+0000] {dag.py:3033} INFO - Sync 1 DAGs
[2025-05-04T23:19:32.084+0000] {logging_mixin.py:188} INFO - [2025-05-04T23:19:32.084+0000] {dag.py:3820} INFO - Setting next_dagrun for example_sensor_decorator to None, run_after=None
[2025-05-04T23:19:32.099+0000] {processor.py:183} INFO - Processing /home/airflow/.local/lib/python3.8/site-packages/airflow/example_dags/example_sensor_decorator.py took 0.039 seconds
[2025-05-04T23:20:02.710+0000] {processor.py:161} INFO - Started process (PID=224) to work on /home/airflow/.local/lib/python3.8/site-packages/airflow/example_dags/example_sensor_decorator.py
[2025-05-04T23:20:02.711+0000] {processor.py:830} INFO - Processing file /home/airflow/.local/lib/python3.8/site-packages/airflow/example_dags/example_sensor_decorator.py for tasks to queue
[2025-05-04T23:20:02.712+0000] {logging_mixin.py:188} INFO - [2025-05-04T23:20:02.712+0000] {dagbag.py:538} INFO - Filling up the DagBag from /home/airflow/.local/lib/python3.8/site-packages/airflow/example_dags/example_sensor_decorator.py
[2025-05-04T23:20:02.714+0000] {processor.py:840} INFO - DAG(s) 'example_sensor_decorator' retrieved from /home/airflow/.local/lib/python3.8/site-packages/airflow/example_dags/example_sensor_decorator.py
[2025-05-04T23:20:02.726+0000] {logging_mixin.py:188} INFO - [2025-05-04T23:20:02.726+0000] {dag.py:3033} INFO - Sync 1 DAGs
[2025-05-04T23:20:02.732+0000] {logging_mixin.py:188} INFO - [2025-05-04T23:20:02.731+0000] {dag.py:3820} INFO - Setting next_dagrun for example_sensor_decorator to None, run_after=None
[2025-05-04T23:20:02.746+0000] {processor.py:183} INFO - Processing /home/airflow/.local/lib/python3.8/site-packages/airflow/example_dags/example_sensor_decorator.py took 0.037 seconds
[2025-05-04T23:20:33.550+0000] {processor.py:161} INFO - Started process (PID=279) to work on /home/airflow/.local/lib/python3.8/site-packages/airflow/example_dags/example_sensor_decorator.py
[2025-05-04T23:20:33.551+0000] {processor.py:830} INFO - Processing file /home/airflow/.local/lib/python3.8/site-packages/airflow/example_dags/example_sensor_decorator.py for tasks to queue
[2025-05-04T23:20:33.553+0000] {logging_mixin.py:188} INFO - [2025-05-04T23:20:33.553+0000] {dagbag.py:538} INFO - Filling up the DagBag from /home/airflow/.local/lib/python3.8/site-packages/airflow/example_dags/example_sensor_decorator.py
[2025-05-04T23:20:33.556+0000] {processor.py:840} INFO - DAG(s) 'example_sensor_decorator' retrieved from /home/airflow/.local/lib/python3.8/site-packages/airflow/example_dags/example_sensor_decorator.py
[2025-05-04T23:20:33.565+0000] {logging_mixin.py:188} INFO - [2025-05-04T23:20:33.565+0000] {dag.py:3033} INFO - Sync 1 DAGs
[2025-05-04T23:20:33.572+0000] {logging_mixin.py:188} INFO - [2025-05-04T23:20:33.572+0000] {dag.py:3820} INFO - Setting next_dagrun for example_sensor_decorator to None, run_after=None
[2025-05-04T23:20:33.580+0000] {processor.py:183} INFO - Processing /home/airflow/.local/lib/python3.8/site-packages/airflow/example_dags/example_sensor_decorator.py took 0.032 seconds
[2025-05-04T23:21:03.715+0000] {processor.py:161} INFO - Started process (PID=335) to work on /home/airflow/.local/lib/python3.8/site-packages/airflow/example_dags/example_sensor_decorator.py
[2025-05-04T23:21:03.715+0000] {processor.py:830} INFO - Processing file /home/airflow/.local/lib/python3.8/site-packages/airflow/example_dags/example_sensor_decorator.py for tasks to queue
[2025-05-04T23:21:03.716+0000] {logging_mixin.py:188} INFO - [2025-05-04T23:21:03.716+0000] {dagbag.py:538} INFO - Filling up the DagBag from /home/airflow/.local/lib/python3.8/site-packages/airflow/example_dags/example_sensor_decorator.py
[2025-05-04T23:21:03.719+0000] {processor.py:840} INFO - DAG(s) 'example_sensor_decorator' retrieved from /home/airflow/.local/lib/python3.8/site-packages/airflow/example_dags/example_sensor_decorator.py
[2025-05-04T23:21:03.731+0000] {logging_mixin.py:188} INFO - [2025-05-04T23:21:03.731+0000] {dag.py:3033} INFO - Sync 1 DAGs
[2025-05-04T23:21:03.739+0000] {logging_mixin.py:188} INFO - [2025-05-04T23:21:03.739+0000] {dag.py:3820} INFO - Setting next_dagrun for example_sensor_decorator to None, run_after=None
[2025-05-04T23:21:03.751+0000] {processor.py:183} INFO - Processing /home/airflow/.local/lib/python3.8/site-packages/airflow/example_dags/example_sensor_decorator.py took 0.038 seconds
[2025-05-04T23:21:34.319+0000] {processor.py:161} INFO - Started process (PID=391) to work on /home/airflow/.local/lib/python3.8/site-packages/airflow/example_dags/example_sensor_decorator.py
[2025-05-04T23:21:34.319+0000] {processor.py:830} INFO - Processing file /home/airflow/.local/lib/python3.8/site-packages/airflow/example_dags/example_sensor_decorator.py for tasks to queue
[2025-05-04T23:21:34.320+0000] {logging_mixin.py:188} INFO - [2025-05-04T23:21:34.320+0000] {dagbag.py:538} INFO - Filling up the DagBag from /home/airflow/.local/lib/python3.8/site-packages/airflow/example_dags/example_sensor_decorator.py
[2025-05-04T23:21:34.323+0000] {processor.py:840} INFO - DAG(s) 'example_sensor_decorator' retrieved from /home/airflow/.local/lib/python3.8/site-packages/airflow/example_dags/example_sensor_decorator.py
[2025-05-04T23:21:34.332+0000] {logging_mixin.py:188} INFO - [2025-05-04T23:21:34.331+0000] {dag.py:3033} INFO - Sync 1 DAGs
[2025-05-04T23:21:34.337+0000] {logging_mixin.py:188} INFO - [2025-05-04T23:21:34.337+0000] {dag.py:3820} INFO - Setting next_dagrun for example_sensor_decorator to None, run_after=None
[2025-05-04T23:21:34.348+0000] {processor.py:183} INFO - Processing /home/airflow/.local/lib/python3.8/site-packages/airflow/example_dags/example_sensor_decorator.py took 0.031 seconds
[2025-05-04T23:22:05.036+0000] {processor.py:161} INFO - Started process (PID=447) to work on /home/airflow/.local/lib/python3.8/site-packages/airflow/example_dags/example_sensor_decorator.py
[2025-05-04T23:22:05.038+0000] {processor.py:830} INFO - Processing file /home/airflow/.local/lib/python3.8/site-packages/airflow/example_dags/example_sensor_decorator.py for tasks to queue
[2025-05-04T23:22:05.039+0000] {logging_mixin.py:188} INFO - [2025-05-04T23:22:05.039+0000] {dagbag.py:538} INFO - Filling up the DagBag from /home/airflow/.local/lib/python3.8/site-packages/airflow/example_dags/example_sensor_decorator.py
[2025-05-04T23:22:05.042+0000] {processor.py:840} INFO - DAG(s) 'example_sensor_decorator' retrieved from /home/airflow/.local/lib/python3.8/site-packages/airflow/example_dags/example_sensor_decorator.py
[2025-05-04T23:22:05.050+0000] {logging_mixin.py:188} INFO - [2025-05-04T23:22:05.050+0000] {dag.py:3033} INFO - Sync 1 DAGs
[2025-05-04T23:22:05.056+0000] {logging_mixin.py:188} INFO - [2025-05-04T23:22:05.056+0000] {dag.py:3820} INFO - Setting next_dagrun for example_sensor_decorator to None, run_after=None
[2025-05-04T23:22:05.069+0000] {processor.py:183} INFO - Processing /home/airflow/.local/lib/python3.8/site-packages/airflow/example_dags/example_sensor_decorator.py took 0.035 seconds
[2025-05-04T23:22:35.585+0000] {processor.py:161} INFO - Started process (PID=503) to work on /home/airflow/.local/lib/python3.8/site-packages/airflow/example_dags/example_sensor_decorator.py
[2025-05-04T23:22:35.586+0000] {processor.py:830} INFO - Processing file /home/airflow/.local/lib/python3.8/site-packages/airflow/example_dags/example_sensor_decorator.py for tasks to queue
[2025-05-04T23:22:35.588+0000] {logging_mixin.py:188} INFO - [2025-05-04T23:22:35.588+0000] {dagbag.py:538} INFO - Filling up the DagBag from /home/airflow/.local/lib/python3.8/site-packages/airflow/example_dags/example_sensor_decorator.py
[2025-05-04T23:22:35.592+0000] {processor.py:840} INFO - DAG(s) 'example_sensor_decorator' retrieved from /home/airflow/.local/lib/python3.8/site-packages/airflow/example_dags/example_sensor_decorator.py
[2025-05-04T23:22:35.602+0000] {logging_mixin.py:188} INFO - [2025-05-04T23:22:35.602+0000] {dag.py:3033} INFO - Sync 1 DAGs
[2025-05-04T23:22:35.607+0000] {logging_mixin.py:188} INFO - [2025-05-04T23:22:35.607+0000] {dag.py:3820} INFO - Setting next_dagrun for example_sensor_decorator to None, run_after=None
[2025-05-04T23:22:35.615+0000] {processor.py:183} INFO - Processing /home/airflow/.local/lib/python3.8/site-packages/airflow/example_dags/example_sensor_decorator.py took 0.032 seconds
[2025-05-04T23:23:06.171+0000] {processor.py:161} INFO - Started process (PID=559) to work on /home/airflow/.local/lib/python3.8/site-packages/airflow/example_dags/example_sensor_decorator.py
[2025-05-04T23:23:06.172+0000] {processor.py:830} INFO - Processing file /home/airflow/.local/lib/python3.8/site-packages/airflow/example_dags/example_sensor_decorator.py for tasks to queue
[2025-05-04T23:23:06.173+0000] {logging_mixin.py:188} INFO - [2025-05-04T23:23:06.173+0000] {dagbag.py:538} INFO - Filling up the DagBag from /home/airflow/.local/lib/python3.8/site-packages/airflow/example_dags/example_sensor_decorator.py
[2025-05-04T23:23:06.176+0000] {processor.py:840} INFO - DAG(s) 'example_sensor_decorator' retrieved from /home/airflow/.local/lib/python3.8/site-packages/airflow/example_dags/example_sensor_decorator.py
[2025-05-04T23:23:06.184+0000] {logging_mixin.py:188} INFO - [2025-05-04T23:23:06.184+0000] {dag.py:3033} INFO - Sync 1 DAGs
[2025-05-04T23:23:06.189+0000] {logging_mixin.py:188} INFO - [2025-05-04T23:23:06.189+0000] {dag.py:3820} INFO - Setting next_dagrun for example_sensor_decorator to None, run_after=None
[2025-05-04T23:23:06.202+0000] {processor.py:183} INFO - Processing /home/airflow/.local/lib/python3.8/site-packages/airflow/example_dags/example_sensor_decorator.py took 0.032 seconds
[2025-05-04T23:24:30.709+0000] {processor.py:161} INFO - Started process (PID=56) to work on /home/airflow/.local/lib/python3.8/site-packages/airflow/example_dags/example_sensor_decorator.py
[2025-05-04T23:24:30.711+0000] {processor.py:830} INFO - Processing file /home/airflow/.local/lib/python3.8/site-packages/airflow/example_dags/example_sensor_decorator.py for tasks to queue
[2025-05-04T23:24:30.714+0000] {logging_mixin.py:188} INFO - [2025-05-04T23:24:30.713+0000] {dagbag.py:538} INFO - Filling up the DagBag from /home/airflow/.local/lib/python3.8/site-packages/airflow/example_dags/example_sensor_decorator.py
[2025-05-04T23:24:30.721+0000] {processor.py:840} INFO - DAG(s) 'example_sensor_decorator' retrieved from /home/airflow/.local/lib/python3.8/site-packages/airflow/example_dags/example_sensor_decorator.py
[2025-05-04T23:24:30.729+0000] {logging_mixin.py:188} INFO - [2025-05-04T23:24:30.729+0000] {dag.py:3033} INFO - Sync 1 DAGs
[2025-05-04T23:24:30.739+0000] {logging_mixin.py:188} INFO - [2025-05-04T23:24:30.738+0000] {dag.py:3820} INFO - Setting next_dagrun for example_sensor_decorator to None, run_after=None
[2025-05-04T23:24:30.751+0000] {processor.py:183} INFO - Processing /home/airflow/.local/lib/python3.8/site-packages/airflow/example_dags/example_sensor_decorator.py took 0.046 seconds
[2025-05-04T23:25:01.011+0000] {processor.py:161} INFO - Started process (PID=112) to work on /home/airflow/.local/lib/python3.8/site-packages/airflow/example_dags/example_sensor_decorator.py
[2025-05-04T23:25:01.011+0000] {processor.py:830} INFO - Processing file /home/airflow/.local/lib/python3.8/site-packages/airflow/example_dags/example_sensor_decorator.py for tasks to queue
[2025-05-04T23:25:01.013+0000] {logging_mixin.py:188} INFO - [2025-05-04T23:25:01.013+0000] {dagbag.py:538} INFO - Filling up the DagBag from /home/airflow/.local/lib/python3.8/site-packages/airflow/example_dags/example_sensor_decorator.py
[2025-05-04T23:25:01.016+0000] {processor.py:840} INFO - DAG(s) 'example_sensor_decorator' retrieved from /home/airflow/.local/lib/python3.8/site-packages/airflow/example_dags/example_sensor_decorator.py
[2025-05-04T23:25:01.063+0000] {logging_mixin.py:188} INFO - [2025-05-04T23:25:01.063+0000] {dag.py:3033} INFO - Sync 1 DAGs
[2025-05-04T23:25:01.070+0000] {logging_mixin.py:188} INFO - [2025-05-04T23:25:01.069+0000] {dag.py:3820} INFO - Setting next_dagrun for example_sensor_decorator to None, run_after=None
[2025-05-04T23:25:01.083+0000] {processor.py:183} INFO - Processing /home/airflow/.local/lib/python3.8/site-packages/airflow/example_dags/example_sensor_decorator.py took 0.074 seconds
[2025-05-04T23:25:31.340+0000] {processor.py:161} INFO - Started process (PID=167) to work on /home/airflow/.local/lib/python3.8/site-packages/airflow/example_dags/example_sensor_decorator.py
[2025-05-04T23:25:31.341+0000] {processor.py:830} INFO - Processing file /home/airflow/.local/lib/python3.8/site-packages/airflow/example_dags/example_sensor_decorator.py for tasks to queue
[2025-05-04T23:25:31.342+0000] {logging_mixin.py:188} INFO - [2025-05-04T23:25:31.342+0000] {dagbag.py:538} INFO - Filling up the DagBag from /home/airflow/.local/lib/python3.8/site-packages/airflow/example_dags/example_sensor_decorator.py
[2025-05-04T23:25:31.345+0000] {processor.py:840} INFO - DAG(s) 'example_sensor_decorator' retrieved from /home/airflow/.local/lib/python3.8/site-packages/airflow/example_dags/example_sensor_decorator.py
[2025-05-04T23:25:31.357+0000] {logging_mixin.py:188} INFO - [2025-05-04T23:25:31.357+0000] {dag.py:3033} INFO - Sync 1 DAGs
[2025-05-04T23:25:31.363+0000] {logging_mixin.py:188} INFO - [2025-05-04T23:25:31.363+0000] {dag.py:3820} INFO - Setting next_dagrun for example_sensor_decorator to None, run_after=None
[2025-05-04T23:25:31.375+0000] {processor.py:183} INFO - Processing /home/airflow/.local/lib/python3.8/site-packages/airflow/example_dags/example_sensor_decorator.py took 0.036 seconds
[2025-05-04T23:26:02.106+0000] {processor.py:161} INFO - Started process (PID=223) to work on /home/airflow/.local/lib/python3.8/site-packages/airflow/example_dags/example_sensor_decorator.py
[2025-05-04T23:26:02.107+0000] {processor.py:830} INFO - Processing file /home/airflow/.local/lib/python3.8/site-packages/airflow/example_dags/example_sensor_decorator.py for tasks to queue
[2025-05-04T23:26:02.108+0000] {logging_mixin.py:188} INFO - [2025-05-04T23:26:02.108+0000] {dagbag.py:538} INFO - Filling up the DagBag from /home/airflow/.local/lib/python3.8/site-packages/airflow/example_dags/example_sensor_decorator.py
[2025-05-04T23:26:02.111+0000] {processor.py:840} INFO - DAG(s) 'example_sensor_decorator' retrieved from /home/airflow/.local/lib/python3.8/site-packages/airflow/example_dags/example_sensor_decorator.py
[2025-05-04T23:26:02.122+0000] {logging_mixin.py:188} INFO - [2025-05-04T23:26:02.122+0000] {dag.py:3033} INFO - Sync 1 DAGs
[2025-05-04T23:26:02.127+0000] {logging_mixin.py:188} INFO - [2025-05-04T23:26:02.127+0000] {dag.py:3820} INFO - Setting next_dagrun for example_sensor_decorator to None, run_after=None
[2025-05-04T23:26:02.142+0000] {processor.py:183} INFO - Processing /home/airflow/.local/lib/python3.8/site-packages/airflow/example_dags/example_sensor_decorator.py took 0.037 seconds
[2025-05-04T23:26:32.880+0000] {processor.py:161} INFO - Started process (PID=279) to work on /home/airflow/.local/lib/python3.8/site-packages/airflow/example_dags/example_sensor_decorator.py
[2025-05-04T23:26:32.881+0000] {processor.py:830} INFO - Processing file /home/airflow/.local/lib/python3.8/site-packages/airflow/example_dags/example_sensor_decorator.py for tasks to queue
[2025-05-04T23:26:32.881+0000] {logging_mixin.py:188} INFO - [2025-05-04T23:26:32.881+0000] {dagbag.py:538} INFO - Filling up the DagBag from /home/airflow/.local/lib/python3.8/site-packages/airflow/example_dags/example_sensor_decorator.py
[2025-05-04T23:26:32.885+0000] {processor.py:840} INFO - DAG(s) 'example_sensor_decorator' retrieved from /home/airflow/.local/lib/python3.8/site-packages/airflow/example_dags/example_sensor_decorator.py
[2025-05-04T23:26:32.897+0000] {logging_mixin.py:188} INFO - [2025-05-04T23:26:32.897+0000] {dag.py:3033} INFO - Sync 1 DAGs
[2025-05-04T23:26:32.904+0000] {logging_mixin.py:188} INFO - [2025-05-04T23:26:32.904+0000] {dag.py:3820} INFO - Setting next_dagrun for example_sensor_decorator to None, run_after=None
[2025-05-04T23:26:32.915+0000] {processor.py:183} INFO - Processing /home/airflow/.local/lib/python3.8/site-packages/airflow/example_dags/example_sensor_decorator.py took 0.036 seconds
[2025-05-04T23:27:03.597+0000] {processor.py:161} INFO - Started process (PID=335) to work on /home/airflow/.local/lib/python3.8/site-packages/airflow/example_dags/example_sensor_decorator.py
[2025-05-04T23:27:03.598+0000] {processor.py:830} INFO - Processing file /home/airflow/.local/lib/python3.8/site-packages/airflow/example_dags/example_sensor_decorator.py for tasks to queue
[2025-05-04T23:27:03.598+0000] {logging_mixin.py:188} INFO - [2025-05-04T23:27:03.598+0000] {dagbag.py:538} INFO - Filling up the DagBag from /home/airflow/.local/lib/python3.8/site-packages/airflow/example_dags/example_sensor_decorator.py
[2025-05-04T23:27:03.601+0000] {processor.py:840} INFO - DAG(s) 'example_sensor_decorator' retrieved from /home/airflow/.local/lib/python3.8/site-packages/airflow/example_dags/example_sensor_decorator.py
[2025-05-04T23:27:03.612+0000] {logging_mixin.py:188} INFO - [2025-05-04T23:27:03.612+0000] {dag.py:3033} INFO - Sync 1 DAGs
[2025-05-04T23:27:03.617+0000] {logging_mixin.py:188} INFO - [2025-05-04T23:27:03.617+0000] {dag.py:3820} INFO - Setting next_dagrun for example_sensor_decorator to None, run_after=None
[2025-05-04T23:27:03.626+0000] {processor.py:183} INFO - Processing /home/airflow/.local/lib/python3.8/site-packages/airflow/example_dags/example_sensor_decorator.py took 0.031 seconds
[2025-05-04T23:27:34.284+0000] {processor.py:161} INFO - Started process (PID=391) to work on /home/airflow/.local/lib/python3.8/site-packages/airflow/example_dags/example_sensor_decorator.py
[2025-05-04T23:27:34.285+0000] {processor.py:830} INFO - Processing file /home/airflow/.local/lib/python3.8/site-packages/airflow/example_dags/example_sensor_decorator.py for tasks to queue
[2025-05-04T23:27:34.286+0000] {logging_mixin.py:188} INFO - [2025-05-04T23:27:34.286+0000] {dagbag.py:538} INFO - Filling up the DagBag from /home/airflow/.local/lib/python3.8/site-packages/airflow/example_dags/example_sensor_decorator.py
[2025-05-04T23:27:34.290+0000] {processor.py:840} INFO - DAG(s) 'example_sensor_decorator' retrieved from /home/airflow/.local/lib/python3.8/site-packages/airflow/example_dags/example_sensor_decorator.py
[2025-05-04T23:27:34.304+0000] {logging_mixin.py:188} INFO - [2025-05-04T23:27:34.304+0000] {dag.py:3033} INFO - Sync 1 DAGs
[2025-05-04T23:27:34.310+0000] {logging_mixin.py:188} INFO - [2025-05-04T23:27:34.310+0000] {dag.py:3820} INFO - Setting next_dagrun for example_sensor_decorator to None, run_after=None
[2025-05-04T23:27:34.324+0000] {processor.py:183} INFO - Processing /home/airflow/.local/lib/python3.8/site-packages/airflow/example_dags/example_sensor_decorator.py took 0.041 seconds
[2025-05-04T23:28:24.088+0000] {processor.py:161} INFO - Started process (PID=56) to work on /home/airflow/.local/lib/python3.8/site-packages/airflow/example_dags/example_sensor_decorator.py
[2025-05-04T23:28:24.090+0000] {processor.py:830} INFO - Processing file /home/airflow/.local/lib/python3.8/site-packages/airflow/example_dags/example_sensor_decorator.py for tasks to queue
[2025-05-04T23:28:24.092+0000] {logging_mixin.py:188} INFO - [2025-05-04T23:28:24.092+0000] {dagbag.py:538} INFO - Filling up the DagBag from /home/airflow/.local/lib/python3.8/site-packages/airflow/example_dags/example_sensor_decorator.py
[2025-05-04T23:28:24.097+0000] {processor.py:840} INFO - DAG(s) 'example_sensor_decorator' retrieved from /home/airflow/.local/lib/python3.8/site-packages/airflow/example_dags/example_sensor_decorator.py
[2025-05-04T23:28:24.105+0000] {logging_mixin.py:188} INFO - [2025-05-04T23:28:24.105+0000] {dag.py:3033} INFO - Sync 1 DAGs
[2025-05-04T23:28:24.116+0000] {logging_mixin.py:188} INFO - [2025-05-04T23:28:24.116+0000] {dag.py:3820} INFO - Setting next_dagrun for example_sensor_decorator to None, run_after=None
[2025-05-04T23:28:24.136+0000] {processor.py:183} INFO - Processing /home/airflow/.local/lib/python3.8/site-packages/airflow/example_dags/example_sensor_decorator.py took 0.059 seconds
[2025-05-04T23:28:55.017+0000] {processor.py:161} INFO - Started process (PID=112) to work on /home/airflow/.local/lib/python3.8/site-packages/airflow/example_dags/example_sensor_decorator.py
[2025-05-04T23:28:55.019+0000] {processor.py:830} INFO - Processing file /home/airflow/.local/lib/python3.8/site-packages/airflow/example_dags/example_sensor_decorator.py for tasks to queue
[2025-05-04T23:28:55.020+0000] {logging_mixin.py:188} INFO - [2025-05-04T23:28:55.020+0000] {dagbag.py:538} INFO - Filling up the DagBag from /home/airflow/.local/lib/python3.8/site-packages/airflow/example_dags/example_sensor_decorator.py
[2025-05-04T23:28:55.022+0000] {processor.py:840} INFO - DAG(s) 'example_sensor_decorator' retrieved from /home/airflow/.local/lib/python3.8/site-packages/airflow/example_dags/example_sensor_decorator.py
[2025-05-04T23:28:55.070+0000] {logging_mixin.py:188} INFO - [2025-05-04T23:28:55.069+0000] {dag.py:3033} INFO - Sync 1 DAGs
[2025-05-04T23:28:55.078+0000] {logging_mixin.py:188} INFO - [2025-05-04T23:28:55.078+0000] {dag.py:3820} INFO - Setting next_dagrun for example_sensor_decorator to None, run_after=None
[2025-05-04T23:28:55.091+0000] {processor.py:183} INFO - Processing /home/airflow/.local/lib/python3.8/site-packages/airflow/example_dags/example_sensor_decorator.py took 0.075 seconds
[2025-05-04T23:29:25.405+0000] {processor.py:161} INFO - Started process (PID=168) to work on /home/airflow/.local/lib/python3.8/site-packages/airflow/example_dags/example_sensor_decorator.py
[2025-05-04T23:29:25.406+0000] {processor.py:830} INFO - Processing file /home/airflow/.local/lib/python3.8/site-packages/airflow/example_dags/example_sensor_decorator.py for tasks to queue
[2025-05-04T23:29:25.407+0000] {logging_mixin.py:188} INFO - [2025-05-04T23:29:25.407+0000] {dagbag.py:538} INFO - Filling up the DagBag from /home/airflow/.local/lib/python3.8/site-packages/airflow/example_dags/example_sensor_decorator.py
[2025-05-04T23:29:25.411+0000] {processor.py:840} INFO - DAG(s) 'example_sensor_decorator' retrieved from /home/airflow/.local/lib/python3.8/site-packages/airflow/example_dags/example_sensor_decorator.py
[2025-05-04T23:29:25.420+0000] {logging_mixin.py:188} INFO - [2025-05-04T23:29:25.420+0000] {dag.py:3033} INFO - Sync 1 DAGs
[2025-05-04T23:29:25.426+0000] {logging_mixin.py:188} INFO - [2025-05-04T23:29:25.426+0000] {dag.py:3820} INFO - Setting next_dagrun for example_sensor_decorator to None, run_after=None
[2025-05-04T23:29:25.435+0000] {processor.py:183} INFO - Processing /home/airflow/.local/lib/python3.8/site-packages/airflow/example_dags/example_sensor_decorator.py took 0.032 seconds
[2025-05-04T23:29:56.117+0000] {processor.py:161} INFO - Started process (PID=224) to work on /home/airflow/.local/lib/python3.8/site-packages/airflow/example_dags/example_sensor_decorator.py
[2025-05-04T23:29:56.119+0000] {processor.py:830} INFO - Processing file /home/airflow/.local/lib/python3.8/site-packages/airflow/example_dags/example_sensor_decorator.py for tasks to queue
[2025-05-04T23:29:56.120+0000] {logging_mixin.py:188} INFO - [2025-05-04T23:29:56.120+0000] {dagbag.py:538} INFO - Filling up the DagBag from /home/airflow/.local/lib/python3.8/site-packages/airflow/example_dags/example_sensor_decorator.py
[2025-05-04T23:29:56.124+0000] {processor.py:840} INFO - DAG(s) 'example_sensor_decorator' retrieved from /home/airflow/.local/lib/python3.8/site-packages/airflow/example_dags/example_sensor_decorator.py
[2025-05-04T23:29:56.133+0000] {logging_mixin.py:188} INFO - [2025-05-04T23:29:56.133+0000] {dag.py:3033} INFO - Sync 1 DAGs
[2025-05-04T23:29:56.138+0000] {logging_mixin.py:188} INFO - [2025-05-04T23:29:56.138+0000] {dag.py:3820} INFO - Setting next_dagrun for example_sensor_decorator to None, run_after=None
[2025-05-04T23:29:56.146+0000] {processor.py:183} INFO - Processing /home/airflow/.local/lib/python3.8/site-packages/airflow/example_dags/example_sensor_decorator.py took 0.030 seconds
[2025-05-04T23:30:26.922+0000] {processor.py:161} INFO - Started process (PID=280) to work on /home/airflow/.local/lib/python3.8/site-packages/airflow/example_dags/example_sensor_decorator.py
[2025-05-04T23:30:26.922+0000] {processor.py:830} INFO - Processing file /home/airflow/.local/lib/python3.8/site-packages/airflow/example_dags/example_sensor_decorator.py for tasks to queue
[2025-05-04T23:30:26.923+0000] {logging_mixin.py:188} INFO - [2025-05-04T23:30:26.923+0000] {dagbag.py:538} INFO - Filling up the DagBag from /home/airflow/.local/lib/python3.8/site-packages/airflow/example_dags/example_sensor_decorator.py
[2025-05-04T23:30:26.926+0000] {processor.py:840} INFO - DAG(s) 'example_sensor_decorator' retrieved from /home/airflow/.local/lib/python3.8/site-packages/airflow/example_dags/example_sensor_decorator.py
[2025-05-04T23:30:26.936+0000] {logging_mixin.py:188} INFO - [2025-05-04T23:30:26.936+0000] {dag.py:3033} INFO - Sync 1 DAGs
[2025-05-04T23:30:26.941+0000] {logging_mixin.py:188} INFO - [2025-05-04T23:30:26.941+0000] {dag.py:3820} INFO - Setting next_dagrun for example_sensor_decorator to None, run_after=None
[2025-05-04T23:30:26.950+0000] {processor.py:183} INFO - Processing /home/airflow/.local/lib/python3.8/site-packages/airflow/example_dags/example_sensor_decorator.py took 0.030 seconds
[2025-05-04T23:30:57.457+0000] {processor.py:161} INFO - Started process (PID=336) to work on /home/airflow/.local/lib/python3.8/site-packages/airflow/example_dags/example_sensor_decorator.py
[2025-05-04T23:30:57.458+0000] {processor.py:830} INFO - Processing file /home/airflow/.local/lib/python3.8/site-packages/airflow/example_dags/example_sensor_decorator.py for tasks to queue
[2025-05-04T23:30:57.460+0000] {logging_mixin.py:188} INFO - [2025-05-04T23:30:57.460+0000] {dagbag.py:538} INFO - Filling up the DagBag from /home/airflow/.local/lib/python3.8/site-packages/airflow/example_dags/example_sensor_decorator.py
[2025-05-04T23:30:57.462+0000] {processor.py:840} INFO - DAG(s) 'example_sensor_decorator' retrieved from /home/airflow/.local/lib/python3.8/site-packages/airflow/example_dags/example_sensor_decorator.py
[2025-05-04T23:30:57.472+0000] {logging_mixin.py:188} INFO - [2025-05-04T23:30:57.472+0000] {dag.py:3033} INFO - Sync 1 DAGs
[2025-05-04T23:30:57.479+0000] {logging_mixin.py:188} INFO - [2025-05-04T23:30:57.479+0000] {dag.py:3820} INFO - Setting next_dagrun for example_sensor_decorator to None, run_after=None
[2025-05-04T23:30:57.489+0000] {processor.py:183} INFO - Processing /home/airflow/.local/lib/python3.8/site-packages/airflow/example_dags/example_sensor_decorator.py took 0.034 seconds
[2025-05-04T23:31:28.109+0000] {processor.py:161} INFO - Started process (PID=397) to work on /home/airflow/.local/lib/python3.8/site-packages/airflow/example_dags/example_sensor_decorator.py
[2025-05-04T23:31:28.109+0000] {processor.py:830} INFO - Processing file /home/airflow/.local/lib/python3.8/site-packages/airflow/example_dags/example_sensor_decorator.py for tasks to queue
[2025-05-04T23:31:28.110+0000] {logging_mixin.py:188} INFO - [2025-05-04T23:31:28.110+0000] {dagbag.py:538} INFO - Filling up the DagBag from /home/airflow/.local/lib/python3.8/site-packages/airflow/example_dags/example_sensor_decorator.py
[2025-05-04T23:31:28.113+0000] {processor.py:840} INFO - DAG(s) 'example_sensor_decorator' retrieved from /home/airflow/.local/lib/python3.8/site-packages/airflow/example_dags/example_sensor_decorator.py
[2025-05-04T23:31:28.124+0000] {logging_mixin.py:188} INFO - [2025-05-04T23:31:28.124+0000] {dag.py:3033} INFO - Sync 1 DAGs
[2025-05-04T23:31:28.129+0000] {logging_mixin.py:188} INFO - [2025-05-04T23:31:28.129+0000] {dag.py:3820} INFO - Setting next_dagrun for example_sensor_decorator to None, run_after=None
[2025-05-04T23:31:28.139+0000] {processor.py:183} INFO - Processing /home/airflow/.local/lib/python3.8/site-packages/airflow/example_dags/example_sensor_decorator.py took 0.032 seconds
[2025-05-04T23:31:58.841+0000] {processor.py:161} INFO - Started process (PID=453) to work on /home/airflow/.local/lib/python3.8/site-packages/airflow/example_dags/example_sensor_decorator.py
[2025-05-04T23:31:58.842+0000] {processor.py:830} INFO - Processing file /home/airflow/.local/lib/python3.8/site-packages/airflow/example_dags/example_sensor_decorator.py for tasks to queue
[2025-05-04T23:31:58.843+0000] {logging_mixin.py:188} INFO - [2025-05-04T23:31:58.843+0000] {dagbag.py:538} INFO - Filling up the DagBag from /home/airflow/.local/lib/python3.8/site-packages/airflow/example_dags/example_sensor_decorator.py
[2025-05-04T23:31:58.845+0000] {processor.py:840} INFO - DAG(s) 'example_sensor_decorator' retrieved from /home/airflow/.local/lib/python3.8/site-packages/airflow/example_dags/example_sensor_decorator.py
[2025-05-04T23:31:58.853+0000] {logging_mixin.py:188} INFO - [2025-05-04T23:31:58.853+0000] {dag.py:3033} INFO - Sync 1 DAGs
[2025-05-04T23:31:58.858+0000] {logging_mixin.py:188} INFO - [2025-05-04T23:31:58.858+0000] {dag.py:3820} INFO - Setting next_dagrun for example_sensor_decorator to None, run_after=None
[2025-05-04T23:31:58.863+0000] {processor.py:183} INFO - Processing /home/airflow/.local/lib/python3.8/site-packages/airflow/example_dags/example_sensor_decorator.py took 0.023 seconds
[2025-05-04T23:32:29.522+0000] {processor.py:161} INFO - Started process (PID=509) to work on /home/airflow/.local/lib/python3.8/site-packages/airflow/example_dags/example_sensor_decorator.py
[2025-05-04T23:32:29.523+0000] {processor.py:830} INFO - Processing file /home/airflow/.local/lib/python3.8/site-packages/airflow/example_dags/example_sensor_decorator.py for tasks to queue
[2025-05-04T23:32:29.524+0000] {logging_mixin.py:188} INFO - [2025-05-04T23:32:29.524+0000] {dagbag.py:538} INFO - Filling up the DagBag from /home/airflow/.local/lib/python3.8/site-packages/airflow/example_dags/example_sensor_decorator.py
[2025-05-04T23:32:29.526+0000] {processor.py:840} INFO - DAG(s) 'example_sensor_decorator' retrieved from /home/airflow/.local/lib/python3.8/site-packages/airflow/example_dags/example_sensor_decorator.py
[2025-05-04T23:32:29.535+0000] {logging_mixin.py:188} INFO - [2025-05-04T23:32:29.535+0000] {dag.py:3033} INFO - Sync 1 DAGs
[2025-05-04T23:32:29.540+0000] {logging_mixin.py:188} INFO - [2025-05-04T23:32:29.540+0000] {dag.py:3820} INFO - Setting next_dagrun for example_sensor_decorator to None, run_after=None
[2025-05-04T23:32:29.551+0000] {processor.py:183} INFO - Processing /home/airflow/.local/lib/python3.8/site-packages/airflow/example_dags/example_sensor_decorator.py took 0.031 seconds
[2025-05-04T23:47:22.038+0000] {processor.py:161} INFO - Started process (PID=56) to work on /home/airflow/.local/lib/python3.8/site-packages/airflow/example_dags/example_sensor_decorator.py
[2025-05-04T23:47:22.041+0000] {processor.py:830} INFO - Processing file /home/airflow/.local/lib/python3.8/site-packages/airflow/example_dags/example_sensor_decorator.py for tasks to queue
[2025-05-04T23:47:22.044+0000] {logging_mixin.py:188} INFO - [2025-05-04T23:47:22.044+0000] {dagbag.py:538} INFO - Filling up the DagBag from /home/airflow/.local/lib/python3.8/site-packages/airflow/example_dags/example_sensor_decorator.py
[2025-05-04T23:47:22.052+0000] {processor.py:840} INFO - DAG(s) 'example_sensor_decorator' retrieved from /home/airflow/.local/lib/python3.8/site-packages/airflow/example_dags/example_sensor_decorator.py
[2025-05-04T23:47:22.070+0000] {logging_mixin.py:188} INFO - [2025-05-04T23:47:22.070+0000] {dag.py:3033} INFO - Sync 1 DAGs
[2025-05-04T23:47:22.084+0000] {logging_mixin.py:188} INFO - [2025-05-04T23:47:22.084+0000] {dag.py:3820} INFO - Setting next_dagrun for example_sensor_decorator to None, run_after=None
[2025-05-04T23:47:22.113+0000] {processor.py:183} INFO - Processing /home/airflow/.local/lib/python3.8/site-packages/airflow/example_dags/example_sensor_decorator.py took 0.078 seconds
[2025-05-04T23:47:52.432+0000] {processor.py:161} INFO - Started process (PID=112) to work on /home/airflow/.local/lib/python3.8/site-packages/airflow/example_dags/example_sensor_decorator.py
[2025-05-04T23:47:52.432+0000] {processor.py:830} INFO - Processing file /home/airflow/.local/lib/python3.8/site-packages/airflow/example_dags/example_sensor_decorator.py for tasks to queue
[2025-05-04T23:47:52.433+0000] {logging_mixin.py:188} INFO - [2025-05-04T23:47:52.433+0000] {dagbag.py:538} INFO - Filling up the DagBag from /home/airflow/.local/lib/python3.8/site-packages/airflow/example_dags/example_sensor_decorator.py
[2025-05-04T23:47:52.436+0000] {processor.py:840} INFO - DAG(s) 'example_sensor_decorator' retrieved from /home/airflow/.local/lib/python3.8/site-packages/airflow/example_dags/example_sensor_decorator.py
[2025-05-04T23:47:52.486+0000] {logging_mixin.py:188} INFO - [2025-05-04T23:47:52.486+0000] {dag.py:3033} INFO - Sync 1 DAGs
[2025-05-04T23:47:52.491+0000] {logging_mixin.py:188} INFO - [2025-05-04T23:47:52.491+0000] {dag.py:3820} INFO - Setting next_dagrun for example_sensor_decorator to None, run_after=None
[2025-05-04T23:47:52.504+0000] {processor.py:183} INFO - Processing /home/airflow/.local/lib/python3.8/site-packages/airflow/example_dags/example_sensor_decorator.py took 0.074 seconds
[2025-05-04T23:48:22.621+0000] {processor.py:161} INFO - Started process (PID=168) to work on /home/airflow/.local/lib/python3.8/site-packages/airflow/example_dags/example_sensor_decorator.py
[2025-05-04T23:48:22.622+0000] {processor.py:830} INFO - Processing file /home/airflow/.local/lib/python3.8/site-packages/airflow/example_dags/example_sensor_decorator.py for tasks to queue
[2025-05-04T23:48:22.624+0000] {logging_mixin.py:188} INFO - [2025-05-04T23:48:22.623+0000] {dagbag.py:538} INFO - Filling up the DagBag from /home/airflow/.local/lib/python3.8/site-packages/airflow/example_dags/example_sensor_decorator.py
[2025-05-04T23:48:22.627+0000] {processor.py:840} INFO - DAG(s) 'example_sensor_decorator' retrieved from /home/airflow/.local/lib/python3.8/site-packages/airflow/example_dags/example_sensor_decorator.py
[2025-05-04T23:48:22.642+0000] {logging_mixin.py:188} INFO - [2025-05-04T23:48:22.642+0000] {dag.py:3033} INFO - Sync 1 DAGs
[2025-05-04T23:48:22.647+0000] {logging_mixin.py:188} INFO - [2025-05-04T23:48:22.647+0000] {dag.py:3820} INFO - Setting next_dagrun for example_sensor_decorator to None, run_after=None
[2025-05-04T23:48:22.656+0000] {processor.py:183} INFO - Processing /home/airflow/.local/lib/python3.8/site-packages/airflow/example_dags/example_sensor_decorator.py took 0.037 seconds
[2025-05-04T23:48:53.331+0000] {processor.py:161} INFO - Started process (PID=224) to work on /home/airflow/.local/lib/python3.8/site-packages/airflow/example_dags/example_sensor_decorator.py
[2025-05-04T23:48:53.332+0000] {processor.py:830} INFO - Processing file /home/airflow/.local/lib/python3.8/site-packages/airflow/example_dags/example_sensor_decorator.py for tasks to queue
[2025-05-04T23:48:53.333+0000] {logging_mixin.py:188} INFO - [2025-05-04T23:48:53.333+0000] {dagbag.py:538} INFO - Filling up the DagBag from /home/airflow/.local/lib/python3.8/site-packages/airflow/example_dags/example_sensor_decorator.py
[2025-05-04T23:48:53.338+0000] {processor.py:840} INFO - DAG(s) 'example_sensor_decorator' retrieved from /home/airflow/.local/lib/python3.8/site-packages/airflow/example_dags/example_sensor_decorator.py
[2025-05-04T23:48:53.347+0000] {logging_mixin.py:188} INFO - [2025-05-04T23:48:53.347+0000] {dag.py:3033} INFO - Sync 1 DAGs
[2025-05-04T23:48:53.353+0000] {logging_mixin.py:188} INFO - [2025-05-04T23:48:53.353+0000] {dag.py:3820} INFO - Setting next_dagrun for example_sensor_decorator to None, run_after=None
[2025-05-04T23:48:53.362+0000] {processor.py:183} INFO - Processing /home/airflow/.local/lib/python3.8/site-packages/airflow/example_dags/example_sensor_decorator.py took 0.033 seconds
[2025-05-04T23:49:24.026+0000] {processor.py:161} INFO - Started process (PID=280) to work on /home/airflow/.local/lib/python3.8/site-packages/airflow/example_dags/example_sensor_decorator.py
[2025-05-04T23:49:24.027+0000] {processor.py:830} INFO - Processing file /home/airflow/.local/lib/python3.8/site-packages/airflow/example_dags/example_sensor_decorator.py for tasks to queue
[2025-05-04T23:49:24.028+0000] {logging_mixin.py:188} INFO - [2025-05-04T23:49:24.028+0000] {dagbag.py:538} INFO - Filling up the DagBag from /home/airflow/.local/lib/python3.8/site-packages/airflow/example_dags/example_sensor_decorator.py
[2025-05-04T23:49:24.031+0000] {processor.py:840} INFO - DAG(s) 'example_sensor_decorator' retrieved from /home/airflow/.local/lib/python3.8/site-packages/airflow/example_dags/example_sensor_decorator.py
[2025-05-04T23:49:24.039+0000] {logging_mixin.py:188} INFO - [2025-05-04T23:49:24.039+0000] {dag.py:3033} INFO - Sync 1 DAGs
[2025-05-04T23:49:24.043+0000] {logging_mixin.py:188} INFO - [2025-05-04T23:49:24.043+0000] {dag.py:3820} INFO - Setting next_dagrun for example_sensor_decorator to None, run_after=None
[2025-05-04T23:49:24.049+0000] {processor.py:183} INFO - Processing /home/airflow/.local/lib/python3.8/site-packages/airflow/example_dags/example_sensor_decorator.py took 0.024 seconds
[2025-05-04T23:49:54.874+0000] {processor.py:161} INFO - Started process (PID=336) to work on /home/airflow/.local/lib/python3.8/site-packages/airflow/example_dags/example_sensor_decorator.py
[2025-05-04T23:49:54.874+0000] {processor.py:830} INFO - Processing file /home/airflow/.local/lib/python3.8/site-packages/airflow/example_dags/example_sensor_decorator.py for tasks to queue
[2025-05-04T23:49:54.875+0000] {logging_mixin.py:188} INFO - [2025-05-04T23:49:54.875+0000] {dagbag.py:538} INFO - Filling up the DagBag from /home/airflow/.local/lib/python3.8/site-packages/airflow/example_dags/example_sensor_decorator.py
[2025-05-04T23:49:54.878+0000] {processor.py:840} INFO - DAG(s) 'example_sensor_decorator' retrieved from /home/airflow/.local/lib/python3.8/site-packages/airflow/example_dags/example_sensor_decorator.py
[2025-05-04T23:49:54.887+0000] {logging_mixin.py:188} INFO - [2025-05-04T23:49:54.887+0000] {dag.py:3033} INFO - Sync 1 DAGs
[2025-05-04T23:49:54.894+0000] {logging_mixin.py:188} INFO - [2025-05-04T23:49:54.894+0000] {dag.py:3820} INFO - Setting next_dagrun for example_sensor_decorator to None, run_after=None
[2025-05-04T23:49:54.908+0000] {processor.py:183} INFO - Processing /home/airflow/.local/lib/python3.8/site-packages/airflow/example_dags/example_sensor_decorator.py took 0.036 seconds
