[2025-05-04T22:22:10.299+0000] {processor.py:161} INFO - Started process (PID=54) to work on /home/airflow/.local/lib/python3.8/site-packages/airflow/example_dags/example_latest_only_with_trigger.py
[2025-05-04T22:22:10.300+0000] {processor.py:830} INFO - Processing file /home/airflow/.local/lib/python3.8/site-packages/airflow/example_dags/example_latest_only_with_trigger.py for tasks to queue
[2025-05-04T22:22:10.302+0000] {logging_mixin.py:188} INFO - [2025-05-04T22:22:10.301+0000] {dagbag.py:538} INFO - Filling up the DagBag from /home/airflow/.local/lib/python3.8/site-packages/airflow/example_dags/example_latest_only_with_trigger.py
[2025-05-04T22:22:10.308+0000] {processor.py:840} INFO - DAG(s) 'latest_only_with_trigger' retrieved from /home/airflow/.local/lib/python3.8/site-packages/airflow/example_dags/example_latest_only_with_trigger.py
[2025-05-04T22:22:10.321+0000] {logging_mixin.py:188} INFO - [2025-05-04T22:22:10.321+0000] {dag.py:3033} INFO - Sync 1 DAGs
[2025-05-04T22:22:10.340+0000] {logging_mixin.py:188} INFO - [2025-05-04T22:22:10.340+0000] {dag.py:3820} INFO - Setting next_dagrun for latest_only_with_trigger to 2025-05-04T16:00:00+00:00, run_after=2025-05-04T20:00:00+00:00
[2025-05-04T22:22:10.352+0000] {processor.py:183} INFO - Processing /home/airflow/.local/lib/python3.8/site-packages/airflow/example_dags/example_latest_only_with_trigger.py took 0.056 seconds
[2025-05-04T22:22:40.865+0000] {processor.py:161} INFO - Started process (PID=109) to work on /home/airflow/.local/lib/python3.8/site-packages/airflow/example_dags/example_latest_only_with_trigger.py
[2025-05-04T22:22:40.866+0000] {processor.py:830} INFO - Processing file /home/airflow/.local/lib/python3.8/site-packages/airflow/example_dags/example_latest_only_with_trigger.py for tasks to queue
[2025-05-04T22:22:40.866+0000] {logging_mixin.py:188} INFO - [2025-05-04T22:22:40.866+0000] {dagbag.py:538} INFO - Filling up the DagBag from /home/airflow/.local/lib/python3.8/site-packages/airflow/example_dags/example_latest_only_with_trigger.py
[2025-05-04T22:22:40.870+0000] {processor.py:840} INFO - DAG(s) 'latest_only_with_trigger' retrieved from /home/airflow/.local/lib/python3.8/site-packages/airflow/example_dags/example_latest_only_with_trigger.py
[2025-05-04T22:22:40.921+0000] {logging_mixin.py:188} INFO - [2025-05-04T22:22:40.921+0000] {dag.py:3033} INFO - Sync 1 DAGs
[2025-05-04T22:22:40.930+0000] {logging_mixin.py:188} INFO - [2025-05-04T22:22:40.930+0000] {dag.py:3820} INFO - Setting next_dagrun for latest_only_with_trigger to 2025-05-04T16:00:00+00:00, run_after=2025-05-04T20:00:00+00:00
[2025-05-04T22:22:40.937+0000] {processor.py:183} INFO - Processing /home/airflow/.local/lib/python3.8/site-packages/airflow/example_dags/example_latest_only_with_trigger.py took 0.074 seconds
[2025-05-04T22:23:10.961+0000] {processor.py:161} INFO - Started process (PID=164) to work on /home/airflow/.local/lib/python3.8/site-packages/airflow/example_dags/example_latest_only_with_trigger.py
[2025-05-04T22:23:10.962+0000] {processor.py:830} INFO - Processing file /home/airflow/.local/lib/python3.8/site-packages/airflow/example_dags/example_latest_only_with_trigger.py for tasks to queue
[2025-05-04T22:23:10.963+0000] {logging_mixin.py:188} INFO - [2025-05-04T22:23:10.962+0000] {dagbag.py:538} INFO - Filling up the DagBag from /home/airflow/.local/lib/python3.8/site-packages/airflow/example_dags/example_latest_only_with_trigger.py
[2025-05-04T22:23:10.965+0000] {processor.py:840} INFO - DAG(s) 'latest_only_with_trigger' retrieved from /home/airflow/.local/lib/python3.8/site-packages/airflow/example_dags/example_latest_only_with_trigger.py
[2025-05-04T22:23:10.977+0000] {logging_mixin.py:188} INFO - [2025-05-04T22:23:10.976+0000] {dag.py:3033} INFO - Sync 1 DAGs
[2025-05-04T22:23:10.989+0000] {logging_mixin.py:188} INFO - [2025-05-04T22:23:10.989+0000] {dag.py:3820} INFO - Setting next_dagrun for latest_only_with_trigger to 2025-05-04T16:00:00+00:00, run_after=2025-05-04T20:00:00+00:00
[2025-05-04T22:23:10.997+0000] {processor.py:183} INFO - Processing /home/airflow/.local/lib/python3.8/site-packages/airflow/example_dags/example_latest_only_with_trigger.py took 0.038 seconds
[2025-05-04T22:23:41.490+0000] {processor.py:161} INFO - Started process (PID=219) to work on /home/airflow/.local/lib/python3.8/site-packages/airflow/example_dags/example_latest_only_with_trigger.py
[2025-05-04T22:23:41.492+0000] {processor.py:830} INFO - Processing file /home/airflow/.local/lib/python3.8/site-packages/airflow/example_dags/example_latest_only_with_trigger.py for tasks to queue
[2025-05-04T22:23:41.493+0000] {logging_mixin.py:188} INFO - [2025-05-04T22:23:41.493+0000] {dagbag.py:538} INFO - Filling up the DagBag from /home/airflow/.local/lib/python3.8/site-packages/airflow/example_dags/example_latest_only_with_trigger.py
[2025-05-04T22:23:41.499+0000] {processor.py:840} INFO - DAG(s) 'latest_only_with_trigger' retrieved from /home/airflow/.local/lib/python3.8/site-packages/airflow/example_dags/example_latest_only_with_trigger.py
[2025-05-04T22:23:41.507+0000] {logging_mixin.py:188} INFO - [2025-05-04T22:23:41.507+0000] {dag.py:3033} INFO - Sync 1 DAGs
[2025-05-04T22:23:41.515+0000] {logging_mixin.py:188} INFO - [2025-05-04T22:23:41.515+0000] {dag.py:3820} INFO - Setting next_dagrun for latest_only_with_trigger to 2025-05-04T16:00:00+00:00, run_after=2025-05-04T20:00:00+00:00
[2025-05-04T22:23:41.522+0000] {processor.py:183} INFO - Processing /home/airflow/.local/lib/python3.8/site-packages/airflow/example_dags/example_latest_only_with_trigger.py took 0.034 seconds
[2025-05-04T22:24:12.092+0000] {processor.py:161} INFO - Started process (PID=274) to work on /home/airflow/.local/lib/python3.8/site-packages/airflow/example_dags/example_latest_only_with_trigger.py
[2025-05-04T22:24:12.093+0000] {processor.py:830} INFO - Processing file /home/airflow/.local/lib/python3.8/site-packages/airflow/example_dags/example_latest_only_with_trigger.py for tasks to queue
[2025-05-04T22:24:12.096+0000] {logging_mixin.py:188} INFO - [2025-05-04T22:24:12.096+0000] {dagbag.py:538} INFO - Filling up the DagBag from /home/airflow/.local/lib/python3.8/site-packages/airflow/example_dags/example_latest_only_with_trigger.py
[2025-05-04T22:24:12.098+0000] {processor.py:840} INFO - DAG(s) 'latest_only_with_trigger' retrieved from /home/airflow/.local/lib/python3.8/site-packages/airflow/example_dags/example_latest_only_with_trigger.py
[2025-05-04T22:24:12.108+0000] {logging_mixin.py:188} INFO - [2025-05-04T22:24:12.107+0000] {dag.py:3033} INFO - Sync 1 DAGs
[2025-05-04T22:24:12.116+0000] {logging_mixin.py:188} INFO - [2025-05-04T22:24:12.116+0000] {dag.py:3820} INFO - Setting next_dagrun for latest_only_with_trigger to 2025-05-04T16:00:00+00:00, run_after=2025-05-04T20:00:00+00:00
[2025-05-04T22:24:12.123+0000] {processor.py:183} INFO - Processing /home/airflow/.local/lib/python3.8/site-packages/airflow/example_dags/example_latest_only_with_trigger.py took 0.032 seconds
[2025-05-04T22:24:42.643+0000] {processor.py:161} INFO - Started process (PID=329) to work on /home/airflow/.local/lib/python3.8/site-packages/airflow/example_dags/example_latest_only_with_trigger.py
[2025-05-04T22:24:42.643+0000] {processor.py:830} INFO - Processing file /home/airflow/.local/lib/python3.8/site-packages/airflow/example_dags/example_latest_only_with_trigger.py for tasks to queue
[2025-05-04T22:24:42.644+0000] {logging_mixin.py:188} INFO - [2025-05-04T22:24:42.644+0000] {dagbag.py:538} INFO - Filling up the DagBag from /home/airflow/.local/lib/python3.8/site-packages/airflow/example_dags/example_latest_only_with_trigger.py
[2025-05-04T22:24:42.661+0000] {processor.py:840} INFO - DAG(s) 'latest_only_with_trigger' retrieved from /home/airflow/.local/lib/python3.8/site-packages/airflow/example_dags/example_latest_only_with_trigger.py
[2025-05-04T22:24:42.687+0000] {logging_mixin.py:188} INFO - [2025-05-04T22:24:42.687+0000] {dag.py:3033} INFO - Sync 1 DAGs
[2025-05-04T22:24:42.704+0000] {logging_mixin.py:188} INFO - [2025-05-04T22:24:42.704+0000] {dag.py:3820} INFO - Setting next_dagrun for latest_only_with_trigger to 2025-05-04T16:00:00+00:00, run_after=2025-05-04T20:00:00+00:00
[2025-05-04T22:24:42.722+0000] {processor.py:183} INFO - Processing /home/airflow/.local/lib/python3.8/site-packages/airflow/example_dags/example_latest_only_with_trigger.py took 0.081 seconds
[2025-05-04T22:25:28.735+0000] {processor.py:161} INFO - Started process (PID=55) to work on /home/airflow/.local/lib/python3.8/site-packages/airflow/example_dags/example_latest_only_with_trigger.py
[2025-05-04T22:25:28.736+0000] {processor.py:830} INFO - Processing file /home/airflow/.local/lib/python3.8/site-packages/airflow/example_dags/example_latest_only_with_trigger.py for tasks to queue
[2025-05-04T22:25:28.740+0000] {logging_mixin.py:188} INFO - [2025-05-04T22:25:28.738+0000] {dagbag.py:538} INFO - Filling up the DagBag from /home/airflow/.local/lib/python3.8/site-packages/airflow/example_dags/example_latest_only_with_trigger.py
[2025-05-04T22:25:28.750+0000] {processor.py:840} INFO - DAG(s) 'latest_only_with_trigger' retrieved from /home/airflow/.local/lib/python3.8/site-packages/airflow/example_dags/example_latest_only_with_trigger.py
[2025-05-04T22:25:28.768+0000] {logging_mixin.py:188} INFO - [2025-05-04T22:25:28.767+0000] {dag.py:3033} INFO - Sync 1 DAGs
[2025-05-04T22:25:28.795+0000] {logging_mixin.py:188} INFO - [2025-05-04T22:25:28.795+0000] {dag.py:3820} INFO - Setting next_dagrun for latest_only_with_trigger to 2025-05-04T16:00:00+00:00, run_after=2025-05-04T20:00:00+00:00
[2025-05-04T22:25:28.815+0000] {processor.py:183} INFO - Processing /home/airflow/.local/lib/python3.8/site-packages/airflow/example_dags/example_latest_only_with_trigger.py took 0.084 seconds
[2025-05-04T22:25:59.246+0000] {processor.py:161} INFO - Started process (PID=111) to work on /home/airflow/.local/lib/python3.8/site-packages/airflow/example_dags/example_latest_only_with_trigger.py
[2025-05-04T22:25:59.246+0000] {processor.py:830} INFO - Processing file /home/airflow/.local/lib/python3.8/site-packages/airflow/example_dags/example_latest_only_with_trigger.py for tasks to queue
[2025-05-04T22:25:59.247+0000] {logging_mixin.py:188} INFO - [2025-05-04T22:25:59.247+0000] {dagbag.py:538} INFO - Filling up the DagBag from /home/airflow/.local/lib/python3.8/site-packages/airflow/example_dags/example_latest_only_with_trigger.py
[2025-05-04T22:25:59.250+0000] {processor.py:840} INFO - DAG(s) 'latest_only_with_trigger' retrieved from /home/airflow/.local/lib/python3.8/site-packages/airflow/example_dags/example_latest_only_with_trigger.py
[2025-05-04T22:25:59.297+0000] {logging_mixin.py:188} INFO - [2025-05-04T22:25:59.297+0000] {dag.py:3033} INFO - Sync 1 DAGs
[2025-05-04T22:25:59.306+0000] {logging_mixin.py:188} INFO - [2025-05-04T22:25:59.306+0000] {dag.py:3820} INFO - Setting next_dagrun for latest_only_with_trigger to 2025-05-04T16:00:00+00:00, run_after=2025-05-04T20:00:00+00:00
[2025-05-04T22:25:59.318+0000] {processor.py:183} INFO - Processing /home/airflow/.local/lib/python3.8/site-packages/airflow/example_dags/example_latest_only_with_trigger.py took 0.074 seconds
[2025-05-04T22:26:29.403+0000] {processor.py:161} INFO - Started process (PID=167) to work on /home/airflow/.local/lib/python3.8/site-packages/airflow/example_dags/example_latest_only_with_trigger.py
[2025-05-04T22:26:29.404+0000] {processor.py:830} INFO - Processing file /home/airflow/.local/lib/python3.8/site-packages/airflow/example_dags/example_latest_only_with_trigger.py for tasks to queue
[2025-05-04T22:26:29.405+0000] {logging_mixin.py:188} INFO - [2025-05-04T22:26:29.405+0000] {dagbag.py:538} INFO - Filling up the DagBag from /home/airflow/.local/lib/python3.8/site-packages/airflow/example_dags/example_latest_only_with_trigger.py
[2025-05-04T22:26:29.408+0000] {processor.py:840} INFO - DAG(s) 'latest_only_with_trigger' retrieved from /home/airflow/.local/lib/python3.8/site-packages/airflow/example_dags/example_latest_only_with_trigger.py
[2025-05-04T22:26:29.419+0000] {logging_mixin.py:188} INFO - [2025-05-04T22:26:29.419+0000] {dag.py:3033} INFO - Sync 1 DAGs
[2025-05-04T22:26:29.429+0000] {logging_mixin.py:188} INFO - [2025-05-04T22:26:29.429+0000] {dag.py:3820} INFO - Setting next_dagrun for latest_only_with_trigger to 2025-05-04T16:00:00+00:00, run_after=2025-05-04T20:00:00+00:00
[2025-05-04T22:26:29.440+0000] {processor.py:183} INFO - Processing /home/airflow/.local/lib/python3.8/site-packages/airflow/example_dags/example_latest_only_with_trigger.py took 0.039 seconds
[2025-05-04T22:27:00.108+0000] {processor.py:161} INFO - Started process (PID=227) to work on /home/airflow/.local/lib/python3.8/site-packages/airflow/example_dags/example_latest_only_with_trigger.py
[2025-05-04T22:27:00.108+0000] {processor.py:830} INFO - Processing file /home/airflow/.local/lib/python3.8/site-packages/airflow/example_dags/example_latest_only_with_trigger.py for tasks to queue
[2025-05-04T22:27:00.109+0000] {logging_mixin.py:188} INFO - [2025-05-04T22:27:00.109+0000] {dagbag.py:538} INFO - Filling up the DagBag from /home/airflow/.local/lib/python3.8/site-packages/airflow/example_dags/example_latest_only_with_trigger.py
[2025-05-04T22:27:00.112+0000] {processor.py:840} INFO - DAG(s) 'latest_only_with_trigger' retrieved from /home/airflow/.local/lib/python3.8/site-packages/airflow/example_dags/example_latest_only_with_trigger.py
[2025-05-04T22:27:00.121+0000] {logging_mixin.py:188} INFO - [2025-05-04T22:27:00.121+0000] {dag.py:3033} INFO - Sync 1 DAGs
[2025-05-04T22:27:00.130+0000] {logging_mixin.py:188} INFO - [2025-05-04T22:27:00.130+0000] {dag.py:3820} INFO - Setting next_dagrun for latest_only_with_trigger to 2025-05-04T16:00:00+00:00, run_after=2025-05-04T20:00:00+00:00
[2025-05-04T22:27:00.139+0000] {processor.py:183} INFO - Processing /home/airflow/.local/lib/python3.8/site-packages/airflow/example_dags/example_latest_only_with_trigger.py took 0.033 seconds
[2025-05-04T22:27:30.786+0000] {processor.py:161} INFO - Started process (PID=283) to work on /home/airflow/.local/lib/python3.8/site-packages/airflow/example_dags/example_latest_only_with_trigger.py
[2025-05-04T22:27:30.787+0000] {processor.py:830} INFO - Processing file /home/airflow/.local/lib/python3.8/site-packages/airflow/example_dags/example_latest_only_with_trigger.py for tasks to queue
[2025-05-04T22:27:30.788+0000] {logging_mixin.py:188} INFO - [2025-05-04T22:27:30.788+0000] {dagbag.py:538} INFO - Filling up the DagBag from /home/airflow/.local/lib/python3.8/site-packages/airflow/example_dags/example_latest_only_with_trigger.py
[2025-05-04T22:27:30.791+0000] {processor.py:840} INFO - DAG(s) 'latest_only_with_trigger' retrieved from /home/airflow/.local/lib/python3.8/site-packages/airflow/example_dags/example_latest_only_with_trigger.py
[2025-05-04T22:27:30.800+0000] {logging_mixin.py:188} INFO - [2025-05-04T22:27:30.799+0000] {dag.py:3033} INFO - Sync 1 DAGs
[2025-05-04T22:27:30.808+0000] {logging_mixin.py:188} INFO - [2025-05-04T22:27:30.808+0000] {dag.py:3820} INFO - Setting next_dagrun for latest_only_with_trigger to 2025-05-04T16:00:00+00:00, run_after=2025-05-04T20:00:00+00:00
[2025-05-04T22:27:30.816+0000] {processor.py:183} INFO - Processing /home/airflow/.local/lib/python3.8/site-packages/airflow/example_dags/example_latest_only_with_trigger.py took 0.032 seconds
[2025-05-04T22:28:01.424+0000] {processor.py:161} INFO - Started process (PID=339) to work on /home/airflow/.local/lib/python3.8/site-packages/airflow/example_dags/example_latest_only_with_trigger.py
[2025-05-04T22:28:01.425+0000] {processor.py:830} INFO - Processing file /home/airflow/.local/lib/python3.8/site-packages/airflow/example_dags/example_latest_only_with_trigger.py for tasks to queue
[2025-05-04T22:28:01.426+0000] {logging_mixin.py:188} INFO - [2025-05-04T22:28:01.426+0000] {dagbag.py:538} INFO - Filling up the DagBag from /home/airflow/.local/lib/python3.8/site-packages/airflow/example_dags/example_latest_only_with_trigger.py
[2025-05-04T22:28:01.428+0000] {processor.py:840} INFO - DAG(s) 'latest_only_with_trigger' retrieved from /home/airflow/.local/lib/python3.8/site-packages/airflow/example_dags/example_latest_only_with_trigger.py
[2025-05-04T22:28:01.437+0000] {logging_mixin.py:188} INFO - [2025-05-04T22:28:01.437+0000] {dag.py:3033} INFO - Sync 1 DAGs
[2025-05-04T22:28:01.448+0000] {logging_mixin.py:188} INFO - [2025-05-04T22:28:01.448+0000] {dag.py:3820} INFO - Setting next_dagrun for latest_only_with_trigger to 2025-05-04T16:00:00+00:00, run_after=2025-05-04T20:00:00+00:00
[2025-05-04T22:28:01.466+0000] {processor.py:183} INFO - Processing /home/airflow/.local/lib/python3.8/site-packages/airflow/example_dags/example_latest_only_with_trigger.py took 0.044 seconds
[2025-05-04T22:28:32.000+0000] {processor.py:161} INFO - Started process (PID=395) to work on /home/airflow/.local/lib/python3.8/site-packages/airflow/example_dags/example_latest_only_with_trigger.py
[2025-05-04T22:28:32.000+0000] {processor.py:830} INFO - Processing file /home/airflow/.local/lib/python3.8/site-packages/airflow/example_dags/example_latest_only_with_trigger.py for tasks to queue
[2025-05-04T22:28:32.001+0000] {logging_mixin.py:188} INFO - [2025-05-04T22:28:32.001+0000] {dagbag.py:538} INFO - Filling up the DagBag from /home/airflow/.local/lib/python3.8/site-packages/airflow/example_dags/example_latest_only_with_trigger.py
[2025-05-04T22:28:32.003+0000] {processor.py:840} INFO - DAG(s) 'latest_only_with_trigger' retrieved from /home/airflow/.local/lib/python3.8/site-packages/airflow/example_dags/example_latest_only_with_trigger.py
[2025-05-04T22:28:32.016+0000] {logging_mixin.py:188} INFO - [2025-05-04T22:28:32.016+0000] {dag.py:3033} INFO - Sync 1 DAGs
[2025-05-04T22:28:32.026+0000] {logging_mixin.py:188} INFO - [2025-05-04T22:28:32.025+0000] {dag.py:3820} INFO - Setting next_dagrun for latest_only_with_trigger to 2025-05-04T16:00:00+00:00, run_after=2025-05-04T20:00:00+00:00
[2025-05-04T22:28:32.037+0000] {processor.py:183} INFO - Processing /home/airflow/.local/lib/python3.8/site-packages/airflow/example_dags/example_latest_only_with_trigger.py took 0.039 seconds
[2025-05-04T22:29:02.639+0000] {processor.py:161} INFO - Started process (PID=451) to work on /home/airflow/.local/lib/python3.8/site-packages/airflow/example_dags/example_latest_only_with_trigger.py
[2025-05-04T22:29:02.641+0000] {processor.py:830} INFO - Processing file /home/airflow/.local/lib/python3.8/site-packages/airflow/example_dags/example_latest_only_with_trigger.py for tasks to queue
[2025-05-04T22:29:02.642+0000] {logging_mixin.py:188} INFO - [2025-05-04T22:29:02.642+0000] {dagbag.py:538} INFO - Filling up the DagBag from /home/airflow/.local/lib/python3.8/site-packages/airflow/example_dags/example_latest_only_with_trigger.py
[2025-05-04T22:29:02.645+0000] {processor.py:840} INFO - DAG(s) 'latest_only_with_trigger' retrieved from /home/airflow/.local/lib/python3.8/site-packages/airflow/example_dags/example_latest_only_with_trigger.py
[2025-05-04T22:29:02.662+0000] {logging_mixin.py:188} INFO - [2025-05-04T22:29:02.662+0000] {dag.py:3033} INFO - Sync 1 DAGs
[2025-05-04T22:29:02.674+0000] {logging_mixin.py:188} INFO - [2025-05-04T22:29:02.674+0000] {dag.py:3820} INFO - Setting next_dagrun for latest_only_with_trigger to 2025-05-04T16:00:00+00:00, run_after=2025-05-04T20:00:00+00:00
[2025-05-04T22:29:02.683+0000] {processor.py:183} INFO - Processing /home/airflow/.local/lib/python3.8/site-packages/airflow/example_dags/example_latest_only_with_trigger.py took 0.046 seconds
[2025-05-04T22:29:33.498+0000] {processor.py:161} INFO - Started process (PID=507) to work on /home/airflow/.local/lib/python3.8/site-packages/airflow/example_dags/example_latest_only_with_trigger.py
[2025-05-04T22:29:33.498+0000] {processor.py:830} INFO - Processing file /home/airflow/.local/lib/python3.8/site-packages/airflow/example_dags/example_latest_only_with_trigger.py for tasks to queue
[2025-05-04T22:29:33.499+0000] {logging_mixin.py:188} INFO - [2025-05-04T22:29:33.499+0000] {dagbag.py:538} INFO - Filling up the DagBag from /home/airflow/.local/lib/python3.8/site-packages/airflow/example_dags/example_latest_only_with_trigger.py
[2025-05-04T22:29:33.502+0000] {processor.py:840} INFO - DAG(s) 'latest_only_with_trigger' retrieved from /home/airflow/.local/lib/python3.8/site-packages/airflow/example_dags/example_latest_only_with_trigger.py
[2025-05-04T22:29:33.513+0000] {logging_mixin.py:188} INFO - [2025-05-04T22:29:33.512+0000] {dag.py:3033} INFO - Sync 1 DAGs
[2025-05-04T22:29:33.522+0000] {logging_mixin.py:188} INFO - [2025-05-04T22:29:33.521+0000] {dag.py:3820} INFO - Setting next_dagrun for latest_only_with_trigger to 2025-05-04T16:00:00+00:00, run_after=2025-05-04T20:00:00+00:00
[2025-05-04T22:29:33.535+0000] {processor.py:183} INFO - Processing /home/airflow/.local/lib/python3.8/site-packages/airflow/example_dags/example_latest_only_with_trigger.py took 0.038 seconds
[2025-05-04T22:30:04.134+0000] {processor.py:161} INFO - Started process (PID=563) to work on /home/airflow/.local/lib/python3.8/site-packages/airflow/example_dags/example_latest_only_with_trigger.py
[2025-05-04T22:30:04.135+0000] {processor.py:830} INFO - Processing file /home/airflow/.local/lib/python3.8/site-packages/airflow/example_dags/example_latest_only_with_trigger.py for tasks to queue
[2025-05-04T22:30:04.137+0000] {logging_mixin.py:188} INFO - [2025-05-04T22:30:04.137+0000] {dagbag.py:538} INFO - Filling up the DagBag from /home/airflow/.local/lib/python3.8/site-packages/airflow/example_dags/example_latest_only_with_trigger.py
[2025-05-04T22:30:04.142+0000] {processor.py:840} INFO - DAG(s) 'latest_only_with_trigger' retrieved from /home/airflow/.local/lib/python3.8/site-packages/airflow/example_dags/example_latest_only_with_trigger.py
[2025-05-04T22:30:04.161+0000] {logging_mixin.py:188} INFO - [2025-05-04T22:30:04.160+0000] {dag.py:3033} INFO - Sync 1 DAGs
[2025-05-04T22:30:04.170+0000] {logging_mixin.py:188} INFO - [2025-05-04T22:30:04.170+0000] {dag.py:3820} INFO - Setting next_dagrun for latest_only_with_trigger to 2025-05-04T16:00:00+00:00, run_after=2025-05-04T20:00:00+00:00
[2025-05-04T22:30:04.177+0000] {processor.py:183} INFO - Processing /home/airflow/.local/lib/python3.8/site-packages/airflow/example_dags/example_latest_only_with_trigger.py took 0.044 seconds
[2025-05-04T22:30:34.893+0000] {processor.py:161} INFO - Started process (PID=619) to work on /home/airflow/.local/lib/python3.8/site-packages/airflow/example_dags/example_latest_only_with_trigger.py
[2025-05-04T22:30:34.893+0000] {processor.py:830} INFO - Processing file /home/airflow/.local/lib/python3.8/site-packages/airflow/example_dags/example_latest_only_with_trigger.py for tasks to queue
[2025-05-04T22:30:34.894+0000] {logging_mixin.py:188} INFO - [2025-05-04T22:30:34.894+0000] {dagbag.py:538} INFO - Filling up the DagBag from /home/airflow/.local/lib/python3.8/site-packages/airflow/example_dags/example_latest_only_with_trigger.py
[2025-05-04T22:30:34.897+0000] {processor.py:840} INFO - DAG(s) 'latest_only_with_trigger' retrieved from /home/airflow/.local/lib/python3.8/site-packages/airflow/example_dags/example_latest_only_with_trigger.py
[2025-05-04T22:30:34.905+0000] {logging_mixin.py:188} INFO - [2025-05-04T22:30:34.905+0000] {dag.py:3033} INFO - Sync 1 DAGs
[2025-05-04T22:30:34.918+0000] {logging_mixin.py:188} INFO - [2025-05-04T22:30:34.918+0000] {dag.py:3820} INFO - Setting next_dagrun for latest_only_with_trigger to 2025-05-04T16:00:00+00:00, run_after=2025-05-04T20:00:00+00:00
[2025-05-04T22:30:34.928+0000] {processor.py:183} INFO - Processing /home/airflow/.local/lib/python3.8/site-packages/airflow/example_dags/example_latest_only_with_trigger.py took 0.036 seconds
[2025-05-04T22:31:14.009+0000] {processor.py:161} INFO - Started process (PID=56) to work on /home/airflow/.local/lib/python3.8/site-packages/airflow/example_dags/example_latest_only_with_trigger.py
[2025-05-04T22:31:14.011+0000] {processor.py:830} INFO - Processing file /home/airflow/.local/lib/python3.8/site-packages/airflow/example_dags/example_latest_only_with_trigger.py for tasks to queue
[2025-05-04T22:31:14.016+0000] {logging_mixin.py:188} INFO - [2025-05-04T22:31:14.016+0000] {dagbag.py:538} INFO - Filling up the DagBag from /home/airflow/.local/lib/python3.8/site-packages/airflow/example_dags/example_latest_only_with_trigger.py
[2025-05-04T22:31:14.020+0000] {processor.py:840} INFO - DAG(s) 'latest_only_with_trigger' retrieved from /home/airflow/.local/lib/python3.8/site-packages/airflow/example_dags/example_latest_only_with_trigger.py
[2025-05-04T22:31:14.045+0000] {logging_mixin.py:188} INFO - [2025-05-04T22:31:14.044+0000] {dag.py:3033} INFO - Sync 1 DAGs
[2025-05-04T22:31:14.066+0000] {logging_mixin.py:188} INFO - [2025-05-04T22:31:14.066+0000] {dag.py:3820} INFO - Setting next_dagrun for latest_only_with_trigger to 2025-05-04T16:00:00+00:00, run_after=2025-05-04T20:00:00+00:00
[2025-05-04T22:31:14.085+0000] {processor.py:183} INFO - Processing /home/airflow/.local/lib/python3.8/site-packages/airflow/example_dags/example_latest_only_with_trigger.py took 0.081 seconds
[2025-05-04T22:31:44.247+0000] {processor.py:161} INFO - Started process (PID=112) to work on /home/airflow/.local/lib/python3.8/site-packages/airflow/example_dags/example_latest_only_with_trigger.py
[2025-05-04T22:31:44.248+0000] {processor.py:830} INFO - Processing file /home/airflow/.local/lib/python3.8/site-packages/airflow/example_dags/example_latest_only_with_trigger.py for tasks to queue
[2025-05-04T22:31:44.249+0000] {logging_mixin.py:188} INFO - [2025-05-04T22:31:44.249+0000] {dagbag.py:538} INFO - Filling up the DagBag from /home/airflow/.local/lib/python3.8/site-packages/airflow/example_dags/example_latest_only_with_trigger.py
[2025-05-04T22:31:44.253+0000] {processor.py:840} INFO - DAG(s) 'latest_only_with_trigger' retrieved from /home/airflow/.local/lib/python3.8/site-packages/airflow/example_dags/example_latest_only_with_trigger.py
[2025-05-04T22:31:44.305+0000] {logging_mixin.py:188} INFO - [2025-05-04T22:31:44.305+0000] {dag.py:3033} INFO - Sync 1 DAGs
[2025-05-04T22:31:44.314+0000] {logging_mixin.py:188} INFO - [2025-05-04T22:31:44.313+0000] {dag.py:3820} INFO - Setting next_dagrun for latest_only_with_trigger to 2025-05-04T16:00:00+00:00, run_after=2025-05-04T20:00:00+00:00
[2025-05-04T22:31:44.321+0000] {processor.py:183} INFO - Processing /home/airflow/.local/lib/python3.8/site-packages/airflow/example_dags/example_latest_only_with_trigger.py took 0.076 seconds
[2025-05-04T22:32:14.472+0000] {processor.py:161} INFO - Started process (PID=172) to work on /home/airflow/.local/lib/python3.8/site-packages/airflow/example_dags/example_latest_only_with_trigger.py
[2025-05-04T22:32:14.473+0000] {processor.py:830} INFO - Processing file /home/airflow/.local/lib/python3.8/site-packages/airflow/example_dags/example_latest_only_with_trigger.py for tasks to queue
[2025-05-04T22:32:14.475+0000] {logging_mixin.py:188} INFO - [2025-05-04T22:32:14.475+0000] {dagbag.py:538} INFO - Filling up the DagBag from /home/airflow/.local/lib/python3.8/site-packages/airflow/example_dags/example_latest_only_with_trigger.py
[2025-05-04T22:32:14.478+0000] {processor.py:840} INFO - DAG(s) 'latest_only_with_trigger' retrieved from /home/airflow/.local/lib/python3.8/site-packages/airflow/example_dags/example_latest_only_with_trigger.py
[2025-05-04T22:32:14.490+0000] {logging_mixin.py:188} INFO - [2025-05-04T22:32:14.490+0000] {dag.py:3033} INFO - Sync 1 DAGs
[2025-05-04T22:32:14.503+0000] {logging_mixin.py:188} INFO - [2025-05-04T22:32:14.503+0000] {dag.py:3820} INFO - Setting next_dagrun for latest_only_with_trigger to 2025-05-04T16:00:00+00:00, run_after=2025-05-04T20:00:00+00:00
[2025-05-04T22:32:14.518+0000] {processor.py:183} INFO - Processing /home/airflow/.local/lib/python3.8/site-packages/airflow/example_dags/example_latest_only_with_trigger.py took 0.048 seconds
[2025-05-04T22:32:45.332+0000] {processor.py:161} INFO - Started process (PID=228) to work on /home/airflow/.local/lib/python3.8/site-packages/airflow/example_dags/example_latest_only_with_trigger.py
[2025-05-04T22:32:45.332+0000] {processor.py:830} INFO - Processing file /home/airflow/.local/lib/python3.8/site-packages/airflow/example_dags/example_latest_only_with_trigger.py for tasks to queue
[2025-05-04T22:32:45.334+0000] {logging_mixin.py:188} INFO - [2025-05-04T22:32:45.333+0000] {dagbag.py:538} INFO - Filling up the DagBag from /home/airflow/.local/lib/python3.8/site-packages/airflow/example_dags/example_latest_only_with_trigger.py
[2025-05-04T22:32:45.336+0000] {processor.py:840} INFO - DAG(s) 'latest_only_with_trigger' retrieved from /home/airflow/.local/lib/python3.8/site-packages/airflow/example_dags/example_latest_only_with_trigger.py
[2025-05-04T22:32:45.345+0000] {logging_mixin.py:188} INFO - [2025-05-04T22:32:45.345+0000] {dag.py:3033} INFO - Sync 1 DAGs
[2025-05-04T22:32:45.353+0000] {logging_mixin.py:188} INFO - [2025-05-04T22:32:45.353+0000] {dag.py:3820} INFO - Setting next_dagrun for latest_only_with_trigger to 2025-05-04T16:00:00+00:00, run_after=2025-05-04T20:00:00+00:00
[2025-05-04T22:32:45.364+0000] {processor.py:183} INFO - Processing /home/airflow/.local/lib/python3.8/site-packages/airflow/example_dags/example_latest_only_with_trigger.py took 0.034 seconds
[2025-05-04T22:33:16.057+0000] {processor.py:161} INFO - Started process (PID=284) to work on /home/airflow/.local/lib/python3.8/site-packages/airflow/example_dags/example_latest_only_with_trigger.py
[2025-05-04T22:33:16.057+0000] {processor.py:830} INFO - Processing file /home/airflow/.local/lib/python3.8/site-packages/airflow/example_dags/example_latest_only_with_trigger.py for tasks to queue
[2025-05-04T22:33:16.059+0000] {logging_mixin.py:188} INFO - [2025-05-04T22:33:16.059+0000] {dagbag.py:538} INFO - Filling up the DagBag from /home/airflow/.local/lib/python3.8/site-packages/airflow/example_dags/example_latest_only_with_trigger.py
[2025-05-04T22:33:16.061+0000] {processor.py:840} INFO - DAG(s) 'latest_only_with_trigger' retrieved from /home/airflow/.local/lib/python3.8/site-packages/airflow/example_dags/example_latest_only_with_trigger.py
[2025-05-04T22:33:16.071+0000] {logging_mixin.py:188} INFO - [2025-05-04T22:33:16.071+0000] {dag.py:3033} INFO - Sync 1 DAGs
[2025-05-04T22:33:16.080+0000] {logging_mixin.py:188} INFO - [2025-05-04T22:33:16.080+0000] {dag.py:3820} INFO - Setting next_dagrun for latest_only_with_trigger to 2025-05-04T16:00:00+00:00, run_after=2025-05-04T20:00:00+00:00
[2025-05-04T22:33:16.087+0000] {processor.py:183} INFO - Processing /home/airflow/.local/lib/python3.8/site-packages/airflow/example_dags/example_latest_only_with_trigger.py took 0.032 seconds
[2025-05-04T22:33:46.718+0000] {processor.py:161} INFO - Started process (PID=340) to work on /home/airflow/.local/lib/python3.8/site-packages/airflow/example_dags/example_latest_only_with_trigger.py
[2025-05-04T22:33:46.718+0000] {processor.py:830} INFO - Processing file /home/airflow/.local/lib/python3.8/site-packages/airflow/example_dags/example_latest_only_with_trigger.py for tasks to queue
[2025-05-04T22:33:46.720+0000] {logging_mixin.py:188} INFO - [2025-05-04T22:33:46.720+0000] {dagbag.py:538} INFO - Filling up the DagBag from /home/airflow/.local/lib/python3.8/site-packages/airflow/example_dags/example_latest_only_with_trigger.py
[2025-05-04T22:33:46.725+0000] {processor.py:840} INFO - DAG(s) 'latest_only_with_trigger' retrieved from /home/airflow/.local/lib/python3.8/site-packages/airflow/example_dags/example_latest_only_with_trigger.py
[2025-05-04T22:33:46.736+0000] {logging_mixin.py:188} INFO - [2025-05-04T22:33:46.736+0000] {dag.py:3033} INFO - Sync 1 DAGs
[2025-05-04T22:33:46.745+0000] {logging_mixin.py:188} INFO - [2025-05-04T22:33:46.745+0000] {dag.py:3820} INFO - Setting next_dagrun for latest_only_with_trigger to 2025-05-04T16:00:00+00:00, run_after=2025-05-04T20:00:00+00:00
[2025-05-04T22:33:46.753+0000] {processor.py:183} INFO - Processing /home/airflow/.local/lib/python3.8/site-packages/airflow/example_dags/example_latest_only_with_trigger.py took 0.036 seconds
[2025-05-04T22:34:17.383+0000] {processor.py:161} INFO - Started process (PID=396) to work on /home/airflow/.local/lib/python3.8/site-packages/airflow/example_dags/example_latest_only_with_trigger.py
[2025-05-04T22:34:17.383+0000] {processor.py:830} INFO - Processing file /home/airflow/.local/lib/python3.8/site-packages/airflow/example_dags/example_latest_only_with_trigger.py for tasks to queue
[2025-05-04T22:34:17.385+0000] {logging_mixin.py:188} INFO - [2025-05-04T22:34:17.385+0000] {dagbag.py:538} INFO - Filling up the DagBag from /home/airflow/.local/lib/python3.8/site-packages/airflow/example_dags/example_latest_only_with_trigger.py
[2025-05-04T22:34:17.388+0000] {processor.py:840} INFO - DAG(s) 'latest_only_with_trigger' retrieved from /home/airflow/.local/lib/python3.8/site-packages/airflow/example_dags/example_latest_only_with_trigger.py
[2025-05-04T22:34:17.397+0000] {logging_mixin.py:188} INFO - [2025-05-04T22:34:17.397+0000] {dag.py:3033} INFO - Sync 1 DAGs
[2025-05-04T22:34:17.407+0000] {logging_mixin.py:188} INFO - [2025-05-04T22:34:17.406+0000] {dag.py:3820} INFO - Setting next_dagrun for latest_only_with_trigger to 2025-05-04T16:00:00+00:00, run_after=2025-05-04T20:00:00+00:00
[2025-05-04T22:34:17.418+0000] {processor.py:183} INFO - Processing /home/airflow/.local/lib/python3.8/site-packages/airflow/example_dags/example_latest_only_with_trigger.py took 0.037 seconds
[2025-05-04T22:36:25.142+0000] {processor.py:161} INFO - Started process (PID=54) to work on /home/airflow/.local/lib/python3.8/site-packages/airflow/example_dags/example_latest_only_with_trigger.py
[2025-05-04T22:36:25.144+0000] {processor.py:830} INFO - Processing file /home/airflow/.local/lib/python3.8/site-packages/airflow/example_dags/example_latest_only_with_trigger.py for tasks to queue
[2025-05-04T22:36:25.149+0000] {logging_mixin.py:188} INFO - [2025-05-04T22:36:25.148+0000] {dagbag.py:538} INFO - Filling up the DagBag from /home/airflow/.local/lib/python3.8/site-packages/airflow/example_dags/example_latest_only_with_trigger.py
[2025-05-04T22:36:25.163+0000] {processor.py:840} INFO - DAG(s) 'latest_only_with_trigger' retrieved from /home/airflow/.local/lib/python3.8/site-packages/airflow/example_dags/example_latest_only_with_trigger.py
[2025-05-04T22:36:25.190+0000] {logging_mixin.py:188} INFO - [2025-05-04T22:36:25.189+0000] {dag.py:3033} INFO - Sync 1 DAGs
[2025-05-04T22:36:25.212+0000] {logging_mixin.py:188} INFO - [2025-05-04T22:36:25.212+0000] {dag.py:3820} INFO - Setting next_dagrun for latest_only_with_trigger to 2025-05-04T16:00:00+00:00, run_after=2025-05-04T20:00:00+00:00
[2025-05-04T22:36:25.236+0000] {processor.py:183} INFO - Processing /home/airflow/.local/lib/python3.8/site-packages/airflow/example_dags/example_latest_only_with_trigger.py took 0.098 seconds
[2025-05-04T22:36:55.402+0000] {processor.py:161} INFO - Started process (PID=110) to work on /home/airflow/.local/lib/python3.8/site-packages/airflow/example_dags/example_latest_only_with_trigger.py
[2025-05-04T22:36:55.402+0000] {processor.py:830} INFO - Processing file /home/airflow/.local/lib/python3.8/site-packages/airflow/example_dags/example_latest_only_with_trigger.py for tasks to queue
[2025-05-04T22:36:55.403+0000] {logging_mixin.py:188} INFO - [2025-05-04T22:36:55.403+0000] {dagbag.py:538} INFO - Filling up the DagBag from /home/airflow/.local/lib/python3.8/site-packages/airflow/example_dags/example_latest_only_with_trigger.py
[2025-05-04T22:36:55.405+0000] {processor.py:840} INFO - DAG(s) 'latest_only_with_trigger' retrieved from /home/airflow/.local/lib/python3.8/site-packages/airflow/example_dags/example_latest_only_with_trigger.py
[2025-05-04T22:36:55.454+0000] {logging_mixin.py:188} INFO - [2025-05-04T22:36:55.454+0000] {dag.py:3033} INFO - Sync 1 DAGs
[2025-05-04T22:36:55.465+0000] {logging_mixin.py:188} INFO - [2025-05-04T22:36:55.464+0000] {dag.py:3820} INFO - Setting next_dagrun for latest_only_with_trigger to 2025-05-04T16:00:00+00:00, run_after=2025-05-04T20:00:00+00:00
[2025-05-04T22:36:55.474+0000] {processor.py:183} INFO - Processing /home/airflow/.local/lib/python3.8/site-packages/airflow/example_dags/example_latest_only_with_trigger.py took 0.074 seconds
[2025-05-04T22:37:25.737+0000] {processor.py:161} INFO - Started process (PID=166) to work on /home/airflow/.local/lib/python3.8/site-packages/airflow/example_dags/example_latest_only_with_trigger.py
[2025-05-04T22:37:25.739+0000] {processor.py:830} INFO - Processing file /home/airflow/.local/lib/python3.8/site-packages/airflow/example_dags/example_latest_only_with_trigger.py for tasks to queue
[2025-05-04T22:37:25.742+0000] {logging_mixin.py:188} INFO - [2025-05-04T22:37:25.742+0000] {dagbag.py:538} INFO - Filling up the DagBag from /home/airflow/.local/lib/python3.8/site-packages/airflow/example_dags/example_latest_only_with_trigger.py
[2025-05-04T22:37:25.744+0000] {processor.py:840} INFO - DAG(s) 'latest_only_with_trigger' retrieved from /home/airflow/.local/lib/python3.8/site-packages/airflow/example_dags/example_latest_only_with_trigger.py
[2025-05-04T22:37:25.758+0000] {logging_mixin.py:188} INFO - [2025-05-04T22:37:25.758+0000] {dag.py:3033} INFO - Sync 1 DAGs
[2025-05-04T22:37:25.771+0000] {logging_mixin.py:188} INFO - [2025-05-04T22:37:25.771+0000] {dag.py:3820} INFO - Setting next_dagrun for latest_only_with_trigger to 2025-05-04T16:00:00+00:00, run_after=2025-05-04T20:00:00+00:00
[2025-05-04T22:37:25.779+0000] {processor.py:183} INFO - Processing /home/airflow/.local/lib/python3.8/site-packages/airflow/example_dags/example_latest_only_with_trigger.py took 0.044 seconds
[2025-05-04T22:37:56.464+0000] {processor.py:161} INFO - Started process (PID=222) to work on /home/airflow/.local/lib/python3.8/site-packages/airflow/example_dags/example_latest_only_with_trigger.py
[2025-05-04T22:37:56.464+0000] {processor.py:830} INFO - Processing file /home/airflow/.local/lib/python3.8/site-packages/airflow/example_dags/example_latest_only_with_trigger.py for tasks to queue
[2025-05-04T22:37:56.465+0000] {logging_mixin.py:188} INFO - [2025-05-04T22:37:56.465+0000] {dagbag.py:538} INFO - Filling up the DagBag from /home/airflow/.local/lib/python3.8/site-packages/airflow/example_dags/example_latest_only_with_trigger.py
[2025-05-04T22:37:56.468+0000] {processor.py:840} INFO - DAG(s) 'latest_only_with_trigger' retrieved from /home/airflow/.local/lib/python3.8/site-packages/airflow/example_dags/example_latest_only_with_trigger.py
[2025-05-04T22:37:56.485+0000] {logging_mixin.py:188} INFO - [2025-05-04T22:37:56.485+0000] {dag.py:3033} INFO - Sync 1 DAGs
[2025-05-04T22:37:56.497+0000] {logging_mixin.py:188} INFO - [2025-05-04T22:37:56.497+0000] {dag.py:3820} INFO - Setting next_dagrun for latest_only_with_trigger to 2025-05-04T16:00:00+00:00, run_after=2025-05-04T20:00:00+00:00
[2025-05-04T22:37:56.508+0000] {processor.py:183} INFO - Processing /home/airflow/.local/lib/python3.8/site-packages/airflow/example_dags/example_latest_only_with_trigger.py took 0.046 seconds
[2025-05-04T22:38:27.120+0000] {processor.py:161} INFO - Started process (PID=278) to work on /home/airflow/.local/lib/python3.8/site-packages/airflow/example_dags/example_latest_only_with_trigger.py
[2025-05-04T22:38:27.121+0000] {processor.py:830} INFO - Processing file /home/airflow/.local/lib/python3.8/site-packages/airflow/example_dags/example_latest_only_with_trigger.py for tasks to queue
[2025-05-04T22:38:27.124+0000] {logging_mixin.py:188} INFO - [2025-05-04T22:38:27.124+0000] {dagbag.py:538} INFO - Filling up the DagBag from /home/airflow/.local/lib/python3.8/site-packages/airflow/example_dags/example_latest_only_with_trigger.py
[2025-05-04T22:38:27.126+0000] {processor.py:840} INFO - DAG(s) 'latest_only_with_trigger' retrieved from /home/airflow/.local/lib/python3.8/site-packages/airflow/example_dags/example_latest_only_with_trigger.py
[2025-05-04T22:38:27.141+0000] {logging_mixin.py:188} INFO - [2025-05-04T22:38:27.141+0000] {dag.py:3033} INFO - Sync 1 DAGs
[2025-05-04T22:38:27.153+0000] {logging_mixin.py:188} INFO - [2025-05-04T22:38:27.153+0000] {dag.py:3820} INFO - Setting next_dagrun for latest_only_with_trigger to 2025-05-04T16:00:00+00:00, run_after=2025-05-04T20:00:00+00:00
[2025-05-04T22:38:27.163+0000] {processor.py:183} INFO - Processing /home/airflow/.local/lib/python3.8/site-packages/airflow/example_dags/example_latest_only_with_trigger.py took 0.044 seconds
[2025-05-04T22:38:57.866+0000] {processor.py:161} INFO - Started process (PID=334) to work on /home/airflow/.local/lib/python3.8/site-packages/airflow/example_dags/example_latest_only_with_trigger.py
[2025-05-04T22:38:57.867+0000] {processor.py:830} INFO - Processing file /home/airflow/.local/lib/python3.8/site-packages/airflow/example_dags/example_latest_only_with_trigger.py for tasks to queue
[2025-05-04T22:38:57.867+0000] {logging_mixin.py:188} INFO - [2025-05-04T22:38:57.867+0000] {dagbag.py:538} INFO - Filling up the DagBag from /home/airflow/.local/lib/python3.8/site-packages/airflow/example_dags/example_latest_only_with_trigger.py
[2025-05-04T22:38:57.870+0000] {processor.py:840} INFO - DAG(s) 'latest_only_with_trigger' retrieved from /home/airflow/.local/lib/python3.8/site-packages/airflow/example_dags/example_latest_only_with_trigger.py
[2025-05-04T22:38:57.881+0000] {logging_mixin.py:188} INFO - [2025-05-04T22:38:57.881+0000] {dag.py:3033} INFO - Sync 1 DAGs
[2025-05-04T22:38:57.891+0000] {logging_mixin.py:188} INFO - [2025-05-04T22:38:57.891+0000] {dag.py:3820} INFO - Setting next_dagrun for latest_only_with_trigger to 2025-05-04T16:00:00+00:00, run_after=2025-05-04T20:00:00+00:00
[2025-05-04T22:38:57.901+0000] {processor.py:183} INFO - Processing /home/airflow/.local/lib/python3.8/site-packages/airflow/example_dags/example_latest_only_with_trigger.py took 0.037 seconds
[2025-05-04T22:39:28.756+0000] {processor.py:161} INFO - Started process (PID=390) to work on /home/airflow/.local/lib/python3.8/site-packages/airflow/example_dags/example_latest_only_with_trigger.py
[2025-05-04T22:39:28.758+0000] {processor.py:830} INFO - Processing file /home/airflow/.local/lib/python3.8/site-packages/airflow/example_dags/example_latest_only_with_trigger.py for tasks to queue
[2025-05-04T22:39:28.763+0000] {logging_mixin.py:188} INFO - [2025-05-04T22:39:28.762+0000] {dagbag.py:538} INFO - Filling up the DagBag from /home/airflow/.local/lib/python3.8/site-packages/airflow/example_dags/example_latest_only_with_trigger.py
[2025-05-04T22:39:28.771+0000] {processor.py:840} INFO - DAG(s) 'latest_only_with_trigger' retrieved from /home/airflow/.local/lib/python3.8/site-packages/airflow/example_dags/example_latest_only_with_trigger.py
[2025-05-04T22:39:28.786+0000] {logging_mixin.py:188} INFO - [2025-05-04T22:39:28.786+0000] {dag.py:3033} INFO - Sync 1 DAGs
[2025-05-04T22:39:28.800+0000] {logging_mixin.py:188} INFO - [2025-05-04T22:39:28.800+0000] {dag.py:3820} INFO - Setting next_dagrun for latest_only_with_trigger to 2025-05-04T16:00:00+00:00, run_after=2025-05-04T20:00:00+00:00
[2025-05-04T22:39:28.812+0000] {processor.py:183} INFO - Processing /home/airflow/.local/lib/python3.8/site-packages/airflow/example_dags/example_latest_only_with_trigger.py took 0.073 seconds
[2025-05-04T22:39:59.533+0000] {processor.py:161} INFO - Started process (PID=447) to work on /home/airflow/.local/lib/python3.8/site-packages/airflow/example_dags/example_latest_only_with_trigger.py
[2025-05-04T22:39:59.534+0000] {processor.py:830} INFO - Processing file /home/airflow/.local/lib/python3.8/site-packages/airflow/example_dags/example_latest_only_with_trigger.py for tasks to queue
[2025-05-04T22:39:59.534+0000] {logging_mixin.py:188} INFO - [2025-05-04T22:39:59.534+0000] {dagbag.py:538} INFO - Filling up the DagBag from /home/airflow/.local/lib/python3.8/site-packages/airflow/example_dags/example_latest_only_with_trigger.py
[2025-05-04T22:39:59.537+0000] {processor.py:840} INFO - DAG(s) 'latest_only_with_trigger' retrieved from /home/airflow/.local/lib/python3.8/site-packages/airflow/example_dags/example_latest_only_with_trigger.py
[2025-05-04T22:39:59.547+0000] {logging_mixin.py:188} INFO - [2025-05-04T22:39:59.547+0000] {dag.py:3033} INFO - Sync 1 DAGs
[2025-05-04T22:39:59.560+0000] {logging_mixin.py:188} INFO - [2025-05-04T22:39:59.560+0000] {dag.py:3820} INFO - Setting next_dagrun for latest_only_with_trigger to 2025-05-04T16:00:00+00:00, run_after=2025-05-04T20:00:00+00:00
[2025-05-04T22:39:59.572+0000] {processor.py:183} INFO - Processing /home/airflow/.local/lib/python3.8/site-packages/airflow/example_dags/example_latest_only_with_trigger.py took 0.041 seconds
[2025-05-04T22:40:30.567+0000] {processor.py:161} INFO - Started process (PID=503) to work on /home/airflow/.local/lib/python3.8/site-packages/airflow/example_dags/example_latest_only_with_trigger.py
[2025-05-04T22:40:30.568+0000] {processor.py:830} INFO - Processing file /home/airflow/.local/lib/python3.8/site-packages/airflow/example_dags/example_latest_only_with_trigger.py for tasks to queue
[2025-05-04T22:40:30.569+0000] {logging_mixin.py:188} INFO - [2025-05-04T22:40:30.569+0000] {dagbag.py:538} INFO - Filling up the DagBag from /home/airflow/.local/lib/python3.8/site-packages/airflow/example_dags/example_latest_only_with_trigger.py
[2025-05-04T22:40:30.572+0000] {processor.py:840} INFO - DAG(s) 'latest_only_with_trigger' retrieved from /home/airflow/.local/lib/python3.8/site-packages/airflow/example_dags/example_latest_only_with_trigger.py
[2025-05-04T22:40:30.591+0000] {logging_mixin.py:188} INFO - [2025-05-04T22:40:30.591+0000] {dag.py:3033} INFO - Sync 1 DAGs
[2025-05-04T22:40:30.607+0000] {logging_mixin.py:188} INFO - [2025-05-04T22:40:30.607+0000] {dag.py:3820} INFO - Setting next_dagrun for latest_only_with_trigger to 2025-05-04T16:00:00+00:00, run_after=2025-05-04T20:00:00+00:00
[2025-05-04T22:40:30.619+0000] {processor.py:183} INFO - Processing /home/airflow/.local/lib/python3.8/site-packages/airflow/example_dags/example_latest_only_with_trigger.py took 0.054 seconds
[2025-05-04T22:41:00.675+0000] {processor.py:161} INFO - Started process (PID=559) to work on /home/airflow/.local/lib/python3.8/site-packages/airflow/example_dags/example_latest_only_with_trigger.py
[2025-05-04T22:41:00.677+0000] {processor.py:830} INFO - Processing file /home/airflow/.local/lib/python3.8/site-packages/airflow/example_dags/example_latest_only_with_trigger.py for tasks to queue
[2025-05-04T22:41:00.678+0000] {logging_mixin.py:188} INFO - [2025-05-04T22:41:00.678+0000] {dagbag.py:538} INFO - Filling up the DagBag from /home/airflow/.local/lib/python3.8/site-packages/airflow/example_dags/example_latest_only_with_trigger.py
[2025-05-04T22:41:00.681+0000] {processor.py:840} INFO - DAG(s) 'latest_only_with_trigger' retrieved from /home/airflow/.local/lib/python3.8/site-packages/airflow/example_dags/example_latest_only_with_trigger.py
[2025-05-04T22:41:00.692+0000] {logging_mixin.py:188} INFO - [2025-05-04T22:41:00.692+0000] {dag.py:3033} INFO - Sync 1 DAGs
[2025-05-04T22:41:00.705+0000] {logging_mixin.py:188} INFO - [2025-05-04T22:41:00.704+0000] {dag.py:3820} INFO - Setting next_dagrun for latest_only_with_trigger to 2025-05-04T16:00:00+00:00, run_after=2025-05-04T20:00:00+00:00
[2025-05-04T22:41:00.716+0000] {processor.py:183} INFO - Processing /home/airflow/.local/lib/python3.8/site-packages/airflow/example_dags/example_latest_only_with_trigger.py took 0.043 seconds
[2025-05-04T22:41:31.374+0000] {processor.py:161} INFO - Started process (PID=615) to work on /home/airflow/.local/lib/python3.8/site-packages/airflow/example_dags/example_latest_only_with_trigger.py
[2025-05-04T22:41:31.375+0000] {processor.py:830} INFO - Processing file /home/airflow/.local/lib/python3.8/site-packages/airflow/example_dags/example_latest_only_with_trigger.py for tasks to queue
[2025-05-04T22:41:31.376+0000] {logging_mixin.py:188} INFO - [2025-05-04T22:41:31.376+0000] {dagbag.py:538} INFO - Filling up the DagBag from /home/airflow/.local/lib/python3.8/site-packages/airflow/example_dags/example_latest_only_with_trigger.py
[2025-05-04T22:41:31.379+0000] {processor.py:840} INFO - DAG(s) 'latest_only_with_trigger' retrieved from /home/airflow/.local/lib/python3.8/site-packages/airflow/example_dags/example_latest_only_with_trigger.py
[2025-05-04T22:41:31.390+0000] {logging_mixin.py:188} INFO - [2025-05-04T22:41:31.390+0000] {dag.py:3033} INFO - Sync 1 DAGs
[2025-05-04T22:41:31.403+0000] {logging_mixin.py:188} INFO - [2025-05-04T22:41:31.403+0000] {dag.py:3820} INFO - Setting next_dagrun for latest_only_with_trigger to 2025-05-04T16:00:00+00:00, run_after=2025-05-04T20:00:00+00:00
[2025-05-04T22:41:31.419+0000] {processor.py:183} INFO - Processing /home/airflow/.local/lib/python3.8/site-packages/airflow/example_dags/example_latest_only_with_trigger.py took 0.047 seconds
[2025-05-04T22:42:02.245+0000] {processor.py:161} INFO - Started process (PID=671) to work on /home/airflow/.local/lib/python3.8/site-packages/airflow/example_dags/example_latest_only_with_trigger.py
[2025-05-04T22:42:02.246+0000] {processor.py:830} INFO - Processing file /home/airflow/.local/lib/python3.8/site-packages/airflow/example_dags/example_latest_only_with_trigger.py for tasks to queue
[2025-05-04T22:42:02.247+0000] {logging_mixin.py:188} INFO - [2025-05-04T22:42:02.246+0000] {dagbag.py:538} INFO - Filling up the DagBag from /home/airflow/.local/lib/python3.8/site-packages/airflow/example_dags/example_latest_only_with_trigger.py
[2025-05-04T22:42:02.249+0000] {processor.py:840} INFO - DAG(s) 'latest_only_with_trigger' retrieved from /home/airflow/.local/lib/python3.8/site-packages/airflow/example_dags/example_latest_only_with_trigger.py
[2025-05-04T22:42:02.258+0000] {logging_mixin.py:188} INFO - [2025-05-04T22:42:02.258+0000] {dag.py:3033} INFO - Sync 1 DAGs
[2025-05-04T22:42:02.270+0000] {logging_mixin.py:188} INFO - [2025-05-04T22:42:02.270+0000] {dag.py:3820} INFO - Setting next_dagrun for latest_only_with_trigger to 2025-05-04T16:00:00+00:00, run_after=2025-05-04T20:00:00+00:00
[2025-05-04T22:42:02.282+0000] {processor.py:183} INFO - Processing /home/airflow/.local/lib/python3.8/site-packages/airflow/example_dags/example_latest_only_with_trigger.py took 0.039 seconds
[2025-05-04T22:42:33.011+0000] {processor.py:161} INFO - Started process (PID=727) to work on /home/airflow/.local/lib/python3.8/site-packages/airflow/example_dags/example_latest_only_with_trigger.py
[2025-05-04T22:42:33.011+0000] {processor.py:830} INFO - Processing file /home/airflow/.local/lib/python3.8/site-packages/airflow/example_dags/example_latest_only_with_trigger.py for tasks to queue
[2025-05-04T22:42:33.013+0000] {logging_mixin.py:188} INFO - [2025-05-04T22:42:33.013+0000] {dagbag.py:538} INFO - Filling up the DagBag from /home/airflow/.local/lib/python3.8/site-packages/airflow/example_dags/example_latest_only_with_trigger.py
[2025-05-04T22:42:33.015+0000] {processor.py:840} INFO - DAG(s) 'latest_only_with_trigger' retrieved from /home/airflow/.local/lib/python3.8/site-packages/airflow/example_dags/example_latest_only_with_trigger.py
[2025-05-04T22:42:33.025+0000] {logging_mixin.py:188} INFO - [2025-05-04T22:42:33.025+0000] {dag.py:3033} INFO - Sync 1 DAGs
[2025-05-04T22:42:33.037+0000] {logging_mixin.py:188} INFO - [2025-05-04T22:42:33.036+0000] {dag.py:3820} INFO - Setting next_dagrun for latest_only_with_trigger to 2025-05-04T16:00:00+00:00, run_after=2025-05-04T20:00:00+00:00
[2025-05-04T22:42:33.051+0000] {processor.py:183} INFO - Processing /home/airflow/.local/lib/python3.8/site-packages/airflow/example_dags/example_latest_only_with_trigger.py took 0.041 seconds
[2025-05-04T22:43:03.855+0000] {processor.py:161} INFO - Started process (PID=783) to work on /home/airflow/.local/lib/python3.8/site-packages/airflow/example_dags/example_latest_only_with_trigger.py
[2025-05-04T22:43:03.856+0000] {processor.py:830} INFO - Processing file /home/airflow/.local/lib/python3.8/site-packages/airflow/example_dags/example_latest_only_with_trigger.py for tasks to queue
[2025-05-04T22:43:03.857+0000] {logging_mixin.py:188} INFO - [2025-05-04T22:43:03.857+0000] {dagbag.py:538} INFO - Filling up the DagBag from /home/airflow/.local/lib/python3.8/site-packages/airflow/example_dags/example_latest_only_with_trigger.py
[2025-05-04T22:43:03.859+0000] {processor.py:840} INFO - DAG(s) 'latest_only_with_trigger' retrieved from /home/airflow/.local/lib/python3.8/site-packages/airflow/example_dags/example_latest_only_with_trigger.py
[2025-05-04T22:43:03.874+0000] {logging_mixin.py:188} INFO - [2025-05-04T22:43:03.874+0000] {dag.py:3033} INFO - Sync 1 DAGs
[2025-05-04T22:43:03.884+0000] {logging_mixin.py:188} INFO - [2025-05-04T22:43:03.884+0000] {dag.py:3820} INFO - Setting next_dagrun for latest_only_with_trigger to 2025-05-04T16:00:00+00:00, run_after=2025-05-04T20:00:00+00:00
[2025-05-04T22:43:03.897+0000] {processor.py:183} INFO - Processing /home/airflow/.local/lib/python3.8/site-packages/airflow/example_dags/example_latest_only_with_trigger.py took 0.044 seconds
[2025-05-04T22:43:34.860+0000] {processor.py:161} INFO - Started process (PID=839) to work on /home/airflow/.local/lib/python3.8/site-packages/airflow/example_dags/example_latest_only_with_trigger.py
[2025-05-04T22:43:34.861+0000] {processor.py:830} INFO - Processing file /home/airflow/.local/lib/python3.8/site-packages/airflow/example_dags/example_latest_only_with_trigger.py for tasks to queue
[2025-05-04T22:43:34.862+0000] {logging_mixin.py:188} INFO - [2025-05-04T22:43:34.862+0000] {dagbag.py:538} INFO - Filling up the DagBag from /home/airflow/.local/lib/python3.8/site-packages/airflow/example_dags/example_latest_only_with_trigger.py
[2025-05-04T22:43:34.864+0000] {processor.py:840} INFO - DAG(s) 'latest_only_with_trigger' retrieved from /home/airflow/.local/lib/python3.8/site-packages/airflow/example_dags/example_latest_only_with_trigger.py
[2025-05-04T22:43:34.875+0000] {logging_mixin.py:188} INFO - [2025-05-04T22:43:34.875+0000] {dag.py:3033} INFO - Sync 1 DAGs
[2025-05-04T22:43:34.885+0000] {logging_mixin.py:188} INFO - [2025-05-04T22:43:34.885+0000] {dag.py:3820} INFO - Setting next_dagrun for latest_only_with_trigger to 2025-05-04T16:00:00+00:00, run_after=2025-05-04T20:00:00+00:00
[2025-05-04T22:43:34.896+0000] {processor.py:183} INFO - Processing /home/airflow/.local/lib/python3.8/site-packages/airflow/example_dags/example_latest_only_with_trigger.py took 0.038 seconds
[2025-05-04T22:44:05.617+0000] {processor.py:161} INFO - Started process (PID=895) to work on /home/airflow/.local/lib/python3.8/site-packages/airflow/example_dags/example_latest_only_with_trigger.py
[2025-05-04T22:44:05.620+0000] {processor.py:830} INFO - Processing file /home/airflow/.local/lib/python3.8/site-packages/airflow/example_dags/example_latest_only_with_trigger.py for tasks to queue
[2025-05-04T22:44:05.621+0000] {logging_mixin.py:188} INFO - [2025-05-04T22:44:05.621+0000] {dagbag.py:538} INFO - Filling up the DagBag from /home/airflow/.local/lib/python3.8/site-packages/airflow/example_dags/example_latest_only_with_trigger.py
[2025-05-04T22:44:05.623+0000] {processor.py:840} INFO - DAG(s) 'latest_only_with_trigger' retrieved from /home/airflow/.local/lib/python3.8/site-packages/airflow/example_dags/example_latest_only_with_trigger.py
[2025-05-04T22:44:05.636+0000] {logging_mixin.py:188} INFO - [2025-05-04T22:44:05.636+0000] {dag.py:3033} INFO - Sync 1 DAGs
[2025-05-04T22:44:05.649+0000] {logging_mixin.py:188} INFO - [2025-05-04T22:44:05.649+0000] {dag.py:3820} INFO - Setting next_dagrun for latest_only_with_trigger to 2025-05-04T16:00:00+00:00, run_after=2025-05-04T20:00:00+00:00
[2025-05-04T22:44:05.658+0000] {processor.py:183} INFO - Processing /home/airflow/.local/lib/python3.8/site-packages/airflow/example_dags/example_latest_only_with_trigger.py took 0.042 seconds
[2025-05-04T22:44:36.463+0000] {processor.py:161} INFO - Started process (PID=951) to work on /home/airflow/.local/lib/python3.8/site-packages/airflow/example_dags/example_latest_only_with_trigger.py
[2025-05-04T22:44:36.464+0000] {processor.py:830} INFO - Processing file /home/airflow/.local/lib/python3.8/site-packages/airflow/example_dags/example_latest_only_with_trigger.py for tasks to queue
[2025-05-04T22:44:36.464+0000] {logging_mixin.py:188} INFO - [2025-05-04T22:44:36.464+0000] {dagbag.py:538} INFO - Filling up the DagBag from /home/airflow/.local/lib/python3.8/site-packages/airflow/example_dags/example_latest_only_with_trigger.py
[2025-05-04T22:44:36.467+0000] {processor.py:840} INFO - DAG(s) 'latest_only_with_trigger' retrieved from /home/airflow/.local/lib/python3.8/site-packages/airflow/example_dags/example_latest_only_with_trigger.py
[2025-05-04T22:44:36.476+0000] {logging_mixin.py:188} INFO - [2025-05-04T22:44:36.476+0000] {dag.py:3033} INFO - Sync 1 DAGs
[2025-05-04T22:44:36.487+0000] {logging_mixin.py:188} INFO - [2025-05-04T22:44:36.487+0000] {dag.py:3820} INFO - Setting next_dagrun for latest_only_with_trigger to 2025-05-04T16:00:00+00:00, run_after=2025-05-04T20:00:00+00:00
[2025-05-04T22:44:36.502+0000] {processor.py:183} INFO - Processing /home/airflow/.local/lib/python3.8/site-packages/airflow/example_dags/example_latest_only_with_trigger.py took 0.040 seconds
[2025-05-04T22:45:07.253+0000] {processor.py:161} INFO - Started process (PID=1007) to work on /home/airflow/.local/lib/python3.8/site-packages/airflow/example_dags/example_latest_only_with_trigger.py
[2025-05-04T22:45:07.254+0000] {processor.py:830} INFO - Processing file /home/airflow/.local/lib/python3.8/site-packages/airflow/example_dags/example_latest_only_with_trigger.py for tasks to queue
[2025-05-04T22:45:07.255+0000] {logging_mixin.py:188} INFO - [2025-05-04T22:45:07.255+0000] {dagbag.py:538} INFO - Filling up the DagBag from /home/airflow/.local/lib/python3.8/site-packages/airflow/example_dags/example_latest_only_with_trigger.py
[2025-05-04T22:45:07.258+0000] {processor.py:840} INFO - DAG(s) 'latest_only_with_trigger' retrieved from /home/airflow/.local/lib/python3.8/site-packages/airflow/example_dags/example_latest_only_with_trigger.py
[2025-05-04T22:45:07.267+0000] {logging_mixin.py:188} INFO - [2025-05-04T22:45:07.267+0000] {dag.py:3033} INFO - Sync 1 DAGs
[2025-05-04T22:45:07.279+0000] {logging_mixin.py:188} INFO - [2025-05-04T22:45:07.279+0000] {dag.py:3820} INFO - Setting next_dagrun for latest_only_with_trigger to 2025-05-04T16:00:00+00:00, run_after=2025-05-04T20:00:00+00:00
[2025-05-04T22:45:07.290+0000] {processor.py:183} INFO - Processing /home/airflow/.local/lib/python3.8/site-packages/airflow/example_dags/example_latest_only_with_trigger.py took 0.039 seconds
[2025-05-04T22:45:38.171+0000] {processor.py:161} INFO - Started process (PID=1063) to work on /home/airflow/.local/lib/python3.8/site-packages/airflow/example_dags/example_latest_only_with_trigger.py
[2025-05-04T22:45:38.172+0000] {processor.py:830} INFO - Processing file /home/airflow/.local/lib/python3.8/site-packages/airflow/example_dags/example_latest_only_with_trigger.py for tasks to queue
[2025-05-04T22:45:38.176+0000] {logging_mixin.py:188} INFO - [2025-05-04T22:45:38.176+0000] {dagbag.py:538} INFO - Filling up the DagBag from /home/airflow/.local/lib/python3.8/site-packages/airflow/example_dags/example_latest_only_with_trigger.py
[2025-05-04T22:45:38.178+0000] {processor.py:840} INFO - DAG(s) 'latest_only_with_trigger' retrieved from /home/airflow/.local/lib/python3.8/site-packages/airflow/example_dags/example_latest_only_with_trigger.py
[2025-05-04T22:45:38.192+0000] {logging_mixin.py:188} INFO - [2025-05-04T22:45:38.192+0000] {dag.py:3033} INFO - Sync 1 DAGs
[2025-05-04T22:45:38.205+0000] {logging_mixin.py:188} INFO - [2025-05-04T22:45:38.205+0000] {dag.py:3820} INFO - Setting next_dagrun for latest_only_with_trigger to 2025-05-04T16:00:00+00:00, run_after=2025-05-04T20:00:00+00:00
[2025-05-04T22:45:38.213+0000] {processor.py:183} INFO - Processing /home/airflow/.local/lib/python3.8/site-packages/airflow/example_dags/example_latest_only_with_trigger.py took 0.043 seconds
[2025-05-04T22:46:31.428+0000] {processor.py:161} INFO - Started process (PID=55) to work on /home/airflow/.local/lib/python3.8/site-packages/airflow/example_dags/example_latest_only_with_trigger.py
[2025-05-04T22:46:31.430+0000] {processor.py:830} INFO - Processing file /home/airflow/.local/lib/python3.8/site-packages/airflow/example_dags/example_latest_only_with_trigger.py for tasks to queue
[2025-05-04T22:46:31.433+0000] {logging_mixin.py:188} INFO - [2025-05-04T22:46:31.433+0000] {dagbag.py:538} INFO - Filling up the DagBag from /home/airflow/.local/lib/python3.8/site-packages/airflow/example_dags/example_latest_only_with_trigger.py
[2025-05-04T22:46:31.439+0000] {processor.py:840} INFO - DAG(s) 'latest_only_with_trigger' retrieved from /home/airflow/.local/lib/python3.8/site-packages/airflow/example_dags/example_latest_only_with_trigger.py
[2025-05-04T22:46:31.460+0000] {logging_mixin.py:188} INFO - [2025-05-04T22:46:31.459+0000] {dag.py:3033} INFO - Sync 1 DAGs
[2025-05-04T22:46:31.489+0000] {logging_mixin.py:188} INFO - [2025-05-04T22:46:31.488+0000] {dag.py:3820} INFO - Setting next_dagrun for latest_only_with_trigger to 2025-05-04T16:00:00+00:00, run_after=2025-05-04T20:00:00+00:00
[2025-05-04T22:46:31.530+0000] {processor.py:183} INFO - Processing /home/airflow/.local/lib/python3.8/site-packages/airflow/example_dags/example_latest_only_with_trigger.py took 0.105 seconds
[2025-05-04T22:46:56.050+0000] {processor.py:161} INFO - Started process (PID=54) to work on /home/airflow/.local/lib/python3.8/site-packages/airflow/example_dags/example_latest_only_with_trigger.py
[2025-05-04T22:46:56.052+0000] {processor.py:830} INFO - Processing file /home/airflow/.local/lib/python3.8/site-packages/airflow/example_dags/example_latest_only_with_trigger.py for tasks to queue
[2025-05-04T22:46:56.055+0000] {logging_mixin.py:188} INFO - [2025-05-04T22:46:56.055+0000] {dagbag.py:538} INFO - Filling up the DagBag from /home/airflow/.local/lib/python3.8/site-packages/airflow/example_dags/example_latest_only_with_trigger.py
[2025-05-04T22:46:56.061+0000] {processor.py:840} INFO - DAG(s) 'latest_only_with_trigger' retrieved from /home/airflow/.local/lib/python3.8/site-packages/airflow/example_dags/example_latest_only_with_trigger.py
[2025-05-04T22:46:56.073+0000] {logging_mixin.py:188} INFO - [2025-05-04T22:46:56.073+0000] {dag.py:3033} INFO - Sync 1 DAGs
[2025-05-04T22:46:56.087+0000] {logging_mixin.py:188} INFO - [2025-05-04T22:46:56.087+0000] {dag.py:3820} INFO - Setting next_dagrun for latest_only_with_trigger to 2025-05-04T16:00:00+00:00, run_after=2025-05-04T20:00:00+00:00
[2025-05-04T22:46:56.114+0000] {processor.py:183} INFO - Processing /home/airflow/.local/lib/python3.8/site-packages/airflow/example_dags/example_latest_only_with_trigger.py took 0.067 seconds
[2025-05-04T22:47:51.657+0000] {processor.py:161} INFO - Started process (PID=55) to work on /home/airflow/.local/lib/python3.8/site-packages/airflow/example_dags/example_latest_only_with_trigger.py
[2025-05-04T22:47:51.659+0000] {processor.py:830} INFO - Processing file /home/airflow/.local/lib/python3.8/site-packages/airflow/example_dags/example_latest_only_with_trigger.py for tasks to queue
[2025-05-04T22:47:51.661+0000] {logging_mixin.py:188} INFO - [2025-05-04T22:47:51.661+0000] {dagbag.py:538} INFO - Filling up the DagBag from /home/airflow/.local/lib/python3.8/site-packages/airflow/example_dags/example_latest_only_with_trigger.py
[2025-05-04T22:47:51.665+0000] {processor.py:840} INFO - DAG(s) 'latest_only_with_trigger' retrieved from /home/airflow/.local/lib/python3.8/site-packages/airflow/example_dags/example_latest_only_with_trigger.py
[2025-05-04T22:47:51.682+0000] {logging_mixin.py:188} INFO - [2025-05-04T22:47:51.682+0000] {dag.py:3033} INFO - Sync 1 DAGs
[2025-05-04T22:47:51.732+0000] {logging_mixin.py:188} INFO - [2025-05-04T22:47:51.732+0000] {dag.py:3820} INFO - Setting next_dagrun for latest_only_with_trigger to 2025-05-04T16:00:00+00:00, run_after=2025-05-04T20:00:00+00:00
[2025-05-04T22:47:51.767+0000] {processor.py:183} INFO - Processing /home/airflow/.local/lib/python3.8/site-packages/airflow/example_dags/example_latest_only_with_trigger.py took 0.113 seconds
[2025-05-04T22:48:21.879+0000] {processor.py:161} INFO - Started process (PID=111) to work on /home/airflow/.local/lib/python3.8/site-packages/airflow/example_dags/example_latest_only_with_trigger.py
[2025-05-04T22:48:21.880+0000] {processor.py:830} INFO - Processing file /home/airflow/.local/lib/python3.8/site-packages/airflow/example_dags/example_latest_only_with_trigger.py for tasks to queue
[2025-05-04T22:48:21.881+0000] {logging_mixin.py:188} INFO - [2025-05-04T22:48:21.881+0000] {dagbag.py:538} INFO - Filling up the DagBag from /home/airflow/.local/lib/python3.8/site-packages/airflow/example_dags/example_latest_only_with_trigger.py
[2025-05-04T22:48:21.883+0000] {processor.py:840} INFO - DAG(s) 'latest_only_with_trigger' retrieved from /home/airflow/.local/lib/python3.8/site-packages/airflow/example_dags/example_latest_only_with_trigger.py
[2025-05-04T22:48:21.927+0000] {logging_mixin.py:188} INFO - [2025-05-04T22:48:21.926+0000] {dag.py:3033} INFO - Sync 1 DAGs
[2025-05-04T22:48:21.936+0000] {logging_mixin.py:188} INFO - [2025-05-04T22:48:21.936+0000] {dag.py:3820} INFO - Setting next_dagrun for latest_only_with_trigger to 2025-05-04T16:00:00+00:00, run_after=2025-05-04T20:00:00+00:00
[2025-05-04T22:48:21.950+0000] {processor.py:183} INFO - Processing /home/airflow/.local/lib/python3.8/site-packages/airflow/example_dags/example_latest_only_with_trigger.py took 0.072 seconds
[2025-05-04T22:48:52.001+0000] {processor.py:161} INFO - Started process (PID=167) to work on /home/airflow/.local/lib/python3.8/site-packages/airflow/example_dags/example_latest_only_with_trigger.py
[2025-05-04T22:48:52.002+0000] {processor.py:830} INFO - Processing file /home/airflow/.local/lib/python3.8/site-packages/airflow/example_dags/example_latest_only_with_trigger.py for tasks to queue
[2025-05-04T22:48:52.003+0000] {logging_mixin.py:188} INFO - [2025-05-04T22:48:52.003+0000] {dagbag.py:538} INFO - Filling up the DagBag from /home/airflow/.local/lib/python3.8/site-packages/airflow/example_dags/example_latest_only_with_trigger.py
[2025-05-04T22:48:52.005+0000] {processor.py:840} INFO - DAG(s) 'latest_only_with_trigger' retrieved from /home/airflow/.local/lib/python3.8/site-packages/airflow/example_dags/example_latest_only_with_trigger.py
[2025-05-04T22:48:52.013+0000] {logging_mixin.py:188} INFO - [2025-05-04T22:48:52.013+0000] {dag.py:3033} INFO - Sync 1 DAGs
[2025-05-04T22:48:52.021+0000] {logging_mixin.py:188} INFO - [2025-05-04T22:48:52.021+0000] {dag.py:3820} INFO - Setting next_dagrun for latest_only_with_trigger to 2025-05-04T16:00:00+00:00, run_after=2025-05-04T20:00:00+00:00
[2025-05-04T22:48:52.026+0000] {processor.py:183} INFO - Processing /home/airflow/.local/lib/python3.8/site-packages/airflow/example_dags/example_latest_only_with_trigger.py took 0.026 seconds
[2025-05-04T22:49:22.998+0000] {processor.py:161} INFO - Started process (PID=223) to work on /home/airflow/.local/lib/python3.8/site-packages/airflow/example_dags/example_latest_only_with_trigger.py
[2025-05-04T22:49:22.999+0000] {processor.py:830} INFO - Processing file /home/airflow/.local/lib/python3.8/site-packages/airflow/example_dags/example_latest_only_with_trigger.py for tasks to queue
[2025-05-04T22:49:23.000+0000] {logging_mixin.py:188} INFO - [2025-05-04T22:49:23.000+0000] {dagbag.py:538} INFO - Filling up the DagBag from /home/airflow/.local/lib/python3.8/site-packages/airflow/example_dags/example_latest_only_with_trigger.py
[2025-05-04T22:49:23.003+0000] {processor.py:840} INFO - DAG(s) 'latest_only_with_trigger' retrieved from /home/airflow/.local/lib/python3.8/site-packages/airflow/example_dags/example_latest_only_with_trigger.py
[2025-05-04T22:49:23.015+0000] {logging_mixin.py:188} INFO - [2025-05-04T22:49:23.015+0000] {dag.py:3033} INFO - Sync 1 DAGs
[2025-05-04T22:49:23.032+0000] {logging_mixin.py:188} INFO - [2025-05-04T22:49:23.032+0000] {dag.py:3820} INFO - Setting next_dagrun for latest_only_with_trigger to 2025-05-04T16:00:00+00:00, run_after=2025-05-04T20:00:00+00:00
[2025-05-04T22:49:23.045+0000] {processor.py:183} INFO - Processing /home/airflow/.local/lib/python3.8/site-packages/airflow/example_dags/example_latest_only_with_trigger.py took 0.049 seconds
[2025-05-04T22:49:53.643+0000] {processor.py:161} INFO - Started process (PID=279) to work on /home/airflow/.local/lib/python3.8/site-packages/airflow/example_dags/example_latest_only_with_trigger.py
[2025-05-04T22:49:53.643+0000] {processor.py:830} INFO - Processing file /home/airflow/.local/lib/python3.8/site-packages/airflow/example_dags/example_latest_only_with_trigger.py for tasks to queue
[2025-05-04T22:49:53.644+0000] {logging_mixin.py:188} INFO - [2025-05-04T22:49:53.644+0000] {dagbag.py:538} INFO - Filling up the DagBag from /home/airflow/.local/lib/python3.8/site-packages/airflow/example_dags/example_latest_only_with_trigger.py
[2025-05-04T22:49:53.648+0000] {processor.py:840} INFO - DAG(s) 'latest_only_with_trigger' retrieved from /home/airflow/.local/lib/python3.8/site-packages/airflow/example_dags/example_latest_only_with_trigger.py
[2025-05-04T22:49:53.658+0000] {logging_mixin.py:188} INFO - [2025-05-04T22:49:53.658+0000] {dag.py:3033} INFO - Sync 1 DAGs
[2025-05-04T22:49:53.671+0000] {logging_mixin.py:188} INFO - [2025-05-04T22:49:53.670+0000] {dag.py:3820} INFO - Setting next_dagrun for latest_only_with_trigger to 2025-05-04T16:00:00+00:00, run_after=2025-05-04T20:00:00+00:00
[2025-05-04T22:49:53.681+0000] {processor.py:183} INFO - Processing /home/airflow/.local/lib/python3.8/site-packages/airflow/example_dags/example_latest_only_with_trigger.py took 0.040 seconds
[2025-05-04T22:50:24.371+0000] {processor.py:161} INFO - Started process (PID=335) to work on /home/airflow/.local/lib/python3.8/site-packages/airflow/example_dags/example_latest_only_with_trigger.py
[2025-05-04T22:50:24.373+0000] {processor.py:830} INFO - Processing file /home/airflow/.local/lib/python3.8/site-packages/airflow/example_dags/example_latest_only_with_trigger.py for tasks to queue
[2025-05-04T22:50:24.375+0000] {logging_mixin.py:188} INFO - [2025-05-04T22:50:24.374+0000] {dagbag.py:538} INFO - Filling up the DagBag from /home/airflow/.local/lib/python3.8/site-packages/airflow/example_dags/example_latest_only_with_trigger.py
[2025-05-04T22:50:24.377+0000] {processor.py:840} INFO - DAG(s) 'latest_only_with_trigger' retrieved from /home/airflow/.local/lib/python3.8/site-packages/airflow/example_dags/example_latest_only_with_trigger.py
[2025-05-04T22:50:24.389+0000] {logging_mixin.py:188} INFO - [2025-05-04T22:50:24.389+0000] {dag.py:3033} INFO - Sync 1 DAGs
[2025-05-04T22:50:24.398+0000] {logging_mixin.py:188} INFO - [2025-05-04T22:50:24.398+0000] {dag.py:3820} INFO - Setting next_dagrun for latest_only_with_trigger to 2025-05-04T16:00:00+00:00, run_after=2025-05-04T20:00:00+00:00
[2025-05-04T22:50:24.409+0000] {processor.py:183} INFO - Processing /home/airflow/.local/lib/python3.8/site-packages/airflow/example_dags/example_latest_only_with_trigger.py took 0.039 seconds
[2025-05-04T22:50:58.244+0000] {processor.py:161} INFO - Started process (PID=55) to work on /home/airflow/.local/lib/python3.8/site-packages/airflow/example_dags/example_latest_only_with_trigger.py
[2025-05-04T22:50:58.245+0000] {processor.py:830} INFO - Processing file /home/airflow/.local/lib/python3.8/site-packages/airflow/example_dags/example_latest_only_with_trigger.py for tasks to queue
[2025-05-04T22:50:58.253+0000] {logging_mixin.py:188} INFO - [2025-05-04T22:50:58.253+0000] {dagbag.py:538} INFO - Filling up the DagBag from /home/airflow/.local/lib/python3.8/site-packages/airflow/example_dags/example_latest_only_with_trigger.py
[2025-05-04T22:50:58.259+0000] {processor.py:840} INFO - DAG(s) 'latest_only_with_trigger' retrieved from /home/airflow/.local/lib/python3.8/site-packages/airflow/example_dags/example_latest_only_with_trigger.py
[2025-05-04T22:50:58.267+0000] {logging_mixin.py:188} INFO - [2025-05-04T22:50:58.267+0000] {dag.py:3033} INFO - Sync 1 DAGs
[2025-05-04T22:50:58.298+0000] {logging_mixin.py:188} INFO - [2025-05-04T22:50:58.298+0000] {dag.py:3820} INFO - Setting next_dagrun for latest_only_with_trigger to 2025-05-04T16:00:00+00:00, run_after=2025-05-04T20:00:00+00:00
[2025-05-04T22:50:58.320+0000] {processor.py:183} INFO - Processing /home/airflow/.local/lib/python3.8/site-packages/airflow/example_dags/example_latest_only_with_trigger.py took 0.081 seconds
[2025-05-04T22:51:28.413+0000] {processor.py:161} INFO - Started process (PID=111) to work on /home/airflow/.local/lib/python3.8/site-packages/airflow/example_dags/example_latest_only_with_trigger.py
[2025-05-04T22:51:28.413+0000] {processor.py:830} INFO - Processing file /home/airflow/.local/lib/python3.8/site-packages/airflow/example_dags/example_latest_only_with_trigger.py for tasks to queue
[2025-05-04T22:51:28.415+0000] {logging_mixin.py:188} INFO - [2025-05-04T22:51:28.414+0000] {dagbag.py:538} INFO - Filling up the DagBag from /home/airflow/.local/lib/python3.8/site-packages/airflow/example_dags/example_latest_only_with_trigger.py
[2025-05-04T22:51:28.417+0000] {processor.py:840} INFO - DAG(s) 'latest_only_with_trigger' retrieved from /home/airflow/.local/lib/python3.8/site-packages/airflow/example_dags/example_latest_only_with_trigger.py
[2025-05-04T22:51:28.457+0000] {logging_mixin.py:188} INFO - [2025-05-04T22:51:28.457+0000] {dag.py:3033} INFO - Sync 1 DAGs
[2025-05-04T22:51:28.467+0000] {logging_mixin.py:188} INFO - [2025-05-04T22:51:28.467+0000] {dag.py:3820} INFO - Setting next_dagrun for latest_only_with_trigger to 2025-05-04T16:00:00+00:00, run_after=2025-05-04T20:00:00+00:00
[2025-05-04T22:51:28.478+0000] {processor.py:183} INFO - Processing /home/airflow/.local/lib/python3.8/site-packages/airflow/example_dags/example_latest_only_with_trigger.py took 0.067 seconds
[2025-05-04T22:51:58.645+0000] {processor.py:161} INFO - Started process (PID=167) to work on /home/airflow/.local/lib/python3.8/site-packages/airflow/example_dags/example_latest_only_with_trigger.py
[2025-05-04T22:51:58.647+0000] {processor.py:830} INFO - Processing file /home/airflow/.local/lib/python3.8/site-packages/airflow/example_dags/example_latest_only_with_trigger.py for tasks to queue
[2025-05-04T22:51:58.648+0000] {logging_mixin.py:188} INFO - [2025-05-04T22:51:58.648+0000] {dagbag.py:538} INFO - Filling up the DagBag from /home/airflow/.local/lib/python3.8/site-packages/airflow/example_dags/example_latest_only_with_trigger.py
[2025-05-04T22:51:58.651+0000] {processor.py:840} INFO - DAG(s) 'latest_only_with_trigger' retrieved from /home/airflow/.local/lib/python3.8/site-packages/airflow/example_dags/example_latest_only_with_trigger.py
[2025-05-04T22:51:58.662+0000] {logging_mixin.py:188} INFO - [2025-05-04T22:51:58.662+0000] {dag.py:3033} INFO - Sync 1 DAGs
[2025-05-04T22:51:58.673+0000] {logging_mixin.py:188} INFO - [2025-05-04T22:51:58.673+0000] {dag.py:3820} INFO - Setting next_dagrun for latest_only_with_trigger to 2025-05-04T16:00:00+00:00, run_after=2025-05-04T20:00:00+00:00
[2025-05-04T22:51:58.680+0000] {processor.py:183} INFO - Processing /home/airflow/.local/lib/python3.8/site-packages/airflow/example_dags/example_latest_only_with_trigger.py took 0.037 seconds
[2025-05-04T22:52:29.463+0000] {processor.py:161} INFO - Started process (PID=223) to work on /home/airflow/.local/lib/python3.8/site-packages/airflow/example_dags/example_latest_only_with_trigger.py
[2025-05-04T22:52:29.464+0000] {processor.py:830} INFO - Processing file /home/airflow/.local/lib/python3.8/site-packages/airflow/example_dags/example_latest_only_with_trigger.py for tasks to queue
[2025-05-04T22:52:29.465+0000] {logging_mixin.py:188} INFO - [2025-05-04T22:52:29.465+0000] {dagbag.py:538} INFO - Filling up the DagBag from /home/airflow/.local/lib/python3.8/site-packages/airflow/example_dags/example_latest_only_with_trigger.py
[2025-05-04T22:52:29.468+0000] {processor.py:840} INFO - DAG(s) 'latest_only_with_trigger' retrieved from /home/airflow/.local/lib/python3.8/site-packages/airflow/example_dags/example_latest_only_with_trigger.py
[2025-05-04T22:52:29.481+0000] {logging_mixin.py:188} INFO - [2025-05-04T22:52:29.481+0000] {dag.py:3033} INFO - Sync 1 DAGs
[2025-05-04T22:52:29.490+0000] {logging_mixin.py:188} INFO - [2025-05-04T22:52:29.490+0000] {dag.py:3820} INFO - Setting next_dagrun for latest_only_with_trigger to 2025-05-04T16:00:00+00:00, run_after=2025-05-04T20:00:00+00:00
[2025-05-04T22:52:29.500+0000] {processor.py:183} INFO - Processing /home/airflow/.local/lib/python3.8/site-packages/airflow/example_dags/example_latest_only_with_trigger.py took 0.038 seconds
[2025-05-04T22:53:00.063+0000] {processor.py:161} INFO - Started process (PID=279) to work on /home/airflow/.local/lib/python3.8/site-packages/airflow/example_dags/example_latest_only_with_trigger.py
[2025-05-04T22:53:00.064+0000] {processor.py:830} INFO - Processing file /home/airflow/.local/lib/python3.8/site-packages/airflow/example_dags/example_latest_only_with_trigger.py for tasks to queue
[2025-05-04T22:53:00.066+0000] {logging_mixin.py:188} INFO - [2025-05-04T22:53:00.065+0000] {dagbag.py:538} INFO - Filling up the DagBag from /home/airflow/.local/lib/python3.8/site-packages/airflow/example_dags/example_latest_only_with_trigger.py
[2025-05-04T22:53:00.068+0000] {processor.py:840} INFO - DAG(s) 'latest_only_with_trigger' retrieved from /home/airflow/.local/lib/python3.8/site-packages/airflow/example_dags/example_latest_only_with_trigger.py
[2025-05-04T22:53:00.078+0000] {logging_mixin.py:188} INFO - [2025-05-04T22:53:00.078+0000] {dag.py:3033} INFO - Sync 1 DAGs
[2025-05-04T22:53:00.086+0000] {logging_mixin.py:188} INFO - [2025-05-04T22:53:00.086+0000] {dag.py:3820} INFO - Setting next_dagrun for latest_only_with_trigger to 2025-05-04T16:00:00+00:00, run_after=2025-05-04T20:00:00+00:00
[2025-05-04T22:53:00.096+0000] {processor.py:183} INFO - Processing /home/airflow/.local/lib/python3.8/site-packages/airflow/example_dags/example_latest_only_with_trigger.py took 0.035 seconds
[2025-05-04T22:58:00.530+0000] {processor.py:161} INFO - Started process (PID=55) to work on /home/airflow/.local/lib/python3.8/site-packages/airflow/example_dags/example_latest_only_with_trigger.py
[2025-05-04T22:58:00.533+0000] {processor.py:830} INFO - Processing file /home/airflow/.local/lib/python3.8/site-packages/airflow/example_dags/example_latest_only_with_trigger.py for tasks to queue
[2025-05-04T22:58:00.534+0000] {logging_mixin.py:188} INFO - [2025-05-04T22:58:00.534+0000] {dagbag.py:538} INFO - Filling up the DagBag from /home/airflow/.local/lib/python3.8/site-packages/airflow/example_dags/example_latest_only_with_trigger.py
[2025-05-04T22:58:00.538+0000] {processor.py:840} INFO - DAG(s) 'latest_only_with_trigger' retrieved from /home/airflow/.local/lib/python3.8/site-packages/airflow/example_dags/example_latest_only_with_trigger.py
[2025-05-04T22:58:00.552+0000] {logging_mixin.py:188} INFO - [2025-05-04T22:58:00.552+0000] {dag.py:3033} INFO - Sync 1 DAGs
[2025-05-04T22:58:00.568+0000] {logging_mixin.py:188} INFO - [2025-05-04T22:58:00.568+0000] {dag.py:3820} INFO - Setting next_dagrun for latest_only_with_trigger to 2025-05-04T16:00:00+00:00, run_after=2025-05-04T20:00:00+00:00
[2025-05-04T22:58:00.594+0000] {processor.py:183} INFO - Processing /home/airflow/.local/lib/python3.8/site-packages/airflow/example_dags/example_latest_only_with_trigger.py took 0.071 seconds
[2025-05-04T22:58:31.020+0000] {processor.py:161} INFO - Started process (PID=111) to work on /home/airflow/.local/lib/python3.8/site-packages/airflow/example_dags/example_latest_only_with_trigger.py
[2025-05-04T22:58:31.022+0000] {processor.py:830} INFO - Processing file /home/airflow/.local/lib/python3.8/site-packages/airflow/example_dags/example_latest_only_with_trigger.py for tasks to queue
[2025-05-04T22:58:31.023+0000] {logging_mixin.py:188} INFO - [2025-05-04T22:58:31.022+0000] {dagbag.py:538} INFO - Filling up the DagBag from /home/airflow/.local/lib/python3.8/site-packages/airflow/example_dags/example_latest_only_with_trigger.py
[2025-05-04T22:58:31.027+0000] {processor.py:840} INFO - DAG(s) 'latest_only_with_trigger' retrieved from /home/airflow/.local/lib/python3.8/site-packages/airflow/example_dags/example_latest_only_with_trigger.py
[2025-05-04T22:58:31.082+0000] {logging_mixin.py:188} INFO - [2025-05-04T22:58:31.082+0000] {dag.py:3033} INFO - Sync 1 DAGs
[2025-05-04T22:58:31.094+0000] {logging_mixin.py:188} INFO - [2025-05-04T22:58:31.094+0000] {dag.py:3820} INFO - Setting next_dagrun for latest_only_with_trigger to 2025-05-04T16:00:00+00:00, run_after=2025-05-04T20:00:00+00:00
[2025-05-04T22:58:31.108+0000] {processor.py:183} INFO - Processing /home/airflow/.local/lib/python3.8/site-packages/airflow/example_dags/example_latest_only_with_trigger.py took 0.090 seconds
[2025-05-04T22:59:01.320+0000] {processor.py:161} INFO - Started process (PID=167) to work on /home/airflow/.local/lib/python3.8/site-packages/airflow/example_dags/example_latest_only_with_trigger.py
[2025-05-04T22:59:01.320+0000] {processor.py:830} INFO - Processing file /home/airflow/.local/lib/python3.8/site-packages/airflow/example_dags/example_latest_only_with_trigger.py for tasks to queue
[2025-05-04T22:59:01.321+0000] {logging_mixin.py:188} INFO - [2025-05-04T22:59:01.321+0000] {dagbag.py:538} INFO - Filling up the DagBag from /home/airflow/.local/lib/python3.8/site-packages/airflow/example_dags/example_latest_only_with_trigger.py
[2025-05-04T22:59:01.327+0000] {processor.py:840} INFO - DAG(s) 'latest_only_with_trigger' retrieved from /home/airflow/.local/lib/python3.8/site-packages/airflow/example_dags/example_latest_only_with_trigger.py
[2025-05-04T22:59:01.346+0000] {logging_mixin.py:188} INFO - [2025-05-04T22:59:01.346+0000] {dag.py:3033} INFO - Sync 1 DAGs
[2025-05-04T22:59:01.362+0000] {logging_mixin.py:188} INFO - [2025-05-04T22:59:01.362+0000] {dag.py:3820} INFO - Setting next_dagrun for latest_only_with_trigger to 2025-05-04T16:00:00+00:00, run_after=2025-05-04T20:00:00+00:00
[2025-05-04T22:59:01.374+0000] {processor.py:183} INFO - Processing /home/airflow/.local/lib/python3.8/site-packages/airflow/example_dags/example_latest_only_with_trigger.py took 0.057 seconds
[2025-05-04T22:59:32.079+0000] {processor.py:161} INFO - Started process (PID=223) to work on /home/airflow/.local/lib/python3.8/site-packages/airflow/example_dags/example_latest_only_with_trigger.py
[2025-05-04T22:59:32.079+0000] {processor.py:830} INFO - Processing file /home/airflow/.local/lib/python3.8/site-packages/airflow/example_dags/example_latest_only_with_trigger.py for tasks to queue
[2025-05-04T22:59:32.083+0000] {logging_mixin.py:188} INFO - [2025-05-04T22:59:32.083+0000] {dagbag.py:538} INFO - Filling up the DagBag from /home/airflow/.local/lib/python3.8/site-packages/airflow/example_dags/example_latest_only_with_trigger.py
[2025-05-04T22:59:32.085+0000] {processor.py:840} INFO - DAG(s) 'latest_only_with_trigger' retrieved from /home/airflow/.local/lib/python3.8/site-packages/airflow/example_dags/example_latest_only_with_trigger.py
[2025-05-04T22:59:32.098+0000] {logging_mixin.py:188} INFO - [2025-05-04T22:59:32.098+0000] {dag.py:3033} INFO - Sync 1 DAGs
[2025-05-04T22:59:32.108+0000] {logging_mixin.py:188} INFO - [2025-05-04T22:59:32.107+0000] {dag.py:3820} INFO - Setting next_dagrun for latest_only_with_trigger to 2025-05-04T16:00:00+00:00, run_after=2025-05-04T20:00:00+00:00
[2025-05-04T22:59:32.120+0000] {processor.py:183} INFO - Processing /home/airflow/.local/lib/python3.8/site-packages/airflow/example_dags/example_latest_only_with_trigger.py took 0.042 seconds
[2025-05-04T23:00:02.930+0000] {processor.py:161} INFO - Started process (PID=279) to work on /home/airflow/.local/lib/python3.8/site-packages/airflow/example_dags/example_latest_only_with_trigger.py
[2025-05-04T23:00:02.931+0000] {processor.py:830} INFO - Processing file /home/airflow/.local/lib/python3.8/site-packages/airflow/example_dags/example_latest_only_with_trigger.py for tasks to queue
[2025-05-04T23:00:02.932+0000] {logging_mixin.py:188} INFO - [2025-05-04T23:00:02.932+0000] {dagbag.py:538} INFO - Filling up the DagBag from /home/airflow/.local/lib/python3.8/site-packages/airflow/example_dags/example_latest_only_with_trigger.py
[2025-05-04T23:00:02.936+0000] {processor.py:840} INFO - DAG(s) 'latest_only_with_trigger' retrieved from /home/airflow/.local/lib/python3.8/site-packages/airflow/example_dags/example_latest_only_with_trigger.py
[2025-05-04T23:00:02.946+0000] {logging_mixin.py:188} INFO - [2025-05-04T23:00:02.946+0000] {dag.py:3033} INFO - Sync 1 DAGs
[2025-05-04T23:00:02.955+0000] {logging_mixin.py:188} INFO - [2025-05-04T23:00:02.955+0000] {dag.py:3820} INFO - Setting next_dagrun for latest_only_with_trigger to 2025-05-04T16:00:00+00:00, run_after=2025-05-04T20:00:00+00:00
[2025-05-04T23:00:02.967+0000] {processor.py:183} INFO - Processing /home/airflow/.local/lib/python3.8/site-packages/airflow/example_dags/example_latest_only_with_trigger.py took 0.038 seconds
[2025-05-04T23:00:33.589+0000] {processor.py:161} INFO - Started process (PID=335) to work on /home/airflow/.local/lib/python3.8/site-packages/airflow/example_dags/example_latest_only_with_trigger.py
[2025-05-04T23:00:33.591+0000] {processor.py:830} INFO - Processing file /home/airflow/.local/lib/python3.8/site-packages/airflow/example_dags/example_latest_only_with_trigger.py for tasks to queue
[2025-05-04T23:00:33.592+0000] {logging_mixin.py:188} INFO - [2025-05-04T23:00:33.592+0000] {dagbag.py:538} INFO - Filling up the DagBag from /home/airflow/.local/lib/python3.8/site-packages/airflow/example_dags/example_latest_only_with_trigger.py
[2025-05-04T23:00:33.595+0000] {processor.py:840} INFO - DAG(s) 'latest_only_with_trigger' retrieved from /home/airflow/.local/lib/python3.8/site-packages/airflow/example_dags/example_latest_only_with_trigger.py
[2025-05-04T23:00:33.604+0000] {logging_mixin.py:188} INFO - [2025-05-04T23:00:33.604+0000] {dag.py:3033} INFO - Sync 1 DAGs
[2025-05-04T23:00:33.614+0000] {logging_mixin.py:188} INFO - [2025-05-04T23:00:33.614+0000] {dag.py:3820} INFO - Setting next_dagrun for latest_only_with_trigger to 2025-05-04T16:00:00+00:00, run_after=2025-05-04T20:00:00+00:00
[2025-05-04T23:00:33.621+0000] {processor.py:183} INFO - Processing /home/airflow/.local/lib/python3.8/site-packages/airflow/example_dags/example_latest_only_with_trigger.py took 0.034 seconds
[2025-05-04T23:01:04.266+0000] {processor.py:161} INFO - Started process (PID=397) to work on /home/airflow/.local/lib/python3.8/site-packages/airflow/example_dags/example_latest_only_with_trigger.py
[2025-05-04T23:01:04.266+0000] {processor.py:830} INFO - Processing file /home/airflow/.local/lib/python3.8/site-packages/airflow/example_dags/example_latest_only_with_trigger.py for tasks to queue
[2025-05-04T23:01:04.267+0000] {logging_mixin.py:188} INFO - [2025-05-04T23:01:04.267+0000] {dagbag.py:538} INFO - Filling up the DagBag from /home/airflow/.local/lib/python3.8/site-packages/airflow/example_dags/example_latest_only_with_trigger.py
[2025-05-04T23:01:04.270+0000] {processor.py:840} INFO - DAG(s) 'latest_only_with_trigger' retrieved from /home/airflow/.local/lib/python3.8/site-packages/airflow/example_dags/example_latest_only_with_trigger.py
[2025-05-04T23:01:04.280+0000] {logging_mixin.py:188} INFO - [2025-05-04T23:01:04.280+0000] {dag.py:3033} INFO - Sync 1 DAGs
[2025-05-04T23:01:04.291+0000] {logging_mixin.py:188} INFO - [2025-05-04T23:01:04.291+0000] {dag.py:3820} INFO - Setting next_dagrun for latest_only_with_trigger to 2025-05-04T16:00:00+00:00, run_after=2025-05-04T20:00:00+00:00
[2025-05-04T23:01:04.302+0000] {processor.py:183} INFO - Processing /home/airflow/.local/lib/python3.8/site-packages/airflow/example_dags/example_latest_only_with_trigger.py took 0.037 seconds
[2025-05-04T23:01:34.859+0000] {processor.py:161} INFO - Started process (PID=453) to work on /home/airflow/.local/lib/python3.8/site-packages/airflow/example_dags/example_latest_only_with_trigger.py
[2025-05-04T23:01:34.859+0000] {processor.py:830} INFO - Processing file /home/airflow/.local/lib/python3.8/site-packages/airflow/example_dags/example_latest_only_with_trigger.py for tasks to queue
[2025-05-04T23:01:34.860+0000] {logging_mixin.py:188} INFO - [2025-05-04T23:01:34.860+0000] {dagbag.py:538} INFO - Filling up the DagBag from /home/airflow/.local/lib/python3.8/site-packages/airflow/example_dags/example_latest_only_with_trigger.py
[2025-05-04T23:01:34.862+0000] {processor.py:840} INFO - DAG(s) 'latest_only_with_trigger' retrieved from /home/airflow/.local/lib/python3.8/site-packages/airflow/example_dags/example_latest_only_with_trigger.py
[2025-05-04T23:01:34.873+0000] {logging_mixin.py:188} INFO - [2025-05-04T23:01:34.873+0000] {dag.py:3033} INFO - Sync 1 DAGs
[2025-05-04T23:01:34.883+0000] {logging_mixin.py:188} INFO - [2025-05-04T23:01:34.883+0000] {dag.py:3820} INFO - Setting next_dagrun for latest_only_with_trigger to 2025-05-04T16:00:00+00:00, run_after=2025-05-04T20:00:00+00:00
[2025-05-04T23:01:34.892+0000] {processor.py:183} INFO - Processing /home/airflow/.local/lib/python3.8/site-packages/airflow/example_dags/example_latest_only_with_trigger.py took 0.035 seconds
[2025-05-04T23:02:05.402+0000] {processor.py:161} INFO - Started process (PID=509) to work on /home/airflow/.local/lib/python3.8/site-packages/airflow/example_dags/example_latest_only_with_trigger.py
[2025-05-04T23:02:05.403+0000] {processor.py:830} INFO - Processing file /home/airflow/.local/lib/python3.8/site-packages/airflow/example_dags/example_latest_only_with_trigger.py for tasks to queue
[2025-05-04T23:02:05.404+0000] {logging_mixin.py:188} INFO - [2025-05-04T23:02:05.403+0000] {dagbag.py:538} INFO - Filling up the DagBag from /home/airflow/.local/lib/python3.8/site-packages/airflow/example_dags/example_latest_only_with_trigger.py
[2025-05-04T23:02:05.406+0000] {processor.py:840} INFO - DAG(s) 'latest_only_with_trigger' retrieved from /home/airflow/.local/lib/python3.8/site-packages/airflow/example_dags/example_latest_only_with_trigger.py
[2025-05-04T23:02:05.416+0000] {logging_mixin.py:188} INFO - [2025-05-04T23:02:05.416+0000] {dag.py:3033} INFO - Sync 1 DAGs
[2025-05-04T23:02:05.426+0000] {logging_mixin.py:188} INFO - [2025-05-04T23:02:05.426+0000] {dag.py:3820} INFO - Setting next_dagrun for latest_only_with_trigger to 2025-05-04T16:00:00+00:00, run_after=2025-05-04T20:00:00+00:00
[2025-05-04T23:02:05.436+0000] {processor.py:183} INFO - Processing /home/airflow/.local/lib/python3.8/site-packages/airflow/example_dags/example_latest_only_with_trigger.py took 0.035 seconds
[2025-05-04T23:02:35.936+0000] {processor.py:161} INFO - Started process (PID=565) to work on /home/airflow/.local/lib/python3.8/site-packages/airflow/example_dags/example_latest_only_with_trigger.py
[2025-05-04T23:02:35.936+0000] {processor.py:830} INFO - Processing file /home/airflow/.local/lib/python3.8/site-packages/airflow/example_dags/example_latest_only_with_trigger.py for tasks to queue
[2025-05-04T23:02:35.937+0000] {logging_mixin.py:188} INFO - [2025-05-04T23:02:35.937+0000] {dagbag.py:538} INFO - Filling up the DagBag from /home/airflow/.local/lib/python3.8/site-packages/airflow/example_dags/example_latest_only_with_trigger.py
[2025-05-04T23:02:35.940+0000] {processor.py:840} INFO - DAG(s) 'latest_only_with_trigger' retrieved from /home/airflow/.local/lib/python3.8/site-packages/airflow/example_dags/example_latest_only_with_trigger.py
[2025-05-04T23:02:35.951+0000] {logging_mixin.py:188} INFO - [2025-05-04T23:02:35.951+0000] {dag.py:3033} INFO - Sync 1 DAGs
[2025-05-04T23:02:35.961+0000] {logging_mixin.py:188} INFO - [2025-05-04T23:02:35.961+0000] {dag.py:3820} INFO - Setting next_dagrun for latest_only_with_trigger to 2025-05-04T16:00:00+00:00, run_after=2025-05-04T20:00:00+00:00
[2025-05-04T23:02:35.971+0000] {processor.py:183} INFO - Processing /home/airflow/.local/lib/python3.8/site-packages/airflow/example_dags/example_latest_only_with_trigger.py took 0.037 seconds
[2025-05-04T23:03:06.763+0000] {processor.py:161} INFO - Started process (PID=621) to work on /home/airflow/.local/lib/python3.8/site-packages/airflow/example_dags/example_latest_only_with_trigger.py
[2025-05-04T23:03:06.764+0000] {processor.py:830} INFO - Processing file /home/airflow/.local/lib/python3.8/site-packages/airflow/example_dags/example_latest_only_with_trigger.py for tasks to queue
[2025-05-04T23:03:06.765+0000] {logging_mixin.py:188} INFO - [2025-05-04T23:03:06.765+0000] {dagbag.py:538} INFO - Filling up the DagBag from /home/airflow/.local/lib/python3.8/site-packages/airflow/example_dags/example_latest_only_with_trigger.py
[2025-05-04T23:03:06.768+0000] {processor.py:840} INFO - DAG(s) 'latest_only_with_trigger' retrieved from /home/airflow/.local/lib/python3.8/site-packages/airflow/example_dags/example_latest_only_with_trigger.py
[2025-05-04T23:03:06.777+0000] {logging_mixin.py:188} INFO - [2025-05-04T23:03:06.777+0000] {dag.py:3033} INFO - Sync 1 DAGs
[2025-05-04T23:03:06.785+0000] {logging_mixin.py:188} INFO - [2025-05-04T23:03:06.785+0000] {dag.py:3820} INFO - Setting next_dagrun for latest_only_with_trigger to 2025-05-04T16:00:00+00:00, run_after=2025-05-04T20:00:00+00:00
[2025-05-04T23:03:06.794+0000] {processor.py:183} INFO - Processing /home/airflow/.local/lib/python3.8/site-packages/airflow/example_dags/example_latest_only_with_trigger.py took 0.033 seconds
[2025-05-04T23:03:37.334+0000] {processor.py:161} INFO - Started process (PID=677) to work on /home/airflow/.local/lib/python3.8/site-packages/airflow/example_dags/example_latest_only_with_trigger.py
[2025-05-04T23:03:37.335+0000] {processor.py:830} INFO - Processing file /home/airflow/.local/lib/python3.8/site-packages/airflow/example_dags/example_latest_only_with_trigger.py for tasks to queue
[2025-05-04T23:03:37.336+0000] {logging_mixin.py:188} INFO - [2025-05-04T23:03:37.335+0000] {dagbag.py:538} INFO - Filling up the DagBag from /home/airflow/.local/lib/python3.8/site-packages/airflow/example_dags/example_latest_only_with_trigger.py
[2025-05-04T23:03:37.339+0000] {processor.py:840} INFO - DAG(s) 'latest_only_with_trigger' retrieved from /home/airflow/.local/lib/python3.8/site-packages/airflow/example_dags/example_latest_only_with_trigger.py
[2025-05-04T23:03:37.348+0000] {logging_mixin.py:188} INFO - [2025-05-04T23:03:37.348+0000] {dag.py:3033} INFO - Sync 1 DAGs
[2025-05-04T23:03:37.357+0000] {logging_mixin.py:188} INFO - [2025-05-04T23:03:37.357+0000] {dag.py:3820} INFO - Setting next_dagrun for latest_only_with_trigger to 2025-05-04T16:00:00+00:00, run_after=2025-05-04T20:00:00+00:00
[2025-05-04T23:03:37.367+0000] {processor.py:183} INFO - Processing /home/airflow/.local/lib/python3.8/site-packages/airflow/example_dags/example_latest_only_with_trigger.py took 0.036 seconds
[2025-05-04T23:04:28.383+0000] {processor.py:161} INFO - Started process (PID=60) to work on /home/airflow/.local/lib/python3.8/site-packages/airflow/example_dags/example_latest_only_with_trigger.py
[2025-05-04T23:04:28.384+0000] {processor.py:830} INFO - Processing file /home/airflow/.local/lib/python3.8/site-packages/airflow/example_dags/example_latest_only_with_trigger.py for tasks to queue
[2025-05-04T23:04:28.386+0000] {logging_mixin.py:188} INFO - [2025-05-04T23:04:28.386+0000] {dagbag.py:538} INFO - Filling up the DagBag from /home/airflow/.local/lib/python3.8/site-packages/airflow/example_dags/example_latest_only_with_trigger.py
[2025-05-04T23:04:28.391+0000] {processor.py:840} INFO - DAG(s) 'latest_only_with_trigger' retrieved from /home/airflow/.local/lib/python3.8/site-packages/airflow/example_dags/example_latest_only_with_trigger.py
[2025-05-04T23:04:28.398+0000] {logging_mixin.py:188} INFO - [2025-05-04T23:04:28.398+0000] {dag.py:3033} INFO - Sync 1 DAGs
[2025-05-04T23:04:28.414+0000] {logging_mixin.py:188} INFO - [2025-05-04T23:04:28.414+0000] {dag.py:3820} INFO - Setting next_dagrun for latest_only_with_trigger to 2025-05-04T16:00:00+00:00, run_after=2025-05-04T20:00:00+00:00
[2025-05-04T23:04:28.433+0000] {processor.py:183} INFO - Processing /home/airflow/.local/lib/python3.8/site-packages/airflow/example_dags/example_latest_only_with_trigger.py took 0.054 seconds
[2025-05-04T23:04:58.477+0000] {processor.py:161} INFO - Started process (PID=116) to work on /home/airflow/.local/lib/python3.8/site-packages/airflow/example_dags/example_latest_only_with_trigger.py
[2025-05-04T23:04:58.477+0000] {processor.py:830} INFO - Processing file /home/airflow/.local/lib/python3.8/site-packages/airflow/example_dags/example_latest_only_with_trigger.py for tasks to queue
[2025-05-04T23:04:58.478+0000] {logging_mixin.py:188} INFO - [2025-05-04T23:04:58.478+0000] {dagbag.py:538} INFO - Filling up the DagBag from /home/airflow/.local/lib/python3.8/site-packages/airflow/example_dags/example_latest_only_with_trigger.py
[2025-05-04T23:04:58.481+0000] {processor.py:840} INFO - DAG(s) 'latest_only_with_trigger' retrieved from /home/airflow/.local/lib/python3.8/site-packages/airflow/example_dags/example_latest_only_with_trigger.py
[2025-05-04T23:04:58.522+0000] {logging_mixin.py:188} INFO - [2025-05-04T23:04:58.522+0000] {dag.py:3033} INFO - Sync 1 DAGs
[2025-05-04T23:04:58.538+0000] {logging_mixin.py:188} INFO - [2025-05-04T23:04:58.538+0000] {dag.py:3820} INFO - Setting next_dagrun for latest_only_with_trigger to 2025-05-04T16:00:00+00:00, run_after=2025-05-04T20:00:00+00:00
[2025-05-04T23:04:58.580+0000] {processor.py:183} INFO - Processing /home/airflow/.local/lib/python3.8/site-packages/airflow/example_dags/example_latest_only_with_trigger.py took 0.105 seconds
[2025-05-04T23:05:28.661+0000] {processor.py:161} INFO - Started process (PID=172) to work on /home/airflow/.local/lib/python3.8/site-packages/airflow/example_dags/example_latest_only_with_trigger.py
[2025-05-04T23:05:28.662+0000] {processor.py:830} INFO - Processing file /home/airflow/.local/lib/python3.8/site-packages/airflow/example_dags/example_latest_only_with_trigger.py for tasks to queue
[2025-05-04T23:05:28.663+0000] {logging_mixin.py:188} INFO - [2025-05-04T23:05:28.663+0000] {dagbag.py:538} INFO - Filling up the DagBag from /home/airflow/.local/lib/python3.8/site-packages/airflow/example_dags/example_latest_only_with_trigger.py
[2025-05-04T23:05:28.666+0000] {processor.py:840} INFO - DAG(s) 'latest_only_with_trigger' retrieved from /home/airflow/.local/lib/python3.8/site-packages/airflow/example_dags/example_latest_only_with_trigger.py
[2025-05-04T23:05:28.681+0000] {logging_mixin.py:188} INFO - [2025-05-04T23:05:28.681+0000] {dag.py:3033} INFO - Sync 1 DAGs
[2025-05-04T23:05:28.690+0000] {logging_mixin.py:188} INFO - [2025-05-04T23:05:28.690+0000] {dag.py:3820} INFO - Setting next_dagrun for latest_only_with_trigger to 2025-05-04T16:00:00+00:00, run_after=2025-05-04T20:00:00+00:00
[2025-05-04T23:05:28.700+0000] {processor.py:183} INFO - Processing /home/airflow/.local/lib/python3.8/site-packages/airflow/example_dags/example_latest_only_with_trigger.py took 0.041 seconds
[2025-05-04T23:06:31.143+0000] {processor.py:161} INFO - Started process (PID=55) to work on /home/airflow/.local/lib/python3.8/site-packages/airflow/example_dags/example_latest_only_with_trigger.py
[2025-05-04T23:06:31.144+0000] {processor.py:830} INFO - Processing file /home/airflow/.local/lib/python3.8/site-packages/airflow/example_dags/example_latest_only_with_trigger.py for tasks to queue
[2025-05-04T23:06:31.145+0000] {logging_mixin.py:188} INFO - [2025-05-04T23:06:31.145+0000] {dagbag.py:538} INFO - Filling up the DagBag from /home/airflow/.local/lib/python3.8/site-packages/airflow/example_dags/example_latest_only_with_trigger.py
[2025-05-04T23:06:31.149+0000] {processor.py:840} INFO - DAG(s) 'latest_only_with_trigger' retrieved from /home/airflow/.local/lib/python3.8/site-packages/airflow/example_dags/example_latest_only_with_trigger.py
[2025-05-04T23:06:31.155+0000] {logging_mixin.py:188} INFO - [2025-05-04T23:06:31.155+0000] {dag.py:3033} INFO - Sync 1 DAGs
[2025-05-04T23:06:31.170+0000] {logging_mixin.py:188} INFO - [2025-05-04T23:06:31.170+0000] {dag.py:3820} INFO - Setting next_dagrun for latest_only_with_trigger to 2025-05-04T16:00:00+00:00, run_after=2025-05-04T20:00:00+00:00
[2025-05-04T23:06:31.178+0000] {processor.py:183} INFO - Processing /home/airflow/.local/lib/python3.8/site-packages/airflow/example_dags/example_latest_only_with_trigger.py took 0.038 seconds
[2025-05-04T23:07:01.417+0000] {processor.py:161} INFO - Started process (PID=111) to work on /home/airflow/.local/lib/python3.8/site-packages/airflow/example_dags/example_latest_only_with_trigger.py
[2025-05-04T23:07:01.418+0000] {processor.py:830} INFO - Processing file /home/airflow/.local/lib/python3.8/site-packages/airflow/example_dags/example_latest_only_with_trigger.py for tasks to queue
[2025-05-04T23:07:01.418+0000] {logging_mixin.py:188} INFO - [2025-05-04T23:07:01.418+0000] {dagbag.py:538} INFO - Filling up the DagBag from /home/airflow/.local/lib/python3.8/site-packages/airflow/example_dags/example_latest_only_with_trigger.py
[2025-05-04T23:07:01.421+0000] {processor.py:840} INFO - DAG(s) 'latest_only_with_trigger' retrieved from /home/airflow/.local/lib/python3.8/site-packages/airflow/example_dags/example_latest_only_with_trigger.py
[2025-05-04T23:07:01.460+0000] {logging_mixin.py:188} INFO - [2025-05-04T23:07:01.460+0000] {dag.py:3033} INFO - Sync 1 DAGs
[2025-05-04T23:07:01.469+0000] {logging_mixin.py:188} INFO - [2025-05-04T23:07:01.469+0000] {dag.py:3820} INFO - Setting next_dagrun for latest_only_with_trigger to 2025-05-04T16:00:00+00:00, run_after=2025-05-04T20:00:00+00:00
[2025-05-04T23:07:01.481+0000] {processor.py:183} INFO - Processing /home/airflow/.local/lib/python3.8/site-packages/airflow/example_dags/example_latest_only_with_trigger.py took 0.066 seconds
[2025-05-04T23:07:31.493+0000] {processor.py:161} INFO - Started process (PID=167) to work on /home/airflow/.local/lib/python3.8/site-packages/airflow/example_dags/example_latest_only_with_trigger.py
[2025-05-04T23:07:31.493+0000] {processor.py:830} INFO - Processing file /home/airflow/.local/lib/python3.8/site-packages/airflow/example_dags/example_latest_only_with_trigger.py for tasks to queue
[2025-05-04T23:07:31.494+0000] {logging_mixin.py:188} INFO - [2025-05-04T23:07:31.494+0000] {dagbag.py:538} INFO - Filling up the DagBag from /home/airflow/.local/lib/python3.8/site-packages/airflow/example_dags/example_latest_only_with_trigger.py
[2025-05-04T23:07:31.497+0000] {processor.py:840} INFO - DAG(s) 'latest_only_with_trigger' retrieved from /home/airflow/.local/lib/python3.8/site-packages/airflow/example_dags/example_latest_only_with_trigger.py
[2025-05-04T23:07:31.507+0000] {logging_mixin.py:188} INFO - [2025-05-04T23:07:31.507+0000] {dag.py:3033} INFO - Sync 1 DAGs
[2025-05-04T23:07:31.517+0000] {logging_mixin.py:188} INFO - [2025-05-04T23:07:31.517+0000] {dag.py:3820} INFO - Setting next_dagrun for latest_only_with_trigger to 2025-05-04T16:00:00+00:00, run_after=2025-05-04T20:00:00+00:00
[2025-05-04T23:07:31.526+0000] {processor.py:183} INFO - Processing /home/airflow/.local/lib/python3.8/site-packages/airflow/example_dags/example_latest_only_with_trigger.py took 0.035 seconds
[2025-05-04T23:08:02.040+0000] {processor.py:161} INFO - Started process (PID=223) to work on /home/airflow/.local/lib/python3.8/site-packages/airflow/example_dags/example_latest_only_with_trigger.py
[2025-05-04T23:08:02.040+0000] {processor.py:830} INFO - Processing file /home/airflow/.local/lib/python3.8/site-packages/airflow/example_dags/example_latest_only_with_trigger.py for tasks to queue
[2025-05-04T23:08:02.041+0000] {logging_mixin.py:188} INFO - [2025-05-04T23:08:02.041+0000] {dagbag.py:538} INFO - Filling up the DagBag from /home/airflow/.local/lib/python3.8/site-packages/airflow/example_dags/example_latest_only_with_trigger.py
[2025-05-04T23:08:02.044+0000] {processor.py:840} INFO - DAG(s) 'latest_only_with_trigger' retrieved from /home/airflow/.local/lib/python3.8/site-packages/airflow/example_dags/example_latest_only_with_trigger.py
[2025-05-04T23:08:02.053+0000] {logging_mixin.py:188} INFO - [2025-05-04T23:08:02.053+0000] {dag.py:3033} INFO - Sync 1 DAGs
[2025-05-04T23:08:02.061+0000] {logging_mixin.py:188} INFO - [2025-05-04T23:08:02.061+0000] {dag.py:3820} INFO - Setting next_dagrun for latest_only_with_trigger to 2025-05-04T16:00:00+00:00, run_after=2025-05-04T20:00:00+00:00
[2025-05-04T23:08:02.072+0000] {processor.py:183} INFO - Processing /home/airflow/.local/lib/python3.8/site-packages/airflow/example_dags/example_latest_only_with_trigger.py took 0.033 seconds
[2025-05-04T23:08:32.660+0000] {processor.py:161} INFO - Started process (PID=285) to work on /home/airflow/.local/lib/python3.8/site-packages/airflow/example_dags/example_latest_only_with_trigger.py
[2025-05-04T23:08:32.660+0000] {processor.py:830} INFO - Processing file /home/airflow/.local/lib/python3.8/site-packages/airflow/example_dags/example_latest_only_with_trigger.py for tasks to queue
[2025-05-04T23:08:32.661+0000] {logging_mixin.py:188} INFO - [2025-05-04T23:08:32.661+0000] {dagbag.py:538} INFO - Filling up the DagBag from /home/airflow/.local/lib/python3.8/site-packages/airflow/example_dags/example_latest_only_with_trigger.py
[2025-05-04T23:08:32.665+0000] {processor.py:840} INFO - DAG(s) 'latest_only_with_trigger' retrieved from /home/airflow/.local/lib/python3.8/site-packages/airflow/example_dags/example_latest_only_with_trigger.py
[2025-05-04T23:08:32.677+0000] {logging_mixin.py:188} INFO - [2025-05-04T23:08:32.677+0000] {dag.py:3033} INFO - Sync 1 DAGs
[2025-05-04T23:08:32.688+0000] {logging_mixin.py:188} INFO - [2025-05-04T23:08:32.688+0000] {dag.py:3820} INFO - Setting next_dagrun for latest_only_with_trigger to 2025-05-04T16:00:00+00:00, run_after=2025-05-04T20:00:00+00:00
[2025-05-04T23:08:32.698+0000] {processor.py:183} INFO - Processing /home/airflow/.local/lib/python3.8/site-packages/airflow/example_dags/example_latest_only_with_trigger.py took 0.040 seconds
[2025-05-04T23:09:03.390+0000] {processor.py:161} INFO - Started process (PID=340) to work on /home/airflow/.local/lib/python3.8/site-packages/airflow/example_dags/example_latest_only_with_trigger.py
[2025-05-04T23:09:03.391+0000] {processor.py:830} INFO - Processing file /home/airflow/.local/lib/python3.8/site-packages/airflow/example_dags/example_latest_only_with_trigger.py for tasks to queue
[2025-05-04T23:09:03.393+0000] {logging_mixin.py:188} INFO - [2025-05-04T23:09:03.393+0000] {dagbag.py:538} INFO - Filling up the DagBag from /home/airflow/.local/lib/python3.8/site-packages/airflow/example_dags/example_latest_only_with_trigger.py
[2025-05-04T23:09:03.396+0000] {processor.py:840} INFO - DAG(s) 'latest_only_with_trigger' retrieved from /home/airflow/.local/lib/python3.8/site-packages/airflow/example_dags/example_latest_only_with_trigger.py
[2025-05-04T23:09:03.407+0000] {logging_mixin.py:188} INFO - [2025-05-04T23:09:03.406+0000] {dag.py:3033} INFO - Sync 1 DAGs
[2025-05-04T23:09:03.417+0000] {logging_mixin.py:188} INFO - [2025-05-04T23:09:03.416+0000] {dag.py:3820} INFO - Setting next_dagrun for latest_only_with_trigger to 2025-05-04T16:00:00+00:00, run_after=2025-05-04T20:00:00+00:00
[2025-05-04T23:09:03.425+0000] {processor.py:183} INFO - Processing /home/airflow/.local/lib/python3.8/site-packages/airflow/example_dags/example_latest_only_with_trigger.py took 0.037 seconds
[2025-05-04T23:09:33.495+0000] {processor.py:161} INFO - Started process (PID=396) to work on /home/airflow/.local/lib/python3.8/site-packages/airflow/example_dags/example_latest_only_with_trigger.py
[2025-05-04T23:09:33.497+0000] {processor.py:830} INFO - Processing file /home/airflow/.local/lib/python3.8/site-packages/airflow/example_dags/example_latest_only_with_trigger.py for tasks to queue
[2025-05-04T23:09:33.498+0000] {logging_mixin.py:188} INFO - [2025-05-04T23:09:33.498+0000] {dagbag.py:538} INFO - Filling up the DagBag from /home/airflow/.local/lib/python3.8/site-packages/airflow/example_dags/example_latest_only_with_trigger.py
[2025-05-04T23:09:33.501+0000] {processor.py:840} INFO - DAG(s) 'latest_only_with_trigger' retrieved from /home/airflow/.local/lib/python3.8/site-packages/airflow/example_dags/example_latest_only_with_trigger.py
[2025-05-04T23:09:33.511+0000] {logging_mixin.py:188} INFO - [2025-05-04T23:09:33.511+0000] {dag.py:3033} INFO - Sync 1 DAGs
[2025-05-04T23:09:33.520+0000] {logging_mixin.py:188} INFO - [2025-05-04T23:09:33.520+0000] {dag.py:3820} INFO - Setting next_dagrun for latest_only_with_trigger to 2025-05-04T16:00:00+00:00, run_after=2025-05-04T20:00:00+00:00
[2025-05-04T23:09:33.527+0000] {processor.py:183} INFO - Processing /home/airflow/.local/lib/python3.8/site-packages/airflow/example_dags/example_latest_only_with_trigger.py took 0.033 seconds
[2025-05-04T23:10:04.267+0000] {processor.py:161} INFO - Started process (PID=452) to work on /home/airflow/.local/lib/python3.8/site-packages/airflow/example_dags/example_latest_only_with_trigger.py
[2025-05-04T23:10:04.267+0000] {processor.py:830} INFO - Processing file /home/airflow/.local/lib/python3.8/site-packages/airflow/example_dags/example_latest_only_with_trigger.py for tasks to queue
[2025-05-04T23:10:04.268+0000] {logging_mixin.py:188} INFO - [2025-05-04T23:10:04.268+0000] {dagbag.py:538} INFO - Filling up the DagBag from /home/airflow/.local/lib/python3.8/site-packages/airflow/example_dags/example_latest_only_with_trigger.py
[2025-05-04T23:10:04.271+0000] {processor.py:840} INFO - DAG(s) 'latest_only_with_trigger' retrieved from /home/airflow/.local/lib/python3.8/site-packages/airflow/example_dags/example_latest_only_with_trigger.py
[2025-05-04T23:10:04.282+0000] {logging_mixin.py:188} INFO - [2025-05-04T23:10:04.282+0000] {dag.py:3033} INFO - Sync 1 DAGs
[2025-05-04T23:10:04.294+0000] {logging_mixin.py:188} INFO - [2025-05-04T23:10:04.294+0000] {dag.py:3820} INFO - Setting next_dagrun for latest_only_with_trigger to 2025-05-04T16:00:00+00:00, run_after=2025-05-04T20:00:00+00:00
[2025-05-04T23:10:04.304+0000] {processor.py:183} INFO - Processing /home/airflow/.local/lib/python3.8/site-packages/airflow/example_dags/example_latest_only_with_trigger.py took 0.039 seconds
[2025-05-04T23:10:34.949+0000] {processor.py:161} INFO - Started process (PID=508) to work on /home/airflow/.local/lib/python3.8/site-packages/airflow/example_dags/example_latest_only_with_trigger.py
[2025-05-04T23:10:34.949+0000] {processor.py:830} INFO - Processing file /home/airflow/.local/lib/python3.8/site-packages/airflow/example_dags/example_latest_only_with_trigger.py for tasks to queue
[2025-05-04T23:10:34.950+0000] {logging_mixin.py:188} INFO - [2025-05-04T23:10:34.950+0000] {dagbag.py:538} INFO - Filling up the DagBag from /home/airflow/.local/lib/python3.8/site-packages/airflow/example_dags/example_latest_only_with_trigger.py
[2025-05-04T23:10:34.953+0000] {processor.py:840} INFO - DAG(s) 'latest_only_with_trigger' retrieved from /home/airflow/.local/lib/python3.8/site-packages/airflow/example_dags/example_latest_only_with_trigger.py
[2025-05-04T23:10:34.964+0000] {logging_mixin.py:188} INFO - [2025-05-04T23:10:34.963+0000] {dag.py:3033} INFO - Sync 1 DAGs
[2025-05-04T23:10:34.974+0000] {logging_mixin.py:188} INFO - [2025-05-04T23:10:34.974+0000] {dag.py:3820} INFO - Setting next_dagrun for latest_only_with_trigger to 2025-05-04T16:00:00+00:00, run_after=2025-05-04T20:00:00+00:00
[2025-05-04T23:10:34.986+0000] {processor.py:183} INFO - Processing /home/airflow/.local/lib/python3.8/site-packages/airflow/example_dags/example_latest_only_with_trigger.py took 0.039 seconds
[2025-05-04T23:11:05.650+0000] {processor.py:161} INFO - Started process (PID=564) to work on /home/airflow/.local/lib/python3.8/site-packages/airflow/example_dags/example_latest_only_with_trigger.py
[2025-05-04T23:11:05.650+0000] {processor.py:830} INFO - Processing file /home/airflow/.local/lib/python3.8/site-packages/airflow/example_dags/example_latest_only_with_trigger.py for tasks to queue
[2025-05-04T23:11:05.651+0000] {logging_mixin.py:188} INFO - [2025-05-04T23:11:05.651+0000] {dagbag.py:538} INFO - Filling up the DagBag from /home/airflow/.local/lib/python3.8/site-packages/airflow/example_dags/example_latest_only_with_trigger.py
[2025-05-04T23:11:05.653+0000] {processor.py:840} INFO - DAG(s) 'latest_only_with_trigger' retrieved from /home/airflow/.local/lib/python3.8/site-packages/airflow/example_dags/example_latest_only_with_trigger.py
[2025-05-04T23:11:05.664+0000] {logging_mixin.py:188} INFO - [2025-05-04T23:11:05.664+0000] {dag.py:3033} INFO - Sync 1 DAGs
[2025-05-04T23:11:05.673+0000] {logging_mixin.py:188} INFO - [2025-05-04T23:11:05.673+0000] {dag.py:3820} INFO - Setting next_dagrun for latest_only_with_trigger to 2025-05-04T16:00:00+00:00, run_after=2025-05-04T20:00:00+00:00
[2025-05-04T23:11:05.682+0000] {processor.py:183} INFO - Processing /home/airflow/.local/lib/python3.8/site-packages/airflow/example_dags/example_latest_only_with_trigger.py took 0.034 seconds
[2025-05-04T23:11:36.301+0000] {processor.py:161} INFO - Started process (PID=620) to work on /home/airflow/.local/lib/python3.8/site-packages/airflow/example_dags/example_latest_only_with_trigger.py
[2025-05-04T23:11:36.302+0000] {processor.py:830} INFO - Processing file /home/airflow/.local/lib/python3.8/site-packages/airflow/example_dags/example_latest_only_with_trigger.py for tasks to queue
[2025-05-04T23:11:36.303+0000] {logging_mixin.py:188} INFO - [2025-05-04T23:11:36.303+0000] {dagbag.py:538} INFO - Filling up the DagBag from /home/airflow/.local/lib/python3.8/site-packages/airflow/example_dags/example_latest_only_with_trigger.py
[2025-05-04T23:11:36.305+0000] {processor.py:840} INFO - DAG(s) 'latest_only_with_trigger' retrieved from /home/airflow/.local/lib/python3.8/site-packages/airflow/example_dags/example_latest_only_with_trigger.py
[2025-05-04T23:11:36.313+0000] {logging_mixin.py:188} INFO - [2025-05-04T23:11:36.313+0000] {dag.py:3033} INFO - Sync 1 DAGs
[2025-05-04T23:11:36.321+0000] {logging_mixin.py:188} INFO - [2025-05-04T23:11:36.321+0000] {dag.py:3820} INFO - Setting next_dagrun for latest_only_with_trigger to 2025-05-04T16:00:00+00:00, run_after=2025-05-04T20:00:00+00:00
[2025-05-04T23:11:36.327+0000] {processor.py:183} INFO - Processing /home/airflow/.local/lib/python3.8/site-packages/airflow/example_dags/example_latest_only_with_trigger.py took 0.027 seconds
[2025-05-04T23:12:06.883+0000] {processor.py:161} INFO - Started process (PID=676) to work on /home/airflow/.local/lib/python3.8/site-packages/airflow/example_dags/example_latest_only_with_trigger.py
[2025-05-04T23:12:06.883+0000] {processor.py:830} INFO - Processing file /home/airflow/.local/lib/python3.8/site-packages/airflow/example_dags/example_latest_only_with_trigger.py for tasks to queue
[2025-05-04T23:12:06.884+0000] {logging_mixin.py:188} INFO - [2025-05-04T23:12:06.884+0000] {dagbag.py:538} INFO - Filling up the DagBag from /home/airflow/.local/lib/python3.8/site-packages/airflow/example_dags/example_latest_only_with_trigger.py
[2025-05-04T23:12:06.886+0000] {processor.py:840} INFO - DAG(s) 'latest_only_with_trigger' retrieved from /home/airflow/.local/lib/python3.8/site-packages/airflow/example_dags/example_latest_only_with_trigger.py
[2025-05-04T23:12:06.896+0000] {logging_mixin.py:188} INFO - [2025-05-04T23:12:06.896+0000] {dag.py:3033} INFO - Sync 1 DAGs
[2025-05-04T23:12:06.906+0000] {logging_mixin.py:188} INFO - [2025-05-04T23:12:06.905+0000] {dag.py:3820} INFO - Setting next_dagrun for latest_only_with_trigger to 2025-05-04T16:00:00+00:00, run_after=2025-05-04T20:00:00+00:00
[2025-05-04T23:12:06.916+0000] {processor.py:183} INFO - Processing /home/airflow/.local/lib/python3.8/site-packages/airflow/example_dags/example_latest_only_with_trigger.py took 0.035 seconds
[2025-05-04T23:12:37.577+0000] {processor.py:161} INFO - Started process (PID=732) to work on /home/airflow/.local/lib/python3.8/site-packages/airflow/example_dags/example_latest_only_with_trigger.py
[2025-05-04T23:12:37.578+0000] {processor.py:830} INFO - Processing file /home/airflow/.local/lib/python3.8/site-packages/airflow/example_dags/example_latest_only_with_trigger.py for tasks to queue
[2025-05-04T23:12:37.580+0000] {logging_mixin.py:188} INFO - [2025-05-04T23:12:37.580+0000] {dagbag.py:538} INFO - Filling up the DagBag from /home/airflow/.local/lib/python3.8/site-packages/airflow/example_dags/example_latest_only_with_trigger.py
[2025-05-04T23:12:37.582+0000] {processor.py:840} INFO - DAG(s) 'latest_only_with_trigger' retrieved from /home/airflow/.local/lib/python3.8/site-packages/airflow/example_dags/example_latest_only_with_trigger.py
[2025-05-04T23:12:37.592+0000] {logging_mixin.py:188} INFO - [2025-05-04T23:12:37.591+0000] {dag.py:3033} INFO - Sync 1 DAGs
[2025-05-04T23:12:37.601+0000] {logging_mixin.py:188} INFO - [2025-05-04T23:12:37.601+0000] {dag.py:3820} INFO - Setting next_dagrun for latest_only_with_trigger to 2025-05-04T16:00:00+00:00, run_after=2025-05-04T20:00:00+00:00
[2025-05-04T23:12:37.612+0000] {processor.py:183} INFO - Processing /home/airflow/.local/lib/python3.8/site-packages/airflow/example_dags/example_latest_only_with_trigger.py took 0.036 seconds
[2025-05-04T23:13:08.215+0000] {processor.py:161} INFO - Started process (PID=788) to work on /home/airflow/.local/lib/python3.8/site-packages/airflow/example_dags/example_latest_only_with_trigger.py
[2025-05-04T23:13:08.216+0000] {processor.py:830} INFO - Processing file /home/airflow/.local/lib/python3.8/site-packages/airflow/example_dags/example_latest_only_with_trigger.py for tasks to queue
[2025-05-04T23:13:08.216+0000] {logging_mixin.py:188} INFO - [2025-05-04T23:13:08.216+0000] {dagbag.py:538} INFO - Filling up the DagBag from /home/airflow/.local/lib/python3.8/site-packages/airflow/example_dags/example_latest_only_with_trigger.py
[2025-05-04T23:13:08.219+0000] {processor.py:840} INFO - DAG(s) 'latest_only_with_trigger' retrieved from /home/airflow/.local/lib/python3.8/site-packages/airflow/example_dags/example_latest_only_with_trigger.py
[2025-05-04T23:13:08.227+0000] {logging_mixin.py:188} INFO - [2025-05-04T23:13:08.227+0000] {dag.py:3033} INFO - Sync 1 DAGs
[2025-05-04T23:13:08.235+0000] {logging_mixin.py:188} INFO - [2025-05-04T23:13:08.235+0000] {dag.py:3820} INFO - Setting next_dagrun for latest_only_with_trigger to 2025-05-04T16:00:00+00:00, run_after=2025-05-04T20:00:00+00:00
[2025-05-04T23:13:08.241+0000] {processor.py:183} INFO - Processing /home/airflow/.local/lib/python3.8/site-packages/airflow/example_dags/example_latest_only_with_trigger.py took 0.028 seconds
[2025-05-04T23:13:38.842+0000] {processor.py:161} INFO - Started process (PID=844) to work on /home/airflow/.local/lib/python3.8/site-packages/airflow/example_dags/example_latest_only_with_trigger.py
[2025-05-04T23:13:38.843+0000] {processor.py:830} INFO - Processing file /home/airflow/.local/lib/python3.8/site-packages/airflow/example_dags/example_latest_only_with_trigger.py for tasks to queue
[2025-05-04T23:13:38.844+0000] {logging_mixin.py:188} INFO - [2025-05-04T23:13:38.844+0000] {dagbag.py:538} INFO - Filling up the DagBag from /home/airflow/.local/lib/python3.8/site-packages/airflow/example_dags/example_latest_only_with_trigger.py
[2025-05-04T23:13:38.846+0000] {processor.py:840} INFO - DAG(s) 'latest_only_with_trigger' retrieved from /home/airflow/.local/lib/python3.8/site-packages/airflow/example_dags/example_latest_only_with_trigger.py
[2025-05-04T23:13:38.856+0000] {logging_mixin.py:188} INFO - [2025-05-04T23:13:38.856+0000] {dag.py:3033} INFO - Sync 1 DAGs
[2025-05-04T23:13:38.865+0000] {logging_mixin.py:188} INFO - [2025-05-04T23:13:38.865+0000] {dag.py:3820} INFO - Setting next_dagrun for latest_only_with_trigger to 2025-05-04T16:00:00+00:00, run_after=2025-05-04T20:00:00+00:00
[2025-05-04T23:13:38.878+0000] {processor.py:183} INFO - Processing /home/airflow/.local/lib/python3.8/site-packages/airflow/example_dags/example_latest_only_with_trigger.py took 0.038 seconds
[2025-05-04T23:14:09.590+0000] {processor.py:161} INFO - Started process (PID=900) to work on /home/airflow/.local/lib/python3.8/site-packages/airflow/example_dags/example_latest_only_with_trigger.py
[2025-05-04T23:14:09.591+0000] {processor.py:830} INFO - Processing file /home/airflow/.local/lib/python3.8/site-packages/airflow/example_dags/example_latest_only_with_trigger.py for tasks to queue
[2025-05-04T23:14:09.591+0000] {logging_mixin.py:188} INFO - [2025-05-04T23:14:09.591+0000] {dagbag.py:538} INFO - Filling up the DagBag from /home/airflow/.local/lib/python3.8/site-packages/airflow/example_dags/example_latest_only_with_trigger.py
[2025-05-04T23:14:09.594+0000] {processor.py:840} INFO - DAG(s) 'latest_only_with_trigger' retrieved from /home/airflow/.local/lib/python3.8/site-packages/airflow/example_dags/example_latest_only_with_trigger.py
[2025-05-04T23:14:09.602+0000] {logging_mixin.py:188} INFO - [2025-05-04T23:14:09.602+0000] {dag.py:3033} INFO - Sync 1 DAGs
[2025-05-04T23:14:09.611+0000] {logging_mixin.py:188} INFO - [2025-05-04T23:14:09.611+0000] {dag.py:3820} INFO - Setting next_dagrun for latest_only_with_trigger to 2025-05-04T16:00:00+00:00, run_after=2025-05-04T20:00:00+00:00
[2025-05-04T23:14:09.622+0000] {processor.py:183} INFO - Processing /home/airflow/.local/lib/python3.8/site-packages/airflow/example_dags/example_latest_only_with_trigger.py took 0.034 seconds
[2025-05-04T23:14:40.514+0000] {processor.py:161} INFO - Started process (PID=956) to work on /home/airflow/.local/lib/python3.8/site-packages/airflow/example_dags/example_latest_only_with_trigger.py
[2025-05-04T23:14:40.516+0000] {processor.py:830} INFO - Processing file /home/airflow/.local/lib/python3.8/site-packages/airflow/example_dags/example_latest_only_with_trigger.py for tasks to queue
[2025-05-04T23:14:40.517+0000] {logging_mixin.py:188} INFO - [2025-05-04T23:14:40.517+0000] {dagbag.py:538} INFO - Filling up the DagBag from /home/airflow/.local/lib/python3.8/site-packages/airflow/example_dags/example_latest_only_with_trigger.py
[2025-05-04T23:14:40.520+0000] {processor.py:840} INFO - DAG(s) 'latest_only_with_trigger' retrieved from /home/airflow/.local/lib/python3.8/site-packages/airflow/example_dags/example_latest_only_with_trigger.py
[2025-05-04T23:14:40.531+0000] {logging_mixin.py:188} INFO - [2025-05-04T23:14:40.531+0000] {dag.py:3033} INFO - Sync 1 DAGs
[2025-05-04T23:14:40.542+0000] {logging_mixin.py:188} INFO - [2025-05-04T23:14:40.542+0000] {dag.py:3820} INFO - Setting next_dagrun for latest_only_with_trigger to 2025-05-04T16:00:00+00:00, run_after=2025-05-04T20:00:00+00:00
[2025-05-04T23:14:40.551+0000] {processor.py:183} INFO - Processing /home/airflow/.local/lib/python3.8/site-packages/airflow/example_dags/example_latest_only_with_trigger.py took 0.039 seconds
[2025-05-04T23:15:10.651+0000] {processor.py:161} INFO - Started process (PID=1012) to work on /home/airflow/.local/lib/python3.8/site-packages/airflow/example_dags/example_latest_only_with_trigger.py
[2025-05-04T23:15:10.652+0000] {processor.py:830} INFO - Processing file /home/airflow/.local/lib/python3.8/site-packages/airflow/example_dags/example_latest_only_with_trigger.py for tasks to queue
[2025-05-04T23:15:10.652+0000] {logging_mixin.py:188} INFO - [2025-05-04T23:15:10.652+0000] {dagbag.py:538} INFO - Filling up the DagBag from /home/airflow/.local/lib/python3.8/site-packages/airflow/example_dags/example_latest_only_with_trigger.py
[2025-05-04T23:15:10.655+0000] {processor.py:840} INFO - DAG(s) 'latest_only_with_trigger' retrieved from /home/airflow/.local/lib/python3.8/site-packages/airflow/example_dags/example_latest_only_with_trigger.py
[2025-05-04T23:15:10.664+0000] {logging_mixin.py:188} INFO - [2025-05-04T23:15:10.664+0000] {dag.py:3033} INFO - Sync 1 DAGs
[2025-05-04T23:15:10.676+0000] {logging_mixin.py:188} INFO - [2025-05-04T23:15:10.676+0000] {dag.py:3820} INFO - Setting next_dagrun for latest_only_with_trigger to 2025-05-04T16:00:00+00:00, run_after=2025-05-04T20:00:00+00:00
[2025-05-04T23:15:10.687+0000] {processor.py:183} INFO - Processing /home/airflow/.local/lib/python3.8/site-packages/airflow/example_dags/example_latest_only_with_trigger.py took 0.038 seconds
[2025-05-04T23:15:41.291+0000] {processor.py:161} INFO - Started process (PID=1068) to work on /home/airflow/.local/lib/python3.8/site-packages/airflow/example_dags/example_latest_only_with_trigger.py
[2025-05-04T23:15:41.291+0000] {processor.py:830} INFO - Processing file /home/airflow/.local/lib/python3.8/site-packages/airflow/example_dags/example_latest_only_with_trigger.py for tasks to queue
[2025-05-04T23:15:41.293+0000] {logging_mixin.py:188} INFO - [2025-05-04T23:15:41.293+0000] {dagbag.py:538} INFO - Filling up the DagBag from /home/airflow/.local/lib/python3.8/site-packages/airflow/example_dags/example_latest_only_with_trigger.py
[2025-05-04T23:15:41.295+0000] {processor.py:840} INFO - DAG(s) 'latest_only_with_trigger' retrieved from /home/airflow/.local/lib/python3.8/site-packages/airflow/example_dags/example_latest_only_with_trigger.py
[2025-05-04T23:15:41.305+0000] {logging_mixin.py:188} INFO - [2025-05-04T23:15:41.305+0000] {dag.py:3033} INFO - Sync 1 DAGs
[2025-05-04T23:15:41.314+0000] {logging_mixin.py:188} INFO - [2025-05-04T23:15:41.314+0000] {dag.py:3820} INFO - Setting next_dagrun for latest_only_with_trigger to 2025-05-04T16:00:00+00:00, run_after=2025-05-04T20:00:00+00:00
[2025-05-04T23:15:41.329+0000] {processor.py:183} INFO - Processing /home/airflow/.local/lib/python3.8/site-packages/airflow/example_dags/example_latest_only_with_trigger.py took 0.040 seconds
[2025-05-04T23:18:31.315+0000] {processor.py:161} INFO - Started process (PID=55) to work on /home/airflow/.local/lib/python3.8/site-packages/airflow/example_dags/example_latest_only_with_trigger.py
[2025-05-04T23:18:31.317+0000] {processor.py:830} INFO - Processing file /home/airflow/.local/lib/python3.8/site-packages/airflow/example_dags/example_latest_only_with_trigger.py for tasks to queue
[2025-05-04T23:18:31.321+0000] {logging_mixin.py:188} INFO - [2025-05-04T23:18:31.321+0000] {dagbag.py:538} INFO - Filling up the DagBag from /home/airflow/.local/lib/python3.8/site-packages/airflow/example_dags/example_latest_only_with_trigger.py
[2025-05-04T23:18:31.325+0000] {processor.py:840} INFO - DAG(s) 'latest_only_with_trigger' retrieved from /home/airflow/.local/lib/python3.8/site-packages/airflow/example_dags/example_latest_only_with_trigger.py
[2025-05-04T23:18:31.338+0000] {logging_mixin.py:188} INFO - [2025-05-04T23:18:31.337+0000] {dag.py:3033} INFO - Sync 1 DAGs
[2025-05-04T23:18:31.366+0000] {logging_mixin.py:188} INFO - [2025-05-04T23:18:31.365+0000] {dag.py:3820} INFO - Setting next_dagrun for latest_only_with_trigger to 2025-05-04T16:00:00+00:00, run_after=2025-05-04T20:00:00+00:00
[2025-05-04T23:18:31.404+0000] {processor.py:183} INFO - Processing /home/airflow/.local/lib/python3.8/site-packages/airflow/example_dags/example_latest_only_with_trigger.py took 0.091 seconds
[2025-05-04T23:19:01.569+0000] {processor.py:161} INFO - Started process (PID=111) to work on /home/airflow/.local/lib/python3.8/site-packages/airflow/example_dags/example_latest_only_with_trigger.py
[2025-05-04T23:19:01.570+0000] {processor.py:830} INFO - Processing file /home/airflow/.local/lib/python3.8/site-packages/airflow/example_dags/example_latest_only_with_trigger.py for tasks to queue
[2025-05-04T23:19:01.573+0000] {logging_mixin.py:188} INFO - [2025-05-04T23:19:01.573+0000] {dagbag.py:538} INFO - Filling up the DagBag from /home/airflow/.local/lib/python3.8/site-packages/airflow/example_dags/example_latest_only_with_trigger.py
[2025-05-04T23:19:01.575+0000] {processor.py:840} INFO - DAG(s) 'latest_only_with_trigger' retrieved from /home/airflow/.local/lib/python3.8/site-packages/airflow/example_dags/example_latest_only_with_trigger.py
[2025-05-04T23:19:01.626+0000] {logging_mixin.py:188} INFO - [2025-05-04T23:19:01.626+0000] {dag.py:3033} INFO - Sync 1 DAGs
[2025-05-04T23:19:01.636+0000] {logging_mixin.py:188} INFO - [2025-05-04T23:19:01.636+0000] {dag.py:3820} INFO - Setting next_dagrun for latest_only_with_trigger to 2025-05-04T16:00:00+00:00, run_after=2025-05-04T20:00:00+00:00
[2025-05-04T23:19:01.648+0000] {processor.py:183} INFO - Processing /home/airflow/.local/lib/python3.8/site-packages/airflow/example_dags/example_latest_only_with_trigger.py took 0.081 seconds
[2025-05-04T23:19:32.014+0000] {processor.py:161} INFO - Started process (PID=167) to work on /home/airflow/.local/lib/python3.8/site-packages/airflow/example_dags/example_latest_only_with_trigger.py
[2025-05-04T23:19:32.015+0000] {processor.py:830} INFO - Processing file /home/airflow/.local/lib/python3.8/site-packages/airflow/example_dags/example_latest_only_with_trigger.py for tasks to queue
[2025-05-04T23:19:32.017+0000] {logging_mixin.py:188} INFO - [2025-05-04T23:19:32.016+0000] {dagbag.py:538} INFO - Filling up the DagBag from /home/airflow/.local/lib/python3.8/site-packages/airflow/example_dags/example_latest_only_with_trigger.py
[2025-05-04T23:19:32.021+0000] {processor.py:840} INFO - DAG(s) 'latest_only_with_trigger' retrieved from /home/airflow/.local/lib/python3.8/site-packages/airflow/example_dags/example_latest_only_with_trigger.py
[2025-05-04T23:19:32.039+0000] {logging_mixin.py:188} INFO - [2025-05-04T23:19:32.039+0000] {dag.py:3033} INFO - Sync 1 DAGs
[2025-05-04T23:19:32.054+0000] {logging_mixin.py:188} INFO - [2025-05-04T23:19:32.054+0000] {dag.py:3820} INFO - Setting next_dagrun for latest_only_with_trigger to 2025-05-04T16:00:00+00:00, run_after=2025-05-04T20:00:00+00:00
[2025-05-04T23:19:32.063+0000] {processor.py:183} INFO - Processing /home/airflow/.local/lib/python3.8/site-packages/airflow/example_dags/example_latest_only_with_trigger.py took 0.052 seconds
[2025-05-04T23:20:02.665+0000] {processor.py:161} INFO - Started process (PID=223) to work on /home/airflow/.local/lib/python3.8/site-packages/airflow/example_dags/example_latest_only_with_trigger.py
[2025-05-04T23:20:02.666+0000] {processor.py:830} INFO - Processing file /home/airflow/.local/lib/python3.8/site-packages/airflow/example_dags/example_latest_only_with_trigger.py for tasks to queue
[2025-05-04T23:20:02.668+0000] {logging_mixin.py:188} INFO - [2025-05-04T23:20:02.668+0000] {dagbag.py:538} INFO - Filling up the DagBag from /home/airflow/.local/lib/python3.8/site-packages/airflow/example_dags/example_latest_only_with_trigger.py
[2025-05-04T23:20:02.671+0000] {processor.py:840} INFO - DAG(s) 'latest_only_with_trigger' retrieved from /home/airflow/.local/lib/python3.8/site-packages/airflow/example_dags/example_latest_only_with_trigger.py
[2025-05-04T23:20:02.685+0000] {logging_mixin.py:188} INFO - [2025-05-04T23:20:02.685+0000] {dag.py:3033} INFO - Sync 1 DAGs
[2025-05-04T23:20:02.695+0000] {logging_mixin.py:188} INFO - [2025-05-04T23:20:02.695+0000] {dag.py:3820} INFO - Setting next_dagrun for latest_only_with_trigger to 2025-05-04T16:00:00+00:00, run_after=2025-05-04T20:00:00+00:00
[2025-05-04T23:20:02.705+0000] {processor.py:183} INFO - Processing /home/airflow/.local/lib/python3.8/site-packages/airflow/example_dags/example_latest_only_with_trigger.py took 0.042 seconds
[2025-05-04T23:20:33.515+0000] {processor.py:161} INFO - Started process (PID=278) to work on /home/airflow/.local/lib/python3.8/site-packages/airflow/example_dags/example_latest_only_with_trigger.py
[2025-05-04T23:20:33.518+0000] {processor.py:830} INFO - Processing file /home/airflow/.local/lib/python3.8/site-packages/airflow/example_dags/example_latest_only_with_trigger.py for tasks to queue
[2025-05-04T23:20:33.526+0000] {logging_mixin.py:188} INFO - [2025-05-04T23:20:33.526+0000] {dagbag.py:538} INFO - Filling up the DagBag from /home/airflow/.local/lib/python3.8/site-packages/airflow/example_dags/example_latest_only_with_trigger.py
[2025-05-04T23:20:33.529+0000] {processor.py:840} INFO - DAG(s) 'latest_only_with_trigger' retrieved from /home/airflow/.local/lib/python3.8/site-packages/airflow/example_dags/example_latest_only_with_trigger.py
[2025-05-04T23:20:33.539+0000] {logging_mixin.py:188} INFO - [2025-05-04T23:20:33.539+0000] {dag.py:3033} INFO - Sync 1 DAGs
[2025-05-04T23:20:33.551+0000] {logging_mixin.py:188} INFO - [2025-05-04T23:20:33.551+0000] {dag.py:3820} INFO - Setting next_dagrun for latest_only_with_trigger to 2025-05-04T16:00:00+00:00, run_after=2025-05-04T20:00:00+00:00
[2025-05-04T23:20:33.565+0000] {processor.py:183} INFO - Processing /home/airflow/.local/lib/python3.8/site-packages/airflow/example_dags/example_latest_only_with_trigger.py took 0.052 seconds
[2025-05-04T23:21:03.662+0000] {processor.py:161} INFO - Started process (PID=334) to work on /home/airflow/.local/lib/python3.8/site-packages/airflow/example_dags/example_latest_only_with_trigger.py
[2025-05-04T23:21:03.663+0000] {processor.py:830} INFO - Processing file /home/airflow/.local/lib/python3.8/site-packages/airflow/example_dags/example_latest_only_with_trigger.py for tasks to queue
[2025-05-04T23:21:03.665+0000] {logging_mixin.py:188} INFO - [2025-05-04T23:21:03.664+0000] {dagbag.py:538} INFO - Filling up the DagBag from /home/airflow/.local/lib/python3.8/site-packages/airflow/example_dags/example_latest_only_with_trigger.py
[2025-05-04T23:21:03.668+0000] {processor.py:840} INFO - DAG(s) 'latest_only_with_trigger' retrieved from /home/airflow/.local/lib/python3.8/site-packages/airflow/example_dags/example_latest_only_with_trigger.py
[2025-05-04T23:21:03.682+0000] {logging_mixin.py:188} INFO - [2025-05-04T23:21:03.682+0000] {dag.py:3033} INFO - Sync 1 DAGs
[2025-05-04T23:21:03.692+0000] {logging_mixin.py:188} INFO - [2025-05-04T23:21:03.692+0000] {dag.py:3820} INFO - Setting next_dagrun for latest_only_with_trigger to 2025-05-04T16:00:00+00:00, run_after=2025-05-04T20:00:00+00:00
[2025-05-04T23:21:03.704+0000] {processor.py:183} INFO - Processing /home/airflow/.local/lib/python3.8/site-packages/airflow/example_dags/example_latest_only_with_trigger.py took 0.044 seconds
[2025-05-04T23:21:34.310+0000] {processor.py:161} INFO - Started process (PID=390) to work on /home/airflow/.local/lib/python3.8/site-packages/airflow/example_dags/example_latest_only_with_trigger.py
[2025-05-04T23:21:34.311+0000] {processor.py:830} INFO - Processing file /home/airflow/.local/lib/python3.8/site-packages/airflow/example_dags/example_latest_only_with_trigger.py for tasks to queue
[2025-05-04T23:21:34.312+0000] {logging_mixin.py:188} INFO - [2025-05-04T23:21:34.312+0000] {dagbag.py:538} INFO - Filling up the DagBag from /home/airflow/.local/lib/python3.8/site-packages/airflow/example_dags/example_latest_only_with_trigger.py
[2025-05-04T23:21:34.315+0000] {processor.py:840} INFO - DAG(s) 'latest_only_with_trigger' retrieved from /home/airflow/.local/lib/python3.8/site-packages/airflow/example_dags/example_latest_only_with_trigger.py
[2025-05-04T23:21:34.323+0000] {logging_mixin.py:188} INFO - [2025-05-04T23:21:34.323+0000] {dag.py:3033} INFO - Sync 1 DAGs
[2025-05-04T23:21:34.333+0000] {logging_mixin.py:188} INFO - [2025-05-04T23:21:34.333+0000] {dag.py:3820} INFO - Setting next_dagrun for latest_only_with_trigger to 2025-05-04T16:00:00+00:00, run_after=2025-05-04T20:00:00+00:00
[2025-05-04T23:21:34.345+0000] {processor.py:183} INFO - Processing /home/airflow/.local/lib/python3.8/site-packages/airflow/example_dags/example_latest_only_with_trigger.py took 0.036 seconds
[2025-05-04T23:22:05.001+0000] {processor.py:161} INFO - Started process (PID=446) to work on /home/airflow/.local/lib/python3.8/site-packages/airflow/example_dags/example_latest_only_with_trigger.py
[2025-05-04T23:22:05.002+0000] {processor.py:830} INFO - Processing file /home/airflow/.local/lib/python3.8/site-packages/airflow/example_dags/example_latest_only_with_trigger.py for tasks to queue
[2025-05-04T23:22:05.004+0000] {logging_mixin.py:188} INFO - [2025-05-04T23:22:05.004+0000] {dagbag.py:538} INFO - Filling up the DagBag from /home/airflow/.local/lib/python3.8/site-packages/airflow/example_dags/example_latest_only_with_trigger.py
[2025-05-04T23:22:05.007+0000] {processor.py:840} INFO - DAG(s) 'latest_only_with_trigger' retrieved from /home/airflow/.local/lib/python3.8/site-packages/airflow/example_dags/example_latest_only_with_trigger.py
[2025-05-04T23:22:05.017+0000] {logging_mixin.py:188} INFO - [2025-05-04T23:22:05.017+0000] {dag.py:3033} INFO - Sync 1 DAGs
[2025-05-04T23:22:05.028+0000] {logging_mixin.py:188} INFO - [2025-05-04T23:22:05.027+0000] {dag.py:3820} INFO - Setting next_dagrun for latest_only_with_trigger to 2025-05-04T16:00:00+00:00, run_after=2025-05-04T20:00:00+00:00
[2025-05-04T23:22:05.035+0000] {processor.py:183} INFO - Processing /home/airflow/.local/lib/python3.8/site-packages/airflow/example_dags/example_latest_only_with_trigger.py took 0.037 seconds
[2025-05-04T23:22:35.571+0000] {processor.py:161} INFO - Started process (PID=502) to work on /home/airflow/.local/lib/python3.8/site-packages/airflow/example_dags/example_latest_only_with_trigger.py
[2025-05-04T23:22:35.572+0000] {processor.py:830} INFO - Processing file /home/airflow/.local/lib/python3.8/site-packages/airflow/example_dags/example_latest_only_with_trigger.py for tasks to queue
[2025-05-04T23:22:35.573+0000] {logging_mixin.py:188} INFO - [2025-05-04T23:22:35.573+0000] {dagbag.py:538} INFO - Filling up the DagBag from /home/airflow/.local/lib/python3.8/site-packages/airflow/example_dags/example_latest_only_with_trigger.py
[2025-05-04T23:22:35.575+0000] {processor.py:840} INFO - DAG(s) 'latest_only_with_trigger' retrieved from /home/airflow/.local/lib/python3.8/site-packages/airflow/example_dags/example_latest_only_with_trigger.py
[2025-05-04T23:22:35.585+0000] {logging_mixin.py:188} INFO - [2025-05-04T23:22:35.584+0000] {dag.py:3033} INFO - Sync 1 DAGs
[2025-05-04T23:22:35.595+0000] {logging_mixin.py:188} INFO - [2025-05-04T23:22:35.595+0000] {dag.py:3820} INFO - Setting next_dagrun for latest_only_with_trigger to 2025-05-04T16:00:00+00:00, run_after=2025-05-04T20:00:00+00:00
[2025-05-04T23:22:35.608+0000] {processor.py:183} INFO - Processing /home/airflow/.local/lib/python3.8/site-packages/airflow/example_dags/example_latest_only_with_trigger.py took 0.039 seconds
[2025-05-04T23:23:06.138+0000] {processor.py:161} INFO - Started process (PID=558) to work on /home/airflow/.local/lib/python3.8/site-packages/airflow/example_dags/example_latest_only_with_trigger.py
[2025-05-04T23:23:06.139+0000] {processor.py:830} INFO - Processing file /home/airflow/.local/lib/python3.8/site-packages/airflow/example_dags/example_latest_only_with_trigger.py for tasks to queue
[2025-05-04T23:23:06.142+0000] {logging_mixin.py:188} INFO - [2025-05-04T23:23:06.142+0000] {dagbag.py:538} INFO - Filling up the DagBag from /home/airflow/.local/lib/python3.8/site-packages/airflow/example_dags/example_latest_only_with_trigger.py
[2025-05-04T23:23:06.144+0000] {processor.py:840} INFO - DAG(s) 'latest_only_with_trigger' retrieved from /home/airflow/.local/lib/python3.8/site-packages/airflow/example_dags/example_latest_only_with_trigger.py
[2025-05-04T23:23:06.156+0000] {logging_mixin.py:188} INFO - [2025-05-04T23:23:06.156+0000] {dag.py:3033} INFO - Sync 1 DAGs
[2025-05-04T23:23:06.166+0000] {logging_mixin.py:188} INFO - [2025-05-04T23:23:06.165+0000] {dag.py:3820} INFO - Setting next_dagrun for latest_only_with_trigger to 2025-05-04T16:00:00+00:00, run_after=2025-05-04T20:00:00+00:00
[2025-05-04T23:23:06.172+0000] {processor.py:183} INFO - Processing /home/airflow/.local/lib/python3.8/site-packages/airflow/example_dags/example_latest_only_with_trigger.py took 0.036 seconds
[2025-05-04T23:24:30.671+0000] {processor.py:161} INFO - Started process (PID=55) to work on /home/airflow/.local/lib/python3.8/site-packages/airflow/example_dags/example_latest_only_with_trigger.py
[2025-05-04T23:24:30.673+0000] {processor.py:830} INFO - Processing file /home/airflow/.local/lib/python3.8/site-packages/airflow/example_dags/example_latest_only_with_trigger.py for tasks to queue
[2025-05-04T23:24:30.675+0000] {logging_mixin.py:188} INFO - [2025-05-04T23:24:30.675+0000] {dagbag.py:538} INFO - Filling up the DagBag from /home/airflow/.local/lib/python3.8/site-packages/airflow/example_dags/example_latest_only_with_trigger.py
[2025-05-04T23:24:30.679+0000] {processor.py:840} INFO - DAG(s) 'latest_only_with_trigger' retrieved from /home/airflow/.local/lib/python3.8/site-packages/airflow/example_dags/example_latest_only_with_trigger.py
[2025-05-04T23:24:30.701+0000] {logging_mixin.py:188} INFO - [2025-05-04T23:24:30.700+0000] {dag.py:3033} INFO - Sync 1 DAGs
[2025-05-04T23:24:30.713+0000] {logging_mixin.py:188} INFO - [2025-05-04T23:24:30.713+0000] {dag.py:3820} INFO - Setting next_dagrun for latest_only_with_trigger to 2025-05-04T16:00:00+00:00, run_after=2025-05-04T20:00:00+00:00
[2025-05-04T23:24:30.731+0000] {processor.py:183} INFO - Processing /home/airflow/.local/lib/python3.8/site-packages/airflow/example_dags/example_latest_only_with_trigger.py took 0.063 seconds
[2025-05-04T23:25:01.006+0000] {processor.py:161} INFO - Started process (PID=111) to work on /home/airflow/.local/lib/python3.8/site-packages/airflow/example_dags/example_latest_only_with_trigger.py
[2025-05-04T23:25:01.008+0000] {processor.py:830} INFO - Processing file /home/airflow/.local/lib/python3.8/site-packages/airflow/example_dags/example_latest_only_with_trigger.py for tasks to queue
[2025-05-04T23:25:01.009+0000] {logging_mixin.py:188} INFO - [2025-05-04T23:25:01.009+0000] {dagbag.py:538} INFO - Filling up the DagBag from /home/airflow/.local/lib/python3.8/site-packages/airflow/example_dags/example_latest_only_with_trigger.py
[2025-05-04T23:25:01.011+0000] {processor.py:840} INFO - DAG(s) 'latest_only_with_trigger' retrieved from /home/airflow/.local/lib/python3.8/site-packages/airflow/example_dags/example_latest_only_with_trigger.py
[2025-05-04T23:25:01.056+0000] {logging_mixin.py:188} INFO - [2025-05-04T23:25:01.056+0000] {dag.py:3033} INFO - Sync 1 DAGs
[2025-05-04T23:25:01.065+0000] {logging_mixin.py:188} INFO - [2025-05-04T23:25:01.065+0000] {dag.py:3820} INFO - Setting next_dagrun for latest_only_with_trigger to 2025-05-04T16:00:00+00:00, run_after=2025-05-04T20:00:00+00:00
[2025-05-04T23:25:01.080+0000] {processor.py:183} INFO - Processing /home/airflow/.local/lib/python3.8/site-packages/airflow/example_dags/example_latest_only_with_trigger.py took 0.075 seconds
[2025-05-04T23:25:31.308+0000] {processor.py:161} INFO - Started process (PID=166) to work on /home/airflow/.local/lib/python3.8/site-packages/airflow/example_dags/example_latest_only_with_trigger.py
[2025-05-04T23:25:31.308+0000] {processor.py:830} INFO - Processing file /home/airflow/.local/lib/python3.8/site-packages/airflow/example_dags/example_latest_only_with_trigger.py for tasks to queue
[2025-05-04T23:25:31.309+0000] {logging_mixin.py:188} INFO - [2025-05-04T23:25:31.309+0000] {dagbag.py:538} INFO - Filling up the DagBag from /home/airflow/.local/lib/python3.8/site-packages/airflow/example_dags/example_latest_only_with_trigger.py
[2025-05-04T23:25:31.311+0000] {processor.py:840} INFO - DAG(s) 'latest_only_with_trigger' retrieved from /home/airflow/.local/lib/python3.8/site-packages/airflow/example_dags/example_latest_only_with_trigger.py
[2025-05-04T23:25:31.319+0000] {logging_mixin.py:188} INFO - [2025-05-04T23:25:31.319+0000] {dag.py:3033} INFO - Sync 1 DAGs
[2025-05-04T23:25:31.326+0000] {logging_mixin.py:188} INFO - [2025-05-04T23:25:31.326+0000] {dag.py:3820} INFO - Setting next_dagrun for latest_only_with_trigger to 2025-05-04T16:00:00+00:00, run_after=2025-05-04T20:00:00+00:00
[2025-05-04T23:25:31.332+0000] {processor.py:183} INFO - Processing /home/airflow/.local/lib/python3.8/site-packages/airflow/example_dags/example_latest_only_with_trigger.py took 0.026 seconds
[2025-05-04T23:26:02.059+0000] {processor.py:161} INFO - Started process (PID=222) to work on /home/airflow/.local/lib/python3.8/site-packages/airflow/example_dags/example_latest_only_with_trigger.py
[2025-05-04T23:26:02.060+0000] {processor.py:830} INFO - Processing file /home/airflow/.local/lib/python3.8/site-packages/airflow/example_dags/example_latest_only_with_trigger.py for tasks to queue
[2025-05-04T23:26:02.061+0000] {logging_mixin.py:188} INFO - [2025-05-04T23:26:02.061+0000] {dagbag.py:538} INFO - Filling up the DagBag from /home/airflow/.local/lib/python3.8/site-packages/airflow/example_dags/example_latest_only_with_trigger.py
[2025-05-04T23:26:02.064+0000] {processor.py:840} INFO - DAG(s) 'latest_only_with_trigger' retrieved from /home/airflow/.local/lib/python3.8/site-packages/airflow/example_dags/example_latest_only_with_trigger.py
[2025-05-04T23:26:02.074+0000] {logging_mixin.py:188} INFO - [2025-05-04T23:26:02.074+0000] {dag.py:3033} INFO - Sync 1 DAGs
[2025-05-04T23:26:02.087+0000] {logging_mixin.py:188} INFO - [2025-05-04T23:26:02.087+0000] {dag.py:3820} INFO - Setting next_dagrun for latest_only_with_trigger to 2025-05-04T16:00:00+00:00, run_after=2025-05-04T20:00:00+00:00
[2025-05-04T23:26:02.096+0000] {processor.py:183} INFO - Processing /home/airflow/.local/lib/python3.8/site-packages/airflow/example_dags/example_latest_only_with_trigger.py took 0.039 seconds
[2025-05-04T23:26:32.874+0000] {processor.py:161} INFO - Started process (PID=278) to work on /home/airflow/.local/lib/python3.8/site-packages/airflow/example_dags/example_latest_only_with_trigger.py
[2025-05-04T23:26:32.875+0000] {processor.py:830} INFO - Processing file /home/airflow/.local/lib/python3.8/site-packages/airflow/example_dags/example_latest_only_with_trigger.py for tasks to queue
[2025-05-04T23:26:32.876+0000] {logging_mixin.py:188} INFO - [2025-05-04T23:26:32.876+0000] {dagbag.py:538} INFO - Filling up the DagBag from /home/airflow/.local/lib/python3.8/site-packages/airflow/example_dags/example_latest_only_with_trigger.py
[2025-05-04T23:26:32.879+0000] {processor.py:840} INFO - DAG(s) 'latest_only_with_trigger' retrieved from /home/airflow/.local/lib/python3.8/site-packages/airflow/example_dags/example_latest_only_with_trigger.py
[2025-05-04T23:26:32.890+0000] {logging_mixin.py:188} INFO - [2025-05-04T23:26:32.890+0000] {dag.py:3033} INFO - Sync 1 DAGs
[2025-05-04T23:26:32.902+0000] {logging_mixin.py:188} INFO - [2025-05-04T23:26:32.902+0000] {dag.py:3820} INFO - Setting next_dagrun for latest_only_with_trigger to 2025-05-04T16:00:00+00:00, run_after=2025-05-04T20:00:00+00:00
[2025-05-04T23:26:32.912+0000] {processor.py:183} INFO - Processing /home/airflow/.local/lib/python3.8/site-packages/airflow/example_dags/example_latest_only_with_trigger.py took 0.039 seconds
[2025-05-04T23:27:03.592+0000] {processor.py:161} INFO - Started process (PID=334) to work on /home/airflow/.local/lib/python3.8/site-packages/airflow/example_dags/example_latest_only_with_trigger.py
[2025-05-04T23:27:03.592+0000] {processor.py:830} INFO - Processing file /home/airflow/.local/lib/python3.8/site-packages/airflow/example_dags/example_latest_only_with_trigger.py for tasks to queue
[2025-05-04T23:27:03.593+0000] {logging_mixin.py:188} INFO - [2025-05-04T23:27:03.593+0000] {dagbag.py:538} INFO - Filling up the DagBag from /home/airflow/.local/lib/python3.8/site-packages/airflow/example_dags/example_latest_only_with_trigger.py
[2025-05-04T23:27:03.596+0000] {processor.py:840} INFO - DAG(s) 'latest_only_with_trigger' retrieved from /home/airflow/.local/lib/python3.8/site-packages/airflow/example_dags/example_latest_only_with_trigger.py
[2025-05-04T23:27:03.606+0000] {logging_mixin.py:188} INFO - [2025-05-04T23:27:03.606+0000] {dag.py:3033} INFO - Sync 1 DAGs
[2025-05-04T23:27:03.617+0000] {logging_mixin.py:188} INFO - [2025-05-04T23:27:03.617+0000] {dag.py:3820} INFO - Setting next_dagrun for latest_only_with_trigger to 2025-05-04T16:00:00+00:00, run_after=2025-05-04T20:00:00+00:00
[2025-05-04T23:27:03.626+0000] {processor.py:183} INFO - Processing /home/airflow/.local/lib/python3.8/site-packages/airflow/example_dags/example_latest_only_with_trigger.py took 0.036 seconds
[2025-05-04T23:27:34.237+0000] {processor.py:161} INFO - Started process (PID=390) to work on /home/airflow/.local/lib/python3.8/site-packages/airflow/example_dags/example_latest_only_with_trigger.py
[2025-05-04T23:27:34.242+0000] {processor.py:830} INFO - Processing file /home/airflow/.local/lib/python3.8/site-packages/airflow/example_dags/example_latest_only_with_trigger.py for tasks to queue
[2025-05-04T23:27:34.242+0000] {logging_mixin.py:188} INFO - [2025-05-04T23:27:34.242+0000] {dagbag.py:538} INFO - Filling up the DagBag from /home/airflow/.local/lib/python3.8/site-packages/airflow/example_dags/example_latest_only_with_trigger.py
[2025-05-04T23:27:34.244+0000] {processor.py:840} INFO - DAG(s) 'latest_only_with_trigger' retrieved from /home/airflow/.local/lib/python3.8/site-packages/airflow/example_dags/example_latest_only_with_trigger.py
[2025-05-04T23:27:34.253+0000] {logging_mixin.py:188} INFO - [2025-05-04T23:27:34.253+0000] {dag.py:3033} INFO - Sync 1 DAGs
[2025-05-04T23:27:34.265+0000] {logging_mixin.py:188} INFO - [2025-05-04T23:27:34.265+0000] {dag.py:3820} INFO - Setting next_dagrun for latest_only_with_trigger to 2025-05-04T16:00:00+00:00, run_after=2025-05-04T20:00:00+00:00
[2025-05-04T23:27:34.275+0000] {processor.py:183} INFO - Processing /home/airflow/.local/lib/python3.8/site-packages/airflow/example_dags/example_latest_only_with_trigger.py took 0.039 seconds
[2025-05-04T23:28:24.042+0000] {processor.py:161} INFO - Started process (PID=55) to work on /home/airflow/.local/lib/python3.8/site-packages/airflow/example_dags/example_latest_only_with_trigger.py
[2025-05-04T23:28:24.044+0000] {processor.py:830} INFO - Processing file /home/airflow/.local/lib/python3.8/site-packages/airflow/example_dags/example_latest_only_with_trigger.py for tasks to queue
[2025-05-04T23:28:24.047+0000] {logging_mixin.py:188} INFO - [2025-05-04T23:28:24.047+0000] {dagbag.py:538} INFO - Filling up the DagBag from /home/airflow/.local/lib/python3.8/site-packages/airflow/example_dags/example_latest_only_with_trigger.py
[2025-05-04T23:28:24.053+0000] {processor.py:840} INFO - DAG(s) 'latest_only_with_trigger' retrieved from /home/airflow/.local/lib/python3.8/site-packages/airflow/example_dags/example_latest_only_with_trigger.py
[2025-05-04T23:28:24.063+0000] {logging_mixin.py:188} INFO - [2025-05-04T23:28:24.062+0000] {dag.py:3033} INFO - Sync 1 DAGs
[2025-05-04T23:28:24.086+0000] {logging_mixin.py:188} INFO - [2025-05-04T23:28:24.086+0000] {dag.py:3820} INFO - Setting next_dagrun for latest_only_with_trigger to 2025-05-04T16:00:00+00:00, run_after=2025-05-04T20:00:00+00:00
[2025-05-04T23:28:24.107+0000] {processor.py:183} INFO - Processing /home/airflow/.local/lib/python3.8/site-packages/airflow/example_dags/example_latest_only_with_trigger.py took 0.068 seconds
[2025-05-04T23:28:54.976+0000] {processor.py:161} INFO - Started process (PID=111) to work on /home/airflow/.local/lib/python3.8/site-packages/airflow/example_dags/example_latest_only_with_trigger.py
[2025-05-04T23:28:54.977+0000] {processor.py:830} INFO - Processing file /home/airflow/.local/lib/python3.8/site-packages/airflow/example_dags/example_latest_only_with_trigger.py for tasks to queue
[2025-05-04T23:28:54.978+0000] {logging_mixin.py:188} INFO - [2025-05-04T23:28:54.978+0000] {dagbag.py:538} INFO - Filling up the DagBag from /home/airflow/.local/lib/python3.8/site-packages/airflow/example_dags/example_latest_only_with_trigger.py
[2025-05-04T23:28:54.980+0000] {processor.py:840} INFO - DAG(s) 'latest_only_with_trigger' retrieved from /home/airflow/.local/lib/python3.8/site-packages/airflow/example_dags/example_latest_only_with_trigger.py
[2025-05-04T23:28:55.021+0000] {logging_mixin.py:188} INFO - [2025-05-04T23:28:55.021+0000] {dag.py:3033} INFO - Sync 1 DAGs
[2025-05-04T23:28:55.031+0000] {logging_mixin.py:188} INFO - [2025-05-04T23:28:55.031+0000] {dag.py:3820} INFO - Setting next_dagrun for latest_only_with_trigger to 2025-05-04T16:00:00+00:00, run_after=2025-05-04T20:00:00+00:00
[2025-05-04T23:28:55.046+0000] {processor.py:183} INFO - Processing /home/airflow/.local/lib/python3.8/site-packages/airflow/example_dags/example_latest_only_with_trigger.py took 0.071 seconds
[2025-05-04T23:29:25.372+0000] {processor.py:161} INFO - Started process (PID=167) to work on /home/airflow/.local/lib/python3.8/site-packages/airflow/example_dags/example_latest_only_with_trigger.py
[2025-05-04T23:29:25.373+0000] {processor.py:830} INFO - Processing file /home/airflow/.local/lib/python3.8/site-packages/airflow/example_dags/example_latest_only_with_trigger.py for tasks to queue
[2025-05-04T23:29:25.374+0000] {logging_mixin.py:188} INFO - [2025-05-04T23:29:25.374+0000] {dagbag.py:538} INFO - Filling up the DagBag from /home/airflow/.local/lib/python3.8/site-packages/airflow/example_dags/example_latest_only_with_trigger.py
[2025-05-04T23:29:25.377+0000] {processor.py:840} INFO - DAG(s) 'latest_only_with_trigger' retrieved from /home/airflow/.local/lib/python3.8/site-packages/airflow/example_dags/example_latest_only_with_trigger.py
[2025-05-04T23:29:25.388+0000] {logging_mixin.py:188} INFO - [2025-05-04T23:29:25.388+0000] {dag.py:3033} INFO - Sync 1 DAGs
[2025-05-04T23:29:25.398+0000] {logging_mixin.py:188} INFO - [2025-05-04T23:29:25.398+0000] {dag.py:3820} INFO - Setting next_dagrun for latest_only_with_trigger to 2025-05-04T16:00:00+00:00, run_after=2025-05-04T20:00:00+00:00
[2025-05-04T23:29:25.405+0000] {processor.py:183} INFO - Processing /home/airflow/.local/lib/python3.8/site-packages/airflow/example_dags/example_latest_only_with_trigger.py took 0.035 seconds
[2025-05-04T23:29:56.104+0000] {processor.py:161} INFO - Started process (PID=223) to work on /home/airflow/.local/lib/python3.8/site-packages/airflow/example_dags/example_latest_only_with_trigger.py
[2025-05-04T23:29:56.105+0000] {processor.py:830} INFO - Processing file /home/airflow/.local/lib/python3.8/site-packages/airflow/example_dags/example_latest_only_with_trigger.py for tasks to queue
[2025-05-04T23:29:56.107+0000] {logging_mixin.py:188} INFO - [2025-05-04T23:29:56.107+0000] {dagbag.py:538} INFO - Filling up the DagBag from /home/airflow/.local/lib/python3.8/site-packages/airflow/example_dags/example_latest_only_with_trigger.py
[2025-05-04T23:29:56.111+0000] {processor.py:840} INFO - DAG(s) 'latest_only_with_trigger' retrieved from /home/airflow/.local/lib/python3.8/site-packages/airflow/example_dags/example_latest_only_with_trigger.py
[2025-05-04T23:29:56.120+0000] {logging_mixin.py:188} INFO - [2025-05-04T23:29:56.119+0000] {dag.py:3033} INFO - Sync 1 DAGs
[2025-05-04T23:29:56.129+0000] {logging_mixin.py:188} INFO - [2025-05-04T23:29:56.129+0000] {dag.py:3820} INFO - Setting next_dagrun for latest_only_with_trigger to 2025-05-04T16:00:00+00:00, run_after=2025-05-04T20:00:00+00:00
[2025-05-04T23:29:56.137+0000] {processor.py:183} INFO - Processing /home/airflow/.local/lib/python3.8/site-packages/airflow/example_dags/example_latest_only_with_trigger.py took 0.034 seconds
[2025-05-04T23:30:26.896+0000] {processor.py:161} INFO - Started process (PID=279) to work on /home/airflow/.local/lib/python3.8/site-packages/airflow/example_dags/example_latest_only_with_trigger.py
[2025-05-04T23:30:26.897+0000] {processor.py:830} INFO - Processing file /home/airflow/.local/lib/python3.8/site-packages/airflow/example_dags/example_latest_only_with_trigger.py for tasks to queue
[2025-05-04T23:30:26.898+0000] {logging_mixin.py:188} INFO - [2025-05-04T23:30:26.898+0000] {dagbag.py:538} INFO - Filling up the DagBag from /home/airflow/.local/lib/python3.8/site-packages/airflow/example_dags/example_latest_only_with_trigger.py
[2025-05-04T23:30:26.901+0000] {processor.py:840} INFO - DAG(s) 'latest_only_with_trigger' retrieved from /home/airflow/.local/lib/python3.8/site-packages/airflow/example_dags/example_latest_only_with_trigger.py
[2025-05-04T23:30:26.915+0000] {logging_mixin.py:188} INFO - [2025-05-04T23:30:26.915+0000] {dag.py:3033} INFO - Sync 1 DAGs
[2025-05-04T23:30:26.924+0000] {logging_mixin.py:188} INFO - [2025-05-04T23:30:26.923+0000] {dag.py:3820} INFO - Setting next_dagrun for latest_only_with_trigger to 2025-05-04T16:00:00+00:00, run_after=2025-05-04T20:00:00+00:00
[2025-05-04T23:30:26.934+0000] {processor.py:183} INFO - Processing /home/airflow/.local/lib/python3.8/site-packages/airflow/example_dags/example_latest_only_with_trigger.py took 0.041 seconds
[2025-05-04T23:30:57.430+0000] {processor.py:161} INFO - Started process (PID=335) to work on /home/airflow/.local/lib/python3.8/site-packages/airflow/example_dags/example_latest_only_with_trigger.py
[2025-05-04T23:30:57.430+0000] {processor.py:830} INFO - Processing file /home/airflow/.local/lib/python3.8/site-packages/airflow/example_dags/example_latest_only_with_trigger.py for tasks to queue
[2025-05-04T23:30:57.431+0000] {logging_mixin.py:188} INFO - [2025-05-04T23:30:57.431+0000] {dagbag.py:538} INFO - Filling up the DagBag from /home/airflow/.local/lib/python3.8/site-packages/airflow/example_dags/example_latest_only_with_trigger.py
[2025-05-04T23:30:57.434+0000] {processor.py:840} INFO - DAG(s) 'latest_only_with_trigger' retrieved from /home/airflow/.local/lib/python3.8/site-packages/airflow/example_dags/example_latest_only_with_trigger.py
[2025-05-04T23:30:57.447+0000] {logging_mixin.py:188} INFO - [2025-05-04T23:30:57.447+0000] {dag.py:3033} INFO - Sync 1 DAGs
[2025-05-04T23:30:57.457+0000] {logging_mixin.py:188} INFO - [2025-05-04T23:30:57.457+0000] {dag.py:3820} INFO - Setting next_dagrun for latest_only_with_trigger to 2025-05-04T16:00:00+00:00, run_after=2025-05-04T20:00:00+00:00
[2025-05-04T23:30:57.467+0000] {processor.py:183} INFO - Processing /home/airflow/.local/lib/python3.8/site-packages/airflow/example_dags/example_latest_only_with_trigger.py took 0.039 seconds
[2025-05-04T23:31:28.104+0000] {processor.py:161} INFO - Started process (PID=396) to work on /home/airflow/.local/lib/python3.8/site-packages/airflow/example_dags/example_latest_only_with_trigger.py
[2025-05-04T23:31:28.105+0000] {processor.py:830} INFO - Processing file /home/airflow/.local/lib/python3.8/site-packages/airflow/example_dags/example_latest_only_with_trigger.py for tasks to queue
[2025-05-04T23:31:28.105+0000] {logging_mixin.py:188} INFO - [2025-05-04T23:31:28.105+0000] {dagbag.py:538} INFO - Filling up the DagBag from /home/airflow/.local/lib/python3.8/site-packages/airflow/example_dags/example_latest_only_with_trigger.py
[2025-05-04T23:31:28.108+0000] {processor.py:840} INFO - DAG(s) 'latest_only_with_trigger' retrieved from /home/airflow/.local/lib/python3.8/site-packages/airflow/example_dags/example_latest_only_with_trigger.py
[2025-05-04T23:31:28.120+0000] {logging_mixin.py:188} INFO - [2025-05-04T23:31:28.120+0000] {dag.py:3033} INFO - Sync 1 DAGs
[2025-05-04T23:31:28.130+0000] {logging_mixin.py:188} INFO - [2025-05-04T23:31:28.130+0000] {dag.py:3820} INFO - Setting next_dagrun for latest_only_with_trigger to 2025-05-04T16:00:00+00:00, run_after=2025-05-04T20:00:00+00:00
[2025-05-04T23:31:28.142+0000] {processor.py:183} INFO - Processing /home/airflow/.local/lib/python3.8/site-packages/airflow/example_dags/example_latest_only_with_trigger.py took 0.039 seconds
[2025-05-04T23:31:58.797+0000] {processor.py:161} INFO - Started process (PID=452) to work on /home/airflow/.local/lib/python3.8/site-packages/airflow/example_dags/example_latest_only_with_trigger.py
[2025-05-04T23:31:58.801+0000] {processor.py:830} INFO - Processing file /home/airflow/.local/lib/python3.8/site-packages/airflow/example_dags/example_latest_only_with_trigger.py for tasks to queue
[2025-05-04T23:31:58.802+0000] {logging_mixin.py:188} INFO - [2025-05-04T23:31:58.802+0000] {dagbag.py:538} INFO - Filling up the DagBag from /home/airflow/.local/lib/python3.8/site-packages/airflow/example_dags/example_latest_only_with_trigger.py
[2025-05-04T23:31:58.805+0000] {processor.py:840} INFO - DAG(s) 'latest_only_with_trigger' retrieved from /home/airflow/.local/lib/python3.8/site-packages/airflow/example_dags/example_latest_only_with_trigger.py
[2025-05-04T23:31:58.814+0000] {logging_mixin.py:188} INFO - [2025-05-04T23:31:58.814+0000] {dag.py:3033} INFO - Sync 1 DAGs
[2025-05-04T23:31:58.822+0000] {logging_mixin.py:188} INFO - [2025-05-04T23:31:58.822+0000] {dag.py:3820} INFO - Setting next_dagrun for latest_only_with_trigger to 2025-05-04T16:00:00+00:00, run_after=2025-05-04T20:00:00+00:00
[2025-05-04T23:31:58.831+0000] {processor.py:183} INFO - Processing /home/airflow/.local/lib/python3.8/site-packages/airflow/example_dags/example_latest_only_with_trigger.py took 0.036 seconds
[2025-05-04T23:32:29.489+0000] {processor.py:161} INFO - Started process (PID=508) to work on /home/airflow/.local/lib/python3.8/site-packages/airflow/example_dags/example_latest_only_with_trigger.py
[2025-05-04T23:32:29.490+0000] {processor.py:830} INFO - Processing file /home/airflow/.local/lib/python3.8/site-packages/airflow/example_dags/example_latest_only_with_trigger.py for tasks to queue
[2025-05-04T23:32:29.492+0000] {logging_mixin.py:188} INFO - [2025-05-04T23:32:29.492+0000] {dagbag.py:538} INFO - Filling up the DagBag from /home/airflow/.local/lib/python3.8/site-packages/airflow/example_dags/example_latest_only_with_trigger.py
[2025-05-04T23:32:29.494+0000] {processor.py:840} INFO - DAG(s) 'latest_only_with_trigger' retrieved from /home/airflow/.local/lib/python3.8/site-packages/airflow/example_dags/example_latest_only_with_trigger.py
[2025-05-04T23:32:29.507+0000] {logging_mixin.py:188} INFO - [2025-05-04T23:32:29.507+0000] {dag.py:3033} INFO - Sync 1 DAGs
[2025-05-04T23:32:29.517+0000] {logging_mixin.py:188} INFO - [2025-05-04T23:32:29.517+0000] {dag.py:3820} INFO - Setting next_dagrun for latest_only_with_trigger to 2025-05-04T16:00:00+00:00, run_after=2025-05-04T20:00:00+00:00
[2025-05-04T23:32:29.525+0000] {processor.py:183} INFO - Processing /home/airflow/.local/lib/python3.8/site-packages/airflow/example_dags/example_latest_only_with_trigger.py took 0.038 seconds
[2025-05-04T23:47:22.037+0000] {processor.py:161} INFO - Started process (PID=55) to work on /home/airflow/.local/lib/python3.8/site-packages/airflow/example_dags/example_latest_only_with_trigger.py
[2025-05-04T23:47:22.040+0000] {processor.py:830} INFO - Processing file /home/airflow/.local/lib/python3.8/site-packages/airflow/example_dags/example_latest_only_with_trigger.py for tasks to queue
[2025-05-04T23:47:22.044+0000] {logging_mixin.py:188} INFO - [2025-05-04T23:47:22.044+0000] {dagbag.py:538} INFO - Filling up the DagBag from /home/airflow/.local/lib/python3.8/site-packages/airflow/example_dags/example_latest_only_with_trigger.py
[2025-05-04T23:47:22.053+0000] {processor.py:840} INFO - DAG(s) 'latest_only_with_trigger' retrieved from /home/airflow/.local/lib/python3.8/site-packages/airflow/example_dags/example_latest_only_with_trigger.py
[2025-05-04T23:47:22.068+0000] {logging_mixin.py:188} INFO - [2025-05-04T23:47:22.068+0000] {dag.py:3033} INFO - Sync 1 DAGs
[2025-05-04T23:47:22.096+0000] {logging_mixin.py:188} INFO - [2025-05-04T23:47:22.096+0000] {dag.py:3820} INFO - Setting next_dagrun for latest_only_with_trigger to 2025-05-04T16:00:00+00:00, run_after=2025-05-04T20:00:00+00:00
[2025-05-04T23:47:22.119+0000] {processor.py:183} INFO - Processing /home/airflow/.local/lib/python3.8/site-packages/airflow/example_dags/example_latest_only_with_trigger.py took 0.087 seconds
[2025-05-04T23:47:52.396+0000] {processor.py:161} INFO - Started process (PID=111) to work on /home/airflow/.local/lib/python3.8/site-packages/airflow/example_dags/example_latest_only_with_trigger.py
[2025-05-04T23:47:52.398+0000] {processor.py:830} INFO - Processing file /home/airflow/.local/lib/python3.8/site-packages/airflow/example_dags/example_latest_only_with_trigger.py for tasks to queue
[2025-05-04T23:47:52.399+0000] {logging_mixin.py:188} INFO - [2025-05-04T23:47:52.399+0000] {dagbag.py:538} INFO - Filling up the DagBag from /home/airflow/.local/lib/python3.8/site-packages/airflow/example_dags/example_latest_only_with_trigger.py
[2025-05-04T23:47:52.403+0000] {processor.py:840} INFO - DAG(s) 'latest_only_with_trigger' retrieved from /home/airflow/.local/lib/python3.8/site-packages/airflow/example_dags/example_latest_only_with_trigger.py
[2025-05-04T23:47:52.453+0000] {logging_mixin.py:188} INFO - [2025-05-04T23:47:52.453+0000] {dag.py:3033} INFO - Sync 1 DAGs
[2025-05-04T23:47:52.464+0000] {logging_mixin.py:188} INFO - [2025-05-04T23:47:52.464+0000] {dag.py:3820} INFO - Setting next_dagrun for latest_only_with_trigger to 2025-05-04T16:00:00+00:00, run_after=2025-05-04T20:00:00+00:00
[2025-05-04T23:47:52.477+0000] {processor.py:183} INFO - Processing /home/airflow/.local/lib/python3.8/site-packages/airflow/example_dags/example_latest_only_with_trigger.py took 0.084 seconds
[2025-05-04T23:48:22.615+0000] {processor.py:161} INFO - Started process (PID=167) to work on /home/airflow/.local/lib/python3.8/site-packages/airflow/example_dags/example_latest_only_with_trigger.py
[2025-05-04T23:48:22.616+0000] {processor.py:830} INFO - Processing file /home/airflow/.local/lib/python3.8/site-packages/airflow/example_dags/example_latest_only_with_trigger.py for tasks to queue
[2025-05-04T23:48:22.617+0000] {logging_mixin.py:188} INFO - [2025-05-04T23:48:22.617+0000] {dagbag.py:538} INFO - Filling up the DagBag from /home/airflow/.local/lib/python3.8/site-packages/airflow/example_dags/example_latest_only_with_trigger.py
[2025-05-04T23:48:22.620+0000] {processor.py:840} INFO - DAG(s) 'latest_only_with_trigger' retrieved from /home/airflow/.local/lib/python3.8/site-packages/airflow/example_dags/example_latest_only_with_trigger.py
[2025-05-04T23:48:22.631+0000] {logging_mixin.py:188} INFO - [2025-05-04T23:48:22.631+0000] {dag.py:3033} INFO - Sync 1 DAGs
[2025-05-04T23:48:22.640+0000] {logging_mixin.py:188} INFO - [2025-05-04T23:48:22.640+0000] {dag.py:3820} INFO - Setting next_dagrun for latest_only_with_trigger to 2025-05-04T16:00:00+00:00, run_after=2025-05-04T20:00:00+00:00
[2025-05-04T23:48:22.651+0000] {processor.py:183} INFO - Processing /home/airflow/.local/lib/python3.8/site-packages/airflow/example_dags/example_latest_only_with_trigger.py took 0.038 seconds
[2025-05-04T23:48:53.306+0000] {processor.py:161} INFO - Started process (PID=223) to work on /home/airflow/.local/lib/python3.8/site-packages/airflow/example_dags/example_latest_only_with_trigger.py
[2025-05-04T23:48:53.308+0000] {processor.py:830} INFO - Processing file /home/airflow/.local/lib/python3.8/site-packages/airflow/example_dags/example_latest_only_with_trigger.py for tasks to queue
[2025-05-04T23:48:53.308+0000] {logging_mixin.py:188} INFO - [2025-05-04T23:48:53.308+0000] {dagbag.py:538} INFO - Filling up the DagBag from /home/airflow/.local/lib/python3.8/site-packages/airflow/example_dags/example_latest_only_with_trigger.py
[2025-05-04T23:48:53.312+0000] {processor.py:840} INFO - DAG(s) 'latest_only_with_trigger' retrieved from /home/airflow/.local/lib/python3.8/site-packages/airflow/example_dags/example_latest_only_with_trigger.py
[2025-05-04T23:48:53.322+0000] {logging_mixin.py:188} INFO - [2025-05-04T23:48:53.322+0000] {dag.py:3033} INFO - Sync 1 DAGs
[2025-05-04T23:48:53.332+0000] {logging_mixin.py:188} INFO - [2025-05-04T23:48:53.332+0000] {dag.py:3820} INFO - Setting next_dagrun for latest_only_with_trigger to 2025-05-04T16:00:00+00:00, run_after=2025-05-04T20:00:00+00:00
[2025-05-04T23:48:53.347+0000] {processor.py:183} INFO - Processing /home/airflow/.local/lib/python3.8/site-packages/airflow/example_dags/example_latest_only_with_trigger.py took 0.042 seconds
[2025-05-04T23:49:23.982+0000] {processor.py:161} INFO - Started process (PID=279) to work on /home/airflow/.local/lib/python3.8/site-packages/airflow/example_dags/example_latest_only_with_trigger.py
[2025-05-04T23:49:23.984+0000] {processor.py:830} INFO - Processing file /home/airflow/.local/lib/python3.8/site-packages/airflow/example_dags/example_latest_only_with_trigger.py for tasks to queue
[2025-05-04T23:49:23.986+0000] {logging_mixin.py:188} INFO - [2025-05-04T23:49:23.986+0000] {dagbag.py:538} INFO - Filling up the DagBag from /home/airflow/.local/lib/python3.8/site-packages/airflow/example_dags/example_latest_only_with_trigger.py
[2025-05-04T23:49:23.988+0000] {processor.py:840} INFO - DAG(s) 'latest_only_with_trigger' retrieved from /home/airflow/.local/lib/python3.8/site-packages/airflow/example_dags/example_latest_only_with_trigger.py
[2025-05-04T23:49:23.998+0000] {logging_mixin.py:188} INFO - [2025-05-04T23:49:23.998+0000] {dag.py:3033} INFO - Sync 1 DAGs
[2025-05-04T23:49:24.007+0000] {logging_mixin.py:188} INFO - [2025-05-04T23:49:24.007+0000] {dag.py:3820} INFO - Setting next_dagrun for latest_only_with_trigger to 2025-05-04T16:00:00+00:00, run_after=2025-05-04T20:00:00+00:00
[2025-05-04T23:49:24.017+0000] {processor.py:183} INFO - Processing /home/airflow/.local/lib/python3.8/site-packages/airflow/example_dags/example_latest_only_with_trigger.py took 0.036 seconds
[2025-05-04T23:49:54.840+0000] {processor.py:161} INFO - Started process (PID=335) to work on /home/airflow/.local/lib/python3.8/site-packages/airflow/example_dags/example_latest_only_with_trigger.py
[2025-05-04T23:49:54.840+0000] {processor.py:830} INFO - Processing file /home/airflow/.local/lib/python3.8/site-packages/airflow/example_dags/example_latest_only_with_trigger.py for tasks to queue
[2025-05-04T23:49:54.841+0000] {logging_mixin.py:188} INFO - [2025-05-04T23:49:54.841+0000] {dagbag.py:538} INFO - Filling up the DagBag from /home/airflow/.local/lib/python3.8/site-packages/airflow/example_dags/example_latest_only_with_trigger.py
[2025-05-04T23:49:54.843+0000] {processor.py:840} INFO - DAG(s) 'latest_only_with_trigger' retrieved from /home/airflow/.local/lib/python3.8/site-packages/airflow/example_dags/example_latest_only_with_trigger.py
[2025-05-04T23:49:54.852+0000] {logging_mixin.py:188} INFO - [2025-05-04T23:49:54.851+0000] {dag.py:3033} INFO - Sync 1 DAGs
[2025-05-04T23:49:54.859+0000] {logging_mixin.py:188} INFO - [2025-05-04T23:49:54.859+0000] {dag.py:3820} INFO - Setting next_dagrun for latest_only_with_trigger to 2025-05-04T16:00:00+00:00, run_after=2025-05-04T20:00:00+00:00
[2025-05-04T23:49:54.865+0000] {processor.py:183} INFO - Processing /home/airflow/.local/lib/python3.8/site-packages/airflow/example_dags/example_latest_only_with_trigger.py took 0.027 seconds
