[2025-05-04T22:22:11.036+0000] {processor.py:161} INFO - Started process (PID=76) to work on /home/airflow/.local/lib/python3.8/site-packages/airflow/example_dags/example_python_decorator.py
[2025-05-04T22:22:11.037+0000] {processor.py:830} INFO - Processing file /home/airflow/.local/lib/python3.8/site-packages/airflow/example_dags/example_python_decorator.py for tasks to queue
[2025-05-04T22:22:11.038+0000] {logging_mixin.py:188} INFO - [2025-05-04T22:22:11.038+0000] {dagbag.py:538} INFO - Filling up the DagBag from /home/airflow/.local/lib/python3.8/site-packages/airflow/example_dags/example_python_decorator.py
[2025-05-04T22:22:11.048+0000] {processor.py:840} INFO - DAG(s) 'example_python_decorator' retrieved from /home/airflow/.local/lib/python3.8/site-packages/airflow/example_dags/example_python_decorator.py
[2025-05-04T22:22:11.058+0000] {logging_mixin.py:188} INFO - [2025-05-04T22:22:11.058+0000] {dag.py:3033} INFO - Sync 1 DAGs
[2025-05-04T22:22:11.064+0000] {logging_mixin.py:188} INFO - [2025-05-04T22:22:11.064+0000] {dag.py:3820} INFO - Setting next_dagrun for example_python_decorator to None, run_after=None
[2025-05-04T22:22:11.072+0000] {processor.py:183} INFO - Processing /home/airflow/.local/lib/python3.8/site-packages/airflow/example_dags/example_python_decorator.py took 0.040 seconds
[2025-05-04T22:22:41.764+0000] {processor.py:161} INFO - Started process (PID=131) to work on /home/airflow/.local/lib/python3.8/site-packages/airflow/example_dags/example_python_decorator.py
[2025-05-04T22:22:41.765+0000] {processor.py:830} INFO - Processing file /home/airflow/.local/lib/python3.8/site-packages/airflow/example_dags/example_python_decorator.py for tasks to queue
[2025-05-04T22:22:41.767+0000] {logging_mixin.py:188} INFO - [2025-05-04T22:22:41.767+0000] {dagbag.py:538} INFO - Filling up the DagBag from /home/airflow/.local/lib/python3.8/site-packages/airflow/example_dags/example_python_decorator.py
[2025-05-04T22:22:41.771+0000] {processor.py:840} INFO - DAG(s) 'example_python_decorator' retrieved from /home/airflow/.local/lib/python3.8/site-packages/airflow/example_dags/example_python_decorator.py
[2025-05-04T22:22:41.819+0000] {logging_mixin.py:188} INFO - [2025-05-04T22:22:41.819+0000] {dag.py:3033} INFO - Sync 1 DAGs
[2025-05-04T22:22:41.824+0000] {logging_mixin.py:188} INFO - [2025-05-04T22:22:41.824+0000] {dag.py:3820} INFO - Setting next_dagrun for example_python_decorator to None, run_after=None
[2025-05-04T22:22:41.832+0000] {processor.py:183} INFO - Processing /home/airflow/.local/lib/python3.8/site-packages/airflow/example_dags/example_python_decorator.py took 0.070 seconds
[2025-05-04T22:23:12.508+0000] {processor.py:161} INFO - Started process (PID=186) to work on /home/airflow/.local/lib/python3.8/site-packages/airflow/example_dags/example_python_decorator.py
[2025-05-04T22:23:12.509+0000] {processor.py:830} INFO - Processing file /home/airflow/.local/lib/python3.8/site-packages/airflow/example_dags/example_python_decorator.py for tasks to queue
[2025-05-04T22:23:12.510+0000] {logging_mixin.py:188} INFO - [2025-05-04T22:23:12.510+0000] {dagbag.py:538} INFO - Filling up the DagBag from /home/airflow/.local/lib/python3.8/site-packages/airflow/example_dags/example_python_decorator.py
[2025-05-04T22:23:12.514+0000] {processor.py:840} INFO - DAG(s) 'example_python_decorator' retrieved from /home/airflow/.local/lib/python3.8/site-packages/airflow/example_dags/example_python_decorator.py
[2025-05-04T22:23:12.524+0000] {logging_mixin.py:188} INFO - [2025-05-04T22:23:12.524+0000] {dag.py:3033} INFO - Sync 1 DAGs
[2025-05-04T22:23:12.530+0000] {logging_mixin.py:188} INFO - [2025-05-04T22:23:12.530+0000] {dag.py:3820} INFO - Setting next_dagrun for example_python_decorator to None, run_after=None
[2025-05-04T22:23:12.538+0000] {processor.py:183} INFO - Processing /home/airflow/.local/lib/python3.8/site-packages/airflow/example_dags/example_python_decorator.py took 0.031 seconds
[2025-05-04T22:23:43.021+0000] {processor.py:161} INFO - Started process (PID=241) to work on /home/airflow/.local/lib/python3.8/site-packages/airflow/example_dags/example_python_decorator.py
[2025-05-04T22:23:43.021+0000] {processor.py:830} INFO - Processing file /home/airflow/.local/lib/python3.8/site-packages/airflow/example_dags/example_python_decorator.py for tasks to queue
[2025-05-04T22:23:43.022+0000] {logging_mixin.py:188} INFO - [2025-05-04T22:23:43.022+0000] {dagbag.py:538} INFO - Filling up the DagBag from /home/airflow/.local/lib/python3.8/site-packages/airflow/example_dags/example_python_decorator.py
[2025-05-04T22:23:43.028+0000] {processor.py:840} INFO - DAG(s) 'example_python_decorator' retrieved from /home/airflow/.local/lib/python3.8/site-packages/airflow/example_dags/example_python_decorator.py
[2025-05-04T22:23:43.039+0000] {logging_mixin.py:188} INFO - [2025-05-04T22:23:43.039+0000] {dag.py:3033} INFO - Sync 1 DAGs
[2025-05-04T22:23:43.044+0000] {logging_mixin.py:188} INFO - [2025-05-04T22:23:43.044+0000] {dag.py:3820} INFO - Setting next_dagrun for example_python_decorator to None, run_after=None
[2025-05-04T22:23:43.056+0000] {processor.py:183} INFO - Processing /home/airflow/.local/lib/python3.8/site-packages/airflow/example_dags/example_python_decorator.py took 0.037 seconds
[2025-05-04T22:24:13.668+0000] {processor.py:161} INFO - Started process (PID=296) to work on /home/airflow/.local/lib/python3.8/site-packages/airflow/example_dags/example_python_decorator.py
[2025-05-04T22:24:13.668+0000] {processor.py:830} INFO - Processing file /home/airflow/.local/lib/python3.8/site-packages/airflow/example_dags/example_python_decorator.py for tasks to queue
[2025-05-04T22:24:13.669+0000] {logging_mixin.py:188} INFO - [2025-05-04T22:24:13.669+0000] {dagbag.py:538} INFO - Filling up the DagBag from /home/airflow/.local/lib/python3.8/site-packages/airflow/example_dags/example_python_decorator.py
[2025-05-04T22:24:13.674+0000] {processor.py:840} INFO - DAG(s) 'example_python_decorator' retrieved from /home/airflow/.local/lib/python3.8/site-packages/airflow/example_dags/example_python_decorator.py
[2025-05-04T22:24:13.684+0000] {logging_mixin.py:188} INFO - [2025-05-04T22:24:13.684+0000] {dag.py:3033} INFO - Sync 1 DAGs
[2025-05-04T22:24:13.690+0000] {logging_mixin.py:188} INFO - [2025-05-04T22:24:13.690+0000] {dag.py:3820} INFO - Setting next_dagrun for example_python_decorator to None, run_after=None
[2025-05-04T22:24:13.697+0000] {processor.py:183} INFO - Processing /home/airflow/.local/lib/python3.8/site-packages/airflow/example_dags/example_python_decorator.py took 0.031 seconds
[2025-05-04T22:24:44.263+0000] {processor.py:161} INFO - Started process (PID=351) to work on /home/airflow/.local/lib/python3.8/site-packages/airflow/example_dags/example_python_decorator.py
[2025-05-04T22:24:44.264+0000] {processor.py:830} INFO - Processing file /home/airflow/.local/lib/python3.8/site-packages/airflow/example_dags/example_python_decorator.py for tasks to queue
[2025-05-04T22:24:44.265+0000] {logging_mixin.py:188} INFO - [2025-05-04T22:24:44.265+0000] {dagbag.py:538} INFO - Filling up the DagBag from /home/airflow/.local/lib/python3.8/site-packages/airflow/example_dags/example_python_decorator.py
[2025-05-04T22:24:44.269+0000] {processor.py:840} INFO - DAG(s) 'example_python_decorator' retrieved from /home/airflow/.local/lib/python3.8/site-packages/airflow/example_dags/example_python_decorator.py
[2025-05-04T22:24:44.279+0000] {logging_mixin.py:188} INFO - [2025-05-04T22:24:44.279+0000] {dag.py:3033} INFO - Sync 1 DAGs
[2025-05-04T22:24:44.284+0000] {logging_mixin.py:188} INFO - [2025-05-04T22:24:44.284+0000] {dag.py:3820} INFO - Setting next_dagrun for example_python_decorator to None, run_after=None
[2025-05-04T22:24:44.290+0000] {processor.py:183} INFO - Processing /home/airflow/.local/lib/python3.8/site-packages/airflow/example_dags/example_python_decorator.py took 0.029 seconds
[2025-05-04T22:25:29.721+0000] {processor.py:161} INFO - Started process (PID=77) to work on /home/airflow/.local/lib/python3.8/site-packages/airflow/example_dags/example_python_decorator.py
[2025-05-04T22:25:29.724+0000] {processor.py:830} INFO - Processing file /home/airflow/.local/lib/python3.8/site-packages/airflow/example_dags/example_python_decorator.py for tasks to queue
[2025-05-04T22:25:29.725+0000] {logging_mixin.py:188} INFO - [2025-05-04T22:25:29.724+0000] {dagbag.py:538} INFO - Filling up the DagBag from /home/airflow/.local/lib/python3.8/site-packages/airflow/example_dags/example_python_decorator.py
[2025-05-04T22:25:29.731+0000] {processor.py:840} INFO - DAG(s) 'example_python_decorator' retrieved from /home/airflow/.local/lib/python3.8/site-packages/airflow/example_dags/example_python_decorator.py
[2025-05-04T22:25:29.742+0000] {logging_mixin.py:188} INFO - [2025-05-04T22:25:29.742+0000] {dag.py:3033} INFO - Sync 1 DAGs
[2025-05-04T22:25:29.754+0000] {logging_mixin.py:188} INFO - [2025-05-04T22:25:29.754+0000] {dag.py:3820} INFO - Setting next_dagrun for example_python_decorator to None, run_after=None
[2025-05-04T22:25:29.765+0000] {processor.py:183} INFO - Processing /home/airflow/.local/lib/python3.8/site-packages/airflow/example_dags/example_python_decorator.py took 0.046 seconds
[2025-05-04T22:26:00.149+0000] {processor.py:161} INFO - Started process (PID=133) to work on /home/airflow/.local/lib/python3.8/site-packages/airflow/example_dags/example_python_decorator.py
[2025-05-04T22:26:00.150+0000] {processor.py:830} INFO - Processing file /home/airflow/.local/lib/python3.8/site-packages/airflow/example_dags/example_python_decorator.py for tasks to queue
[2025-05-04T22:26:00.152+0000] {logging_mixin.py:188} INFO - [2025-05-04T22:26:00.152+0000] {dagbag.py:538} INFO - Filling up the DagBag from /home/airflow/.local/lib/python3.8/site-packages/airflow/example_dags/example_python_decorator.py
[2025-05-04T22:26:00.158+0000] {processor.py:840} INFO - DAG(s) 'example_python_decorator' retrieved from /home/airflow/.local/lib/python3.8/site-packages/airflow/example_dags/example_python_decorator.py
[2025-05-04T22:26:00.206+0000] {logging_mixin.py:188} INFO - [2025-05-04T22:26:00.205+0000] {dag.py:3033} INFO - Sync 1 DAGs
[2025-05-04T22:26:00.212+0000] {logging_mixin.py:188} INFO - [2025-05-04T22:26:00.212+0000] {dag.py:3820} INFO - Setting next_dagrun for example_python_decorator to None, run_after=None
[2025-05-04T22:26:00.222+0000] {processor.py:183} INFO - Processing /home/airflow/.local/lib/python3.8/site-packages/airflow/example_dags/example_python_decorator.py took 0.074 seconds
[2025-05-04T22:26:31.106+0000] {processor.py:161} INFO - Started process (PID=189) to work on /home/airflow/.local/lib/python3.8/site-packages/airflow/example_dags/example_python_decorator.py
[2025-05-04T22:26:31.108+0000] {processor.py:830} INFO - Processing file /home/airflow/.local/lib/python3.8/site-packages/airflow/example_dags/example_python_decorator.py for tasks to queue
[2025-05-04T22:26:31.109+0000] {logging_mixin.py:188} INFO - [2025-05-04T22:26:31.109+0000] {dagbag.py:538} INFO - Filling up the DagBag from /home/airflow/.local/lib/python3.8/site-packages/airflow/example_dags/example_python_decorator.py
[2025-05-04T22:26:31.113+0000] {processor.py:840} INFO - DAG(s) 'example_python_decorator' retrieved from /home/airflow/.local/lib/python3.8/site-packages/airflow/example_dags/example_python_decorator.py
[2025-05-04T22:26:31.124+0000] {logging_mixin.py:188} INFO - [2025-05-04T22:26:31.124+0000] {dag.py:3033} INFO - Sync 1 DAGs
[2025-05-04T22:26:31.131+0000] {logging_mixin.py:188} INFO - [2025-05-04T22:26:31.131+0000] {dag.py:3820} INFO - Setting next_dagrun for example_python_decorator to None, run_after=None
[2025-05-04T22:26:31.140+0000] {processor.py:183} INFO - Processing /home/airflow/.local/lib/python3.8/site-packages/airflow/example_dags/example_python_decorator.py took 0.036 seconds
[2025-05-04T22:27:01.705+0000] {processor.py:161} INFO - Started process (PID=249) to work on /home/airflow/.local/lib/python3.8/site-packages/airflow/example_dags/example_python_decorator.py
[2025-05-04T22:27:01.706+0000] {processor.py:830} INFO - Processing file /home/airflow/.local/lib/python3.8/site-packages/airflow/example_dags/example_python_decorator.py for tasks to queue
[2025-05-04T22:27:01.707+0000] {logging_mixin.py:188} INFO - [2025-05-04T22:27:01.707+0000] {dagbag.py:538} INFO - Filling up the DagBag from /home/airflow/.local/lib/python3.8/site-packages/airflow/example_dags/example_python_decorator.py
[2025-05-04T22:27:01.713+0000] {processor.py:840} INFO - DAG(s) 'example_python_decorator' retrieved from /home/airflow/.local/lib/python3.8/site-packages/airflow/example_dags/example_python_decorator.py
[2025-05-04T22:27:01.723+0000] {logging_mixin.py:188} INFO - [2025-05-04T22:27:01.723+0000] {dag.py:3033} INFO - Sync 1 DAGs
[2025-05-04T22:27:01.730+0000] {logging_mixin.py:188} INFO - [2025-05-04T22:27:01.729+0000] {dag.py:3820} INFO - Setting next_dagrun for example_python_decorator to None, run_after=None
[2025-05-04T22:27:01.740+0000] {processor.py:183} INFO - Processing /home/airflow/.local/lib/python3.8/site-packages/airflow/example_dags/example_python_decorator.py took 0.036 seconds
[2025-05-04T22:27:32.342+0000] {processor.py:161} INFO - Started process (PID=305) to work on /home/airflow/.local/lib/python3.8/site-packages/airflow/example_dags/example_python_decorator.py
[2025-05-04T22:27:32.343+0000] {processor.py:830} INFO - Processing file /home/airflow/.local/lib/python3.8/site-packages/airflow/example_dags/example_python_decorator.py for tasks to queue
[2025-05-04T22:27:32.344+0000] {logging_mixin.py:188} INFO - [2025-05-04T22:27:32.344+0000] {dagbag.py:538} INFO - Filling up the DagBag from /home/airflow/.local/lib/python3.8/site-packages/airflow/example_dags/example_python_decorator.py
[2025-05-04T22:27:32.349+0000] {processor.py:840} INFO - DAG(s) 'example_python_decorator' retrieved from /home/airflow/.local/lib/python3.8/site-packages/airflow/example_dags/example_python_decorator.py
[2025-05-04T22:27:32.358+0000] {logging_mixin.py:188} INFO - [2025-05-04T22:27:32.358+0000] {dag.py:3033} INFO - Sync 1 DAGs
[2025-05-04T22:27:32.364+0000] {logging_mixin.py:188} INFO - [2025-05-04T22:27:32.364+0000] {dag.py:3820} INFO - Setting next_dagrun for example_python_decorator to None, run_after=None
[2025-05-04T22:27:32.374+0000] {processor.py:183} INFO - Processing /home/airflow/.local/lib/python3.8/site-packages/airflow/example_dags/example_python_decorator.py took 0.034 seconds
[2025-05-04T22:28:02.981+0000] {processor.py:161} INFO - Started process (PID=361) to work on /home/airflow/.local/lib/python3.8/site-packages/airflow/example_dags/example_python_decorator.py
[2025-05-04T22:28:02.982+0000] {processor.py:830} INFO - Processing file /home/airflow/.local/lib/python3.8/site-packages/airflow/example_dags/example_python_decorator.py for tasks to queue
[2025-05-04T22:28:02.984+0000] {logging_mixin.py:188} INFO - [2025-05-04T22:28:02.984+0000] {dagbag.py:538} INFO - Filling up the DagBag from /home/airflow/.local/lib/python3.8/site-packages/airflow/example_dags/example_python_decorator.py
[2025-05-04T22:28:02.988+0000] {processor.py:840} INFO - DAG(s) 'example_python_decorator' retrieved from /home/airflow/.local/lib/python3.8/site-packages/airflow/example_dags/example_python_decorator.py
[2025-05-04T22:28:02.999+0000] {logging_mixin.py:188} INFO - [2025-05-04T22:28:02.999+0000] {dag.py:3033} INFO - Sync 1 DAGs
[2025-05-04T22:28:03.004+0000] {logging_mixin.py:188} INFO - [2025-05-04T22:28:03.004+0000] {dag.py:3820} INFO - Setting next_dagrun for example_python_decorator to None, run_after=None
[2025-05-04T22:28:03.015+0000] {processor.py:183} INFO - Processing /home/airflow/.local/lib/python3.8/site-packages/airflow/example_dags/example_python_decorator.py took 0.035 seconds
[2025-05-04T22:28:33.641+0000] {processor.py:161} INFO - Started process (PID=417) to work on /home/airflow/.local/lib/python3.8/site-packages/airflow/example_dags/example_python_decorator.py
[2025-05-04T22:28:33.642+0000] {processor.py:830} INFO - Processing file /home/airflow/.local/lib/python3.8/site-packages/airflow/example_dags/example_python_decorator.py for tasks to queue
[2025-05-04T22:28:33.643+0000] {logging_mixin.py:188} INFO - [2025-05-04T22:28:33.643+0000] {dagbag.py:538} INFO - Filling up the DagBag from /home/airflow/.local/lib/python3.8/site-packages/airflow/example_dags/example_python_decorator.py
[2025-05-04T22:28:33.648+0000] {processor.py:840} INFO - DAG(s) 'example_python_decorator' retrieved from /home/airflow/.local/lib/python3.8/site-packages/airflow/example_dags/example_python_decorator.py
[2025-05-04T22:28:33.657+0000] {logging_mixin.py:188} INFO - [2025-05-04T22:28:33.657+0000] {dag.py:3033} INFO - Sync 1 DAGs
[2025-05-04T22:28:33.663+0000] {logging_mixin.py:188} INFO - [2025-05-04T22:28:33.663+0000] {dag.py:3820} INFO - Setting next_dagrun for example_python_decorator to None, run_after=None
[2025-05-04T22:28:33.673+0000] {processor.py:183} INFO - Processing /home/airflow/.local/lib/python3.8/site-packages/airflow/example_dags/example_python_decorator.py took 0.033 seconds
[2025-05-04T22:29:04.276+0000] {processor.py:161} INFO - Started process (PID=473) to work on /home/airflow/.local/lib/python3.8/site-packages/airflow/example_dags/example_python_decorator.py
[2025-05-04T22:29:04.277+0000] {processor.py:830} INFO - Processing file /home/airflow/.local/lib/python3.8/site-packages/airflow/example_dags/example_python_decorator.py for tasks to queue
[2025-05-04T22:29:04.278+0000] {logging_mixin.py:188} INFO - [2025-05-04T22:29:04.278+0000] {dagbag.py:538} INFO - Filling up the DagBag from /home/airflow/.local/lib/python3.8/site-packages/airflow/example_dags/example_python_decorator.py
[2025-05-04T22:29:04.284+0000] {processor.py:840} INFO - DAG(s) 'example_python_decorator' retrieved from /home/airflow/.local/lib/python3.8/site-packages/airflow/example_dags/example_python_decorator.py
[2025-05-04T22:29:04.295+0000] {logging_mixin.py:188} INFO - [2025-05-04T22:29:04.295+0000] {dag.py:3033} INFO - Sync 1 DAGs
[2025-05-04T22:29:04.301+0000] {logging_mixin.py:188} INFO - [2025-05-04T22:29:04.301+0000] {dag.py:3820} INFO - Setting next_dagrun for example_python_decorator to None, run_after=None
[2025-05-04T22:29:04.312+0000] {processor.py:183} INFO - Processing /home/airflow/.local/lib/python3.8/site-packages/airflow/example_dags/example_python_decorator.py took 0.038 seconds
[2025-05-04T22:29:35.155+0000] {processor.py:161} INFO - Started process (PID=529) to work on /home/airflow/.local/lib/python3.8/site-packages/airflow/example_dags/example_python_decorator.py
[2025-05-04T22:29:35.156+0000] {processor.py:830} INFO - Processing file /home/airflow/.local/lib/python3.8/site-packages/airflow/example_dags/example_python_decorator.py for tasks to queue
[2025-05-04T22:29:35.157+0000] {logging_mixin.py:188} INFO - [2025-05-04T22:29:35.157+0000] {dagbag.py:538} INFO - Filling up the DagBag from /home/airflow/.local/lib/python3.8/site-packages/airflow/example_dags/example_python_decorator.py
[2025-05-04T22:29:35.161+0000] {processor.py:840} INFO - DAG(s) 'example_python_decorator' retrieved from /home/airflow/.local/lib/python3.8/site-packages/airflow/example_dags/example_python_decorator.py
[2025-05-04T22:29:35.175+0000] {logging_mixin.py:188} INFO - [2025-05-04T22:29:35.175+0000] {dag.py:3033} INFO - Sync 1 DAGs
[2025-05-04T22:29:35.181+0000] {logging_mixin.py:188} INFO - [2025-05-04T22:29:35.181+0000] {dag.py:3820} INFO - Setting next_dagrun for example_python_decorator to None, run_after=None
[2025-05-04T22:29:35.191+0000] {processor.py:183} INFO - Processing /home/airflow/.local/lib/python3.8/site-packages/airflow/example_dags/example_python_decorator.py took 0.037 seconds
[2025-05-04T22:30:05.822+0000] {processor.py:161} INFO - Started process (PID=585) to work on /home/airflow/.local/lib/python3.8/site-packages/airflow/example_dags/example_python_decorator.py
[2025-05-04T22:30:05.823+0000] {processor.py:830} INFO - Processing file /home/airflow/.local/lib/python3.8/site-packages/airflow/example_dags/example_python_decorator.py for tasks to queue
[2025-05-04T22:30:05.825+0000] {logging_mixin.py:188} INFO - [2025-05-04T22:30:05.825+0000] {dagbag.py:538} INFO - Filling up the DagBag from /home/airflow/.local/lib/python3.8/site-packages/airflow/example_dags/example_python_decorator.py
[2025-05-04T22:30:05.829+0000] {processor.py:840} INFO - DAG(s) 'example_python_decorator' retrieved from /home/airflow/.local/lib/python3.8/site-packages/airflow/example_dags/example_python_decorator.py
[2025-05-04T22:30:05.839+0000] {logging_mixin.py:188} INFO - [2025-05-04T22:30:05.839+0000] {dag.py:3033} INFO - Sync 1 DAGs
[2025-05-04T22:30:05.844+0000] {logging_mixin.py:188} INFO - [2025-05-04T22:30:05.844+0000] {dag.py:3820} INFO - Setting next_dagrun for example_python_decorator to None, run_after=None
[2025-05-04T22:30:05.851+0000] {processor.py:183} INFO - Processing /home/airflow/.local/lib/python3.8/site-packages/airflow/example_dags/example_python_decorator.py took 0.030 seconds
[2025-05-04T22:30:36.496+0000] {processor.py:161} INFO - Started process (PID=641) to work on /home/airflow/.local/lib/python3.8/site-packages/airflow/example_dags/example_python_decorator.py
[2025-05-04T22:30:36.496+0000] {processor.py:830} INFO - Processing file /home/airflow/.local/lib/python3.8/site-packages/airflow/example_dags/example_python_decorator.py for tasks to queue
[2025-05-04T22:30:36.497+0000] {logging_mixin.py:188} INFO - [2025-05-04T22:30:36.497+0000] {dagbag.py:538} INFO - Filling up the DagBag from /home/airflow/.local/lib/python3.8/site-packages/airflow/example_dags/example_python_decorator.py
[2025-05-04T22:30:36.503+0000] {processor.py:840} INFO - DAG(s) 'example_python_decorator' retrieved from /home/airflow/.local/lib/python3.8/site-packages/airflow/example_dags/example_python_decorator.py
[2025-05-04T22:30:36.523+0000] {logging_mixin.py:188} INFO - [2025-05-04T22:30:36.523+0000] {dag.py:3033} INFO - Sync 1 DAGs
[2025-05-04T22:30:36.531+0000] {logging_mixin.py:188} INFO - [2025-05-04T22:30:36.530+0000] {dag.py:3820} INFO - Setting next_dagrun for example_python_decorator to None, run_after=None
[2025-05-04T22:30:36.542+0000] {processor.py:183} INFO - Processing /home/airflow/.local/lib/python3.8/site-packages/airflow/example_dags/example_python_decorator.py took 0.048 seconds
[2025-05-04T22:31:15.000+0000] {processor.py:161} INFO - Started process (PID=78) to work on /home/airflow/.local/lib/python3.8/site-packages/airflow/example_dags/example_python_decorator.py
[2025-05-04T22:31:15.001+0000] {processor.py:830} INFO - Processing file /home/airflow/.local/lib/python3.8/site-packages/airflow/example_dags/example_python_decorator.py for tasks to queue
[2025-05-04T22:31:15.002+0000] {logging_mixin.py:188} INFO - [2025-05-04T22:31:15.002+0000] {dagbag.py:538} INFO - Filling up the DagBag from /home/airflow/.local/lib/python3.8/site-packages/airflow/example_dags/example_python_decorator.py
[2025-05-04T22:31:15.006+0000] {processor.py:840} INFO - DAG(s) 'example_python_decorator' retrieved from /home/airflow/.local/lib/python3.8/site-packages/airflow/example_dags/example_python_decorator.py
[2025-05-04T22:31:15.015+0000] {logging_mixin.py:188} INFO - [2025-05-04T22:31:15.015+0000] {dag.py:3033} INFO - Sync 1 DAGs
[2025-05-04T22:31:15.021+0000] {logging_mixin.py:188} INFO - [2025-05-04T22:31:15.021+0000] {dag.py:3820} INFO - Setting next_dagrun for example_python_decorator to None, run_after=None
[2025-05-04T22:31:15.035+0000] {processor.py:183} INFO - Processing /home/airflow/.local/lib/python3.8/site-packages/airflow/example_dags/example_python_decorator.py took 0.036 seconds
[2025-05-04T22:31:45.221+0000] {processor.py:161} INFO - Started process (PID=134) to work on /home/airflow/.local/lib/python3.8/site-packages/airflow/example_dags/example_python_decorator.py
[2025-05-04T22:31:45.221+0000] {processor.py:830} INFO - Processing file /home/airflow/.local/lib/python3.8/site-packages/airflow/example_dags/example_python_decorator.py for tasks to queue
[2025-05-04T22:31:45.222+0000] {logging_mixin.py:188} INFO - [2025-05-04T22:31:45.222+0000] {dagbag.py:538} INFO - Filling up the DagBag from /home/airflow/.local/lib/python3.8/site-packages/airflow/example_dags/example_python_decorator.py
[2025-05-04T22:31:45.226+0000] {processor.py:840} INFO - DAG(s) 'example_python_decorator' retrieved from /home/airflow/.local/lib/python3.8/site-packages/airflow/example_dags/example_python_decorator.py
[2025-05-04T22:31:45.267+0000] {logging_mixin.py:188} INFO - [2025-05-04T22:31:45.267+0000] {dag.py:3033} INFO - Sync 1 DAGs
[2025-05-04T22:31:45.272+0000] {logging_mixin.py:188} INFO - [2025-05-04T22:31:45.271+0000] {dag.py:3820} INFO - Setting next_dagrun for example_python_decorator to None, run_after=None
[2025-05-04T22:31:45.288+0000] {processor.py:183} INFO - Processing /home/airflow/.local/lib/python3.8/site-packages/airflow/example_dags/example_python_decorator.py took 0.069 seconds
[2025-05-04T22:32:16.237+0000] {processor.py:161} INFO - Started process (PID=194) to work on /home/airflow/.local/lib/python3.8/site-packages/airflow/example_dags/example_python_decorator.py
[2025-05-04T22:32:16.238+0000] {processor.py:830} INFO - Processing file /home/airflow/.local/lib/python3.8/site-packages/airflow/example_dags/example_python_decorator.py for tasks to queue
[2025-05-04T22:32:16.240+0000] {logging_mixin.py:188} INFO - [2025-05-04T22:32:16.239+0000] {dagbag.py:538} INFO - Filling up the DagBag from /home/airflow/.local/lib/python3.8/site-packages/airflow/example_dags/example_python_decorator.py
[2025-05-04T22:32:16.245+0000] {processor.py:840} INFO - DAG(s) 'example_python_decorator' retrieved from /home/airflow/.local/lib/python3.8/site-packages/airflow/example_dags/example_python_decorator.py
[2025-05-04T22:32:16.259+0000] {logging_mixin.py:188} INFO - [2025-05-04T22:32:16.259+0000] {dag.py:3033} INFO - Sync 1 DAGs
[2025-05-04T22:32:16.265+0000] {logging_mixin.py:188} INFO - [2025-05-04T22:32:16.264+0000] {dag.py:3820} INFO - Setting next_dagrun for example_python_decorator to None, run_after=None
[2025-05-04T22:32:16.276+0000] {processor.py:183} INFO - Processing /home/airflow/.local/lib/python3.8/site-packages/airflow/example_dags/example_python_decorator.py took 0.040 seconds
[2025-05-04T22:32:46.899+0000] {processor.py:161} INFO - Started process (PID=250) to work on /home/airflow/.local/lib/python3.8/site-packages/airflow/example_dags/example_python_decorator.py
[2025-05-04T22:32:46.900+0000] {processor.py:830} INFO - Processing file /home/airflow/.local/lib/python3.8/site-packages/airflow/example_dags/example_python_decorator.py for tasks to queue
[2025-05-04T22:32:46.902+0000] {logging_mixin.py:188} INFO - [2025-05-04T22:32:46.902+0000] {dagbag.py:538} INFO - Filling up the DagBag from /home/airflow/.local/lib/python3.8/site-packages/airflow/example_dags/example_python_decorator.py
[2025-05-04T22:32:46.906+0000] {processor.py:840} INFO - DAG(s) 'example_python_decorator' retrieved from /home/airflow/.local/lib/python3.8/site-packages/airflow/example_dags/example_python_decorator.py
[2025-05-04T22:32:46.918+0000] {logging_mixin.py:188} INFO - [2025-05-04T22:32:46.918+0000] {dag.py:3033} INFO - Sync 1 DAGs
[2025-05-04T22:32:46.923+0000] {logging_mixin.py:188} INFO - [2025-05-04T22:32:46.923+0000] {dag.py:3820} INFO - Setting next_dagrun for example_python_decorator to None, run_after=None
[2025-05-04T22:32:46.935+0000] {processor.py:183} INFO - Processing /home/airflow/.local/lib/python3.8/site-packages/airflow/example_dags/example_python_decorator.py took 0.037 seconds
[2025-05-04T22:33:17.673+0000] {processor.py:161} INFO - Started process (PID=306) to work on /home/airflow/.local/lib/python3.8/site-packages/airflow/example_dags/example_python_decorator.py
[2025-05-04T22:33:17.676+0000] {processor.py:830} INFO - Processing file /home/airflow/.local/lib/python3.8/site-packages/airflow/example_dags/example_python_decorator.py for tasks to queue
[2025-05-04T22:33:17.677+0000] {logging_mixin.py:188} INFO - [2025-05-04T22:33:17.677+0000] {dagbag.py:538} INFO - Filling up the DagBag from /home/airflow/.local/lib/python3.8/site-packages/airflow/example_dags/example_python_decorator.py
[2025-05-04T22:33:17.681+0000] {processor.py:840} INFO - DAG(s) 'example_python_decorator' retrieved from /home/airflow/.local/lib/python3.8/site-packages/airflow/example_dags/example_python_decorator.py
[2025-05-04T22:33:17.695+0000] {logging_mixin.py:188} INFO - [2025-05-04T22:33:17.694+0000] {dag.py:3033} INFO - Sync 1 DAGs
[2025-05-04T22:33:17.700+0000] {logging_mixin.py:188} INFO - [2025-05-04T22:33:17.700+0000] {dag.py:3820} INFO - Setting next_dagrun for example_python_decorator to None, run_after=None
[2025-05-04T22:33:17.706+0000] {processor.py:183} INFO - Processing /home/airflow/.local/lib/python3.8/site-packages/airflow/example_dags/example_python_decorator.py took 0.035 seconds
[2025-05-04T22:33:48.330+0000] {processor.py:161} INFO - Started process (PID=362) to work on /home/airflow/.local/lib/python3.8/site-packages/airflow/example_dags/example_python_decorator.py
[2025-05-04T22:33:48.330+0000] {processor.py:830} INFO - Processing file /home/airflow/.local/lib/python3.8/site-packages/airflow/example_dags/example_python_decorator.py for tasks to queue
[2025-05-04T22:33:48.332+0000] {logging_mixin.py:188} INFO - [2025-05-04T22:33:48.331+0000] {dagbag.py:538} INFO - Filling up the DagBag from /home/airflow/.local/lib/python3.8/site-packages/airflow/example_dags/example_python_decorator.py
[2025-05-04T22:33:48.336+0000] {processor.py:840} INFO - DAG(s) 'example_python_decorator' retrieved from /home/airflow/.local/lib/python3.8/site-packages/airflow/example_dags/example_python_decorator.py
[2025-05-04T22:33:48.346+0000] {logging_mixin.py:188} INFO - [2025-05-04T22:33:48.346+0000] {dag.py:3033} INFO - Sync 1 DAGs
[2025-05-04T22:33:48.351+0000] {logging_mixin.py:188} INFO - [2025-05-04T22:33:48.351+0000] {dag.py:3820} INFO - Setting next_dagrun for example_python_decorator to None, run_after=None
[2025-05-04T22:33:48.358+0000] {processor.py:183} INFO - Processing /home/airflow/.local/lib/python3.8/site-packages/airflow/example_dags/example_python_decorator.py took 0.030 seconds
[2025-05-04T22:34:18.962+0000] {processor.py:161} INFO - Started process (PID=418) to work on /home/airflow/.local/lib/python3.8/site-packages/airflow/example_dags/example_python_decorator.py
[2025-05-04T22:34:18.964+0000] {processor.py:830} INFO - Processing file /home/airflow/.local/lib/python3.8/site-packages/airflow/example_dags/example_python_decorator.py for tasks to queue
[2025-05-04T22:34:18.966+0000] {logging_mixin.py:188} INFO - [2025-05-04T22:34:18.966+0000] {dagbag.py:538} INFO - Filling up the DagBag from /home/airflow/.local/lib/python3.8/site-packages/airflow/example_dags/example_python_decorator.py
[2025-05-04T22:34:18.970+0000] {processor.py:840} INFO - DAG(s) 'example_python_decorator' retrieved from /home/airflow/.local/lib/python3.8/site-packages/airflow/example_dags/example_python_decorator.py
[2025-05-04T22:34:18.980+0000] {logging_mixin.py:188} INFO - [2025-05-04T22:34:18.980+0000] {dag.py:3033} INFO - Sync 1 DAGs
[2025-05-04T22:34:18.985+0000] {logging_mixin.py:188} INFO - [2025-05-04T22:34:18.985+0000] {dag.py:3820} INFO - Setting next_dagrun for example_python_decorator to None, run_after=None
[2025-05-04T22:34:18.992+0000] {processor.py:183} INFO - Processing /home/airflow/.local/lib/python3.8/site-packages/airflow/example_dags/example_python_decorator.py took 0.032 seconds
[2025-05-04T22:36:26.168+0000] {processor.py:161} INFO - Started process (PID=76) to work on /home/airflow/.local/lib/python3.8/site-packages/airflow/example_dags/example_python_decorator.py
[2025-05-04T22:36:26.168+0000] {processor.py:830} INFO - Processing file /home/airflow/.local/lib/python3.8/site-packages/airflow/example_dags/example_python_decorator.py for tasks to queue
[2025-05-04T22:36:26.169+0000] {logging_mixin.py:188} INFO - [2025-05-04T22:36:26.169+0000] {dagbag.py:538} INFO - Filling up the DagBag from /home/airflow/.local/lib/python3.8/site-packages/airflow/example_dags/example_python_decorator.py
[2025-05-04T22:36:26.173+0000] {processor.py:840} INFO - DAG(s) 'example_python_decorator' retrieved from /home/airflow/.local/lib/python3.8/site-packages/airflow/example_dags/example_python_decorator.py
[2025-05-04T22:36:26.183+0000] {logging_mixin.py:188} INFO - [2025-05-04T22:36:26.183+0000] {dag.py:3033} INFO - Sync 1 DAGs
[2025-05-04T22:36:26.192+0000] {logging_mixin.py:188} INFO - [2025-05-04T22:36:26.192+0000] {dag.py:3820} INFO - Setting next_dagrun for example_python_decorator to None, run_after=None
[2025-05-04T22:36:26.201+0000] {processor.py:183} INFO - Processing /home/airflow/.local/lib/python3.8/site-packages/airflow/example_dags/example_python_decorator.py took 0.035 seconds
[2025-05-04T22:36:56.439+0000] {processor.py:161} INFO - Started process (PID=132) to work on /home/airflow/.local/lib/python3.8/site-packages/airflow/example_dags/example_python_decorator.py
[2025-05-04T22:36:56.440+0000] {processor.py:830} INFO - Processing file /home/airflow/.local/lib/python3.8/site-packages/airflow/example_dags/example_python_decorator.py for tasks to queue
[2025-05-04T22:36:56.441+0000] {logging_mixin.py:188} INFO - [2025-05-04T22:36:56.441+0000] {dagbag.py:538} INFO - Filling up the DagBag from /home/airflow/.local/lib/python3.8/site-packages/airflow/example_dags/example_python_decorator.py
[2025-05-04T22:36:56.445+0000] {processor.py:840} INFO - DAG(s) 'example_python_decorator' retrieved from /home/airflow/.local/lib/python3.8/site-packages/airflow/example_dags/example_python_decorator.py
[2025-05-04T22:36:56.501+0000] {logging_mixin.py:188} INFO - [2025-05-04T22:36:56.501+0000] {dag.py:3033} INFO - Sync 1 DAGs
[2025-05-04T22:36:56.508+0000] {logging_mixin.py:188} INFO - [2025-05-04T22:36:56.508+0000] {dag.py:3820} INFO - Setting next_dagrun for example_python_decorator to None, run_after=None
[2025-05-04T22:36:56.521+0000] {processor.py:183} INFO - Processing /home/airflow/.local/lib/python3.8/site-packages/airflow/example_dags/example_python_decorator.py took 0.084 seconds
[2025-05-04T22:37:27.392+0000] {processor.py:161} INFO - Started process (PID=188) to work on /home/airflow/.local/lib/python3.8/site-packages/airflow/example_dags/example_python_decorator.py
[2025-05-04T22:37:27.393+0000] {processor.py:830} INFO - Processing file /home/airflow/.local/lib/python3.8/site-packages/airflow/example_dags/example_python_decorator.py for tasks to queue
[2025-05-04T22:37:27.393+0000] {logging_mixin.py:188} INFO - [2025-05-04T22:37:27.393+0000] {dagbag.py:538} INFO - Filling up the DagBag from /home/airflow/.local/lib/python3.8/site-packages/airflow/example_dags/example_python_decorator.py
[2025-05-04T22:37:27.398+0000] {processor.py:840} INFO - DAG(s) 'example_python_decorator' retrieved from /home/airflow/.local/lib/python3.8/site-packages/airflow/example_dags/example_python_decorator.py
[2025-05-04T22:37:27.412+0000] {logging_mixin.py:188} INFO - [2025-05-04T22:37:27.412+0000] {dag.py:3033} INFO - Sync 1 DAGs
[2025-05-04T22:37:27.420+0000] {logging_mixin.py:188} INFO - [2025-05-04T22:37:27.420+0000] {dag.py:3820} INFO - Setting next_dagrun for example_python_decorator to None, run_after=None
[2025-05-04T22:37:27.437+0000] {processor.py:183} INFO - Processing /home/airflow/.local/lib/python3.8/site-packages/airflow/example_dags/example_python_decorator.py took 0.047 seconds
[2025-05-04T22:37:58.035+0000] {processor.py:161} INFO - Started process (PID=244) to work on /home/airflow/.local/lib/python3.8/site-packages/airflow/example_dags/example_python_decorator.py
[2025-05-04T22:37:58.036+0000] {processor.py:830} INFO - Processing file /home/airflow/.local/lib/python3.8/site-packages/airflow/example_dags/example_python_decorator.py for tasks to queue
[2025-05-04T22:37:58.038+0000] {logging_mixin.py:188} INFO - [2025-05-04T22:37:58.038+0000] {dagbag.py:538} INFO - Filling up the DagBag from /home/airflow/.local/lib/python3.8/site-packages/airflow/example_dags/example_python_decorator.py
[2025-05-04T22:37:58.043+0000] {processor.py:840} INFO - DAG(s) 'example_python_decorator' retrieved from /home/airflow/.local/lib/python3.8/site-packages/airflow/example_dags/example_python_decorator.py
[2025-05-04T22:37:58.056+0000] {logging_mixin.py:188} INFO - [2025-05-04T22:37:58.056+0000] {dag.py:3033} INFO - Sync 1 DAGs
[2025-05-04T22:37:58.064+0000] {logging_mixin.py:188} INFO - [2025-05-04T22:37:58.064+0000] {dag.py:3820} INFO - Setting next_dagrun for example_python_decorator to None, run_after=None
[2025-05-04T22:37:58.078+0000] {processor.py:183} INFO - Processing /home/airflow/.local/lib/python3.8/site-packages/airflow/example_dags/example_python_decorator.py took 0.045 seconds
[2025-05-04T22:38:28.795+0000] {processor.py:161} INFO - Started process (PID=300) to work on /home/airflow/.local/lib/python3.8/site-packages/airflow/example_dags/example_python_decorator.py
[2025-05-04T22:38:28.796+0000] {processor.py:830} INFO - Processing file /home/airflow/.local/lib/python3.8/site-packages/airflow/example_dags/example_python_decorator.py for tasks to queue
[2025-05-04T22:38:28.799+0000] {logging_mixin.py:188} INFO - [2025-05-04T22:38:28.799+0000] {dagbag.py:538} INFO - Filling up the DagBag from /home/airflow/.local/lib/python3.8/site-packages/airflow/example_dags/example_python_decorator.py
[2025-05-04T22:38:28.802+0000] {processor.py:840} INFO - DAG(s) 'example_python_decorator' retrieved from /home/airflow/.local/lib/python3.8/site-packages/airflow/example_dags/example_python_decorator.py
[2025-05-04T22:38:28.813+0000] {logging_mixin.py:188} INFO - [2025-05-04T22:38:28.813+0000] {dag.py:3033} INFO - Sync 1 DAGs
[2025-05-04T22:38:28.819+0000] {logging_mixin.py:188} INFO - [2025-05-04T22:38:28.819+0000] {dag.py:3820} INFO - Setting next_dagrun for example_python_decorator to None, run_after=None
[2025-05-04T22:38:28.831+0000] {processor.py:183} INFO - Processing /home/airflow/.local/lib/python3.8/site-packages/airflow/example_dags/example_python_decorator.py took 0.037 seconds
[2025-05-04T22:38:59.528+0000] {processor.py:161} INFO - Started process (PID=356) to work on /home/airflow/.local/lib/python3.8/site-packages/airflow/example_dags/example_python_decorator.py
[2025-05-04T22:38:59.529+0000] {processor.py:830} INFO - Processing file /home/airflow/.local/lib/python3.8/site-packages/airflow/example_dags/example_python_decorator.py for tasks to queue
[2025-05-04T22:38:59.530+0000] {logging_mixin.py:188} INFO - [2025-05-04T22:38:59.530+0000] {dagbag.py:538} INFO - Filling up the DagBag from /home/airflow/.local/lib/python3.8/site-packages/airflow/example_dags/example_python_decorator.py
[2025-05-04T22:38:59.534+0000] {processor.py:840} INFO - DAG(s) 'example_python_decorator' retrieved from /home/airflow/.local/lib/python3.8/site-packages/airflow/example_dags/example_python_decorator.py
[2025-05-04T22:38:59.553+0000] {logging_mixin.py:188} INFO - [2025-05-04T22:38:59.553+0000] {dag.py:3033} INFO - Sync 1 DAGs
[2025-05-04T22:38:59.560+0000] {logging_mixin.py:188} INFO - [2025-05-04T22:38:59.560+0000] {dag.py:3820} INFO - Setting next_dagrun for example_python_decorator to None, run_after=None
[2025-05-04T22:38:59.568+0000] {processor.py:183} INFO - Processing /home/airflow/.local/lib/python3.8/site-packages/airflow/example_dags/example_python_decorator.py took 0.041 seconds
[2025-05-04T22:39:30.385+0000] {processor.py:161} INFO - Started process (PID=412) to work on /home/airflow/.local/lib/python3.8/site-packages/airflow/example_dags/example_python_decorator.py
[2025-05-04T22:39:30.386+0000] {processor.py:830} INFO - Processing file /home/airflow/.local/lib/python3.8/site-packages/airflow/example_dags/example_python_decorator.py for tasks to queue
[2025-05-04T22:39:30.387+0000] {logging_mixin.py:188} INFO - [2025-05-04T22:39:30.387+0000] {dagbag.py:538} INFO - Filling up the DagBag from /home/airflow/.local/lib/python3.8/site-packages/airflow/example_dags/example_python_decorator.py
[2025-05-04T22:39:30.393+0000] {processor.py:840} INFO - DAG(s) 'example_python_decorator' retrieved from /home/airflow/.local/lib/python3.8/site-packages/airflow/example_dags/example_python_decorator.py
[2025-05-04T22:39:30.408+0000] {logging_mixin.py:188} INFO - [2025-05-04T22:39:30.408+0000] {dag.py:3033} INFO - Sync 1 DAGs
[2025-05-04T22:39:30.415+0000] {logging_mixin.py:188} INFO - [2025-05-04T22:39:30.415+0000] {dag.py:3820} INFO - Setting next_dagrun for example_python_decorator to None, run_after=None
[2025-05-04T22:39:30.424+0000] {processor.py:183} INFO - Processing /home/airflow/.local/lib/python3.8/site-packages/airflow/example_dags/example_python_decorator.py took 0.042 seconds
[2025-05-04T22:40:01.256+0000] {processor.py:161} INFO - Started process (PID=469) to work on /home/airflow/.local/lib/python3.8/site-packages/airflow/example_dags/example_python_decorator.py
[2025-05-04T22:40:01.258+0000] {processor.py:830} INFO - Processing file /home/airflow/.local/lib/python3.8/site-packages/airflow/example_dags/example_python_decorator.py for tasks to queue
[2025-05-04T22:40:01.259+0000] {logging_mixin.py:188} INFO - [2025-05-04T22:40:01.259+0000] {dagbag.py:538} INFO - Filling up the DagBag from /home/airflow/.local/lib/python3.8/site-packages/airflow/example_dags/example_python_decorator.py
[2025-05-04T22:40:01.265+0000] {processor.py:840} INFO - DAG(s) 'example_python_decorator' retrieved from /home/airflow/.local/lib/python3.8/site-packages/airflow/example_dags/example_python_decorator.py
[2025-05-04T22:40:01.277+0000] {logging_mixin.py:188} INFO - [2025-05-04T22:40:01.277+0000] {dag.py:3033} INFO - Sync 1 DAGs
[2025-05-04T22:40:01.284+0000] {logging_mixin.py:188} INFO - [2025-05-04T22:40:01.284+0000] {dag.py:3820} INFO - Setting next_dagrun for example_python_decorator to None, run_after=None
[2025-05-04T22:40:01.298+0000] {processor.py:183} INFO - Processing /home/airflow/.local/lib/python3.8/site-packages/airflow/example_dags/example_python_decorator.py took 0.043 seconds
[2025-05-04T22:40:32.264+0000] {processor.py:161} INFO - Started process (PID=525) to work on /home/airflow/.local/lib/python3.8/site-packages/airflow/example_dags/example_python_decorator.py
[2025-05-04T22:40:32.265+0000] {processor.py:830} INFO - Processing file /home/airflow/.local/lib/python3.8/site-packages/airflow/example_dags/example_python_decorator.py for tasks to queue
[2025-05-04T22:40:32.266+0000] {logging_mixin.py:188} INFO - [2025-05-04T22:40:32.266+0000] {dagbag.py:538} INFO - Filling up the DagBag from /home/airflow/.local/lib/python3.8/site-packages/airflow/example_dags/example_python_decorator.py
[2025-05-04T22:40:32.274+0000] {processor.py:840} INFO - DAG(s) 'example_python_decorator' retrieved from /home/airflow/.local/lib/python3.8/site-packages/airflow/example_dags/example_python_decorator.py
[2025-05-04T22:40:32.300+0000] {logging_mixin.py:188} INFO - [2025-05-04T22:40:32.300+0000] {dag.py:3033} INFO - Sync 1 DAGs
[2025-05-04T22:40:32.307+0000] {logging_mixin.py:188} INFO - [2025-05-04T22:40:32.307+0000] {dag.py:3820} INFO - Setting next_dagrun for example_python_decorator to None, run_after=None
[2025-05-04T22:40:32.319+0000] {processor.py:183} INFO - Processing /home/airflow/.local/lib/python3.8/site-packages/airflow/example_dags/example_python_decorator.py took 0.056 seconds
[2025-05-04T22:41:02.350+0000] {processor.py:161} INFO - Started process (PID=581) to work on /home/airflow/.local/lib/python3.8/site-packages/airflow/example_dags/example_python_decorator.py
[2025-05-04T22:41:02.351+0000] {processor.py:830} INFO - Processing file /home/airflow/.local/lib/python3.8/site-packages/airflow/example_dags/example_python_decorator.py for tasks to queue
[2025-05-04T22:41:02.353+0000] {logging_mixin.py:188} INFO - [2025-05-04T22:41:02.353+0000] {dagbag.py:538} INFO - Filling up the DagBag from /home/airflow/.local/lib/python3.8/site-packages/airflow/example_dags/example_python_decorator.py
[2025-05-04T22:41:02.357+0000] {processor.py:840} INFO - DAG(s) 'example_python_decorator' retrieved from /home/airflow/.local/lib/python3.8/site-packages/airflow/example_dags/example_python_decorator.py
[2025-05-04T22:41:02.368+0000] {logging_mixin.py:188} INFO - [2025-05-04T22:41:02.368+0000] {dag.py:3033} INFO - Sync 1 DAGs
[2025-05-04T22:41:02.375+0000] {logging_mixin.py:188} INFO - [2025-05-04T22:41:02.375+0000] {dag.py:3820} INFO - Setting next_dagrun for example_python_decorator to None, run_after=None
[2025-05-04T22:41:02.386+0000] {processor.py:183} INFO - Processing /home/airflow/.local/lib/python3.8/site-packages/airflow/example_dags/example_python_decorator.py took 0.037 seconds
[2025-05-04T22:41:32.968+0000] {processor.py:161} INFO - Started process (PID=637) to work on /home/airflow/.local/lib/python3.8/site-packages/airflow/example_dags/example_python_decorator.py
[2025-05-04T22:41:32.971+0000] {processor.py:830} INFO - Processing file /home/airflow/.local/lib/python3.8/site-packages/airflow/example_dags/example_python_decorator.py for tasks to queue
[2025-05-04T22:41:32.972+0000] {logging_mixin.py:188} INFO - [2025-05-04T22:41:32.972+0000] {dagbag.py:538} INFO - Filling up the DagBag from /home/airflow/.local/lib/python3.8/site-packages/airflow/example_dags/example_python_decorator.py
[2025-05-04T22:41:32.977+0000] {processor.py:840} INFO - DAG(s) 'example_python_decorator' retrieved from /home/airflow/.local/lib/python3.8/site-packages/airflow/example_dags/example_python_decorator.py
[2025-05-04T22:41:32.986+0000] {logging_mixin.py:188} INFO - [2025-05-04T22:41:32.986+0000] {dag.py:3033} INFO - Sync 1 DAGs
[2025-05-04T22:41:32.993+0000] {logging_mixin.py:188} INFO - [2025-05-04T22:41:32.993+0000] {dag.py:3820} INFO - Setting next_dagrun for example_python_decorator to None, run_after=None
[2025-05-04T22:41:32.999+0000] {processor.py:183} INFO - Processing /home/airflow/.local/lib/python3.8/site-packages/airflow/example_dags/example_python_decorator.py took 0.032 seconds
[2025-05-04T22:42:03.891+0000] {processor.py:161} INFO - Started process (PID=693) to work on /home/airflow/.local/lib/python3.8/site-packages/airflow/example_dags/example_python_decorator.py
[2025-05-04T22:42:03.892+0000] {processor.py:830} INFO - Processing file /home/airflow/.local/lib/python3.8/site-packages/airflow/example_dags/example_python_decorator.py for tasks to queue
[2025-05-04T22:42:03.894+0000] {logging_mixin.py:188} INFO - [2025-05-04T22:42:03.894+0000] {dagbag.py:538} INFO - Filling up the DagBag from /home/airflow/.local/lib/python3.8/site-packages/airflow/example_dags/example_python_decorator.py
[2025-05-04T22:42:03.900+0000] {processor.py:840} INFO - DAG(s) 'example_python_decorator' retrieved from /home/airflow/.local/lib/python3.8/site-packages/airflow/example_dags/example_python_decorator.py
[2025-05-04T22:42:03.913+0000] {logging_mixin.py:188} INFO - [2025-05-04T22:42:03.913+0000] {dag.py:3033} INFO - Sync 1 DAGs
[2025-05-04T22:42:03.920+0000] {logging_mixin.py:188} INFO - [2025-05-04T22:42:03.920+0000] {dag.py:3820} INFO - Setting next_dagrun for example_python_decorator to None, run_after=None
[2025-05-04T22:42:03.928+0000] {processor.py:183} INFO - Processing /home/airflow/.local/lib/python3.8/site-packages/airflow/example_dags/example_python_decorator.py took 0.039 seconds
[2025-05-04T22:42:34.614+0000] {processor.py:161} INFO - Started process (PID=749) to work on /home/airflow/.local/lib/python3.8/site-packages/airflow/example_dags/example_python_decorator.py
[2025-05-04T22:42:34.614+0000] {processor.py:830} INFO - Processing file /home/airflow/.local/lib/python3.8/site-packages/airflow/example_dags/example_python_decorator.py for tasks to queue
[2025-05-04T22:42:34.616+0000] {logging_mixin.py:188} INFO - [2025-05-04T22:42:34.616+0000] {dagbag.py:538} INFO - Filling up the DagBag from /home/airflow/.local/lib/python3.8/site-packages/airflow/example_dags/example_python_decorator.py
[2025-05-04T22:42:34.622+0000] {processor.py:840} INFO - DAG(s) 'example_python_decorator' retrieved from /home/airflow/.local/lib/python3.8/site-packages/airflow/example_dags/example_python_decorator.py
[2025-05-04T22:42:34.634+0000] {logging_mixin.py:188} INFO - [2025-05-04T22:42:34.634+0000] {dag.py:3033} INFO - Sync 1 DAGs
[2025-05-04T22:42:34.641+0000] {logging_mixin.py:188} INFO - [2025-05-04T22:42:34.641+0000] {dag.py:3820} INFO - Setting next_dagrun for example_python_decorator to None, run_after=None
[2025-05-04T22:42:34.652+0000] {processor.py:183} INFO - Processing /home/airflow/.local/lib/python3.8/site-packages/airflow/example_dags/example_python_decorator.py took 0.040 seconds
[2025-05-04T22:43:05.637+0000] {processor.py:161} INFO - Started process (PID=805) to work on /home/airflow/.local/lib/python3.8/site-packages/airflow/example_dags/example_python_decorator.py
[2025-05-04T22:43:05.638+0000] {processor.py:830} INFO - Processing file /home/airflow/.local/lib/python3.8/site-packages/airflow/example_dags/example_python_decorator.py for tasks to queue
[2025-05-04T22:43:05.638+0000] {logging_mixin.py:188} INFO - [2025-05-04T22:43:05.638+0000] {dagbag.py:538} INFO - Filling up the DagBag from /home/airflow/.local/lib/python3.8/site-packages/airflow/example_dags/example_python_decorator.py
[2025-05-04T22:43:05.646+0000] {processor.py:840} INFO - DAG(s) 'example_python_decorator' retrieved from /home/airflow/.local/lib/python3.8/site-packages/airflow/example_dags/example_python_decorator.py
[2025-05-04T22:43:05.661+0000] {logging_mixin.py:188} INFO - [2025-05-04T22:43:05.661+0000] {dag.py:3033} INFO - Sync 1 DAGs
[2025-05-04T22:43:05.670+0000] {logging_mixin.py:188} INFO - [2025-05-04T22:43:05.670+0000] {dag.py:3820} INFO - Setting next_dagrun for example_python_decorator to None, run_after=None
[2025-05-04T22:43:05.678+0000] {processor.py:183} INFO - Processing /home/airflow/.local/lib/python3.8/site-packages/airflow/example_dags/example_python_decorator.py took 0.043 seconds
[2025-05-04T22:43:36.522+0000] {processor.py:161} INFO - Started process (PID=861) to work on /home/airflow/.local/lib/python3.8/site-packages/airflow/example_dags/example_python_decorator.py
[2025-05-04T22:43:36.523+0000] {processor.py:830} INFO - Processing file /home/airflow/.local/lib/python3.8/site-packages/airflow/example_dags/example_python_decorator.py for tasks to queue
[2025-05-04T22:43:36.524+0000] {logging_mixin.py:188} INFO - [2025-05-04T22:43:36.524+0000] {dagbag.py:538} INFO - Filling up the DagBag from /home/airflow/.local/lib/python3.8/site-packages/airflow/example_dags/example_python_decorator.py
[2025-05-04T22:43:36.528+0000] {processor.py:840} INFO - DAG(s) 'example_python_decorator' retrieved from /home/airflow/.local/lib/python3.8/site-packages/airflow/example_dags/example_python_decorator.py
[2025-05-04T22:43:36.538+0000] {logging_mixin.py:188} INFO - [2025-05-04T22:43:36.538+0000] {dag.py:3033} INFO - Sync 1 DAGs
[2025-05-04T22:43:36.544+0000] {logging_mixin.py:188} INFO - [2025-05-04T22:43:36.544+0000] {dag.py:3820} INFO - Setting next_dagrun for example_python_decorator to None, run_after=None
[2025-05-04T22:43:36.551+0000] {processor.py:183} INFO - Processing /home/airflow/.local/lib/python3.8/site-packages/airflow/example_dags/example_python_decorator.py took 0.031 seconds
[2025-05-04T22:44:07.292+0000] {processor.py:161} INFO - Started process (PID=917) to work on /home/airflow/.local/lib/python3.8/site-packages/airflow/example_dags/example_python_decorator.py
[2025-05-04T22:44:07.293+0000] {processor.py:830} INFO - Processing file /home/airflow/.local/lib/python3.8/site-packages/airflow/example_dags/example_python_decorator.py for tasks to queue
[2025-05-04T22:44:07.295+0000] {logging_mixin.py:188} INFO - [2025-05-04T22:44:07.295+0000] {dagbag.py:538} INFO - Filling up the DagBag from /home/airflow/.local/lib/python3.8/site-packages/airflow/example_dags/example_python_decorator.py
[2025-05-04T22:44:07.299+0000] {processor.py:840} INFO - DAG(s) 'example_python_decorator' retrieved from /home/airflow/.local/lib/python3.8/site-packages/airflow/example_dags/example_python_decorator.py
[2025-05-04T22:44:07.313+0000] {logging_mixin.py:188} INFO - [2025-05-04T22:44:07.313+0000] {dag.py:3033} INFO - Sync 1 DAGs
[2025-05-04T22:44:07.318+0000] {logging_mixin.py:188} INFO - [2025-05-04T22:44:07.318+0000] {dag.py:3820} INFO - Setting next_dagrun for example_python_decorator to None, run_after=None
[2025-05-04T22:44:07.329+0000] {processor.py:183} INFO - Processing /home/airflow/.local/lib/python3.8/site-packages/airflow/example_dags/example_python_decorator.py took 0.038 seconds
[2025-05-04T22:44:38.081+0000] {processor.py:161} INFO - Started process (PID=973) to work on /home/airflow/.local/lib/python3.8/site-packages/airflow/example_dags/example_python_decorator.py
[2025-05-04T22:44:38.082+0000] {processor.py:830} INFO - Processing file /home/airflow/.local/lib/python3.8/site-packages/airflow/example_dags/example_python_decorator.py for tasks to queue
[2025-05-04T22:44:38.085+0000] {logging_mixin.py:188} INFO - [2025-05-04T22:44:38.085+0000] {dagbag.py:538} INFO - Filling up the DagBag from /home/airflow/.local/lib/python3.8/site-packages/airflow/example_dags/example_python_decorator.py
[2025-05-04T22:44:38.090+0000] {processor.py:840} INFO - DAG(s) 'example_python_decorator' retrieved from /home/airflow/.local/lib/python3.8/site-packages/airflow/example_dags/example_python_decorator.py
[2025-05-04T22:44:38.106+0000] {logging_mixin.py:188} INFO - [2025-05-04T22:44:38.105+0000] {dag.py:3033} INFO - Sync 1 DAGs
[2025-05-04T22:44:38.113+0000] {logging_mixin.py:188} INFO - [2025-05-04T22:44:38.113+0000] {dag.py:3820} INFO - Setting next_dagrun for example_python_decorator to None, run_after=None
[2025-05-04T22:44:38.121+0000] {processor.py:183} INFO - Processing /home/airflow/.local/lib/python3.8/site-packages/airflow/example_dags/example_python_decorator.py took 0.041 seconds
[2025-05-04T22:45:08.938+0000] {processor.py:161} INFO - Started process (PID=1029) to work on /home/airflow/.local/lib/python3.8/site-packages/airflow/example_dags/example_python_decorator.py
[2025-05-04T22:45:08.940+0000] {processor.py:830} INFO - Processing file /home/airflow/.local/lib/python3.8/site-packages/airflow/example_dags/example_python_decorator.py for tasks to queue
[2025-05-04T22:45:08.941+0000] {logging_mixin.py:188} INFO - [2025-05-04T22:45:08.941+0000] {dagbag.py:538} INFO - Filling up the DagBag from /home/airflow/.local/lib/python3.8/site-packages/airflow/example_dags/example_python_decorator.py
[2025-05-04T22:45:08.945+0000] {processor.py:840} INFO - DAG(s) 'example_python_decorator' retrieved from /home/airflow/.local/lib/python3.8/site-packages/airflow/example_dags/example_python_decorator.py
[2025-05-04T22:45:08.954+0000] {logging_mixin.py:188} INFO - [2025-05-04T22:45:08.954+0000] {dag.py:3033} INFO - Sync 1 DAGs
[2025-05-04T22:45:08.961+0000] {logging_mixin.py:188} INFO - [2025-05-04T22:45:08.961+0000] {dag.py:3820} INFO - Setting next_dagrun for example_python_decorator to None, run_after=None
[2025-05-04T22:45:08.972+0000] {processor.py:183} INFO - Processing /home/airflow/.local/lib/python3.8/site-packages/airflow/example_dags/example_python_decorator.py took 0.036 seconds
[2025-05-04T22:45:39.863+0000] {processor.py:161} INFO - Started process (PID=1085) to work on /home/airflow/.local/lib/python3.8/site-packages/airflow/example_dags/example_python_decorator.py
[2025-05-04T22:45:39.864+0000] {processor.py:830} INFO - Processing file /home/airflow/.local/lib/python3.8/site-packages/airflow/example_dags/example_python_decorator.py for tasks to queue
[2025-05-04T22:45:39.865+0000] {logging_mixin.py:188} INFO - [2025-05-04T22:45:39.865+0000] {dagbag.py:538} INFO - Filling up the DagBag from /home/airflow/.local/lib/python3.8/site-packages/airflow/example_dags/example_python_decorator.py
[2025-05-04T22:45:39.869+0000] {processor.py:840} INFO - DAG(s) 'example_python_decorator' retrieved from /home/airflow/.local/lib/python3.8/site-packages/airflow/example_dags/example_python_decorator.py
[2025-05-04T22:45:39.883+0000] {logging_mixin.py:188} INFO - [2025-05-04T22:45:39.883+0000] {dag.py:3033} INFO - Sync 1 DAGs
[2025-05-04T22:45:39.891+0000] {logging_mixin.py:188} INFO - [2025-05-04T22:45:39.891+0000] {dag.py:3820} INFO - Setting next_dagrun for example_python_decorator to None, run_after=None
[2025-05-04T22:45:39.899+0000] {processor.py:183} INFO - Processing /home/airflow/.local/lib/python3.8/site-packages/airflow/example_dags/example_python_decorator.py took 0.038 seconds
[2025-05-04T22:46:32.406+0000] {processor.py:161} INFO - Started process (PID=77) to work on /home/airflow/.local/lib/python3.8/site-packages/airflow/example_dags/example_python_decorator.py
[2025-05-04T22:46:32.406+0000] {processor.py:830} INFO - Processing file /home/airflow/.local/lib/python3.8/site-packages/airflow/example_dags/example_python_decorator.py for tasks to queue
[2025-05-04T22:46:32.407+0000] {logging_mixin.py:188} INFO - [2025-05-04T22:46:32.407+0000] {dagbag.py:538} INFO - Filling up the DagBag from /home/airflow/.local/lib/python3.8/site-packages/airflow/example_dags/example_python_decorator.py
[2025-05-04T22:46:32.411+0000] {processor.py:840} INFO - DAG(s) 'example_python_decorator' retrieved from /home/airflow/.local/lib/python3.8/site-packages/airflow/example_dags/example_python_decorator.py
[2025-05-04T22:46:32.419+0000] {logging_mixin.py:188} INFO - [2025-05-04T22:46:32.419+0000] {dag.py:3033} INFO - Sync 1 DAGs
[2025-05-04T22:46:32.426+0000] {logging_mixin.py:188} INFO - [2025-05-04T22:46:32.426+0000] {dag.py:3820} INFO - Setting next_dagrun for example_python_decorator to None, run_after=None
[2025-05-04T22:46:32.437+0000] {processor.py:183} INFO - Processing /home/airflow/.local/lib/python3.8/site-packages/airflow/example_dags/example_python_decorator.py took 0.033 seconds
[2025-05-04T22:46:56.896+0000] {processor.py:161} INFO - Started process (PID=76) to work on /home/airflow/.local/lib/python3.8/site-packages/airflow/example_dags/example_python_decorator.py
[2025-05-04T22:46:56.897+0000] {processor.py:830} INFO - Processing file /home/airflow/.local/lib/python3.8/site-packages/airflow/example_dags/example_python_decorator.py for tasks to queue
[2025-05-04T22:46:56.898+0000] {logging_mixin.py:188} INFO - [2025-05-04T22:46:56.898+0000] {dagbag.py:538} INFO - Filling up the DagBag from /home/airflow/.local/lib/python3.8/site-packages/airflow/example_dags/example_python_decorator.py
[2025-05-04T22:46:56.903+0000] {processor.py:840} INFO - DAG(s) 'example_python_decorator' retrieved from /home/airflow/.local/lib/python3.8/site-packages/airflow/example_dags/example_python_decorator.py
[2025-05-04T22:46:56.912+0000] {logging_mixin.py:188} INFO - [2025-05-04T22:46:56.912+0000] {dag.py:3033} INFO - Sync 1 DAGs
[2025-05-04T22:46:56.918+0000] {logging_mixin.py:188} INFO - [2025-05-04T22:46:56.918+0000] {dag.py:3820} INFO - Setting next_dagrun for example_python_decorator to None, run_after=None
[2025-05-04T22:46:56.926+0000] {processor.py:183} INFO - Processing /home/airflow/.local/lib/python3.8/site-packages/airflow/example_dags/example_python_decorator.py took 0.032 seconds
[2025-05-04T22:47:52.702+0000] {processor.py:161} INFO - Started process (PID=77) to work on /home/airflow/.local/lib/python3.8/site-packages/airflow/example_dags/example_python_decorator.py
[2025-05-04T22:47:52.704+0000] {processor.py:830} INFO - Processing file /home/airflow/.local/lib/python3.8/site-packages/airflow/example_dags/example_python_decorator.py for tasks to queue
[2025-05-04T22:47:52.705+0000] {logging_mixin.py:188} INFO - [2025-05-04T22:47:52.705+0000] {dagbag.py:538} INFO - Filling up the DagBag from /home/airflow/.local/lib/python3.8/site-packages/airflow/example_dags/example_python_decorator.py
[2025-05-04T22:47:52.709+0000] {processor.py:840} INFO - DAG(s) 'example_python_decorator' retrieved from /home/airflow/.local/lib/python3.8/site-packages/airflow/example_dags/example_python_decorator.py
[2025-05-04T22:47:52.715+0000] {logging_mixin.py:188} INFO - [2025-05-04T22:47:52.715+0000] {dag.py:3033} INFO - Sync 1 DAGs
[2025-05-04T22:47:52.722+0000] {logging_mixin.py:188} INFO - [2025-05-04T22:47:52.722+0000] {dag.py:3820} INFO - Setting next_dagrun for example_python_decorator to None, run_after=None
[2025-05-04T22:47:52.735+0000] {processor.py:183} INFO - Processing /home/airflow/.local/lib/python3.8/site-packages/airflow/example_dags/example_python_decorator.py took 0.035 seconds
[2025-05-04T22:48:22.892+0000] {processor.py:161} INFO - Started process (PID=133) to work on /home/airflow/.local/lib/python3.8/site-packages/airflow/example_dags/example_python_decorator.py
[2025-05-04T22:48:22.896+0000] {processor.py:830} INFO - Processing file /home/airflow/.local/lib/python3.8/site-packages/airflow/example_dags/example_python_decorator.py for tasks to queue
[2025-05-04T22:48:22.897+0000] {logging_mixin.py:188} INFO - [2025-05-04T22:48:22.897+0000] {dagbag.py:538} INFO - Filling up the DagBag from /home/airflow/.local/lib/python3.8/site-packages/airflow/example_dags/example_python_decorator.py
[2025-05-04T22:48:22.903+0000] {processor.py:840} INFO - DAG(s) 'example_python_decorator' retrieved from /home/airflow/.local/lib/python3.8/site-packages/airflow/example_dags/example_python_decorator.py
[2025-05-04T22:48:22.947+0000] {logging_mixin.py:188} INFO - [2025-05-04T22:48:22.947+0000] {dag.py:3033} INFO - Sync 1 DAGs
[2025-05-04T22:48:22.954+0000] {logging_mixin.py:188} INFO - [2025-05-04T22:48:22.954+0000] {dag.py:3820} INFO - Setting next_dagrun for example_python_decorator to None, run_after=None
[2025-05-04T22:48:22.961+0000] {processor.py:183} INFO - Processing /home/airflow/.local/lib/python3.8/site-packages/airflow/example_dags/example_python_decorator.py took 0.071 seconds
[2025-05-04T22:48:53.696+0000] {processor.py:161} INFO - Started process (PID=189) to work on /home/airflow/.local/lib/python3.8/site-packages/airflow/example_dags/example_python_decorator.py
[2025-05-04T22:48:53.697+0000] {processor.py:830} INFO - Processing file /home/airflow/.local/lib/python3.8/site-packages/airflow/example_dags/example_python_decorator.py for tasks to queue
[2025-05-04T22:48:53.699+0000] {logging_mixin.py:188} INFO - [2025-05-04T22:48:53.699+0000] {dagbag.py:538} INFO - Filling up the DagBag from /home/airflow/.local/lib/python3.8/site-packages/airflow/example_dags/example_python_decorator.py
[2025-05-04T22:48:53.705+0000] {processor.py:840} INFO - DAG(s) 'example_python_decorator' retrieved from /home/airflow/.local/lib/python3.8/site-packages/airflow/example_dags/example_python_decorator.py
[2025-05-04T22:48:53.717+0000] {logging_mixin.py:188} INFO - [2025-05-04T22:48:53.717+0000] {dag.py:3033} INFO - Sync 1 DAGs
[2025-05-04T22:48:53.723+0000] {logging_mixin.py:188} INFO - [2025-05-04T22:48:53.723+0000] {dag.py:3820} INFO - Setting next_dagrun for example_python_decorator to None, run_after=None
[2025-05-04T22:48:53.735+0000] {processor.py:183} INFO - Processing /home/airflow/.local/lib/python3.8/site-packages/airflow/example_dags/example_python_decorator.py took 0.040 seconds
[2025-05-04T22:49:24.587+0000] {processor.py:161} INFO - Started process (PID=245) to work on /home/airflow/.local/lib/python3.8/site-packages/airflow/example_dags/example_python_decorator.py
[2025-05-04T22:49:24.590+0000] {processor.py:830} INFO - Processing file /home/airflow/.local/lib/python3.8/site-packages/airflow/example_dags/example_python_decorator.py for tasks to queue
[2025-05-04T22:49:24.591+0000] {logging_mixin.py:188} INFO - [2025-05-04T22:49:24.591+0000] {dagbag.py:538} INFO - Filling up the DagBag from /home/airflow/.local/lib/python3.8/site-packages/airflow/example_dags/example_python_decorator.py
[2025-05-04T22:49:24.596+0000] {processor.py:840} INFO - DAG(s) 'example_python_decorator' retrieved from /home/airflow/.local/lib/python3.8/site-packages/airflow/example_dags/example_python_decorator.py
[2025-05-04T22:49:24.608+0000] {logging_mixin.py:188} INFO - [2025-05-04T22:49:24.608+0000] {dag.py:3033} INFO - Sync 1 DAGs
[2025-05-04T22:49:24.613+0000] {logging_mixin.py:188} INFO - [2025-05-04T22:49:24.613+0000] {dag.py:3820} INFO - Setting next_dagrun for example_python_decorator to None, run_after=None
[2025-05-04T22:49:24.623+0000] {processor.py:183} INFO - Processing /home/airflow/.local/lib/python3.8/site-packages/airflow/example_dags/example_python_decorator.py took 0.037 seconds
[2025-05-04T22:49:55.222+0000] {processor.py:161} INFO - Started process (PID=301) to work on /home/airflow/.local/lib/python3.8/site-packages/airflow/example_dags/example_python_decorator.py
[2025-05-04T22:49:55.223+0000] {processor.py:830} INFO - Processing file /home/airflow/.local/lib/python3.8/site-packages/airflow/example_dags/example_python_decorator.py for tasks to queue
[2025-05-04T22:49:55.226+0000] {logging_mixin.py:188} INFO - [2025-05-04T22:49:55.226+0000] {dagbag.py:538} INFO - Filling up the DagBag from /home/airflow/.local/lib/python3.8/site-packages/airflow/example_dags/example_python_decorator.py
[2025-05-04T22:49:55.231+0000] {processor.py:840} INFO - DAG(s) 'example_python_decorator' retrieved from /home/airflow/.local/lib/python3.8/site-packages/airflow/example_dags/example_python_decorator.py
[2025-05-04T22:49:55.240+0000] {logging_mixin.py:188} INFO - [2025-05-04T22:49:55.240+0000] {dag.py:3033} INFO - Sync 1 DAGs
[2025-05-04T22:49:55.244+0000] {logging_mixin.py:188} INFO - [2025-05-04T22:49:55.244+0000] {dag.py:3820} INFO - Setting next_dagrun for example_python_decorator to None, run_after=None
[2025-05-04T22:49:55.253+0000] {processor.py:183} INFO - Processing /home/airflow/.local/lib/python3.8/site-packages/airflow/example_dags/example_python_decorator.py took 0.032 seconds
[2025-05-04T22:50:26.018+0000] {processor.py:161} INFO - Started process (PID=357) to work on /home/airflow/.local/lib/python3.8/site-packages/airflow/example_dags/example_python_decorator.py
[2025-05-04T22:50:26.020+0000] {processor.py:830} INFO - Processing file /home/airflow/.local/lib/python3.8/site-packages/airflow/example_dags/example_python_decorator.py for tasks to queue
[2025-05-04T22:50:26.022+0000] {logging_mixin.py:188} INFO - [2025-05-04T22:50:26.021+0000] {dagbag.py:538} INFO - Filling up the DagBag from /home/airflow/.local/lib/python3.8/site-packages/airflow/example_dags/example_python_decorator.py
[2025-05-04T22:50:26.027+0000] {processor.py:840} INFO - DAG(s) 'example_python_decorator' retrieved from /home/airflow/.local/lib/python3.8/site-packages/airflow/example_dags/example_python_decorator.py
[2025-05-04T22:50:26.042+0000] {logging_mixin.py:188} INFO - [2025-05-04T22:50:26.042+0000] {dag.py:3033} INFO - Sync 1 DAGs
[2025-05-04T22:50:26.048+0000] {logging_mixin.py:188} INFO - [2025-05-04T22:50:26.048+0000] {dag.py:3820} INFO - Setting next_dagrun for example_python_decorator to None, run_after=None
[2025-05-04T22:50:26.061+0000] {processor.py:183} INFO - Processing /home/airflow/.local/lib/python3.8/site-packages/airflow/example_dags/example_python_decorator.py took 0.045 seconds
[2025-05-04T22:50:59.153+0000] {processor.py:161} INFO - Started process (PID=77) to work on /home/airflow/.local/lib/python3.8/site-packages/airflow/example_dags/example_python_decorator.py
[2025-05-04T22:50:59.154+0000] {processor.py:830} INFO - Processing file /home/airflow/.local/lib/python3.8/site-packages/airflow/example_dags/example_python_decorator.py for tasks to queue
[2025-05-04T22:50:59.156+0000] {logging_mixin.py:188} INFO - [2025-05-04T22:50:59.156+0000] {dagbag.py:538} INFO - Filling up the DagBag from /home/airflow/.local/lib/python3.8/site-packages/airflow/example_dags/example_python_decorator.py
[2025-05-04T22:50:59.162+0000] {processor.py:840} INFO - DAG(s) 'example_python_decorator' retrieved from /home/airflow/.local/lib/python3.8/site-packages/airflow/example_dags/example_python_decorator.py
[2025-05-04T22:50:59.170+0000] {logging_mixin.py:188} INFO - [2025-05-04T22:50:59.170+0000] {dag.py:3033} INFO - Sync 1 DAGs
[2025-05-04T22:50:59.179+0000] {logging_mixin.py:188} INFO - [2025-05-04T22:50:59.179+0000] {dag.py:3820} INFO - Setting next_dagrun for example_python_decorator to None, run_after=None
[2025-05-04T22:50:59.189+0000] {processor.py:183} INFO - Processing /home/airflow/.local/lib/python3.8/site-packages/airflow/example_dags/example_python_decorator.py took 0.038 seconds
[2025-05-04T22:51:29.338+0000] {processor.py:161} INFO - Started process (PID=133) to work on /home/airflow/.local/lib/python3.8/site-packages/airflow/example_dags/example_python_decorator.py
[2025-05-04T22:51:29.339+0000] {processor.py:830} INFO - Processing file /home/airflow/.local/lib/python3.8/site-packages/airflow/example_dags/example_python_decorator.py for tasks to queue
[2025-05-04T22:51:29.340+0000] {logging_mixin.py:188} INFO - [2025-05-04T22:51:29.340+0000] {dagbag.py:538} INFO - Filling up the DagBag from /home/airflow/.local/lib/python3.8/site-packages/airflow/example_dags/example_python_decorator.py
[2025-05-04T22:51:29.344+0000] {processor.py:840} INFO - DAG(s) 'example_python_decorator' retrieved from /home/airflow/.local/lib/python3.8/site-packages/airflow/example_dags/example_python_decorator.py
[2025-05-04T22:51:29.387+0000] {logging_mixin.py:188} INFO - [2025-05-04T22:51:29.387+0000] {dag.py:3033} INFO - Sync 1 DAGs
[2025-05-04T22:51:29.392+0000] {logging_mixin.py:188} INFO - [2025-05-04T22:51:29.392+0000] {dag.py:3820} INFO - Setting next_dagrun for example_python_decorator to None, run_after=None
[2025-05-04T22:51:29.405+0000] {processor.py:183} INFO - Processing /home/airflow/.local/lib/python3.8/site-packages/airflow/example_dags/example_python_decorator.py took 0.069 seconds
[2025-05-04T22:52:00.236+0000] {processor.py:161} INFO - Started process (PID=189) to work on /home/airflow/.local/lib/python3.8/site-packages/airflow/example_dags/example_python_decorator.py
[2025-05-04T22:52:00.237+0000] {processor.py:830} INFO - Processing file /home/airflow/.local/lib/python3.8/site-packages/airflow/example_dags/example_python_decorator.py for tasks to queue
[2025-05-04T22:52:00.238+0000] {logging_mixin.py:188} INFO - [2025-05-04T22:52:00.238+0000] {dagbag.py:538} INFO - Filling up the DagBag from /home/airflow/.local/lib/python3.8/site-packages/airflow/example_dags/example_python_decorator.py
[2025-05-04T22:52:00.242+0000] {processor.py:840} INFO - DAG(s) 'example_python_decorator' retrieved from /home/airflow/.local/lib/python3.8/site-packages/airflow/example_dags/example_python_decorator.py
[2025-05-04T22:52:00.256+0000] {logging_mixin.py:188} INFO - [2025-05-04T22:52:00.256+0000] {dag.py:3033} INFO - Sync 1 DAGs
[2025-05-04T22:52:00.262+0000] {logging_mixin.py:188} INFO - [2025-05-04T22:52:00.262+0000] {dag.py:3820} INFO - Setting next_dagrun for example_python_decorator to None, run_after=None
[2025-05-04T22:52:00.276+0000] {processor.py:183} INFO - Processing /home/airflow/.local/lib/python3.8/site-packages/airflow/example_dags/example_python_decorator.py took 0.041 seconds
[2025-05-04T22:52:31.073+0000] {processor.py:161} INFO - Started process (PID=245) to work on /home/airflow/.local/lib/python3.8/site-packages/airflow/example_dags/example_python_decorator.py
[2025-05-04T22:52:31.073+0000] {processor.py:830} INFO - Processing file /home/airflow/.local/lib/python3.8/site-packages/airflow/example_dags/example_python_decorator.py for tasks to queue
[2025-05-04T22:52:31.074+0000] {logging_mixin.py:188} INFO - [2025-05-04T22:52:31.074+0000] {dagbag.py:538} INFO - Filling up the DagBag from /home/airflow/.local/lib/python3.8/site-packages/airflow/example_dags/example_python_decorator.py
[2025-05-04T22:52:31.079+0000] {processor.py:840} INFO - DAG(s) 'example_python_decorator' retrieved from /home/airflow/.local/lib/python3.8/site-packages/airflow/example_dags/example_python_decorator.py
[2025-05-04T22:52:31.089+0000] {logging_mixin.py:188} INFO - [2025-05-04T22:52:31.089+0000] {dag.py:3033} INFO - Sync 1 DAGs
[2025-05-04T22:52:31.095+0000] {logging_mixin.py:188} INFO - [2025-05-04T22:52:31.095+0000] {dag.py:3820} INFO - Setting next_dagrun for example_python_decorator to None, run_after=None
[2025-05-04T22:52:31.106+0000] {processor.py:183} INFO - Processing /home/airflow/.local/lib/python3.8/site-packages/airflow/example_dags/example_python_decorator.py took 0.035 seconds
[2025-05-04T22:53:01.679+0000] {processor.py:161} INFO - Started process (PID=301) to work on /home/airflow/.local/lib/python3.8/site-packages/airflow/example_dags/example_python_decorator.py
[2025-05-04T22:53:01.679+0000] {processor.py:830} INFO - Processing file /home/airflow/.local/lib/python3.8/site-packages/airflow/example_dags/example_python_decorator.py for tasks to queue
[2025-05-04T22:53:01.681+0000] {logging_mixin.py:188} INFO - [2025-05-04T22:53:01.680+0000] {dagbag.py:538} INFO - Filling up the DagBag from /home/airflow/.local/lib/python3.8/site-packages/airflow/example_dags/example_python_decorator.py
[2025-05-04T22:53:01.685+0000] {processor.py:840} INFO - DAG(s) 'example_python_decorator' retrieved from /home/airflow/.local/lib/python3.8/site-packages/airflow/example_dags/example_python_decorator.py
[2025-05-04T22:53:01.698+0000] {logging_mixin.py:188} INFO - [2025-05-04T22:53:01.698+0000] {dag.py:3033} INFO - Sync 1 DAGs
[2025-05-04T22:53:01.704+0000] {logging_mixin.py:188} INFO - [2025-05-04T22:53:01.704+0000] {dag.py:3820} INFO - Setting next_dagrun for example_python_decorator to None, run_after=None
[2025-05-04T22:53:01.714+0000] {processor.py:183} INFO - Processing /home/airflow/.local/lib/python3.8/site-packages/airflow/example_dags/example_python_decorator.py took 0.037 seconds
[2025-05-04T22:58:01.480+0000] {processor.py:161} INFO - Started process (PID=77) to work on /home/airflow/.local/lib/python3.8/site-packages/airflow/example_dags/example_python_decorator.py
[2025-05-04T22:58:01.483+0000] {processor.py:830} INFO - Processing file /home/airflow/.local/lib/python3.8/site-packages/airflow/example_dags/example_python_decorator.py for tasks to queue
[2025-05-04T22:58:01.484+0000] {logging_mixin.py:188} INFO - [2025-05-04T22:58:01.484+0000] {dagbag.py:538} INFO - Filling up the DagBag from /home/airflow/.local/lib/python3.8/site-packages/airflow/example_dags/example_python_decorator.py
[2025-05-04T22:58:01.490+0000] {processor.py:840} INFO - DAG(s) 'example_python_decorator' retrieved from /home/airflow/.local/lib/python3.8/site-packages/airflow/example_dags/example_python_decorator.py
[2025-05-04T22:58:01.501+0000] {logging_mixin.py:188} INFO - [2025-05-04T22:58:01.501+0000] {dag.py:3033} INFO - Sync 1 DAGs
[2025-05-04T22:58:01.510+0000] {logging_mixin.py:188} INFO - [2025-05-04T22:58:01.510+0000] {dag.py:3820} INFO - Setting next_dagrun for example_python_decorator to None, run_after=None
[2025-05-04T22:58:01.528+0000] {processor.py:183} INFO - Processing /home/airflow/.local/lib/python3.8/site-packages/airflow/example_dags/example_python_decorator.py took 0.051 seconds
[2025-05-04T22:58:31.974+0000] {processor.py:161} INFO - Started process (PID=133) to work on /home/airflow/.local/lib/python3.8/site-packages/airflow/example_dags/example_python_decorator.py
[2025-05-04T22:58:31.976+0000] {processor.py:830} INFO - Processing file /home/airflow/.local/lib/python3.8/site-packages/airflow/example_dags/example_python_decorator.py for tasks to queue
[2025-05-04T22:58:31.977+0000] {logging_mixin.py:188} INFO - [2025-05-04T22:58:31.977+0000] {dagbag.py:538} INFO - Filling up the DagBag from /home/airflow/.local/lib/python3.8/site-packages/airflow/example_dags/example_python_decorator.py
[2025-05-04T22:58:31.981+0000] {processor.py:840} INFO - DAG(s) 'example_python_decorator' retrieved from /home/airflow/.local/lib/python3.8/site-packages/airflow/example_dags/example_python_decorator.py
[2025-05-04T22:58:32.019+0000] {logging_mixin.py:188} INFO - [2025-05-04T22:58:32.019+0000] {dag.py:3033} INFO - Sync 1 DAGs
[2025-05-04T22:58:32.023+0000] {logging_mixin.py:188} INFO - [2025-05-04T22:58:32.023+0000] {dag.py:3820} INFO - Setting next_dagrun for example_python_decorator to None, run_after=None
[2025-05-04T22:58:32.031+0000] {processor.py:183} INFO - Processing /home/airflow/.local/lib/python3.8/site-packages/airflow/example_dags/example_python_decorator.py took 0.058 seconds
[2025-05-04T22:59:03.005+0000] {processor.py:161} INFO - Started process (PID=189) to work on /home/airflow/.local/lib/python3.8/site-packages/airflow/example_dags/example_python_decorator.py
[2025-05-04T22:59:03.007+0000] {processor.py:830} INFO - Processing file /home/airflow/.local/lib/python3.8/site-packages/airflow/example_dags/example_python_decorator.py for tasks to queue
[2025-05-04T22:59:03.008+0000] {logging_mixin.py:188} INFO - [2025-05-04T22:59:03.008+0000] {dagbag.py:538} INFO - Filling up the DagBag from /home/airflow/.local/lib/python3.8/site-packages/airflow/example_dags/example_python_decorator.py
[2025-05-04T22:59:03.012+0000] {processor.py:840} INFO - DAG(s) 'example_python_decorator' retrieved from /home/airflow/.local/lib/python3.8/site-packages/airflow/example_dags/example_python_decorator.py
[2025-05-04T22:59:03.021+0000] {logging_mixin.py:188} INFO - [2025-05-04T22:59:03.021+0000] {dag.py:3033} INFO - Sync 1 DAGs
[2025-05-04T22:59:03.027+0000] {logging_mixin.py:188} INFO - [2025-05-04T22:59:03.027+0000] {dag.py:3820} INFO - Setting next_dagrun for example_python_decorator to None, run_after=None
[2025-05-04T22:59:03.033+0000] {processor.py:183} INFO - Processing /home/airflow/.local/lib/python3.8/site-packages/airflow/example_dags/example_python_decorator.py took 0.029 seconds
[2025-05-04T22:59:33.776+0000] {processor.py:161} INFO - Started process (PID=251) to work on /home/airflow/.local/lib/python3.8/site-packages/airflow/example_dags/example_python_decorator.py
[2025-05-04T22:59:33.777+0000] {processor.py:830} INFO - Processing file /home/airflow/.local/lib/python3.8/site-packages/airflow/example_dags/example_python_decorator.py for tasks to queue
[2025-05-04T22:59:33.778+0000] {logging_mixin.py:188} INFO - [2025-05-04T22:59:33.778+0000] {dagbag.py:538} INFO - Filling up the DagBag from /home/airflow/.local/lib/python3.8/site-packages/airflow/example_dags/example_python_decorator.py
[2025-05-04T22:59:33.782+0000] {processor.py:840} INFO - DAG(s) 'example_python_decorator' retrieved from /home/airflow/.local/lib/python3.8/site-packages/airflow/example_dags/example_python_decorator.py
[2025-05-04T22:59:33.796+0000] {logging_mixin.py:188} INFO - [2025-05-04T22:59:33.796+0000] {dag.py:3033} INFO - Sync 1 DAGs
[2025-05-04T22:59:33.803+0000] {logging_mixin.py:188} INFO - [2025-05-04T22:59:33.803+0000] {dag.py:3820} INFO - Setting next_dagrun for example_python_decorator to None, run_after=None
[2025-05-04T22:59:33.815+0000] {processor.py:183} INFO - Processing /home/airflow/.local/lib/python3.8/site-packages/airflow/example_dags/example_python_decorator.py took 0.040 seconds
[2025-05-04T23:00:04.523+0000] {processor.py:161} INFO - Started process (PID=307) to work on /home/airflow/.local/lib/python3.8/site-packages/airflow/example_dags/example_python_decorator.py
[2025-05-04T23:00:04.524+0000] {processor.py:830} INFO - Processing file /home/airflow/.local/lib/python3.8/site-packages/airflow/example_dags/example_python_decorator.py for tasks to queue
[2025-05-04T23:00:04.525+0000] {logging_mixin.py:188} INFO - [2025-05-04T23:00:04.525+0000] {dagbag.py:538} INFO - Filling up the DagBag from /home/airflow/.local/lib/python3.8/site-packages/airflow/example_dags/example_python_decorator.py
[2025-05-04T23:00:04.530+0000] {processor.py:840} INFO - DAG(s) 'example_python_decorator' retrieved from /home/airflow/.local/lib/python3.8/site-packages/airflow/example_dags/example_python_decorator.py
[2025-05-04T23:00:04.538+0000] {logging_mixin.py:188} INFO - [2025-05-04T23:00:04.538+0000] {dag.py:3033} INFO - Sync 1 DAGs
[2025-05-04T23:00:04.544+0000] {logging_mixin.py:188} INFO - [2025-05-04T23:00:04.544+0000] {dag.py:3820} INFO - Setting next_dagrun for example_python_decorator to None, run_after=None
[2025-05-04T23:00:04.558+0000] {processor.py:183} INFO - Processing /home/airflow/.local/lib/python3.8/site-packages/airflow/example_dags/example_python_decorator.py took 0.036 seconds
[2025-05-04T23:00:35.205+0000] {processor.py:161} INFO - Started process (PID=363) to work on /home/airflow/.local/lib/python3.8/site-packages/airflow/example_dags/example_python_decorator.py
[2025-05-04T23:00:35.205+0000] {processor.py:830} INFO - Processing file /home/airflow/.local/lib/python3.8/site-packages/airflow/example_dags/example_python_decorator.py for tasks to queue
[2025-05-04T23:00:35.206+0000] {logging_mixin.py:188} INFO - [2025-05-04T23:00:35.206+0000] {dagbag.py:538} INFO - Filling up the DagBag from /home/airflow/.local/lib/python3.8/site-packages/airflow/example_dags/example_python_decorator.py
[2025-05-04T23:00:35.211+0000] {processor.py:840} INFO - DAG(s) 'example_python_decorator' retrieved from /home/airflow/.local/lib/python3.8/site-packages/airflow/example_dags/example_python_decorator.py
[2025-05-04T23:00:35.222+0000] {logging_mixin.py:188} INFO - [2025-05-04T23:00:35.222+0000] {dag.py:3033} INFO - Sync 1 DAGs
[2025-05-04T23:00:35.229+0000] {logging_mixin.py:188} INFO - [2025-05-04T23:00:35.229+0000] {dag.py:3820} INFO - Setting next_dagrun for example_python_decorator to None, run_after=None
[2025-05-04T23:00:35.240+0000] {processor.py:183} INFO - Processing /home/airflow/.local/lib/python3.8/site-packages/airflow/example_dags/example_python_decorator.py took 0.037 seconds
[2025-05-04T23:01:05.843+0000] {processor.py:161} INFO - Started process (PID=419) to work on /home/airflow/.local/lib/python3.8/site-packages/airflow/example_dags/example_python_decorator.py
[2025-05-04T23:01:05.845+0000] {processor.py:830} INFO - Processing file /home/airflow/.local/lib/python3.8/site-packages/airflow/example_dags/example_python_decorator.py for tasks to queue
[2025-05-04T23:01:05.846+0000] {logging_mixin.py:188} INFO - [2025-05-04T23:01:05.846+0000] {dagbag.py:538} INFO - Filling up the DagBag from /home/airflow/.local/lib/python3.8/site-packages/airflow/example_dags/example_python_decorator.py
[2025-05-04T23:01:05.853+0000] {processor.py:840} INFO - DAG(s) 'example_python_decorator' retrieved from /home/airflow/.local/lib/python3.8/site-packages/airflow/example_dags/example_python_decorator.py
[2025-05-04T23:01:05.866+0000] {logging_mixin.py:188} INFO - [2025-05-04T23:01:05.866+0000] {dag.py:3033} INFO - Sync 1 DAGs
[2025-05-04T23:01:05.871+0000] {logging_mixin.py:188} INFO - [2025-05-04T23:01:05.871+0000] {dag.py:3820} INFO - Setting next_dagrun for example_python_decorator to None, run_after=None
[2025-05-04T23:01:05.880+0000] {processor.py:183} INFO - Processing /home/airflow/.local/lib/python3.8/site-packages/airflow/example_dags/example_python_decorator.py took 0.039 seconds
[2025-05-04T23:01:36.440+0000] {processor.py:161} INFO - Started process (PID=475) to work on /home/airflow/.local/lib/python3.8/site-packages/airflow/example_dags/example_python_decorator.py
[2025-05-04T23:01:36.440+0000] {processor.py:830} INFO - Processing file /home/airflow/.local/lib/python3.8/site-packages/airflow/example_dags/example_python_decorator.py for tasks to queue
[2025-05-04T23:01:36.441+0000] {logging_mixin.py:188} INFO - [2025-05-04T23:01:36.441+0000] {dagbag.py:538} INFO - Filling up the DagBag from /home/airflow/.local/lib/python3.8/site-packages/airflow/example_dags/example_python_decorator.py
[2025-05-04T23:01:36.446+0000] {processor.py:840} INFO - DAG(s) 'example_python_decorator' retrieved from /home/airflow/.local/lib/python3.8/site-packages/airflow/example_dags/example_python_decorator.py
[2025-05-04T23:01:36.460+0000] {logging_mixin.py:188} INFO - [2025-05-04T23:01:36.460+0000] {dag.py:3033} INFO - Sync 1 DAGs
[2025-05-04T23:01:36.468+0000] {logging_mixin.py:188} INFO - [2025-05-04T23:01:36.467+0000] {dag.py:3820} INFO - Setting next_dagrun for example_python_decorator to None, run_after=None
[2025-05-04T23:01:36.478+0000] {processor.py:183} INFO - Processing /home/airflow/.local/lib/python3.8/site-packages/airflow/example_dags/example_python_decorator.py took 0.040 seconds
[2025-05-04T23:02:06.957+0000] {processor.py:161} INFO - Started process (PID=531) to work on /home/airflow/.local/lib/python3.8/site-packages/airflow/example_dags/example_python_decorator.py
[2025-05-04T23:02:06.958+0000] {processor.py:830} INFO - Processing file /home/airflow/.local/lib/python3.8/site-packages/airflow/example_dags/example_python_decorator.py for tasks to queue
[2025-05-04T23:02:06.959+0000] {logging_mixin.py:188} INFO - [2025-05-04T23:02:06.959+0000] {dagbag.py:538} INFO - Filling up the DagBag from /home/airflow/.local/lib/python3.8/site-packages/airflow/example_dags/example_python_decorator.py
[2025-05-04T23:02:06.964+0000] {processor.py:840} INFO - DAG(s) 'example_python_decorator' retrieved from /home/airflow/.local/lib/python3.8/site-packages/airflow/example_dags/example_python_decorator.py
[2025-05-04T23:02:06.973+0000] {logging_mixin.py:188} INFO - [2025-05-04T23:02:06.973+0000] {dag.py:3033} INFO - Sync 1 DAGs
[2025-05-04T23:02:06.980+0000] {logging_mixin.py:188} INFO - [2025-05-04T23:02:06.980+0000] {dag.py:3820} INFO - Setting next_dagrun for example_python_decorator to None, run_after=None
[2025-05-04T23:02:06.992+0000] {processor.py:183} INFO - Processing /home/airflow/.local/lib/python3.8/site-packages/airflow/example_dags/example_python_decorator.py took 0.037 seconds
[2025-05-04T23:02:37.639+0000] {processor.py:161} INFO - Started process (PID=587) to work on /home/airflow/.local/lib/python3.8/site-packages/airflow/example_dags/example_python_decorator.py
[2025-05-04T23:02:37.646+0000] {processor.py:830} INFO - Processing file /home/airflow/.local/lib/python3.8/site-packages/airflow/example_dags/example_python_decorator.py for tasks to queue
[2025-05-04T23:02:37.648+0000] {logging_mixin.py:188} INFO - [2025-05-04T23:02:37.648+0000] {dagbag.py:538} INFO - Filling up the DagBag from /home/airflow/.local/lib/python3.8/site-packages/airflow/example_dags/example_python_decorator.py
[2025-05-04T23:02:37.656+0000] {processor.py:840} INFO - DAG(s) 'example_python_decorator' retrieved from /home/airflow/.local/lib/python3.8/site-packages/airflow/example_dags/example_python_decorator.py
[2025-05-04T23:02:37.675+0000] {logging_mixin.py:188} INFO - [2025-05-04T23:02:37.675+0000] {dag.py:3033} INFO - Sync 1 DAGs
[2025-05-04T23:02:37.684+0000] {logging_mixin.py:188} INFO - [2025-05-04T23:02:37.684+0000] {dag.py:3820} INFO - Setting next_dagrun for example_python_decorator to None, run_after=None
[2025-05-04T23:02:37.694+0000] {processor.py:183} INFO - Processing /home/airflow/.local/lib/python3.8/site-packages/airflow/example_dags/example_python_decorator.py took 0.058 seconds
[2025-05-04T23:03:08.348+0000] {processor.py:161} INFO - Started process (PID=643) to work on /home/airflow/.local/lib/python3.8/site-packages/airflow/example_dags/example_python_decorator.py
[2025-05-04T23:03:08.350+0000] {processor.py:830} INFO - Processing file /home/airflow/.local/lib/python3.8/site-packages/airflow/example_dags/example_python_decorator.py for tasks to queue
[2025-05-04T23:03:08.351+0000] {logging_mixin.py:188} INFO - [2025-05-04T23:03:08.351+0000] {dagbag.py:538} INFO - Filling up the DagBag from /home/airflow/.local/lib/python3.8/site-packages/airflow/example_dags/example_python_decorator.py
[2025-05-04T23:03:08.356+0000] {processor.py:840} INFO - DAG(s) 'example_python_decorator' retrieved from /home/airflow/.local/lib/python3.8/site-packages/airflow/example_dags/example_python_decorator.py
[2025-05-04T23:03:08.368+0000] {logging_mixin.py:188} INFO - [2025-05-04T23:03:08.368+0000] {dag.py:3033} INFO - Sync 1 DAGs
[2025-05-04T23:03:08.373+0000] {logging_mixin.py:188} INFO - [2025-05-04T23:03:08.373+0000] {dag.py:3820} INFO - Setting next_dagrun for example_python_decorator to None, run_after=None
[2025-05-04T23:03:08.382+0000] {processor.py:183} INFO - Processing /home/airflow/.local/lib/python3.8/site-packages/airflow/example_dags/example_python_decorator.py took 0.036 seconds
[2025-05-04T23:03:38.897+0000] {processor.py:161} INFO - Started process (PID=699) to work on /home/airflow/.local/lib/python3.8/site-packages/airflow/example_dags/example_python_decorator.py
[2025-05-04T23:03:38.898+0000] {processor.py:830} INFO - Processing file /home/airflow/.local/lib/python3.8/site-packages/airflow/example_dags/example_python_decorator.py for tasks to queue
[2025-05-04T23:03:38.900+0000] {logging_mixin.py:188} INFO - [2025-05-04T23:03:38.900+0000] {dagbag.py:538} INFO - Filling up the DagBag from /home/airflow/.local/lib/python3.8/site-packages/airflow/example_dags/example_python_decorator.py
[2025-05-04T23:03:38.904+0000] {processor.py:840} INFO - DAG(s) 'example_python_decorator' retrieved from /home/airflow/.local/lib/python3.8/site-packages/airflow/example_dags/example_python_decorator.py
[2025-05-04T23:03:38.916+0000] {logging_mixin.py:188} INFO - [2025-05-04T23:03:38.915+0000] {dag.py:3033} INFO - Sync 1 DAGs
[2025-05-04T23:03:38.921+0000] {logging_mixin.py:188} INFO - [2025-05-04T23:03:38.921+0000] {dag.py:3820} INFO - Setting next_dagrun for example_python_decorator to None, run_after=None
[2025-05-04T23:03:38.928+0000] {processor.py:183} INFO - Processing /home/airflow/.local/lib/python3.8/site-packages/airflow/example_dags/example_python_decorator.py took 0.034 seconds
[2025-05-04T23:04:29.185+0000] {processor.py:161} INFO - Started process (PID=82) to work on /home/airflow/.local/lib/python3.8/site-packages/airflow/example_dags/example_python_decorator.py
[2025-05-04T23:04:29.187+0000] {processor.py:830} INFO - Processing file /home/airflow/.local/lib/python3.8/site-packages/airflow/example_dags/example_python_decorator.py for tasks to queue
[2025-05-04T23:04:29.189+0000] {logging_mixin.py:188} INFO - [2025-05-04T23:04:29.188+0000] {dagbag.py:538} INFO - Filling up the DagBag from /home/airflow/.local/lib/python3.8/site-packages/airflow/example_dags/example_python_decorator.py
[2025-05-04T23:04:29.197+0000] {processor.py:840} INFO - DAG(s) 'example_python_decorator' retrieved from /home/airflow/.local/lib/python3.8/site-packages/airflow/example_dags/example_python_decorator.py
[2025-05-04T23:04:29.204+0000] {logging_mixin.py:188} INFO - [2025-05-04T23:04:29.204+0000] {dag.py:3033} INFO - Sync 1 DAGs
[2025-05-04T23:04:29.212+0000] {logging_mixin.py:188} INFO - [2025-05-04T23:04:29.212+0000] {dag.py:3820} INFO - Setting next_dagrun for example_python_decorator to None, run_after=None
[2025-05-04T23:04:29.225+0000] {processor.py:183} INFO - Processing /home/airflow/.local/lib/python3.8/site-packages/airflow/example_dags/example_python_decorator.py took 0.044 seconds
[2025-05-04T23:04:59.446+0000] {processor.py:161} INFO - Started process (PID=138) to work on /home/airflow/.local/lib/python3.8/site-packages/airflow/example_dags/example_python_decorator.py
[2025-05-04T23:04:59.447+0000] {processor.py:830} INFO - Processing file /home/airflow/.local/lib/python3.8/site-packages/airflow/example_dags/example_python_decorator.py for tasks to queue
[2025-05-04T23:04:59.448+0000] {logging_mixin.py:188} INFO - [2025-05-04T23:04:59.448+0000] {dagbag.py:538} INFO - Filling up the DagBag from /home/airflow/.local/lib/python3.8/site-packages/airflow/example_dags/example_python_decorator.py
[2025-05-04T23:04:59.453+0000] {processor.py:840} INFO - DAG(s) 'example_python_decorator' retrieved from /home/airflow/.local/lib/python3.8/site-packages/airflow/example_dags/example_python_decorator.py
[2025-05-04T23:04:59.496+0000] {logging_mixin.py:188} INFO - [2025-05-04T23:04:59.496+0000] {dag.py:3033} INFO - Sync 1 DAGs
[2025-05-04T23:04:59.501+0000] {logging_mixin.py:188} INFO - [2025-05-04T23:04:59.501+0000] {dag.py:3820} INFO - Setting next_dagrun for example_python_decorator to None, run_after=None
[2025-05-04T23:04:59.510+0000] {processor.py:183} INFO - Processing /home/airflow/.local/lib/python3.8/site-packages/airflow/example_dags/example_python_decorator.py took 0.066 seconds
[2025-05-04T23:05:30.403+0000] {processor.py:161} INFO - Started process (PID=194) to work on /home/airflow/.local/lib/python3.8/site-packages/airflow/example_dags/example_python_decorator.py
[2025-05-04T23:05:30.404+0000] {processor.py:830} INFO - Processing file /home/airflow/.local/lib/python3.8/site-packages/airflow/example_dags/example_python_decorator.py for tasks to queue
[2025-05-04T23:05:30.405+0000] {logging_mixin.py:188} INFO - [2025-05-04T23:05:30.404+0000] {dagbag.py:538} INFO - Filling up the DagBag from /home/airflow/.local/lib/python3.8/site-packages/airflow/example_dags/example_python_decorator.py
[2025-05-04T23:05:30.410+0000] {processor.py:840} INFO - DAG(s) 'example_python_decorator' retrieved from /home/airflow/.local/lib/python3.8/site-packages/airflow/example_dags/example_python_decorator.py
[2025-05-04T23:05:30.422+0000] {logging_mixin.py:188} INFO - [2025-05-04T23:05:30.422+0000] {dag.py:3033} INFO - Sync 1 DAGs
[2025-05-04T23:05:30.432+0000] {logging_mixin.py:188} INFO - [2025-05-04T23:05:30.431+0000] {dag.py:3820} INFO - Setting next_dagrun for example_python_decorator to None, run_after=None
[2025-05-04T23:05:30.445+0000] {processor.py:183} INFO - Processing /home/airflow/.local/lib/python3.8/site-packages/airflow/example_dags/example_python_decorator.py took 0.044 seconds
[2025-05-04T23:06:32.081+0000] {processor.py:161} INFO - Started process (PID=77) to work on /home/airflow/.local/lib/python3.8/site-packages/airflow/example_dags/example_python_decorator.py
[2025-05-04T23:06:32.084+0000] {processor.py:830} INFO - Processing file /home/airflow/.local/lib/python3.8/site-packages/airflow/example_dags/example_python_decorator.py for tasks to queue
[2025-05-04T23:06:32.089+0000] {logging_mixin.py:188} INFO - [2025-05-04T23:06:32.086+0000] {dagbag.py:538} INFO - Filling up the DagBag from /home/airflow/.local/lib/python3.8/site-packages/airflow/example_dags/example_python_decorator.py
[2025-05-04T23:06:32.105+0000] {processor.py:840} INFO - DAG(s) 'example_python_decorator' retrieved from /home/airflow/.local/lib/python3.8/site-packages/airflow/example_dags/example_python_decorator.py
[2025-05-04T23:06:32.114+0000] {logging_mixin.py:188} INFO - [2025-05-04T23:06:32.114+0000] {dag.py:3033} INFO - Sync 1 DAGs
[2025-05-04T23:06:32.123+0000] {logging_mixin.py:188} INFO - [2025-05-04T23:06:32.123+0000] {dag.py:3820} INFO - Setting next_dagrun for example_python_decorator to None, run_after=None
[2025-05-04T23:06:32.148+0000] {processor.py:183} INFO - Processing /home/airflow/.local/lib/python3.8/site-packages/airflow/example_dags/example_python_decorator.py took 0.078 seconds
[2025-05-04T23:07:02.301+0000] {processor.py:161} INFO - Started process (PID=139) to work on /home/airflow/.local/lib/python3.8/site-packages/airflow/example_dags/example_python_decorator.py
[2025-05-04T23:07:02.303+0000] {processor.py:830} INFO - Processing file /home/airflow/.local/lib/python3.8/site-packages/airflow/example_dags/example_python_decorator.py for tasks to queue
[2025-05-04T23:07:02.304+0000] {logging_mixin.py:188} INFO - [2025-05-04T23:07:02.304+0000] {dagbag.py:538} INFO - Filling up the DagBag from /home/airflow/.local/lib/python3.8/site-packages/airflow/example_dags/example_python_decorator.py
[2025-05-04T23:07:02.309+0000] {processor.py:840} INFO - DAG(s) 'example_python_decorator' retrieved from /home/airflow/.local/lib/python3.8/site-packages/airflow/example_dags/example_python_decorator.py
[2025-05-04T23:07:02.353+0000] {logging_mixin.py:188} INFO - [2025-05-04T23:07:02.353+0000] {dag.py:3033} INFO - Sync 1 DAGs
[2025-05-04T23:07:02.358+0000] {logging_mixin.py:188} INFO - [2025-05-04T23:07:02.358+0000] {dag.py:3820} INFO - Setting next_dagrun for example_python_decorator to None, run_after=None
[2025-05-04T23:07:02.364+0000] {processor.py:183} INFO - Processing /home/airflow/.local/lib/python3.8/site-packages/airflow/example_dags/example_python_decorator.py took 0.064 seconds
[2025-05-04T23:07:33.111+0000] {processor.py:161} INFO - Started process (PID=195) to work on /home/airflow/.local/lib/python3.8/site-packages/airflow/example_dags/example_python_decorator.py
[2025-05-04T23:07:33.114+0000] {processor.py:830} INFO - Processing file /home/airflow/.local/lib/python3.8/site-packages/airflow/example_dags/example_python_decorator.py for tasks to queue
[2025-05-04T23:07:33.114+0000] {logging_mixin.py:188} INFO - [2025-05-04T23:07:33.114+0000] {dagbag.py:538} INFO - Filling up the DagBag from /home/airflow/.local/lib/python3.8/site-packages/airflow/example_dags/example_python_decorator.py
[2025-05-04T23:07:33.119+0000] {processor.py:840} INFO - DAG(s) 'example_python_decorator' retrieved from /home/airflow/.local/lib/python3.8/site-packages/airflow/example_dags/example_python_decorator.py
[2025-05-04T23:07:33.128+0000] {logging_mixin.py:188} INFO - [2025-05-04T23:07:33.128+0000] {dag.py:3033} INFO - Sync 1 DAGs
[2025-05-04T23:07:33.133+0000] {logging_mixin.py:188} INFO - [2025-05-04T23:07:33.133+0000] {dag.py:3820} INFO - Setting next_dagrun for example_python_decorator to None, run_after=None
[2025-05-04T23:07:33.139+0000] {processor.py:183} INFO - Processing /home/airflow/.local/lib/python3.8/site-packages/airflow/example_dags/example_python_decorator.py took 0.029 seconds
[2025-05-04T23:08:03.656+0000] {processor.py:161} INFO - Started process (PID=251) to work on /home/airflow/.local/lib/python3.8/site-packages/airflow/example_dags/example_python_decorator.py
[2025-05-04T23:08:03.658+0000] {processor.py:830} INFO - Processing file /home/airflow/.local/lib/python3.8/site-packages/airflow/example_dags/example_python_decorator.py for tasks to queue
[2025-05-04T23:08:03.659+0000] {logging_mixin.py:188} INFO - [2025-05-04T23:08:03.659+0000] {dagbag.py:538} INFO - Filling up the DagBag from /home/airflow/.local/lib/python3.8/site-packages/airflow/example_dags/example_python_decorator.py
[2025-05-04T23:08:03.663+0000] {processor.py:840} INFO - DAG(s) 'example_python_decorator' retrieved from /home/airflow/.local/lib/python3.8/site-packages/airflow/example_dags/example_python_decorator.py
[2025-05-04T23:08:03.676+0000] {logging_mixin.py:188} INFO - [2025-05-04T23:08:03.676+0000] {dag.py:3033} INFO - Sync 1 DAGs
[2025-05-04T23:08:03.681+0000] {logging_mixin.py:188} INFO - [2025-05-04T23:08:03.681+0000] {dag.py:3820} INFO - Setting next_dagrun for example_python_decorator to None, run_after=None
[2025-05-04T23:08:03.690+0000] {processor.py:183} INFO - Processing /home/airflow/.local/lib/python3.8/site-packages/airflow/example_dags/example_python_decorator.py took 0.035 seconds
[2025-05-04T23:08:34.234+0000] {processor.py:161} INFO - Started process (PID=307) to work on /home/airflow/.local/lib/python3.8/site-packages/airflow/example_dags/example_python_decorator.py
[2025-05-04T23:08:34.234+0000] {processor.py:830} INFO - Processing file /home/airflow/.local/lib/python3.8/site-packages/airflow/example_dags/example_python_decorator.py for tasks to queue
[2025-05-04T23:08:34.235+0000] {logging_mixin.py:188} INFO - [2025-05-04T23:08:34.235+0000] {dagbag.py:538} INFO - Filling up the DagBag from /home/airflow/.local/lib/python3.8/site-packages/airflow/example_dags/example_python_decorator.py
[2025-05-04T23:08:34.239+0000] {processor.py:840} INFO - DAG(s) 'example_python_decorator' retrieved from /home/airflow/.local/lib/python3.8/site-packages/airflow/example_dags/example_python_decorator.py
[2025-05-04T23:08:34.250+0000] {logging_mixin.py:188} INFO - [2025-05-04T23:08:34.250+0000] {dag.py:3033} INFO - Sync 1 DAGs
[2025-05-04T23:08:34.255+0000] {logging_mixin.py:188} INFO - [2025-05-04T23:08:34.255+0000] {dag.py:3820} INFO - Setting next_dagrun for example_python_decorator to None, run_after=None
[2025-05-04T23:08:34.261+0000] {processor.py:183} INFO - Processing /home/airflow/.local/lib/python3.8/site-packages/airflow/example_dags/example_python_decorator.py took 0.029 seconds
[2025-05-04T23:09:04.988+0000] {processor.py:161} INFO - Started process (PID=362) to work on /home/airflow/.local/lib/python3.8/site-packages/airflow/example_dags/example_python_decorator.py
[2025-05-04T23:09:04.989+0000] {processor.py:830} INFO - Processing file /home/airflow/.local/lib/python3.8/site-packages/airflow/example_dags/example_python_decorator.py for tasks to queue
[2025-05-04T23:09:04.991+0000] {logging_mixin.py:188} INFO - [2025-05-04T23:09:04.990+0000] {dagbag.py:538} INFO - Filling up the DagBag from /home/airflow/.local/lib/python3.8/site-packages/airflow/example_dags/example_python_decorator.py
[2025-05-04T23:09:04.996+0000] {processor.py:840} INFO - DAG(s) 'example_python_decorator' retrieved from /home/airflow/.local/lib/python3.8/site-packages/airflow/example_dags/example_python_decorator.py
[2025-05-04T23:09:05.038+0000] {logging_mixin.py:188} INFO - [2025-05-04T23:09:05.037+0000] {dag.py:3033} INFO - Sync 1 DAGs
[2025-05-04T23:09:05.053+0000] {logging_mixin.py:188} INFO - [2025-05-04T23:09:05.053+0000] {dag.py:3820} INFO - Setting next_dagrun for example_python_decorator to None, run_after=None
[2025-05-04T23:09:05.072+0000] {processor.py:183} INFO - Processing /home/airflow/.local/lib/python3.8/site-packages/airflow/example_dags/example_python_decorator.py took 0.086 seconds
[2025-05-04T23:09:35.124+0000] {processor.py:161} INFO - Started process (PID=418) to work on /home/airflow/.local/lib/python3.8/site-packages/airflow/example_dags/example_python_decorator.py
[2025-05-04T23:09:35.125+0000] {processor.py:830} INFO - Processing file /home/airflow/.local/lib/python3.8/site-packages/airflow/example_dags/example_python_decorator.py for tasks to queue
[2025-05-04T23:09:35.126+0000] {logging_mixin.py:188} INFO - [2025-05-04T23:09:35.126+0000] {dagbag.py:538} INFO - Filling up the DagBag from /home/airflow/.local/lib/python3.8/site-packages/airflow/example_dags/example_python_decorator.py
[2025-05-04T23:09:35.133+0000] {processor.py:840} INFO - DAG(s) 'example_python_decorator' retrieved from /home/airflow/.local/lib/python3.8/site-packages/airflow/example_dags/example_python_decorator.py
[2025-05-04T23:09:35.143+0000] {logging_mixin.py:188} INFO - [2025-05-04T23:09:35.142+0000] {dag.py:3033} INFO - Sync 1 DAGs
[2025-05-04T23:09:35.147+0000] {logging_mixin.py:188} INFO - [2025-05-04T23:09:35.147+0000] {dag.py:3820} INFO - Setting next_dagrun for example_python_decorator to None, run_after=None
[2025-05-04T23:09:35.154+0000] {processor.py:183} INFO - Processing /home/airflow/.local/lib/python3.8/site-packages/airflow/example_dags/example_python_decorator.py took 0.032 seconds
[2025-05-04T23:10:05.878+0000] {processor.py:161} INFO - Started process (PID=474) to work on /home/airflow/.local/lib/python3.8/site-packages/airflow/example_dags/example_python_decorator.py
[2025-05-04T23:10:05.879+0000] {processor.py:830} INFO - Processing file /home/airflow/.local/lib/python3.8/site-packages/airflow/example_dags/example_python_decorator.py for tasks to queue
[2025-05-04T23:10:05.881+0000] {logging_mixin.py:188} INFO - [2025-05-04T23:10:05.880+0000] {dagbag.py:538} INFO - Filling up the DagBag from /home/airflow/.local/lib/python3.8/site-packages/airflow/example_dags/example_python_decorator.py
[2025-05-04T23:10:05.885+0000] {processor.py:840} INFO - DAG(s) 'example_python_decorator' retrieved from /home/airflow/.local/lib/python3.8/site-packages/airflow/example_dags/example_python_decorator.py
[2025-05-04T23:10:05.898+0000] {logging_mixin.py:188} INFO - [2025-05-04T23:10:05.898+0000] {dag.py:3033} INFO - Sync 1 DAGs
[2025-05-04T23:10:05.903+0000] {logging_mixin.py:188} INFO - [2025-05-04T23:10:05.903+0000] {dag.py:3820} INFO - Setting next_dagrun for example_python_decorator to None, run_after=None
[2025-05-04T23:10:05.914+0000] {processor.py:183} INFO - Processing /home/airflow/.local/lib/python3.8/site-packages/airflow/example_dags/example_python_decorator.py took 0.038 seconds
[2025-05-04T23:10:36.545+0000] {processor.py:161} INFO - Started process (PID=530) to work on /home/airflow/.local/lib/python3.8/site-packages/airflow/example_dags/example_python_decorator.py
[2025-05-04T23:10:36.546+0000] {processor.py:830} INFO - Processing file /home/airflow/.local/lib/python3.8/site-packages/airflow/example_dags/example_python_decorator.py for tasks to queue
[2025-05-04T23:10:36.547+0000] {logging_mixin.py:188} INFO - [2025-05-04T23:10:36.547+0000] {dagbag.py:538} INFO - Filling up the DagBag from /home/airflow/.local/lib/python3.8/site-packages/airflow/example_dags/example_python_decorator.py
[2025-05-04T23:10:36.551+0000] {processor.py:840} INFO - DAG(s) 'example_python_decorator' retrieved from /home/airflow/.local/lib/python3.8/site-packages/airflow/example_dags/example_python_decorator.py
[2025-05-04T23:10:36.562+0000] {logging_mixin.py:188} INFO - [2025-05-04T23:10:36.562+0000] {dag.py:3033} INFO - Sync 1 DAGs
[2025-05-04T23:10:36.567+0000] {logging_mixin.py:188} INFO - [2025-05-04T23:10:36.567+0000] {dag.py:3820} INFO - Setting next_dagrun for example_python_decorator to None, run_after=None
[2025-05-04T23:10:36.575+0000] {processor.py:183} INFO - Processing /home/airflow/.local/lib/python3.8/site-packages/airflow/example_dags/example_python_decorator.py took 0.031 seconds
[2025-05-04T23:11:07.296+0000] {processor.py:161} INFO - Started process (PID=586) to work on /home/airflow/.local/lib/python3.8/site-packages/airflow/example_dags/example_python_decorator.py
[2025-05-04T23:11:07.297+0000] {processor.py:830} INFO - Processing file /home/airflow/.local/lib/python3.8/site-packages/airflow/example_dags/example_python_decorator.py for tasks to queue
[2025-05-04T23:11:07.298+0000] {logging_mixin.py:188} INFO - [2025-05-04T23:11:07.298+0000] {dagbag.py:538} INFO - Filling up the DagBag from /home/airflow/.local/lib/python3.8/site-packages/airflow/example_dags/example_python_decorator.py
[2025-05-04T23:11:07.302+0000] {processor.py:840} INFO - DAG(s) 'example_python_decorator' retrieved from /home/airflow/.local/lib/python3.8/site-packages/airflow/example_dags/example_python_decorator.py
[2025-05-04T23:11:07.314+0000] {logging_mixin.py:188} INFO - [2025-05-04T23:11:07.314+0000] {dag.py:3033} INFO - Sync 1 DAGs
[2025-05-04T23:11:07.322+0000] {logging_mixin.py:188} INFO - [2025-05-04T23:11:07.321+0000] {dag.py:3820} INFO - Setting next_dagrun for example_python_decorator to None, run_after=None
[2025-05-04T23:11:07.338+0000] {processor.py:183} INFO - Processing /home/airflow/.local/lib/python3.8/site-packages/airflow/example_dags/example_python_decorator.py took 0.044 seconds
[2025-05-04T23:11:37.875+0000] {processor.py:161} INFO - Started process (PID=642) to work on /home/airflow/.local/lib/python3.8/site-packages/airflow/example_dags/example_python_decorator.py
[2025-05-04T23:11:37.876+0000] {processor.py:830} INFO - Processing file /home/airflow/.local/lib/python3.8/site-packages/airflow/example_dags/example_python_decorator.py for tasks to queue
[2025-05-04T23:11:37.877+0000] {logging_mixin.py:188} INFO - [2025-05-04T23:11:37.877+0000] {dagbag.py:538} INFO - Filling up the DagBag from /home/airflow/.local/lib/python3.8/site-packages/airflow/example_dags/example_python_decorator.py
[2025-05-04T23:11:37.881+0000] {processor.py:840} INFO - DAG(s) 'example_python_decorator' retrieved from /home/airflow/.local/lib/python3.8/site-packages/airflow/example_dags/example_python_decorator.py
[2025-05-04T23:11:37.894+0000] {logging_mixin.py:188} INFO - [2025-05-04T23:11:37.894+0000] {dag.py:3033} INFO - Sync 1 DAGs
[2025-05-04T23:11:37.900+0000] {logging_mixin.py:188} INFO - [2025-05-04T23:11:37.900+0000] {dag.py:3820} INFO - Setting next_dagrun for example_python_decorator to None, run_after=None
[2025-05-04T23:11:37.911+0000] {processor.py:183} INFO - Processing /home/airflow/.local/lib/python3.8/site-packages/airflow/example_dags/example_python_decorator.py took 0.037 seconds
[2025-05-04T23:12:08.498+0000] {processor.py:161} INFO - Started process (PID=698) to work on /home/airflow/.local/lib/python3.8/site-packages/airflow/example_dags/example_python_decorator.py
[2025-05-04T23:12:08.499+0000] {processor.py:830} INFO - Processing file /home/airflow/.local/lib/python3.8/site-packages/airflow/example_dags/example_python_decorator.py for tasks to queue
[2025-05-04T23:12:08.502+0000] {logging_mixin.py:188} INFO - [2025-05-04T23:12:08.501+0000] {dagbag.py:538} INFO - Filling up the DagBag from /home/airflow/.local/lib/python3.8/site-packages/airflow/example_dags/example_python_decorator.py
[2025-05-04T23:12:08.506+0000] {processor.py:840} INFO - DAG(s) 'example_python_decorator' retrieved from /home/airflow/.local/lib/python3.8/site-packages/airflow/example_dags/example_python_decorator.py
[2025-05-04T23:12:08.516+0000] {logging_mixin.py:188} INFO - [2025-05-04T23:12:08.516+0000] {dag.py:3033} INFO - Sync 1 DAGs
[2025-05-04T23:12:08.521+0000] {logging_mixin.py:188} INFO - [2025-05-04T23:12:08.521+0000] {dag.py:3820} INFO - Setting next_dagrun for example_python_decorator to None, run_after=None
[2025-05-04T23:12:08.529+0000] {processor.py:183} INFO - Processing /home/airflow/.local/lib/python3.8/site-packages/airflow/example_dags/example_python_decorator.py took 0.032 seconds
[2025-05-04T23:12:39.205+0000] {processor.py:161} INFO - Started process (PID=754) to work on /home/airflow/.local/lib/python3.8/site-packages/airflow/example_dags/example_python_decorator.py
[2025-05-04T23:12:39.205+0000] {processor.py:830} INFO - Processing file /home/airflow/.local/lib/python3.8/site-packages/airflow/example_dags/example_python_decorator.py for tasks to queue
[2025-05-04T23:12:39.206+0000] {logging_mixin.py:188} INFO - [2025-05-04T23:12:39.206+0000] {dagbag.py:538} INFO - Filling up the DagBag from /home/airflow/.local/lib/python3.8/site-packages/airflow/example_dags/example_python_decorator.py
[2025-05-04T23:12:39.210+0000] {processor.py:840} INFO - DAG(s) 'example_python_decorator' retrieved from /home/airflow/.local/lib/python3.8/site-packages/airflow/example_dags/example_python_decorator.py
[2025-05-04T23:12:39.222+0000] {logging_mixin.py:188} INFO - [2025-05-04T23:12:39.222+0000] {dag.py:3033} INFO - Sync 1 DAGs
[2025-05-04T23:12:39.229+0000] {logging_mixin.py:188} INFO - [2025-05-04T23:12:39.229+0000] {dag.py:3820} INFO - Setting next_dagrun for example_python_decorator to None, run_after=None
[2025-05-04T23:12:39.239+0000] {processor.py:183} INFO - Processing /home/airflow/.local/lib/python3.8/site-packages/airflow/example_dags/example_python_decorator.py took 0.036 seconds
[2025-05-04T23:13:09.825+0000] {processor.py:161} INFO - Started process (PID=810) to work on /home/airflow/.local/lib/python3.8/site-packages/airflow/example_dags/example_python_decorator.py
[2025-05-04T23:13:09.826+0000] {processor.py:830} INFO - Processing file /home/airflow/.local/lib/python3.8/site-packages/airflow/example_dags/example_python_decorator.py for tasks to queue
[2025-05-04T23:13:09.827+0000] {logging_mixin.py:188} INFO - [2025-05-04T23:13:09.827+0000] {dagbag.py:538} INFO - Filling up the DagBag from /home/airflow/.local/lib/python3.8/site-packages/airflow/example_dags/example_python_decorator.py
[2025-05-04T23:13:09.831+0000] {processor.py:840} INFO - DAG(s) 'example_python_decorator' retrieved from /home/airflow/.local/lib/python3.8/site-packages/airflow/example_dags/example_python_decorator.py
[2025-05-04T23:13:09.842+0000] {logging_mixin.py:188} INFO - [2025-05-04T23:13:09.842+0000] {dag.py:3033} INFO - Sync 1 DAGs
[2025-05-04T23:13:09.848+0000] {logging_mixin.py:188} INFO - [2025-05-04T23:13:09.848+0000] {dag.py:3820} INFO - Setting next_dagrun for example_python_decorator to None, run_after=None
[2025-05-04T23:13:09.857+0000] {processor.py:183} INFO - Processing /home/airflow/.local/lib/python3.8/site-packages/airflow/example_dags/example_python_decorator.py took 0.033 seconds
[2025-05-04T23:13:40.488+0000] {processor.py:161} INFO - Started process (PID=866) to work on /home/airflow/.local/lib/python3.8/site-packages/airflow/example_dags/example_python_decorator.py
[2025-05-04T23:13:40.488+0000] {processor.py:830} INFO - Processing file /home/airflow/.local/lib/python3.8/site-packages/airflow/example_dags/example_python_decorator.py for tasks to queue
[2025-05-04T23:13:40.490+0000] {logging_mixin.py:188} INFO - [2025-05-04T23:13:40.490+0000] {dagbag.py:538} INFO - Filling up the DagBag from /home/airflow/.local/lib/python3.8/site-packages/airflow/example_dags/example_python_decorator.py
[2025-05-04T23:13:40.495+0000] {processor.py:840} INFO - DAG(s) 'example_python_decorator' retrieved from /home/airflow/.local/lib/python3.8/site-packages/airflow/example_dags/example_python_decorator.py
[2025-05-04T23:13:40.509+0000] {logging_mixin.py:188} INFO - [2025-05-04T23:13:40.509+0000] {dag.py:3033} INFO - Sync 1 DAGs
[2025-05-04T23:13:40.514+0000] {logging_mixin.py:188} INFO - [2025-05-04T23:13:40.514+0000] {dag.py:3820} INFO - Setting next_dagrun for example_python_decorator to None, run_after=None
[2025-05-04T23:13:40.523+0000] {processor.py:183} INFO - Processing /home/airflow/.local/lib/python3.8/site-packages/airflow/example_dags/example_python_decorator.py took 0.037 seconds
[2025-05-04T23:14:11.219+0000] {processor.py:161} INFO - Started process (PID=922) to work on /home/airflow/.local/lib/python3.8/site-packages/airflow/example_dags/example_python_decorator.py
[2025-05-04T23:14:11.222+0000] {processor.py:830} INFO - Processing file /home/airflow/.local/lib/python3.8/site-packages/airflow/example_dags/example_python_decorator.py for tasks to queue
[2025-05-04T23:14:11.223+0000] {logging_mixin.py:188} INFO - [2025-05-04T23:14:11.223+0000] {dagbag.py:538} INFO - Filling up the DagBag from /home/airflow/.local/lib/python3.8/site-packages/airflow/example_dags/example_python_decorator.py
[2025-05-04T23:14:11.228+0000] {processor.py:840} INFO - DAG(s) 'example_python_decorator' retrieved from /home/airflow/.local/lib/python3.8/site-packages/airflow/example_dags/example_python_decorator.py
[2025-05-04T23:14:11.237+0000] {logging_mixin.py:188} INFO - [2025-05-04T23:14:11.237+0000] {dag.py:3033} INFO - Sync 1 DAGs
[2025-05-04T23:14:11.245+0000] {logging_mixin.py:188} INFO - [2025-05-04T23:14:11.245+0000] {dag.py:3820} INFO - Setting next_dagrun for example_python_decorator to None, run_after=None
[2025-05-04T23:14:11.254+0000] {processor.py:183} INFO - Processing /home/airflow/.local/lib/python3.8/site-packages/airflow/example_dags/example_python_decorator.py took 0.037 seconds
[2025-05-04T23:14:42.170+0000] {processor.py:161} INFO - Started process (PID=978) to work on /home/airflow/.local/lib/python3.8/site-packages/airflow/example_dags/example_python_decorator.py
[2025-05-04T23:14:42.172+0000] {processor.py:830} INFO - Processing file /home/airflow/.local/lib/python3.8/site-packages/airflow/example_dags/example_python_decorator.py for tasks to queue
[2025-05-04T23:14:42.172+0000] {logging_mixin.py:188} INFO - [2025-05-04T23:14:42.172+0000] {dagbag.py:538} INFO - Filling up the DagBag from /home/airflow/.local/lib/python3.8/site-packages/airflow/example_dags/example_python_decorator.py
[2025-05-04T23:14:42.177+0000] {processor.py:840} INFO - DAG(s) 'example_python_decorator' retrieved from /home/airflow/.local/lib/python3.8/site-packages/airflow/example_dags/example_python_decorator.py
[2025-05-04T23:14:42.190+0000] {logging_mixin.py:188} INFO - [2025-05-04T23:14:42.190+0000] {dag.py:3033} INFO - Sync 1 DAGs
[2025-05-04T23:14:42.196+0000] {logging_mixin.py:188} INFO - [2025-05-04T23:14:42.195+0000] {dag.py:3820} INFO - Setting next_dagrun for example_python_decorator to None, run_after=None
[2025-05-04T23:14:42.206+0000] {processor.py:183} INFO - Processing /home/airflow/.local/lib/python3.8/site-packages/airflow/example_dags/example_python_decorator.py took 0.038 seconds
[2025-05-04T23:15:12.301+0000] {processor.py:161} INFO - Started process (PID=1034) to work on /home/airflow/.local/lib/python3.8/site-packages/airflow/example_dags/example_python_decorator.py
[2025-05-04T23:15:12.302+0000] {processor.py:830} INFO - Processing file /home/airflow/.local/lib/python3.8/site-packages/airflow/example_dags/example_python_decorator.py for tasks to queue
[2025-05-04T23:15:12.304+0000] {logging_mixin.py:188} INFO - [2025-05-04T23:15:12.304+0000] {dagbag.py:538} INFO - Filling up the DagBag from /home/airflow/.local/lib/python3.8/site-packages/airflow/example_dags/example_python_decorator.py
[2025-05-04T23:15:12.309+0000] {processor.py:840} INFO - DAG(s) 'example_python_decorator' retrieved from /home/airflow/.local/lib/python3.8/site-packages/airflow/example_dags/example_python_decorator.py
[2025-05-04T23:15:12.320+0000] {logging_mixin.py:188} INFO - [2025-05-04T23:15:12.319+0000] {dag.py:3033} INFO - Sync 1 DAGs
[2025-05-04T23:15:12.327+0000] {logging_mixin.py:188} INFO - [2025-05-04T23:15:12.327+0000] {dag.py:3820} INFO - Setting next_dagrun for example_python_decorator to None, run_after=None
[2025-05-04T23:15:12.335+0000] {processor.py:183} INFO - Processing /home/airflow/.local/lib/python3.8/site-packages/airflow/example_dags/example_python_decorator.py took 0.035 seconds
[2025-05-04T23:15:42.858+0000] {processor.py:161} INFO - Started process (PID=1090) to work on /home/airflow/.local/lib/python3.8/site-packages/airflow/example_dags/example_python_decorator.py
[2025-05-04T23:15:42.858+0000] {processor.py:830} INFO - Processing file /home/airflow/.local/lib/python3.8/site-packages/airflow/example_dags/example_python_decorator.py for tasks to queue
[2025-05-04T23:15:42.859+0000] {logging_mixin.py:188} INFO - [2025-05-04T23:15:42.859+0000] {dagbag.py:538} INFO - Filling up the DagBag from /home/airflow/.local/lib/python3.8/site-packages/airflow/example_dags/example_python_decorator.py
[2025-05-04T23:15:42.863+0000] {processor.py:840} INFO - DAG(s) 'example_python_decorator' retrieved from /home/airflow/.local/lib/python3.8/site-packages/airflow/example_dags/example_python_decorator.py
[2025-05-04T23:15:42.877+0000] {logging_mixin.py:188} INFO - [2025-05-04T23:15:42.877+0000] {dag.py:3033} INFO - Sync 1 DAGs
[2025-05-04T23:15:42.882+0000] {logging_mixin.py:188} INFO - [2025-05-04T23:15:42.882+0000] {dag.py:3820} INFO - Setting next_dagrun for example_python_decorator to None, run_after=None
[2025-05-04T23:15:42.894+0000] {processor.py:183} INFO - Processing /home/airflow/.local/lib/python3.8/site-packages/airflow/example_dags/example_python_decorator.py took 0.037 seconds
[2025-05-04T23:18:32.171+0000] {processor.py:161} INFO - Started process (PID=77) to work on /home/airflow/.local/lib/python3.8/site-packages/airflow/example_dags/example_python_decorator.py
[2025-05-04T23:18:32.173+0000] {processor.py:830} INFO - Processing file /home/airflow/.local/lib/python3.8/site-packages/airflow/example_dags/example_python_decorator.py for tasks to queue
[2025-05-04T23:18:32.176+0000] {logging_mixin.py:188} INFO - [2025-05-04T23:18:32.176+0000] {dagbag.py:538} INFO - Filling up the DagBag from /home/airflow/.local/lib/python3.8/site-packages/airflow/example_dags/example_python_decorator.py
[2025-05-04T23:18:32.182+0000] {processor.py:840} INFO - DAG(s) 'example_python_decorator' retrieved from /home/airflow/.local/lib/python3.8/site-packages/airflow/example_dags/example_python_decorator.py
[2025-05-04T23:18:32.193+0000] {logging_mixin.py:188} INFO - [2025-05-04T23:18:32.193+0000] {dag.py:3033} INFO - Sync 1 DAGs
[2025-05-04T23:18:32.204+0000] {logging_mixin.py:188} INFO - [2025-05-04T23:18:32.204+0000] {dag.py:3820} INFO - Setting next_dagrun for example_python_decorator to None, run_after=None
[2025-05-04T23:18:32.224+0000] {processor.py:183} INFO - Processing /home/airflow/.local/lib/python3.8/site-packages/airflow/example_dags/example_python_decorator.py took 0.055 seconds
[2025-05-04T23:19:02.560+0000] {processor.py:161} INFO - Started process (PID=133) to work on /home/airflow/.local/lib/python3.8/site-packages/airflow/example_dags/example_python_decorator.py
[2025-05-04T23:19:02.560+0000] {processor.py:830} INFO - Processing file /home/airflow/.local/lib/python3.8/site-packages/airflow/example_dags/example_python_decorator.py for tasks to queue
[2025-05-04T23:19:02.562+0000] {logging_mixin.py:188} INFO - [2025-05-04T23:19:02.562+0000] {dagbag.py:538} INFO - Filling up the DagBag from /home/airflow/.local/lib/python3.8/site-packages/airflow/example_dags/example_python_decorator.py
[2025-05-04T23:19:02.567+0000] {processor.py:840} INFO - DAG(s) 'example_python_decorator' retrieved from /home/airflow/.local/lib/python3.8/site-packages/airflow/example_dags/example_python_decorator.py
[2025-05-04T23:19:02.625+0000] {logging_mixin.py:188} INFO - [2025-05-04T23:19:02.625+0000] {dag.py:3033} INFO - Sync 1 DAGs
[2025-05-04T23:19:02.630+0000] {logging_mixin.py:188} INFO - [2025-05-04T23:19:02.630+0000] {dag.py:3820} INFO - Setting next_dagrun for example_python_decorator to None, run_after=None
[2025-05-04T23:19:02.648+0000] {processor.py:183} INFO - Processing /home/airflow/.local/lib/python3.8/site-packages/airflow/example_dags/example_python_decorator.py took 0.090 seconds
[2025-05-04T23:19:33.584+0000] {processor.py:161} INFO - Started process (PID=189) to work on /home/airflow/.local/lib/python3.8/site-packages/airflow/example_dags/example_python_decorator.py
[2025-05-04T23:19:33.586+0000] {processor.py:830} INFO - Processing file /home/airflow/.local/lib/python3.8/site-packages/airflow/example_dags/example_python_decorator.py for tasks to queue
[2025-05-04T23:19:33.587+0000] {logging_mixin.py:188} INFO - [2025-05-04T23:19:33.587+0000] {dagbag.py:538} INFO - Filling up the DagBag from /home/airflow/.local/lib/python3.8/site-packages/airflow/example_dags/example_python_decorator.py
[2025-05-04T23:19:33.593+0000] {processor.py:840} INFO - DAG(s) 'example_python_decorator' retrieved from /home/airflow/.local/lib/python3.8/site-packages/airflow/example_dags/example_python_decorator.py
[2025-05-04T23:19:33.609+0000] {logging_mixin.py:188} INFO - [2025-05-04T23:19:33.609+0000] {dag.py:3033} INFO - Sync 1 DAGs
[2025-05-04T23:19:33.616+0000] {logging_mixin.py:188} INFO - [2025-05-04T23:19:33.616+0000] {dag.py:3820} INFO - Setting next_dagrun for example_python_decorator to None, run_after=None
[2025-05-04T23:19:33.631+0000] {processor.py:183} INFO - Processing /home/airflow/.local/lib/python3.8/site-packages/airflow/example_dags/example_python_decorator.py took 0.048 seconds
[2025-05-04T23:20:04.273+0000] {processor.py:161} INFO - Started process (PID=245) to work on /home/airflow/.local/lib/python3.8/site-packages/airflow/example_dags/example_python_decorator.py
[2025-05-04T23:20:04.274+0000] {processor.py:830} INFO - Processing file /home/airflow/.local/lib/python3.8/site-packages/airflow/example_dags/example_python_decorator.py for tasks to queue
[2025-05-04T23:20:04.275+0000] {logging_mixin.py:188} INFO - [2025-05-04T23:20:04.275+0000] {dagbag.py:538} INFO - Filling up the DagBag from /home/airflow/.local/lib/python3.8/site-packages/airflow/example_dags/example_python_decorator.py
[2025-05-04T23:20:04.279+0000] {processor.py:840} INFO - DAG(s) 'example_python_decorator' retrieved from /home/airflow/.local/lib/python3.8/site-packages/airflow/example_dags/example_python_decorator.py
[2025-05-04T23:20:04.296+0000] {logging_mixin.py:188} INFO - [2025-05-04T23:20:04.296+0000] {dag.py:3033} INFO - Sync 1 DAGs
[2025-05-04T23:20:04.301+0000] {logging_mixin.py:188} INFO - [2025-05-04T23:20:04.301+0000] {dag.py:3820} INFO - Setting next_dagrun for example_python_decorator to None, run_after=None
[2025-05-04T23:20:04.307+0000] {processor.py:183} INFO - Processing /home/airflow/.local/lib/python3.8/site-packages/airflow/example_dags/example_python_decorator.py took 0.036 seconds
[2025-05-04T23:20:35.131+0000] {processor.py:161} INFO - Started process (PID=300) to work on /home/airflow/.local/lib/python3.8/site-packages/airflow/example_dags/example_python_decorator.py
[2025-05-04T23:20:35.131+0000] {processor.py:830} INFO - Processing file /home/airflow/.local/lib/python3.8/site-packages/airflow/example_dags/example_python_decorator.py for tasks to queue
[2025-05-04T23:20:35.133+0000] {logging_mixin.py:188} INFO - [2025-05-04T23:20:35.132+0000] {dagbag.py:538} INFO - Filling up the DagBag from /home/airflow/.local/lib/python3.8/site-packages/airflow/example_dags/example_python_decorator.py
[2025-05-04T23:20:35.137+0000] {processor.py:840} INFO - DAG(s) 'example_python_decorator' retrieved from /home/airflow/.local/lib/python3.8/site-packages/airflow/example_dags/example_python_decorator.py
[2025-05-04T23:20:35.152+0000] {logging_mixin.py:188} INFO - [2025-05-04T23:20:35.152+0000] {dag.py:3033} INFO - Sync 1 DAGs
[2025-05-04T23:20:35.158+0000] {logging_mixin.py:188} INFO - [2025-05-04T23:20:35.158+0000] {dag.py:3820} INFO - Setting next_dagrun for example_python_decorator to None, run_after=None
[2025-05-04T23:20:35.170+0000] {processor.py:183} INFO - Processing /home/airflow/.local/lib/python3.8/site-packages/airflow/example_dags/example_python_decorator.py took 0.041 seconds
[2025-05-04T23:21:05.298+0000] {processor.py:161} INFO - Started process (PID=356) to work on /home/airflow/.local/lib/python3.8/site-packages/airflow/example_dags/example_python_decorator.py
[2025-05-04T23:21:05.298+0000] {processor.py:830} INFO - Processing file /home/airflow/.local/lib/python3.8/site-packages/airflow/example_dags/example_python_decorator.py for tasks to queue
[2025-05-04T23:21:05.299+0000] {logging_mixin.py:188} INFO - [2025-05-04T23:21:05.299+0000] {dagbag.py:538} INFO - Filling up the DagBag from /home/airflow/.local/lib/python3.8/site-packages/airflow/example_dags/example_python_decorator.py
[2025-05-04T23:21:05.304+0000] {processor.py:840} INFO - DAG(s) 'example_python_decorator' retrieved from /home/airflow/.local/lib/python3.8/site-packages/airflow/example_dags/example_python_decorator.py
[2025-05-04T23:21:05.319+0000] {logging_mixin.py:188} INFO - [2025-05-04T23:21:05.319+0000] {dag.py:3033} INFO - Sync 1 DAGs
[2025-05-04T23:21:05.327+0000] {logging_mixin.py:188} INFO - [2025-05-04T23:21:05.327+0000] {dag.py:3820} INFO - Setting next_dagrun for example_python_decorator to None, run_after=None
[2025-05-04T23:21:05.340+0000] {processor.py:183} INFO - Processing /home/airflow/.local/lib/python3.8/site-packages/airflow/example_dags/example_python_decorator.py took 0.043 seconds
[2025-05-04T23:21:35.924+0000] {processor.py:161} INFO - Started process (PID=412) to work on /home/airflow/.local/lib/python3.8/site-packages/airflow/example_dags/example_python_decorator.py
[2025-05-04T23:21:35.925+0000] {processor.py:830} INFO - Processing file /home/airflow/.local/lib/python3.8/site-packages/airflow/example_dags/example_python_decorator.py for tasks to queue
[2025-05-04T23:21:35.926+0000] {logging_mixin.py:188} INFO - [2025-05-04T23:21:35.926+0000] {dagbag.py:538} INFO - Filling up the DagBag from /home/airflow/.local/lib/python3.8/site-packages/airflow/example_dags/example_python_decorator.py
[2025-05-04T23:21:35.932+0000] {processor.py:840} INFO - DAG(s) 'example_python_decorator' retrieved from /home/airflow/.local/lib/python3.8/site-packages/airflow/example_dags/example_python_decorator.py
[2025-05-04T23:21:35.943+0000] {logging_mixin.py:188} INFO - [2025-05-04T23:21:35.943+0000] {dag.py:3033} INFO - Sync 1 DAGs
[2025-05-04T23:21:35.949+0000] {logging_mixin.py:188} INFO - [2025-05-04T23:21:35.949+0000] {dag.py:3820} INFO - Setting next_dagrun for example_python_decorator to None, run_after=None
[2025-05-04T23:21:35.958+0000] {processor.py:183} INFO - Processing /home/airflow/.local/lib/python3.8/site-packages/airflow/example_dags/example_python_decorator.py took 0.037 seconds
[2025-05-04T23:22:06.602+0000] {processor.py:161} INFO - Started process (PID=468) to work on /home/airflow/.local/lib/python3.8/site-packages/airflow/example_dags/example_python_decorator.py
[2025-05-04T23:22:06.603+0000] {processor.py:830} INFO - Processing file /home/airflow/.local/lib/python3.8/site-packages/airflow/example_dags/example_python_decorator.py for tasks to queue
[2025-05-04T23:22:06.604+0000] {logging_mixin.py:188} INFO - [2025-05-04T23:22:06.604+0000] {dagbag.py:538} INFO - Filling up the DagBag from /home/airflow/.local/lib/python3.8/site-packages/airflow/example_dags/example_python_decorator.py
[2025-05-04T23:22:06.608+0000] {processor.py:840} INFO - DAG(s) 'example_python_decorator' retrieved from /home/airflow/.local/lib/python3.8/site-packages/airflow/example_dags/example_python_decorator.py
[2025-05-04T23:22:06.617+0000] {logging_mixin.py:188} INFO - [2025-05-04T23:22:06.617+0000] {dag.py:3033} INFO - Sync 1 DAGs
[2025-05-04T23:22:06.622+0000] {logging_mixin.py:188} INFO - [2025-05-04T23:22:06.622+0000] {dag.py:3820} INFO - Setting next_dagrun for example_python_decorator to None, run_after=None
[2025-05-04T23:22:06.628+0000] {processor.py:183} INFO - Processing /home/airflow/.local/lib/python3.8/site-packages/airflow/example_dags/example_python_decorator.py took 0.027 seconds
[2025-05-04T23:22:37.147+0000] {processor.py:161} INFO - Started process (PID=524) to work on /home/airflow/.local/lib/python3.8/site-packages/airflow/example_dags/example_python_decorator.py
[2025-05-04T23:22:37.148+0000] {processor.py:830} INFO - Processing file /home/airflow/.local/lib/python3.8/site-packages/airflow/example_dags/example_python_decorator.py for tasks to queue
[2025-05-04T23:22:37.149+0000] {logging_mixin.py:188} INFO - [2025-05-04T23:22:37.149+0000] {dagbag.py:538} INFO - Filling up the DagBag from /home/airflow/.local/lib/python3.8/site-packages/airflow/example_dags/example_python_decorator.py
[2025-05-04T23:22:37.154+0000] {processor.py:840} INFO - DAG(s) 'example_python_decorator' retrieved from /home/airflow/.local/lib/python3.8/site-packages/airflow/example_dags/example_python_decorator.py
[2025-05-04T23:22:37.171+0000] {logging_mixin.py:188} INFO - [2025-05-04T23:22:37.171+0000] {dag.py:3033} INFO - Sync 1 DAGs
[2025-05-04T23:22:37.179+0000] {logging_mixin.py:188} INFO - [2025-05-04T23:22:37.179+0000] {dag.py:3820} INFO - Setting next_dagrun for example_python_decorator to None, run_after=None
[2025-05-04T23:22:37.191+0000] {processor.py:183} INFO - Processing /home/airflow/.local/lib/python3.8/site-packages/airflow/example_dags/example_python_decorator.py took 0.046 seconds
[2025-05-04T23:23:07.759+0000] {processor.py:161} INFO - Started process (PID=580) to work on /home/airflow/.local/lib/python3.8/site-packages/airflow/example_dags/example_python_decorator.py
[2025-05-04T23:23:07.760+0000] {processor.py:830} INFO - Processing file /home/airflow/.local/lib/python3.8/site-packages/airflow/example_dags/example_python_decorator.py for tasks to queue
[2025-05-04T23:23:07.761+0000] {logging_mixin.py:188} INFO - [2025-05-04T23:23:07.760+0000] {dagbag.py:538} INFO - Filling up the DagBag from /home/airflow/.local/lib/python3.8/site-packages/airflow/example_dags/example_python_decorator.py
[2025-05-04T23:23:07.766+0000] {processor.py:840} INFO - DAG(s) 'example_python_decorator' retrieved from /home/airflow/.local/lib/python3.8/site-packages/airflow/example_dags/example_python_decorator.py
[2025-05-04T23:23:07.779+0000] {logging_mixin.py:188} INFO - [2025-05-04T23:23:07.779+0000] {dag.py:3033} INFO - Sync 1 DAGs
[2025-05-04T23:23:07.784+0000] {logging_mixin.py:188} INFO - [2025-05-04T23:23:07.784+0000] {dag.py:3820} INFO - Setting next_dagrun for example_python_decorator to None, run_after=None
[2025-05-04T23:23:07.791+0000] {processor.py:183} INFO - Processing /home/airflow/.local/lib/python3.8/site-packages/airflow/example_dags/example_python_decorator.py took 0.034 seconds
[2025-05-04T23:24:31.400+0000] {processor.py:161} INFO - Started process (PID=77) to work on /home/airflow/.local/lib/python3.8/site-packages/airflow/example_dags/example_python_decorator.py
[2025-05-04T23:24:31.401+0000] {processor.py:830} INFO - Processing file /home/airflow/.local/lib/python3.8/site-packages/airflow/example_dags/example_python_decorator.py for tasks to queue
[2025-05-04T23:24:31.402+0000] {logging_mixin.py:188} INFO - [2025-05-04T23:24:31.402+0000] {dagbag.py:538} INFO - Filling up the DagBag from /home/airflow/.local/lib/python3.8/site-packages/airflow/example_dags/example_python_decorator.py
[2025-05-04T23:24:31.407+0000] {processor.py:840} INFO - DAG(s) 'example_python_decorator' retrieved from /home/airflow/.local/lib/python3.8/site-packages/airflow/example_dags/example_python_decorator.py
[2025-05-04T23:24:31.412+0000] {logging_mixin.py:188} INFO - [2025-05-04T23:24:31.412+0000] {dag.py:3033} INFO - Sync 1 DAGs
[2025-05-04T23:24:31.419+0000] {logging_mixin.py:188} INFO - [2025-05-04T23:24:31.419+0000] {dag.py:3820} INFO - Setting next_dagrun for example_python_decorator to None, run_after=None
[2025-05-04T23:24:31.425+0000] {processor.py:183} INFO - Processing /home/airflow/.local/lib/python3.8/site-packages/airflow/example_dags/example_python_decorator.py took 0.027 seconds
[2025-05-04T23:25:02.065+0000] {processor.py:161} INFO - Started process (PID=133) to work on /home/airflow/.local/lib/python3.8/site-packages/airflow/example_dags/example_python_decorator.py
[2025-05-04T23:25:02.066+0000] {processor.py:830} INFO - Processing file /home/airflow/.local/lib/python3.8/site-packages/airflow/example_dags/example_python_decorator.py for tasks to queue
[2025-05-04T23:25:02.069+0000] {logging_mixin.py:188} INFO - [2025-05-04T23:25:02.068+0000] {dagbag.py:538} INFO - Filling up the DagBag from /home/airflow/.local/lib/python3.8/site-packages/airflow/example_dags/example_python_decorator.py
[2025-05-04T23:25:02.073+0000] {processor.py:840} INFO - DAG(s) 'example_python_decorator' retrieved from /home/airflow/.local/lib/python3.8/site-packages/airflow/example_dags/example_python_decorator.py
[2025-05-04T23:25:02.124+0000] {logging_mixin.py:188} INFO - [2025-05-04T23:25:02.124+0000] {dag.py:3033} INFO - Sync 1 DAGs
[2025-05-04T23:25:02.129+0000] {logging_mixin.py:188} INFO - [2025-05-04T23:25:02.129+0000] {dag.py:3820} INFO - Setting next_dagrun for example_python_decorator to None, run_after=None
[2025-05-04T23:25:02.140+0000] {processor.py:183} INFO - Processing /home/airflow/.local/lib/python3.8/site-packages/airflow/example_dags/example_python_decorator.py took 0.077 seconds
[2025-05-04T23:25:32.877+0000] {processor.py:161} INFO - Started process (PID=188) to work on /home/airflow/.local/lib/python3.8/site-packages/airflow/example_dags/example_python_decorator.py
[2025-05-04T23:25:32.878+0000] {processor.py:830} INFO - Processing file /home/airflow/.local/lib/python3.8/site-packages/airflow/example_dags/example_python_decorator.py for tasks to queue
[2025-05-04T23:25:32.879+0000] {logging_mixin.py:188} INFO - [2025-05-04T23:25:32.879+0000] {dagbag.py:538} INFO - Filling up the DagBag from /home/airflow/.local/lib/python3.8/site-packages/airflow/example_dags/example_python_decorator.py
[2025-05-04T23:25:32.886+0000] {processor.py:840} INFO - DAG(s) 'example_python_decorator' retrieved from /home/airflow/.local/lib/python3.8/site-packages/airflow/example_dags/example_python_decorator.py
[2025-05-04T23:25:32.903+0000] {logging_mixin.py:188} INFO - [2025-05-04T23:25:32.903+0000] {dag.py:3033} INFO - Sync 1 DAGs
[2025-05-04T23:25:32.911+0000] {logging_mixin.py:188} INFO - [2025-05-04T23:25:32.911+0000] {dag.py:3820} INFO - Setting next_dagrun for example_python_decorator to None, run_after=None
[2025-05-04T23:25:32.921+0000] {processor.py:183} INFO - Processing /home/airflow/.local/lib/python3.8/site-packages/airflow/example_dags/example_python_decorator.py took 0.045 seconds
[2025-05-04T23:26:03.725+0000] {processor.py:161} INFO - Started process (PID=244) to work on /home/airflow/.local/lib/python3.8/site-packages/airflow/example_dags/example_python_decorator.py
[2025-05-04T23:26:03.727+0000] {processor.py:830} INFO - Processing file /home/airflow/.local/lib/python3.8/site-packages/airflow/example_dags/example_python_decorator.py for tasks to queue
[2025-05-04T23:26:03.727+0000] {logging_mixin.py:188} INFO - [2025-05-04T23:26:03.727+0000] {dagbag.py:538} INFO - Filling up the DagBag from /home/airflow/.local/lib/python3.8/site-packages/airflow/example_dags/example_python_decorator.py
[2025-05-04T23:26:03.732+0000] {processor.py:840} INFO - DAG(s) 'example_python_decorator' retrieved from /home/airflow/.local/lib/python3.8/site-packages/airflow/example_dags/example_python_decorator.py
[2025-05-04T23:26:03.743+0000] {logging_mixin.py:188} INFO - [2025-05-04T23:26:03.743+0000] {dag.py:3033} INFO - Sync 1 DAGs
[2025-05-04T23:26:03.749+0000] {logging_mixin.py:188} INFO - [2025-05-04T23:26:03.749+0000] {dag.py:3820} INFO - Setting next_dagrun for example_python_decorator to None, run_after=None
[2025-05-04T23:26:03.763+0000] {processor.py:183} INFO - Processing /home/airflow/.local/lib/python3.8/site-packages/airflow/example_dags/example_python_decorator.py took 0.039 seconds
[2025-05-04T23:26:34.480+0000] {processor.py:161} INFO - Started process (PID=300) to work on /home/airflow/.local/lib/python3.8/site-packages/airflow/example_dags/example_python_decorator.py
[2025-05-04T23:26:34.480+0000] {processor.py:830} INFO - Processing file /home/airflow/.local/lib/python3.8/site-packages/airflow/example_dags/example_python_decorator.py for tasks to queue
[2025-05-04T23:26:34.482+0000] {logging_mixin.py:188} INFO - [2025-05-04T23:26:34.482+0000] {dagbag.py:538} INFO - Filling up the DagBag from /home/airflow/.local/lib/python3.8/site-packages/airflow/example_dags/example_python_decorator.py
[2025-05-04T23:26:34.487+0000] {processor.py:840} INFO - DAG(s) 'example_python_decorator' retrieved from /home/airflow/.local/lib/python3.8/site-packages/airflow/example_dags/example_python_decorator.py
[2025-05-04T23:26:34.497+0000] {logging_mixin.py:188} INFO - [2025-05-04T23:26:34.497+0000] {dag.py:3033} INFO - Sync 1 DAGs
[2025-05-04T23:26:34.505+0000] {logging_mixin.py:188} INFO - [2025-05-04T23:26:34.505+0000] {dag.py:3820} INFO - Setting next_dagrun for example_python_decorator to None, run_after=None
[2025-05-04T23:26:34.517+0000] {processor.py:183} INFO - Processing /home/airflow/.local/lib/python3.8/site-packages/airflow/example_dags/example_python_decorator.py took 0.038 seconds
[2025-05-04T23:27:05.203+0000] {processor.py:161} INFO - Started process (PID=362) to work on /home/airflow/.local/lib/python3.8/site-packages/airflow/example_dags/example_python_decorator.py
[2025-05-04T23:27:05.205+0000] {processor.py:830} INFO - Processing file /home/airflow/.local/lib/python3.8/site-packages/airflow/example_dags/example_python_decorator.py for tasks to queue
[2025-05-04T23:27:05.206+0000] {logging_mixin.py:188} INFO - [2025-05-04T23:27:05.206+0000] {dagbag.py:538} INFO - Filling up the DagBag from /home/airflow/.local/lib/python3.8/site-packages/airflow/example_dags/example_python_decorator.py
[2025-05-04T23:27:05.212+0000] {processor.py:840} INFO - DAG(s) 'example_python_decorator' retrieved from /home/airflow/.local/lib/python3.8/site-packages/airflow/example_dags/example_python_decorator.py
[2025-05-04T23:27:05.227+0000] {logging_mixin.py:188} INFO - [2025-05-04T23:27:05.227+0000] {dag.py:3033} INFO - Sync 1 DAGs
[2025-05-04T23:27:05.234+0000] {logging_mixin.py:188} INFO - [2025-05-04T23:27:05.234+0000] {dag.py:3820} INFO - Setting next_dagrun for example_python_decorator to None, run_after=None
[2025-05-04T23:27:05.244+0000] {processor.py:183} INFO - Processing /home/airflow/.local/lib/python3.8/site-packages/airflow/example_dags/example_python_decorator.py took 0.042 seconds
[2025-05-04T23:27:35.865+0000] {processor.py:161} INFO - Started process (PID=418) to work on /home/airflow/.local/lib/python3.8/site-packages/airflow/example_dags/example_python_decorator.py
[2025-05-04T23:27:35.867+0000] {processor.py:830} INFO - Processing file /home/airflow/.local/lib/python3.8/site-packages/airflow/example_dags/example_python_decorator.py for tasks to queue
[2025-05-04T23:27:35.868+0000] {logging_mixin.py:188} INFO - [2025-05-04T23:27:35.868+0000] {dagbag.py:538} INFO - Filling up the DagBag from /home/airflow/.local/lib/python3.8/site-packages/airflow/example_dags/example_python_decorator.py
[2025-05-04T23:27:35.873+0000] {processor.py:840} INFO - DAG(s) 'example_python_decorator' retrieved from /home/airflow/.local/lib/python3.8/site-packages/airflow/example_dags/example_python_decorator.py
[2025-05-04T23:27:35.888+0000] {logging_mixin.py:188} INFO - [2025-05-04T23:27:35.888+0000] {dag.py:3033} INFO - Sync 1 DAGs
[2025-05-04T23:27:35.895+0000] {logging_mixin.py:188} INFO - [2025-05-04T23:27:35.895+0000] {dag.py:3820} INFO - Setting next_dagrun for example_python_decorator to None, run_after=None
[2025-05-04T23:27:35.910+0000] {processor.py:183} INFO - Processing /home/airflow/.local/lib/python3.8/site-packages/airflow/example_dags/example_python_decorator.py took 0.046 seconds
[2025-05-04T23:28:24.756+0000] {processor.py:161} INFO - Started process (PID=77) to work on /home/airflow/.local/lib/python3.8/site-packages/airflow/example_dags/example_python_decorator.py
[2025-05-04T23:28:24.757+0000] {processor.py:830} INFO - Processing file /home/airflow/.local/lib/python3.8/site-packages/airflow/example_dags/example_python_decorator.py for tasks to queue
[2025-05-04T23:28:24.759+0000] {logging_mixin.py:188} INFO - [2025-05-04T23:28:24.759+0000] {dagbag.py:538} INFO - Filling up the DagBag from /home/airflow/.local/lib/python3.8/site-packages/airflow/example_dags/example_python_decorator.py
[2025-05-04T23:28:24.765+0000] {processor.py:840} INFO - DAG(s) 'example_python_decorator' retrieved from /home/airflow/.local/lib/python3.8/site-packages/airflow/example_dags/example_python_decorator.py
[2025-05-04T23:28:24.774+0000] {logging_mixin.py:188} INFO - [2025-05-04T23:28:24.774+0000] {dag.py:3033} INFO - Sync 1 DAGs
[2025-05-04T23:28:24.781+0000] {logging_mixin.py:188} INFO - [2025-05-04T23:28:24.781+0000] {dag.py:3820} INFO - Setting next_dagrun for example_python_decorator to None, run_after=None
[2025-05-04T23:28:24.799+0000] {processor.py:183} INFO - Processing /home/airflow/.local/lib/python3.8/site-packages/airflow/example_dags/example_python_decorator.py took 0.045 seconds
[2025-05-04T23:28:55.933+0000] {processor.py:161} INFO - Started process (PID=133) to work on /home/airflow/.local/lib/python3.8/site-packages/airflow/example_dags/example_python_decorator.py
[2025-05-04T23:28:55.934+0000] {processor.py:830} INFO - Processing file /home/airflow/.local/lib/python3.8/site-packages/airflow/example_dags/example_python_decorator.py for tasks to queue
[2025-05-04T23:28:55.935+0000] {logging_mixin.py:188} INFO - [2025-05-04T23:28:55.935+0000] {dagbag.py:538} INFO - Filling up the DagBag from /home/airflow/.local/lib/python3.8/site-packages/airflow/example_dags/example_python_decorator.py
[2025-05-04T23:28:55.939+0000] {processor.py:840} INFO - DAG(s) 'example_python_decorator' retrieved from /home/airflow/.local/lib/python3.8/site-packages/airflow/example_dags/example_python_decorator.py
[2025-05-04T23:28:55.979+0000] {logging_mixin.py:188} INFO - [2025-05-04T23:28:55.979+0000] {dag.py:3033} INFO - Sync 1 DAGs
[2025-05-04T23:28:55.985+0000] {logging_mixin.py:188} INFO - [2025-05-04T23:28:55.985+0000] {dag.py:3820} INFO - Setting next_dagrun for example_python_decorator to None, run_after=None
[2025-05-04T23:28:55.995+0000] {processor.py:183} INFO - Processing /home/airflow/.local/lib/python3.8/site-packages/airflow/example_dags/example_python_decorator.py took 0.063 seconds
[2025-05-04T23:29:26.948+0000] {processor.py:161} INFO - Started process (PID=189) to work on /home/airflow/.local/lib/python3.8/site-packages/airflow/example_dags/example_python_decorator.py
[2025-05-04T23:29:26.950+0000] {processor.py:830} INFO - Processing file /home/airflow/.local/lib/python3.8/site-packages/airflow/example_dags/example_python_decorator.py for tasks to queue
[2025-05-04T23:29:26.952+0000] {logging_mixin.py:188} INFO - [2025-05-04T23:29:26.951+0000] {dagbag.py:538} INFO - Filling up the DagBag from /home/airflow/.local/lib/python3.8/site-packages/airflow/example_dags/example_python_decorator.py
[2025-05-04T23:29:26.957+0000] {processor.py:840} INFO - DAG(s) 'example_python_decorator' retrieved from /home/airflow/.local/lib/python3.8/site-packages/airflow/example_dags/example_python_decorator.py
[2025-05-04T23:29:26.970+0000] {logging_mixin.py:188} INFO - [2025-05-04T23:29:26.970+0000] {dag.py:3033} INFO - Sync 1 DAGs
[2025-05-04T23:29:26.976+0000] {logging_mixin.py:188} INFO - [2025-05-04T23:29:26.976+0000] {dag.py:3820} INFO - Setting next_dagrun for example_python_decorator to None, run_after=None
[2025-05-04T23:29:26.985+0000] {processor.py:183} INFO - Processing /home/airflow/.local/lib/python3.8/site-packages/airflow/example_dags/example_python_decorator.py took 0.038 seconds
[2025-05-04T23:29:57.660+0000] {processor.py:161} INFO - Started process (PID=251) to work on /home/airflow/.local/lib/python3.8/site-packages/airflow/example_dags/example_python_decorator.py
[2025-05-04T23:29:57.661+0000] {processor.py:830} INFO - Processing file /home/airflow/.local/lib/python3.8/site-packages/airflow/example_dags/example_python_decorator.py for tasks to queue
[2025-05-04T23:29:57.662+0000] {logging_mixin.py:188} INFO - [2025-05-04T23:29:57.662+0000] {dagbag.py:538} INFO - Filling up the DagBag from /home/airflow/.local/lib/python3.8/site-packages/airflow/example_dags/example_python_decorator.py
[2025-05-04T23:29:57.666+0000] {processor.py:840} INFO - DAG(s) 'example_python_decorator' retrieved from /home/airflow/.local/lib/python3.8/site-packages/airflow/example_dags/example_python_decorator.py
[2025-05-04T23:29:57.675+0000] {logging_mixin.py:188} INFO - [2025-05-04T23:29:57.675+0000] {dag.py:3033} INFO - Sync 1 DAGs
[2025-05-04T23:29:57.680+0000] {logging_mixin.py:188} INFO - [2025-05-04T23:29:57.680+0000] {dag.py:3820} INFO - Setting next_dagrun for example_python_decorator to None, run_after=None
[2025-05-04T23:29:57.689+0000] {processor.py:183} INFO - Processing /home/airflow/.local/lib/python3.8/site-packages/airflow/example_dags/example_python_decorator.py took 0.030 seconds
[2025-05-04T23:30:28.430+0000] {processor.py:161} INFO - Started process (PID=307) to work on /home/airflow/.local/lib/python3.8/site-packages/airflow/example_dags/example_python_decorator.py
[2025-05-04T23:30:28.431+0000] {processor.py:830} INFO - Processing file /home/airflow/.local/lib/python3.8/site-packages/airflow/example_dags/example_python_decorator.py for tasks to queue
[2025-05-04T23:30:28.432+0000] {logging_mixin.py:188} INFO - [2025-05-04T23:30:28.432+0000] {dagbag.py:538} INFO - Filling up the DagBag from /home/airflow/.local/lib/python3.8/site-packages/airflow/example_dags/example_python_decorator.py
[2025-05-04T23:30:28.437+0000] {processor.py:840} INFO - DAG(s) 'example_python_decorator' retrieved from /home/airflow/.local/lib/python3.8/site-packages/airflow/example_dags/example_python_decorator.py
[2025-05-04T23:30:28.448+0000] {logging_mixin.py:188} INFO - [2025-05-04T23:30:28.448+0000] {dag.py:3033} INFO - Sync 1 DAGs
[2025-05-04T23:30:28.453+0000] {logging_mixin.py:188} INFO - [2025-05-04T23:30:28.453+0000] {dag.py:3820} INFO - Setting next_dagrun for example_python_decorator to None, run_after=None
[2025-05-04T23:30:28.463+0000] {processor.py:183} INFO - Processing /home/airflow/.local/lib/python3.8/site-packages/airflow/example_dags/example_python_decorator.py took 0.035 seconds
[2025-05-04T23:30:58.965+0000] {processor.py:161} INFO - Started process (PID=362) to work on /home/airflow/.local/lib/python3.8/site-packages/airflow/example_dags/example_python_decorator.py
[2025-05-04T23:30:58.967+0000] {processor.py:830} INFO - Processing file /home/airflow/.local/lib/python3.8/site-packages/airflow/example_dags/example_python_decorator.py for tasks to queue
[2025-05-04T23:30:58.968+0000] {logging_mixin.py:188} INFO - [2025-05-04T23:30:58.968+0000] {dagbag.py:538} INFO - Filling up the DagBag from /home/airflow/.local/lib/python3.8/site-packages/airflow/example_dags/example_python_decorator.py
[2025-05-04T23:30:58.973+0000] {processor.py:840} INFO - DAG(s) 'example_python_decorator' retrieved from /home/airflow/.local/lib/python3.8/site-packages/airflow/example_dags/example_python_decorator.py
[2025-05-04T23:30:58.988+0000] {logging_mixin.py:188} INFO - [2025-05-04T23:30:58.987+0000] {dag.py:3033} INFO - Sync 1 DAGs
[2025-05-04T23:30:58.994+0000] {logging_mixin.py:188} INFO - [2025-05-04T23:30:58.994+0000] {dag.py:3820} INFO - Setting next_dagrun for example_python_decorator to None, run_after=None
[2025-05-04T23:30:59.003+0000] {processor.py:183} INFO - Processing /home/airflow/.local/lib/python3.8/site-packages/airflow/example_dags/example_python_decorator.py took 0.040 seconds
[2025-05-04T23:31:29.695+0000] {processor.py:161} INFO - Started process (PID=418) to work on /home/airflow/.local/lib/python3.8/site-packages/airflow/example_dags/example_python_decorator.py
[2025-05-04T23:31:29.697+0000] {processor.py:830} INFO - Processing file /home/airflow/.local/lib/python3.8/site-packages/airflow/example_dags/example_python_decorator.py for tasks to queue
[2025-05-04T23:31:29.698+0000] {logging_mixin.py:188} INFO - [2025-05-04T23:31:29.698+0000] {dagbag.py:538} INFO - Filling up the DagBag from /home/airflow/.local/lib/python3.8/site-packages/airflow/example_dags/example_python_decorator.py
[2025-05-04T23:31:29.704+0000] {processor.py:840} INFO - DAG(s) 'example_python_decorator' retrieved from /home/airflow/.local/lib/python3.8/site-packages/airflow/example_dags/example_python_decorator.py
[2025-05-04T23:31:29.716+0000] {logging_mixin.py:188} INFO - [2025-05-04T23:31:29.716+0000] {dag.py:3033} INFO - Sync 1 DAGs
[2025-05-04T23:31:29.722+0000] {logging_mixin.py:188} INFO - [2025-05-04T23:31:29.722+0000] {dag.py:3820} INFO - Setting next_dagrun for example_python_decorator to None, run_after=None
[2025-05-04T23:31:29.733+0000] {processor.py:183} INFO - Processing /home/airflow/.local/lib/python3.8/site-packages/airflow/example_dags/example_python_decorator.py took 0.040 seconds
[2025-05-04T23:32:00.395+0000] {processor.py:161} INFO - Started process (PID=474) to work on /home/airflow/.local/lib/python3.8/site-packages/airflow/example_dags/example_python_decorator.py
[2025-05-04T23:32:00.396+0000] {processor.py:830} INFO - Processing file /home/airflow/.local/lib/python3.8/site-packages/airflow/example_dags/example_python_decorator.py for tasks to queue
[2025-05-04T23:32:00.397+0000] {logging_mixin.py:188} INFO - [2025-05-04T23:32:00.397+0000] {dagbag.py:538} INFO - Filling up the DagBag from /home/airflow/.local/lib/python3.8/site-packages/airflow/example_dags/example_python_decorator.py
[2025-05-04T23:32:00.402+0000] {processor.py:840} INFO - DAG(s) 'example_python_decorator' retrieved from /home/airflow/.local/lib/python3.8/site-packages/airflow/example_dags/example_python_decorator.py
[2025-05-04T23:32:00.415+0000] {logging_mixin.py:188} INFO - [2025-05-04T23:32:00.414+0000] {dag.py:3033} INFO - Sync 1 DAGs
[2025-05-04T23:32:00.421+0000] {logging_mixin.py:188} INFO - [2025-05-04T23:32:00.421+0000] {dag.py:3820} INFO - Setting next_dagrun for example_python_decorator to None, run_after=None
[2025-05-04T23:32:00.431+0000] {processor.py:183} INFO - Processing /home/airflow/.local/lib/python3.8/site-packages/airflow/example_dags/example_python_decorator.py took 0.038 seconds
[2025-05-04T23:32:31.089+0000] {processor.py:161} INFO - Started process (PID=530) to work on /home/airflow/.local/lib/python3.8/site-packages/airflow/example_dags/example_python_decorator.py
[2025-05-04T23:32:31.090+0000] {processor.py:830} INFO - Processing file /home/airflow/.local/lib/python3.8/site-packages/airflow/example_dags/example_python_decorator.py for tasks to queue
[2025-05-04T23:32:31.091+0000] {logging_mixin.py:188} INFO - [2025-05-04T23:32:31.091+0000] {dagbag.py:538} INFO - Filling up the DagBag from /home/airflow/.local/lib/python3.8/site-packages/airflow/example_dags/example_python_decorator.py
[2025-05-04T23:32:31.099+0000] {processor.py:840} INFO - DAG(s) 'example_python_decorator' retrieved from /home/airflow/.local/lib/python3.8/site-packages/airflow/example_dags/example_python_decorator.py
[2025-05-04T23:32:31.113+0000] {logging_mixin.py:188} INFO - [2025-05-04T23:32:31.113+0000] {dag.py:3033} INFO - Sync 1 DAGs
[2025-05-04T23:32:31.119+0000] {logging_mixin.py:188} INFO - [2025-05-04T23:32:31.119+0000] {dag.py:3820} INFO - Setting next_dagrun for example_python_decorator to None, run_after=None
[2025-05-04T23:32:31.131+0000] {processor.py:183} INFO - Processing /home/airflow/.local/lib/python3.8/site-packages/airflow/example_dags/example_python_decorator.py took 0.044 seconds
[2025-05-04T23:47:23.187+0000] {processor.py:161} INFO - Started process (PID=77) to work on /home/airflow/.local/lib/python3.8/site-packages/airflow/example_dags/example_python_decorator.py
[2025-05-04T23:47:23.188+0000] {processor.py:830} INFO - Processing file /home/airflow/.local/lib/python3.8/site-packages/airflow/example_dags/example_python_decorator.py for tasks to queue
[2025-05-04T23:47:23.189+0000] {logging_mixin.py:188} INFO - [2025-05-04T23:47:23.189+0000] {dagbag.py:538} INFO - Filling up the DagBag from /home/airflow/.local/lib/python3.8/site-packages/airflow/example_dags/example_python_decorator.py
[2025-05-04T23:47:23.196+0000] {processor.py:840} INFO - DAG(s) 'example_python_decorator' retrieved from /home/airflow/.local/lib/python3.8/site-packages/airflow/example_dags/example_python_decorator.py
[2025-05-04T23:47:23.206+0000] {logging_mixin.py:188} INFO - [2025-05-04T23:47:23.206+0000] {dag.py:3033} INFO - Sync 1 DAGs
[2025-05-04T23:47:23.215+0000] {logging_mixin.py:188} INFO - [2025-05-04T23:47:23.215+0000] {dag.py:3820} INFO - Setting next_dagrun for example_python_decorator to None, run_after=None
[2025-05-04T23:47:23.225+0000] {processor.py:183} INFO - Processing /home/airflow/.local/lib/python3.8/site-packages/airflow/example_dags/example_python_decorator.py took 0.042 seconds
[2025-05-04T23:47:53.337+0000] {processor.py:161} INFO - Started process (PID=133) to work on /home/airflow/.local/lib/python3.8/site-packages/airflow/example_dags/example_python_decorator.py
[2025-05-04T23:47:53.337+0000] {processor.py:830} INFO - Processing file /home/airflow/.local/lib/python3.8/site-packages/airflow/example_dags/example_python_decorator.py for tasks to queue
[2025-05-04T23:47:53.339+0000] {logging_mixin.py:188} INFO - [2025-05-04T23:47:53.339+0000] {dagbag.py:538} INFO - Filling up the DagBag from /home/airflow/.local/lib/python3.8/site-packages/airflow/example_dags/example_python_decorator.py
[2025-05-04T23:47:53.343+0000] {processor.py:840} INFO - DAG(s) 'example_python_decorator' retrieved from /home/airflow/.local/lib/python3.8/site-packages/airflow/example_dags/example_python_decorator.py
[2025-05-04T23:47:53.392+0000] {logging_mixin.py:188} INFO - [2025-05-04T23:47:53.391+0000] {dag.py:3033} INFO - Sync 1 DAGs
[2025-05-04T23:47:53.397+0000] {logging_mixin.py:188} INFO - [2025-05-04T23:47:53.397+0000] {dag.py:3820} INFO - Setting next_dagrun for example_python_decorator to None, run_after=None
[2025-05-04T23:47:53.413+0000] {processor.py:183} INFO - Processing /home/airflow/.local/lib/python3.8/site-packages/airflow/example_dags/example_python_decorator.py took 0.078 seconds
[2025-05-04T23:48:24.254+0000] {processor.py:161} INFO - Started process (PID=189) to work on /home/airflow/.local/lib/python3.8/site-packages/airflow/example_dags/example_python_decorator.py
[2025-05-04T23:48:24.256+0000] {processor.py:830} INFO - Processing file /home/airflow/.local/lib/python3.8/site-packages/airflow/example_dags/example_python_decorator.py for tasks to queue
[2025-05-04T23:48:24.258+0000] {logging_mixin.py:188} INFO - [2025-05-04T23:48:24.258+0000] {dagbag.py:538} INFO - Filling up the DagBag from /home/airflow/.local/lib/python3.8/site-packages/airflow/example_dags/example_python_decorator.py
[2025-05-04T23:48:24.264+0000] {processor.py:840} INFO - DAG(s) 'example_python_decorator' retrieved from /home/airflow/.local/lib/python3.8/site-packages/airflow/example_dags/example_python_decorator.py
[2025-05-04T23:48:24.283+0000] {logging_mixin.py:188} INFO - [2025-05-04T23:48:24.283+0000] {dag.py:3033} INFO - Sync 1 DAGs
[2025-05-04T23:48:24.289+0000] {logging_mixin.py:188} INFO - [2025-05-04T23:48:24.289+0000] {dag.py:3820} INFO - Setting next_dagrun for example_python_decorator to None, run_after=None
[2025-05-04T23:48:24.299+0000] {processor.py:183} INFO - Processing /home/airflow/.local/lib/python3.8/site-packages/airflow/example_dags/example_python_decorator.py took 0.047 seconds
[2025-05-04T23:48:54.877+0000] {processor.py:161} INFO - Started process (PID=245) to work on /home/airflow/.local/lib/python3.8/site-packages/airflow/example_dags/example_python_decorator.py
[2025-05-04T23:48:54.878+0000] {processor.py:830} INFO - Processing file /home/airflow/.local/lib/python3.8/site-packages/airflow/example_dags/example_python_decorator.py for tasks to queue
[2025-05-04T23:48:54.878+0000] {logging_mixin.py:188} INFO - [2025-05-04T23:48:54.878+0000] {dagbag.py:538} INFO - Filling up the DagBag from /home/airflow/.local/lib/python3.8/site-packages/airflow/example_dags/example_python_decorator.py
[2025-05-04T23:48:54.883+0000] {processor.py:840} INFO - DAG(s) 'example_python_decorator' retrieved from /home/airflow/.local/lib/python3.8/site-packages/airflow/example_dags/example_python_decorator.py
[2025-05-04T23:48:54.896+0000] {logging_mixin.py:188} INFO - [2025-05-04T23:48:54.896+0000] {dag.py:3033} INFO - Sync 1 DAGs
[2025-05-04T23:48:54.902+0000] {logging_mixin.py:188} INFO - [2025-05-04T23:48:54.902+0000] {dag.py:3820} INFO - Setting next_dagrun for example_python_decorator to None, run_after=None
[2025-05-04T23:48:54.909+0000] {processor.py:183} INFO - Processing /home/airflow/.local/lib/python3.8/site-packages/airflow/example_dags/example_python_decorator.py took 0.034 seconds
[2025-05-04T23:49:25.627+0000] {processor.py:161} INFO - Started process (PID=301) to work on /home/airflow/.local/lib/python3.8/site-packages/airflow/example_dags/example_python_decorator.py
[2025-05-04T23:49:25.628+0000] {processor.py:830} INFO - Processing file /home/airflow/.local/lib/python3.8/site-packages/airflow/example_dags/example_python_decorator.py for tasks to queue
[2025-05-04T23:49:25.628+0000] {logging_mixin.py:188} INFO - [2025-05-04T23:49:25.628+0000] {dagbag.py:538} INFO - Filling up the DagBag from /home/airflow/.local/lib/python3.8/site-packages/airflow/example_dags/example_python_decorator.py
[2025-05-04T23:49:25.633+0000] {processor.py:840} INFO - DAG(s) 'example_python_decorator' retrieved from /home/airflow/.local/lib/python3.8/site-packages/airflow/example_dags/example_python_decorator.py
[2025-05-04T23:49:25.642+0000] {logging_mixin.py:188} INFO - [2025-05-04T23:49:25.642+0000] {dag.py:3033} INFO - Sync 1 DAGs
[2025-05-04T23:49:25.647+0000] {logging_mixin.py:188} INFO - [2025-05-04T23:49:25.647+0000] {dag.py:3820} INFO - Setting next_dagrun for example_python_decorator to None, run_after=None
[2025-05-04T23:49:25.654+0000] {processor.py:183} INFO - Processing /home/airflow/.local/lib/python3.8/site-packages/airflow/example_dags/example_python_decorator.py took 0.029 seconds
[2025-05-04T23:49:56.364+0000] {processor.py:161} INFO - Started process (PID=357) to work on /home/airflow/.local/lib/python3.8/site-packages/airflow/example_dags/example_python_decorator.py
[2025-05-04T23:49:56.365+0000] {processor.py:830} INFO - Processing file /home/airflow/.local/lib/python3.8/site-packages/airflow/example_dags/example_python_decorator.py for tasks to queue
[2025-05-04T23:49:56.366+0000] {logging_mixin.py:188} INFO - [2025-05-04T23:49:56.366+0000] {dagbag.py:538} INFO - Filling up the DagBag from /home/airflow/.local/lib/python3.8/site-packages/airflow/example_dags/example_python_decorator.py
[2025-05-04T23:49:56.371+0000] {processor.py:840} INFO - DAG(s) 'example_python_decorator' retrieved from /home/airflow/.local/lib/python3.8/site-packages/airflow/example_dags/example_python_decorator.py
[2025-05-04T23:49:56.383+0000] {logging_mixin.py:188} INFO - [2025-05-04T23:49:56.383+0000] {dag.py:3033} INFO - Sync 1 DAGs
[2025-05-04T23:49:56.389+0000] {logging_mixin.py:188} INFO - [2025-05-04T23:49:56.389+0000] {dag.py:3820} INFO - Setting next_dagrun for example_python_decorator to None, run_after=None
[2025-05-04T23:49:56.396+0000] {processor.py:183} INFO - Processing /home/airflow/.local/lib/python3.8/site-packages/airflow/example_dags/example_python_decorator.py took 0.034 seconds
