[2025-05-04T22:22:09.945+0000] {processor.py:161} INFO - Started process (PID=47) to work on /home/airflow/.local/lib/python3.8/site-packages/airflow/example_dags/example_external_task_marker_dag.py
[2025-05-04T22:22:09.948+0000] {processor.py:830} INFO - Processing file /home/airflow/.local/lib/python3.8/site-packages/airflow/example_dags/example_external_task_marker_dag.py for tasks to queue
[2025-05-04T22:22:09.949+0000] {logging_mixin.py:188} INFO - [2025-05-04T22:22:09.949+0000] {dagbag.py:538} INFO - Filling up the DagBag from /home/airflow/.local/lib/python3.8/site-packages/airflow/example_dags/example_external_task_marker_dag.py
[2025-05-04T22:22:09.954+0000] {processor.py:840} INFO - DAG(s) 'example_external_task_marker_child', 'example_external_task_marker_parent' retrieved from /home/airflow/.local/lib/python3.8/site-packages/airflow/example_dags/example_external_task_marker_dag.py
[2025-05-04T22:22:09.968+0000] {logging_mixin.py:188} INFO - [2025-05-04T22:22:09.968+0000] {dag.py:3033} INFO - Sync 2 DAGs
[2025-05-04T22:22:09.980+0000] {logging_mixin.py:188} INFO - [2025-05-04T22:22:09.980+0000] {dag.py:3820} INFO - Setting next_dagrun for example_external_task_marker_child to None, run_after=None
[2025-05-04T22:22:09.984+0000] {logging_mixin.py:188} INFO - [2025-05-04T22:22:09.984+0000] {dag.py:3820} INFO - Setting next_dagrun for example_external_task_marker_parent to None, run_after=None
[2025-05-04T22:22:10.011+0000] {processor.py:183} INFO - Processing /home/airflow/.local/lib/python3.8/site-packages/airflow/example_dags/example_external_task_marker_dag.py took 0.071 seconds
[2025-05-04T22:22:40.547+0000] {processor.py:161} INFO - Started process (PID=102) to work on /home/airflow/.local/lib/python3.8/site-packages/airflow/example_dags/example_external_task_marker_dag.py
[2025-05-04T22:22:40.547+0000] {processor.py:830} INFO - Processing file /home/airflow/.local/lib/python3.8/site-packages/airflow/example_dags/example_external_task_marker_dag.py for tasks to queue
[2025-05-04T22:22:40.548+0000] {logging_mixin.py:188} INFO - [2025-05-04T22:22:40.548+0000] {dagbag.py:538} INFO - Filling up the DagBag from /home/airflow/.local/lib/python3.8/site-packages/airflow/example_dags/example_external_task_marker_dag.py
[2025-05-04T22:22:40.551+0000] {processor.py:840} INFO - DAG(s) 'example_external_task_marker_child', 'example_external_task_marker_parent' retrieved from /home/airflow/.local/lib/python3.8/site-packages/airflow/example_dags/example_external_task_marker_dag.py
[2025-05-04T22:22:40.593+0000] {logging_mixin.py:188} INFO - [2025-05-04T22:22:40.593+0000] {dag.py:3033} INFO - Sync 2 DAGs
[2025-05-04T22:22:40.599+0000] {logging_mixin.py:188} INFO - [2025-05-04T22:22:40.599+0000] {dag.py:3820} INFO - Setting next_dagrun for example_external_task_marker_child to None, run_after=None
[2025-05-04T22:22:40.600+0000] {logging_mixin.py:188} INFO - [2025-05-04T22:22:40.600+0000] {dag.py:3820} INFO - Setting next_dagrun for example_external_task_marker_parent to None, run_after=None
[2025-05-04T22:22:40.606+0000] {processor.py:183} INFO - Processing /home/airflow/.local/lib/python3.8/site-packages/airflow/example_dags/example_external_task_marker_dag.py took 0.061 seconds
[2025-05-04T22:23:10.755+0000] {processor.py:161} INFO - Started process (PID=157) to work on /home/airflow/.local/lib/python3.8/site-packages/airflow/example_dags/example_external_task_marker_dag.py
[2025-05-04T22:23:10.756+0000] {processor.py:830} INFO - Processing file /home/airflow/.local/lib/python3.8/site-packages/airflow/example_dags/example_external_task_marker_dag.py for tasks to queue
[2025-05-04T22:23:10.757+0000] {logging_mixin.py:188} INFO - [2025-05-04T22:23:10.757+0000] {dagbag.py:538} INFO - Filling up the DagBag from /home/airflow/.local/lib/python3.8/site-packages/airflow/example_dags/example_external_task_marker_dag.py
[2025-05-04T22:23:10.760+0000] {processor.py:840} INFO - DAG(s) 'example_external_task_marker_parent', 'example_external_task_marker_child' retrieved from /home/airflow/.local/lib/python3.8/site-packages/airflow/example_dags/example_external_task_marker_dag.py
[2025-05-04T22:23:10.772+0000] {logging_mixin.py:188} INFO - [2025-05-04T22:23:10.772+0000] {dag.py:3033} INFO - Sync 2 DAGs
[2025-05-04T22:23:10.777+0000] {logging_mixin.py:188} INFO - [2025-05-04T22:23:10.777+0000] {dag.py:3820} INFO - Setting next_dagrun for example_external_task_marker_child to None, run_after=None
[2025-05-04T22:23:10.779+0000] {logging_mixin.py:188} INFO - [2025-05-04T22:23:10.779+0000] {dag.py:3820} INFO - Setting next_dagrun for example_external_task_marker_parent to None, run_after=None
[2025-05-04T22:23:10.785+0000] {processor.py:183} INFO - Processing /home/airflow/.local/lib/python3.8/site-packages/airflow/example_dags/example_external_task_marker_dag.py took 0.031 seconds
[2025-05-04T22:23:41.315+0000] {processor.py:161} INFO - Started process (PID=212) to work on /home/airflow/.local/lib/python3.8/site-packages/airflow/example_dags/example_external_task_marker_dag.py
[2025-05-04T22:23:41.316+0000] {processor.py:830} INFO - Processing file /home/airflow/.local/lib/python3.8/site-packages/airflow/example_dags/example_external_task_marker_dag.py for tasks to queue
[2025-05-04T22:23:41.317+0000] {logging_mixin.py:188} INFO - [2025-05-04T22:23:41.317+0000] {dagbag.py:538} INFO - Filling up the DagBag from /home/airflow/.local/lib/python3.8/site-packages/airflow/example_dags/example_external_task_marker_dag.py
[2025-05-04T22:23:41.320+0000] {processor.py:840} INFO - DAG(s) 'example_external_task_marker_parent', 'example_external_task_marker_child' retrieved from /home/airflow/.local/lib/python3.8/site-packages/airflow/example_dags/example_external_task_marker_dag.py
[2025-05-04T22:23:41.334+0000] {logging_mixin.py:188} INFO - [2025-05-04T22:23:41.334+0000] {dag.py:3033} INFO - Sync 2 DAGs
[2025-05-04T22:23:41.339+0000] {logging_mixin.py:188} INFO - [2025-05-04T22:23:41.339+0000] {dag.py:3820} INFO - Setting next_dagrun for example_external_task_marker_child to None, run_after=None
[2025-05-04T22:23:41.341+0000] {logging_mixin.py:188} INFO - [2025-05-04T22:23:41.341+0000] {dag.py:3820} INFO - Setting next_dagrun for example_external_task_marker_parent to None, run_after=None
[2025-05-04T22:23:41.347+0000] {processor.py:183} INFO - Processing /home/airflow/.local/lib/python3.8/site-packages/airflow/example_dags/example_external_task_marker_dag.py took 0.034 seconds
[2025-05-04T22:24:11.923+0000] {processor.py:161} INFO - Started process (PID=267) to work on /home/airflow/.local/lib/python3.8/site-packages/airflow/example_dags/example_external_task_marker_dag.py
[2025-05-04T22:24:11.924+0000] {processor.py:830} INFO - Processing file /home/airflow/.local/lib/python3.8/site-packages/airflow/example_dags/example_external_task_marker_dag.py for tasks to queue
[2025-05-04T22:24:11.925+0000] {logging_mixin.py:188} INFO - [2025-05-04T22:24:11.925+0000] {dagbag.py:538} INFO - Filling up the DagBag from /home/airflow/.local/lib/python3.8/site-packages/airflow/example_dags/example_external_task_marker_dag.py
[2025-05-04T22:24:11.928+0000] {processor.py:840} INFO - DAG(s) 'example_external_task_marker_child', 'example_external_task_marker_parent' retrieved from /home/airflow/.local/lib/python3.8/site-packages/airflow/example_dags/example_external_task_marker_dag.py
[2025-05-04T22:24:11.939+0000] {logging_mixin.py:188} INFO - [2025-05-04T22:24:11.939+0000] {dag.py:3033} INFO - Sync 2 DAGs
[2025-05-04T22:24:11.945+0000] {logging_mixin.py:188} INFO - [2025-05-04T22:24:11.945+0000] {dag.py:3820} INFO - Setting next_dagrun for example_external_task_marker_child to None, run_after=None
[2025-05-04T22:24:11.946+0000] {logging_mixin.py:188} INFO - [2025-05-04T22:24:11.946+0000] {dag.py:3820} INFO - Setting next_dagrun for example_external_task_marker_parent to None, run_after=None
[2025-05-04T22:24:11.952+0000] {processor.py:183} INFO - Processing /home/airflow/.local/lib/python3.8/site-packages/airflow/example_dags/example_external_task_marker_dag.py took 0.031 seconds
[2025-05-04T22:24:42.501+0000] {processor.py:161} INFO - Started process (PID=322) to work on /home/airflow/.local/lib/python3.8/site-packages/airflow/example_dags/example_external_task_marker_dag.py
[2025-05-04T22:24:42.502+0000] {processor.py:830} INFO - Processing file /home/airflow/.local/lib/python3.8/site-packages/airflow/example_dags/example_external_task_marker_dag.py for tasks to queue
[2025-05-04T22:24:42.503+0000] {logging_mixin.py:188} INFO - [2025-05-04T22:24:42.502+0000] {dagbag.py:538} INFO - Filling up the DagBag from /home/airflow/.local/lib/python3.8/site-packages/airflow/example_dags/example_external_task_marker_dag.py
[2025-05-04T22:24:42.508+0000] {processor.py:840} INFO - DAG(s) 'example_external_task_marker_parent', 'example_external_task_marker_child' retrieved from /home/airflow/.local/lib/python3.8/site-packages/airflow/example_dags/example_external_task_marker_dag.py
[2025-05-04T22:24:42.518+0000] {logging_mixin.py:188} INFO - [2025-05-04T22:24:42.518+0000] {dag.py:3033} INFO - Sync 2 DAGs
[2025-05-04T22:24:42.523+0000] {logging_mixin.py:188} INFO - [2025-05-04T22:24:42.523+0000] {dag.py:3820} INFO - Setting next_dagrun for example_external_task_marker_child to None, run_after=None
[2025-05-04T22:24:42.525+0000] {logging_mixin.py:188} INFO - [2025-05-04T22:24:42.525+0000] {dag.py:3820} INFO - Setting next_dagrun for example_external_task_marker_parent to None, run_after=None
[2025-05-04T22:24:42.531+0000] {processor.py:183} INFO - Processing /home/airflow/.local/lib/python3.8/site-packages/airflow/example_dags/example_external_task_marker_dag.py took 0.031 seconds
[2025-05-04T22:25:28.290+0000] {processor.py:161} INFO - Started process (PID=48) to work on /home/airflow/.local/lib/python3.8/site-packages/airflow/example_dags/example_external_task_marker_dag.py
[2025-05-04T22:25:28.292+0000] {processor.py:830} INFO - Processing file /home/airflow/.local/lib/python3.8/site-packages/airflow/example_dags/example_external_task_marker_dag.py for tasks to queue
[2025-05-04T22:25:28.303+0000] {logging_mixin.py:188} INFO - [2025-05-04T22:25:28.298+0000] {dagbag.py:538} INFO - Filling up the DagBag from /home/airflow/.local/lib/python3.8/site-packages/airflow/example_dags/example_external_task_marker_dag.py
[2025-05-04T22:25:28.320+0000] {processor.py:840} INFO - DAG(s) 'example_external_task_marker_parent', 'example_external_task_marker_child' retrieved from /home/airflow/.local/lib/python3.8/site-packages/airflow/example_dags/example_external_task_marker_dag.py
[2025-05-04T22:25:28.348+0000] {logging_mixin.py:188} INFO - [2025-05-04T22:25:28.348+0000] {dag.py:3033} INFO - Sync 2 DAGs
[2025-05-04T22:25:28.366+0000] {logging_mixin.py:188} INFO - [2025-05-04T22:25:28.366+0000] {dag.py:3820} INFO - Setting next_dagrun for example_external_task_marker_child to None, run_after=None
[2025-05-04T22:25:28.371+0000] {logging_mixin.py:188} INFO - [2025-05-04T22:25:28.371+0000] {dag.py:3820} INFO - Setting next_dagrun for example_external_task_marker_parent to None, run_after=None
[2025-05-04T22:25:28.399+0000] {processor.py:183} INFO - Processing /home/airflow/.local/lib/python3.8/site-packages/airflow/example_dags/example_external_task_marker_dag.py took 0.113 seconds
[2025-05-04T22:25:58.913+0000] {processor.py:161} INFO - Started process (PID=104) to work on /home/airflow/.local/lib/python3.8/site-packages/airflow/example_dags/example_external_task_marker_dag.py
[2025-05-04T22:25:58.914+0000] {processor.py:830} INFO - Processing file /home/airflow/.local/lib/python3.8/site-packages/airflow/example_dags/example_external_task_marker_dag.py for tasks to queue
[2025-05-04T22:25:58.916+0000] {logging_mixin.py:188} INFO - [2025-05-04T22:25:58.916+0000] {dagbag.py:538} INFO - Filling up the DagBag from /home/airflow/.local/lib/python3.8/site-packages/airflow/example_dags/example_external_task_marker_dag.py
[2025-05-04T22:25:58.919+0000] {processor.py:840} INFO - DAG(s) 'example_external_task_marker_parent', 'example_external_task_marker_child' retrieved from /home/airflow/.local/lib/python3.8/site-packages/airflow/example_dags/example_external_task_marker_dag.py
[2025-05-04T22:25:58.972+0000] {logging_mixin.py:188} INFO - [2025-05-04T22:25:58.972+0000] {dag.py:3033} INFO - Sync 2 DAGs
[2025-05-04T22:25:58.977+0000] {logging_mixin.py:188} INFO - [2025-05-04T22:25:58.977+0000] {dag.py:3820} INFO - Setting next_dagrun for example_external_task_marker_child to None, run_after=None
[2025-05-04T22:25:58.979+0000] {logging_mixin.py:188} INFO - [2025-05-04T22:25:58.979+0000] {dag.py:3820} INFO - Setting next_dagrun for example_external_task_marker_parent to None, run_after=None
[2025-05-04T22:25:58.988+0000] {processor.py:183} INFO - Processing /home/airflow/.local/lib/python3.8/site-packages/airflow/example_dags/example_external_task_marker_dag.py took 0.077 seconds
[2025-05-04T22:26:29.226+0000] {processor.py:161} INFO - Started process (PID=160) to work on /home/airflow/.local/lib/python3.8/site-packages/airflow/example_dags/example_external_task_marker_dag.py
[2025-05-04T22:26:29.228+0000] {processor.py:830} INFO - Processing file /home/airflow/.local/lib/python3.8/site-packages/airflow/example_dags/example_external_task_marker_dag.py for tasks to queue
[2025-05-04T22:26:29.229+0000] {logging_mixin.py:188} INFO - [2025-05-04T22:26:29.229+0000] {dagbag.py:538} INFO - Filling up the DagBag from /home/airflow/.local/lib/python3.8/site-packages/airflow/example_dags/example_external_task_marker_dag.py
[2025-05-04T22:26:29.233+0000] {processor.py:840} INFO - DAG(s) 'example_external_task_marker_parent', 'example_external_task_marker_child' retrieved from /home/airflow/.local/lib/python3.8/site-packages/airflow/example_dags/example_external_task_marker_dag.py
[2025-05-04T22:26:29.246+0000] {logging_mixin.py:188} INFO - [2025-05-04T22:26:29.246+0000] {dag.py:3033} INFO - Sync 2 DAGs
[2025-05-04T22:26:29.252+0000] {logging_mixin.py:188} INFO - [2025-05-04T22:26:29.252+0000] {dag.py:3820} INFO - Setting next_dagrun for example_external_task_marker_child to None, run_after=None
[2025-05-04T22:26:29.253+0000] {logging_mixin.py:188} INFO - [2025-05-04T22:26:29.253+0000] {dag.py:3820} INFO - Setting next_dagrun for example_external_task_marker_parent to None, run_after=None
[2025-05-04T22:26:29.260+0000] {processor.py:183} INFO - Processing /home/airflow/.local/lib/python3.8/site-packages/airflow/example_dags/example_external_task_marker_dag.py took 0.036 seconds
[2025-05-04T22:26:59.917+0000] {processor.py:161} INFO - Started process (PID=220) to work on /home/airflow/.local/lib/python3.8/site-packages/airflow/example_dags/example_external_task_marker_dag.py
[2025-05-04T22:26:59.918+0000] {processor.py:830} INFO - Processing file /home/airflow/.local/lib/python3.8/site-packages/airflow/example_dags/example_external_task_marker_dag.py for tasks to queue
[2025-05-04T22:26:59.919+0000] {logging_mixin.py:188} INFO - [2025-05-04T22:26:59.919+0000] {dagbag.py:538} INFO - Filling up the DagBag from /home/airflow/.local/lib/python3.8/site-packages/airflow/example_dags/example_external_task_marker_dag.py
[2025-05-04T22:26:59.922+0000] {processor.py:840} INFO - DAG(s) 'example_external_task_marker_child', 'example_external_task_marker_parent' retrieved from /home/airflow/.local/lib/python3.8/site-packages/airflow/example_dags/example_external_task_marker_dag.py
[2025-05-04T22:26:59.934+0000] {logging_mixin.py:188} INFO - [2025-05-04T22:26:59.934+0000] {dag.py:3033} INFO - Sync 2 DAGs
[2025-05-04T22:26:59.939+0000] {logging_mixin.py:188} INFO - [2025-05-04T22:26:59.939+0000] {dag.py:3820} INFO - Setting next_dagrun for example_external_task_marker_child to None, run_after=None
[2025-05-04T22:26:59.941+0000] {logging_mixin.py:188} INFO - [2025-05-04T22:26:59.941+0000] {dag.py:3820} INFO - Setting next_dagrun for example_external_task_marker_parent to None, run_after=None
[2025-05-04T22:26:59.948+0000] {processor.py:183} INFO - Processing /home/airflow/.local/lib/python3.8/site-packages/airflow/example_dags/example_external_task_marker_dag.py took 0.032 seconds
[2025-05-04T22:27:30.612+0000] {processor.py:161} INFO - Started process (PID=276) to work on /home/airflow/.local/lib/python3.8/site-packages/airflow/example_dags/example_external_task_marker_dag.py
[2025-05-04T22:27:30.612+0000] {processor.py:830} INFO - Processing file /home/airflow/.local/lib/python3.8/site-packages/airflow/example_dags/example_external_task_marker_dag.py for tasks to queue
[2025-05-04T22:27:30.614+0000] {logging_mixin.py:188} INFO - [2025-05-04T22:27:30.614+0000] {dagbag.py:538} INFO - Filling up the DagBag from /home/airflow/.local/lib/python3.8/site-packages/airflow/example_dags/example_external_task_marker_dag.py
[2025-05-04T22:27:30.616+0000] {processor.py:840} INFO - DAG(s) 'example_external_task_marker_parent', 'example_external_task_marker_child' retrieved from /home/airflow/.local/lib/python3.8/site-packages/airflow/example_dags/example_external_task_marker_dag.py
[2025-05-04T22:27:30.627+0000] {logging_mixin.py:188} INFO - [2025-05-04T22:27:30.627+0000] {dag.py:3033} INFO - Sync 2 DAGs
[2025-05-04T22:27:30.634+0000] {logging_mixin.py:188} INFO - [2025-05-04T22:27:30.634+0000] {dag.py:3820} INFO - Setting next_dagrun for example_external_task_marker_child to None, run_after=None
[2025-05-04T22:27:30.635+0000] {logging_mixin.py:188} INFO - [2025-05-04T22:27:30.635+0000] {dag.py:3820} INFO - Setting next_dagrun for example_external_task_marker_parent to None, run_after=None
[2025-05-04T22:27:30.645+0000] {processor.py:183} INFO - Processing /home/airflow/.local/lib/python3.8/site-packages/airflow/example_dags/example_external_task_marker_dag.py took 0.034 seconds
[2025-05-04T22:28:01.275+0000] {processor.py:161} INFO - Started process (PID=332) to work on /home/airflow/.local/lib/python3.8/site-packages/airflow/example_dags/example_external_task_marker_dag.py
[2025-05-04T22:28:01.275+0000] {processor.py:830} INFO - Processing file /home/airflow/.local/lib/python3.8/site-packages/airflow/example_dags/example_external_task_marker_dag.py for tasks to queue
[2025-05-04T22:28:01.276+0000] {logging_mixin.py:188} INFO - [2025-05-04T22:28:01.276+0000] {dagbag.py:538} INFO - Filling up the DagBag from /home/airflow/.local/lib/python3.8/site-packages/airflow/example_dags/example_external_task_marker_dag.py
[2025-05-04T22:28:01.280+0000] {processor.py:840} INFO - DAG(s) 'example_external_task_marker_child', 'example_external_task_marker_parent' retrieved from /home/airflow/.local/lib/python3.8/site-packages/airflow/example_dags/example_external_task_marker_dag.py
[2025-05-04T22:28:01.293+0000] {logging_mixin.py:188} INFO - [2025-05-04T22:28:01.293+0000] {dag.py:3033} INFO - Sync 2 DAGs
[2025-05-04T22:28:01.301+0000] {logging_mixin.py:188} INFO - [2025-05-04T22:28:01.301+0000] {dag.py:3820} INFO - Setting next_dagrun for example_external_task_marker_child to None, run_after=None
[2025-05-04T22:28:01.304+0000] {logging_mixin.py:188} INFO - [2025-05-04T22:28:01.304+0000] {dag.py:3820} INFO - Setting next_dagrun for example_external_task_marker_parent to None, run_after=None
[2025-05-04T22:28:01.313+0000] {processor.py:183} INFO - Processing /home/airflow/.local/lib/python3.8/site-packages/airflow/example_dags/example_external_task_marker_dag.py took 0.040 seconds
[2025-05-04T22:28:31.824+0000] {processor.py:161} INFO - Started process (PID=388) to work on /home/airflow/.local/lib/python3.8/site-packages/airflow/example_dags/example_external_task_marker_dag.py
[2025-05-04T22:28:31.824+0000] {processor.py:830} INFO - Processing file /home/airflow/.local/lib/python3.8/site-packages/airflow/example_dags/example_external_task_marker_dag.py for tasks to queue
[2025-05-04T22:28:31.825+0000] {logging_mixin.py:188} INFO - [2025-05-04T22:28:31.825+0000] {dagbag.py:538} INFO - Filling up the DagBag from /home/airflow/.local/lib/python3.8/site-packages/airflow/example_dags/example_external_task_marker_dag.py
[2025-05-04T22:28:31.829+0000] {processor.py:840} INFO - DAG(s) 'example_external_task_marker_child', 'example_external_task_marker_parent' retrieved from /home/airflow/.local/lib/python3.8/site-packages/airflow/example_dags/example_external_task_marker_dag.py
[2025-05-04T22:28:31.839+0000] {logging_mixin.py:188} INFO - [2025-05-04T22:28:31.839+0000] {dag.py:3033} INFO - Sync 2 DAGs
[2025-05-04T22:28:31.845+0000] {logging_mixin.py:188} INFO - [2025-05-04T22:28:31.845+0000] {dag.py:3820} INFO - Setting next_dagrun for example_external_task_marker_child to None, run_after=None
[2025-05-04T22:28:31.847+0000] {logging_mixin.py:188} INFO - [2025-05-04T22:28:31.847+0000] {dag.py:3820} INFO - Setting next_dagrun for example_external_task_marker_parent to None, run_after=None
[2025-05-04T22:28:31.854+0000] {processor.py:183} INFO - Processing /home/airflow/.local/lib/python3.8/site-packages/airflow/example_dags/example_external_task_marker_dag.py took 0.032 seconds
[2025-05-04T22:29:02.476+0000] {processor.py:161} INFO - Started process (PID=444) to work on /home/airflow/.local/lib/python3.8/site-packages/airflow/example_dags/example_external_task_marker_dag.py
[2025-05-04T22:29:02.476+0000] {processor.py:830} INFO - Processing file /home/airflow/.local/lib/python3.8/site-packages/airflow/example_dags/example_external_task_marker_dag.py for tasks to queue
[2025-05-04T22:29:02.477+0000] {logging_mixin.py:188} INFO - [2025-05-04T22:29:02.477+0000] {dagbag.py:538} INFO - Filling up the DagBag from /home/airflow/.local/lib/python3.8/site-packages/airflow/example_dags/example_external_task_marker_dag.py
[2025-05-04T22:29:02.480+0000] {processor.py:840} INFO - DAG(s) 'example_external_task_marker_child', 'example_external_task_marker_parent' retrieved from /home/airflow/.local/lib/python3.8/site-packages/airflow/example_dags/example_external_task_marker_dag.py
[2025-05-04T22:29:02.492+0000] {logging_mixin.py:188} INFO - [2025-05-04T22:29:02.492+0000] {dag.py:3033} INFO - Sync 2 DAGs
[2025-05-04T22:29:02.498+0000] {logging_mixin.py:188} INFO - [2025-05-04T22:29:02.498+0000] {dag.py:3820} INFO - Setting next_dagrun for example_external_task_marker_child to None, run_after=None
[2025-05-04T22:29:02.499+0000] {logging_mixin.py:188} INFO - [2025-05-04T22:29:02.499+0000] {dag.py:3820} INFO - Setting next_dagrun for example_external_task_marker_parent to None, run_after=None
[2025-05-04T22:29:02.508+0000] {processor.py:183} INFO - Processing /home/airflow/.local/lib/python3.8/site-packages/airflow/example_dags/example_external_task_marker_dag.py took 0.034 seconds
[2025-05-04T22:29:33.305+0000] {processor.py:161} INFO - Started process (PID=500) to work on /home/airflow/.local/lib/python3.8/site-packages/airflow/example_dags/example_external_task_marker_dag.py
[2025-05-04T22:29:33.306+0000] {processor.py:830} INFO - Processing file /home/airflow/.local/lib/python3.8/site-packages/airflow/example_dags/example_external_task_marker_dag.py for tasks to queue
[2025-05-04T22:29:33.307+0000] {logging_mixin.py:188} INFO - [2025-05-04T22:29:33.306+0000] {dagbag.py:538} INFO - Filling up the DagBag from /home/airflow/.local/lib/python3.8/site-packages/airflow/example_dags/example_external_task_marker_dag.py
[2025-05-04T22:29:33.309+0000] {processor.py:840} INFO - DAG(s) 'example_external_task_marker_parent', 'example_external_task_marker_child' retrieved from /home/airflow/.local/lib/python3.8/site-packages/airflow/example_dags/example_external_task_marker_dag.py
[2025-05-04T22:29:33.321+0000] {logging_mixin.py:188} INFO - [2025-05-04T22:29:33.321+0000] {dag.py:3033} INFO - Sync 2 DAGs
[2025-05-04T22:29:33.327+0000] {logging_mixin.py:188} INFO - [2025-05-04T22:29:33.327+0000] {dag.py:3820} INFO - Setting next_dagrun for example_external_task_marker_child to None, run_after=None
[2025-05-04T22:29:33.329+0000] {logging_mixin.py:188} INFO - [2025-05-04T22:29:33.329+0000] {dag.py:3820} INFO - Setting next_dagrun for example_external_task_marker_parent to None, run_after=None
[2025-05-04T22:29:33.339+0000] {processor.py:183} INFO - Processing /home/airflow/.local/lib/python3.8/site-packages/airflow/example_dags/example_external_task_marker_dag.py took 0.036 seconds
[2025-05-04T22:30:03.927+0000] {processor.py:161} INFO - Started process (PID=556) to work on /home/airflow/.local/lib/python3.8/site-packages/airflow/example_dags/example_external_task_marker_dag.py
[2025-05-04T22:30:03.927+0000] {processor.py:830} INFO - Processing file /home/airflow/.local/lib/python3.8/site-packages/airflow/example_dags/example_external_task_marker_dag.py for tasks to queue
[2025-05-04T22:30:03.929+0000] {logging_mixin.py:188} INFO - [2025-05-04T22:30:03.928+0000] {dagbag.py:538} INFO - Filling up the DagBag from /home/airflow/.local/lib/python3.8/site-packages/airflow/example_dags/example_external_task_marker_dag.py
[2025-05-04T22:30:03.935+0000] {processor.py:840} INFO - DAG(s) 'example_external_task_marker_parent', 'example_external_task_marker_child' retrieved from /home/airflow/.local/lib/python3.8/site-packages/airflow/example_dags/example_external_task_marker_dag.py
[2025-05-04T22:30:03.952+0000] {logging_mixin.py:188} INFO - [2025-05-04T22:30:03.951+0000] {dag.py:3033} INFO - Sync 2 DAGs
[2025-05-04T22:30:03.957+0000] {logging_mixin.py:188} INFO - [2025-05-04T22:30:03.957+0000] {dag.py:3820} INFO - Setting next_dagrun for example_external_task_marker_child to None, run_after=None
[2025-05-04T22:30:03.960+0000] {logging_mixin.py:188} INFO - [2025-05-04T22:30:03.960+0000] {dag.py:3820} INFO - Setting next_dagrun for example_external_task_marker_parent to None, run_after=None
[2025-05-04T22:30:03.969+0000] {processor.py:183} INFO - Processing /home/airflow/.local/lib/python3.8/site-packages/airflow/example_dags/example_external_task_marker_dag.py took 0.045 seconds
[2025-05-04T22:30:34.699+0000] {processor.py:161} INFO - Started process (PID=612) to work on /home/airflow/.local/lib/python3.8/site-packages/airflow/example_dags/example_external_task_marker_dag.py
[2025-05-04T22:30:34.700+0000] {processor.py:830} INFO - Processing file /home/airflow/.local/lib/python3.8/site-packages/airflow/example_dags/example_external_task_marker_dag.py for tasks to queue
[2025-05-04T22:30:34.701+0000] {logging_mixin.py:188} INFO - [2025-05-04T22:30:34.701+0000] {dagbag.py:538} INFO - Filling up the DagBag from /home/airflow/.local/lib/python3.8/site-packages/airflow/example_dags/example_external_task_marker_dag.py
[2025-05-04T22:30:34.705+0000] {processor.py:840} INFO - DAG(s) 'example_external_task_marker_child', 'example_external_task_marker_parent' retrieved from /home/airflow/.local/lib/python3.8/site-packages/airflow/example_dags/example_external_task_marker_dag.py
[2025-05-04T22:30:34.718+0000] {logging_mixin.py:188} INFO - [2025-05-04T22:30:34.718+0000] {dag.py:3033} INFO - Sync 2 DAGs
[2025-05-04T22:30:34.725+0000] {logging_mixin.py:188} INFO - [2025-05-04T22:30:34.725+0000] {dag.py:3820} INFO - Setting next_dagrun for example_external_task_marker_child to None, run_after=None
[2025-05-04T22:30:34.727+0000] {logging_mixin.py:188} INFO - [2025-05-04T22:30:34.727+0000] {dag.py:3820} INFO - Setting next_dagrun for example_external_task_marker_parent to None, run_after=None
[2025-05-04T22:30:34.735+0000] {processor.py:183} INFO - Processing /home/airflow/.local/lib/python3.8/site-packages/airflow/example_dags/example_external_task_marker_dag.py took 0.038 seconds
[2025-05-04T22:31:13.606+0000] {processor.py:161} INFO - Started process (PID=49) to work on /home/airflow/.local/lib/python3.8/site-packages/airflow/example_dags/example_external_task_marker_dag.py
[2025-05-04T22:31:13.608+0000] {processor.py:830} INFO - Processing file /home/airflow/.local/lib/python3.8/site-packages/airflow/example_dags/example_external_task_marker_dag.py for tasks to queue
[2025-05-04T22:31:13.612+0000] {logging_mixin.py:188} INFO - [2025-05-04T22:31:13.611+0000] {dagbag.py:538} INFO - Filling up the DagBag from /home/airflow/.local/lib/python3.8/site-packages/airflow/example_dags/example_external_task_marker_dag.py
[2025-05-04T22:31:13.619+0000] {processor.py:840} INFO - DAG(s) 'example_external_task_marker_parent', 'example_external_task_marker_child' retrieved from /home/airflow/.local/lib/python3.8/site-packages/airflow/example_dags/example_external_task_marker_dag.py
[2025-05-04T22:31:13.634+0000] {logging_mixin.py:188} INFO - [2025-05-04T22:31:13.633+0000] {dag.py:3033} INFO - Sync 2 DAGs
[2025-05-04T22:31:13.647+0000] {logging_mixin.py:188} INFO - [2025-05-04T22:31:13.647+0000] {dag.py:3820} INFO - Setting next_dagrun for example_external_task_marker_child to None, run_after=None
[2025-05-04T22:31:13.650+0000] {logging_mixin.py:188} INFO - [2025-05-04T22:31:13.650+0000] {dag.py:3820} INFO - Setting next_dagrun for example_external_task_marker_parent to None, run_after=None
[2025-05-04T22:31:13.671+0000] {processor.py:183} INFO - Processing /home/airflow/.local/lib/python3.8/site-packages/airflow/example_dags/example_external_task_marker_dag.py took 0.084 seconds
[2025-05-04T22:31:43.962+0000] {processor.py:161} INFO - Started process (PID=105) to work on /home/airflow/.local/lib/python3.8/site-packages/airflow/example_dags/example_external_task_marker_dag.py
[2025-05-04T22:31:43.965+0000] {processor.py:830} INFO - Processing file /home/airflow/.local/lib/python3.8/site-packages/airflow/example_dags/example_external_task_marker_dag.py for tasks to queue
[2025-05-04T22:31:43.967+0000] {logging_mixin.py:188} INFO - [2025-05-04T22:31:43.967+0000] {dagbag.py:538} INFO - Filling up the DagBag from /home/airflow/.local/lib/python3.8/site-packages/airflow/example_dags/example_external_task_marker_dag.py
[2025-05-04T22:31:43.970+0000] {processor.py:840} INFO - DAG(s) 'example_external_task_marker_parent', 'example_external_task_marker_child' retrieved from /home/airflow/.local/lib/python3.8/site-packages/airflow/example_dags/example_external_task_marker_dag.py
[2025-05-04T22:31:44.020+0000] {logging_mixin.py:188} INFO - [2025-05-04T22:31:44.020+0000] {dag.py:3033} INFO - Sync 2 DAGs
[2025-05-04T22:31:44.025+0000] {logging_mixin.py:188} INFO - [2025-05-04T22:31:44.025+0000] {dag.py:3820} INFO - Setting next_dagrun for example_external_task_marker_child to None, run_after=None
[2025-05-04T22:31:44.026+0000] {logging_mixin.py:188} INFO - [2025-05-04T22:31:44.026+0000] {dag.py:3820} INFO - Setting next_dagrun for example_external_task_marker_parent to None, run_after=None
[2025-05-04T22:31:44.037+0000] {processor.py:183} INFO - Processing /home/airflow/.local/lib/python3.8/site-packages/airflow/example_dags/example_external_task_marker_dag.py took 0.078 seconds
[2025-05-04T22:32:14.263+0000] {processor.py:161} INFO - Started process (PID=165) to work on /home/airflow/.local/lib/python3.8/site-packages/airflow/example_dags/example_external_task_marker_dag.py
[2025-05-04T22:32:14.264+0000] {processor.py:830} INFO - Processing file /home/airflow/.local/lib/python3.8/site-packages/airflow/example_dags/example_external_task_marker_dag.py for tasks to queue
[2025-05-04T22:32:14.265+0000] {logging_mixin.py:188} INFO - [2025-05-04T22:32:14.265+0000] {dagbag.py:538} INFO - Filling up the DagBag from /home/airflow/.local/lib/python3.8/site-packages/airflow/example_dags/example_external_task_marker_dag.py
[2025-05-04T22:32:14.269+0000] {processor.py:840} INFO - DAG(s) 'example_external_task_marker_child', 'example_external_task_marker_parent' retrieved from /home/airflow/.local/lib/python3.8/site-packages/airflow/example_dags/example_external_task_marker_dag.py
[2025-05-04T22:32:14.282+0000] {logging_mixin.py:188} INFO - [2025-05-04T22:32:14.282+0000] {dag.py:3033} INFO - Sync 2 DAGs
[2025-05-04T22:32:14.288+0000] {logging_mixin.py:188} INFO - [2025-05-04T22:32:14.288+0000] {dag.py:3820} INFO - Setting next_dagrun for example_external_task_marker_child to None, run_after=None
[2025-05-04T22:32:14.290+0000] {logging_mixin.py:188} INFO - [2025-05-04T22:32:14.290+0000] {dag.py:3820} INFO - Setting next_dagrun for example_external_task_marker_parent to None, run_after=None
[2025-05-04T22:32:14.299+0000] {processor.py:183} INFO - Processing /home/airflow/.local/lib/python3.8/site-packages/airflow/example_dags/example_external_task_marker_dag.py took 0.038 seconds
[2025-05-04T22:32:45.139+0000] {processor.py:161} INFO - Started process (PID=221) to work on /home/airflow/.local/lib/python3.8/site-packages/airflow/example_dags/example_external_task_marker_dag.py
[2025-05-04T22:32:45.139+0000] {processor.py:830} INFO - Processing file /home/airflow/.local/lib/python3.8/site-packages/airflow/example_dags/example_external_task_marker_dag.py for tasks to queue
[2025-05-04T22:32:45.140+0000] {logging_mixin.py:188} INFO - [2025-05-04T22:32:45.140+0000] {dagbag.py:538} INFO - Filling up the DagBag from /home/airflow/.local/lib/python3.8/site-packages/airflow/example_dags/example_external_task_marker_dag.py
[2025-05-04T22:32:45.143+0000] {processor.py:840} INFO - DAG(s) 'example_external_task_marker_parent', 'example_external_task_marker_child' retrieved from /home/airflow/.local/lib/python3.8/site-packages/airflow/example_dags/example_external_task_marker_dag.py
[2025-05-04T22:32:45.156+0000] {logging_mixin.py:188} INFO - [2025-05-04T22:32:45.156+0000] {dag.py:3033} INFO - Sync 2 DAGs
[2025-05-04T22:32:45.164+0000] {logging_mixin.py:188} INFO - [2025-05-04T22:32:45.164+0000] {dag.py:3820} INFO - Setting next_dagrun for example_external_task_marker_child to None, run_after=None
[2025-05-04T22:32:45.166+0000] {logging_mixin.py:188} INFO - [2025-05-04T22:32:45.166+0000] {dag.py:3820} INFO - Setting next_dagrun for example_external_task_marker_parent to None, run_after=None
[2025-05-04T22:32:45.180+0000] {processor.py:183} INFO - Processing /home/airflow/.local/lib/python3.8/site-packages/airflow/example_dags/example_external_task_marker_dag.py took 0.043 seconds
[2025-05-04T22:33:15.858+0000] {processor.py:161} INFO - Started process (PID=277) to work on /home/airflow/.local/lib/python3.8/site-packages/airflow/example_dags/example_external_task_marker_dag.py
[2025-05-04T22:33:15.859+0000] {processor.py:830} INFO - Processing file /home/airflow/.local/lib/python3.8/site-packages/airflow/example_dags/example_external_task_marker_dag.py for tasks to queue
[2025-05-04T22:33:15.860+0000] {logging_mixin.py:188} INFO - [2025-05-04T22:33:15.860+0000] {dagbag.py:538} INFO - Filling up the DagBag from /home/airflow/.local/lib/python3.8/site-packages/airflow/example_dags/example_external_task_marker_dag.py
[2025-05-04T22:33:15.863+0000] {processor.py:840} INFO - DAG(s) 'example_external_task_marker_parent', 'example_external_task_marker_child' retrieved from /home/airflow/.local/lib/python3.8/site-packages/airflow/example_dags/example_external_task_marker_dag.py
[2025-05-04T22:33:15.877+0000] {logging_mixin.py:188} INFO - [2025-05-04T22:33:15.877+0000] {dag.py:3033} INFO - Sync 2 DAGs
[2025-05-04T22:33:15.882+0000] {logging_mixin.py:188} INFO - [2025-05-04T22:33:15.882+0000] {dag.py:3820} INFO - Setting next_dagrun for example_external_task_marker_child to None, run_after=None
[2025-05-04T22:33:15.884+0000] {logging_mixin.py:188} INFO - [2025-05-04T22:33:15.884+0000] {dag.py:3820} INFO - Setting next_dagrun for example_external_task_marker_parent to None, run_after=None
[2025-05-04T22:33:15.890+0000] {processor.py:183} INFO - Processing /home/airflow/.local/lib/python3.8/site-packages/airflow/example_dags/example_external_task_marker_dag.py took 0.034 seconds
[2025-05-04T22:33:46.556+0000] {processor.py:161} INFO - Started process (PID=333) to work on /home/airflow/.local/lib/python3.8/site-packages/airflow/example_dags/example_external_task_marker_dag.py
[2025-05-04T22:33:46.558+0000] {processor.py:830} INFO - Processing file /home/airflow/.local/lib/python3.8/site-packages/airflow/example_dags/example_external_task_marker_dag.py for tasks to queue
[2025-05-04T22:33:46.559+0000] {logging_mixin.py:188} INFO - [2025-05-04T22:33:46.559+0000] {dagbag.py:538} INFO - Filling up the DagBag from /home/airflow/.local/lib/python3.8/site-packages/airflow/example_dags/example_external_task_marker_dag.py
[2025-05-04T22:33:46.562+0000] {processor.py:840} INFO - DAG(s) 'example_external_task_marker_parent', 'example_external_task_marker_child' retrieved from /home/airflow/.local/lib/python3.8/site-packages/airflow/example_dags/example_external_task_marker_dag.py
[2025-05-04T22:33:46.572+0000] {logging_mixin.py:188} INFO - [2025-05-04T22:33:46.572+0000] {dag.py:3033} INFO - Sync 2 DAGs
[2025-05-04T22:33:46.580+0000] {logging_mixin.py:188} INFO - [2025-05-04T22:33:46.580+0000] {dag.py:3820} INFO - Setting next_dagrun for example_external_task_marker_child to None, run_after=None
[2025-05-04T22:33:46.583+0000] {logging_mixin.py:188} INFO - [2025-05-04T22:33:46.583+0000] {dag.py:3820} INFO - Setting next_dagrun for example_external_task_marker_parent to None, run_after=None
[2025-05-04T22:33:46.594+0000] {processor.py:183} INFO - Processing /home/airflow/.local/lib/python3.8/site-packages/airflow/example_dags/example_external_task_marker_dag.py took 0.040 seconds
[2025-05-04T22:34:17.191+0000] {processor.py:161} INFO - Started process (PID=389) to work on /home/airflow/.local/lib/python3.8/site-packages/airflow/example_dags/example_external_task_marker_dag.py
[2025-05-04T22:34:17.192+0000] {processor.py:830} INFO - Processing file /home/airflow/.local/lib/python3.8/site-packages/airflow/example_dags/example_external_task_marker_dag.py for tasks to queue
[2025-05-04T22:34:17.193+0000] {logging_mixin.py:188} INFO - [2025-05-04T22:34:17.193+0000] {dagbag.py:538} INFO - Filling up the DagBag from /home/airflow/.local/lib/python3.8/site-packages/airflow/example_dags/example_external_task_marker_dag.py
[2025-05-04T22:34:17.196+0000] {processor.py:840} INFO - DAG(s) 'example_external_task_marker_parent', 'example_external_task_marker_child' retrieved from /home/airflow/.local/lib/python3.8/site-packages/airflow/example_dags/example_external_task_marker_dag.py
[2025-05-04T22:34:17.207+0000] {logging_mixin.py:188} INFO - [2025-05-04T22:34:17.207+0000] {dag.py:3033} INFO - Sync 2 DAGs
[2025-05-04T22:34:17.214+0000] {logging_mixin.py:188} INFO - [2025-05-04T22:34:17.214+0000] {dag.py:3820} INFO - Setting next_dagrun for example_external_task_marker_child to None, run_after=None
[2025-05-04T22:34:17.216+0000] {logging_mixin.py:188} INFO - [2025-05-04T22:34:17.215+0000] {dag.py:3820} INFO - Setting next_dagrun for example_external_task_marker_parent to None, run_after=None
[2025-05-04T22:34:17.222+0000] {processor.py:183} INFO - Processing /home/airflow/.local/lib/python3.8/site-packages/airflow/example_dags/example_external_task_marker_dag.py took 0.032 seconds
[2025-05-04T22:36:24.698+0000] {processor.py:161} INFO - Started process (PID=47) to work on /home/airflow/.local/lib/python3.8/site-packages/airflow/example_dags/example_external_task_marker_dag.py
[2025-05-04T22:36:24.699+0000] {processor.py:830} INFO - Processing file /home/airflow/.local/lib/python3.8/site-packages/airflow/example_dags/example_external_task_marker_dag.py for tasks to queue
[2025-05-04T22:36:24.701+0000] {logging_mixin.py:188} INFO - [2025-05-04T22:36:24.700+0000] {dagbag.py:538} INFO - Filling up the DagBag from /home/airflow/.local/lib/python3.8/site-packages/airflow/example_dags/example_external_task_marker_dag.py
[2025-05-04T22:36:24.706+0000] {processor.py:840} INFO - DAG(s) 'example_external_task_marker_child', 'example_external_task_marker_parent' retrieved from /home/airflow/.local/lib/python3.8/site-packages/airflow/example_dags/example_external_task_marker_dag.py
[2025-05-04T22:36:24.723+0000] {logging_mixin.py:188} INFO - [2025-05-04T22:36:24.722+0000] {dag.py:3033} INFO - Sync 2 DAGs
[2025-05-04T22:36:24.740+0000] {logging_mixin.py:188} INFO - [2025-05-04T22:36:24.740+0000] {dag.py:3820} INFO - Setting next_dagrun for example_external_task_marker_child to None, run_after=None
[2025-05-04T22:36:24.744+0000] {logging_mixin.py:188} INFO - [2025-05-04T22:36:24.744+0000] {dag.py:3820} INFO - Setting next_dagrun for example_external_task_marker_parent to None, run_after=None
[2025-05-04T22:36:24.778+0000] {processor.py:183} INFO - Processing /home/airflow/.local/lib/python3.8/site-packages/airflow/example_dags/example_external_task_marker_dag.py took 0.083 seconds
[2025-05-04T22:36:55.141+0000] {processor.py:161} INFO - Started process (PID=103) to work on /home/airflow/.local/lib/python3.8/site-packages/airflow/example_dags/example_external_task_marker_dag.py
[2025-05-04T22:36:55.143+0000] {processor.py:830} INFO - Processing file /home/airflow/.local/lib/python3.8/site-packages/airflow/example_dags/example_external_task_marker_dag.py for tasks to queue
[2025-05-04T22:36:55.144+0000] {logging_mixin.py:188} INFO - [2025-05-04T22:36:55.143+0000] {dagbag.py:538} INFO - Filling up the DagBag from /home/airflow/.local/lib/python3.8/site-packages/airflow/example_dags/example_external_task_marker_dag.py
[2025-05-04T22:36:55.146+0000] {processor.py:840} INFO - DAG(s) 'example_external_task_marker_parent', 'example_external_task_marker_child' retrieved from /home/airflow/.local/lib/python3.8/site-packages/airflow/example_dags/example_external_task_marker_dag.py
[2025-05-04T22:36:55.195+0000] {logging_mixin.py:188} INFO - [2025-05-04T22:36:55.195+0000] {dag.py:3033} INFO - Sync 2 DAGs
[2025-05-04T22:36:55.201+0000] {logging_mixin.py:188} INFO - [2025-05-04T22:36:55.201+0000] {dag.py:3820} INFO - Setting next_dagrun for example_external_task_marker_child to None, run_after=None
[2025-05-04T22:36:55.204+0000] {logging_mixin.py:188} INFO - [2025-05-04T22:36:55.204+0000] {dag.py:3820} INFO - Setting next_dagrun for example_external_task_marker_parent to None, run_after=None
[2025-05-04T22:36:55.210+0000] {processor.py:183} INFO - Processing /home/airflow/.local/lib/python3.8/site-packages/airflow/example_dags/example_external_task_marker_dag.py took 0.071 seconds
[2025-05-04T22:37:25.567+0000] {processor.py:161} INFO - Started process (PID=159) to work on /home/airflow/.local/lib/python3.8/site-packages/airflow/example_dags/example_external_task_marker_dag.py
[2025-05-04T22:37:25.567+0000] {processor.py:830} INFO - Processing file /home/airflow/.local/lib/python3.8/site-packages/airflow/example_dags/example_external_task_marker_dag.py for tasks to queue
[2025-05-04T22:37:25.568+0000] {logging_mixin.py:188} INFO - [2025-05-04T22:37:25.568+0000] {dagbag.py:538} INFO - Filling up the DagBag from /home/airflow/.local/lib/python3.8/site-packages/airflow/example_dags/example_external_task_marker_dag.py
[2025-05-04T22:37:25.571+0000] {processor.py:840} INFO - DAG(s) 'example_external_task_marker_child', 'example_external_task_marker_parent' retrieved from /home/airflow/.local/lib/python3.8/site-packages/airflow/example_dags/example_external_task_marker_dag.py
[2025-05-04T22:37:25.583+0000] {logging_mixin.py:188} INFO - [2025-05-04T22:37:25.583+0000] {dag.py:3033} INFO - Sync 2 DAGs
[2025-05-04T22:37:25.589+0000] {logging_mixin.py:188} INFO - [2025-05-04T22:37:25.589+0000] {dag.py:3820} INFO - Setting next_dagrun for example_external_task_marker_child to None, run_after=None
[2025-05-04T22:37:25.593+0000] {logging_mixin.py:188} INFO - [2025-05-04T22:37:25.593+0000] {dag.py:3820} INFO - Setting next_dagrun for example_external_task_marker_parent to None, run_after=None
[2025-05-04T22:37:25.600+0000] {processor.py:183} INFO - Processing /home/airflow/.local/lib/python3.8/site-packages/airflow/example_dags/example_external_task_marker_dag.py took 0.035 seconds
[2025-05-04T22:37:56.267+0000] {processor.py:161} INFO - Started process (PID=215) to work on /home/airflow/.local/lib/python3.8/site-packages/airflow/example_dags/example_external_task_marker_dag.py
[2025-05-04T22:37:56.267+0000] {processor.py:830} INFO - Processing file /home/airflow/.local/lib/python3.8/site-packages/airflow/example_dags/example_external_task_marker_dag.py for tasks to queue
[2025-05-04T22:37:56.269+0000] {logging_mixin.py:188} INFO - [2025-05-04T22:37:56.268+0000] {dagbag.py:538} INFO - Filling up the DagBag from /home/airflow/.local/lib/python3.8/site-packages/airflow/example_dags/example_external_task_marker_dag.py
[2025-05-04T22:37:56.271+0000] {processor.py:840} INFO - DAG(s) 'example_external_task_marker_parent', 'example_external_task_marker_child' retrieved from /home/airflow/.local/lib/python3.8/site-packages/airflow/example_dags/example_external_task_marker_dag.py
[2025-05-04T22:37:56.285+0000] {logging_mixin.py:188} INFO - [2025-05-04T22:37:56.285+0000] {dag.py:3033} INFO - Sync 2 DAGs
[2025-05-04T22:37:56.292+0000] {logging_mixin.py:188} INFO - [2025-05-04T22:37:56.291+0000] {dag.py:3820} INFO - Setting next_dagrun for example_external_task_marker_child to None, run_after=None
[2025-05-04T22:37:56.295+0000] {logging_mixin.py:188} INFO - [2025-05-04T22:37:56.295+0000] {dag.py:3820} INFO - Setting next_dagrun for example_external_task_marker_parent to None, run_after=None
[2025-05-04T22:37:56.305+0000] {processor.py:183} INFO - Processing /home/airflow/.local/lib/python3.8/site-packages/airflow/example_dags/example_external_task_marker_dag.py took 0.040 seconds
[2025-05-04T22:38:26.933+0000] {processor.py:161} INFO - Started process (PID=271) to work on /home/airflow/.local/lib/python3.8/site-packages/airflow/example_dags/example_external_task_marker_dag.py
[2025-05-04T22:38:26.934+0000] {processor.py:830} INFO - Processing file /home/airflow/.local/lib/python3.8/site-packages/airflow/example_dags/example_external_task_marker_dag.py for tasks to queue
[2025-05-04T22:38:26.935+0000] {logging_mixin.py:188} INFO - [2025-05-04T22:38:26.934+0000] {dagbag.py:538} INFO - Filling up the DagBag from /home/airflow/.local/lib/python3.8/site-packages/airflow/example_dags/example_external_task_marker_dag.py
[2025-05-04T22:38:26.937+0000] {processor.py:840} INFO - DAG(s) 'example_external_task_marker_child', 'example_external_task_marker_parent' retrieved from /home/airflow/.local/lib/python3.8/site-packages/airflow/example_dags/example_external_task_marker_dag.py
[2025-05-04T22:38:26.947+0000] {logging_mixin.py:188} INFO - [2025-05-04T22:38:26.947+0000] {dag.py:3033} INFO - Sync 2 DAGs
[2025-05-04T22:38:26.953+0000] {logging_mixin.py:188} INFO - [2025-05-04T22:38:26.953+0000] {dag.py:3820} INFO - Setting next_dagrun for example_external_task_marker_child to None, run_after=None
[2025-05-04T22:38:26.956+0000] {logging_mixin.py:188} INFO - [2025-05-04T22:38:26.956+0000] {dag.py:3820} INFO - Setting next_dagrun for example_external_task_marker_parent to None, run_after=None
[2025-05-04T22:38:26.965+0000] {processor.py:183} INFO - Processing /home/airflow/.local/lib/python3.8/site-packages/airflow/example_dags/example_external_task_marker_dag.py took 0.034 seconds
[2025-05-04T22:38:57.673+0000] {processor.py:161} INFO - Started process (PID=327) to work on /home/airflow/.local/lib/python3.8/site-packages/airflow/example_dags/example_external_task_marker_dag.py
[2025-05-04T22:38:57.674+0000] {processor.py:830} INFO - Processing file /home/airflow/.local/lib/python3.8/site-packages/airflow/example_dags/example_external_task_marker_dag.py for tasks to queue
[2025-05-04T22:38:57.675+0000] {logging_mixin.py:188} INFO - [2025-05-04T22:38:57.675+0000] {dagbag.py:538} INFO - Filling up the DagBag from /home/airflow/.local/lib/python3.8/site-packages/airflow/example_dags/example_external_task_marker_dag.py
[2025-05-04T22:38:57.678+0000] {processor.py:840} INFO - DAG(s) 'example_external_task_marker_child', 'example_external_task_marker_parent' retrieved from /home/airflow/.local/lib/python3.8/site-packages/airflow/example_dags/example_external_task_marker_dag.py
[2025-05-04T22:38:57.690+0000] {logging_mixin.py:188} INFO - [2025-05-04T22:38:57.690+0000] {dag.py:3033} INFO - Sync 2 DAGs
[2025-05-04T22:38:57.697+0000] {logging_mixin.py:188} INFO - [2025-05-04T22:38:57.696+0000] {dag.py:3820} INFO - Setting next_dagrun for example_external_task_marker_child to None, run_after=None
[2025-05-04T22:38:57.699+0000] {logging_mixin.py:188} INFO - [2025-05-04T22:38:57.699+0000] {dag.py:3820} INFO - Setting next_dagrun for example_external_task_marker_parent to None, run_after=None
[2025-05-04T22:38:57.708+0000] {processor.py:183} INFO - Processing /home/airflow/.local/lib/python3.8/site-packages/airflow/example_dags/example_external_task_marker_dag.py took 0.037 seconds
[2025-05-04T22:39:28.491+0000] {processor.py:161} INFO - Started process (PID=383) to work on /home/airflow/.local/lib/python3.8/site-packages/airflow/example_dags/example_external_task_marker_dag.py
[2025-05-04T22:39:28.492+0000] {processor.py:830} INFO - Processing file /home/airflow/.local/lib/python3.8/site-packages/airflow/example_dags/example_external_task_marker_dag.py for tasks to queue
[2025-05-04T22:39:28.493+0000] {logging_mixin.py:188} INFO - [2025-05-04T22:39:28.493+0000] {dagbag.py:538} INFO - Filling up the DagBag from /home/airflow/.local/lib/python3.8/site-packages/airflow/example_dags/example_external_task_marker_dag.py
[2025-05-04T22:39:28.496+0000] {processor.py:840} INFO - DAG(s) 'example_external_task_marker_parent', 'example_external_task_marker_child' retrieved from /home/airflow/.local/lib/python3.8/site-packages/airflow/example_dags/example_external_task_marker_dag.py
[2025-05-04T22:39:28.506+0000] {logging_mixin.py:188} INFO - [2025-05-04T22:39:28.506+0000] {dag.py:3033} INFO - Sync 2 DAGs
[2025-05-04T22:39:28.513+0000] {logging_mixin.py:188} INFO - [2025-05-04T22:39:28.513+0000] {dag.py:3820} INFO - Setting next_dagrun for example_external_task_marker_child to None, run_after=None
[2025-05-04T22:39:28.516+0000] {logging_mixin.py:188} INFO - [2025-05-04T22:39:28.516+0000] {dag.py:3820} INFO - Setting next_dagrun for example_external_task_marker_parent to None, run_after=None
[2025-05-04T22:39:28.526+0000] {processor.py:183} INFO - Processing /home/airflow/.local/lib/python3.8/site-packages/airflow/example_dags/example_external_task_marker_dag.py took 0.037 seconds
[2025-05-04T22:39:59.328+0000] {processor.py:161} INFO - Started process (PID=440) to work on /home/airflow/.local/lib/python3.8/site-packages/airflow/example_dags/example_external_task_marker_dag.py
[2025-05-04T22:39:59.329+0000] {processor.py:830} INFO - Processing file /home/airflow/.local/lib/python3.8/site-packages/airflow/example_dags/example_external_task_marker_dag.py for tasks to queue
[2025-05-04T22:39:59.330+0000] {logging_mixin.py:188} INFO - [2025-05-04T22:39:59.330+0000] {dagbag.py:538} INFO - Filling up the DagBag from /home/airflow/.local/lib/python3.8/site-packages/airflow/example_dags/example_external_task_marker_dag.py
[2025-05-04T22:39:59.334+0000] {processor.py:840} INFO - DAG(s) 'example_external_task_marker_child', 'example_external_task_marker_parent' retrieved from /home/airflow/.local/lib/python3.8/site-packages/airflow/example_dags/example_external_task_marker_dag.py
[2025-05-04T22:39:59.344+0000] {logging_mixin.py:188} INFO - [2025-05-04T22:39:59.344+0000] {dag.py:3033} INFO - Sync 2 DAGs
[2025-05-04T22:39:59.351+0000] {logging_mixin.py:188} INFO - [2025-05-04T22:39:59.351+0000] {dag.py:3820} INFO - Setting next_dagrun for example_external_task_marker_child to None, run_after=None
[2025-05-04T22:39:59.353+0000] {logging_mixin.py:188} INFO - [2025-05-04T22:39:59.353+0000] {dag.py:3820} INFO - Setting next_dagrun for example_external_task_marker_parent to None, run_after=None
[2025-05-04T22:39:59.359+0000] {processor.py:183} INFO - Processing /home/airflow/.local/lib/python3.8/site-packages/airflow/example_dags/example_external_task_marker_dag.py took 0.034 seconds
[2025-05-04T22:40:30.316+0000] {processor.py:161} INFO - Started process (PID=496) to work on /home/airflow/.local/lib/python3.8/site-packages/airflow/example_dags/example_external_task_marker_dag.py
[2025-05-04T22:40:30.318+0000] {processor.py:830} INFO - Processing file /home/airflow/.local/lib/python3.8/site-packages/airflow/example_dags/example_external_task_marker_dag.py for tasks to queue
[2025-05-04T22:40:30.321+0000] {logging_mixin.py:188} INFO - [2025-05-04T22:40:30.321+0000] {dagbag.py:538} INFO - Filling up the DagBag from /home/airflow/.local/lib/python3.8/site-packages/airflow/example_dags/example_external_task_marker_dag.py
[2025-05-04T22:40:30.326+0000] {processor.py:840} INFO - DAG(s) 'example_external_task_marker_child', 'example_external_task_marker_parent' retrieved from /home/airflow/.local/lib/python3.8/site-packages/airflow/example_dags/example_external_task_marker_dag.py
[2025-05-04T22:40:30.344+0000] {logging_mixin.py:188} INFO - [2025-05-04T22:40:30.344+0000] {dag.py:3033} INFO - Sync 2 DAGs
[2025-05-04T22:40:30.352+0000] {logging_mixin.py:188} INFO - [2025-05-04T22:40:30.352+0000] {dag.py:3820} INFO - Setting next_dagrun for example_external_task_marker_child to None, run_after=None
[2025-05-04T22:40:30.356+0000] {logging_mixin.py:188} INFO - [2025-05-04T22:40:30.355+0000] {dag.py:3820} INFO - Setting next_dagrun for example_external_task_marker_parent to None, run_after=None
[2025-05-04T22:40:30.365+0000] {processor.py:183} INFO - Processing /home/airflow/.local/lib/python3.8/site-packages/airflow/example_dags/example_external_task_marker_dag.py took 0.051 seconds
[2025-05-04T22:41:00.471+0000] {processor.py:161} INFO - Started process (PID=552) to work on /home/airflow/.local/lib/python3.8/site-packages/airflow/example_dags/example_external_task_marker_dag.py
[2025-05-04T22:41:00.472+0000] {processor.py:830} INFO - Processing file /home/airflow/.local/lib/python3.8/site-packages/airflow/example_dags/example_external_task_marker_dag.py for tasks to queue
[2025-05-04T22:41:00.473+0000] {logging_mixin.py:188} INFO - [2025-05-04T22:41:00.473+0000] {dagbag.py:538} INFO - Filling up the DagBag from /home/airflow/.local/lib/python3.8/site-packages/airflow/example_dags/example_external_task_marker_dag.py
[2025-05-04T22:41:00.476+0000] {processor.py:840} INFO - DAG(s) 'example_external_task_marker_child', 'example_external_task_marker_parent' retrieved from /home/airflow/.local/lib/python3.8/site-packages/airflow/example_dags/example_external_task_marker_dag.py
[2025-05-04T22:41:00.488+0000] {logging_mixin.py:188} INFO - [2025-05-04T22:41:00.488+0000] {dag.py:3033} INFO - Sync 2 DAGs
[2025-05-04T22:41:00.497+0000] {logging_mixin.py:188} INFO - [2025-05-04T22:41:00.497+0000] {dag.py:3820} INFO - Setting next_dagrun for example_external_task_marker_child to None, run_after=None
[2025-05-04T22:41:00.501+0000] {logging_mixin.py:188} INFO - [2025-05-04T22:41:00.501+0000] {dag.py:3820} INFO - Setting next_dagrun for example_external_task_marker_parent to None, run_after=None
[2025-05-04T22:41:00.511+0000] {processor.py:183} INFO - Processing /home/airflow/.local/lib/python3.8/site-packages/airflow/example_dags/example_external_task_marker_dag.py took 0.042 seconds
[2025-05-04T22:41:31.197+0000] {processor.py:161} INFO - Started process (PID=608) to work on /home/airflow/.local/lib/python3.8/site-packages/airflow/example_dags/example_external_task_marker_dag.py
[2025-05-04T22:41:31.198+0000] {processor.py:830} INFO - Processing file /home/airflow/.local/lib/python3.8/site-packages/airflow/example_dags/example_external_task_marker_dag.py for tasks to queue
[2025-05-04T22:41:31.200+0000] {logging_mixin.py:188} INFO - [2025-05-04T22:41:31.200+0000] {dagbag.py:538} INFO - Filling up the DagBag from /home/airflow/.local/lib/python3.8/site-packages/airflow/example_dags/example_external_task_marker_dag.py
[2025-05-04T22:41:31.203+0000] {processor.py:840} INFO - DAG(s) 'example_external_task_marker_child', 'example_external_task_marker_parent' retrieved from /home/airflow/.local/lib/python3.8/site-packages/airflow/example_dags/example_external_task_marker_dag.py
[2025-05-04T22:41:31.215+0000] {logging_mixin.py:188} INFO - [2025-05-04T22:41:31.215+0000] {dag.py:3033} INFO - Sync 2 DAGs
[2025-05-04T22:41:31.222+0000] {logging_mixin.py:188} INFO - [2025-05-04T22:41:31.222+0000] {dag.py:3820} INFO - Setting next_dagrun for example_external_task_marker_child to None, run_after=None
[2025-05-04T22:41:31.224+0000] {logging_mixin.py:188} INFO - [2025-05-04T22:41:31.224+0000] {dag.py:3820} INFO - Setting next_dagrun for example_external_task_marker_parent to None, run_after=None
[2025-05-04T22:41:31.230+0000] {processor.py:183} INFO - Processing /home/airflow/.local/lib/python3.8/site-packages/airflow/example_dags/example_external_task_marker_dag.py took 0.034 seconds
[2025-05-04T22:42:02.035+0000] {processor.py:161} INFO - Started process (PID=664) to work on /home/airflow/.local/lib/python3.8/site-packages/airflow/example_dags/example_external_task_marker_dag.py
[2025-05-04T22:42:02.037+0000] {processor.py:830} INFO - Processing file /home/airflow/.local/lib/python3.8/site-packages/airflow/example_dags/example_external_task_marker_dag.py for tasks to queue
[2025-05-04T22:42:02.039+0000] {logging_mixin.py:188} INFO - [2025-05-04T22:42:02.039+0000] {dagbag.py:538} INFO - Filling up the DagBag from /home/airflow/.local/lib/python3.8/site-packages/airflow/example_dags/example_external_task_marker_dag.py
[2025-05-04T22:42:02.042+0000] {processor.py:840} INFO - DAG(s) 'example_external_task_marker_parent', 'example_external_task_marker_child' retrieved from /home/airflow/.local/lib/python3.8/site-packages/airflow/example_dags/example_external_task_marker_dag.py
[2025-05-04T22:42:02.053+0000] {logging_mixin.py:188} INFO - [2025-05-04T22:42:02.053+0000] {dag.py:3033} INFO - Sync 2 DAGs
[2025-05-04T22:42:02.061+0000] {logging_mixin.py:188} INFO - [2025-05-04T22:42:02.061+0000] {dag.py:3820} INFO - Setting next_dagrun for example_external_task_marker_child to None, run_after=None
[2025-05-04T22:42:02.063+0000] {logging_mixin.py:188} INFO - [2025-05-04T22:42:02.063+0000] {dag.py:3820} INFO - Setting next_dagrun for example_external_task_marker_parent to None, run_after=None
[2025-05-04T22:42:02.070+0000] {processor.py:183} INFO - Processing /home/airflow/.local/lib/python3.8/site-packages/airflow/example_dags/example_external_task_marker_dag.py took 0.037 seconds
[2025-05-04T22:42:32.814+0000] {processor.py:161} INFO - Started process (PID=720) to work on /home/airflow/.local/lib/python3.8/site-packages/airflow/example_dags/example_external_task_marker_dag.py
[2025-05-04T22:42:32.815+0000] {processor.py:830} INFO - Processing file /home/airflow/.local/lib/python3.8/site-packages/airflow/example_dags/example_external_task_marker_dag.py for tasks to queue
[2025-05-04T22:42:32.816+0000] {logging_mixin.py:188} INFO - [2025-05-04T22:42:32.816+0000] {dagbag.py:538} INFO - Filling up the DagBag from /home/airflow/.local/lib/python3.8/site-packages/airflow/example_dags/example_external_task_marker_dag.py
[2025-05-04T22:42:32.820+0000] {processor.py:840} INFO - DAG(s) 'example_external_task_marker_parent', 'example_external_task_marker_child' retrieved from /home/airflow/.local/lib/python3.8/site-packages/airflow/example_dags/example_external_task_marker_dag.py
[2025-05-04T22:42:32.831+0000] {logging_mixin.py:188} INFO - [2025-05-04T22:42:32.831+0000] {dag.py:3033} INFO - Sync 2 DAGs
[2025-05-04T22:42:32.839+0000] {logging_mixin.py:188} INFO - [2025-05-04T22:42:32.839+0000] {dag.py:3820} INFO - Setting next_dagrun for example_external_task_marker_child to None, run_after=None
[2025-05-04T22:42:32.841+0000] {logging_mixin.py:188} INFO - [2025-05-04T22:42:32.841+0000] {dag.py:3820} INFO - Setting next_dagrun for example_external_task_marker_parent to None, run_after=None
[2025-05-04T22:42:32.851+0000] {processor.py:183} INFO - Processing /home/airflow/.local/lib/python3.8/site-packages/airflow/example_dags/example_external_task_marker_dag.py took 0.039 seconds
[2025-05-04T22:43:03.661+0000] {processor.py:161} INFO - Started process (PID=776) to work on /home/airflow/.local/lib/python3.8/site-packages/airflow/example_dags/example_external_task_marker_dag.py
[2025-05-04T22:43:03.661+0000] {processor.py:830} INFO - Processing file /home/airflow/.local/lib/python3.8/site-packages/airflow/example_dags/example_external_task_marker_dag.py for tasks to queue
[2025-05-04T22:43:03.662+0000] {logging_mixin.py:188} INFO - [2025-05-04T22:43:03.662+0000] {dagbag.py:538} INFO - Filling up the DagBag from /home/airflow/.local/lib/python3.8/site-packages/airflow/example_dags/example_external_task_marker_dag.py
[2025-05-04T22:43:03.665+0000] {processor.py:840} INFO - DAG(s) 'example_external_task_marker_parent', 'example_external_task_marker_child' retrieved from /home/airflow/.local/lib/python3.8/site-packages/airflow/example_dags/example_external_task_marker_dag.py
[2025-05-04T22:43:03.677+0000] {logging_mixin.py:188} INFO - [2025-05-04T22:43:03.676+0000] {dag.py:3033} INFO - Sync 2 DAGs
[2025-05-04T22:43:03.683+0000] {logging_mixin.py:188} INFO - [2025-05-04T22:43:03.683+0000] {dag.py:3820} INFO - Setting next_dagrun for example_external_task_marker_child to None, run_after=None
[2025-05-04T22:43:03.686+0000] {logging_mixin.py:188} INFO - [2025-05-04T22:43:03.686+0000] {dag.py:3820} INFO - Setting next_dagrun for example_external_task_marker_parent to None, run_after=None
[2025-05-04T22:43:03.698+0000] {processor.py:183} INFO - Processing /home/airflow/.local/lib/python3.8/site-packages/airflow/example_dags/example_external_task_marker_dag.py took 0.039 seconds
[2025-05-04T22:43:34.692+0000] {processor.py:161} INFO - Started process (PID=832) to work on /home/airflow/.local/lib/python3.8/site-packages/airflow/example_dags/example_external_task_marker_dag.py
[2025-05-04T22:43:34.693+0000] {processor.py:830} INFO - Processing file /home/airflow/.local/lib/python3.8/site-packages/airflow/example_dags/example_external_task_marker_dag.py for tasks to queue
[2025-05-04T22:43:34.694+0000] {logging_mixin.py:188} INFO - [2025-05-04T22:43:34.694+0000] {dagbag.py:538} INFO - Filling up the DagBag from /home/airflow/.local/lib/python3.8/site-packages/airflow/example_dags/example_external_task_marker_dag.py
[2025-05-04T22:43:34.697+0000] {processor.py:840} INFO - DAG(s) 'example_external_task_marker_child', 'example_external_task_marker_parent' retrieved from /home/airflow/.local/lib/python3.8/site-packages/airflow/example_dags/example_external_task_marker_dag.py
[2025-05-04T22:43:34.710+0000] {logging_mixin.py:188} INFO - [2025-05-04T22:43:34.710+0000] {dag.py:3033} INFO - Sync 2 DAGs
[2025-05-04T22:43:34.716+0000] {logging_mixin.py:188} INFO - [2025-05-04T22:43:34.716+0000] {dag.py:3820} INFO - Setting next_dagrun for example_external_task_marker_child to None, run_after=None
[2025-05-04T22:43:34.719+0000] {logging_mixin.py:188} INFO - [2025-05-04T22:43:34.719+0000] {dag.py:3820} INFO - Setting next_dagrun for example_external_task_marker_parent to None, run_after=None
[2025-05-04T22:43:34.730+0000] {processor.py:183} INFO - Processing /home/airflow/.local/lib/python3.8/site-packages/airflow/example_dags/example_external_task_marker_dag.py took 0.040 seconds
[2025-05-04T22:44:05.446+0000] {processor.py:161} INFO - Started process (PID=888) to work on /home/airflow/.local/lib/python3.8/site-packages/airflow/example_dags/example_external_task_marker_dag.py
[2025-05-04T22:44:05.446+0000] {processor.py:830} INFO - Processing file /home/airflow/.local/lib/python3.8/site-packages/airflow/example_dags/example_external_task_marker_dag.py for tasks to queue
[2025-05-04T22:44:05.447+0000] {logging_mixin.py:188} INFO - [2025-05-04T22:44:05.447+0000] {dagbag.py:538} INFO - Filling up the DagBag from /home/airflow/.local/lib/python3.8/site-packages/airflow/example_dags/example_external_task_marker_dag.py
[2025-05-04T22:44:05.449+0000] {processor.py:840} INFO - DAG(s) 'example_external_task_marker_parent', 'example_external_task_marker_child' retrieved from /home/airflow/.local/lib/python3.8/site-packages/airflow/example_dags/example_external_task_marker_dag.py
[2025-05-04T22:44:05.462+0000] {logging_mixin.py:188} INFO - [2025-05-04T22:44:05.462+0000] {dag.py:3033} INFO - Sync 2 DAGs
[2025-05-04T22:44:05.470+0000] {logging_mixin.py:188} INFO - [2025-05-04T22:44:05.470+0000] {dag.py:3820} INFO - Setting next_dagrun for example_external_task_marker_child to None, run_after=None
[2025-05-04T22:44:05.473+0000] {logging_mixin.py:188} INFO - [2025-05-04T22:44:05.473+0000] {dag.py:3820} INFO - Setting next_dagrun for example_external_task_marker_parent to None, run_after=None
[2025-05-04T22:44:05.484+0000] {processor.py:183} INFO - Processing /home/airflow/.local/lib/python3.8/site-packages/airflow/example_dags/example_external_task_marker_dag.py took 0.040 seconds
[2025-05-04T22:44:36.260+0000] {processor.py:161} INFO - Started process (PID=944) to work on /home/airflow/.local/lib/python3.8/site-packages/airflow/example_dags/example_external_task_marker_dag.py
[2025-05-04T22:44:36.262+0000] {processor.py:830} INFO - Processing file /home/airflow/.local/lib/python3.8/site-packages/airflow/example_dags/example_external_task_marker_dag.py for tasks to queue
[2025-05-04T22:44:36.264+0000] {logging_mixin.py:188} INFO - [2025-05-04T22:44:36.264+0000] {dagbag.py:538} INFO - Filling up the DagBag from /home/airflow/.local/lib/python3.8/site-packages/airflow/example_dags/example_external_task_marker_dag.py
[2025-05-04T22:44:36.268+0000] {processor.py:840} INFO - DAG(s) 'example_external_task_marker_parent', 'example_external_task_marker_child' retrieved from /home/airflow/.local/lib/python3.8/site-packages/airflow/example_dags/example_external_task_marker_dag.py
[2025-05-04T22:44:36.283+0000] {logging_mixin.py:188} INFO - [2025-05-04T22:44:36.283+0000] {dag.py:3033} INFO - Sync 2 DAGs
[2025-05-04T22:44:36.289+0000] {logging_mixin.py:188} INFO - [2025-05-04T22:44:36.289+0000] {dag.py:3820} INFO - Setting next_dagrun for example_external_task_marker_child to None, run_after=None
[2025-05-04T22:44:36.291+0000] {logging_mixin.py:188} INFO - [2025-05-04T22:44:36.291+0000] {dag.py:3820} INFO - Setting next_dagrun for example_external_task_marker_parent to None, run_after=None
[2025-05-04T22:44:36.298+0000] {processor.py:183} INFO - Processing /home/airflow/.local/lib/python3.8/site-packages/airflow/example_dags/example_external_task_marker_dag.py took 0.039 seconds
[2025-05-04T22:45:07.081+0000] {processor.py:161} INFO - Started process (PID=1000) to work on /home/airflow/.local/lib/python3.8/site-packages/airflow/example_dags/example_external_task_marker_dag.py
[2025-05-04T22:45:07.082+0000] {processor.py:830} INFO - Processing file /home/airflow/.local/lib/python3.8/site-packages/airflow/example_dags/example_external_task_marker_dag.py for tasks to queue
[2025-05-04T22:45:07.083+0000] {logging_mixin.py:188} INFO - [2025-05-04T22:45:07.082+0000] {dagbag.py:538} INFO - Filling up the DagBag from /home/airflow/.local/lib/python3.8/site-packages/airflow/example_dags/example_external_task_marker_dag.py
[2025-05-04T22:45:07.085+0000] {processor.py:840} INFO - DAG(s) 'example_external_task_marker_parent', 'example_external_task_marker_child' retrieved from /home/airflow/.local/lib/python3.8/site-packages/airflow/example_dags/example_external_task_marker_dag.py
[2025-05-04T22:45:07.099+0000] {logging_mixin.py:188} INFO - [2025-05-04T22:45:07.099+0000] {dag.py:3033} INFO - Sync 2 DAGs
[2025-05-04T22:45:07.108+0000] {logging_mixin.py:188} INFO - [2025-05-04T22:45:07.108+0000] {dag.py:3820} INFO - Setting next_dagrun for example_external_task_marker_child to None, run_after=None
[2025-05-04T22:45:07.112+0000] {logging_mixin.py:188} INFO - [2025-05-04T22:45:07.112+0000] {dag.py:3820} INFO - Setting next_dagrun for example_external_task_marker_parent to None, run_after=None
[2025-05-04T22:45:07.121+0000] {processor.py:183} INFO - Processing /home/airflow/.local/lib/python3.8/site-packages/airflow/example_dags/example_external_task_marker_dag.py took 0.042 seconds
[2025-05-04T22:45:37.989+0000] {processor.py:161} INFO - Started process (PID=1056) to work on /home/airflow/.local/lib/python3.8/site-packages/airflow/example_dags/example_external_task_marker_dag.py
[2025-05-04T22:45:37.990+0000] {processor.py:830} INFO - Processing file /home/airflow/.local/lib/python3.8/site-packages/airflow/example_dags/example_external_task_marker_dag.py for tasks to queue
[2025-05-04T22:45:37.991+0000] {logging_mixin.py:188} INFO - [2025-05-04T22:45:37.990+0000] {dagbag.py:538} INFO - Filling up the DagBag from /home/airflow/.local/lib/python3.8/site-packages/airflow/example_dags/example_external_task_marker_dag.py
[2025-05-04T22:45:37.993+0000] {processor.py:840} INFO - DAG(s) 'example_external_task_marker_parent', 'example_external_task_marker_child' retrieved from /home/airflow/.local/lib/python3.8/site-packages/airflow/example_dags/example_external_task_marker_dag.py
[2025-05-04T22:45:38.010+0000] {logging_mixin.py:188} INFO - [2025-05-04T22:45:38.010+0000] {dag.py:3033} INFO - Sync 2 DAGs
[2025-05-04T22:45:38.018+0000] {logging_mixin.py:188} INFO - [2025-05-04T22:45:38.018+0000] {dag.py:3820} INFO - Setting next_dagrun for example_external_task_marker_child to None, run_after=None
[2025-05-04T22:45:38.019+0000] {logging_mixin.py:188} INFO - [2025-05-04T22:45:38.019+0000] {dag.py:3820} INFO - Setting next_dagrun for example_external_task_marker_parent to None, run_after=None
[2025-05-04T22:45:38.030+0000] {processor.py:183} INFO - Processing /home/airflow/.local/lib/python3.8/site-packages/airflow/example_dags/example_external_task_marker_dag.py took 0.043 seconds
[2025-05-04T22:46:30.991+0000] {processor.py:161} INFO - Started process (PID=48) to work on /home/airflow/.local/lib/python3.8/site-packages/airflow/example_dags/example_external_task_marker_dag.py
[2025-05-04T22:46:30.994+0000] {processor.py:830} INFO - Processing file /home/airflow/.local/lib/python3.8/site-packages/airflow/example_dags/example_external_task_marker_dag.py for tasks to queue
[2025-05-04T22:46:30.998+0000] {logging_mixin.py:188} INFO - [2025-05-04T22:46:30.997+0000] {dagbag.py:538} INFO - Filling up the DagBag from /home/airflow/.local/lib/python3.8/site-packages/airflow/example_dags/example_external_task_marker_dag.py
[2025-05-04T22:46:31.011+0000] {processor.py:840} INFO - DAG(s) 'example_external_task_marker_child', 'example_external_task_marker_parent' retrieved from /home/airflow/.local/lib/python3.8/site-packages/airflow/example_dags/example_external_task_marker_dag.py
[2025-05-04T22:46:31.031+0000] {logging_mixin.py:188} INFO - [2025-05-04T22:46:31.030+0000] {dag.py:3033} INFO - Sync 2 DAGs
[2025-05-04T22:46:31.047+0000] {logging_mixin.py:188} INFO - [2025-05-04T22:46:31.047+0000] {dag.py:3820} INFO - Setting next_dagrun for example_external_task_marker_child to None, run_after=None
[2025-05-04T22:46:31.052+0000] {logging_mixin.py:188} INFO - [2025-05-04T22:46:31.052+0000] {dag.py:3820} INFO - Setting next_dagrun for example_external_task_marker_parent to None, run_after=None
[2025-05-04T22:46:31.074+0000] {processor.py:183} INFO - Processing /home/airflow/.local/lib/python3.8/site-packages/airflow/example_dags/example_external_task_marker_dag.py took 0.094 seconds
[2025-05-04T22:46:55.598+0000] {processor.py:161} INFO - Started process (PID=47) to work on /home/airflow/.local/lib/python3.8/site-packages/airflow/example_dags/example_external_task_marker_dag.py
[2025-05-04T22:46:55.603+0000] {processor.py:830} INFO - Processing file /home/airflow/.local/lib/python3.8/site-packages/airflow/example_dags/example_external_task_marker_dag.py for tasks to queue
[2025-05-04T22:46:55.604+0000] {logging_mixin.py:188} INFO - [2025-05-04T22:46:55.604+0000] {dagbag.py:538} INFO - Filling up the DagBag from /home/airflow/.local/lib/python3.8/site-packages/airflow/example_dags/example_external_task_marker_dag.py
[2025-05-04T22:46:55.608+0000] {processor.py:840} INFO - DAG(s) 'example_external_task_marker_parent', 'example_external_task_marker_child' retrieved from /home/airflow/.local/lib/python3.8/site-packages/airflow/example_dags/example_external_task_marker_dag.py
[2025-05-04T22:46:55.637+0000] {logging_mixin.py:188} INFO - [2025-05-04T22:46:55.637+0000] {dag.py:3033} INFO - Sync 2 DAGs
[2025-05-04T22:46:55.649+0000] {logging_mixin.py:188} INFO - [2025-05-04T22:46:55.649+0000] {dag.py:3820} INFO - Setting next_dagrun for example_external_task_marker_child to None, run_after=None
[2025-05-04T22:46:55.657+0000] {logging_mixin.py:188} INFO - [2025-05-04T22:46:55.657+0000] {dag.py:3820} INFO - Setting next_dagrun for example_external_task_marker_parent to None, run_after=None
[2025-05-04T22:46:55.685+0000] {processor.py:183} INFO - Processing /home/airflow/.local/lib/python3.8/site-packages/airflow/example_dags/example_external_task_marker_dag.py took 0.089 seconds
[2025-05-04T22:47:51.138+0000] {processor.py:161} INFO - Started process (PID=48) to work on /home/airflow/.local/lib/python3.8/site-packages/airflow/example_dags/example_external_task_marker_dag.py
[2025-05-04T22:47:51.139+0000] {processor.py:830} INFO - Processing file /home/airflow/.local/lib/python3.8/site-packages/airflow/example_dags/example_external_task_marker_dag.py for tasks to queue
[2025-05-04T22:47:51.148+0000] {logging_mixin.py:188} INFO - [2025-05-04T22:47:51.147+0000] {dagbag.py:538} INFO - Filling up the DagBag from /home/airflow/.local/lib/python3.8/site-packages/airflow/example_dags/example_external_task_marker_dag.py
[2025-05-04T22:47:51.157+0000] {processor.py:840} INFO - DAG(s) 'example_external_task_marker_child', 'example_external_task_marker_parent' retrieved from /home/airflow/.local/lib/python3.8/site-packages/airflow/example_dags/example_external_task_marker_dag.py
[2025-05-04T22:47:51.186+0000] {logging_mixin.py:188} INFO - [2025-05-04T22:47:51.186+0000] {dag.py:3033} INFO - Sync 2 DAGs
[2025-05-04T22:47:51.200+0000] {logging_mixin.py:188} INFO - [2025-05-04T22:47:51.200+0000] {dag.py:3820} INFO - Setting next_dagrun for example_external_task_marker_child to None, run_after=None
[2025-05-04T22:47:51.207+0000] {logging_mixin.py:188} INFO - [2025-05-04T22:47:51.207+0000] {dag.py:3820} INFO - Setting next_dagrun for example_external_task_marker_parent to None, run_after=None
[2025-05-04T22:47:51.252+0000] {processor.py:183} INFO - Processing /home/airflow/.local/lib/python3.8/site-packages/airflow/example_dags/example_external_task_marker_dag.py took 0.121 seconds
[2025-05-04T22:48:21.586+0000] {processor.py:161} INFO - Started process (PID=104) to work on /home/airflow/.local/lib/python3.8/site-packages/airflow/example_dags/example_external_task_marker_dag.py
[2025-05-04T22:48:21.587+0000] {processor.py:830} INFO - Processing file /home/airflow/.local/lib/python3.8/site-packages/airflow/example_dags/example_external_task_marker_dag.py for tasks to queue
[2025-05-04T22:48:21.588+0000] {logging_mixin.py:188} INFO - [2025-05-04T22:48:21.588+0000] {dagbag.py:538} INFO - Filling up the DagBag from /home/airflow/.local/lib/python3.8/site-packages/airflow/example_dags/example_external_task_marker_dag.py
[2025-05-04T22:48:21.590+0000] {processor.py:840} INFO - DAG(s) 'example_external_task_marker_parent', 'example_external_task_marker_child' retrieved from /home/airflow/.local/lib/python3.8/site-packages/airflow/example_dags/example_external_task_marker_dag.py
[2025-05-04T22:48:21.651+0000] {logging_mixin.py:188} INFO - [2025-05-04T22:48:21.651+0000] {dag.py:3033} INFO - Sync 2 DAGs
[2025-05-04T22:48:21.658+0000] {logging_mixin.py:188} INFO - [2025-05-04T22:48:21.657+0000] {dag.py:3820} INFO - Setting next_dagrun for example_external_task_marker_child to None, run_after=None
[2025-05-04T22:48:21.661+0000] {logging_mixin.py:188} INFO - [2025-05-04T22:48:21.661+0000] {dag.py:3820} INFO - Setting next_dagrun for example_external_task_marker_parent to None, run_after=None
[2025-05-04T22:48:21.667+0000] {processor.py:183} INFO - Processing /home/airflow/.local/lib/python3.8/site-packages/airflow/example_dags/example_external_task_marker_dag.py took 0.083 seconds
[2025-05-04T22:48:51.818+0000] {processor.py:161} INFO - Started process (PID=160) to work on /home/airflow/.local/lib/python3.8/site-packages/airflow/example_dags/example_external_task_marker_dag.py
[2025-05-04T22:48:51.818+0000] {processor.py:830} INFO - Processing file /home/airflow/.local/lib/python3.8/site-packages/airflow/example_dags/example_external_task_marker_dag.py for tasks to queue
[2025-05-04T22:48:51.820+0000] {logging_mixin.py:188} INFO - [2025-05-04T22:48:51.820+0000] {dagbag.py:538} INFO - Filling up the DagBag from /home/airflow/.local/lib/python3.8/site-packages/airflow/example_dags/example_external_task_marker_dag.py
[2025-05-04T22:48:51.823+0000] {processor.py:840} INFO - DAG(s) 'example_external_task_marker_parent', 'example_external_task_marker_child' retrieved from /home/airflow/.local/lib/python3.8/site-packages/airflow/example_dags/example_external_task_marker_dag.py
[2025-05-04T22:48:51.837+0000] {logging_mixin.py:188} INFO - [2025-05-04T22:48:51.837+0000] {dag.py:3033} INFO - Sync 2 DAGs
[2025-05-04T22:48:51.842+0000] {logging_mixin.py:188} INFO - [2025-05-04T22:48:51.842+0000] {dag.py:3820} INFO - Setting next_dagrun for example_external_task_marker_child to None, run_after=None
[2025-05-04T22:48:51.846+0000] {logging_mixin.py:188} INFO - [2025-05-04T22:48:51.846+0000] {dag.py:3820} INFO - Setting next_dagrun for example_external_task_marker_parent to None, run_after=None
[2025-05-04T22:48:51.852+0000] {processor.py:183} INFO - Processing /home/airflow/.local/lib/python3.8/site-packages/airflow/example_dags/example_external_task_marker_dag.py took 0.036 seconds
[2025-05-04T22:49:22.712+0000] {processor.py:161} INFO - Started process (PID=216) to work on /home/airflow/.local/lib/python3.8/site-packages/airflow/example_dags/example_external_task_marker_dag.py
[2025-05-04T22:49:22.712+0000] {processor.py:830} INFO - Processing file /home/airflow/.local/lib/python3.8/site-packages/airflow/example_dags/example_external_task_marker_dag.py for tasks to queue
[2025-05-04T22:49:22.713+0000] {logging_mixin.py:188} INFO - [2025-05-04T22:49:22.713+0000] {dagbag.py:538} INFO - Filling up the DagBag from /home/airflow/.local/lib/python3.8/site-packages/airflow/example_dags/example_external_task_marker_dag.py
[2025-05-04T22:49:22.716+0000] {processor.py:840} INFO - DAG(s) 'example_external_task_marker_child', 'example_external_task_marker_parent' retrieved from /home/airflow/.local/lib/python3.8/site-packages/airflow/example_dags/example_external_task_marker_dag.py
[2025-05-04T22:49:22.733+0000] {logging_mixin.py:188} INFO - [2025-05-04T22:49:22.733+0000] {dag.py:3033} INFO - Sync 2 DAGs
[2025-05-04T22:49:22.738+0000] {logging_mixin.py:188} INFO - [2025-05-04T22:49:22.738+0000] {dag.py:3820} INFO - Setting next_dagrun for example_external_task_marker_child to None, run_after=None
[2025-05-04T22:49:22.741+0000] {logging_mixin.py:188} INFO - [2025-05-04T22:49:22.741+0000] {dag.py:3820} INFO - Setting next_dagrun for example_external_task_marker_parent to None, run_after=None
[2025-05-04T22:49:22.750+0000] {processor.py:183} INFO - Processing /home/airflow/.local/lib/python3.8/site-packages/airflow/example_dags/example_external_task_marker_dag.py took 0.041 seconds
[2025-05-04T22:49:53.477+0000] {processor.py:161} INFO - Started process (PID=272) to work on /home/airflow/.local/lib/python3.8/site-packages/airflow/example_dags/example_external_task_marker_dag.py
[2025-05-04T22:49:53.478+0000] {processor.py:830} INFO - Processing file /home/airflow/.local/lib/python3.8/site-packages/airflow/example_dags/example_external_task_marker_dag.py for tasks to queue
[2025-05-04T22:49:53.479+0000] {logging_mixin.py:188} INFO - [2025-05-04T22:49:53.479+0000] {dagbag.py:538} INFO - Filling up the DagBag from /home/airflow/.local/lib/python3.8/site-packages/airflow/example_dags/example_external_task_marker_dag.py
[2025-05-04T22:49:53.482+0000] {processor.py:840} INFO - DAG(s) 'example_external_task_marker_parent', 'example_external_task_marker_child' retrieved from /home/airflow/.local/lib/python3.8/site-packages/airflow/example_dags/example_external_task_marker_dag.py
[2025-05-04T22:49:53.497+0000] {logging_mixin.py:188} INFO - [2025-05-04T22:49:53.497+0000] {dag.py:3033} INFO - Sync 2 DAGs
[2025-05-04T22:49:53.503+0000] {logging_mixin.py:188} INFO - [2025-05-04T22:49:53.503+0000] {dag.py:3820} INFO - Setting next_dagrun for example_external_task_marker_child to None, run_after=None
[2025-05-04T22:49:53.505+0000] {logging_mixin.py:188} INFO - [2025-05-04T22:49:53.505+0000] {dag.py:3820} INFO - Setting next_dagrun for example_external_task_marker_parent to None, run_after=None
[2025-05-04T22:49:53.514+0000] {processor.py:183} INFO - Processing /home/airflow/.local/lib/python3.8/site-packages/airflow/example_dags/example_external_task_marker_dag.py took 0.038 seconds
[2025-05-04T22:50:24.112+0000] {processor.py:161} INFO - Started process (PID=328) to work on /home/airflow/.local/lib/python3.8/site-packages/airflow/example_dags/example_external_task_marker_dag.py
[2025-05-04T22:50:24.113+0000] {processor.py:830} INFO - Processing file /home/airflow/.local/lib/python3.8/site-packages/airflow/example_dags/example_external_task_marker_dag.py for tasks to queue
[2025-05-04T22:50:24.114+0000] {logging_mixin.py:188} INFO - [2025-05-04T22:50:24.114+0000] {dagbag.py:538} INFO - Filling up the DagBag from /home/airflow/.local/lib/python3.8/site-packages/airflow/example_dags/example_external_task_marker_dag.py
[2025-05-04T22:50:24.117+0000] {processor.py:840} INFO - DAG(s) 'example_external_task_marker_parent', 'example_external_task_marker_child' retrieved from /home/airflow/.local/lib/python3.8/site-packages/airflow/example_dags/example_external_task_marker_dag.py
[2025-05-04T22:50:24.136+0000] {logging_mixin.py:188} INFO - [2025-05-04T22:50:24.136+0000] {dag.py:3033} INFO - Sync 2 DAGs
[2025-05-04T22:50:24.143+0000] {logging_mixin.py:188} INFO - [2025-05-04T22:50:24.142+0000] {dag.py:3820} INFO - Setting next_dagrun for example_external_task_marker_child to None, run_after=None
[2025-05-04T22:50:24.144+0000] {logging_mixin.py:188} INFO - [2025-05-04T22:50:24.144+0000] {dag.py:3820} INFO - Setting next_dagrun for example_external_task_marker_parent to None, run_after=None
[2025-05-04T22:50:24.156+0000] {processor.py:183} INFO - Processing /home/airflow/.local/lib/python3.8/site-packages/airflow/example_dags/example_external_task_marker_dag.py took 0.047 seconds
[2025-05-04T22:50:57.789+0000] {processor.py:161} INFO - Started process (PID=48) to work on /home/airflow/.local/lib/python3.8/site-packages/airflow/example_dags/example_external_task_marker_dag.py
[2025-05-04T22:50:57.797+0000] {processor.py:830} INFO - Processing file /home/airflow/.local/lib/python3.8/site-packages/airflow/example_dags/example_external_task_marker_dag.py for tasks to queue
[2025-05-04T22:50:57.802+0000] {logging_mixin.py:188} INFO - [2025-05-04T22:50:57.802+0000] {dagbag.py:538} INFO - Filling up the DagBag from /home/airflow/.local/lib/python3.8/site-packages/airflow/example_dags/example_external_task_marker_dag.py
[2025-05-04T22:50:57.806+0000] {processor.py:840} INFO - DAG(s) 'example_external_task_marker_parent', 'example_external_task_marker_child' retrieved from /home/airflow/.local/lib/python3.8/site-packages/airflow/example_dags/example_external_task_marker_dag.py
[2025-05-04T22:50:57.823+0000] {logging_mixin.py:188} INFO - [2025-05-04T22:50:57.823+0000] {dag.py:3033} INFO - Sync 2 DAGs
[2025-05-04T22:50:57.846+0000] {logging_mixin.py:188} INFO - [2025-05-04T22:50:57.846+0000] {dag.py:3820} INFO - Setting next_dagrun for example_external_task_marker_child to None, run_after=None
[2025-05-04T22:50:57.859+0000] {logging_mixin.py:188} INFO - [2025-05-04T22:50:57.859+0000] {dag.py:3820} INFO - Setting next_dagrun for example_external_task_marker_parent to None, run_after=None
[2025-05-04T22:50:57.892+0000] {processor.py:183} INFO - Processing /home/airflow/.local/lib/python3.8/site-packages/airflow/example_dags/example_external_task_marker_dag.py took 0.106 seconds
[2025-05-04T22:51:28.144+0000] {processor.py:161} INFO - Started process (PID=104) to work on /home/airflow/.local/lib/python3.8/site-packages/airflow/example_dags/example_external_task_marker_dag.py
[2025-05-04T22:51:28.145+0000] {processor.py:830} INFO - Processing file /home/airflow/.local/lib/python3.8/site-packages/airflow/example_dags/example_external_task_marker_dag.py for tasks to queue
[2025-05-04T22:51:28.145+0000] {logging_mixin.py:188} INFO - [2025-05-04T22:51:28.145+0000] {dagbag.py:538} INFO - Filling up the DagBag from /home/airflow/.local/lib/python3.8/site-packages/airflow/example_dags/example_external_task_marker_dag.py
[2025-05-04T22:51:28.148+0000] {processor.py:840} INFO - DAG(s) 'example_external_task_marker_child', 'example_external_task_marker_parent' retrieved from /home/airflow/.local/lib/python3.8/site-packages/airflow/example_dags/example_external_task_marker_dag.py
[2025-05-04T22:51:28.196+0000] {logging_mixin.py:188} INFO - [2025-05-04T22:51:28.196+0000] {dag.py:3033} INFO - Sync 2 DAGs
[2025-05-04T22:51:28.200+0000] {logging_mixin.py:188} INFO - [2025-05-04T22:51:28.200+0000] {dag.py:3820} INFO - Setting next_dagrun for example_external_task_marker_child to None, run_after=None
[2025-05-04T22:51:28.202+0000] {logging_mixin.py:188} INFO - [2025-05-04T22:51:28.202+0000] {dag.py:3820} INFO - Setting next_dagrun for example_external_task_marker_parent to None, run_after=None
[2025-05-04T22:51:28.214+0000] {processor.py:183} INFO - Processing /home/airflow/.local/lib/python3.8/site-packages/airflow/example_dags/example_external_task_marker_dag.py took 0.072 seconds
[2025-05-04T22:51:58.473+0000] {processor.py:161} INFO - Started process (PID=160) to work on /home/airflow/.local/lib/python3.8/site-packages/airflow/example_dags/example_external_task_marker_dag.py
[2025-05-04T22:51:58.475+0000] {processor.py:830} INFO - Processing file /home/airflow/.local/lib/python3.8/site-packages/airflow/example_dags/example_external_task_marker_dag.py for tasks to queue
[2025-05-04T22:51:58.476+0000] {logging_mixin.py:188} INFO - [2025-05-04T22:51:58.476+0000] {dagbag.py:538} INFO - Filling up the DagBag from /home/airflow/.local/lib/python3.8/site-packages/airflow/example_dags/example_external_task_marker_dag.py
[2025-05-04T22:51:58.479+0000] {processor.py:840} INFO - DAG(s) 'example_external_task_marker_parent', 'example_external_task_marker_child' retrieved from /home/airflow/.local/lib/python3.8/site-packages/airflow/example_dags/example_external_task_marker_dag.py
[2025-05-04T22:51:58.490+0000] {logging_mixin.py:188} INFO - [2025-05-04T22:51:58.490+0000] {dag.py:3033} INFO - Sync 2 DAGs
[2025-05-04T22:51:58.497+0000] {logging_mixin.py:188} INFO - [2025-05-04T22:51:58.497+0000] {dag.py:3820} INFO - Setting next_dagrun for example_external_task_marker_child to None, run_after=None
[2025-05-04T22:51:58.499+0000] {logging_mixin.py:188} INFO - [2025-05-04T22:51:58.499+0000] {dag.py:3820} INFO - Setting next_dagrun for example_external_task_marker_parent to None, run_after=None
[2025-05-04T22:51:58.508+0000] {processor.py:183} INFO - Processing /home/airflow/.local/lib/python3.8/site-packages/airflow/example_dags/example_external_task_marker_dag.py took 0.037 seconds
[2025-05-04T22:52:29.269+0000] {processor.py:161} INFO - Started process (PID=216) to work on /home/airflow/.local/lib/python3.8/site-packages/airflow/example_dags/example_external_task_marker_dag.py
[2025-05-04T22:52:29.269+0000] {processor.py:830} INFO - Processing file /home/airflow/.local/lib/python3.8/site-packages/airflow/example_dags/example_external_task_marker_dag.py for tasks to queue
[2025-05-04T22:52:29.270+0000] {logging_mixin.py:188} INFO - [2025-05-04T22:52:29.270+0000] {dagbag.py:538} INFO - Filling up the DagBag from /home/airflow/.local/lib/python3.8/site-packages/airflow/example_dags/example_external_task_marker_dag.py
[2025-05-04T22:52:29.274+0000] {processor.py:840} INFO - DAG(s) 'example_external_task_marker_child', 'example_external_task_marker_parent' retrieved from /home/airflow/.local/lib/python3.8/site-packages/airflow/example_dags/example_external_task_marker_dag.py
[2025-05-04T22:52:29.287+0000] {logging_mixin.py:188} INFO - [2025-05-04T22:52:29.287+0000] {dag.py:3033} INFO - Sync 2 DAGs
[2025-05-04T22:52:29.293+0000] {logging_mixin.py:188} INFO - [2025-05-04T22:52:29.293+0000] {dag.py:3820} INFO - Setting next_dagrun for example_external_task_marker_child to None, run_after=None
[2025-05-04T22:52:29.295+0000] {logging_mixin.py:188} INFO - [2025-05-04T22:52:29.295+0000] {dag.py:3820} INFO - Setting next_dagrun for example_external_task_marker_parent to None, run_after=None
[2025-05-04T22:52:29.305+0000] {processor.py:183} INFO - Processing /home/airflow/.local/lib/python3.8/site-packages/airflow/example_dags/example_external_task_marker_dag.py took 0.039 seconds
[2025-05-04T22:52:59.884+0000] {processor.py:161} INFO - Started process (PID=272) to work on /home/airflow/.local/lib/python3.8/site-packages/airflow/example_dags/example_external_task_marker_dag.py
[2025-05-04T22:52:59.884+0000] {processor.py:830} INFO - Processing file /home/airflow/.local/lib/python3.8/site-packages/airflow/example_dags/example_external_task_marker_dag.py for tasks to queue
[2025-05-04T22:52:59.885+0000] {logging_mixin.py:188} INFO - [2025-05-04T22:52:59.885+0000] {dagbag.py:538} INFO - Filling up the DagBag from /home/airflow/.local/lib/python3.8/site-packages/airflow/example_dags/example_external_task_marker_dag.py
[2025-05-04T22:52:59.888+0000] {processor.py:840} INFO - DAG(s) 'example_external_task_marker_parent', 'example_external_task_marker_child' retrieved from /home/airflow/.local/lib/python3.8/site-packages/airflow/example_dags/example_external_task_marker_dag.py
[2025-05-04T22:52:59.897+0000] {logging_mixin.py:188} INFO - [2025-05-04T22:52:59.897+0000] {dag.py:3033} INFO - Sync 2 DAGs
[2025-05-04T22:52:59.902+0000] {logging_mixin.py:188} INFO - [2025-05-04T22:52:59.902+0000] {dag.py:3820} INFO - Setting next_dagrun for example_external_task_marker_child to None, run_after=None
[2025-05-04T22:52:59.905+0000] {logging_mixin.py:188} INFO - [2025-05-04T22:52:59.904+0000] {dag.py:3820} INFO - Setting next_dagrun for example_external_task_marker_parent to None, run_after=None
[2025-05-04T22:52:59.912+0000] {processor.py:183} INFO - Processing /home/airflow/.local/lib/python3.8/site-packages/airflow/example_dags/example_external_task_marker_dag.py took 0.031 seconds
[2025-05-04T22:58:00.230+0000] {processor.py:161} INFO - Started process (PID=48) to work on /home/airflow/.local/lib/python3.8/site-packages/airflow/example_dags/example_external_task_marker_dag.py
[2025-05-04T22:58:00.232+0000] {processor.py:830} INFO - Processing file /home/airflow/.local/lib/python3.8/site-packages/airflow/example_dags/example_external_task_marker_dag.py for tasks to queue
[2025-05-04T22:58:00.233+0000] {logging_mixin.py:188} INFO - [2025-05-04T22:58:00.233+0000] {dagbag.py:538} INFO - Filling up the DagBag from /home/airflow/.local/lib/python3.8/site-packages/airflow/example_dags/example_external_task_marker_dag.py
[2025-05-04T22:58:00.237+0000] {processor.py:840} INFO - DAG(s) 'example_external_task_marker_parent', 'example_external_task_marker_child' retrieved from /home/airflow/.local/lib/python3.8/site-packages/airflow/example_dags/example_external_task_marker_dag.py
[2025-05-04T22:58:00.248+0000] {logging_mixin.py:188} INFO - [2025-05-04T22:58:00.248+0000] {dag.py:3033} INFO - Sync 2 DAGs
[2025-05-04T22:58:00.261+0000] {logging_mixin.py:188} INFO - [2025-05-04T22:58:00.261+0000] {dag.py:3820} INFO - Setting next_dagrun for example_external_task_marker_child to None, run_after=None
[2025-05-04T22:58:00.263+0000] {logging_mixin.py:188} INFO - [2025-05-04T22:58:00.263+0000] {dag.py:3820} INFO - Setting next_dagrun for example_external_task_marker_parent to None, run_after=None
[2025-05-04T22:58:00.278+0000] {processor.py:183} INFO - Processing /home/airflow/.local/lib/python3.8/site-packages/airflow/example_dags/example_external_task_marker_dag.py took 0.050 seconds
[2025-05-04T22:58:30.654+0000] {processor.py:161} INFO - Started process (PID=104) to work on /home/airflow/.local/lib/python3.8/site-packages/airflow/example_dags/example_external_task_marker_dag.py
[2025-05-04T22:58:30.657+0000] {processor.py:830} INFO - Processing file /home/airflow/.local/lib/python3.8/site-packages/airflow/example_dags/example_external_task_marker_dag.py for tasks to queue
[2025-05-04T22:58:30.658+0000] {logging_mixin.py:188} INFO - [2025-05-04T22:58:30.658+0000] {dagbag.py:538} INFO - Filling up the DagBag from /home/airflow/.local/lib/python3.8/site-packages/airflow/example_dags/example_external_task_marker_dag.py
[2025-05-04T22:58:30.661+0000] {processor.py:840} INFO - DAG(s) 'example_external_task_marker_parent', 'example_external_task_marker_child' retrieved from /home/airflow/.local/lib/python3.8/site-packages/airflow/example_dags/example_external_task_marker_dag.py
[2025-05-04T22:58:30.706+0000] {logging_mixin.py:188} INFO - [2025-05-04T22:58:30.706+0000] {dag.py:3033} INFO - Sync 2 DAGs
[2025-05-04T22:58:30.711+0000] {logging_mixin.py:188} INFO - [2025-05-04T22:58:30.711+0000] {dag.py:3820} INFO - Setting next_dagrun for example_external_task_marker_child to None, run_after=None
[2025-05-04T22:58:30.713+0000] {logging_mixin.py:188} INFO - [2025-05-04T22:58:30.713+0000] {dag.py:3820} INFO - Setting next_dagrun for example_external_task_marker_parent to None, run_after=None
[2025-05-04T22:58:30.723+0000] {processor.py:183} INFO - Processing /home/airflow/.local/lib/python3.8/site-packages/airflow/example_dags/example_external_task_marker_dag.py took 0.071 seconds
[2025-05-04T22:59:01.110+0000] {processor.py:161} INFO - Started process (PID=160) to work on /home/airflow/.local/lib/python3.8/site-packages/airflow/example_dags/example_external_task_marker_dag.py
[2025-05-04T22:59:01.111+0000] {processor.py:830} INFO - Processing file /home/airflow/.local/lib/python3.8/site-packages/airflow/example_dags/example_external_task_marker_dag.py for tasks to queue
[2025-05-04T22:59:01.112+0000] {logging_mixin.py:188} INFO - [2025-05-04T22:59:01.112+0000] {dagbag.py:538} INFO - Filling up the DagBag from /home/airflow/.local/lib/python3.8/site-packages/airflow/example_dags/example_external_task_marker_dag.py
[2025-05-04T22:59:01.114+0000] {processor.py:840} INFO - DAG(s) 'example_external_task_marker_parent', 'example_external_task_marker_child' retrieved from /home/airflow/.local/lib/python3.8/site-packages/airflow/example_dags/example_external_task_marker_dag.py
[2025-05-04T22:59:01.122+0000] {logging_mixin.py:188} INFO - [2025-05-04T22:59:01.122+0000] {dag.py:3033} INFO - Sync 2 DAGs
[2025-05-04T22:59:01.127+0000] {logging_mixin.py:188} INFO - [2025-05-04T22:59:01.127+0000] {dag.py:3820} INFO - Setting next_dagrun for example_external_task_marker_child to None, run_after=None
[2025-05-04T22:59:01.128+0000] {logging_mixin.py:188} INFO - [2025-05-04T22:59:01.128+0000] {dag.py:3820} INFO - Setting next_dagrun for example_external_task_marker_parent to None, run_after=None
[2025-05-04T22:59:01.133+0000] {processor.py:183} INFO - Processing /home/airflow/.local/lib/python3.8/site-packages/airflow/example_dags/example_external_task_marker_dag.py took 0.024 seconds
[2025-05-04T22:59:31.882+0000] {processor.py:161} INFO - Started process (PID=216) to work on /home/airflow/.local/lib/python3.8/site-packages/airflow/example_dags/example_external_task_marker_dag.py
[2025-05-04T22:59:31.883+0000] {processor.py:830} INFO - Processing file /home/airflow/.local/lib/python3.8/site-packages/airflow/example_dags/example_external_task_marker_dag.py for tasks to queue
[2025-05-04T22:59:31.884+0000] {logging_mixin.py:188} INFO - [2025-05-04T22:59:31.884+0000] {dagbag.py:538} INFO - Filling up the DagBag from /home/airflow/.local/lib/python3.8/site-packages/airflow/example_dags/example_external_task_marker_dag.py
[2025-05-04T22:59:31.887+0000] {processor.py:840} INFO - DAG(s) 'example_external_task_marker_parent', 'example_external_task_marker_child' retrieved from /home/airflow/.local/lib/python3.8/site-packages/airflow/example_dags/example_external_task_marker_dag.py
[2025-05-04T22:59:31.907+0000] {logging_mixin.py:188} INFO - [2025-05-04T22:59:31.906+0000] {dag.py:3033} INFO - Sync 2 DAGs
[2025-05-04T22:59:31.913+0000] {logging_mixin.py:188} INFO - [2025-05-04T22:59:31.912+0000] {dag.py:3820} INFO - Setting next_dagrun for example_external_task_marker_child to None, run_after=None
[2025-05-04T22:59:31.916+0000] {logging_mixin.py:188} INFO - [2025-05-04T22:59:31.916+0000] {dag.py:3820} INFO - Setting next_dagrun for example_external_task_marker_parent to None, run_after=None
[2025-05-04T22:59:31.927+0000] {processor.py:183} INFO - Processing /home/airflow/.local/lib/python3.8/site-packages/airflow/example_dags/example_external_task_marker_dag.py took 0.046 seconds
[2025-05-04T23:00:02.754+0000] {processor.py:161} INFO - Started process (PID=272) to work on /home/airflow/.local/lib/python3.8/site-packages/airflow/example_dags/example_external_task_marker_dag.py
[2025-05-04T23:00:02.755+0000] {processor.py:830} INFO - Processing file /home/airflow/.local/lib/python3.8/site-packages/airflow/example_dags/example_external_task_marker_dag.py for tasks to queue
[2025-05-04T23:00:02.756+0000] {logging_mixin.py:188} INFO - [2025-05-04T23:00:02.756+0000] {dagbag.py:538} INFO - Filling up the DagBag from /home/airflow/.local/lib/python3.8/site-packages/airflow/example_dags/example_external_task_marker_dag.py
[2025-05-04T23:00:02.759+0000] {processor.py:840} INFO - DAG(s) 'example_external_task_marker_parent', 'example_external_task_marker_child' retrieved from /home/airflow/.local/lib/python3.8/site-packages/airflow/example_dags/example_external_task_marker_dag.py
[2025-05-04T23:00:02.771+0000] {logging_mixin.py:188} INFO - [2025-05-04T23:00:02.771+0000] {dag.py:3033} INFO - Sync 2 DAGs
[2025-05-04T23:00:02.780+0000] {logging_mixin.py:188} INFO - [2025-05-04T23:00:02.780+0000] {dag.py:3820} INFO - Setting next_dagrun for example_external_task_marker_child to None, run_after=None
[2025-05-04T23:00:02.783+0000] {logging_mixin.py:188} INFO - [2025-05-04T23:00:02.783+0000] {dag.py:3820} INFO - Setting next_dagrun for example_external_task_marker_parent to None, run_after=None
[2025-05-04T23:00:02.794+0000] {processor.py:183} INFO - Processing /home/airflow/.local/lib/python3.8/site-packages/airflow/example_dags/example_external_task_marker_dag.py took 0.041 seconds
[2025-05-04T23:00:33.401+0000] {processor.py:161} INFO - Started process (PID=328) to work on /home/airflow/.local/lib/python3.8/site-packages/airflow/example_dags/example_external_task_marker_dag.py
[2025-05-04T23:00:33.401+0000] {processor.py:830} INFO - Processing file /home/airflow/.local/lib/python3.8/site-packages/airflow/example_dags/example_external_task_marker_dag.py for tasks to queue
[2025-05-04T23:00:33.402+0000] {logging_mixin.py:188} INFO - [2025-05-04T23:00:33.402+0000] {dagbag.py:538} INFO - Filling up the DagBag from /home/airflow/.local/lib/python3.8/site-packages/airflow/example_dags/example_external_task_marker_dag.py
[2025-05-04T23:00:33.405+0000] {processor.py:840} INFO - DAG(s) 'example_external_task_marker_child', 'example_external_task_marker_parent' retrieved from /home/airflow/.local/lib/python3.8/site-packages/airflow/example_dags/example_external_task_marker_dag.py
[2025-05-04T23:00:33.421+0000] {logging_mixin.py:188} INFO - [2025-05-04T23:00:33.421+0000] {dag.py:3033} INFO - Sync 2 DAGs
[2025-05-04T23:00:33.426+0000] {logging_mixin.py:188} INFO - [2025-05-04T23:00:33.426+0000] {dag.py:3820} INFO - Setting next_dagrun for example_external_task_marker_child to None, run_after=None
[2025-05-04T23:00:33.428+0000] {logging_mixin.py:188} INFO - [2025-05-04T23:00:33.428+0000] {dag.py:3820} INFO - Setting next_dagrun for example_external_task_marker_parent to None, run_after=None
[2025-05-04T23:00:33.436+0000] {processor.py:183} INFO - Processing /home/airflow/.local/lib/python3.8/site-packages/airflow/example_dags/example_external_task_marker_dag.py took 0.037 seconds
[2025-05-04T23:01:04.084+0000] {processor.py:161} INFO - Started process (PID=390) to work on /home/airflow/.local/lib/python3.8/site-packages/airflow/example_dags/example_external_task_marker_dag.py
[2025-05-04T23:01:04.086+0000] {processor.py:830} INFO - Processing file /home/airflow/.local/lib/python3.8/site-packages/airflow/example_dags/example_external_task_marker_dag.py for tasks to queue
[2025-05-04T23:01:04.086+0000] {logging_mixin.py:188} INFO - [2025-05-04T23:01:04.086+0000] {dagbag.py:538} INFO - Filling up the DagBag from /home/airflow/.local/lib/python3.8/site-packages/airflow/example_dags/example_external_task_marker_dag.py
[2025-05-04T23:01:04.090+0000] {processor.py:840} INFO - DAG(s) 'example_external_task_marker_parent', 'example_external_task_marker_child' retrieved from /home/airflow/.local/lib/python3.8/site-packages/airflow/example_dags/example_external_task_marker_dag.py
[2025-05-04T23:01:04.107+0000] {logging_mixin.py:188} INFO - [2025-05-04T23:01:04.107+0000] {dag.py:3033} INFO - Sync 2 DAGs
[2025-05-04T23:01:04.112+0000] {logging_mixin.py:188} INFO - [2025-05-04T23:01:04.112+0000] {dag.py:3820} INFO - Setting next_dagrun for example_external_task_marker_child to None, run_after=None
[2025-05-04T23:01:04.115+0000] {logging_mixin.py:188} INFO - [2025-05-04T23:01:04.115+0000] {dag.py:3820} INFO - Setting next_dagrun for example_external_task_marker_parent to None, run_after=None
[2025-05-04T23:01:04.121+0000] {processor.py:183} INFO - Processing /home/airflow/.local/lib/python3.8/site-packages/airflow/example_dags/example_external_task_marker_dag.py took 0.038 seconds
[2025-05-04T23:01:34.689+0000] {processor.py:161} INFO - Started process (PID=446) to work on /home/airflow/.local/lib/python3.8/site-packages/airflow/example_dags/example_external_task_marker_dag.py
[2025-05-04T23:01:34.690+0000] {processor.py:830} INFO - Processing file /home/airflow/.local/lib/python3.8/site-packages/airflow/example_dags/example_external_task_marker_dag.py for tasks to queue
[2025-05-04T23:01:34.691+0000] {logging_mixin.py:188} INFO - [2025-05-04T23:01:34.691+0000] {dagbag.py:538} INFO - Filling up the DagBag from /home/airflow/.local/lib/python3.8/site-packages/airflow/example_dags/example_external_task_marker_dag.py
[2025-05-04T23:01:34.694+0000] {processor.py:840} INFO - DAG(s) 'example_external_task_marker_child', 'example_external_task_marker_parent' retrieved from /home/airflow/.local/lib/python3.8/site-packages/airflow/example_dags/example_external_task_marker_dag.py
[2025-05-04T23:01:34.706+0000] {logging_mixin.py:188} INFO - [2025-05-04T23:01:34.706+0000] {dag.py:3033} INFO - Sync 2 DAGs
[2025-05-04T23:01:34.711+0000] {logging_mixin.py:188} INFO - [2025-05-04T23:01:34.711+0000] {dag.py:3820} INFO - Setting next_dagrun for example_external_task_marker_child to None, run_after=None
[2025-05-04T23:01:34.712+0000] {logging_mixin.py:188} INFO - [2025-05-04T23:01:34.712+0000] {dag.py:3820} INFO - Setting next_dagrun for example_external_task_marker_parent to None, run_after=None
[2025-05-04T23:01:34.718+0000] {processor.py:183} INFO - Processing /home/airflow/.local/lib/python3.8/site-packages/airflow/example_dags/example_external_task_marker_dag.py took 0.031 seconds
[2025-05-04T23:02:05.243+0000] {processor.py:161} INFO - Started process (PID=502) to work on /home/airflow/.local/lib/python3.8/site-packages/airflow/example_dags/example_external_task_marker_dag.py
[2025-05-04T23:02:05.244+0000] {processor.py:830} INFO - Processing file /home/airflow/.local/lib/python3.8/site-packages/airflow/example_dags/example_external_task_marker_dag.py for tasks to queue
[2025-05-04T23:02:05.245+0000] {logging_mixin.py:188} INFO - [2025-05-04T23:02:05.245+0000] {dagbag.py:538} INFO - Filling up the DagBag from /home/airflow/.local/lib/python3.8/site-packages/airflow/example_dags/example_external_task_marker_dag.py
[2025-05-04T23:02:05.247+0000] {processor.py:840} INFO - DAG(s) 'example_external_task_marker_child', 'example_external_task_marker_parent' retrieved from /home/airflow/.local/lib/python3.8/site-packages/airflow/example_dags/example_external_task_marker_dag.py
[2025-05-04T23:02:05.257+0000] {logging_mixin.py:188} INFO - [2025-05-04T23:02:05.257+0000] {dag.py:3033} INFO - Sync 2 DAGs
[2025-05-04T23:02:05.263+0000] {logging_mixin.py:188} INFO - [2025-05-04T23:02:05.262+0000] {dag.py:3820} INFO - Setting next_dagrun for example_external_task_marker_child to None, run_after=None
[2025-05-04T23:02:05.264+0000] {logging_mixin.py:188} INFO - [2025-05-04T23:02:05.264+0000] {dag.py:3820} INFO - Setting next_dagrun for example_external_task_marker_parent to None, run_after=None
[2025-05-04T23:02:05.275+0000] {processor.py:183} INFO - Processing /home/airflow/.local/lib/python3.8/site-packages/airflow/example_dags/example_external_task_marker_dag.py took 0.034 seconds
[2025-05-04T23:02:35.783+0000] {processor.py:161} INFO - Started process (PID=558) to work on /home/airflow/.local/lib/python3.8/site-packages/airflow/example_dags/example_external_task_marker_dag.py
[2025-05-04T23:02:35.784+0000] {processor.py:830} INFO - Processing file /home/airflow/.local/lib/python3.8/site-packages/airflow/example_dags/example_external_task_marker_dag.py for tasks to queue
[2025-05-04T23:02:35.785+0000] {logging_mixin.py:188} INFO - [2025-05-04T23:02:35.785+0000] {dagbag.py:538} INFO - Filling up the DagBag from /home/airflow/.local/lib/python3.8/site-packages/airflow/example_dags/example_external_task_marker_dag.py
[2025-05-04T23:02:35.788+0000] {processor.py:840} INFO - DAG(s) 'example_external_task_marker_parent', 'example_external_task_marker_child' retrieved from /home/airflow/.local/lib/python3.8/site-packages/airflow/example_dags/example_external_task_marker_dag.py
[2025-05-04T23:02:35.799+0000] {logging_mixin.py:188} INFO - [2025-05-04T23:02:35.799+0000] {dag.py:3033} INFO - Sync 2 DAGs
[2025-05-04T23:02:35.805+0000] {logging_mixin.py:188} INFO - [2025-05-04T23:02:35.805+0000] {dag.py:3820} INFO - Setting next_dagrun for example_external_task_marker_child to None, run_after=None
[2025-05-04T23:02:35.808+0000] {logging_mixin.py:188} INFO - [2025-05-04T23:02:35.808+0000] {dag.py:3820} INFO - Setting next_dagrun for example_external_task_marker_parent to None, run_after=None
[2025-05-04T23:02:35.816+0000] {processor.py:183} INFO - Processing /home/airflow/.local/lib/python3.8/site-packages/airflow/example_dags/example_external_task_marker_dag.py took 0.034 seconds
[2025-05-04T23:03:06.579+0000] {processor.py:161} INFO - Started process (PID=614) to work on /home/airflow/.local/lib/python3.8/site-packages/airflow/example_dags/example_external_task_marker_dag.py
[2025-05-04T23:03:06.581+0000] {processor.py:830} INFO - Processing file /home/airflow/.local/lib/python3.8/site-packages/airflow/example_dags/example_external_task_marker_dag.py for tasks to queue
[2025-05-04T23:03:06.582+0000] {logging_mixin.py:188} INFO - [2025-05-04T23:03:06.582+0000] {dagbag.py:538} INFO - Filling up the DagBag from /home/airflow/.local/lib/python3.8/site-packages/airflow/example_dags/example_external_task_marker_dag.py
[2025-05-04T23:03:06.585+0000] {processor.py:840} INFO - DAG(s) 'example_external_task_marker_child', 'example_external_task_marker_parent' retrieved from /home/airflow/.local/lib/python3.8/site-packages/airflow/example_dags/example_external_task_marker_dag.py
[2025-05-04T23:03:06.597+0000] {logging_mixin.py:188} INFO - [2025-05-04T23:03:06.597+0000] {dag.py:3033} INFO - Sync 2 DAGs
[2025-05-04T23:03:06.603+0000] {logging_mixin.py:188} INFO - [2025-05-04T23:03:06.602+0000] {dag.py:3820} INFO - Setting next_dagrun for example_external_task_marker_child to None, run_after=None
[2025-05-04T23:03:06.604+0000] {logging_mixin.py:188} INFO - [2025-05-04T23:03:06.604+0000] {dag.py:3820} INFO - Setting next_dagrun for example_external_task_marker_parent to None, run_after=None
[2025-05-04T23:03:06.610+0000] {processor.py:183} INFO - Processing /home/airflow/.local/lib/python3.8/site-packages/airflow/example_dags/example_external_task_marker_dag.py took 0.033 seconds
[2025-05-04T23:03:37.140+0000] {processor.py:161} INFO - Started process (PID=670) to work on /home/airflow/.local/lib/python3.8/site-packages/airflow/example_dags/example_external_task_marker_dag.py
[2025-05-04T23:03:37.140+0000] {processor.py:830} INFO - Processing file /home/airflow/.local/lib/python3.8/site-packages/airflow/example_dags/example_external_task_marker_dag.py for tasks to queue
[2025-05-04T23:03:37.142+0000] {logging_mixin.py:188} INFO - [2025-05-04T23:03:37.142+0000] {dagbag.py:538} INFO - Filling up the DagBag from /home/airflow/.local/lib/python3.8/site-packages/airflow/example_dags/example_external_task_marker_dag.py
[2025-05-04T23:03:37.144+0000] {processor.py:840} INFO - DAG(s) 'example_external_task_marker_parent', 'example_external_task_marker_child' retrieved from /home/airflow/.local/lib/python3.8/site-packages/airflow/example_dags/example_external_task_marker_dag.py
[2025-05-04T23:03:37.156+0000] {logging_mixin.py:188} INFO - [2025-05-04T23:03:37.156+0000] {dag.py:3033} INFO - Sync 2 DAGs
[2025-05-04T23:03:37.163+0000] {logging_mixin.py:188} INFO - [2025-05-04T23:03:37.163+0000] {dag.py:3820} INFO - Setting next_dagrun for example_external_task_marker_child to None, run_after=None
[2025-05-04T23:03:37.165+0000] {logging_mixin.py:188} INFO - [2025-05-04T23:03:37.165+0000] {dag.py:3820} INFO - Setting next_dagrun for example_external_task_marker_parent to None, run_after=None
[2025-05-04T23:03:37.173+0000] {processor.py:183} INFO - Processing /home/airflow/.local/lib/python3.8/site-packages/airflow/example_dags/example_external_task_marker_dag.py took 0.035 seconds
[2025-05-04T23:04:28.062+0000] {processor.py:161} INFO - Started process (PID=53) to work on /home/airflow/.local/lib/python3.8/site-packages/airflow/example_dags/example_external_task_marker_dag.py
[2025-05-04T23:04:28.064+0000] {processor.py:830} INFO - Processing file /home/airflow/.local/lib/python3.8/site-packages/airflow/example_dags/example_external_task_marker_dag.py for tasks to queue
[2025-05-04T23:04:28.066+0000] {logging_mixin.py:188} INFO - [2025-05-04T23:04:28.065+0000] {dagbag.py:538} INFO - Filling up the DagBag from /home/airflow/.local/lib/python3.8/site-packages/airflow/example_dags/example_external_task_marker_dag.py
[2025-05-04T23:04:28.071+0000] {processor.py:840} INFO - DAG(s) 'example_external_task_marker_child', 'example_external_task_marker_parent' retrieved from /home/airflow/.local/lib/python3.8/site-packages/airflow/example_dags/example_external_task_marker_dag.py
[2025-05-04T23:04:28.079+0000] {logging_mixin.py:188} INFO - [2025-05-04T23:04:28.079+0000] {dag.py:3033} INFO - Sync 2 DAGs
[2025-05-04T23:04:28.087+0000] {logging_mixin.py:188} INFO - [2025-05-04T23:04:28.087+0000] {dag.py:3820} INFO - Setting next_dagrun for example_external_task_marker_child to None, run_after=None
[2025-05-04T23:04:28.090+0000] {logging_mixin.py:188} INFO - [2025-05-04T23:04:28.090+0000] {dag.py:3820} INFO - Setting next_dagrun for example_external_task_marker_parent to None, run_after=None
[2025-05-04T23:04:28.110+0000] {processor.py:183} INFO - Processing /home/airflow/.local/lib/python3.8/site-packages/airflow/example_dags/example_external_task_marker_dag.py took 0.051 seconds
[2025-05-04T23:04:58.160+0000] {processor.py:161} INFO - Started process (PID=109) to work on /home/airflow/.local/lib/python3.8/site-packages/airflow/example_dags/example_external_task_marker_dag.py
[2025-05-04T23:04:58.161+0000] {processor.py:830} INFO - Processing file /home/airflow/.local/lib/python3.8/site-packages/airflow/example_dags/example_external_task_marker_dag.py for tasks to queue
[2025-05-04T23:04:58.161+0000] {logging_mixin.py:188} INFO - [2025-05-04T23:04:58.161+0000] {dagbag.py:538} INFO - Filling up the DagBag from /home/airflow/.local/lib/python3.8/site-packages/airflow/example_dags/example_external_task_marker_dag.py
[2025-05-04T23:04:58.164+0000] {processor.py:840} INFO - DAG(s) 'example_external_task_marker_child', 'example_external_task_marker_parent' retrieved from /home/airflow/.local/lib/python3.8/site-packages/airflow/example_dags/example_external_task_marker_dag.py
[2025-05-04T23:04:58.217+0000] {logging_mixin.py:188} INFO - [2025-05-04T23:04:58.217+0000] {dag.py:3033} INFO - Sync 2 DAGs
[2025-05-04T23:04:58.222+0000] {logging_mixin.py:188} INFO - [2025-05-04T23:04:58.222+0000] {dag.py:3820} INFO - Setting next_dagrun for example_external_task_marker_child to None, run_after=None
[2025-05-04T23:04:58.224+0000] {logging_mixin.py:188} INFO - [2025-05-04T23:04:58.224+0000] {dag.py:3820} INFO - Setting next_dagrun for example_external_task_marker_parent to None, run_after=None
[2025-05-04T23:04:58.234+0000] {processor.py:183} INFO - Processing /home/airflow/.local/lib/python3.8/site-packages/airflow/example_dags/example_external_task_marker_dag.py took 0.076 seconds
[2025-05-04T23:05:28.469+0000] {processor.py:161} INFO - Started process (PID=165) to work on /home/airflow/.local/lib/python3.8/site-packages/airflow/example_dags/example_external_task_marker_dag.py
[2025-05-04T23:05:28.470+0000] {processor.py:830} INFO - Processing file /home/airflow/.local/lib/python3.8/site-packages/airflow/example_dags/example_external_task_marker_dag.py for tasks to queue
[2025-05-04T23:05:28.471+0000] {logging_mixin.py:188} INFO - [2025-05-04T23:05:28.471+0000] {dagbag.py:538} INFO - Filling up the DagBag from /home/airflow/.local/lib/python3.8/site-packages/airflow/example_dags/example_external_task_marker_dag.py
[2025-05-04T23:05:28.474+0000] {processor.py:840} INFO - DAG(s) 'example_external_task_marker_child', 'example_external_task_marker_parent' retrieved from /home/airflow/.local/lib/python3.8/site-packages/airflow/example_dags/example_external_task_marker_dag.py
[2025-05-04T23:05:28.488+0000] {logging_mixin.py:188} INFO - [2025-05-04T23:05:28.488+0000] {dag.py:3033} INFO - Sync 2 DAGs
[2025-05-04T23:05:28.494+0000] {logging_mixin.py:188} INFO - [2025-05-04T23:05:28.493+0000] {dag.py:3820} INFO - Setting next_dagrun for example_external_task_marker_child to None, run_after=None
[2025-05-04T23:05:28.498+0000] {logging_mixin.py:188} INFO - [2025-05-04T23:05:28.498+0000] {dag.py:3820} INFO - Setting next_dagrun for example_external_task_marker_parent to None, run_after=None
[2025-05-04T23:05:28.511+0000] {processor.py:183} INFO - Processing /home/airflow/.local/lib/python3.8/site-packages/airflow/example_dags/example_external_task_marker_dag.py took 0.044 seconds
[2025-05-04T23:06:30.833+0000] {processor.py:161} INFO - Started process (PID=48) to work on /home/airflow/.local/lib/python3.8/site-packages/airflow/example_dags/example_external_task_marker_dag.py
[2025-05-04T23:06:30.835+0000] {processor.py:830} INFO - Processing file /home/airflow/.local/lib/python3.8/site-packages/airflow/example_dags/example_external_task_marker_dag.py for tasks to queue
[2025-05-04T23:06:30.836+0000] {logging_mixin.py:188} INFO - [2025-05-04T23:06:30.836+0000] {dagbag.py:538} INFO - Filling up the DagBag from /home/airflow/.local/lib/python3.8/site-packages/airflow/example_dags/example_external_task_marker_dag.py
[2025-05-04T23:06:30.843+0000] {processor.py:840} INFO - DAG(s) 'example_external_task_marker_parent', 'example_external_task_marker_child' retrieved from /home/airflow/.local/lib/python3.8/site-packages/airflow/example_dags/example_external_task_marker_dag.py
[2025-05-04T23:06:30.859+0000] {logging_mixin.py:188} INFO - [2025-05-04T23:06:30.859+0000] {dag.py:3033} INFO - Sync 2 DAGs
[2025-05-04T23:06:30.870+0000] {logging_mixin.py:188} INFO - [2025-05-04T23:06:30.870+0000] {dag.py:3820} INFO - Setting next_dagrun for example_external_task_marker_child to None, run_after=None
[2025-05-04T23:06:30.874+0000] {logging_mixin.py:188} INFO - [2025-05-04T23:06:30.874+0000] {dag.py:3820} INFO - Setting next_dagrun for example_external_task_marker_parent to None, run_after=None
[2025-05-04T23:06:30.891+0000] {processor.py:183} INFO - Processing /home/airflow/.local/lib/python3.8/site-packages/airflow/example_dags/example_external_task_marker_dag.py took 0.061 seconds
[2025-05-04T23:07:01.097+0000] {processor.py:161} INFO - Started process (PID=104) to work on /home/airflow/.local/lib/python3.8/site-packages/airflow/example_dags/example_external_task_marker_dag.py
[2025-05-04T23:07:01.097+0000] {processor.py:830} INFO - Processing file /home/airflow/.local/lib/python3.8/site-packages/airflow/example_dags/example_external_task_marker_dag.py for tasks to queue
[2025-05-04T23:07:01.098+0000] {logging_mixin.py:188} INFO - [2025-05-04T23:07:01.098+0000] {dagbag.py:538} INFO - Filling up the DagBag from /home/airflow/.local/lib/python3.8/site-packages/airflow/example_dags/example_external_task_marker_dag.py
[2025-05-04T23:07:01.101+0000] {processor.py:840} INFO - DAG(s) 'example_external_task_marker_parent', 'example_external_task_marker_child' retrieved from /home/airflow/.local/lib/python3.8/site-packages/airflow/example_dags/example_external_task_marker_dag.py
[2025-05-04T23:07:01.144+0000] {logging_mixin.py:188} INFO - [2025-05-04T23:07:01.144+0000] {dag.py:3033} INFO - Sync 2 DAGs
[2025-05-04T23:07:01.153+0000] {logging_mixin.py:188} INFO - [2025-05-04T23:07:01.153+0000] {dag.py:3820} INFO - Setting next_dagrun for example_external_task_marker_child to None, run_after=None
[2025-05-04T23:07:01.155+0000] {logging_mixin.py:188} INFO - [2025-05-04T23:07:01.155+0000] {dag.py:3820} INFO - Setting next_dagrun for example_external_task_marker_parent to None, run_after=None
[2025-05-04T23:07:01.165+0000] {processor.py:183} INFO - Processing /home/airflow/.local/lib/python3.8/site-packages/airflow/example_dags/example_external_task_marker_dag.py took 0.070 seconds
[2025-05-04T23:07:31.254+0000] {processor.py:161} INFO - Started process (PID=160) to work on /home/airflow/.local/lib/python3.8/site-packages/airflow/example_dags/example_external_task_marker_dag.py
[2025-05-04T23:07:31.255+0000] {processor.py:830} INFO - Processing file /home/airflow/.local/lib/python3.8/site-packages/airflow/example_dags/example_external_task_marker_dag.py for tasks to queue
[2025-05-04T23:07:31.256+0000] {logging_mixin.py:188} INFO - [2025-05-04T23:07:31.256+0000] {dagbag.py:538} INFO - Filling up the DagBag from /home/airflow/.local/lib/python3.8/site-packages/airflow/example_dags/example_external_task_marker_dag.py
[2025-05-04T23:07:31.259+0000] {processor.py:840} INFO - DAG(s) 'example_external_task_marker_child', 'example_external_task_marker_parent' retrieved from /home/airflow/.local/lib/python3.8/site-packages/airflow/example_dags/example_external_task_marker_dag.py
[2025-05-04T23:07:31.278+0000] {logging_mixin.py:188} INFO - [2025-05-04T23:07:31.278+0000] {dag.py:3033} INFO - Sync 2 DAGs
[2025-05-04T23:07:31.287+0000] {logging_mixin.py:188} INFO - [2025-05-04T23:07:31.287+0000] {dag.py:3820} INFO - Setting next_dagrun for example_external_task_marker_child to None, run_after=None
[2025-05-04T23:07:31.288+0000] {logging_mixin.py:188} INFO - [2025-05-04T23:07:31.288+0000] {dag.py:3820} INFO - Setting next_dagrun for example_external_task_marker_parent to None, run_after=None
[2025-05-04T23:07:31.297+0000] {processor.py:183} INFO - Processing /home/airflow/.local/lib/python3.8/site-packages/airflow/example_dags/example_external_task_marker_dag.py took 0.045 seconds
[2025-05-04T23:08:01.871+0000] {processor.py:161} INFO - Started process (PID=216) to work on /home/airflow/.local/lib/python3.8/site-packages/airflow/example_dags/example_external_task_marker_dag.py
[2025-05-04T23:08:01.871+0000] {processor.py:830} INFO - Processing file /home/airflow/.local/lib/python3.8/site-packages/airflow/example_dags/example_external_task_marker_dag.py for tasks to queue
[2025-05-04T23:08:01.872+0000] {logging_mixin.py:188} INFO - [2025-05-04T23:08:01.872+0000] {dagbag.py:538} INFO - Filling up the DagBag from /home/airflow/.local/lib/python3.8/site-packages/airflow/example_dags/example_external_task_marker_dag.py
[2025-05-04T23:08:01.875+0000] {processor.py:840} INFO - DAG(s) 'example_external_task_marker_parent', 'example_external_task_marker_child' retrieved from /home/airflow/.local/lib/python3.8/site-packages/airflow/example_dags/example_external_task_marker_dag.py
[2025-05-04T23:08:01.885+0000] {logging_mixin.py:188} INFO - [2025-05-04T23:08:01.885+0000] {dag.py:3033} INFO - Sync 2 DAGs
[2025-05-04T23:08:01.890+0000] {logging_mixin.py:188} INFO - [2025-05-04T23:08:01.890+0000] {dag.py:3820} INFO - Setting next_dagrun for example_external_task_marker_child to None, run_after=None
[2025-05-04T23:08:01.892+0000] {logging_mixin.py:188} INFO - [2025-05-04T23:08:01.892+0000] {dag.py:3820} INFO - Setting next_dagrun for example_external_task_marker_parent to None, run_after=None
[2025-05-04T23:08:01.898+0000] {processor.py:183} INFO - Processing /home/airflow/.local/lib/python3.8/site-packages/airflow/example_dags/example_external_task_marker_dag.py took 0.028 seconds
[2025-05-04T23:08:32.475+0000] {processor.py:161} INFO - Started process (PID=278) to work on /home/airflow/.local/lib/python3.8/site-packages/airflow/example_dags/example_external_task_marker_dag.py
[2025-05-04T23:08:32.475+0000] {processor.py:830} INFO - Processing file /home/airflow/.local/lib/python3.8/site-packages/airflow/example_dags/example_external_task_marker_dag.py for tasks to queue
[2025-05-04T23:08:32.477+0000] {logging_mixin.py:188} INFO - [2025-05-04T23:08:32.477+0000] {dagbag.py:538} INFO - Filling up the DagBag from /home/airflow/.local/lib/python3.8/site-packages/airflow/example_dags/example_external_task_marker_dag.py
[2025-05-04T23:08:32.481+0000] {processor.py:840} INFO - DAG(s) 'example_external_task_marker_parent', 'example_external_task_marker_child' retrieved from /home/airflow/.local/lib/python3.8/site-packages/airflow/example_dags/example_external_task_marker_dag.py
[2025-05-04T23:08:32.494+0000] {logging_mixin.py:188} INFO - [2025-05-04T23:08:32.493+0000] {dag.py:3033} INFO - Sync 2 DAGs
[2025-05-04T23:08:32.500+0000] {logging_mixin.py:188} INFO - [2025-05-04T23:08:32.500+0000] {dag.py:3820} INFO - Setting next_dagrun for example_external_task_marker_child to None, run_after=None
[2025-05-04T23:08:32.501+0000] {logging_mixin.py:188} INFO - [2025-05-04T23:08:32.501+0000] {dag.py:3820} INFO - Setting next_dagrun for example_external_task_marker_parent to None, run_after=None
[2025-05-04T23:08:32.508+0000] {processor.py:183} INFO - Processing /home/airflow/.local/lib/python3.8/site-packages/airflow/example_dags/example_external_task_marker_dag.py took 0.035 seconds
[2025-05-04T23:09:03.142+0000] {processor.py:161} INFO - Started process (PID=333) to work on /home/airflow/.local/lib/python3.8/site-packages/airflow/example_dags/example_external_task_marker_dag.py
[2025-05-04T23:09:03.143+0000] {processor.py:830} INFO - Processing file /home/airflow/.local/lib/python3.8/site-packages/airflow/example_dags/example_external_task_marker_dag.py for tasks to queue
[2025-05-04T23:09:03.144+0000] {logging_mixin.py:188} INFO - [2025-05-04T23:09:03.144+0000] {dagbag.py:538} INFO - Filling up the DagBag from /home/airflow/.local/lib/python3.8/site-packages/airflow/example_dags/example_external_task_marker_dag.py
[2025-05-04T23:09:03.147+0000] {processor.py:840} INFO - DAG(s) 'example_external_task_marker_parent', 'example_external_task_marker_child' retrieved from /home/airflow/.local/lib/python3.8/site-packages/airflow/example_dags/example_external_task_marker_dag.py
[2025-05-04T23:09:03.164+0000] {logging_mixin.py:188} INFO - [2025-05-04T23:09:03.164+0000] {dag.py:3033} INFO - Sync 2 DAGs
[2025-05-04T23:09:03.171+0000] {logging_mixin.py:188} INFO - [2025-05-04T23:09:03.171+0000] {dag.py:3820} INFO - Setting next_dagrun for example_external_task_marker_child to None, run_after=None
[2025-05-04T23:09:03.174+0000] {logging_mixin.py:188} INFO - [2025-05-04T23:09:03.174+0000] {dag.py:3820} INFO - Setting next_dagrun for example_external_task_marker_parent to None, run_after=None
[2025-05-04T23:09:03.183+0000] {processor.py:183} INFO - Processing /home/airflow/.local/lib/python3.8/site-packages/airflow/example_dags/example_external_task_marker_dag.py took 0.043 seconds
[2025-05-04T23:09:33.323+0000] {processor.py:161} INFO - Started process (PID=389) to work on /home/airflow/.local/lib/python3.8/site-packages/airflow/example_dags/example_external_task_marker_dag.py
[2025-05-04T23:09:33.324+0000] {processor.py:830} INFO - Processing file /home/airflow/.local/lib/python3.8/site-packages/airflow/example_dags/example_external_task_marker_dag.py for tasks to queue
[2025-05-04T23:09:33.326+0000] {logging_mixin.py:188} INFO - [2025-05-04T23:09:33.326+0000] {dagbag.py:538} INFO - Filling up the DagBag from /home/airflow/.local/lib/python3.8/site-packages/airflow/example_dags/example_external_task_marker_dag.py
[2025-05-04T23:09:33.329+0000] {processor.py:840} INFO - DAG(s) 'example_external_task_marker_parent', 'example_external_task_marker_child' retrieved from /home/airflow/.local/lib/python3.8/site-packages/airflow/example_dags/example_external_task_marker_dag.py
[2025-05-04T23:09:33.340+0000] {logging_mixin.py:188} INFO - [2025-05-04T23:09:33.340+0000] {dag.py:3033} INFO - Sync 2 DAGs
[2025-05-04T23:09:33.346+0000] {logging_mixin.py:188} INFO - [2025-05-04T23:09:33.346+0000] {dag.py:3820} INFO - Setting next_dagrun for example_external_task_marker_child to None, run_after=None
[2025-05-04T23:09:33.348+0000] {logging_mixin.py:188} INFO - [2025-05-04T23:09:33.348+0000] {dag.py:3820} INFO - Setting next_dagrun for example_external_task_marker_parent to None, run_after=None
[2025-05-04T23:09:33.361+0000] {processor.py:183} INFO - Processing /home/airflow/.local/lib/python3.8/site-packages/airflow/example_dags/example_external_task_marker_dag.py took 0.039 seconds
[2025-05-04T23:10:04.095+0000] {processor.py:161} INFO - Started process (PID=445) to work on /home/airflow/.local/lib/python3.8/site-packages/airflow/example_dags/example_external_task_marker_dag.py
[2025-05-04T23:10:04.096+0000] {processor.py:830} INFO - Processing file /home/airflow/.local/lib/python3.8/site-packages/airflow/example_dags/example_external_task_marker_dag.py for tasks to queue
[2025-05-04T23:10:04.097+0000] {logging_mixin.py:188} INFO - [2025-05-04T23:10:04.097+0000] {dagbag.py:538} INFO - Filling up the DagBag from /home/airflow/.local/lib/python3.8/site-packages/airflow/example_dags/example_external_task_marker_dag.py
[2025-05-04T23:10:04.100+0000] {processor.py:840} INFO - DAG(s) 'example_external_task_marker_child', 'example_external_task_marker_parent' retrieved from /home/airflow/.local/lib/python3.8/site-packages/airflow/example_dags/example_external_task_marker_dag.py
[2025-05-04T23:10:04.118+0000] {logging_mixin.py:188} INFO - [2025-05-04T23:10:04.117+0000] {dag.py:3033} INFO - Sync 2 DAGs
[2025-05-04T23:10:04.124+0000] {logging_mixin.py:188} INFO - [2025-05-04T23:10:04.124+0000] {dag.py:3820} INFO - Setting next_dagrun for example_external_task_marker_child to None, run_after=None
[2025-05-04T23:10:04.127+0000] {logging_mixin.py:188} INFO - [2025-05-04T23:10:04.127+0000] {dag.py:3820} INFO - Setting next_dagrun for example_external_task_marker_parent to None, run_after=None
[2025-05-04T23:10:04.138+0000] {processor.py:183} INFO - Processing /home/airflow/.local/lib/python3.8/site-packages/airflow/example_dags/example_external_task_marker_dag.py took 0.045 seconds
[2025-05-04T23:10:34.767+0000] {processor.py:161} INFO - Started process (PID=501) to work on /home/airflow/.local/lib/python3.8/site-packages/airflow/example_dags/example_external_task_marker_dag.py
[2025-05-04T23:10:34.767+0000] {processor.py:830} INFO - Processing file /home/airflow/.local/lib/python3.8/site-packages/airflow/example_dags/example_external_task_marker_dag.py for tasks to queue
[2025-05-04T23:10:34.768+0000] {logging_mixin.py:188} INFO - [2025-05-04T23:10:34.768+0000] {dagbag.py:538} INFO - Filling up the DagBag from /home/airflow/.local/lib/python3.8/site-packages/airflow/example_dags/example_external_task_marker_dag.py
[2025-05-04T23:10:34.771+0000] {processor.py:840} INFO - DAG(s) 'example_external_task_marker_child', 'example_external_task_marker_parent' retrieved from /home/airflow/.local/lib/python3.8/site-packages/airflow/example_dags/example_external_task_marker_dag.py
[2025-05-04T23:10:34.786+0000] {logging_mixin.py:188} INFO - [2025-05-04T23:10:34.786+0000] {dag.py:3033} INFO - Sync 2 DAGs
[2025-05-04T23:10:34.793+0000] {logging_mixin.py:188} INFO - [2025-05-04T23:10:34.793+0000] {dag.py:3820} INFO - Setting next_dagrun for example_external_task_marker_child to None, run_after=None
[2025-05-04T23:10:34.794+0000] {logging_mixin.py:188} INFO - [2025-05-04T23:10:34.794+0000] {dag.py:3820} INFO - Setting next_dagrun for example_external_task_marker_parent to None, run_after=None
[2025-05-04T23:10:34.805+0000] {processor.py:183} INFO - Processing /home/airflow/.local/lib/python3.8/site-packages/airflow/example_dags/example_external_task_marker_dag.py took 0.040 seconds
[2025-05-04T23:11:05.447+0000] {processor.py:161} INFO - Started process (PID=557) to work on /home/airflow/.local/lib/python3.8/site-packages/airflow/example_dags/example_external_task_marker_dag.py
[2025-05-04T23:11:05.447+0000] {processor.py:830} INFO - Processing file /home/airflow/.local/lib/python3.8/site-packages/airflow/example_dags/example_external_task_marker_dag.py for tasks to queue
[2025-05-04T23:11:05.448+0000] {logging_mixin.py:188} INFO - [2025-05-04T23:11:05.448+0000] {dagbag.py:538} INFO - Filling up the DagBag from /home/airflow/.local/lib/python3.8/site-packages/airflow/example_dags/example_external_task_marker_dag.py
[2025-05-04T23:11:05.451+0000] {processor.py:840} INFO - DAG(s) 'example_external_task_marker_child', 'example_external_task_marker_parent' retrieved from /home/airflow/.local/lib/python3.8/site-packages/airflow/example_dags/example_external_task_marker_dag.py
[2025-05-04T23:11:05.463+0000] {logging_mixin.py:188} INFO - [2025-05-04T23:11:05.463+0000] {dag.py:3033} INFO - Sync 2 DAGs
[2025-05-04T23:11:05.468+0000] {logging_mixin.py:188} INFO - [2025-05-04T23:11:05.468+0000] {dag.py:3820} INFO - Setting next_dagrun for example_external_task_marker_child to None, run_after=None
[2025-05-04T23:11:05.470+0000] {logging_mixin.py:188} INFO - [2025-05-04T23:11:05.470+0000] {dag.py:3820} INFO - Setting next_dagrun for example_external_task_marker_parent to None, run_after=None
[2025-05-04T23:11:05.476+0000] {processor.py:183} INFO - Processing /home/airflow/.local/lib/python3.8/site-packages/airflow/example_dags/example_external_task_marker_dag.py took 0.031 seconds
[2025-05-04T23:11:36.127+0000] {processor.py:161} INFO - Started process (PID=613) to work on /home/airflow/.local/lib/python3.8/site-packages/airflow/example_dags/example_external_task_marker_dag.py
[2025-05-04T23:11:36.128+0000] {processor.py:830} INFO - Processing file /home/airflow/.local/lib/python3.8/site-packages/airflow/example_dags/example_external_task_marker_dag.py for tasks to queue
[2025-05-04T23:11:36.128+0000] {logging_mixin.py:188} INFO - [2025-05-04T23:11:36.128+0000] {dagbag.py:538} INFO - Filling up the DagBag from /home/airflow/.local/lib/python3.8/site-packages/airflow/example_dags/example_external_task_marker_dag.py
[2025-05-04T23:11:36.131+0000] {processor.py:840} INFO - DAG(s) 'example_external_task_marker_parent', 'example_external_task_marker_child' retrieved from /home/airflow/.local/lib/python3.8/site-packages/airflow/example_dags/example_external_task_marker_dag.py
[2025-05-04T23:11:36.142+0000] {logging_mixin.py:188} INFO - [2025-05-04T23:11:36.142+0000] {dag.py:3033} INFO - Sync 2 DAGs
[2025-05-04T23:11:36.148+0000] {logging_mixin.py:188} INFO - [2025-05-04T23:11:36.148+0000] {dag.py:3820} INFO - Setting next_dagrun for example_external_task_marker_child to None, run_after=None
[2025-05-04T23:11:36.151+0000] {logging_mixin.py:188} INFO - [2025-05-04T23:11:36.151+0000] {dag.py:3820} INFO - Setting next_dagrun for example_external_task_marker_parent to None, run_after=None
[2025-05-04T23:11:36.158+0000] {processor.py:183} INFO - Processing /home/airflow/.local/lib/python3.8/site-packages/airflow/example_dags/example_external_task_marker_dag.py took 0.034 seconds
[2025-05-04T23:12:06.738+0000] {processor.py:161} INFO - Started process (PID=669) to work on /home/airflow/.local/lib/python3.8/site-packages/airflow/example_dags/example_external_task_marker_dag.py
[2025-05-04T23:12:06.739+0000] {processor.py:830} INFO - Processing file /home/airflow/.local/lib/python3.8/site-packages/airflow/example_dags/example_external_task_marker_dag.py for tasks to queue
[2025-05-04T23:12:06.740+0000] {logging_mixin.py:188} INFO - [2025-05-04T23:12:06.740+0000] {dagbag.py:538} INFO - Filling up the DagBag from /home/airflow/.local/lib/python3.8/site-packages/airflow/example_dags/example_external_task_marker_dag.py
[2025-05-04T23:12:06.742+0000] {processor.py:840} INFO - DAG(s) 'example_external_task_marker_child', 'example_external_task_marker_parent' retrieved from /home/airflow/.local/lib/python3.8/site-packages/airflow/example_dags/example_external_task_marker_dag.py
[2025-05-04T23:12:06.755+0000] {logging_mixin.py:188} INFO - [2025-05-04T23:12:06.755+0000] {dag.py:3033} INFO - Sync 2 DAGs
[2025-05-04T23:12:06.761+0000] {logging_mixin.py:188} INFO - [2025-05-04T23:12:06.761+0000] {dag.py:3820} INFO - Setting next_dagrun for example_external_task_marker_child to None, run_after=None
[2025-05-04T23:12:06.762+0000] {logging_mixin.py:188} INFO - [2025-05-04T23:12:06.762+0000] {dag.py:3820} INFO - Setting next_dagrun for example_external_task_marker_parent to None, run_after=None
[2025-05-04T23:12:06.770+0000] {processor.py:183} INFO - Processing /home/airflow/.local/lib/python3.8/site-packages/airflow/example_dags/example_external_task_marker_dag.py took 0.033 seconds
[2025-05-04T23:12:37.382+0000] {processor.py:161} INFO - Started process (PID=725) to work on /home/airflow/.local/lib/python3.8/site-packages/airflow/example_dags/example_external_task_marker_dag.py
[2025-05-04T23:12:37.385+0000] {processor.py:830} INFO - Processing file /home/airflow/.local/lib/python3.8/site-packages/airflow/example_dags/example_external_task_marker_dag.py for tasks to queue
[2025-05-04T23:12:37.386+0000] {logging_mixin.py:188} INFO - [2025-05-04T23:12:37.386+0000] {dagbag.py:538} INFO - Filling up the DagBag from /home/airflow/.local/lib/python3.8/site-packages/airflow/example_dags/example_external_task_marker_dag.py
[2025-05-04T23:12:37.389+0000] {processor.py:840} INFO - DAG(s) 'example_external_task_marker_parent', 'example_external_task_marker_child' retrieved from /home/airflow/.local/lib/python3.8/site-packages/airflow/example_dags/example_external_task_marker_dag.py
[2025-05-04T23:12:37.400+0000] {logging_mixin.py:188} INFO - [2025-05-04T23:12:37.400+0000] {dag.py:3033} INFO - Sync 2 DAGs
[2025-05-04T23:12:37.405+0000] {logging_mixin.py:188} INFO - [2025-05-04T23:12:37.405+0000] {dag.py:3820} INFO - Setting next_dagrun for example_external_task_marker_child to None, run_after=None
[2025-05-04T23:12:37.407+0000] {logging_mixin.py:188} INFO - [2025-05-04T23:12:37.407+0000] {dag.py:3820} INFO - Setting next_dagrun for example_external_task_marker_parent to None, run_after=None
[2025-05-04T23:12:37.413+0000] {processor.py:183} INFO - Processing /home/airflow/.local/lib/python3.8/site-packages/airflow/example_dags/example_external_task_marker_dag.py took 0.032 seconds
[2025-05-04T23:13:08.029+0000] {processor.py:161} INFO - Started process (PID=781) to work on /home/airflow/.local/lib/python3.8/site-packages/airflow/example_dags/example_external_task_marker_dag.py
[2025-05-04T23:13:08.029+0000] {processor.py:830} INFO - Processing file /home/airflow/.local/lib/python3.8/site-packages/airflow/example_dags/example_external_task_marker_dag.py for tasks to queue
[2025-05-04T23:13:08.030+0000] {logging_mixin.py:188} INFO - [2025-05-04T23:13:08.030+0000] {dagbag.py:538} INFO - Filling up the DagBag from /home/airflow/.local/lib/python3.8/site-packages/airflow/example_dags/example_external_task_marker_dag.py
[2025-05-04T23:13:08.033+0000] {processor.py:840} INFO - DAG(s) 'example_external_task_marker_child', 'example_external_task_marker_parent' retrieved from /home/airflow/.local/lib/python3.8/site-packages/airflow/example_dags/example_external_task_marker_dag.py
[2025-05-04T23:13:08.043+0000] {logging_mixin.py:188} INFO - [2025-05-04T23:13:08.043+0000] {dag.py:3033} INFO - Sync 2 DAGs
[2025-05-04T23:13:08.048+0000] {logging_mixin.py:188} INFO - [2025-05-04T23:13:08.048+0000] {dag.py:3820} INFO - Setting next_dagrun for example_external_task_marker_child to None, run_after=None
[2025-05-04T23:13:08.050+0000] {logging_mixin.py:188} INFO - [2025-05-04T23:13:08.050+0000] {dag.py:3820} INFO - Setting next_dagrun for example_external_task_marker_parent to None, run_after=None
[2025-05-04T23:13:08.056+0000] {processor.py:183} INFO - Processing /home/airflow/.local/lib/python3.8/site-packages/airflow/example_dags/example_external_task_marker_dag.py took 0.029 seconds
[2025-05-04T23:13:38.656+0000] {processor.py:161} INFO - Started process (PID=837) to work on /home/airflow/.local/lib/python3.8/site-packages/airflow/example_dags/example_external_task_marker_dag.py
[2025-05-04T23:13:38.657+0000] {processor.py:830} INFO - Processing file /home/airflow/.local/lib/python3.8/site-packages/airflow/example_dags/example_external_task_marker_dag.py for tasks to queue
[2025-05-04T23:13:38.659+0000] {logging_mixin.py:188} INFO - [2025-05-04T23:13:38.659+0000] {dagbag.py:538} INFO - Filling up the DagBag from /home/airflow/.local/lib/python3.8/site-packages/airflow/example_dags/example_external_task_marker_dag.py
[2025-05-04T23:13:38.663+0000] {processor.py:840} INFO - DAG(s) 'example_external_task_marker_child', 'example_external_task_marker_parent' retrieved from /home/airflow/.local/lib/python3.8/site-packages/airflow/example_dags/example_external_task_marker_dag.py
[2025-05-04T23:13:38.676+0000] {logging_mixin.py:188} INFO - [2025-05-04T23:13:38.676+0000] {dag.py:3033} INFO - Sync 2 DAGs
[2025-05-04T23:13:38.682+0000] {logging_mixin.py:188} INFO - [2025-05-04T23:13:38.682+0000] {dag.py:3820} INFO - Setting next_dagrun for example_external_task_marker_child to None, run_after=None
[2025-05-04T23:13:38.683+0000] {logging_mixin.py:188} INFO - [2025-05-04T23:13:38.683+0000] {dag.py:3820} INFO - Setting next_dagrun for example_external_task_marker_parent to None, run_after=None
[2025-05-04T23:13:38.691+0000] {processor.py:183} INFO - Processing /home/airflow/.local/lib/python3.8/site-packages/airflow/example_dags/example_external_task_marker_dag.py took 0.038 seconds
[2025-05-04T23:14:09.406+0000] {processor.py:161} INFO - Started process (PID=893) to work on /home/airflow/.local/lib/python3.8/site-packages/airflow/example_dags/example_external_task_marker_dag.py
[2025-05-04T23:14:09.408+0000] {processor.py:830} INFO - Processing file /home/airflow/.local/lib/python3.8/site-packages/airflow/example_dags/example_external_task_marker_dag.py for tasks to queue
[2025-05-04T23:14:09.409+0000] {logging_mixin.py:188} INFO - [2025-05-04T23:14:09.409+0000] {dagbag.py:538} INFO - Filling up the DagBag from /home/airflow/.local/lib/python3.8/site-packages/airflow/example_dags/example_external_task_marker_dag.py
[2025-05-04T23:14:09.412+0000] {processor.py:840} INFO - DAG(s) 'example_external_task_marker_child', 'example_external_task_marker_parent' retrieved from /home/airflow/.local/lib/python3.8/site-packages/airflow/example_dags/example_external_task_marker_dag.py
[2025-05-04T23:14:09.424+0000] {logging_mixin.py:188} INFO - [2025-05-04T23:14:09.424+0000] {dag.py:3033} INFO - Sync 2 DAGs
[2025-05-04T23:14:09.430+0000] {logging_mixin.py:188} INFO - [2025-05-04T23:14:09.430+0000] {dag.py:3820} INFO - Setting next_dagrun for example_external_task_marker_child to None, run_after=None
[2025-05-04T23:14:09.432+0000] {logging_mixin.py:188} INFO - [2025-05-04T23:14:09.432+0000] {dag.py:3820} INFO - Setting next_dagrun for example_external_task_marker_parent to None, run_after=None
[2025-05-04T23:14:09.441+0000] {processor.py:183} INFO - Processing /home/airflow/.local/lib/python3.8/site-packages/airflow/example_dags/example_external_task_marker_dag.py took 0.038 seconds
[2025-05-04T23:14:40.253+0000] {processor.py:161} INFO - Started process (PID=949) to work on /home/airflow/.local/lib/python3.8/site-packages/airflow/example_dags/example_external_task_marker_dag.py
[2025-05-04T23:14:40.254+0000] {processor.py:830} INFO - Processing file /home/airflow/.local/lib/python3.8/site-packages/airflow/example_dags/example_external_task_marker_dag.py for tasks to queue
[2025-05-04T23:14:40.255+0000] {logging_mixin.py:188} INFO - [2025-05-04T23:14:40.255+0000] {dagbag.py:538} INFO - Filling up the DagBag from /home/airflow/.local/lib/python3.8/site-packages/airflow/example_dags/example_external_task_marker_dag.py
[2025-05-04T23:14:40.258+0000] {processor.py:840} INFO - DAG(s) 'example_external_task_marker_parent', 'example_external_task_marker_child' retrieved from /home/airflow/.local/lib/python3.8/site-packages/airflow/example_dags/example_external_task_marker_dag.py
[2025-05-04T23:14:40.271+0000] {logging_mixin.py:188} INFO - [2025-05-04T23:14:40.270+0000] {dag.py:3033} INFO - Sync 2 DAGs
[2025-05-04T23:14:40.278+0000] {logging_mixin.py:188} INFO - [2025-05-04T23:14:40.278+0000] {dag.py:3820} INFO - Setting next_dagrun for example_external_task_marker_child to None, run_after=None
[2025-05-04T23:14:40.282+0000] {logging_mixin.py:188} INFO - [2025-05-04T23:14:40.282+0000] {dag.py:3820} INFO - Setting next_dagrun for example_external_task_marker_parent to None, run_after=None
[2025-05-04T23:14:40.292+0000] {processor.py:183} INFO - Processing /home/airflow/.local/lib/python3.8/site-packages/airflow/example_dags/example_external_task_marker_dag.py took 0.041 seconds
[2025-05-04T23:15:10.431+0000] {processor.py:161} INFO - Started process (PID=1005) to work on /home/airflow/.local/lib/python3.8/site-packages/airflow/example_dags/example_external_task_marker_dag.py
[2025-05-04T23:15:10.432+0000] {processor.py:830} INFO - Processing file /home/airflow/.local/lib/python3.8/site-packages/airflow/example_dags/example_external_task_marker_dag.py for tasks to queue
[2025-05-04T23:15:10.433+0000] {logging_mixin.py:188} INFO - [2025-05-04T23:15:10.433+0000] {dagbag.py:538} INFO - Filling up the DagBag from /home/airflow/.local/lib/python3.8/site-packages/airflow/example_dags/example_external_task_marker_dag.py
[2025-05-04T23:15:10.437+0000] {processor.py:840} INFO - DAG(s) 'example_external_task_marker_child', 'example_external_task_marker_parent' retrieved from /home/airflow/.local/lib/python3.8/site-packages/airflow/example_dags/example_external_task_marker_dag.py
[2025-05-04T23:15:10.452+0000] {logging_mixin.py:188} INFO - [2025-05-04T23:15:10.452+0000] {dag.py:3033} INFO - Sync 2 DAGs
[2025-05-04T23:15:10.458+0000] {logging_mixin.py:188} INFO - [2025-05-04T23:15:10.458+0000] {dag.py:3820} INFO - Setting next_dagrun for example_external_task_marker_child to None, run_after=None
[2025-05-04T23:15:10.460+0000] {logging_mixin.py:188} INFO - [2025-05-04T23:15:10.459+0000] {dag.py:3820} INFO - Setting next_dagrun for example_external_task_marker_parent to None, run_after=None
[2025-05-04T23:15:10.468+0000] {processor.py:183} INFO - Processing /home/airflow/.local/lib/python3.8/site-packages/airflow/example_dags/example_external_task_marker_dag.py took 0.039 seconds
[2025-05-04T23:15:41.101+0000] {processor.py:161} INFO - Started process (PID=1061) to work on /home/airflow/.local/lib/python3.8/site-packages/airflow/example_dags/example_external_task_marker_dag.py
[2025-05-04T23:15:41.101+0000] {processor.py:830} INFO - Processing file /home/airflow/.local/lib/python3.8/site-packages/airflow/example_dags/example_external_task_marker_dag.py for tasks to queue
[2025-05-04T23:15:41.102+0000] {logging_mixin.py:188} INFO - [2025-05-04T23:15:41.102+0000] {dagbag.py:538} INFO - Filling up the DagBag from /home/airflow/.local/lib/python3.8/site-packages/airflow/example_dags/example_external_task_marker_dag.py
[2025-05-04T23:15:41.105+0000] {processor.py:840} INFO - DAG(s) 'example_external_task_marker_child', 'example_external_task_marker_parent' retrieved from /home/airflow/.local/lib/python3.8/site-packages/airflow/example_dags/example_external_task_marker_dag.py
[2025-05-04T23:15:41.116+0000] {logging_mixin.py:188} INFO - [2025-05-04T23:15:41.115+0000] {dag.py:3033} INFO - Sync 2 DAGs
[2025-05-04T23:15:41.121+0000] {logging_mixin.py:188} INFO - [2025-05-04T23:15:41.121+0000] {dag.py:3820} INFO - Setting next_dagrun for example_external_task_marker_child to None, run_after=None
[2025-05-04T23:15:41.122+0000] {logging_mixin.py:188} INFO - [2025-05-04T23:15:41.122+0000] {dag.py:3820} INFO - Setting next_dagrun for example_external_task_marker_parent to None, run_after=None
[2025-05-04T23:15:41.128+0000] {processor.py:183} INFO - Processing /home/airflow/.local/lib/python3.8/site-packages/airflow/example_dags/example_external_task_marker_dag.py took 0.029 seconds
[2025-05-04T23:18:30.817+0000] {processor.py:161} INFO - Started process (PID=48) to work on /home/airflow/.local/lib/python3.8/site-packages/airflow/example_dags/example_external_task_marker_dag.py
[2025-05-04T23:18:30.820+0000] {processor.py:830} INFO - Processing file /home/airflow/.local/lib/python3.8/site-packages/airflow/example_dags/example_external_task_marker_dag.py for tasks to queue
[2025-05-04T23:18:30.823+0000] {logging_mixin.py:188} INFO - [2025-05-04T23:18:30.823+0000] {dagbag.py:538} INFO - Filling up the DagBag from /home/airflow/.local/lib/python3.8/site-packages/airflow/example_dags/example_external_task_marker_dag.py
[2025-05-04T23:18:30.826+0000] {processor.py:840} INFO - DAG(s) 'example_external_task_marker_parent', 'example_external_task_marker_child' retrieved from /home/airflow/.local/lib/python3.8/site-packages/airflow/example_dags/example_external_task_marker_dag.py
[2025-05-04T23:18:30.848+0000] {logging_mixin.py:188} INFO - [2025-05-04T23:18:30.848+0000] {dag.py:3033} INFO - Sync 2 DAGs
[2025-05-04T23:18:30.864+0000] {logging_mixin.py:188} INFO - [2025-05-04T23:18:30.864+0000] {dag.py:3820} INFO - Setting next_dagrun for example_external_task_marker_child to None, run_after=None
[2025-05-04T23:18:30.869+0000] {logging_mixin.py:188} INFO - [2025-05-04T23:18:30.868+0000] {dag.py:3820} INFO - Setting next_dagrun for example_external_task_marker_parent to None, run_after=None
[2025-05-04T23:18:30.897+0000] {processor.py:183} INFO - Processing /home/airflow/.local/lib/python3.8/site-packages/airflow/example_dags/example_external_task_marker_dag.py took 0.083 seconds
[2025-05-04T23:19:01.258+0000] {processor.py:161} INFO - Started process (PID=104) to work on /home/airflow/.local/lib/python3.8/site-packages/airflow/example_dags/example_external_task_marker_dag.py
[2025-05-04T23:19:01.259+0000] {processor.py:830} INFO - Processing file /home/airflow/.local/lib/python3.8/site-packages/airflow/example_dags/example_external_task_marker_dag.py for tasks to queue
[2025-05-04T23:19:01.260+0000] {logging_mixin.py:188} INFO - [2025-05-04T23:19:01.260+0000] {dagbag.py:538} INFO - Filling up the DagBag from /home/airflow/.local/lib/python3.8/site-packages/airflow/example_dags/example_external_task_marker_dag.py
[2025-05-04T23:19:01.263+0000] {processor.py:840} INFO - DAG(s) 'example_external_task_marker_child', 'example_external_task_marker_parent' retrieved from /home/airflow/.local/lib/python3.8/site-packages/airflow/example_dags/example_external_task_marker_dag.py
[2025-05-04T23:19:01.306+0000] {logging_mixin.py:188} INFO - [2025-05-04T23:19:01.306+0000] {dag.py:3033} INFO - Sync 2 DAGs
[2025-05-04T23:19:01.312+0000] {logging_mixin.py:188} INFO - [2025-05-04T23:19:01.312+0000] {dag.py:3820} INFO - Setting next_dagrun for example_external_task_marker_child to None, run_after=None
[2025-05-04T23:19:01.314+0000] {logging_mixin.py:188} INFO - [2025-05-04T23:19:01.314+0000] {dag.py:3820} INFO - Setting next_dagrun for example_external_task_marker_parent to None, run_after=None
[2025-05-04T23:19:01.322+0000] {processor.py:183} INFO - Processing /home/airflow/.local/lib/python3.8/site-packages/airflow/example_dags/example_external_task_marker_dag.py took 0.066 seconds
[2025-05-04T23:19:31.801+0000] {processor.py:161} INFO - Started process (PID=160) to work on /home/airflow/.local/lib/python3.8/site-packages/airflow/example_dags/example_external_task_marker_dag.py
[2025-05-04T23:19:31.802+0000] {processor.py:830} INFO - Processing file /home/airflow/.local/lib/python3.8/site-packages/airflow/example_dags/example_external_task_marker_dag.py for tasks to queue
[2025-05-04T23:19:31.803+0000] {logging_mixin.py:188} INFO - [2025-05-04T23:19:31.803+0000] {dagbag.py:538} INFO - Filling up the DagBag from /home/airflow/.local/lib/python3.8/site-packages/airflow/example_dags/example_external_task_marker_dag.py
[2025-05-04T23:19:31.806+0000] {processor.py:840} INFO - DAG(s) 'example_external_task_marker_parent', 'example_external_task_marker_child' retrieved from /home/airflow/.local/lib/python3.8/site-packages/airflow/example_dags/example_external_task_marker_dag.py
[2025-05-04T23:19:31.823+0000] {logging_mixin.py:188} INFO - [2025-05-04T23:19:31.823+0000] {dag.py:3033} INFO - Sync 2 DAGs
[2025-05-04T23:19:31.827+0000] {logging_mixin.py:188} INFO - [2025-05-04T23:19:31.827+0000] {dag.py:3820} INFO - Setting next_dagrun for example_external_task_marker_child to None, run_after=None
[2025-05-04T23:19:31.831+0000] {logging_mixin.py:188} INFO - [2025-05-04T23:19:31.830+0000] {dag.py:3820} INFO - Setting next_dagrun for example_external_task_marker_parent to None, run_after=None
[2025-05-04T23:19:31.839+0000] {processor.py:183} INFO - Processing /home/airflow/.local/lib/python3.8/site-packages/airflow/example_dags/example_external_task_marker_dag.py took 0.039 seconds
[2025-05-04T23:20:02.472+0000] {processor.py:161} INFO - Started process (PID=216) to work on /home/airflow/.local/lib/python3.8/site-packages/airflow/example_dags/example_external_task_marker_dag.py
[2025-05-04T23:20:02.474+0000] {processor.py:830} INFO - Processing file /home/airflow/.local/lib/python3.8/site-packages/airflow/example_dags/example_external_task_marker_dag.py for tasks to queue
[2025-05-04T23:20:02.475+0000] {logging_mixin.py:188} INFO - [2025-05-04T23:20:02.475+0000] {dagbag.py:538} INFO - Filling up the DagBag from /home/airflow/.local/lib/python3.8/site-packages/airflow/example_dags/example_external_task_marker_dag.py
[2025-05-04T23:20:02.478+0000] {processor.py:840} INFO - DAG(s) 'example_external_task_marker_parent', 'example_external_task_marker_child' retrieved from /home/airflow/.local/lib/python3.8/site-packages/airflow/example_dags/example_external_task_marker_dag.py
[2025-05-04T23:20:02.492+0000] {logging_mixin.py:188} INFO - [2025-05-04T23:20:02.492+0000] {dag.py:3033} INFO - Sync 2 DAGs
[2025-05-04T23:20:02.500+0000] {logging_mixin.py:188} INFO - [2025-05-04T23:20:02.500+0000] {dag.py:3820} INFO - Setting next_dagrun for example_external_task_marker_child to None, run_after=None
[2025-05-04T23:20:02.503+0000] {logging_mixin.py:188} INFO - [2025-05-04T23:20:02.503+0000] {dag.py:3820} INFO - Setting next_dagrun for example_external_task_marker_parent to None, run_after=None
[2025-05-04T23:20:02.514+0000] {processor.py:183} INFO - Processing /home/airflow/.local/lib/python3.8/site-packages/airflow/example_dags/example_external_task_marker_dag.py took 0.043 seconds
[2025-05-04T23:20:33.326+0000] {processor.py:161} INFO - Started process (PID=271) to work on /home/airflow/.local/lib/python3.8/site-packages/airflow/example_dags/example_external_task_marker_dag.py
[2025-05-04T23:20:33.328+0000] {processor.py:830} INFO - Processing file /home/airflow/.local/lib/python3.8/site-packages/airflow/example_dags/example_external_task_marker_dag.py for tasks to queue
[2025-05-04T23:20:33.329+0000] {logging_mixin.py:188} INFO - [2025-05-04T23:20:33.329+0000] {dagbag.py:538} INFO - Filling up the DagBag from /home/airflow/.local/lib/python3.8/site-packages/airflow/example_dags/example_external_task_marker_dag.py
[2025-05-04T23:20:33.331+0000] {processor.py:840} INFO - DAG(s) 'example_external_task_marker_child', 'example_external_task_marker_parent' retrieved from /home/airflow/.local/lib/python3.8/site-packages/airflow/example_dags/example_external_task_marker_dag.py
[2025-05-04T23:20:33.344+0000] {logging_mixin.py:188} INFO - [2025-05-04T23:20:33.344+0000] {dag.py:3033} INFO - Sync 2 DAGs
[2025-05-04T23:20:33.352+0000] {logging_mixin.py:188} INFO - [2025-05-04T23:20:33.351+0000] {dag.py:3820} INFO - Setting next_dagrun for example_external_task_marker_child to None, run_after=None
[2025-05-04T23:20:33.355+0000] {logging_mixin.py:188} INFO - [2025-05-04T23:20:33.355+0000] {dag.py:3820} INFO - Setting next_dagrun for example_external_task_marker_parent to None, run_after=None
[2025-05-04T23:20:33.363+0000] {processor.py:183} INFO - Processing /home/airflow/.local/lib/python3.8/site-packages/airflow/example_dags/example_external_task_marker_dag.py took 0.039 seconds
[2025-05-04T23:21:03.476+0000] {processor.py:161} INFO - Started process (PID=327) to work on /home/airflow/.local/lib/python3.8/site-packages/airflow/example_dags/example_external_task_marker_dag.py
[2025-05-04T23:21:03.476+0000] {processor.py:830} INFO - Processing file /home/airflow/.local/lib/python3.8/site-packages/airflow/example_dags/example_external_task_marker_dag.py for tasks to queue
[2025-05-04T23:21:03.477+0000] {logging_mixin.py:188} INFO - [2025-05-04T23:21:03.477+0000] {dagbag.py:538} INFO - Filling up the DagBag from /home/airflow/.local/lib/python3.8/site-packages/airflow/example_dags/example_external_task_marker_dag.py
[2025-05-04T23:21:03.479+0000] {processor.py:840} INFO - DAG(s) 'example_external_task_marker_parent', 'example_external_task_marker_child' retrieved from /home/airflow/.local/lib/python3.8/site-packages/airflow/example_dags/example_external_task_marker_dag.py
[2025-05-04T23:21:03.493+0000] {logging_mixin.py:188} INFO - [2025-05-04T23:21:03.493+0000] {dag.py:3033} INFO - Sync 2 DAGs
[2025-05-04T23:21:03.498+0000] {logging_mixin.py:188} INFO - [2025-05-04T23:21:03.498+0000] {dag.py:3820} INFO - Setting next_dagrun for example_external_task_marker_child to None, run_after=None
[2025-05-04T23:21:03.500+0000] {logging_mixin.py:188} INFO - [2025-05-04T23:21:03.500+0000] {dag.py:3820} INFO - Setting next_dagrun for example_external_task_marker_parent to None, run_after=None
[2025-05-04T23:21:03.509+0000] {processor.py:183} INFO - Processing /home/airflow/.local/lib/python3.8/site-packages/airflow/example_dags/example_external_task_marker_dag.py took 0.036 seconds
[2025-05-04T23:21:34.132+0000] {processor.py:161} INFO - Started process (PID=383) to work on /home/airflow/.local/lib/python3.8/site-packages/airflow/example_dags/example_external_task_marker_dag.py
[2025-05-04T23:21:34.132+0000] {processor.py:830} INFO - Processing file /home/airflow/.local/lib/python3.8/site-packages/airflow/example_dags/example_external_task_marker_dag.py for tasks to queue
[2025-05-04T23:21:34.135+0000] {logging_mixin.py:188} INFO - [2025-05-04T23:21:34.135+0000] {dagbag.py:538} INFO - Filling up the DagBag from /home/airflow/.local/lib/python3.8/site-packages/airflow/example_dags/example_external_task_marker_dag.py
[2025-05-04T23:21:34.138+0000] {processor.py:840} INFO - DAG(s) 'example_external_task_marker_child', 'example_external_task_marker_parent' retrieved from /home/airflow/.local/lib/python3.8/site-packages/airflow/example_dags/example_external_task_marker_dag.py
[2025-05-04T23:21:34.149+0000] {logging_mixin.py:188} INFO - [2025-05-04T23:21:34.149+0000] {dag.py:3033} INFO - Sync 2 DAGs
[2025-05-04T23:21:34.154+0000] {logging_mixin.py:188} INFO - [2025-05-04T23:21:34.154+0000] {dag.py:3820} INFO - Setting next_dagrun for example_external_task_marker_child to None, run_after=None
[2025-05-04T23:21:34.155+0000] {logging_mixin.py:188} INFO - [2025-05-04T23:21:34.155+0000] {dag.py:3820} INFO - Setting next_dagrun for example_external_task_marker_parent to None, run_after=None
[2025-05-04T23:21:34.161+0000] {processor.py:183} INFO - Processing /home/airflow/.local/lib/python3.8/site-packages/airflow/example_dags/example_external_task_marker_dag.py took 0.031 seconds
[2025-05-04T23:22:04.823+0000] {processor.py:161} INFO - Started process (PID=439) to work on /home/airflow/.local/lib/python3.8/site-packages/airflow/example_dags/example_external_task_marker_dag.py
[2025-05-04T23:22:04.827+0000] {processor.py:830} INFO - Processing file /home/airflow/.local/lib/python3.8/site-packages/airflow/example_dags/example_external_task_marker_dag.py for tasks to queue
[2025-05-04T23:22:04.828+0000] {logging_mixin.py:188} INFO - [2025-05-04T23:22:04.828+0000] {dagbag.py:538} INFO - Filling up the DagBag from /home/airflow/.local/lib/python3.8/site-packages/airflow/example_dags/example_external_task_marker_dag.py
[2025-05-04T23:22:04.832+0000] {processor.py:840} INFO - DAG(s) 'example_external_task_marker_child', 'example_external_task_marker_parent' retrieved from /home/airflow/.local/lib/python3.8/site-packages/airflow/example_dags/example_external_task_marker_dag.py
[2025-05-04T23:22:04.843+0000] {logging_mixin.py:188} INFO - [2025-05-04T23:22:04.843+0000] {dag.py:3033} INFO - Sync 2 DAGs
[2025-05-04T23:22:04.851+0000] {logging_mixin.py:188} INFO - [2025-05-04T23:22:04.851+0000] {dag.py:3820} INFO - Setting next_dagrun for example_external_task_marker_child to None, run_after=None
[2025-05-04T23:22:04.854+0000] {logging_mixin.py:188} INFO - [2025-05-04T23:22:04.854+0000] {dag.py:3820} INFO - Setting next_dagrun for example_external_task_marker_parent to None, run_after=None
[2025-05-04T23:22:04.864+0000] {processor.py:183} INFO - Processing /home/airflow/.local/lib/python3.8/site-packages/airflow/example_dags/example_external_task_marker_dag.py took 0.043 seconds
[2025-05-04T23:22:35.397+0000] {processor.py:161} INFO - Started process (PID=495) to work on /home/airflow/.local/lib/python3.8/site-packages/airflow/example_dags/example_external_task_marker_dag.py
[2025-05-04T23:22:35.401+0000] {processor.py:830} INFO - Processing file /home/airflow/.local/lib/python3.8/site-packages/airflow/example_dags/example_external_task_marker_dag.py for tasks to queue
[2025-05-04T23:22:35.402+0000] {logging_mixin.py:188} INFO - [2025-05-04T23:22:35.402+0000] {dagbag.py:538} INFO - Filling up the DagBag from /home/airflow/.local/lib/python3.8/site-packages/airflow/example_dags/example_external_task_marker_dag.py
[2025-05-04T23:22:35.405+0000] {processor.py:840} INFO - DAG(s) 'example_external_task_marker_parent', 'example_external_task_marker_child' retrieved from /home/airflow/.local/lib/python3.8/site-packages/airflow/example_dags/example_external_task_marker_dag.py
[2025-05-04T23:22:35.415+0000] {logging_mixin.py:188} INFO - [2025-05-04T23:22:35.415+0000] {dag.py:3033} INFO - Sync 2 DAGs
[2025-05-04T23:22:35.421+0000] {logging_mixin.py:188} INFO - [2025-05-04T23:22:35.420+0000] {dag.py:3820} INFO - Setting next_dagrun for example_external_task_marker_child to None, run_after=None
[2025-05-04T23:22:35.422+0000] {logging_mixin.py:188} INFO - [2025-05-04T23:22:35.422+0000] {dag.py:3820} INFO - Setting next_dagrun for example_external_task_marker_parent to None, run_after=None
[2025-05-04T23:22:35.428+0000] {processor.py:183} INFO - Processing /home/airflow/.local/lib/python3.8/site-packages/airflow/example_dags/example_external_task_marker_dag.py took 0.032 seconds
[2025-05-04T23:23:05.980+0000] {processor.py:161} INFO - Started process (PID=551) to work on /home/airflow/.local/lib/python3.8/site-packages/airflow/example_dags/example_external_task_marker_dag.py
[2025-05-04T23:23:05.981+0000] {processor.py:830} INFO - Processing file /home/airflow/.local/lib/python3.8/site-packages/airflow/example_dags/example_external_task_marker_dag.py for tasks to queue
[2025-05-04T23:23:05.982+0000] {logging_mixin.py:188} INFO - [2025-05-04T23:23:05.982+0000] {dagbag.py:538} INFO - Filling up the DagBag from /home/airflow/.local/lib/python3.8/site-packages/airflow/example_dags/example_external_task_marker_dag.py
[2025-05-04T23:23:05.985+0000] {processor.py:840} INFO - DAG(s) 'example_external_task_marker_parent', 'example_external_task_marker_child' retrieved from /home/airflow/.local/lib/python3.8/site-packages/airflow/example_dags/example_external_task_marker_dag.py
[2025-05-04T23:23:05.995+0000] {logging_mixin.py:188} INFO - [2025-05-04T23:23:05.995+0000] {dag.py:3033} INFO - Sync 2 DAGs
[2025-05-04T23:23:06.000+0000] {logging_mixin.py:188} INFO - [2025-05-04T23:23:06.000+0000] {dag.py:3820} INFO - Setting next_dagrun for example_external_task_marker_child to None, run_after=None
[2025-05-04T23:23:06.002+0000] {logging_mixin.py:188} INFO - [2025-05-04T23:23:06.001+0000] {dag.py:3820} INFO - Setting next_dagrun for example_external_task_marker_parent to None, run_after=None
[2025-05-04T23:23:06.011+0000] {processor.py:183} INFO - Processing /home/airflow/.local/lib/python3.8/site-packages/airflow/example_dags/example_external_task_marker_dag.py took 0.033 seconds
[2025-05-04T23:24:30.159+0000] {processor.py:161} INFO - Started process (PID=48) to work on /home/airflow/.local/lib/python3.8/site-packages/airflow/example_dags/example_external_task_marker_dag.py
[2025-05-04T23:24:30.162+0000] {processor.py:830} INFO - Processing file /home/airflow/.local/lib/python3.8/site-packages/airflow/example_dags/example_external_task_marker_dag.py for tasks to queue
[2025-05-04T23:24:30.171+0000] {logging_mixin.py:188} INFO - [2025-05-04T23:24:30.170+0000] {dagbag.py:538} INFO - Filling up the DagBag from /home/airflow/.local/lib/python3.8/site-packages/airflow/example_dags/example_external_task_marker_dag.py
[2025-05-04T23:24:30.190+0000] {processor.py:840} INFO - DAG(s) 'example_external_task_marker_child', 'example_external_task_marker_parent' retrieved from /home/airflow/.local/lib/python3.8/site-packages/airflow/example_dags/example_external_task_marker_dag.py
[2025-05-04T23:24:30.220+0000] {logging_mixin.py:188} INFO - [2025-05-04T23:24:30.219+0000] {dag.py:3033} INFO - Sync 2 DAGs
[2025-05-04T23:24:30.234+0000] {logging_mixin.py:188} INFO - [2025-05-04T23:24:30.234+0000] {dag.py:3820} INFO - Setting next_dagrun for example_external_task_marker_child to None, run_after=None
[2025-05-04T23:24:30.241+0000] {logging_mixin.py:188} INFO - [2025-05-04T23:24:30.241+0000] {dag.py:3820} INFO - Setting next_dagrun for example_external_task_marker_parent to None, run_after=None
[2025-05-04T23:24:30.273+0000] {processor.py:183} INFO - Processing /home/airflow/.local/lib/python3.8/site-packages/airflow/example_dags/example_external_task_marker_dag.py took 0.120 seconds
[2025-05-04T23:25:00.687+0000] {processor.py:161} INFO - Started process (PID=104) to work on /home/airflow/.local/lib/python3.8/site-packages/airflow/example_dags/example_external_task_marker_dag.py
[2025-05-04T23:25:00.689+0000] {processor.py:830} INFO - Processing file /home/airflow/.local/lib/python3.8/site-packages/airflow/example_dags/example_external_task_marker_dag.py for tasks to queue
[2025-05-04T23:25:00.690+0000] {logging_mixin.py:188} INFO - [2025-05-04T23:25:00.690+0000] {dagbag.py:538} INFO - Filling up the DagBag from /home/airflow/.local/lib/python3.8/site-packages/airflow/example_dags/example_external_task_marker_dag.py
[2025-05-04T23:25:00.693+0000] {processor.py:840} INFO - DAG(s) 'example_external_task_marker_parent', 'example_external_task_marker_child' retrieved from /home/airflow/.local/lib/python3.8/site-packages/airflow/example_dags/example_external_task_marker_dag.py
[2025-05-04T23:25:00.743+0000] {logging_mixin.py:188} INFO - [2025-05-04T23:25:00.743+0000] {dag.py:3033} INFO - Sync 2 DAGs
[2025-05-04T23:25:00.750+0000] {logging_mixin.py:188} INFO - [2025-05-04T23:25:00.749+0000] {dag.py:3820} INFO - Setting next_dagrun for example_external_task_marker_child to None, run_after=None
[2025-05-04T23:25:00.751+0000] {logging_mixin.py:188} INFO - [2025-05-04T23:25:00.751+0000] {dag.py:3820} INFO - Setting next_dagrun for example_external_task_marker_parent to None, run_after=None
[2025-05-04T23:25:00.761+0000] {processor.py:183} INFO - Processing /home/airflow/.local/lib/python3.8/site-packages/airflow/example_dags/example_external_task_marker_dag.py took 0.076 seconds
[2025-05-04T23:25:31.116+0000] {processor.py:161} INFO - Started process (PID=159) to work on /home/airflow/.local/lib/python3.8/site-packages/airflow/example_dags/example_external_task_marker_dag.py
[2025-05-04T23:25:31.119+0000] {processor.py:830} INFO - Processing file /home/airflow/.local/lib/python3.8/site-packages/airflow/example_dags/example_external_task_marker_dag.py for tasks to queue
[2025-05-04T23:25:31.123+0000] {logging_mixin.py:188} INFO - [2025-05-04T23:25:31.123+0000] {dagbag.py:538} INFO - Filling up the DagBag from /home/airflow/.local/lib/python3.8/site-packages/airflow/example_dags/example_external_task_marker_dag.py
[2025-05-04T23:25:31.126+0000] {processor.py:840} INFO - DAG(s) 'example_external_task_marker_parent', 'example_external_task_marker_child' retrieved from /home/airflow/.local/lib/python3.8/site-packages/airflow/example_dags/example_external_task_marker_dag.py
[2025-05-04T23:25:31.140+0000] {logging_mixin.py:188} INFO - [2025-05-04T23:25:31.140+0000] {dag.py:3033} INFO - Sync 2 DAGs
[2025-05-04T23:25:31.145+0000] {logging_mixin.py:188} INFO - [2025-05-04T23:25:31.145+0000] {dag.py:3820} INFO - Setting next_dagrun for example_external_task_marker_child to None, run_after=None
[2025-05-04T23:25:31.148+0000] {logging_mixin.py:188} INFO - [2025-05-04T23:25:31.148+0000] {dag.py:3820} INFO - Setting next_dagrun for example_external_task_marker_parent to None, run_after=None
[2025-05-04T23:25:31.153+0000] {processor.py:183} INFO - Processing /home/airflow/.local/lib/python3.8/site-packages/airflow/example_dags/example_external_task_marker_dag.py took 0.039 seconds
[2025-05-04T23:26:01.871+0000] {processor.py:161} INFO - Started process (PID=215) to work on /home/airflow/.local/lib/python3.8/site-packages/airflow/example_dags/example_external_task_marker_dag.py
[2025-05-04T23:26:01.873+0000] {processor.py:830} INFO - Processing file /home/airflow/.local/lib/python3.8/site-packages/airflow/example_dags/example_external_task_marker_dag.py for tasks to queue
[2025-05-04T23:26:01.877+0000] {logging_mixin.py:188} INFO - [2025-05-04T23:26:01.877+0000] {dagbag.py:538} INFO - Filling up the DagBag from /home/airflow/.local/lib/python3.8/site-packages/airflow/example_dags/example_external_task_marker_dag.py
[2025-05-04T23:26:01.880+0000] {processor.py:840} INFO - DAG(s) 'example_external_task_marker_child', 'example_external_task_marker_parent' retrieved from /home/airflow/.local/lib/python3.8/site-packages/airflow/example_dags/example_external_task_marker_dag.py
[2025-05-04T23:26:01.891+0000] {logging_mixin.py:188} INFO - [2025-05-04T23:26:01.891+0000] {dag.py:3033} INFO - Sync 2 DAGs
[2025-05-04T23:26:01.897+0000] {logging_mixin.py:188} INFO - [2025-05-04T23:26:01.897+0000] {dag.py:3820} INFO - Setting next_dagrun for example_external_task_marker_child to None, run_after=None
[2025-05-04T23:26:01.898+0000] {logging_mixin.py:188} INFO - [2025-05-04T23:26:01.898+0000] {dag.py:3820} INFO - Setting next_dagrun for example_external_task_marker_parent to None, run_after=None
[2025-05-04T23:26:01.910+0000] {processor.py:183} INFO - Processing /home/airflow/.local/lib/python3.8/site-packages/airflow/example_dags/example_external_task_marker_dag.py took 0.040 seconds
[2025-05-04T23:26:32.643+0000] {processor.py:161} INFO - Started process (PID=271) to work on /home/airflow/.local/lib/python3.8/site-packages/airflow/example_dags/example_external_task_marker_dag.py
[2025-05-04T23:26:32.644+0000] {processor.py:830} INFO - Processing file /home/airflow/.local/lib/python3.8/site-packages/airflow/example_dags/example_external_task_marker_dag.py for tasks to queue
[2025-05-04T23:26:32.644+0000] {logging_mixin.py:188} INFO - [2025-05-04T23:26:32.644+0000] {dagbag.py:538} INFO - Filling up the DagBag from /home/airflow/.local/lib/python3.8/site-packages/airflow/example_dags/example_external_task_marker_dag.py
[2025-05-04T23:26:32.647+0000] {processor.py:840} INFO - DAG(s) 'example_external_task_marker_child', 'example_external_task_marker_parent' retrieved from /home/airflow/.local/lib/python3.8/site-packages/airflow/example_dags/example_external_task_marker_dag.py
[2025-05-04T23:26:32.662+0000] {logging_mixin.py:188} INFO - [2025-05-04T23:26:32.662+0000] {dag.py:3033} INFO - Sync 2 DAGs
[2025-05-04T23:26:32.669+0000] {logging_mixin.py:188} INFO - [2025-05-04T23:26:32.669+0000] {dag.py:3820} INFO - Setting next_dagrun for example_external_task_marker_child to None, run_after=None
[2025-05-04T23:26:32.671+0000] {logging_mixin.py:188} INFO - [2025-05-04T23:26:32.671+0000] {dag.py:3820} INFO - Setting next_dagrun for example_external_task_marker_parent to None, run_after=None
[2025-05-04T23:26:32.680+0000] {processor.py:183} INFO - Processing /home/airflow/.local/lib/python3.8/site-packages/airflow/example_dags/example_external_task_marker_dag.py took 0.039 seconds
[2025-05-04T23:27:03.392+0000] {processor.py:161} INFO - Started process (PID=327) to work on /home/airflow/.local/lib/python3.8/site-packages/airflow/example_dags/example_external_task_marker_dag.py
[2025-05-04T23:27:03.393+0000] {processor.py:830} INFO - Processing file /home/airflow/.local/lib/python3.8/site-packages/airflow/example_dags/example_external_task_marker_dag.py for tasks to queue
[2025-05-04T23:27:03.395+0000] {logging_mixin.py:188} INFO - [2025-05-04T23:27:03.395+0000] {dagbag.py:538} INFO - Filling up the DagBag from /home/airflow/.local/lib/python3.8/site-packages/airflow/example_dags/example_external_task_marker_dag.py
[2025-05-04T23:27:03.398+0000] {processor.py:840} INFO - DAG(s) 'example_external_task_marker_parent', 'example_external_task_marker_child' retrieved from /home/airflow/.local/lib/python3.8/site-packages/airflow/example_dags/example_external_task_marker_dag.py
[2025-05-04T23:27:03.416+0000] {logging_mixin.py:188} INFO - [2025-05-04T23:27:03.416+0000] {dag.py:3033} INFO - Sync 2 DAGs
[2025-05-04T23:27:03.421+0000] {logging_mixin.py:188} INFO - [2025-05-04T23:27:03.421+0000] {dag.py:3820} INFO - Setting next_dagrun for example_external_task_marker_child to None, run_after=None
[2025-05-04T23:27:03.423+0000] {logging_mixin.py:188} INFO - [2025-05-04T23:27:03.423+0000] {dag.py:3820} INFO - Setting next_dagrun for example_external_task_marker_parent to None, run_after=None
[2025-05-04T23:27:03.431+0000] {processor.py:183} INFO - Processing /home/airflow/.local/lib/python3.8/site-packages/airflow/example_dags/example_external_task_marker_dag.py took 0.040 seconds
[2025-05-04T23:27:34.053+0000] {processor.py:161} INFO - Started process (PID=383) to work on /home/airflow/.local/lib/python3.8/site-packages/airflow/example_dags/example_external_task_marker_dag.py
[2025-05-04T23:27:34.055+0000] {processor.py:830} INFO - Processing file /home/airflow/.local/lib/python3.8/site-packages/airflow/example_dags/example_external_task_marker_dag.py for tasks to queue
[2025-05-04T23:27:34.057+0000] {logging_mixin.py:188} INFO - [2025-05-04T23:27:34.057+0000] {dagbag.py:538} INFO - Filling up the DagBag from /home/airflow/.local/lib/python3.8/site-packages/airflow/example_dags/example_external_task_marker_dag.py
[2025-05-04T23:27:34.059+0000] {processor.py:840} INFO - DAG(s) 'example_external_task_marker_parent', 'example_external_task_marker_child' retrieved from /home/airflow/.local/lib/python3.8/site-packages/airflow/example_dags/example_external_task_marker_dag.py
[2025-05-04T23:27:34.075+0000] {logging_mixin.py:188} INFO - [2025-05-04T23:27:34.075+0000] {dag.py:3033} INFO - Sync 2 DAGs
[2025-05-04T23:27:34.081+0000] {logging_mixin.py:188} INFO - [2025-05-04T23:27:34.081+0000] {dag.py:3820} INFO - Setting next_dagrun for example_external_task_marker_child to None, run_after=None
[2025-05-04T23:27:34.083+0000] {logging_mixin.py:188} INFO - [2025-05-04T23:27:34.083+0000] {dag.py:3820} INFO - Setting next_dagrun for example_external_task_marker_parent to None, run_after=None
[2025-05-04T23:27:34.092+0000] {processor.py:183} INFO - Processing /home/airflow/.local/lib/python3.8/site-packages/airflow/example_dags/example_external_task_marker_dag.py took 0.040 seconds
[2025-05-04T23:28:23.716+0000] {processor.py:161} INFO - Started process (PID=48) to work on /home/airflow/.local/lib/python3.8/site-packages/airflow/example_dags/example_external_task_marker_dag.py
[2025-05-04T23:28:23.719+0000] {processor.py:830} INFO - Processing file /home/airflow/.local/lib/python3.8/site-packages/airflow/example_dags/example_external_task_marker_dag.py for tasks to queue
[2025-05-04T23:28:23.721+0000] {logging_mixin.py:188} INFO - [2025-05-04T23:28:23.721+0000] {dagbag.py:538} INFO - Filling up the DagBag from /home/airflow/.local/lib/python3.8/site-packages/airflow/example_dags/example_external_task_marker_dag.py
[2025-05-04T23:28:23.727+0000] {processor.py:840} INFO - DAG(s) 'example_external_task_marker_child', 'example_external_task_marker_parent' retrieved from /home/airflow/.local/lib/python3.8/site-packages/airflow/example_dags/example_external_task_marker_dag.py
[2025-05-04T23:28:23.748+0000] {logging_mixin.py:188} INFO - [2025-05-04T23:28:23.748+0000] {dag.py:3033} INFO - Sync 2 DAGs
[2025-05-04T23:28:23.758+0000] {logging_mixin.py:188} INFO - [2025-05-04T23:28:23.758+0000] {dag.py:3820} INFO - Setting next_dagrun for example_external_task_marker_child to None, run_after=None
[2025-05-04T23:28:23.766+0000] {logging_mixin.py:188} INFO - [2025-05-04T23:28:23.766+0000] {dag.py:3820} INFO - Setting next_dagrun for example_external_task_marker_parent to None, run_after=None
[2025-05-04T23:28:23.781+0000] {processor.py:183} INFO - Processing /home/airflow/.local/lib/python3.8/site-packages/airflow/example_dags/example_external_task_marker_dag.py took 0.074 seconds
[2025-05-04T23:28:54.676+0000] {processor.py:161} INFO - Started process (PID=104) to work on /home/airflow/.local/lib/python3.8/site-packages/airflow/example_dags/example_external_task_marker_dag.py
[2025-05-04T23:28:54.677+0000] {processor.py:830} INFO - Processing file /home/airflow/.local/lib/python3.8/site-packages/airflow/example_dags/example_external_task_marker_dag.py for tasks to queue
[2025-05-04T23:28:54.678+0000] {logging_mixin.py:188} INFO - [2025-05-04T23:28:54.678+0000] {dagbag.py:538} INFO - Filling up the DagBag from /home/airflow/.local/lib/python3.8/site-packages/airflow/example_dags/example_external_task_marker_dag.py
[2025-05-04T23:28:54.681+0000] {processor.py:840} INFO - DAG(s) 'example_external_task_marker_parent', 'example_external_task_marker_child' retrieved from /home/airflow/.local/lib/python3.8/site-packages/airflow/example_dags/example_external_task_marker_dag.py
[2025-05-04T23:28:54.736+0000] {logging_mixin.py:188} INFO - [2025-05-04T23:28:54.736+0000] {dag.py:3033} INFO - Sync 2 DAGs
[2025-05-04T23:28:54.741+0000] {logging_mixin.py:188} INFO - [2025-05-04T23:28:54.741+0000] {dag.py:3820} INFO - Setting next_dagrun for example_external_task_marker_child to None, run_after=None
[2025-05-04T23:28:54.742+0000] {logging_mixin.py:188} INFO - [2025-05-04T23:28:54.742+0000] {dag.py:3820} INFO - Setting next_dagrun for example_external_task_marker_parent to None, run_after=None
[2025-05-04T23:28:54.749+0000] {processor.py:183} INFO - Processing /home/airflow/.local/lib/python3.8/site-packages/airflow/example_dags/example_external_task_marker_dag.py took 0.074 seconds
[2025-05-04T23:29:25.194+0000] {processor.py:161} INFO - Started process (PID=160) to work on /home/airflow/.local/lib/python3.8/site-packages/airflow/example_dags/example_external_task_marker_dag.py
[2025-05-04T23:29:25.195+0000] {processor.py:830} INFO - Processing file /home/airflow/.local/lib/python3.8/site-packages/airflow/example_dags/example_external_task_marker_dag.py for tasks to queue
[2025-05-04T23:29:25.197+0000] {logging_mixin.py:188} INFO - [2025-05-04T23:29:25.197+0000] {dagbag.py:538} INFO - Filling up the DagBag from /home/airflow/.local/lib/python3.8/site-packages/airflow/example_dags/example_external_task_marker_dag.py
[2025-05-04T23:29:25.200+0000] {processor.py:840} INFO - DAG(s) 'example_external_task_marker_parent', 'example_external_task_marker_child' retrieved from /home/airflow/.local/lib/python3.8/site-packages/airflow/example_dags/example_external_task_marker_dag.py
[2025-05-04T23:29:25.213+0000] {logging_mixin.py:188} INFO - [2025-05-04T23:29:25.213+0000] {dag.py:3033} INFO - Sync 2 DAGs
[2025-05-04T23:29:25.219+0000] {logging_mixin.py:188} INFO - [2025-05-04T23:29:25.219+0000] {dag.py:3820} INFO - Setting next_dagrun for example_external_task_marker_child to None, run_after=None
[2025-05-04T23:29:25.222+0000] {logging_mixin.py:188} INFO - [2025-05-04T23:29:25.222+0000] {dag.py:3820} INFO - Setting next_dagrun for example_external_task_marker_parent to None, run_after=None
[2025-05-04T23:29:25.228+0000] {processor.py:183} INFO - Processing /home/airflow/.local/lib/python3.8/site-packages/airflow/example_dags/example_external_task_marker_dag.py took 0.037 seconds
[2025-05-04T23:29:55.901+0000] {processor.py:161} INFO - Started process (PID=216) to work on /home/airflow/.local/lib/python3.8/site-packages/airflow/example_dags/example_external_task_marker_dag.py
[2025-05-04T23:29:55.902+0000] {processor.py:830} INFO - Processing file /home/airflow/.local/lib/python3.8/site-packages/airflow/example_dags/example_external_task_marker_dag.py for tasks to queue
[2025-05-04T23:29:55.903+0000] {logging_mixin.py:188} INFO - [2025-05-04T23:29:55.903+0000] {dagbag.py:538} INFO - Filling up the DagBag from /home/airflow/.local/lib/python3.8/site-packages/airflow/example_dags/example_external_task_marker_dag.py
[2025-05-04T23:29:55.908+0000] {processor.py:840} INFO - DAG(s) 'example_external_task_marker_parent', 'example_external_task_marker_child' retrieved from /home/airflow/.local/lib/python3.8/site-packages/airflow/example_dags/example_external_task_marker_dag.py
[2025-05-04T23:29:55.920+0000] {logging_mixin.py:188} INFO - [2025-05-04T23:29:55.920+0000] {dag.py:3033} INFO - Sync 2 DAGs
[2025-05-04T23:29:55.927+0000] {logging_mixin.py:188} INFO - [2025-05-04T23:29:55.927+0000] {dag.py:3820} INFO - Setting next_dagrun for example_external_task_marker_child to None, run_after=None
[2025-05-04T23:29:55.929+0000] {logging_mixin.py:188} INFO - [2025-05-04T23:29:55.929+0000] {dag.py:3820} INFO - Setting next_dagrun for example_external_task_marker_parent to None, run_after=None
[2025-05-04T23:29:55.937+0000] {processor.py:183} INFO - Processing /home/airflow/.local/lib/python3.8/site-packages/airflow/example_dags/example_external_task_marker_dag.py took 0.037 seconds
[2025-05-04T23:30:26.728+0000] {processor.py:161} INFO - Started process (PID=272) to work on /home/airflow/.local/lib/python3.8/site-packages/airflow/example_dags/example_external_task_marker_dag.py
[2025-05-04T23:30:26.731+0000] {processor.py:830} INFO - Processing file /home/airflow/.local/lib/python3.8/site-packages/airflow/example_dags/example_external_task_marker_dag.py for tasks to queue
[2025-05-04T23:30:26.732+0000] {logging_mixin.py:188} INFO - [2025-05-04T23:30:26.732+0000] {dagbag.py:538} INFO - Filling up the DagBag from /home/airflow/.local/lib/python3.8/site-packages/airflow/example_dags/example_external_task_marker_dag.py
[2025-05-04T23:30:26.735+0000] {processor.py:840} INFO - DAG(s) 'example_external_task_marker_child', 'example_external_task_marker_parent' retrieved from /home/airflow/.local/lib/python3.8/site-packages/airflow/example_dags/example_external_task_marker_dag.py
[2025-05-04T23:30:26.746+0000] {logging_mixin.py:188} INFO - [2025-05-04T23:30:26.746+0000] {dag.py:3033} INFO - Sync 2 DAGs
[2025-05-04T23:30:26.752+0000] {logging_mixin.py:188} INFO - [2025-05-04T23:30:26.752+0000] {dag.py:3820} INFO - Setting next_dagrun for example_external_task_marker_child to None, run_after=None
[2025-05-04T23:30:26.753+0000] {logging_mixin.py:188} INFO - [2025-05-04T23:30:26.753+0000] {dag.py:3820} INFO - Setting next_dagrun for example_external_task_marker_parent to None, run_after=None
[2025-05-04T23:30:26.759+0000] {processor.py:183} INFO - Processing /home/airflow/.local/lib/python3.8/site-packages/airflow/example_dags/example_external_task_marker_dag.py took 0.033 seconds
[2025-05-04T23:30:57.246+0000] {processor.py:161} INFO - Started process (PID=328) to work on /home/airflow/.local/lib/python3.8/site-packages/airflow/example_dags/example_external_task_marker_dag.py
[2025-05-04T23:30:57.248+0000] {processor.py:830} INFO - Processing file /home/airflow/.local/lib/python3.8/site-packages/airflow/example_dags/example_external_task_marker_dag.py for tasks to queue
[2025-05-04T23:30:57.251+0000] {logging_mixin.py:188} INFO - [2025-05-04T23:30:57.251+0000] {dagbag.py:538} INFO - Filling up the DagBag from /home/airflow/.local/lib/python3.8/site-packages/airflow/example_dags/example_external_task_marker_dag.py
[2025-05-04T23:30:57.254+0000] {processor.py:840} INFO - DAG(s) 'example_external_task_marker_child', 'example_external_task_marker_parent' retrieved from /home/airflow/.local/lib/python3.8/site-packages/airflow/example_dags/example_external_task_marker_dag.py
[2025-05-04T23:30:57.266+0000] {logging_mixin.py:188} INFO - [2025-05-04T23:30:57.266+0000] {dag.py:3033} INFO - Sync 2 DAGs
[2025-05-04T23:30:57.273+0000] {logging_mixin.py:188} INFO - [2025-05-04T23:30:57.273+0000] {dag.py:3820} INFO - Setting next_dagrun for example_external_task_marker_child to None, run_after=None
[2025-05-04T23:30:57.275+0000] {logging_mixin.py:188} INFO - [2025-05-04T23:30:57.275+0000] {dag.py:3820} INFO - Setting next_dagrun for example_external_task_marker_parent to None, run_after=None
[2025-05-04T23:30:57.282+0000] {processor.py:183} INFO - Processing /home/airflow/.local/lib/python3.8/site-packages/airflow/example_dags/example_external_task_marker_dag.py took 0.039 seconds
[2025-05-04T23:31:27.931+0000] {processor.py:161} INFO - Started process (PID=389) to work on /home/airflow/.local/lib/python3.8/site-packages/airflow/example_dags/example_external_task_marker_dag.py
[2025-05-04T23:31:27.933+0000] {processor.py:830} INFO - Processing file /home/airflow/.local/lib/python3.8/site-packages/airflow/example_dags/example_external_task_marker_dag.py for tasks to queue
[2025-05-04T23:31:27.933+0000] {logging_mixin.py:188} INFO - [2025-05-04T23:31:27.933+0000] {dagbag.py:538} INFO - Filling up the DagBag from /home/airflow/.local/lib/python3.8/site-packages/airflow/example_dags/example_external_task_marker_dag.py
[2025-05-04T23:31:27.936+0000] {processor.py:840} INFO - DAG(s) 'example_external_task_marker_child', 'example_external_task_marker_parent' retrieved from /home/airflow/.local/lib/python3.8/site-packages/airflow/example_dags/example_external_task_marker_dag.py
[2025-05-04T23:31:27.946+0000] {logging_mixin.py:188} INFO - [2025-05-04T23:31:27.946+0000] {dag.py:3033} INFO - Sync 2 DAGs
[2025-05-04T23:31:27.952+0000] {logging_mixin.py:188} INFO - [2025-05-04T23:31:27.951+0000] {dag.py:3820} INFO - Setting next_dagrun for example_external_task_marker_child to None, run_after=None
[2025-05-04T23:31:27.953+0000] {logging_mixin.py:188} INFO - [2025-05-04T23:31:27.953+0000] {dag.py:3820} INFO - Setting next_dagrun for example_external_task_marker_parent to None, run_after=None
[2025-05-04T23:31:27.960+0000] {processor.py:183} INFO - Processing /home/airflow/.local/lib/python3.8/site-packages/airflow/example_dags/example_external_task_marker_dag.py took 0.030 seconds
[2025-05-04T23:31:58.614+0000] {processor.py:161} INFO - Started process (PID=445) to work on /home/airflow/.local/lib/python3.8/site-packages/airflow/example_dags/example_external_task_marker_dag.py
[2025-05-04T23:31:58.615+0000] {processor.py:830} INFO - Processing file /home/airflow/.local/lib/python3.8/site-packages/airflow/example_dags/example_external_task_marker_dag.py for tasks to queue
[2025-05-04T23:31:58.616+0000] {logging_mixin.py:188} INFO - [2025-05-04T23:31:58.616+0000] {dagbag.py:538} INFO - Filling up the DagBag from /home/airflow/.local/lib/python3.8/site-packages/airflow/example_dags/example_external_task_marker_dag.py
[2025-05-04T23:31:58.619+0000] {processor.py:840} INFO - DAG(s) 'example_external_task_marker_child', 'example_external_task_marker_parent' retrieved from /home/airflow/.local/lib/python3.8/site-packages/airflow/example_dags/example_external_task_marker_dag.py
[2025-05-04T23:31:58.631+0000] {logging_mixin.py:188} INFO - [2025-05-04T23:31:58.631+0000] {dag.py:3033} INFO - Sync 2 DAGs
[2025-05-04T23:31:58.639+0000] {logging_mixin.py:188} INFO - [2025-05-04T23:31:58.639+0000] {dag.py:3820} INFO - Setting next_dagrun for example_external_task_marker_child to None, run_after=None
[2025-05-04T23:31:58.642+0000] {logging_mixin.py:188} INFO - [2025-05-04T23:31:58.642+0000] {dag.py:3820} INFO - Setting next_dagrun for example_external_task_marker_parent to None, run_after=None
[2025-05-04T23:31:58.652+0000] {processor.py:183} INFO - Processing /home/airflow/.local/lib/python3.8/site-packages/airflow/example_dags/example_external_task_marker_dag.py took 0.040 seconds
[2025-05-04T23:32:29.300+0000] {processor.py:161} INFO - Started process (PID=501) to work on /home/airflow/.local/lib/python3.8/site-packages/airflow/example_dags/example_external_task_marker_dag.py
[2025-05-04T23:32:29.302+0000] {processor.py:830} INFO - Processing file /home/airflow/.local/lib/python3.8/site-packages/airflow/example_dags/example_external_task_marker_dag.py for tasks to queue
[2025-05-04T23:32:29.304+0000] {logging_mixin.py:188} INFO - [2025-05-04T23:32:29.304+0000] {dagbag.py:538} INFO - Filling up the DagBag from /home/airflow/.local/lib/python3.8/site-packages/airflow/example_dags/example_external_task_marker_dag.py
[2025-05-04T23:32:29.307+0000] {processor.py:840} INFO - DAG(s) 'example_external_task_marker_child', 'example_external_task_marker_parent' retrieved from /home/airflow/.local/lib/python3.8/site-packages/airflow/example_dags/example_external_task_marker_dag.py
[2025-05-04T23:32:29.319+0000] {logging_mixin.py:188} INFO - [2025-05-04T23:32:29.319+0000] {dag.py:3033} INFO - Sync 2 DAGs
[2025-05-04T23:32:29.326+0000] {logging_mixin.py:188} INFO - [2025-05-04T23:32:29.326+0000] {dag.py:3820} INFO - Setting next_dagrun for example_external_task_marker_child to None, run_after=None
[2025-05-04T23:32:29.329+0000] {logging_mixin.py:188} INFO - [2025-05-04T23:32:29.329+0000] {dag.py:3820} INFO - Setting next_dagrun for example_external_task_marker_parent to None, run_after=None
[2025-05-04T23:32:29.343+0000] {processor.py:183} INFO - Processing /home/airflow/.local/lib/python3.8/site-packages/airflow/example_dags/example_external_task_marker_dag.py took 0.045 seconds
[2025-05-04T23:47:21.531+0000] {processor.py:161} INFO - Started process (PID=48) to work on /home/airflow/.local/lib/python3.8/site-packages/airflow/example_dags/example_external_task_marker_dag.py
[2025-05-04T23:47:21.534+0000] {processor.py:830} INFO - Processing file /home/airflow/.local/lib/python3.8/site-packages/airflow/example_dags/example_external_task_marker_dag.py for tasks to queue
[2025-05-04T23:47:21.536+0000] {logging_mixin.py:188} INFO - [2025-05-04T23:47:21.536+0000] {dagbag.py:538} INFO - Filling up the DagBag from /home/airflow/.local/lib/python3.8/site-packages/airflow/example_dags/example_external_task_marker_dag.py
[2025-05-04T23:47:21.542+0000] {processor.py:840} INFO - DAG(s) 'example_external_task_marker_parent', 'example_external_task_marker_child' retrieved from /home/airflow/.local/lib/python3.8/site-packages/airflow/example_dags/example_external_task_marker_dag.py
[2025-05-04T23:47:21.561+0000] {logging_mixin.py:188} INFO - [2025-05-04T23:47:21.561+0000] {dag.py:3033} INFO - Sync 2 DAGs
[2025-05-04T23:47:21.581+0000] {logging_mixin.py:188} INFO - [2025-05-04T23:47:21.581+0000] {dag.py:3820} INFO - Setting next_dagrun for example_external_task_marker_child to None, run_after=None
[2025-05-04T23:47:21.586+0000] {logging_mixin.py:188} INFO - [2025-05-04T23:47:21.586+0000] {dag.py:3820} INFO - Setting next_dagrun for example_external_task_marker_parent to None, run_after=None
[2025-05-04T23:47:21.603+0000] {processor.py:183} INFO - Processing /home/airflow/.local/lib/python3.8/site-packages/airflow/example_dags/example_external_task_marker_dag.py took 0.077 seconds
[2025-05-04T23:47:52.105+0000] {processor.py:161} INFO - Started process (PID=104) to work on /home/airflow/.local/lib/python3.8/site-packages/airflow/example_dags/example_external_task_marker_dag.py
[2025-05-04T23:47:52.106+0000] {processor.py:830} INFO - Processing file /home/airflow/.local/lib/python3.8/site-packages/airflow/example_dags/example_external_task_marker_dag.py for tasks to queue
[2025-05-04T23:47:52.108+0000] {logging_mixin.py:188} INFO - [2025-05-04T23:47:52.108+0000] {dagbag.py:538} INFO - Filling up the DagBag from /home/airflow/.local/lib/python3.8/site-packages/airflow/example_dags/example_external_task_marker_dag.py
[2025-05-04T23:47:52.110+0000] {processor.py:840} INFO - DAG(s) 'example_external_task_marker_child', 'example_external_task_marker_parent' retrieved from /home/airflow/.local/lib/python3.8/site-packages/airflow/example_dags/example_external_task_marker_dag.py
[2025-05-04T23:47:52.159+0000] {logging_mixin.py:188} INFO - [2025-05-04T23:47:52.159+0000] {dag.py:3033} INFO - Sync 2 DAGs
[2025-05-04T23:47:52.163+0000] {logging_mixin.py:188} INFO - [2025-05-04T23:47:52.163+0000] {dag.py:3820} INFO - Setting next_dagrun for example_external_task_marker_child to None, run_after=None
[2025-05-04T23:47:52.164+0000] {logging_mixin.py:188} INFO - [2025-05-04T23:47:52.164+0000] {dag.py:3820} INFO - Setting next_dagrun for example_external_task_marker_parent to None, run_after=None
[2025-05-04T23:47:52.170+0000] {processor.py:183} INFO - Processing /home/airflow/.local/lib/python3.8/site-packages/airflow/example_dags/example_external_task_marker_dag.py took 0.066 seconds
[2025-05-04T23:48:22.431+0000] {processor.py:161} INFO - Started process (PID=160) to work on /home/airflow/.local/lib/python3.8/site-packages/airflow/example_dags/example_external_task_marker_dag.py
[2025-05-04T23:48:22.432+0000] {processor.py:830} INFO - Processing file /home/airflow/.local/lib/python3.8/site-packages/airflow/example_dags/example_external_task_marker_dag.py for tasks to queue
[2025-05-04T23:48:22.435+0000] {logging_mixin.py:188} INFO - [2025-05-04T23:48:22.434+0000] {dagbag.py:538} INFO - Filling up the DagBag from /home/airflow/.local/lib/python3.8/site-packages/airflow/example_dags/example_external_task_marker_dag.py
[2025-05-04T23:48:22.437+0000] {processor.py:840} INFO - DAG(s) 'example_external_task_marker_parent', 'example_external_task_marker_child' retrieved from /home/airflow/.local/lib/python3.8/site-packages/airflow/example_dags/example_external_task_marker_dag.py
[2025-05-04T23:48:22.450+0000] {logging_mixin.py:188} INFO - [2025-05-04T23:48:22.450+0000] {dag.py:3033} INFO - Sync 2 DAGs
[2025-05-04T23:48:22.455+0000] {logging_mixin.py:188} INFO - [2025-05-04T23:48:22.455+0000] {dag.py:3820} INFO - Setting next_dagrun for example_external_task_marker_child to None, run_after=None
[2025-05-04T23:48:22.457+0000] {logging_mixin.py:188} INFO - [2025-05-04T23:48:22.457+0000] {dag.py:3820} INFO - Setting next_dagrun for example_external_task_marker_parent to None, run_after=None
[2025-05-04T23:48:22.463+0000] {processor.py:183} INFO - Processing /home/airflow/.local/lib/python3.8/site-packages/airflow/example_dags/example_external_task_marker_dag.py took 0.033 seconds
[2025-05-04T23:48:53.143+0000] {processor.py:161} INFO - Started process (PID=216) to work on /home/airflow/.local/lib/python3.8/site-packages/airflow/example_dags/example_external_task_marker_dag.py
[2025-05-04T23:48:53.144+0000] {processor.py:830} INFO - Processing file /home/airflow/.local/lib/python3.8/site-packages/airflow/example_dags/example_external_task_marker_dag.py for tasks to queue
[2025-05-04T23:48:53.145+0000] {logging_mixin.py:188} INFO - [2025-05-04T23:48:53.145+0000] {dagbag.py:538} INFO - Filling up the DagBag from /home/airflow/.local/lib/python3.8/site-packages/airflow/example_dags/example_external_task_marker_dag.py
[2025-05-04T23:48:53.147+0000] {processor.py:840} INFO - DAG(s) 'example_external_task_marker_child', 'example_external_task_marker_parent' retrieved from /home/airflow/.local/lib/python3.8/site-packages/airflow/example_dags/example_external_task_marker_dag.py
[2025-05-04T23:48:53.158+0000] {logging_mixin.py:188} INFO - [2025-05-04T23:48:53.158+0000] {dag.py:3033} INFO - Sync 2 DAGs
[2025-05-04T23:48:53.163+0000] {logging_mixin.py:188} INFO - [2025-05-04T23:48:53.163+0000] {dag.py:3820} INFO - Setting next_dagrun for example_external_task_marker_child to None, run_after=None
[2025-05-04T23:48:53.164+0000] {logging_mixin.py:188} INFO - [2025-05-04T23:48:53.164+0000] {dag.py:3820} INFO - Setting next_dagrun for example_external_task_marker_parent to None, run_after=None
[2025-05-04T23:48:53.175+0000] {processor.py:183} INFO - Processing /home/airflow/.local/lib/python3.8/site-packages/airflow/example_dags/example_external_task_marker_dag.py took 0.033 seconds
[2025-05-04T23:49:23.782+0000] {processor.py:161} INFO - Started process (PID=272) to work on /home/airflow/.local/lib/python3.8/site-packages/airflow/example_dags/example_external_task_marker_dag.py
[2025-05-04T23:49:23.786+0000] {processor.py:830} INFO - Processing file /home/airflow/.local/lib/python3.8/site-packages/airflow/example_dags/example_external_task_marker_dag.py for tasks to queue
[2025-05-04T23:49:23.787+0000] {logging_mixin.py:188} INFO - [2025-05-04T23:49:23.787+0000] {dagbag.py:538} INFO - Filling up the DagBag from /home/airflow/.local/lib/python3.8/site-packages/airflow/example_dags/example_external_task_marker_dag.py
[2025-05-04T23:49:23.790+0000] {processor.py:840} INFO - DAG(s) 'example_external_task_marker_child', 'example_external_task_marker_parent' retrieved from /home/airflow/.local/lib/python3.8/site-packages/airflow/example_dags/example_external_task_marker_dag.py
[2025-05-04T23:49:23.803+0000] {logging_mixin.py:188} INFO - [2025-05-04T23:49:23.803+0000] {dag.py:3033} INFO - Sync 2 DAGs
[2025-05-04T23:49:23.808+0000] {logging_mixin.py:188} INFO - [2025-05-04T23:49:23.808+0000] {dag.py:3820} INFO - Setting next_dagrun for example_external_task_marker_child to None, run_after=None
[2025-05-04T23:49:23.810+0000] {logging_mixin.py:188} INFO - [2025-05-04T23:49:23.810+0000] {dag.py:3820} INFO - Setting next_dagrun for example_external_task_marker_parent to None, run_after=None
[2025-05-04T23:49:23.820+0000] {processor.py:183} INFO - Processing /home/airflow/.local/lib/python3.8/site-packages/airflow/example_dags/example_external_task_marker_dag.py took 0.041 seconds
[2025-05-04T23:49:54.657+0000] {processor.py:161} INFO - Started process (PID=328) to work on /home/airflow/.local/lib/python3.8/site-packages/airflow/example_dags/example_external_task_marker_dag.py
[2025-05-04T23:49:54.659+0000] {processor.py:830} INFO - Processing file /home/airflow/.local/lib/python3.8/site-packages/airflow/example_dags/example_external_task_marker_dag.py for tasks to queue
[2025-05-04T23:49:54.660+0000] {logging_mixin.py:188} INFO - [2025-05-04T23:49:54.660+0000] {dagbag.py:538} INFO - Filling up the DagBag from /home/airflow/.local/lib/python3.8/site-packages/airflow/example_dags/example_external_task_marker_dag.py
[2025-05-04T23:49:54.662+0000] {processor.py:840} INFO - DAG(s) 'example_external_task_marker_parent', 'example_external_task_marker_child' retrieved from /home/airflow/.local/lib/python3.8/site-packages/airflow/example_dags/example_external_task_marker_dag.py
[2025-05-04T23:49:54.672+0000] {logging_mixin.py:188} INFO - [2025-05-04T23:49:54.672+0000] {dag.py:3033} INFO - Sync 2 DAGs
[2025-05-04T23:49:54.677+0000] {logging_mixin.py:188} INFO - [2025-05-04T23:49:54.677+0000] {dag.py:3820} INFO - Setting next_dagrun for example_external_task_marker_child to None, run_after=None
[2025-05-04T23:49:54.678+0000] {logging_mixin.py:188} INFO - [2025-05-04T23:49:54.678+0000] {dag.py:3820} INFO - Setting next_dagrun for example_external_task_marker_parent to None, run_after=None
[2025-05-04T23:49:54.684+0000] {processor.py:183} INFO - Processing /home/airflow/.local/lib/python3.8/site-packages/airflow/example_dags/example_external_task_marker_dag.py took 0.028 seconds
