[2025-05-04T22:22:10.766+0000] {processor.py:161} INFO - Started process (PID=67) to work on /home/airflow/.local/lib/python3.8/site-packages/airflow/example_dags/example_params_trigger_ui.py
[2025-05-04T22:22:10.767+0000] {processor.py:830} INFO - Processing file /home/airflow/.local/lib/python3.8/site-packages/airflow/example_dags/example_params_trigger_ui.py for tasks to queue
[2025-05-04T22:22:10.769+0000] {logging_mixin.py:188} INFO - [2025-05-04T22:22:10.769+0000] {dagbag.py:538} INFO - Filling up the DagBag from /home/airflow/.local/lib/python3.8/site-packages/airflow/example_dags/example_params_trigger_ui.py
[2025-05-04T22:22:10.778+0000] {processor.py:840} INFO - DAG(s) 'example_params_trigger_ui' retrieved from /home/airflow/.local/lib/python3.8/site-packages/airflow/example_dags/example_params_trigger_ui.py
[2025-05-04T22:22:10.784+0000] {logging_mixin.py:188} INFO - [2025-05-04T22:22:10.784+0000] {dag.py:3033} INFO - Sync 1 DAGs
[2025-05-04T22:22:10.791+0000] {logging_mixin.py:188} INFO - [2025-05-04T22:22:10.791+0000] {dag.py:3820} INFO - Setting next_dagrun for example_params_trigger_ui to None, run_after=None
[2025-05-04T22:22:10.805+0000] {processor.py:183} INFO - Processing /home/airflow/.local/lib/python3.8/site-packages/airflow/example_dags/example_params_trigger_ui.py took 0.040 seconds
[2025-05-04T22:22:41.375+0000] {processor.py:161} INFO - Started process (PID=122) to work on /home/airflow/.local/lib/python3.8/site-packages/airflow/example_dags/example_params_trigger_ui.py
[2025-05-04T22:22:41.375+0000] {processor.py:830} INFO - Processing file /home/airflow/.local/lib/python3.8/site-packages/airflow/example_dags/example_params_trigger_ui.py for tasks to queue
[2025-05-04T22:22:41.376+0000] {logging_mixin.py:188} INFO - [2025-05-04T22:22:41.376+0000] {dagbag.py:538} INFO - Filling up the DagBag from /home/airflow/.local/lib/python3.8/site-packages/airflow/example_dags/example_params_trigger_ui.py
[2025-05-04T22:22:41.382+0000] {processor.py:840} INFO - DAG(s) 'example_params_trigger_ui' retrieved from /home/airflow/.local/lib/python3.8/site-packages/airflow/example_dags/example_params_trigger_ui.py
[2025-05-04T22:22:41.437+0000] {logging_mixin.py:188} INFO - [2025-05-04T22:22:41.437+0000] {dag.py:3033} INFO - Sync 1 DAGs
[2025-05-04T22:22:41.442+0000] {logging_mixin.py:188} INFO - [2025-05-04T22:22:41.442+0000] {dag.py:3820} INFO - Setting next_dagrun for example_params_trigger_ui to None, run_after=None
[2025-05-04T22:22:41.451+0000] {processor.py:183} INFO - Processing /home/airflow/.local/lib/python3.8/site-packages/airflow/example_dags/example_params_trigger_ui.py took 0.078 seconds
[2025-05-04T22:23:12.290+0000] {processor.py:161} INFO - Started process (PID=177) to work on /home/airflow/.local/lib/python3.8/site-packages/airflow/example_dags/example_params_trigger_ui.py
[2025-05-04T22:23:12.290+0000] {processor.py:830} INFO - Processing file /home/airflow/.local/lib/python3.8/site-packages/airflow/example_dags/example_params_trigger_ui.py for tasks to queue
[2025-05-04T22:23:12.291+0000] {logging_mixin.py:188} INFO - [2025-05-04T22:23:12.291+0000] {dagbag.py:538} INFO - Filling up the DagBag from /home/airflow/.local/lib/python3.8/site-packages/airflow/example_dags/example_params_trigger_ui.py
[2025-05-04T22:23:12.297+0000] {processor.py:840} INFO - DAG(s) 'example_params_trigger_ui' retrieved from /home/airflow/.local/lib/python3.8/site-packages/airflow/example_dags/example_params_trigger_ui.py
[2025-05-04T22:23:12.316+0000] {logging_mixin.py:188} INFO - [2025-05-04T22:23:12.316+0000] {dag.py:3033} INFO - Sync 1 DAGs
[2025-05-04T22:23:12.321+0000] {logging_mixin.py:188} INFO - [2025-05-04T22:23:12.320+0000] {dag.py:3820} INFO - Setting next_dagrun for example_params_trigger_ui to None, run_after=None
[2025-05-04T22:23:12.327+0000] {processor.py:183} INFO - Processing /home/airflow/.local/lib/python3.8/site-packages/airflow/example_dags/example_params_trigger_ui.py took 0.039 seconds
[2025-05-04T22:23:42.813+0000] {processor.py:161} INFO - Started process (PID=232) to work on /home/airflow/.local/lib/python3.8/site-packages/airflow/example_dags/example_params_trigger_ui.py
[2025-05-04T22:23:42.814+0000] {processor.py:830} INFO - Processing file /home/airflow/.local/lib/python3.8/site-packages/airflow/example_dags/example_params_trigger_ui.py for tasks to queue
[2025-05-04T22:23:42.815+0000] {logging_mixin.py:188} INFO - [2025-05-04T22:23:42.815+0000] {dagbag.py:538} INFO - Filling up the DagBag from /home/airflow/.local/lib/python3.8/site-packages/airflow/example_dags/example_params_trigger_ui.py
[2025-05-04T22:23:42.822+0000] {processor.py:840} INFO - DAG(s) 'example_params_trigger_ui' retrieved from /home/airflow/.local/lib/python3.8/site-packages/airflow/example_dags/example_params_trigger_ui.py
[2025-05-04T22:23:42.842+0000] {logging_mixin.py:188} INFO - [2025-05-04T22:23:42.842+0000] {dag.py:3033} INFO - Sync 1 DAGs
[2025-05-04T22:23:42.848+0000] {logging_mixin.py:188} INFO - [2025-05-04T22:23:42.848+0000] {dag.py:3820} INFO - Setting next_dagrun for example_params_trigger_ui to None, run_after=None
[2025-05-04T22:23:42.855+0000] {processor.py:183} INFO - Processing /home/airflow/.local/lib/python3.8/site-packages/airflow/example_dags/example_params_trigger_ui.py took 0.043 seconds
[2025-05-04T22:24:13.442+0000] {processor.py:161} INFO - Started process (PID=287) to work on /home/airflow/.local/lib/python3.8/site-packages/airflow/example_dags/example_params_trigger_ui.py
[2025-05-04T22:24:13.443+0000] {processor.py:830} INFO - Processing file /home/airflow/.local/lib/python3.8/site-packages/airflow/example_dags/example_params_trigger_ui.py for tasks to queue
[2025-05-04T22:24:13.444+0000] {logging_mixin.py:188} INFO - [2025-05-04T22:24:13.444+0000] {dagbag.py:538} INFO - Filling up the DagBag from /home/airflow/.local/lib/python3.8/site-packages/airflow/example_dags/example_params_trigger_ui.py
[2025-05-04T22:24:13.451+0000] {processor.py:840} INFO - DAG(s) 'example_params_trigger_ui' retrieved from /home/airflow/.local/lib/python3.8/site-packages/airflow/example_dags/example_params_trigger_ui.py
[2025-05-04T22:24:13.475+0000] {logging_mixin.py:188} INFO - [2025-05-04T22:24:13.475+0000] {dag.py:3033} INFO - Sync 1 DAGs
[2025-05-04T22:24:13.483+0000] {logging_mixin.py:188} INFO - [2025-05-04T22:24:13.483+0000] {dag.py:3820} INFO - Setting next_dagrun for example_params_trigger_ui to None, run_after=None
[2025-05-04T22:24:13.495+0000] {processor.py:183} INFO - Processing /home/airflow/.local/lib/python3.8/site-packages/airflow/example_dags/example_params_trigger_ui.py took 0.055 seconds
[2025-05-04T22:24:44.049+0000] {processor.py:161} INFO - Started process (PID=342) to work on /home/airflow/.local/lib/python3.8/site-packages/airflow/example_dags/example_params_trigger_ui.py
[2025-05-04T22:24:44.050+0000] {processor.py:830} INFO - Processing file /home/airflow/.local/lib/python3.8/site-packages/airflow/example_dags/example_params_trigger_ui.py for tasks to queue
[2025-05-04T22:24:44.053+0000] {logging_mixin.py:188} INFO - [2025-05-04T22:24:44.052+0000] {dagbag.py:538} INFO - Filling up the DagBag from /home/airflow/.local/lib/python3.8/site-packages/airflow/example_dags/example_params_trigger_ui.py
[2025-05-04T22:24:44.059+0000] {processor.py:840} INFO - DAG(s) 'example_params_trigger_ui' retrieved from /home/airflow/.local/lib/python3.8/site-packages/airflow/example_dags/example_params_trigger_ui.py
[2025-05-04T22:24:44.083+0000] {logging_mixin.py:188} INFO - [2025-05-04T22:24:44.083+0000] {dag.py:3033} INFO - Sync 1 DAGs
[2025-05-04T22:24:44.088+0000] {logging_mixin.py:188} INFO - [2025-05-04T22:24:44.088+0000] {dag.py:3820} INFO - Setting next_dagrun for example_params_trigger_ui to None, run_after=None
[2025-05-04T22:24:44.096+0000] {processor.py:183} INFO - Processing /home/airflow/.local/lib/python3.8/site-packages/airflow/example_dags/example_params_trigger_ui.py took 0.048 seconds
[2025-05-04T22:25:29.432+0000] {processor.py:161} INFO - Started process (PID=68) to work on /home/airflow/.local/lib/python3.8/site-packages/airflow/example_dags/example_params_trigger_ui.py
[2025-05-04T22:25:29.435+0000] {processor.py:830} INFO - Processing file /home/airflow/.local/lib/python3.8/site-packages/airflow/example_dags/example_params_trigger_ui.py for tasks to queue
[2025-05-04T22:25:29.439+0000] {logging_mixin.py:188} INFO - [2025-05-04T22:25:29.439+0000] {dagbag.py:538} INFO - Filling up the DagBag from /home/airflow/.local/lib/python3.8/site-packages/airflow/example_dags/example_params_trigger_ui.py
[2025-05-04T22:25:29.450+0000] {processor.py:840} INFO - DAG(s) 'example_params_trigger_ui' retrieved from /home/airflow/.local/lib/python3.8/site-packages/airflow/example_dags/example_params_trigger_ui.py
[2025-05-04T22:25:29.460+0000] {logging_mixin.py:188} INFO - [2025-05-04T22:25:29.460+0000] {dag.py:3033} INFO - Sync 1 DAGs
[2025-05-04T22:25:29.469+0000] {logging_mixin.py:188} INFO - [2025-05-04T22:25:29.469+0000] {dag.py:3820} INFO - Setting next_dagrun for example_params_trigger_ui to None, run_after=None
[2025-05-04T22:25:29.492+0000] {processor.py:183} INFO - Processing /home/airflow/.local/lib/python3.8/site-packages/airflow/example_dags/example_params_trigger_ui.py took 0.065 seconds
[2025-05-04T22:25:59.738+0000] {processor.py:161} INFO - Started process (PID=124) to work on /home/airflow/.local/lib/python3.8/site-packages/airflow/example_dags/example_params_trigger_ui.py
[2025-05-04T22:25:59.739+0000] {processor.py:830} INFO - Processing file /home/airflow/.local/lib/python3.8/site-packages/airflow/example_dags/example_params_trigger_ui.py for tasks to queue
[2025-05-04T22:25:59.740+0000] {logging_mixin.py:188} INFO - [2025-05-04T22:25:59.740+0000] {dagbag.py:538} INFO - Filling up the DagBag from /home/airflow/.local/lib/python3.8/site-packages/airflow/example_dags/example_params_trigger_ui.py
[2025-05-04T22:25:59.747+0000] {processor.py:840} INFO - DAG(s) 'example_params_trigger_ui' retrieved from /home/airflow/.local/lib/python3.8/site-packages/airflow/example_dags/example_params_trigger_ui.py
[2025-05-04T22:25:59.801+0000] {logging_mixin.py:188} INFO - [2025-05-04T22:25:59.801+0000] {dag.py:3033} INFO - Sync 1 DAGs
[2025-05-04T22:25:59.806+0000] {logging_mixin.py:188} INFO - [2025-05-04T22:25:59.806+0000] {dag.py:3820} INFO - Setting next_dagrun for example_params_trigger_ui to None, run_after=None
[2025-05-04T22:25:59.822+0000] {processor.py:183} INFO - Processing /home/airflow/.local/lib/python3.8/site-packages/airflow/example_dags/example_params_trigger_ui.py took 0.085 seconds
[2025-05-04T22:26:30.824+0000] {processor.py:161} INFO - Started process (PID=180) to work on /home/airflow/.local/lib/python3.8/site-packages/airflow/example_dags/example_params_trigger_ui.py
[2025-05-04T22:26:30.824+0000] {processor.py:830} INFO - Processing file /home/airflow/.local/lib/python3.8/site-packages/airflow/example_dags/example_params_trigger_ui.py for tasks to queue
[2025-05-04T22:26:30.826+0000] {logging_mixin.py:188} INFO - [2025-05-04T22:26:30.826+0000] {dagbag.py:538} INFO - Filling up the DagBag from /home/airflow/.local/lib/python3.8/site-packages/airflow/example_dags/example_params_trigger_ui.py
[2025-05-04T22:26:30.834+0000] {processor.py:840} INFO - DAG(s) 'example_params_trigger_ui' retrieved from /home/airflow/.local/lib/python3.8/site-packages/airflow/example_dags/example_params_trigger_ui.py
[2025-05-04T22:26:30.860+0000] {logging_mixin.py:188} INFO - [2025-05-04T22:26:30.860+0000] {dag.py:3033} INFO - Sync 1 DAGs
[2025-05-04T22:26:30.868+0000] {logging_mixin.py:188} INFO - [2025-05-04T22:26:30.868+0000] {dag.py:3820} INFO - Setting next_dagrun for example_params_trigger_ui to None, run_after=None
[2025-05-04T22:26:30.877+0000] {processor.py:183} INFO - Processing /home/airflow/.local/lib/python3.8/site-packages/airflow/example_dags/example_params_trigger_ui.py took 0.056 seconds
[2025-05-04T22:27:01.475+0000] {processor.py:161} INFO - Started process (PID=240) to work on /home/airflow/.local/lib/python3.8/site-packages/airflow/example_dags/example_params_trigger_ui.py
[2025-05-04T22:27:01.475+0000] {processor.py:830} INFO - Processing file /home/airflow/.local/lib/python3.8/site-packages/airflow/example_dags/example_params_trigger_ui.py for tasks to queue
[2025-05-04T22:27:01.476+0000] {logging_mixin.py:188} INFO - [2025-05-04T22:27:01.476+0000] {dagbag.py:538} INFO - Filling up the DagBag from /home/airflow/.local/lib/python3.8/site-packages/airflow/example_dags/example_params_trigger_ui.py
[2025-05-04T22:27:01.482+0000] {processor.py:840} INFO - DAG(s) 'example_params_trigger_ui' retrieved from /home/airflow/.local/lib/python3.8/site-packages/airflow/example_dags/example_params_trigger_ui.py
[2025-05-04T22:27:01.510+0000] {logging_mixin.py:188} INFO - [2025-05-04T22:27:01.509+0000] {dag.py:3033} INFO - Sync 1 DAGs
[2025-05-04T22:27:01.515+0000] {logging_mixin.py:188} INFO - [2025-05-04T22:27:01.515+0000] {dag.py:3820} INFO - Setting next_dagrun for example_params_trigger_ui to None, run_after=None
[2025-05-04T22:27:01.529+0000] {processor.py:183} INFO - Processing /home/airflow/.local/lib/python3.8/site-packages/airflow/example_dags/example_params_trigger_ui.py took 0.057 seconds
[2025-05-04T22:27:32.118+0000] {processor.py:161} INFO - Started process (PID=296) to work on /home/airflow/.local/lib/python3.8/site-packages/airflow/example_dags/example_params_trigger_ui.py
[2025-05-04T22:27:32.118+0000] {processor.py:830} INFO - Processing file /home/airflow/.local/lib/python3.8/site-packages/airflow/example_dags/example_params_trigger_ui.py for tasks to queue
[2025-05-04T22:27:32.121+0000] {logging_mixin.py:188} INFO - [2025-05-04T22:27:32.119+0000] {dagbag.py:538} INFO - Filling up the DagBag from /home/airflow/.local/lib/python3.8/site-packages/airflow/example_dags/example_params_trigger_ui.py
[2025-05-04T22:27:32.127+0000] {processor.py:840} INFO - DAG(s) 'example_params_trigger_ui' retrieved from /home/airflow/.local/lib/python3.8/site-packages/airflow/example_dags/example_params_trigger_ui.py
[2025-05-04T22:27:32.154+0000] {logging_mixin.py:188} INFO - [2025-05-04T22:27:32.154+0000] {dag.py:3033} INFO - Sync 1 DAGs
[2025-05-04T22:27:32.160+0000] {logging_mixin.py:188} INFO - [2025-05-04T22:27:32.160+0000] {dag.py:3820} INFO - Setting next_dagrun for example_params_trigger_ui to None, run_after=None
[2025-05-04T22:27:32.171+0000] {processor.py:183} INFO - Processing /home/airflow/.local/lib/python3.8/site-packages/airflow/example_dags/example_params_trigger_ui.py took 0.055 seconds
[2025-05-04T22:28:02.756+0000] {processor.py:161} INFO - Started process (PID=352) to work on /home/airflow/.local/lib/python3.8/site-packages/airflow/example_dags/example_params_trigger_ui.py
[2025-05-04T22:28:02.757+0000] {processor.py:830} INFO - Processing file /home/airflow/.local/lib/python3.8/site-packages/airflow/example_dags/example_params_trigger_ui.py for tasks to queue
[2025-05-04T22:28:02.758+0000] {logging_mixin.py:188} INFO - [2025-05-04T22:28:02.758+0000] {dagbag.py:538} INFO - Filling up the DagBag from /home/airflow/.local/lib/python3.8/site-packages/airflow/example_dags/example_params_trigger_ui.py
[2025-05-04T22:28:02.765+0000] {processor.py:840} INFO - DAG(s) 'example_params_trigger_ui' retrieved from /home/airflow/.local/lib/python3.8/site-packages/airflow/example_dags/example_params_trigger_ui.py
[2025-05-04T22:28:02.787+0000] {logging_mixin.py:188} INFO - [2025-05-04T22:28:02.786+0000] {dag.py:3033} INFO - Sync 1 DAGs
[2025-05-04T22:28:02.792+0000] {logging_mixin.py:188} INFO - [2025-05-04T22:28:02.792+0000] {dag.py:3820} INFO - Setting next_dagrun for example_params_trigger_ui to None, run_after=None
[2025-05-04T22:28:02.803+0000] {processor.py:183} INFO - Processing /home/airflow/.local/lib/python3.8/site-packages/airflow/example_dags/example_params_trigger_ui.py took 0.049 seconds
[2025-05-04T22:28:33.421+0000] {processor.py:161} INFO - Started process (PID=408) to work on /home/airflow/.local/lib/python3.8/site-packages/airflow/example_dags/example_params_trigger_ui.py
[2025-05-04T22:28:33.421+0000] {processor.py:830} INFO - Processing file /home/airflow/.local/lib/python3.8/site-packages/airflow/example_dags/example_params_trigger_ui.py for tasks to queue
[2025-05-04T22:28:33.423+0000] {logging_mixin.py:188} INFO - [2025-05-04T22:28:33.423+0000] {dagbag.py:538} INFO - Filling up the DagBag from /home/airflow/.local/lib/python3.8/site-packages/airflow/example_dags/example_params_trigger_ui.py
[2025-05-04T22:28:33.431+0000] {processor.py:840} INFO - DAG(s) 'example_params_trigger_ui' retrieved from /home/airflow/.local/lib/python3.8/site-packages/airflow/example_dags/example_params_trigger_ui.py
[2025-05-04T22:28:33.452+0000] {logging_mixin.py:188} INFO - [2025-05-04T22:28:33.452+0000] {dag.py:3033} INFO - Sync 1 DAGs
[2025-05-04T22:28:33.458+0000] {logging_mixin.py:188} INFO - [2025-05-04T22:28:33.458+0000] {dag.py:3820} INFO - Setting next_dagrun for example_params_trigger_ui to None, run_after=None
[2025-05-04T22:28:33.466+0000] {processor.py:183} INFO - Processing /home/airflow/.local/lib/python3.8/site-packages/airflow/example_dags/example_params_trigger_ui.py took 0.048 seconds
[2025-05-04T22:29:04.042+0000] {processor.py:161} INFO - Started process (PID=464) to work on /home/airflow/.local/lib/python3.8/site-packages/airflow/example_dags/example_params_trigger_ui.py
[2025-05-04T22:29:04.044+0000] {processor.py:830} INFO - Processing file /home/airflow/.local/lib/python3.8/site-packages/airflow/example_dags/example_params_trigger_ui.py for tasks to queue
[2025-05-04T22:29:04.045+0000] {logging_mixin.py:188} INFO - [2025-05-04T22:29:04.045+0000] {dagbag.py:538} INFO - Filling up the DagBag from /home/airflow/.local/lib/python3.8/site-packages/airflow/example_dags/example_params_trigger_ui.py
[2025-05-04T22:29:04.052+0000] {processor.py:840} INFO - DAG(s) 'example_params_trigger_ui' retrieved from /home/airflow/.local/lib/python3.8/site-packages/airflow/example_dags/example_params_trigger_ui.py
[2025-05-04T22:29:04.074+0000] {logging_mixin.py:188} INFO - [2025-05-04T22:29:04.074+0000] {dag.py:3033} INFO - Sync 1 DAGs
[2025-05-04T22:29:04.080+0000] {logging_mixin.py:188} INFO - [2025-05-04T22:29:04.080+0000] {dag.py:3820} INFO - Setting next_dagrun for example_params_trigger_ui to None, run_after=None
[2025-05-04T22:29:04.088+0000] {processor.py:183} INFO - Processing /home/airflow/.local/lib/python3.8/site-packages/airflow/example_dags/example_params_trigger_ui.py took 0.048 seconds
[2025-05-04T22:29:34.908+0000] {processor.py:161} INFO - Started process (PID=520) to work on /home/airflow/.local/lib/python3.8/site-packages/airflow/example_dags/example_params_trigger_ui.py
[2025-05-04T22:29:34.908+0000] {processor.py:830} INFO - Processing file /home/airflow/.local/lib/python3.8/site-packages/airflow/example_dags/example_params_trigger_ui.py for tasks to queue
[2025-05-04T22:29:34.910+0000] {logging_mixin.py:188} INFO - [2025-05-04T22:29:34.909+0000] {dagbag.py:538} INFO - Filling up the DagBag from /home/airflow/.local/lib/python3.8/site-packages/airflow/example_dags/example_params_trigger_ui.py
[2025-05-04T22:29:34.917+0000] {processor.py:840} INFO - DAG(s) 'example_params_trigger_ui' retrieved from /home/airflow/.local/lib/python3.8/site-packages/airflow/example_dags/example_params_trigger_ui.py
[2025-05-04T22:29:34.936+0000] {logging_mixin.py:188} INFO - [2025-05-04T22:29:34.936+0000] {dag.py:3033} INFO - Sync 1 DAGs
[2025-05-04T22:29:34.941+0000] {logging_mixin.py:188} INFO - [2025-05-04T22:29:34.941+0000] {dag.py:3820} INFO - Setting next_dagrun for example_params_trigger_ui to None, run_after=None
[2025-05-04T22:29:34.947+0000] {processor.py:183} INFO - Processing /home/airflow/.local/lib/python3.8/site-packages/airflow/example_dags/example_params_trigger_ui.py took 0.041 seconds
[2025-05-04T22:30:05.610+0000] {processor.py:161} INFO - Started process (PID=576) to work on /home/airflow/.local/lib/python3.8/site-packages/airflow/example_dags/example_params_trigger_ui.py
[2025-05-04T22:30:05.611+0000] {processor.py:830} INFO - Processing file /home/airflow/.local/lib/python3.8/site-packages/airflow/example_dags/example_params_trigger_ui.py for tasks to queue
[2025-05-04T22:30:05.612+0000] {logging_mixin.py:188} INFO - [2025-05-04T22:30:05.612+0000] {dagbag.py:538} INFO - Filling up the DagBag from /home/airflow/.local/lib/python3.8/site-packages/airflow/example_dags/example_params_trigger_ui.py
[2025-05-04T22:30:05.619+0000] {processor.py:840} INFO - DAG(s) 'example_params_trigger_ui' retrieved from /home/airflow/.local/lib/python3.8/site-packages/airflow/example_dags/example_params_trigger_ui.py
[2025-05-04T22:30:05.642+0000] {logging_mixin.py:188} INFO - [2025-05-04T22:30:05.642+0000] {dag.py:3033} INFO - Sync 1 DAGs
[2025-05-04T22:30:05.648+0000] {logging_mixin.py:188} INFO - [2025-05-04T22:30:05.648+0000] {dag.py:3820} INFO - Setting next_dagrun for example_params_trigger_ui to None, run_after=None
[2025-05-04T22:30:05.658+0000] {processor.py:183} INFO - Processing /home/airflow/.local/lib/python3.8/site-packages/airflow/example_dags/example_params_trigger_ui.py took 0.050 seconds
[2025-05-04T22:30:36.249+0000] {processor.py:161} INFO - Started process (PID=632) to work on /home/airflow/.local/lib/python3.8/site-packages/airflow/example_dags/example_params_trigger_ui.py
[2025-05-04T22:30:36.250+0000] {processor.py:830} INFO - Processing file /home/airflow/.local/lib/python3.8/site-packages/airflow/example_dags/example_params_trigger_ui.py for tasks to queue
[2025-05-04T22:30:36.252+0000] {logging_mixin.py:188} INFO - [2025-05-04T22:30:36.252+0000] {dagbag.py:538} INFO - Filling up the DagBag from /home/airflow/.local/lib/python3.8/site-packages/airflow/example_dags/example_params_trigger_ui.py
[2025-05-04T22:30:36.259+0000] {processor.py:840} INFO - DAG(s) 'example_params_trigger_ui' retrieved from /home/airflow/.local/lib/python3.8/site-packages/airflow/example_dags/example_params_trigger_ui.py
[2025-05-04T22:30:36.287+0000] {logging_mixin.py:188} INFO - [2025-05-04T22:30:36.287+0000] {dag.py:3033} INFO - Sync 1 DAGs
[2025-05-04T22:30:36.294+0000] {logging_mixin.py:188} INFO - [2025-05-04T22:30:36.294+0000] {dag.py:3820} INFO - Setting next_dagrun for example_params_trigger_ui to None, run_after=None
[2025-05-04T22:30:36.301+0000] {processor.py:183} INFO - Processing /home/airflow/.local/lib/python3.8/site-packages/airflow/example_dags/example_params_trigger_ui.py took 0.054 seconds
[2025-05-04T22:31:14.670+0000] {processor.py:161} INFO - Started process (PID=69) to work on /home/airflow/.local/lib/python3.8/site-packages/airflow/example_dags/example_params_trigger_ui.py
[2025-05-04T22:31:14.670+0000] {processor.py:830} INFO - Processing file /home/airflow/.local/lib/python3.8/site-packages/airflow/example_dags/example_params_trigger_ui.py for tasks to queue
[2025-05-04T22:31:14.672+0000] {logging_mixin.py:188} INFO - [2025-05-04T22:31:14.672+0000] {dagbag.py:538} INFO - Filling up the DagBag from /home/airflow/.local/lib/python3.8/site-packages/airflow/example_dags/example_params_trigger_ui.py
[2025-05-04T22:31:14.688+0000] {processor.py:840} INFO - DAG(s) 'example_params_trigger_ui' retrieved from /home/airflow/.local/lib/python3.8/site-packages/airflow/example_dags/example_params_trigger_ui.py
[2025-05-04T22:31:14.712+0000] {logging_mixin.py:188} INFO - [2025-05-04T22:31:14.712+0000] {dag.py:3033} INFO - Sync 1 DAGs
[2025-05-04T22:31:14.721+0000] {logging_mixin.py:188} INFO - [2025-05-04T22:31:14.721+0000] {dag.py:3820} INFO - Setting next_dagrun for example_params_trigger_ui to None, run_after=None
[2025-05-04T22:31:14.744+0000] {processor.py:183} INFO - Processing /home/airflow/.local/lib/python3.8/site-packages/airflow/example_dags/example_params_trigger_ui.py took 0.077 seconds
[2025-05-04T22:31:44.836+0000] {processor.py:161} INFO - Started process (PID=125) to work on /home/airflow/.local/lib/python3.8/site-packages/airflow/example_dags/example_params_trigger_ui.py
[2025-05-04T22:31:44.836+0000] {processor.py:830} INFO - Processing file /home/airflow/.local/lib/python3.8/site-packages/airflow/example_dags/example_params_trigger_ui.py for tasks to queue
[2025-05-04T22:31:44.837+0000] {logging_mixin.py:188} INFO - [2025-05-04T22:31:44.837+0000] {dagbag.py:538} INFO - Filling up the DagBag from /home/airflow/.local/lib/python3.8/site-packages/airflow/example_dags/example_params_trigger_ui.py
[2025-05-04T22:31:44.845+0000] {processor.py:840} INFO - DAG(s) 'example_params_trigger_ui' retrieved from /home/airflow/.local/lib/python3.8/site-packages/airflow/example_dags/example_params_trigger_ui.py
[2025-05-04T22:31:44.907+0000] {logging_mixin.py:188} INFO - [2025-05-04T22:31:44.907+0000] {dag.py:3033} INFO - Sync 1 DAGs
[2025-05-04T22:31:44.912+0000] {logging_mixin.py:188} INFO - [2025-05-04T22:31:44.912+0000] {dag.py:3820} INFO - Setting next_dagrun for example_params_trigger_ui to None, run_after=None
[2025-05-04T22:31:44.922+0000] {processor.py:183} INFO - Processing /home/airflow/.local/lib/python3.8/site-packages/airflow/example_dags/example_params_trigger_ui.py took 0.089 seconds
[2025-05-04T22:32:15.862+0000] {processor.py:161} INFO - Started process (PID=185) to work on /home/airflow/.local/lib/python3.8/site-packages/airflow/example_dags/example_params_trigger_ui.py
[2025-05-04T22:32:15.865+0000] {processor.py:830} INFO - Processing file /home/airflow/.local/lib/python3.8/site-packages/airflow/example_dags/example_params_trigger_ui.py for tasks to queue
[2025-05-04T22:32:15.866+0000] {logging_mixin.py:188} INFO - [2025-05-04T22:32:15.866+0000] {dagbag.py:538} INFO - Filling up the DagBag from /home/airflow/.local/lib/python3.8/site-packages/airflow/example_dags/example_params_trigger_ui.py
[2025-05-04T22:32:15.872+0000] {processor.py:840} INFO - DAG(s) 'example_params_trigger_ui' retrieved from /home/airflow/.local/lib/python3.8/site-packages/airflow/example_dags/example_params_trigger_ui.py
[2025-05-04T22:32:15.897+0000] {logging_mixin.py:188} INFO - [2025-05-04T22:32:15.897+0000] {dag.py:3033} INFO - Sync 1 DAGs
[2025-05-04T22:32:15.904+0000] {logging_mixin.py:188} INFO - [2025-05-04T22:32:15.904+0000] {dag.py:3820} INFO - Setting next_dagrun for example_params_trigger_ui to None, run_after=None
[2025-05-04T22:32:15.914+0000] {processor.py:183} INFO - Processing /home/airflow/.local/lib/python3.8/site-packages/airflow/example_dags/example_params_trigger_ui.py took 0.054 seconds
[2025-05-04T22:32:46.651+0000] {processor.py:161} INFO - Started process (PID=241) to work on /home/airflow/.local/lib/python3.8/site-packages/airflow/example_dags/example_params_trigger_ui.py
[2025-05-04T22:32:46.653+0000] {processor.py:830} INFO - Processing file /home/airflow/.local/lib/python3.8/site-packages/airflow/example_dags/example_params_trigger_ui.py for tasks to queue
[2025-05-04T22:32:46.654+0000] {logging_mixin.py:188} INFO - [2025-05-04T22:32:46.654+0000] {dagbag.py:538} INFO - Filling up the DagBag from /home/airflow/.local/lib/python3.8/site-packages/airflow/example_dags/example_params_trigger_ui.py
[2025-05-04T22:32:46.660+0000] {processor.py:840} INFO - DAG(s) 'example_params_trigger_ui' retrieved from /home/airflow/.local/lib/python3.8/site-packages/airflow/example_dags/example_params_trigger_ui.py
[2025-05-04T22:32:46.687+0000] {logging_mixin.py:188} INFO - [2025-05-04T22:32:46.687+0000] {dag.py:3033} INFO - Sync 1 DAGs
[2025-05-04T22:32:46.693+0000] {logging_mixin.py:188} INFO - [2025-05-04T22:32:46.693+0000] {dag.py:3820} INFO - Setting next_dagrun for example_params_trigger_ui to None, run_after=None
[2025-05-04T22:32:46.702+0000] {processor.py:183} INFO - Processing /home/airflow/.local/lib/python3.8/site-packages/airflow/example_dags/example_params_trigger_ui.py took 0.053 seconds
[2025-05-04T22:33:17.400+0000] {processor.py:161} INFO - Started process (PID=297) to work on /home/airflow/.local/lib/python3.8/site-packages/airflow/example_dags/example_params_trigger_ui.py
[2025-05-04T22:33:17.402+0000] {processor.py:830} INFO - Processing file /home/airflow/.local/lib/python3.8/site-packages/airflow/example_dags/example_params_trigger_ui.py for tasks to queue
[2025-05-04T22:33:17.404+0000] {logging_mixin.py:188} INFO - [2025-05-04T22:33:17.404+0000] {dagbag.py:538} INFO - Filling up the DagBag from /home/airflow/.local/lib/python3.8/site-packages/airflow/example_dags/example_params_trigger_ui.py
[2025-05-04T22:33:17.416+0000] {processor.py:840} INFO - DAG(s) 'example_params_trigger_ui' retrieved from /home/airflow/.local/lib/python3.8/site-packages/airflow/example_dags/example_params_trigger_ui.py
[2025-05-04T22:33:17.444+0000] {logging_mixin.py:188} INFO - [2025-05-04T22:33:17.444+0000] {dag.py:3033} INFO - Sync 1 DAGs
[2025-05-04T22:33:17.450+0000] {logging_mixin.py:188} INFO - [2025-05-04T22:33:17.450+0000] {dag.py:3820} INFO - Setting next_dagrun for example_params_trigger_ui to None, run_after=None
[2025-05-04T22:33:17.461+0000] {processor.py:183} INFO - Processing /home/airflow/.local/lib/python3.8/site-packages/airflow/example_dags/example_params_trigger_ui.py took 0.062 seconds
[2025-05-04T22:33:48.090+0000] {processor.py:161} INFO - Started process (PID=353) to work on /home/airflow/.local/lib/python3.8/site-packages/airflow/example_dags/example_params_trigger_ui.py
[2025-05-04T22:33:48.091+0000] {processor.py:830} INFO - Processing file /home/airflow/.local/lib/python3.8/site-packages/airflow/example_dags/example_params_trigger_ui.py for tasks to queue
[2025-05-04T22:33:48.093+0000] {logging_mixin.py:188} INFO - [2025-05-04T22:33:48.093+0000] {dagbag.py:538} INFO - Filling up the DagBag from /home/airflow/.local/lib/python3.8/site-packages/airflow/example_dags/example_params_trigger_ui.py
[2025-05-04T22:33:48.101+0000] {processor.py:840} INFO - DAG(s) 'example_params_trigger_ui' retrieved from /home/airflow/.local/lib/python3.8/site-packages/airflow/example_dags/example_params_trigger_ui.py
[2025-05-04T22:33:48.122+0000] {logging_mixin.py:188} INFO - [2025-05-04T22:33:48.122+0000] {dag.py:3033} INFO - Sync 1 DAGs
[2025-05-04T22:33:48.127+0000] {logging_mixin.py:188} INFO - [2025-05-04T22:33:48.127+0000] {dag.py:3820} INFO - Setting next_dagrun for example_params_trigger_ui to None, run_after=None
[2025-05-04T22:33:48.134+0000] {processor.py:183} INFO - Processing /home/airflow/.local/lib/python3.8/site-packages/airflow/example_dags/example_params_trigger_ui.py took 0.046 seconds
[2025-05-04T22:34:18.720+0000] {processor.py:161} INFO - Started process (PID=409) to work on /home/airflow/.local/lib/python3.8/site-packages/airflow/example_dags/example_params_trigger_ui.py
[2025-05-04T22:34:18.720+0000] {processor.py:830} INFO - Processing file /home/airflow/.local/lib/python3.8/site-packages/airflow/example_dags/example_params_trigger_ui.py for tasks to queue
[2025-05-04T22:34:18.721+0000] {logging_mixin.py:188} INFO - [2025-05-04T22:34:18.721+0000] {dagbag.py:538} INFO - Filling up the DagBag from /home/airflow/.local/lib/python3.8/site-packages/airflow/example_dags/example_params_trigger_ui.py
[2025-05-04T22:34:18.728+0000] {processor.py:840} INFO - DAG(s) 'example_params_trigger_ui' retrieved from /home/airflow/.local/lib/python3.8/site-packages/airflow/example_dags/example_params_trigger_ui.py
[2025-05-04T22:34:18.756+0000] {logging_mixin.py:188} INFO - [2025-05-04T22:34:18.755+0000] {dag.py:3033} INFO - Sync 1 DAGs
[2025-05-04T22:34:18.762+0000] {logging_mixin.py:188} INFO - [2025-05-04T22:34:18.761+0000] {dag.py:3820} INFO - Setting next_dagrun for example_params_trigger_ui to None, run_after=None
[2025-05-04T22:34:18.777+0000] {processor.py:183} INFO - Processing /home/airflow/.local/lib/python3.8/site-packages/airflow/example_dags/example_params_trigger_ui.py took 0.059 seconds
[2025-05-04T22:36:25.913+0000] {processor.py:161} INFO - Started process (PID=67) to work on /home/airflow/.local/lib/python3.8/site-packages/airflow/example_dags/example_params_trigger_ui.py
[2025-05-04T22:36:25.913+0000] {processor.py:830} INFO - Processing file /home/airflow/.local/lib/python3.8/site-packages/airflow/example_dags/example_params_trigger_ui.py for tasks to queue
[2025-05-04T22:36:25.914+0000] {logging_mixin.py:188} INFO - [2025-05-04T22:36:25.914+0000] {dagbag.py:538} INFO - Filling up the DagBag from /home/airflow/.local/lib/python3.8/site-packages/airflow/example_dags/example_params_trigger_ui.py
[2025-05-04T22:36:25.922+0000] {processor.py:840} INFO - DAG(s) 'example_params_trigger_ui' retrieved from /home/airflow/.local/lib/python3.8/site-packages/airflow/example_dags/example_params_trigger_ui.py
[2025-05-04T22:36:25.928+0000] {logging_mixin.py:188} INFO - [2025-05-04T22:36:25.928+0000] {dag.py:3033} INFO - Sync 1 DAGs
[2025-05-04T22:36:25.935+0000] {logging_mixin.py:188} INFO - [2025-05-04T22:36:25.935+0000] {dag.py:3820} INFO - Setting next_dagrun for example_params_trigger_ui to None, run_after=None
[2025-05-04T22:36:25.944+0000] {processor.py:183} INFO - Processing /home/airflow/.local/lib/python3.8/site-packages/airflow/example_dags/example_params_trigger_ui.py took 0.035 seconds
[2025-05-04T22:36:56.001+0000] {processor.py:161} INFO - Started process (PID=123) to work on /home/airflow/.local/lib/python3.8/site-packages/airflow/example_dags/example_params_trigger_ui.py
[2025-05-04T22:36:56.001+0000] {processor.py:830} INFO - Processing file /home/airflow/.local/lib/python3.8/site-packages/airflow/example_dags/example_params_trigger_ui.py for tasks to queue
[2025-05-04T22:36:56.002+0000] {logging_mixin.py:188} INFO - [2025-05-04T22:36:56.002+0000] {dagbag.py:538} INFO - Filling up the DagBag from /home/airflow/.local/lib/python3.8/site-packages/airflow/example_dags/example_params_trigger_ui.py
[2025-05-04T22:36:56.008+0000] {processor.py:840} INFO - DAG(s) 'example_params_trigger_ui' retrieved from /home/airflow/.local/lib/python3.8/site-packages/airflow/example_dags/example_params_trigger_ui.py
[2025-05-04T22:36:56.057+0000] {logging_mixin.py:188} INFO - [2025-05-04T22:36:56.057+0000] {dag.py:3033} INFO - Sync 1 DAGs
[2025-05-04T22:36:56.066+0000] {logging_mixin.py:188} INFO - [2025-05-04T22:36:56.066+0000] {dag.py:3820} INFO - Setting next_dagrun for example_params_trigger_ui to None, run_after=None
[2025-05-04T22:36:56.074+0000] {processor.py:183} INFO - Processing /home/airflow/.local/lib/python3.8/site-packages/airflow/example_dags/example_params_trigger_ui.py took 0.074 seconds
[2025-05-04T22:37:26.087+0000] {processor.py:161} INFO - Started process (PID=179) to work on /home/airflow/.local/lib/python3.8/site-packages/airflow/example_dags/example_params_trigger_ui.py
[2025-05-04T22:37:26.088+0000] {processor.py:830} INFO - Processing file /home/airflow/.local/lib/python3.8/site-packages/airflow/example_dags/example_params_trigger_ui.py for tasks to queue
[2025-05-04T22:37:26.089+0000] {logging_mixin.py:188} INFO - [2025-05-04T22:37:26.089+0000] {dagbag.py:538} INFO - Filling up the DagBag from /home/airflow/.local/lib/python3.8/site-packages/airflow/example_dags/example_params_trigger_ui.py
[2025-05-04T22:37:26.094+0000] {processor.py:840} INFO - DAG(s) 'example_params_trigger_ui' retrieved from /home/airflow/.local/lib/python3.8/site-packages/airflow/example_dags/example_params_trigger_ui.py
[2025-05-04T22:37:26.112+0000] {logging_mixin.py:188} INFO - [2025-05-04T22:37:26.112+0000] {dag.py:3033} INFO - Sync 1 DAGs
[2025-05-04T22:37:26.118+0000] {logging_mixin.py:188} INFO - [2025-05-04T22:37:26.117+0000] {dag.py:3820} INFO - Setting next_dagrun for example_params_trigger_ui to None, run_after=None
[2025-05-04T22:37:26.124+0000] {processor.py:183} INFO - Processing /home/airflow/.local/lib/python3.8/site-packages/airflow/example_dags/example_params_trigger_ui.py took 0.039 seconds
[2025-05-04T22:37:56.803+0000] {processor.py:161} INFO - Started process (PID=235) to work on /home/airflow/.local/lib/python3.8/site-packages/airflow/example_dags/example_params_trigger_ui.py
[2025-05-04T22:37:56.803+0000] {processor.py:830} INFO - Processing file /home/airflow/.local/lib/python3.8/site-packages/airflow/example_dags/example_params_trigger_ui.py for tasks to queue
[2025-05-04T22:37:56.804+0000] {logging_mixin.py:188} INFO - [2025-05-04T22:37:56.804+0000] {dagbag.py:538} INFO - Filling up the DagBag from /home/airflow/.local/lib/python3.8/site-packages/airflow/example_dags/example_params_trigger_ui.py
[2025-05-04T22:37:56.810+0000] {processor.py:840} INFO - DAG(s) 'example_params_trigger_ui' retrieved from /home/airflow/.local/lib/python3.8/site-packages/airflow/example_dags/example_params_trigger_ui.py
[2025-05-04T22:37:56.827+0000] {logging_mixin.py:188} INFO - [2025-05-04T22:37:56.827+0000] {dag.py:3033} INFO - Sync 1 DAGs
[2025-05-04T22:37:56.832+0000] {logging_mixin.py:188} INFO - [2025-05-04T22:37:56.832+0000] {dag.py:3820} INFO - Setting next_dagrun for example_params_trigger_ui to None, run_after=None
[2025-05-04T22:37:56.839+0000] {processor.py:183} INFO - Processing /home/airflow/.local/lib/python3.8/site-packages/airflow/example_dags/example_params_trigger_ui.py took 0.037 seconds
[2025-05-04T22:38:27.498+0000] {processor.py:161} INFO - Started process (PID=291) to work on /home/airflow/.local/lib/python3.8/site-packages/airflow/example_dags/example_params_trigger_ui.py
[2025-05-04T22:38:27.498+0000] {processor.py:830} INFO - Processing file /home/airflow/.local/lib/python3.8/site-packages/airflow/example_dags/example_params_trigger_ui.py for tasks to queue
[2025-05-04T22:38:27.499+0000] {logging_mixin.py:188} INFO - [2025-05-04T22:38:27.499+0000] {dagbag.py:538} INFO - Filling up the DagBag from /home/airflow/.local/lib/python3.8/site-packages/airflow/example_dags/example_params_trigger_ui.py
[2025-05-04T22:38:27.505+0000] {processor.py:840} INFO - DAG(s) 'example_params_trigger_ui' retrieved from /home/airflow/.local/lib/python3.8/site-packages/airflow/example_dags/example_params_trigger_ui.py
[2025-05-04T22:38:27.522+0000] {logging_mixin.py:188} INFO - [2025-05-04T22:38:27.522+0000] {dag.py:3033} INFO - Sync 1 DAGs
[2025-05-04T22:38:27.527+0000] {logging_mixin.py:188} INFO - [2025-05-04T22:38:27.527+0000] {dag.py:3820} INFO - Setting next_dagrun for example_params_trigger_ui to None, run_after=None
[2025-05-04T22:38:27.534+0000] {processor.py:183} INFO - Processing /home/airflow/.local/lib/python3.8/site-packages/airflow/example_dags/example_params_trigger_ui.py took 0.038 seconds
[2025-05-04T22:38:58.261+0000] {processor.py:161} INFO - Started process (PID=347) to work on /home/airflow/.local/lib/python3.8/site-packages/airflow/example_dags/example_params_trigger_ui.py
[2025-05-04T22:38:58.262+0000] {processor.py:830} INFO - Processing file /home/airflow/.local/lib/python3.8/site-packages/airflow/example_dags/example_params_trigger_ui.py for tasks to queue
[2025-05-04T22:38:58.262+0000] {logging_mixin.py:188} INFO - [2025-05-04T22:38:58.262+0000] {dagbag.py:538} INFO - Filling up the DagBag from /home/airflow/.local/lib/python3.8/site-packages/airflow/example_dags/example_params_trigger_ui.py
[2025-05-04T22:38:58.268+0000] {processor.py:840} INFO - DAG(s) 'example_params_trigger_ui' retrieved from /home/airflow/.local/lib/python3.8/site-packages/airflow/example_dags/example_params_trigger_ui.py
[2025-05-04T22:38:58.290+0000] {logging_mixin.py:188} INFO - [2025-05-04T22:38:58.290+0000] {dag.py:3033} INFO - Sync 1 DAGs
[2025-05-04T22:38:58.296+0000] {logging_mixin.py:188} INFO - [2025-05-04T22:38:58.296+0000] {dag.py:3820} INFO - Setting next_dagrun for example_params_trigger_ui to None, run_after=None
[2025-05-04T22:38:58.304+0000] {processor.py:183} INFO - Processing /home/airflow/.local/lib/python3.8/site-packages/airflow/example_dags/example_params_trigger_ui.py took 0.044 seconds
[2025-05-04T22:39:29.096+0000] {processor.py:161} INFO - Started process (PID=403) to work on /home/airflow/.local/lib/python3.8/site-packages/airflow/example_dags/example_params_trigger_ui.py
[2025-05-04T22:39:29.097+0000] {processor.py:830} INFO - Processing file /home/airflow/.local/lib/python3.8/site-packages/airflow/example_dags/example_params_trigger_ui.py for tasks to queue
[2025-05-04T22:39:29.098+0000] {logging_mixin.py:188} INFO - [2025-05-04T22:39:29.097+0000] {dagbag.py:538} INFO - Filling up the DagBag from /home/airflow/.local/lib/python3.8/site-packages/airflow/example_dags/example_params_trigger_ui.py
[2025-05-04T22:39:29.105+0000] {processor.py:840} INFO - DAG(s) 'example_params_trigger_ui' retrieved from /home/airflow/.local/lib/python3.8/site-packages/airflow/example_dags/example_params_trigger_ui.py
[2025-05-04T22:39:29.128+0000] {logging_mixin.py:188} INFO - [2025-05-04T22:39:29.128+0000] {dag.py:3033} INFO - Sync 1 DAGs
[2025-05-04T22:39:29.133+0000] {logging_mixin.py:188} INFO - [2025-05-04T22:39:29.133+0000] {dag.py:3820} INFO - Setting next_dagrun for example_params_trigger_ui to None, run_after=None
[2025-05-04T22:39:29.140+0000] {processor.py:183} INFO - Processing /home/airflow/.local/lib/python3.8/site-packages/airflow/example_dags/example_params_trigger_ui.py took 0.045 seconds
[2025-05-04T22:39:59.940+0000] {processor.py:161} INFO - Started process (PID=460) to work on /home/airflow/.local/lib/python3.8/site-packages/airflow/example_dags/example_params_trigger_ui.py
[2025-05-04T22:39:59.941+0000] {processor.py:830} INFO - Processing file /home/airflow/.local/lib/python3.8/site-packages/airflow/example_dags/example_params_trigger_ui.py for tasks to queue
[2025-05-04T22:39:59.942+0000] {logging_mixin.py:188} INFO - [2025-05-04T22:39:59.942+0000] {dagbag.py:538} INFO - Filling up the DagBag from /home/airflow/.local/lib/python3.8/site-packages/airflow/example_dags/example_params_trigger_ui.py
[2025-05-04T22:39:59.951+0000] {processor.py:840} INFO - DAG(s) 'example_params_trigger_ui' retrieved from /home/airflow/.local/lib/python3.8/site-packages/airflow/example_dags/example_params_trigger_ui.py
[2025-05-04T22:39:59.975+0000] {logging_mixin.py:188} INFO - [2025-05-04T22:39:59.975+0000] {dag.py:3033} INFO - Sync 1 DAGs
[2025-05-04T22:39:59.982+0000] {logging_mixin.py:188} INFO - [2025-05-04T22:39:59.982+0000] {dag.py:3820} INFO - Setting next_dagrun for example_params_trigger_ui to None, run_after=None
[2025-05-04T22:39:59.988+0000] {processor.py:183} INFO - Processing /home/airflow/.local/lib/python3.8/site-packages/airflow/example_dags/example_params_trigger_ui.py took 0.050 seconds
[2025-05-04T22:40:30.956+0000] {processor.py:161} INFO - Started process (PID=516) to work on /home/airflow/.local/lib/python3.8/site-packages/airflow/example_dags/example_params_trigger_ui.py
[2025-05-04T22:40:30.957+0000] {processor.py:830} INFO - Processing file /home/airflow/.local/lib/python3.8/site-packages/airflow/example_dags/example_params_trigger_ui.py for tasks to queue
[2025-05-04T22:40:30.958+0000] {logging_mixin.py:188} INFO - [2025-05-04T22:40:30.958+0000] {dagbag.py:538} INFO - Filling up the DagBag from /home/airflow/.local/lib/python3.8/site-packages/airflow/example_dags/example_params_trigger_ui.py
[2025-05-04T22:40:30.965+0000] {processor.py:840} INFO - DAG(s) 'example_params_trigger_ui' retrieved from /home/airflow/.local/lib/python3.8/site-packages/airflow/example_dags/example_params_trigger_ui.py
[2025-05-04T22:40:30.993+0000] {logging_mixin.py:188} INFO - [2025-05-04T22:40:30.993+0000] {dag.py:3033} INFO - Sync 1 DAGs
[2025-05-04T22:40:30.998+0000] {logging_mixin.py:188} INFO - [2025-05-04T22:40:30.998+0000] {dag.py:3820} INFO - Setting next_dagrun for example_params_trigger_ui to None, run_after=None
[2025-05-04T22:40:31.005+0000] {processor.py:183} INFO - Processing /home/airflow/.local/lib/python3.8/site-packages/airflow/example_dags/example_params_trigger_ui.py took 0.050 seconds
[2025-05-04T22:41:01.036+0000] {processor.py:161} INFO - Started process (PID=572) to work on /home/airflow/.local/lib/python3.8/site-packages/airflow/example_dags/example_params_trigger_ui.py
[2025-05-04T22:41:01.036+0000] {processor.py:830} INFO - Processing file /home/airflow/.local/lib/python3.8/site-packages/airflow/example_dags/example_params_trigger_ui.py for tasks to queue
[2025-05-04T22:41:01.037+0000] {logging_mixin.py:188} INFO - [2025-05-04T22:41:01.037+0000] {dagbag.py:538} INFO - Filling up the DagBag from /home/airflow/.local/lib/python3.8/site-packages/airflow/example_dags/example_params_trigger_ui.py
[2025-05-04T22:41:01.043+0000] {processor.py:840} INFO - DAG(s) 'example_params_trigger_ui' retrieved from /home/airflow/.local/lib/python3.8/site-packages/airflow/example_dags/example_params_trigger_ui.py
[2025-05-04T22:41:01.061+0000] {logging_mixin.py:188} INFO - [2025-05-04T22:41:01.061+0000] {dag.py:3033} INFO - Sync 1 DAGs
[2025-05-04T22:41:01.066+0000] {logging_mixin.py:188} INFO - [2025-05-04T22:41:01.066+0000] {dag.py:3820} INFO - Setting next_dagrun for example_params_trigger_ui to None, run_after=None
[2025-05-04T22:41:01.072+0000] {processor.py:183} INFO - Processing /home/airflow/.local/lib/python3.8/site-packages/airflow/example_dags/example_params_trigger_ui.py took 0.038 seconds
[2025-05-04T22:41:31.712+0000] {processor.py:161} INFO - Started process (PID=628) to work on /home/airflow/.local/lib/python3.8/site-packages/airflow/example_dags/example_params_trigger_ui.py
[2025-05-04T22:41:31.713+0000] {processor.py:830} INFO - Processing file /home/airflow/.local/lib/python3.8/site-packages/airflow/example_dags/example_params_trigger_ui.py for tasks to queue
[2025-05-04T22:41:31.714+0000] {logging_mixin.py:188} INFO - [2025-05-04T22:41:31.714+0000] {dagbag.py:538} INFO - Filling up the DagBag from /home/airflow/.local/lib/python3.8/site-packages/airflow/example_dags/example_params_trigger_ui.py
[2025-05-04T22:41:31.721+0000] {processor.py:840} INFO - DAG(s) 'example_params_trigger_ui' retrieved from /home/airflow/.local/lib/python3.8/site-packages/airflow/example_dags/example_params_trigger_ui.py
[2025-05-04T22:41:31.742+0000] {logging_mixin.py:188} INFO - [2025-05-04T22:41:31.742+0000] {dag.py:3033} INFO - Sync 1 DAGs
[2025-05-04T22:41:31.747+0000] {logging_mixin.py:188} INFO - [2025-05-04T22:41:31.747+0000] {dag.py:3820} INFO - Setting next_dagrun for example_params_trigger_ui to None, run_after=None
[2025-05-04T22:41:31.754+0000] {processor.py:183} INFO - Processing /home/airflow/.local/lib/python3.8/site-packages/airflow/example_dags/example_params_trigger_ui.py took 0.044 seconds
[2025-05-04T22:42:02.551+0000] {processor.py:161} INFO - Started process (PID=684) to work on /home/airflow/.local/lib/python3.8/site-packages/airflow/example_dags/example_params_trigger_ui.py
[2025-05-04T22:42:02.552+0000] {processor.py:830} INFO - Processing file /home/airflow/.local/lib/python3.8/site-packages/airflow/example_dags/example_params_trigger_ui.py for tasks to queue
[2025-05-04T22:42:02.553+0000] {logging_mixin.py:188} INFO - [2025-05-04T22:42:02.552+0000] {dagbag.py:538} INFO - Filling up the DagBag from /home/airflow/.local/lib/python3.8/site-packages/airflow/example_dags/example_params_trigger_ui.py
[2025-05-04T22:42:02.559+0000] {processor.py:840} INFO - DAG(s) 'example_params_trigger_ui' retrieved from /home/airflow/.local/lib/python3.8/site-packages/airflow/example_dags/example_params_trigger_ui.py
[2025-05-04T22:42:02.584+0000] {logging_mixin.py:188} INFO - [2025-05-04T22:42:02.584+0000] {dag.py:3033} INFO - Sync 1 DAGs
[2025-05-04T22:42:02.591+0000] {logging_mixin.py:188} INFO - [2025-05-04T22:42:02.591+0000] {dag.py:3820} INFO - Setting next_dagrun for example_params_trigger_ui to None, run_after=None
[2025-05-04T22:42:02.597+0000] {processor.py:183} INFO - Processing /home/airflow/.local/lib/python3.8/site-packages/airflow/example_dags/example_params_trigger_ui.py took 0.047 seconds
[2025-05-04T22:42:33.329+0000] {processor.py:161} INFO - Started process (PID=740) to work on /home/airflow/.local/lib/python3.8/site-packages/airflow/example_dags/example_params_trigger_ui.py
[2025-05-04T22:42:33.330+0000] {processor.py:830} INFO - Processing file /home/airflow/.local/lib/python3.8/site-packages/airflow/example_dags/example_params_trigger_ui.py for tasks to queue
[2025-05-04T22:42:33.331+0000] {logging_mixin.py:188} INFO - [2025-05-04T22:42:33.331+0000] {dagbag.py:538} INFO - Filling up the DagBag from /home/airflow/.local/lib/python3.8/site-packages/airflow/example_dags/example_params_trigger_ui.py
[2025-05-04T22:42:33.337+0000] {processor.py:840} INFO - DAG(s) 'example_params_trigger_ui' retrieved from /home/airflow/.local/lib/python3.8/site-packages/airflow/example_dags/example_params_trigger_ui.py
[2025-05-04T22:42:33.368+0000] {logging_mixin.py:188} INFO - [2025-05-04T22:42:33.368+0000] {dag.py:3033} INFO - Sync 1 DAGs
[2025-05-04T22:42:33.373+0000] {logging_mixin.py:188} INFO - [2025-05-04T22:42:33.373+0000] {dag.py:3820} INFO - Setting next_dagrun for example_params_trigger_ui to None, run_after=None
[2025-05-04T22:42:33.380+0000] {processor.py:183} INFO - Processing /home/airflow/.local/lib/python3.8/site-packages/airflow/example_dags/example_params_trigger_ui.py took 0.052 seconds
[2025-05-04T22:43:04.263+0000] {processor.py:161} INFO - Started process (PID=796) to work on /home/airflow/.local/lib/python3.8/site-packages/airflow/example_dags/example_params_trigger_ui.py
[2025-05-04T22:43:04.264+0000] {processor.py:830} INFO - Processing file /home/airflow/.local/lib/python3.8/site-packages/airflow/example_dags/example_params_trigger_ui.py for tasks to queue
[2025-05-04T22:43:04.265+0000] {logging_mixin.py:188} INFO - [2025-05-04T22:43:04.265+0000] {dagbag.py:538} INFO - Filling up the DagBag from /home/airflow/.local/lib/python3.8/site-packages/airflow/example_dags/example_params_trigger_ui.py
[2025-05-04T22:43:04.271+0000] {processor.py:840} INFO - DAG(s) 'example_params_trigger_ui' retrieved from /home/airflow/.local/lib/python3.8/site-packages/airflow/example_dags/example_params_trigger_ui.py
[2025-05-04T22:43:04.289+0000] {logging_mixin.py:188} INFO - [2025-05-04T22:43:04.289+0000] {dag.py:3033} INFO - Sync 1 DAGs
[2025-05-04T22:43:04.294+0000] {logging_mixin.py:188} INFO - [2025-05-04T22:43:04.294+0000] {dag.py:3820} INFO - Setting next_dagrun for example_params_trigger_ui to None, run_after=None
[2025-05-04T22:43:04.301+0000] {processor.py:183} INFO - Processing /home/airflow/.local/lib/python3.8/site-packages/airflow/example_dags/example_params_trigger_ui.py took 0.040 seconds
[2025-05-04T22:43:35.219+0000] {processor.py:161} INFO - Started process (PID=852) to work on /home/airflow/.local/lib/python3.8/site-packages/airflow/example_dags/example_params_trigger_ui.py
[2025-05-04T22:43:35.219+0000] {processor.py:830} INFO - Processing file /home/airflow/.local/lib/python3.8/site-packages/airflow/example_dags/example_params_trigger_ui.py for tasks to queue
[2025-05-04T22:43:35.220+0000] {logging_mixin.py:188} INFO - [2025-05-04T22:43:35.220+0000] {dagbag.py:538} INFO - Filling up the DagBag from /home/airflow/.local/lib/python3.8/site-packages/airflow/example_dags/example_params_trigger_ui.py
[2025-05-04T22:43:35.226+0000] {processor.py:840} INFO - DAG(s) 'example_params_trigger_ui' retrieved from /home/airflow/.local/lib/python3.8/site-packages/airflow/example_dags/example_params_trigger_ui.py
[2025-05-04T22:43:35.243+0000] {logging_mixin.py:188} INFO - [2025-05-04T22:43:35.243+0000] {dag.py:3033} INFO - Sync 1 DAGs
[2025-05-04T22:43:35.249+0000] {logging_mixin.py:188} INFO - [2025-05-04T22:43:35.248+0000] {dag.py:3820} INFO - Setting next_dagrun for example_params_trigger_ui to None, run_after=None
[2025-05-04T22:43:35.255+0000] {processor.py:183} INFO - Processing /home/airflow/.local/lib/python3.8/site-packages/airflow/example_dags/example_params_trigger_ui.py took 0.038 seconds
[2025-05-04T22:44:06.007+0000] {processor.py:161} INFO - Started process (PID=908) to work on /home/airflow/.local/lib/python3.8/site-packages/airflow/example_dags/example_params_trigger_ui.py
[2025-05-04T22:44:06.008+0000] {processor.py:830} INFO - Processing file /home/airflow/.local/lib/python3.8/site-packages/airflow/example_dags/example_params_trigger_ui.py for tasks to queue
[2025-05-04T22:44:06.009+0000] {logging_mixin.py:188} INFO - [2025-05-04T22:44:06.009+0000] {dagbag.py:538} INFO - Filling up the DagBag from /home/airflow/.local/lib/python3.8/site-packages/airflow/example_dags/example_params_trigger_ui.py
[2025-05-04T22:44:06.014+0000] {processor.py:840} INFO - DAG(s) 'example_params_trigger_ui' retrieved from /home/airflow/.local/lib/python3.8/site-packages/airflow/example_dags/example_params_trigger_ui.py
[2025-05-04T22:44:06.033+0000] {logging_mixin.py:188} INFO - [2025-05-04T22:44:06.033+0000] {dag.py:3033} INFO - Sync 1 DAGs
[2025-05-04T22:44:06.038+0000] {logging_mixin.py:188} INFO - [2025-05-04T22:44:06.038+0000] {dag.py:3820} INFO - Setting next_dagrun for example_params_trigger_ui to None, run_after=None
[2025-05-04T22:44:06.046+0000] {processor.py:183} INFO - Processing /home/airflow/.local/lib/python3.8/site-packages/airflow/example_dags/example_params_trigger_ui.py took 0.040 seconds
[2025-05-04T22:44:36.804+0000] {processor.py:161} INFO - Started process (PID=964) to work on /home/airflow/.local/lib/python3.8/site-packages/airflow/example_dags/example_params_trigger_ui.py
[2025-05-04T22:44:36.805+0000] {processor.py:830} INFO - Processing file /home/airflow/.local/lib/python3.8/site-packages/airflow/example_dags/example_params_trigger_ui.py for tasks to queue
[2025-05-04T22:44:36.806+0000] {logging_mixin.py:188} INFO - [2025-05-04T22:44:36.806+0000] {dagbag.py:538} INFO - Filling up the DagBag from /home/airflow/.local/lib/python3.8/site-packages/airflow/example_dags/example_params_trigger_ui.py
[2025-05-04T22:44:36.812+0000] {processor.py:840} INFO - DAG(s) 'example_params_trigger_ui' retrieved from /home/airflow/.local/lib/python3.8/site-packages/airflow/example_dags/example_params_trigger_ui.py
[2025-05-04T22:44:36.829+0000] {logging_mixin.py:188} INFO - [2025-05-04T22:44:36.829+0000] {dag.py:3033} INFO - Sync 1 DAGs
[2025-05-04T22:44:36.835+0000] {logging_mixin.py:188} INFO - [2025-05-04T22:44:36.835+0000] {dag.py:3820} INFO - Setting next_dagrun for example_params_trigger_ui to None, run_after=None
[2025-05-04T22:44:36.842+0000] {processor.py:183} INFO - Processing /home/airflow/.local/lib/python3.8/site-packages/airflow/example_dags/example_params_trigger_ui.py took 0.039 seconds
[2025-05-04T22:45:07.626+0000] {processor.py:161} INFO - Started process (PID=1020) to work on /home/airflow/.local/lib/python3.8/site-packages/airflow/example_dags/example_params_trigger_ui.py
[2025-05-04T22:45:07.626+0000] {processor.py:830} INFO - Processing file /home/airflow/.local/lib/python3.8/site-packages/airflow/example_dags/example_params_trigger_ui.py for tasks to queue
[2025-05-04T22:45:07.627+0000] {logging_mixin.py:188} INFO - [2025-05-04T22:45:07.627+0000] {dagbag.py:538} INFO - Filling up the DagBag from /home/airflow/.local/lib/python3.8/site-packages/airflow/example_dags/example_params_trigger_ui.py
[2025-05-04T22:45:07.633+0000] {processor.py:840} INFO - DAG(s) 'example_params_trigger_ui' retrieved from /home/airflow/.local/lib/python3.8/site-packages/airflow/example_dags/example_params_trigger_ui.py
[2025-05-04T22:45:07.652+0000] {logging_mixin.py:188} INFO - [2025-05-04T22:45:07.652+0000] {dag.py:3033} INFO - Sync 1 DAGs
[2025-05-04T22:45:07.657+0000] {logging_mixin.py:188} INFO - [2025-05-04T22:45:07.657+0000] {dag.py:3820} INFO - Setting next_dagrun for example_params_trigger_ui to None, run_after=None
[2025-05-04T22:45:07.664+0000] {processor.py:183} INFO - Processing /home/airflow/.local/lib/python3.8/site-packages/airflow/example_dags/example_params_trigger_ui.py took 0.039 seconds
[2025-05-04T22:45:38.536+0000] {processor.py:161} INFO - Started process (PID=1076) to work on /home/airflow/.local/lib/python3.8/site-packages/airflow/example_dags/example_params_trigger_ui.py
[2025-05-04T22:45:38.537+0000] {processor.py:830} INFO - Processing file /home/airflow/.local/lib/python3.8/site-packages/airflow/example_dags/example_params_trigger_ui.py for tasks to queue
[2025-05-04T22:45:38.538+0000] {logging_mixin.py:188} INFO - [2025-05-04T22:45:38.538+0000] {dagbag.py:538} INFO - Filling up the DagBag from /home/airflow/.local/lib/python3.8/site-packages/airflow/example_dags/example_params_trigger_ui.py
[2025-05-04T22:45:38.545+0000] {processor.py:840} INFO - DAG(s) 'example_params_trigger_ui' retrieved from /home/airflow/.local/lib/python3.8/site-packages/airflow/example_dags/example_params_trigger_ui.py
[2025-05-04T22:45:38.569+0000] {logging_mixin.py:188} INFO - [2025-05-04T22:45:38.569+0000] {dag.py:3033} INFO - Sync 1 DAGs
[2025-05-04T22:45:38.576+0000] {logging_mixin.py:188} INFO - [2025-05-04T22:45:38.576+0000] {dag.py:3820} INFO - Setting next_dagrun for example_params_trigger_ui to None, run_after=None
[2025-05-04T22:45:38.582+0000] {processor.py:183} INFO - Processing /home/airflow/.local/lib/python3.8/site-packages/airflow/example_dags/example_params_trigger_ui.py took 0.048 seconds
[2025-05-04T22:46:32.139+0000] {processor.py:161} INFO - Started process (PID=68) to work on /home/airflow/.local/lib/python3.8/site-packages/airflow/example_dags/example_params_trigger_ui.py
[2025-05-04T22:46:32.140+0000] {processor.py:830} INFO - Processing file /home/airflow/.local/lib/python3.8/site-packages/airflow/example_dags/example_params_trigger_ui.py for tasks to queue
[2025-05-04T22:46:32.144+0000] {logging_mixin.py:188} INFO - [2025-05-04T22:46:32.143+0000] {dagbag.py:538} INFO - Filling up the DagBag from /home/airflow/.local/lib/python3.8/site-packages/airflow/example_dags/example_params_trigger_ui.py
[2025-05-04T22:46:32.153+0000] {processor.py:840} INFO - DAG(s) 'example_params_trigger_ui' retrieved from /home/airflow/.local/lib/python3.8/site-packages/airflow/example_dags/example_params_trigger_ui.py
[2025-05-04T22:46:32.160+0000] {logging_mixin.py:188} INFO - [2025-05-04T22:46:32.160+0000] {dag.py:3033} INFO - Sync 1 DAGs
[2025-05-04T22:46:32.170+0000] {logging_mixin.py:188} INFO - [2025-05-04T22:46:32.170+0000] {dag.py:3820} INFO - Setting next_dagrun for example_params_trigger_ui to None, run_after=None
[2025-05-04T22:46:32.203+0000] {processor.py:183} INFO - Processing /home/airflow/.local/lib/python3.8/site-packages/airflow/example_dags/example_params_trigger_ui.py took 0.069 seconds
[2025-05-04T22:46:56.598+0000] {processor.py:161} INFO - Started process (PID=67) to work on /home/airflow/.local/lib/python3.8/site-packages/airflow/example_dags/example_params_trigger_ui.py
[2025-05-04T22:46:56.600+0000] {processor.py:830} INFO - Processing file /home/airflow/.local/lib/python3.8/site-packages/airflow/example_dags/example_params_trigger_ui.py for tasks to queue
[2025-05-04T22:46:56.605+0000] {logging_mixin.py:188} INFO - [2025-05-04T22:46:56.605+0000] {dagbag.py:538} INFO - Filling up the DagBag from /home/airflow/.local/lib/python3.8/site-packages/airflow/example_dags/example_params_trigger_ui.py
[2025-05-04T22:46:56.615+0000] {processor.py:840} INFO - DAG(s) 'example_params_trigger_ui' retrieved from /home/airflow/.local/lib/python3.8/site-packages/airflow/example_dags/example_params_trigger_ui.py
[2025-05-04T22:46:56.626+0000] {logging_mixin.py:188} INFO - [2025-05-04T22:46:56.625+0000] {dag.py:3033} INFO - Sync 1 DAGs
[2025-05-04T22:46:56.636+0000] {logging_mixin.py:188} INFO - [2025-05-04T22:46:56.635+0000] {dag.py:3820} INFO - Setting next_dagrun for example_params_trigger_ui to None, run_after=None
[2025-05-04T22:46:56.657+0000] {processor.py:183} INFO - Processing /home/airflow/.local/lib/python3.8/site-packages/airflow/example_dags/example_params_trigger_ui.py took 0.064 seconds
[2025-05-04T22:47:52.373+0000] {processor.py:161} INFO - Started process (PID=68) to work on /home/airflow/.local/lib/python3.8/site-packages/airflow/example_dags/example_params_trigger_ui.py
[2025-05-04T22:47:52.374+0000] {processor.py:830} INFO - Processing file /home/airflow/.local/lib/python3.8/site-packages/airflow/example_dags/example_params_trigger_ui.py for tasks to queue
[2025-05-04T22:47:52.375+0000] {logging_mixin.py:188} INFO - [2025-05-04T22:47:52.375+0000] {dagbag.py:538} INFO - Filling up the DagBag from /home/airflow/.local/lib/python3.8/site-packages/airflow/example_dags/example_params_trigger_ui.py
[2025-05-04T22:47:52.383+0000] {processor.py:840} INFO - DAG(s) 'example_params_trigger_ui' retrieved from /home/airflow/.local/lib/python3.8/site-packages/airflow/example_dags/example_params_trigger_ui.py
[2025-05-04T22:47:52.392+0000] {logging_mixin.py:188} INFO - [2025-05-04T22:47:52.392+0000] {dag.py:3033} INFO - Sync 1 DAGs
[2025-05-04T22:47:52.400+0000] {logging_mixin.py:188} INFO - [2025-05-04T22:47:52.400+0000] {dag.py:3820} INFO - Setting next_dagrun for example_params_trigger_ui to None, run_after=None
[2025-05-04T22:47:52.428+0000] {processor.py:183} INFO - Processing /home/airflow/.local/lib/python3.8/site-packages/airflow/example_dags/example_params_trigger_ui.py took 0.057 seconds
[2025-05-04T22:48:22.478+0000] {processor.py:161} INFO - Started process (PID=124) to work on /home/airflow/.local/lib/python3.8/site-packages/airflow/example_dags/example_params_trigger_ui.py
[2025-05-04T22:48:22.479+0000] {processor.py:830} INFO - Processing file /home/airflow/.local/lib/python3.8/site-packages/airflow/example_dags/example_params_trigger_ui.py for tasks to queue
[2025-05-04T22:48:22.480+0000] {logging_mixin.py:188} INFO - [2025-05-04T22:48:22.480+0000] {dagbag.py:538} INFO - Filling up the DagBag from /home/airflow/.local/lib/python3.8/site-packages/airflow/example_dags/example_params_trigger_ui.py
[2025-05-04T22:48:22.489+0000] {processor.py:840} INFO - DAG(s) 'example_params_trigger_ui' retrieved from /home/airflow/.local/lib/python3.8/site-packages/airflow/example_dags/example_params_trigger_ui.py
[2025-05-04T22:48:22.546+0000] {logging_mixin.py:188} INFO - [2025-05-04T22:48:22.545+0000] {dag.py:3033} INFO - Sync 1 DAGs
[2025-05-04T22:48:22.551+0000] {logging_mixin.py:188} INFO - [2025-05-04T22:48:22.551+0000] {dag.py:3820} INFO - Setting next_dagrun for example_params_trigger_ui to None, run_after=None
[2025-05-04T22:48:22.558+0000] {processor.py:183} INFO - Processing /home/airflow/.local/lib/python3.8/site-packages/airflow/example_dags/example_params_trigger_ui.py took 0.081 seconds
[2025-05-04T22:48:53.461+0000] {processor.py:161} INFO - Started process (PID=180) to work on /home/airflow/.local/lib/python3.8/site-packages/airflow/example_dags/example_params_trigger_ui.py
[2025-05-04T22:48:53.463+0000] {processor.py:830} INFO - Processing file /home/airflow/.local/lib/python3.8/site-packages/airflow/example_dags/example_params_trigger_ui.py for tasks to queue
[2025-05-04T22:48:53.465+0000] {logging_mixin.py:188} INFO - [2025-05-04T22:48:53.464+0000] {dagbag.py:538} INFO - Filling up the DagBag from /home/airflow/.local/lib/python3.8/site-packages/airflow/example_dags/example_params_trigger_ui.py
[2025-05-04T22:48:53.472+0000] {processor.py:840} INFO - DAG(s) 'example_params_trigger_ui' retrieved from /home/airflow/.local/lib/python3.8/site-packages/airflow/example_dags/example_params_trigger_ui.py
[2025-05-04T22:48:53.498+0000] {logging_mixin.py:188} INFO - [2025-05-04T22:48:53.498+0000] {dag.py:3033} INFO - Sync 1 DAGs
[2025-05-04T22:48:53.504+0000] {logging_mixin.py:188} INFO - [2025-05-04T22:48:53.504+0000] {dag.py:3820} INFO - Setting next_dagrun for example_params_trigger_ui to None, run_after=None
[2025-05-04T22:48:53.517+0000] {processor.py:183} INFO - Processing /home/airflow/.local/lib/python3.8/site-packages/airflow/example_dags/example_params_trigger_ui.py took 0.058 seconds
[2025-05-04T22:49:24.367+0000] {processor.py:161} INFO - Started process (PID=236) to work on /home/airflow/.local/lib/python3.8/site-packages/airflow/example_dags/example_params_trigger_ui.py
[2025-05-04T22:49:24.368+0000] {processor.py:830} INFO - Processing file /home/airflow/.local/lib/python3.8/site-packages/airflow/example_dags/example_params_trigger_ui.py for tasks to queue
[2025-05-04T22:49:24.369+0000] {logging_mixin.py:188} INFO - [2025-05-04T22:49:24.369+0000] {dagbag.py:538} INFO - Filling up the DagBag from /home/airflow/.local/lib/python3.8/site-packages/airflow/example_dags/example_params_trigger_ui.py
[2025-05-04T22:49:24.377+0000] {processor.py:840} INFO - DAG(s) 'example_params_trigger_ui' retrieved from /home/airflow/.local/lib/python3.8/site-packages/airflow/example_dags/example_params_trigger_ui.py
[2025-05-04T22:49:24.398+0000] {logging_mixin.py:188} INFO - [2025-05-04T22:49:24.398+0000] {dag.py:3033} INFO - Sync 1 DAGs
[2025-05-04T22:49:24.403+0000] {logging_mixin.py:188} INFO - [2025-05-04T22:49:24.403+0000] {dag.py:3820} INFO - Setting next_dagrun for example_params_trigger_ui to None, run_after=None
[2025-05-04T22:49:24.414+0000] {processor.py:183} INFO - Processing /home/airflow/.local/lib/python3.8/site-packages/airflow/example_dags/example_params_trigger_ui.py took 0.048 seconds
[2025-05-04T22:49:55.006+0000] {processor.py:161} INFO - Started process (PID=292) to work on /home/airflow/.local/lib/python3.8/site-packages/airflow/example_dags/example_params_trigger_ui.py
[2025-05-04T22:49:55.009+0000] {processor.py:830} INFO - Processing file /home/airflow/.local/lib/python3.8/site-packages/airflow/example_dags/example_params_trigger_ui.py for tasks to queue
[2025-05-04T22:49:55.011+0000] {logging_mixin.py:188} INFO - [2025-05-04T22:49:55.011+0000] {dagbag.py:538} INFO - Filling up the DagBag from /home/airflow/.local/lib/python3.8/site-packages/airflow/example_dags/example_params_trigger_ui.py
[2025-05-04T22:49:55.020+0000] {processor.py:840} INFO - DAG(s) 'example_params_trigger_ui' retrieved from /home/airflow/.local/lib/python3.8/site-packages/airflow/example_dags/example_params_trigger_ui.py
[2025-05-04T22:49:55.043+0000] {logging_mixin.py:188} INFO - [2025-05-04T22:49:55.043+0000] {dag.py:3033} INFO - Sync 1 DAGs
[2025-05-04T22:49:55.048+0000] {logging_mixin.py:188} INFO - [2025-05-04T22:49:55.048+0000] {dag.py:3820} INFO - Setting next_dagrun for example_params_trigger_ui to None, run_after=None
[2025-05-04T22:49:55.059+0000] {processor.py:183} INFO - Processing /home/airflow/.local/lib/python3.8/site-packages/airflow/example_dags/example_params_trigger_ui.py took 0.055 seconds
[2025-05-04T22:50:25.742+0000] {processor.py:161} INFO - Started process (PID=348) to work on /home/airflow/.local/lib/python3.8/site-packages/airflow/example_dags/example_params_trigger_ui.py
[2025-05-04T22:50:25.742+0000] {processor.py:830} INFO - Processing file /home/airflow/.local/lib/python3.8/site-packages/airflow/example_dags/example_params_trigger_ui.py for tasks to queue
[2025-05-04T22:50:25.743+0000] {logging_mixin.py:188} INFO - [2025-05-04T22:50:25.743+0000] {dagbag.py:538} INFO - Filling up the DagBag from /home/airflow/.local/lib/python3.8/site-packages/airflow/example_dags/example_params_trigger_ui.py
[2025-05-04T22:50:25.750+0000] {processor.py:840} INFO - DAG(s) 'example_params_trigger_ui' retrieved from /home/airflow/.local/lib/python3.8/site-packages/airflow/example_dags/example_params_trigger_ui.py
[2025-05-04T22:50:25.778+0000] {logging_mixin.py:188} INFO - [2025-05-04T22:50:25.778+0000] {dag.py:3033} INFO - Sync 1 DAGs
[2025-05-04T22:50:25.783+0000] {logging_mixin.py:188} INFO - [2025-05-04T22:50:25.783+0000] {dag.py:3820} INFO - Setting next_dagrun for example_params_trigger_ui to None, run_after=None
[2025-05-04T22:50:25.792+0000] {processor.py:183} INFO - Processing /home/airflow/.local/lib/python3.8/site-packages/airflow/example_dags/example_params_trigger_ui.py took 0.052 seconds
[2025-05-04T22:50:58.853+0000] {processor.py:161} INFO - Started process (PID=68) to work on /home/airflow/.local/lib/python3.8/site-packages/airflow/example_dags/example_params_trigger_ui.py
[2025-05-04T22:50:58.854+0000] {processor.py:830} INFO - Processing file /home/airflow/.local/lib/python3.8/site-packages/airflow/example_dags/example_params_trigger_ui.py for tasks to queue
[2025-05-04T22:50:58.857+0000] {logging_mixin.py:188} INFO - [2025-05-04T22:50:58.857+0000] {dagbag.py:538} INFO - Filling up the DagBag from /home/airflow/.local/lib/python3.8/site-packages/airflow/example_dags/example_params_trigger_ui.py
[2025-05-04T22:50:58.866+0000] {processor.py:840} INFO - DAG(s) 'example_params_trigger_ui' retrieved from /home/airflow/.local/lib/python3.8/site-packages/airflow/example_dags/example_params_trigger_ui.py
[2025-05-04T22:50:58.879+0000] {logging_mixin.py:188} INFO - [2025-05-04T22:50:58.878+0000] {dag.py:3033} INFO - Sync 1 DAGs
[2025-05-04T22:50:58.885+0000] {logging_mixin.py:188} INFO - [2025-05-04T22:50:58.885+0000] {dag.py:3820} INFO - Setting next_dagrun for example_params_trigger_ui to None, run_after=None
[2025-05-04T22:50:58.910+0000] {processor.py:183} INFO - Processing /home/airflow/.local/lib/python3.8/site-packages/airflow/example_dags/example_params_trigger_ui.py took 0.060 seconds
[2025-05-04T22:51:28.962+0000] {processor.py:161} INFO - Started process (PID=124) to work on /home/airflow/.local/lib/python3.8/site-packages/airflow/example_dags/example_params_trigger_ui.py
[2025-05-04T22:51:28.963+0000] {processor.py:830} INFO - Processing file /home/airflow/.local/lib/python3.8/site-packages/airflow/example_dags/example_params_trigger_ui.py for tasks to queue
[2025-05-04T22:51:28.965+0000] {logging_mixin.py:188} INFO - [2025-05-04T22:51:28.965+0000] {dagbag.py:538} INFO - Filling up the DagBag from /home/airflow/.local/lib/python3.8/site-packages/airflow/example_dags/example_params_trigger_ui.py
[2025-05-04T22:51:28.973+0000] {processor.py:840} INFO - DAG(s) 'example_params_trigger_ui' retrieved from /home/airflow/.local/lib/python3.8/site-packages/airflow/example_dags/example_params_trigger_ui.py
[2025-05-04T22:51:29.019+0000] {logging_mixin.py:188} INFO - [2025-05-04T22:51:29.019+0000] {dag.py:3033} INFO - Sync 1 DAGs
[2025-05-04T22:51:29.025+0000] {logging_mixin.py:188} INFO - [2025-05-04T22:51:29.025+0000] {dag.py:3820} INFO - Setting next_dagrun for example_params_trigger_ui to None, run_after=None
[2025-05-04T22:51:29.033+0000] {processor.py:183} INFO - Processing /home/airflow/.local/lib/python3.8/site-packages/airflow/example_dags/example_params_trigger_ui.py took 0.073 seconds
[2025-05-04T22:51:59.990+0000] {processor.py:161} INFO - Started process (PID=180) to work on /home/airflow/.local/lib/python3.8/site-packages/airflow/example_dags/example_params_trigger_ui.py
[2025-05-04T22:51:59.991+0000] {processor.py:830} INFO - Processing file /home/airflow/.local/lib/python3.8/site-packages/airflow/example_dags/example_params_trigger_ui.py for tasks to queue
[2025-05-04T22:51:59.993+0000] {logging_mixin.py:188} INFO - [2025-05-04T22:51:59.992+0000] {dagbag.py:538} INFO - Filling up the DagBag from /home/airflow/.local/lib/python3.8/site-packages/airflow/example_dags/example_params_trigger_ui.py
[2025-05-04T22:51:59.999+0000] {processor.py:840} INFO - DAG(s) 'example_params_trigger_ui' retrieved from /home/airflow/.local/lib/python3.8/site-packages/airflow/example_dags/example_params_trigger_ui.py
[2025-05-04T22:52:00.026+0000] {logging_mixin.py:188} INFO - [2025-05-04T22:52:00.025+0000] {dag.py:3033} INFO - Sync 1 DAGs
[2025-05-04T22:52:00.032+0000] {logging_mixin.py:188} INFO - [2025-05-04T22:52:00.032+0000] {dag.py:3820} INFO - Setting next_dagrun for example_params_trigger_ui to None, run_after=None
[2025-05-04T22:52:00.039+0000] {processor.py:183} INFO - Processing /home/airflow/.local/lib/python3.8/site-packages/airflow/example_dags/example_params_trigger_ui.py took 0.051 seconds
[2025-05-04T22:52:30.818+0000] {processor.py:161} INFO - Started process (PID=236) to work on /home/airflow/.local/lib/python3.8/site-packages/airflow/example_dags/example_params_trigger_ui.py
[2025-05-04T22:52:30.819+0000] {processor.py:830} INFO - Processing file /home/airflow/.local/lib/python3.8/site-packages/airflow/example_dags/example_params_trigger_ui.py for tasks to queue
[2025-05-04T22:52:30.821+0000] {logging_mixin.py:188} INFO - [2025-05-04T22:52:30.820+0000] {dagbag.py:538} INFO - Filling up the DagBag from /home/airflow/.local/lib/python3.8/site-packages/airflow/example_dags/example_params_trigger_ui.py
[2025-05-04T22:52:30.828+0000] {processor.py:840} INFO - DAG(s) 'example_params_trigger_ui' retrieved from /home/airflow/.local/lib/python3.8/site-packages/airflow/example_dags/example_params_trigger_ui.py
[2025-05-04T22:52:30.849+0000] {logging_mixin.py:188} INFO - [2025-05-04T22:52:30.849+0000] {dag.py:3033} INFO - Sync 1 DAGs
[2025-05-04T22:52:30.855+0000] {logging_mixin.py:188} INFO - [2025-05-04T22:52:30.855+0000] {dag.py:3820} INFO - Setting next_dagrun for example_params_trigger_ui to None, run_after=None
[2025-05-04T22:52:30.862+0000] {processor.py:183} INFO - Processing /home/airflow/.local/lib/python3.8/site-packages/airflow/example_dags/example_params_trigger_ui.py took 0.045 seconds
[2025-05-04T22:53:01.440+0000] {processor.py:161} INFO - Started process (PID=292) to work on /home/airflow/.local/lib/python3.8/site-packages/airflow/example_dags/example_params_trigger_ui.py
[2025-05-04T22:53:01.441+0000] {processor.py:830} INFO - Processing file /home/airflow/.local/lib/python3.8/site-packages/airflow/example_dags/example_params_trigger_ui.py for tasks to queue
[2025-05-04T22:53:01.443+0000] {logging_mixin.py:188} INFO - [2025-05-04T22:53:01.443+0000] {dagbag.py:538} INFO - Filling up the DagBag from /home/airflow/.local/lib/python3.8/site-packages/airflow/example_dags/example_params_trigger_ui.py
[2025-05-04T22:53:01.450+0000] {processor.py:840} INFO - DAG(s) 'example_params_trigger_ui' retrieved from /home/airflow/.local/lib/python3.8/site-packages/airflow/example_dags/example_params_trigger_ui.py
[2025-05-04T22:53:01.471+0000] {logging_mixin.py:188} INFO - [2025-05-04T22:53:01.471+0000] {dag.py:3033} INFO - Sync 1 DAGs
[2025-05-04T22:53:01.477+0000] {logging_mixin.py:188} INFO - [2025-05-04T22:53:01.477+0000] {dag.py:3820} INFO - Setting next_dagrun for example_params_trigger_ui to None, run_after=None
[2025-05-04T22:53:01.485+0000] {processor.py:183} INFO - Processing /home/airflow/.local/lib/python3.8/site-packages/airflow/example_dags/example_params_trigger_ui.py took 0.048 seconds
[2025-05-04T22:58:01.187+0000] {processor.py:161} INFO - Started process (PID=68) to work on /home/airflow/.local/lib/python3.8/site-packages/airflow/example_dags/example_params_trigger_ui.py
[2025-05-04T22:58:01.188+0000] {processor.py:830} INFO - Processing file /home/airflow/.local/lib/python3.8/site-packages/airflow/example_dags/example_params_trigger_ui.py for tasks to queue
[2025-05-04T22:58:01.190+0000] {logging_mixin.py:188} INFO - [2025-05-04T22:58:01.189+0000] {dagbag.py:538} INFO - Filling up the DagBag from /home/airflow/.local/lib/python3.8/site-packages/airflow/example_dags/example_params_trigger_ui.py
[2025-05-04T22:58:01.198+0000] {processor.py:840} INFO - DAG(s) 'example_params_trigger_ui' retrieved from /home/airflow/.local/lib/python3.8/site-packages/airflow/example_dags/example_params_trigger_ui.py
[2025-05-04T22:58:01.210+0000] {logging_mixin.py:188} INFO - [2025-05-04T22:58:01.210+0000] {dag.py:3033} INFO - Sync 1 DAGs
[2025-05-04T22:58:01.223+0000] {logging_mixin.py:188} INFO - [2025-05-04T22:58:01.223+0000] {dag.py:3820} INFO - Setting next_dagrun for example_params_trigger_ui to None, run_after=None
[2025-05-04T22:58:01.241+0000] {processor.py:183} INFO - Processing /home/airflow/.local/lib/python3.8/site-packages/airflow/example_dags/example_params_trigger_ui.py took 0.056 seconds
[2025-05-04T22:58:31.632+0000] {processor.py:161} INFO - Started process (PID=124) to work on /home/airflow/.local/lib/python3.8/site-packages/airflow/example_dags/example_params_trigger_ui.py
[2025-05-04T22:58:31.633+0000] {processor.py:830} INFO - Processing file /home/airflow/.local/lib/python3.8/site-packages/airflow/example_dags/example_params_trigger_ui.py for tasks to queue
[2025-05-04T22:58:31.634+0000] {logging_mixin.py:188} INFO - [2025-05-04T22:58:31.634+0000] {dagbag.py:538} INFO - Filling up the DagBag from /home/airflow/.local/lib/python3.8/site-packages/airflow/example_dags/example_params_trigger_ui.py
[2025-05-04T22:58:31.642+0000] {processor.py:840} INFO - DAG(s) 'example_params_trigger_ui' retrieved from /home/airflow/.local/lib/python3.8/site-packages/airflow/example_dags/example_params_trigger_ui.py
[2025-05-04T22:58:31.699+0000] {logging_mixin.py:188} INFO - [2025-05-04T22:58:31.699+0000] {dag.py:3033} INFO - Sync 1 DAGs
[2025-05-04T22:58:31.706+0000] {logging_mixin.py:188} INFO - [2025-05-04T22:58:31.706+0000] {dag.py:3820} INFO - Setting next_dagrun for example_params_trigger_ui to None, run_after=None
[2025-05-04T22:58:31.715+0000] {processor.py:183} INFO - Processing /home/airflow/.local/lib/python3.8/site-packages/airflow/example_dags/example_params_trigger_ui.py took 0.085 seconds
[2025-05-04T22:59:02.743+0000] {processor.py:161} INFO - Started process (PID=180) to work on /home/airflow/.local/lib/python3.8/site-packages/airflow/example_dags/example_params_trigger_ui.py
[2025-05-04T22:59:02.745+0000] {processor.py:830} INFO - Processing file /home/airflow/.local/lib/python3.8/site-packages/airflow/example_dags/example_params_trigger_ui.py for tasks to queue
[2025-05-04T22:59:02.747+0000] {logging_mixin.py:188} INFO - [2025-05-04T22:59:02.747+0000] {dagbag.py:538} INFO - Filling up the DagBag from /home/airflow/.local/lib/python3.8/site-packages/airflow/example_dags/example_params_trigger_ui.py
[2025-05-04T22:59:02.757+0000] {processor.py:840} INFO - DAG(s) 'example_params_trigger_ui' retrieved from /home/airflow/.local/lib/python3.8/site-packages/airflow/example_dags/example_params_trigger_ui.py
[2025-05-04T22:59:02.787+0000] {logging_mixin.py:188} INFO - [2025-05-04T22:59:02.786+0000] {dag.py:3033} INFO - Sync 1 DAGs
[2025-05-04T22:59:02.793+0000] {logging_mixin.py:188} INFO - [2025-05-04T22:59:02.793+0000] {dag.py:3820} INFO - Setting next_dagrun for example_params_trigger_ui to None, run_after=None
[2025-05-04T22:59:02.804+0000] {processor.py:183} INFO - Processing /home/airflow/.local/lib/python3.8/site-packages/airflow/example_dags/example_params_trigger_ui.py took 0.067 seconds
[2025-05-04T22:59:33.467+0000] {processor.py:161} INFO - Started process (PID=236) to work on /home/airflow/.local/lib/python3.8/site-packages/airflow/example_dags/example_params_trigger_ui.py
[2025-05-04T22:59:33.468+0000] {processor.py:830} INFO - Processing file /home/airflow/.local/lib/python3.8/site-packages/airflow/example_dags/example_params_trigger_ui.py for tasks to queue
[2025-05-04T22:59:33.470+0000] {logging_mixin.py:188} INFO - [2025-05-04T22:59:33.470+0000] {dagbag.py:538} INFO - Filling up the DagBag from /home/airflow/.local/lib/python3.8/site-packages/airflow/example_dags/example_params_trigger_ui.py
[2025-05-04T22:59:33.481+0000] {processor.py:840} INFO - DAG(s) 'example_params_trigger_ui' retrieved from /home/airflow/.local/lib/python3.8/site-packages/airflow/example_dags/example_params_trigger_ui.py
[2025-05-04T22:59:33.513+0000] {logging_mixin.py:188} INFO - [2025-05-04T22:59:33.513+0000] {dag.py:3033} INFO - Sync 1 DAGs
[2025-05-04T22:59:33.520+0000] {logging_mixin.py:188} INFO - [2025-05-04T22:59:33.520+0000] {dag.py:3820} INFO - Setting next_dagrun for example_params_trigger_ui to None, run_after=None
[2025-05-04T22:59:33.533+0000] {processor.py:183} INFO - Processing /home/airflow/.local/lib/python3.8/site-packages/airflow/example_dags/example_params_trigger_ui.py took 0.071 seconds
[2025-05-04T23:00:04.279+0000] {processor.py:161} INFO - Started process (PID=298) to work on /home/airflow/.local/lib/python3.8/site-packages/airflow/example_dags/example_params_trigger_ui.py
[2025-05-04T23:00:04.280+0000] {processor.py:830} INFO - Processing file /home/airflow/.local/lib/python3.8/site-packages/airflow/example_dags/example_params_trigger_ui.py for tasks to queue
[2025-05-04T23:00:04.281+0000] {logging_mixin.py:188} INFO - [2025-05-04T23:00:04.281+0000] {dagbag.py:538} INFO - Filling up the DagBag from /home/airflow/.local/lib/python3.8/site-packages/airflow/example_dags/example_params_trigger_ui.py
[2025-05-04T23:00:04.293+0000] {processor.py:840} INFO - DAG(s) 'example_params_trigger_ui' retrieved from /home/airflow/.local/lib/python3.8/site-packages/airflow/example_dags/example_params_trigger_ui.py
[2025-05-04T23:00:04.322+0000] {logging_mixin.py:188} INFO - [2025-05-04T23:00:04.322+0000] {dag.py:3033} INFO - Sync 1 DAGs
[2025-05-04T23:00:04.327+0000] {logging_mixin.py:188} INFO - [2025-05-04T23:00:04.327+0000] {dag.py:3820} INFO - Setting next_dagrun for example_params_trigger_ui to None, run_after=None
[2025-05-04T23:00:04.338+0000] {processor.py:183} INFO - Processing /home/airflow/.local/lib/python3.8/site-packages/airflow/example_dags/example_params_trigger_ui.py took 0.061 seconds
[2025-05-04T23:00:34.948+0000] {processor.py:161} INFO - Started process (PID=354) to work on /home/airflow/.local/lib/python3.8/site-packages/airflow/example_dags/example_params_trigger_ui.py
[2025-05-04T23:00:34.951+0000] {processor.py:830} INFO - Processing file /home/airflow/.local/lib/python3.8/site-packages/airflow/example_dags/example_params_trigger_ui.py for tasks to queue
[2025-05-04T23:00:34.953+0000] {logging_mixin.py:188} INFO - [2025-05-04T23:00:34.953+0000] {dagbag.py:538} INFO - Filling up the DagBag from /home/airflow/.local/lib/python3.8/site-packages/airflow/example_dags/example_params_trigger_ui.py
[2025-05-04T23:00:34.965+0000] {processor.py:840} INFO - DAG(s) 'example_params_trigger_ui' retrieved from /home/airflow/.local/lib/python3.8/site-packages/airflow/example_dags/example_params_trigger_ui.py
[2025-05-04T23:00:34.990+0000] {logging_mixin.py:188} INFO - [2025-05-04T23:00:34.989+0000] {dag.py:3033} INFO - Sync 1 DAGs
[2025-05-04T23:00:34.997+0000] {logging_mixin.py:188} INFO - [2025-05-04T23:00:34.997+0000] {dag.py:3820} INFO - Setting next_dagrun for example_params_trigger_ui to None, run_after=None
[2025-05-04T23:00:35.008+0000] {processor.py:183} INFO - Processing /home/airflow/.local/lib/python3.8/site-packages/airflow/example_dags/example_params_trigger_ui.py took 0.064 seconds
[2025-05-04T23:01:05.576+0000] {processor.py:161} INFO - Started process (PID=410) to work on /home/airflow/.local/lib/python3.8/site-packages/airflow/example_dags/example_params_trigger_ui.py
[2025-05-04T23:01:05.577+0000] {processor.py:830} INFO - Processing file /home/airflow/.local/lib/python3.8/site-packages/airflow/example_dags/example_params_trigger_ui.py for tasks to queue
[2025-05-04T23:01:05.578+0000] {logging_mixin.py:188} INFO - [2025-05-04T23:01:05.578+0000] {dagbag.py:538} INFO - Filling up the DagBag from /home/airflow/.local/lib/python3.8/site-packages/airflow/example_dags/example_params_trigger_ui.py
[2025-05-04T23:01:05.587+0000] {processor.py:840} INFO - DAG(s) 'example_params_trigger_ui' retrieved from /home/airflow/.local/lib/python3.8/site-packages/airflow/example_dags/example_params_trigger_ui.py
[2025-05-04T23:01:05.609+0000] {logging_mixin.py:188} INFO - [2025-05-04T23:01:05.609+0000] {dag.py:3033} INFO - Sync 1 DAGs
[2025-05-04T23:01:05.614+0000] {logging_mixin.py:188} INFO - [2025-05-04T23:01:05.614+0000] {dag.py:3820} INFO - Setting next_dagrun for example_params_trigger_ui to None, run_after=None
[2025-05-04T23:01:05.626+0000] {processor.py:183} INFO - Processing /home/airflow/.local/lib/python3.8/site-packages/airflow/example_dags/example_params_trigger_ui.py took 0.052 seconds
[2025-05-04T23:01:36.186+0000] {processor.py:161} INFO - Started process (PID=466) to work on /home/airflow/.local/lib/python3.8/site-packages/airflow/example_dags/example_params_trigger_ui.py
[2025-05-04T23:01:36.187+0000] {processor.py:830} INFO - Processing file /home/airflow/.local/lib/python3.8/site-packages/airflow/example_dags/example_params_trigger_ui.py for tasks to queue
[2025-05-04T23:01:36.190+0000] {logging_mixin.py:188} INFO - [2025-05-04T23:01:36.190+0000] {dagbag.py:538} INFO - Filling up the DagBag from /home/airflow/.local/lib/python3.8/site-packages/airflow/example_dags/example_params_trigger_ui.py
[2025-05-04T23:01:36.202+0000] {processor.py:840} INFO - DAG(s) 'example_params_trigger_ui' retrieved from /home/airflow/.local/lib/python3.8/site-packages/airflow/example_dags/example_params_trigger_ui.py
[2025-05-04T23:01:36.230+0000] {logging_mixin.py:188} INFO - [2025-05-04T23:01:36.230+0000] {dag.py:3033} INFO - Sync 1 DAGs
[2025-05-04T23:01:36.238+0000] {logging_mixin.py:188} INFO - [2025-05-04T23:01:36.238+0000] {dag.py:3820} INFO - Setting next_dagrun for example_params_trigger_ui to None, run_after=None
[2025-05-04T23:01:36.248+0000] {processor.py:183} INFO - Processing /home/airflow/.local/lib/python3.8/site-packages/airflow/example_dags/example_params_trigger_ui.py took 0.067 seconds
[2025-05-04T23:02:06.704+0000] {processor.py:161} INFO - Started process (PID=522) to work on /home/airflow/.local/lib/python3.8/site-packages/airflow/example_dags/example_params_trigger_ui.py
[2025-05-04T23:02:06.706+0000] {processor.py:830} INFO - Processing file /home/airflow/.local/lib/python3.8/site-packages/airflow/example_dags/example_params_trigger_ui.py for tasks to queue
[2025-05-04T23:02:06.708+0000] {logging_mixin.py:188} INFO - [2025-05-04T23:02:06.708+0000] {dagbag.py:538} INFO - Filling up the DagBag from /home/airflow/.local/lib/python3.8/site-packages/airflow/example_dags/example_params_trigger_ui.py
[2025-05-04T23:02:06.720+0000] {processor.py:840} INFO - DAG(s) 'example_params_trigger_ui' retrieved from /home/airflow/.local/lib/python3.8/site-packages/airflow/example_dags/example_params_trigger_ui.py
[2025-05-04T23:02:06.747+0000] {logging_mixin.py:188} INFO - [2025-05-04T23:02:06.747+0000] {dag.py:3033} INFO - Sync 1 DAGs
[2025-05-04T23:02:06.753+0000] {logging_mixin.py:188} INFO - [2025-05-04T23:02:06.753+0000] {dag.py:3820} INFO - Setting next_dagrun for example_params_trigger_ui to None, run_after=None
[2025-05-04T23:02:06.762+0000] {processor.py:183} INFO - Processing /home/airflow/.local/lib/python3.8/site-packages/airflow/example_dags/example_params_trigger_ui.py took 0.063 seconds
[2025-05-04T23:02:37.278+0000] {processor.py:161} INFO - Started process (PID=578) to work on /home/airflow/.local/lib/python3.8/site-packages/airflow/example_dags/example_params_trigger_ui.py
[2025-05-04T23:02:37.280+0000] {processor.py:830} INFO - Processing file /home/airflow/.local/lib/python3.8/site-packages/airflow/example_dags/example_params_trigger_ui.py for tasks to queue
[2025-05-04T23:02:37.282+0000] {logging_mixin.py:188} INFO - [2025-05-04T23:02:37.282+0000] {dagbag.py:538} INFO - Filling up the DagBag from /home/airflow/.local/lib/python3.8/site-packages/airflow/example_dags/example_params_trigger_ui.py
[2025-05-04T23:02:37.296+0000] {processor.py:840} INFO - DAG(s) 'example_params_trigger_ui' retrieved from /home/airflow/.local/lib/python3.8/site-packages/airflow/example_dags/example_params_trigger_ui.py
[2025-05-04T23:02:37.339+0000] {logging_mixin.py:188} INFO - [2025-05-04T23:02:37.339+0000] {dag.py:3033} INFO - Sync 1 DAGs
[2025-05-04T23:02:37.346+0000] {logging_mixin.py:188} INFO - [2025-05-04T23:02:37.346+0000] {dag.py:3820} INFO - Setting next_dagrun for example_params_trigger_ui to None, run_after=None
[2025-05-04T23:02:37.359+0000] {processor.py:183} INFO - Processing /home/airflow/.local/lib/python3.8/site-packages/airflow/example_dags/example_params_trigger_ui.py took 0.086 seconds
[2025-05-04T23:03:08.086+0000] {processor.py:161} INFO - Started process (PID=634) to work on /home/airflow/.local/lib/python3.8/site-packages/airflow/example_dags/example_params_trigger_ui.py
[2025-05-04T23:03:08.089+0000] {processor.py:830} INFO - Processing file /home/airflow/.local/lib/python3.8/site-packages/airflow/example_dags/example_params_trigger_ui.py for tasks to queue
[2025-05-04T23:03:08.091+0000] {logging_mixin.py:188} INFO - [2025-05-04T23:03:08.091+0000] {dagbag.py:538} INFO - Filling up the DagBag from /home/airflow/.local/lib/python3.8/site-packages/airflow/example_dags/example_params_trigger_ui.py
[2025-05-04T23:03:08.103+0000] {processor.py:840} INFO - DAG(s) 'example_params_trigger_ui' retrieved from /home/airflow/.local/lib/python3.8/site-packages/airflow/example_dags/example_params_trigger_ui.py
[2025-05-04T23:03:08.133+0000] {logging_mixin.py:188} INFO - [2025-05-04T23:03:08.133+0000] {dag.py:3033} INFO - Sync 1 DAGs
[2025-05-04T23:03:08.146+0000] {logging_mixin.py:188} INFO - [2025-05-04T23:03:08.145+0000] {dag.py:3820} INFO - Setting next_dagrun for example_params_trigger_ui to None, run_after=None
[2025-05-04T23:03:08.156+0000] {processor.py:183} INFO - Processing /home/airflow/.local/lib/python3.8/site-packages/airflow/example_dags/example_params_trigger_ui.py took 0.076 seconds
[2025-05-04T23:03:38.669+0000] {processor.py:161} INFO - Started process (PID=690) to work on /home/airflow/.local/lib/python3.8/site-packages/airflow/example_dags/example_params_trigger_ui.py
[2025-05-04T23:03:38.670+0000] {processor.py:830} INFO - Processing file /home/airflow/.local/lib/python3.8/site-packages/airflow/example_dags/example_params_trigger_ui.py for tasks to queue
[2025-05-04T23:03:38.672+0000] {logging_mixin.py:188} INFO - [2025-05-04T23:03:38.672+0000] {dagbag.py:538} INFO - Filling up the DagBag from /home/airflow/.local/lib/python3.8/site-packages/airflow/example_dags/example_params_trigger_ui.py
[2025-05-04T23:03:38.684+0000] {processor.py:840} INFO - DAG(s) 'example_params_trigger_ui' retrieved from /home/airflow/.local/lib/python3.8/site-packages/airflow/example_dags/example_params_trigger_ui.py
[2025-05-04T23:03:38.711+0000] {logging_mixin.py:188} INFO - [2025-05-04T23:03:38.711+0000] {dag.py:3033} INFO - Sync 1 DAGs
[2025-05-04T23:03:38.717+0000] {logging_mixin.py:188} INFO - [2025-05-04T23:03:38.717+0000] {dag.py:3820} INFO - Setting next_dagrun for example_params_trigger_ui to None, run_after=None
[2025-05-04T23:03:38.727+0000] {processor.py:183} INFO - Processing /home/airflow/.local/lib/python3.8/site-packages/airflow/example_dags/example_params_trigger_ui.py took 0.064 seconds
[2025-05-04T23:04:28.809+0000] {processor.py:161} INFO - Started process (PID=73) to work on /home/airflow/.local/lib/python3.8/site-packages/airflow/example_dags/example_params_trigger_ui.py
[2025-05-04T23:04:28.811+0000] {processor.py:830} INFO - Processing file /home/airflow/.local/lib/python3.8/site-packages/airflow/example_dags/example_params_trigger_ui.py for tasks to queue
[2025-05-04T23:04:28.812+0000] {logging_mixin.py:188} INFO - [2025-05-04T23:04:28.812+0000] {dagbag.py:538} INFO - Filling up the DagBag from /home/airflow/.local/lib/python3.8/site-packages/airflow/example_dags/example_params_trigger_ui.py
[2025-05-04T23:04:28.821+0000] {processor.py:840} INFO - DAG(s) 'example_params_trigger_ui' retrieved from /home/airflow/.local/lib/python3.8/site-packages/airflow/example_dags/example_params_trigger_ui.py
[2025-05-04T23:04:28.829+0000] {logging_mixin.py:188} INFO - [2025-05-04T23:04:28.829+0000] {dag.py:3033} INFO - Sync 1 DAGs
[2025-05-04T23:04:28.837+0000] {logging_mixin.py:188} INFO - [2025-05-04T23:04:28.836+0000] {dag.py:3820} INFO - Setting next_dagrun for example_params_trigger_ui to None, run_after=None
[2025-05-04T23:04:28.884+0000] {processor.py:183} INFO - Processing /home/airflow/.local/lib/python3.8/site-packages/airflow/example_dags/example_params_trigger_ui.py took 0.076 seconds
[2025-05-04T23:04:59.059+0000] {processor.py:161} INFO - Started process (PID=129) to work on /home/airflow/.local/lib/python3.8/site-packages/airflow/example_dags/example_params_trigger_ui.py
[2025-05-04T23:04:59.060+0000] {processor.py:830} INFO - Processing file /home/airflow/.local/lib/python3.8/site-packages/airflow/example_dags/example_params_trigger_ui.py for tasks to queue
[2025-05-04T23:04:59.061+0000] {logging_mixin.py:188} INFO - [2025-05-04T23:04:59.061+0000] {dagbag.py:538} INFO - Filling up the DagBag from /home/airflow/.local/lib/python3.8/site-packages/airflow/example_dags/example_params_trigger_ui.py
[2025-05-04T23:04:59.068+0000] {processor.py:840} INFO - DAG(s) 'example_params_trigger_ui' retrieved from /home/airflow/.local/lib/python3.8/site-packages/airflow/example_dags/example_params_trigger_ui.py
[2025-05-04T23:04:59.126+0000] {logging_mixin.py:188} INFO - [2025-05-04T23:04:59.126+0000] {dag.py:3033} INFO - Sync 1 DAGs
[2025-05-04T23:04:59.130+0000] {logging_mixin.py:188} INFO - [2025-05-04T23:04:59.130+0000] {dag.py:3820} INFO - Setting next_dagrun for example_params_trigger_ui to None, run_after=None
[2025-05-04T23:04:59.140+0000] {processor.py:183} INFO - Processing /home/airflow/.local/lib/python3.8/site-packages/airflow/example_dags/example_params_trigger_ui.py took 0.082 seconds
[2025-05-04T23:05:30.095+0000] {processor.py:161} INFO - Started process (PID=185) to work on /home/airflow/.local/lib/python3.8/site-packages/airflow/example_dags/example_params_trigger_ui.py
[2025-05-04T23:05:30.095+0000] {processor.py:830} INFO - Processing file /home/airflow/.local/lib/python3.8/site-packages/airflow/example_dags/example_params_trigger_ui.py for tasks to queue
[2025-05-04T23:05:30.096+0000] {logging_mixin.py:188} INFO - [2025-05-04T23:05:30.096+0000] {dagbag.py:538} INFO - Filling up the DagBag from /home/airflow/.local/lib/python3.8/site-packages/airflow/example_dags/example_params_trigger_ui.py
[2025-05-04T23:05:30.102+0000] {processor.py:840} INFO - DAG(s) 'example_params_trigger_ui' retrieved from /home/airflow/.local/lib/python3.8/site-packages/airflow/example_dags/example_params_trigger_ui.py
[2025-05-04T23:05:30.121+0000] {logging_mixin.py:188} INFO - [2025-05-04T23:05:30.121+0000] {dag.py:3033} INFO - Sync 1 DAGs
[2025-05-04T23:05:30.125+0000] {logging_mixin.py:188} INFO - [2025-05-04T23:05:30.125+0000] {dag.py:3820} INFO - Setting next_dagrun for example_params_trigger_ui to None, run_after=None
[2025-05-04T23:05:30.131+0000] {processor.py:183} INFO - Processing /home/airflow/.local/lib/python3.8/site-packages/airflow/example_dags/example_params_trigger_ui.py took 0.038 seconds
[2025-05-04T23:06:31.638+0000] {processor.py:161} INFO - Started process (PID=68) to work on /home/airflow/.local/lib/python3.8/site-packages/airflow/example_dags/example_params_trigger_ui.py
[2025-05-04T23:06:31.641+0000] {processor.py:830} INFO - Processing file /home/airflow/.local/lib/python3.8/site-packages/airflow/example_dags/example_params_trigger_ui.py for tasks to queue
[2025-05-04T23:06:31.644+0000] {logging_mixin.py:188} INFO - [2025-05-04T23:06:31.643+0000] {dagbag.py:538} INFO - Filling up the DagBag from /home/airflow/.local/lib/python3.8/site-packages/airflow/example_dags/example_params_trigger_ui.py
[2025-05-04T23:06:31.656+0000] {processor.py:840} INFO - DAG(s) 'example_params_trigger_ui' retrieved from /home/airflow/.local/lib/python3.8/site-packages/airflow/example_dags/example_params_trigger_ui.py
[2025-05-04T23:06:31.685+0000] {logging_mixin.py:188} INFO - [2025-05-04T23:06:31.685+0000] {dag.py:3033} INFO - Sync 1 DAGs
[2025-05-04T23:06:31.713+0000] {logging_mixin.py:188} INFO - [2025-05-04T23:06:31.713+0000] {dag.py:3820} INFO - Setting next_dagrun for example_params_trigger_ui to None, run_after=None
[2025-05-04T23:06:31.749+0000] {processor.py:183} INFO - Processing /home/airflow/.local/lib/python3.8/site-packages/airflow/example_dags/example_params_trigger_ui.py took 0.114 seconds
[2025-05-04T23:07:01.891+0000] {processor.py:161} INFO - Started process (PID=124) to work on /home/airflow/.local/lib/python3.8/site-packages/airflow/example_dags/example_params_trigger_ui.py
[2025-05-04T23:07:01.893+0000] {processor.py:830} INFO - Processing file /home/airflow/.local/lib/python3.8/site-packages/airflow/example_dags/example_params_trigger_ui.py for tasks to queue
[2025-05-04T23:07:01.894+0000] {logging_mixin.py:188} INFO - [2025-05-04T23:07:01.894+0000] {dagbag.py:538} INFO - Filling up the DagBag from /home/airflow/.local/lib/python3.8/site-packages/airflow/example_dags/example_params_trigger_ui.py
[2025-05-04T23:07:01.901+0000] {processor.py:840} INFO - DAG(s) 'example_params_trigger_ui' retrieved from /home/airflow/.local/lib/python3.8/site-packages/airflow/example_dags/example_params_trigger_ui.py
[2025-05-04T23:07:01.964+0000] {logging_mixin.py:188} INFO - [2025-05-04T23:07:01.964+0000] {dag.py:3033} INFO - Sync 1 DAGs
[2025-05-04T23:07:01.968+0000] {logging_mixin.py:188} INFO - [2025-05-04T23:07:01.968+0000] {dag.py:3820} INFO - Setting next_dagrun for example_params_trigger_ui to None, run_after=None
[2025-05-04T23:07:01.977+0000] {processor.py:183} INFO - Processing /home/airflow/.local/lib/python3.8/site-packages/airflow/example_dags/example_params_trigger_ui.py took 0.088 seconds
[2025-05-04T23:07:32.882+0000] {processor.py:161} INFO - Started process (PID=186) to work on /home/airflow/.local/lib/python3.8/site-packages/airflow/example_dags/example_params_trigger_ui.py
[2025-05-04T23:07:32.882+0000] {processor.py:830} INFO - Processing file /home/airflow/.local/lib/python3.8/site-packages/airflow/example_dags/example_params_trigger_ui.py for tasks to queue
[2025-05-04T23:07:32.885+0000] {logging_mixin.py:188} INFO - [2025-05-04T23:07:32.885+0000] {dagbag.py:538} INFO - Filling up the DagBag from /home/airflow/.local/lib/python3.8/site-packages/airflow/example_dags/example_params_trigger_ui.py
[2025-05-04T23:07:32.892+0000] {processor.py:840} INFO - DAG(s) 'example_params_trigger_ui' retrieved from /home/airflow/.local/lib/python3.8/site-packages/airflow/example_dags/example_params_trigger_ui.py
[2025-05-04T23:07:32.916+0000] {logging_mixin.py:188} INFO - [2025-05-04T23:07:32.915+0000] {dag.py:3033} INFO - Sync 1 DAGs
[2025-05-04T23:07:32.921+0000] {logging_mixin.py:188} INFO - [2025-05-04T23:07:32.921+0000] {dag.py:3820} INFO - Setting next_dagrun for example_params_trigger_ui to None, run_after=None
[2025-05-04T23:07:32.932+0000] {processor.py:183} INFO - Processing /home/airflow/.local/lib/python3.8/site-packages/airflow/example_dags/example_params_trigger_ui.py took 0.052 seconds
[2025-05-04T23:08:03.450+0000] {processor.py:161} INFO - Started process (PID=242) to work on /home/airflow/.local/lib/python3.8/site-packages/airflow/example_dags/example_params_trigger_ui.py
[2025-05-04T23:08:03.451+0000] {processor.py:830} INFO - Processing file /home/airflow/.local/lib/python3.8/site-packages/airflow/example_dags/example_params_trigger_ui.py for tasks to queue
[2025-05-04T23:08:03.452+0000] {logging_mixin.py:188} INFO - [2025-05-04T23:08:03.452+0000] {dagbag.py:538} INFO - Filling up the DagBag from /home/airflow/.local/lib/python3.8/site-packages/airflow/example_dags/example_params_trigger_ui.py
[2025-05-04T23:08:03.459+0000] {processor.py:840} INFO - DAG(s) 'example_params_trigger_ui' retrieved from /home/airflow/.local/lib/python3.8/site-packages/airflow/example_dags/example_params_trigger_ui.py
[2025-05-04T23:08:03.480+0000] {logging_mixin.py:188} INFO - [2025-05-04T23:08:03.480+0000] {dag.py:3033} INFO - Sync 1 DAGs
[2025-05-04T23:08:03.487+0000] {logging_mixin.py:188} INFO - [2025-05-04T23:08:03.486+0000] {dag.py:3820} INFO - Setting next_dagrun for example_params_trigger_ui to None, run_after=None
[2025-05-04T23:08:03.495+0000] {processor.py:183} INFO - Processing /home/airflow/.local/lib/python3.8/site-packages/airflow/example_dags/example_params_trigger_ui.py took 0.047 seconds
[2025-05-04T23:08:34.044+0000] {processor.py:161} INFO - Started process (PID=298) to work on /home/airflow/.local/lib/python3.8/site-packages/airflow/example_dags/example_params_trigger_ui.py
[2025-05-04T23:08:34.044+0000] {processor.py:830} INFO - Processing file /home/airflow/.local/lib/python3.8/site-packages/airflow/example_dags/example_params_trigger_ui.py for tasks to queue
[2025-05-04T23:08:34.045+0000] {logging_mixin.py:188} INFO - [2025-05-04T23:08:34.045+0000] {dagbag.py:538} INFO - Filling up the DagBag from /home/airflow/.local/lib/python3.8/site-packages/airflow/example_dags/example_params_trigger_ui.py
[2025-05-04T23:08:34.054+0000] {processor.py:840} INFO - DAG(s) 'example_params_trigger_ui' retrieved from /home/airflow/.local/lib/python3.8/site-packages/airflow/example_dags/example_params_trigger_ui.py
[2025-05-04T23:08:34.072+0000] {logging_mixin.py:188} INFO - [2025-05-04T23:08:34.072+0000] {dag.py:3033} INFO - Sync 1 DAGs
[2025-05-04T23:08:34.079+0000] {logging_mixin.py:188} INFO - [2025-05-04T23:08:34.079+0000] {dag.py:3820} INFO - Setting next_dagrun for example_params_trigger_ui to None, run_after=None
[2025-05-04T23:08:34.087+0000] {processor.py:183} INFO - Processing /home/airflow/.local/lib/python3.8/site-packages/airflow/example_dags/example_params_trigger_ui.py took 0.045 seconds
[2025-05-04T23:09:04.767+0000] {processor.py:161} INFO - Started process (PID=353) to work on /home/airflow/.local/lib/python3.8/site-packages/airflow/example_dags/example_params_trigger_ui.py
[2025-05-04T23:09:04.768+0000] {processor.py:830} INFO - Processing file /home/airflow/.local/lib/python3.8/site-packages/airflow/example_dags/example_params_trigger_ui.py for tasks to queue
[2025-05-04T23:09:04.769+0000] {logging_mixin.py:188} INFO - [2025-05-04T23:09:04.769+0000] {dagbag.py:538} INFO - Filling up the DagBag from /home/airflow/.local/lib/python3.8/site-packages/airflow/example_dags/example_params_trigger_ui.py
[2025-05-04T23:09:04.775+0000] {processor.py:840} INFO - DAG(s) 'example_params_trigger_ui' retrieved from /home/airflow/.local/lib/python3.8/site-packages/airflow/example_dags/example_params_trigger_ui.py
[2025-05-04T23:09:04.794+0000] {logging_mixin.py:188} INFO - [2025-05-04T23:09:04.794+0000] {dag.py:3033} INFO - Sync 1 DAGs
[2025-05-04T23:09:04.801+0000] {logging_mixin.py:188} INFO - [2025-05-04T23:09:04.801+0000] {dag.py:3820} INFO - Setting next_dagrun for example_params_trigger_ui to None, run_after=None
[2025-05-04T23:09:04.812+0000] {processor.py:183} INFO - Processing /home/airflow/.local/lib/python3.8/site-packages/airflow/example_dags/example_params_trigger_ui.py took 0.047 seconds
[2025-05-04T23:09:34.875+0000] {processor.py:161} INFO - Started process (PID=409) to work on /home/airflow/.local/lib/python3.8/site-packages/airflow/example_dags/example_params_trigger_ui.py
[2025-05-04T23:09:34.876+0000] {processor.py:830} INFO - Processing file /home/airflow/.local/lib/python3.8/site-packages/airflow/example_dags/example_params_trigger_ui.py for tasks to queue
[2025-05-04T23:09:34.877+0000] {logging_mixin.py:188} INFO - [2025-05-04T23:09:34.877+0000] {dagbag.py:538} INFO - Filling up the DagBag from /home/airflow/.local/lib/python3.8/site-packages/airflow/example_dags/example_params_trigger_ui.py
[2025-05-04T23:09:34.883+0000] {processor.py:840} INFO - DAG(s) 'example_params_trigger_ui' retrieved from /home/airflow/.local/lib/python3.8/site-packages/airflow/example_dags/example_params_trigger_ui.py
[2025-05-04T23:09:34.904+0000] {logging_mixin.py:188} INFO - [2025-05-04T23:09:34.904+0000] {dag.py:3033} INFO - Sync 1 DAGs
[2025-05-04T23:09:34.911+0000] {logging_mixin.py:188} INFO - [2025-05-04T23:09:34.911+0000] {dag.py:3820} INFO - Setting next_dagrun for example_params_trigger_ui to None, run_after=None
[2025-05-04T23:09:34.920+0000] {processor.py:183} INFO - Processing /home/airflow/.local/lib/python3.8/site-packages/airflow/example_dags/example_params_trigger_ui.py took 0.047 seconds
[2025-05-04T23:10:05.640+0000] {processor.py:161} INFO - Started process (PID=465) to work on /home/airflow/.local/lib/python3.8/site-packages/airflow/example_dags/example_params_trigger_ui.py
[2025-05-04T23:10:05.642+0000] {processor.py:830} INFO - Processing file /home/airflow/.local/lib/python3.8/site-packages/airflow/example_dags/example_params_trigger_ui.py for tasks to queue
[2025-05-04T23:10:05.645+0000] {logging_mixin.py:188} INFO - [2025-05-04T23:10:05.644+0000] {dagbag.py:538} INFO - Filling up the DagBag from /home/airflow/.local/lib/python3.8/site-packages/airflow/example_dags/example_params_trigger_ui.py
[2025-05-04T23:10:05.651+0000] {processor.py:840} INFO - DAG(s) 'example_params_trigger_ui' retrieved from /home/airflow/.local/lib/python3.8/site-packages/airflow/example_dags/example_params_trigger_ui.py
[2025-05-04T23:10:05.676+0000] {logging_mixin.py:188} INFO - [2025-05-04T23:10:05.676+0000] {dag.py:3033} INFO - Sync 1 DAGs
[2025-05-04T23:10:05.683+0000] {logging_mixin.py:188} INFO - [2025-05-04T23:10:05.683+0000] {dag.py:3820} INFO - Setting next_dagrun for example_params_trigger_ui to None, run_after=None
[2025-05-04T23:10:05.690+0000] {processor.py:183} INFO - Processing /home/airflow/.local/lib/python3.8/site-packages/airflow/example_dags/example_params_trigger_ui.py took 0.052 seconds
[2025-05-04T23:10:36.303+0000] {processor.py:161} INFO - Started process (PID=521) to work on /home/airflow/.local/lib/python3.8/site-packages/airflow/example_dags/example_params_trigger_ui.py
[2025-05-04T23:10:36.304+0000] {processor.py:830} INFO - Processing file /home/airflow/.local/lib/python3.8/site-packages/airflow/example_dags/example_params_trigger_ui.py for tasks to queue
[2025-05-04T23:10:36.305+0000] {logging_mixin.py:188} INFO - [2025-05-04T23:10:36.304+0000] {dagbag.py:538} INFO - Filling up the DagBag from /home/airflow/.local/lib/python3.8/site-packages/airflow/example_dags/example_params_trigger_ui.py
[2025-05-04T23:10:36.314+0000] {processor.py:840} INFO - DAG(s) 'example_params_trigger_ui' retrieved from /home/airflow/.local/lib/python3.8/site-packages/airflow/example_dags/example_params_trigger_ui.py
[2025-05-04T23:10:36.341+0000] {logging_mixin.py:188} INFO - [2025-05-04T23:10:36.341+0000] {dag.py:3033} INFO - Sync 1 DAGs
[2025-05-04T23:10:36.347+0000] {logging_mixin.py:188} INFO - [2025-05-04T23:10:36.347+0000] {dag.py:3820} INFO - Setting next_dagrun for example_params_trigger_ui to None, run_after=None
[2025-05-04T23:10:36.365+0000] {processor.py:183} INFO - Processing /home/airflow/.local/lib/python3.8/site-packages/airflow/example_dags/example_params_trigger_ui.py took 0.063 seconds
[2025-05-04T23:11:07.053+0000] {processor.py:161} INFO - Started process (PID=577) to work on /home/airflow/.local/lib/python3.8/site-packages/airflow/example_dags/example_params_trigger_ui.py
[2025-05-04T23:11:07.054+0000] {processor.py:830} INFO - Processing file /home/airflow/.local/lib/python3.8/site-packages/airflow/example_dags/example_params_trigger_ui.py for tasks to queue
[2025-05-04T23:11:07.055+0000] {logging_mixin.py:188} INFO - [2025-05-04T23:11:07.055+0000] {dagbag.py:538} INFO - Filling up the DagBag from /home/airflow/.local/lib/python3.8/site-packages/airflow/example_dags/example_params_trigger_ui.py
[2025-05-04T23:11:07.063+0000] {processor.py:840} INFO - DAG(s) 'example_params_trigger_ui' retrieved from /home/airflow/.local/lib/python3.8/site-packages/airflow/example_dags/example_params_trigger_ui.py
[2025-05-04T23:11:07.087+0000] {logging_mixin.py:188} INFO - [2025-05-04T23:11:07.087+0000] {dag.py:3033} INFO - Sync 1 DAGs
[2025-05-04T23:11:07.094+0000] {logging_mixin.py:188} INFO - [2025-05-04T23:11:07.094+0000] {dag.py:3820} INFO - Setting next_dagrun for example_params_trigger_ui to None, run_after=None
[2025-05-04T23:11:07.106+0000] {processor.py:183} INFO - Processing /home/airflow/.local/lib/python3.8/site-packages/airflow/example_dags/example_params_trigger_ui.py took 0.054 seconds
[2025-05-04T23:11:37.653+0000] {processor.py:161} INFO - Started process (PID=633) to work on /home/airflow/.local/lib/python3.8/site-packages/airflow/example_dags/example_params_trigger_ui.py
[2025-05-04T23:11:37.655+0000] {processor.py:830} INFO - Processing file /home/airflow/.local/lib/python3.8/site-packages/airflow/example_dags/example_params_trigger_ui.py for tasks to queue
[2025-05-04T23:11:37.656+0000] {logging_mixin.py:188} INFO - [2025-05-04T23:11:37.655+0000] {dagbag.py:538} INFO - Filling up the DagBag from /home/airflow/.local/lib/python3.8/site-packages/airflow/example_dags/example_params_trigger_ui.py
[2025-05-04T23:11:37.662+0000] {processor.py:840} INFO - DAG(s) 'example_params_trigger_ui' retrieved from /home/airflow/.local/lib/python3.8/site-packages/airflow/example_dags/example_params_trigger_ui.py
[2025-05-04T23:11:37.683+0000] {logging_mixin.py:188} INFO - [2025-05-04T23:11:37.683+0000] {dag.py:3033} INFO - Sync 1 DAGs
[2025-05-04T23:11:37.689+0000] {logging_mixin.py:188} INFO - [2025-05-04T23:11:37.689+0000] {dag.py:3820} INFO - Setting next_dagrun for example_params_trigger_ui to None, run_after=None
[2025-05-04T23:11:37.697+0000] {processor.py:183} INFO - Processing /home/airflow/.local/lib/python3.8/site-packages/airflow/example_dags/example_params_trigger_ui.py took 0.046 seconds
[2025-05-04T23:12:08.282+0000] {processor.py:161} INFO - Started process (PID=689) to work on /home/airflow/.local/lib/python3.8/site-packages/airflow/example_dags/example_params_trigger_ui.py
[2025-05-04T23:12:08.283+0000] {processor.py:830} INFO - Processing file /home/airflow/.local/lib/python3.8/site-packages/airflow/example_dags/example_params_trigger_ui.py for tasks to queue
[2025-05-04T23:12:08.284+0000] {logging_mixin.py:188} INFO - [2025-05-04T23:12:08.284+0000] {dagbag.py:538} INFO - Filling up the DagBag from /home/airflow/.local/lib/python3.8/site-packages/airflow/example_dags/example_params_trigger_ui.py
[2025-05-04T23:12:08.290+0000] {processor.py:840} INFO - DAG(s) 'example_params_trigger_ui' retrieved from /home/airflow/.local/lib/python3.8/site-packages/airflow/example_dags/example_params_trigger_ui.py
[2025-05-04T23:12:08.312+0000] {logging_mixin.py:188} INFO - [2025-05-04T23:12:08.312+0000] {dag.py:3033} INFO - Sync 1 DAGs
[2025-05-04T23:12:08.318+0000] {logging_mixin.py:188} INFO - [2025-05-04T23:12:08.318+0000] {dag.py:3820} INFO - Setting next_dagrun for example_params_trigger_ui to None, run_after=None
[2025-05-04T23:12:08.327+0000] {processor.py:183} INFO - Processing /home/airflow/.local/lib/python3.8/site-packages/airflow/example_dags/example_params_trigger_ui.py took 0.047 seconds
[2025-05-04T23:12:38.961+0000] {processor.py:161} INFO - Started process (PID=745) to work on /home/airflow/.local/lib/python3.8/site-packages/airflow/example_dags/example_params_trigger_ui.py
[2025-05-04T23:12:38.962+0000] {processor.py:830} INFO - Processing file /home/airflow/.local/lib/python3.8/site-packages/airflow/example_dags/example_params_trigger_ui.py for tasks to queue
[2025-05-04T23:12:38.963+0000] {logging_mixin.py:188} INFO - [2025-05-04T23:12:38.963+0000] {dagbag.py:538} INFO - Filling up the DagBag from /home/airflow/.local/lib/python3.8/site-packages/airflow/example_dags/example_params_trigger_ui.py
[2025-05-04T23:12:38.969+0000] {processor.py:840} INFO - DAG(s) 'example_params_trigger_ui' retrieved from /home/airflow/.local/lib/python3.8/site-packages/airflow/example_dags/example_params_trigger_ui.py
[2025-05-04T23:12:38.988+0000] {logging_mixin.py:188} INFO - [2025-05-04T23:12:38.988+0000] {dag.py:3033} INFO - Sync 1 DAGs
[2025-05-04T23:12:38.994+0000] {logging_mixin.py:188} INFO - [2025-05-04T23:12:38.994+0000] {dag.py:3820} INFO - Setting next_dagrun for example_params_trigger_ui to None, run_after=None
[2025-05-04T23:12:39.004+0000] {processor.py:183} INFO - Processing /home/airflow/.local/lib/python3.8/site-packages/airflow/example_dags/example_params_trigger_ui.py took 0.045 seconds
[2025-05-04T23:13:09.606+0000] {processor.py:161} INFO - Started process (PID=801) to work on /home/airflow/.local/lib/python3.8/site-packages/airflow/example_dags/example_params_trigger_ui.py
[2025-05-04T23:13:09.608+0000] {processor.py:830} INFO - Processing file /home/airflow/.local/lib/python3.8/site-packages/airflow/example_dags/example_params_trigger_ui.py for tasks to queue
[2025-05-04T23:13:09.609+0000] {logging_mixin.py:188} INFO - [2025-05-04T23:13:09.609+0000] {dagbag.py:538} INFO - Filling up the DagBag from /home/airflow/.local/lib/python3.8/site-packages/airflow/example_dags/example_params_trigger_ui.py
[2025-05-04T23:13:09.615+0000] {processor.py:840} INFO - DAG(s) 'example_params_trigger_ui' retrieved from /home/airflow/.local/lib/python3.8/site-packages/airflow/example_dags/example_params_trigger_ui.py
[2025-05-04T23:13:09.636+0000] {logging_mixin.py:188} INFO - [2025-05-04T23:13:09.636+0000] {dag.py:3033} INFO - Sync 1 DAGs
[2025-05-04T23:13:09.641+0000] {logging_mixin.py:188} INFO - [2025-05-04T23:13:09.641+0000] {dag.py:3820} INFO - Setting next_dagrun for example_params_trigger_ui to None, run_after=None
[2025-05-04T23:13:09.651+0000] {processor.py:183} INFO - Processing /home/airflow/.local/lib/python3.8/site-packages/airflow/example_dags/example_params_trigger_ui.py took 0.046 seconds
[2025-05-04T23:13:40.257+0000] {processor.py:161} INFO - Started process (PID=857) to work on /home/airflow/.local/lib/python3.8/site-packages/airflow/example_dags/example_params_trigger_ui.py
[2025-05-04T23:13:40.258+0000] {processor.py:830} INFO - Processing file /home/airflow/.local/lib/python3.8/site-packages/airflow/example_dags/example_params_trigger_ui.py for tasks to queue
[2025-05-04T23:13:40.259+0000] {logging_mixin.py:188} INFO - [2025-05-04T23:13:40.259+0000] {dagbag.py:538} INFO - Filling up the DagBag from /home/airflow/.local/lib/python3.8/site-packages/airflow/example_dags/example_params_trigger_ui.py
[2025-05-04T23:13:40.266+0000] {processor.py:840} INFO - DAG(s) 'example_params_trigger_ui' retrieved from /home/airflow/.local/lib/python3.8/site-packages/airflow/example_dags/example_params_trigger_ui.py
[2025-05-04T23:13:40.293+0000] {logging_mixin.py:188} INFO - [2025-05-04T23:13:40.293+0000] {dag.py:3033} INFO - Sync 1 DAGs
[2025-05-04T23:13:40.299+0000] {logging_mixin.py:188} INFO - [2025-05-04T23:13:40.299+0000] {dag.py:3820} INFO - Setting next_dagrun for example_params_trigger_ui to None, run_after=None
[2025-05-04T23:13:40.308+0000] {processor.py:183} INFO - Processing /home/airflow/.local/lib/python3.8/site-packages/airflow/example_dags/example_params_trigger_ui.py took 0.052 seconds
[2025-05-04T23:14:10.919+0000] {processor.py:161} INFO - Started process (PID=913) to work on /home/airflow/.local/lib/python3.8/site-packages/airflow/example_dags/example_params_trigger_ui.py
[2025-05-04T23:14:10.921+0000] {processor.py:830} INFO - Processing file /home/airflow/.local/lib/python3.8/site-packages/airflow/example_dags/example_params_trigger_ui.py for tasks to queue
[2025-05-04T23:14:10.923+0000] {logging_mixin.py:188} INFO - [2025-05-04T23:14:10.923+0000] {dagbag.py:538} INFO - Filling up the DagBag from /home/airflow/.local/lib/python3.8/site-packages/airflow/example_dags/example_params_trigger_ui.py
[2025-05-04T23:14:10.930+0000] {processor.py:840} INFO - DAG(s) 'example_params_trigger_ui' retrieved from /home/airflow/.local/lib/python3.8/site-packages/airflow/example_dags/example_params_trigger_ui.py
[2025-05-04T23:14:10.958+0000] {logging_mixin.py:188} INFO - [2025-05-04T23:14:10.957+0000] {dag.py:3033} INFO - Sync 1 DAGs
[2025-05-04T23:14:10.963+0000] {logging_mixin.py:188} INFO - [2025-05-04T23:14:10.963+0000] {dag.py:3820} INFO - Setting next_dagrun for example_params_trigger_ui to None, run_after=None
[2025-05-04T23:14:10.974+0000] {processor.py:183} INFO - Processing /home/airflow/.local/lib/python3.8/site-packages/airflow/example_dags/example_params_trigger_ui.py took 0.056 seconds
[2025-05-04T23:14:41.913+0000] {processor.py:161} INFO - Started process (PID=969) to work on /home/airflow/.local/lib/python3.8/site-packages/airflow/example_dags/example_params_trigger_ui.py
[2025-05-04T23:14:41.914+0000] {processor.py:830} INFO - Processing file /home/airflow/.local/lib/python3.8/site-packages/airflow/example_dags/example_params_trigger_ui.py for tasks to queue
[2025-05-04T23:14:41.916+0000] {logging_mixin.py:188} INFO - [2025-05-04T23:14:41.915+0000] {dagbag.py:538} INFO - Filling up the DagBag from /home/airflow/.local/lib/python3.8/site-packages/airflow/example_dags/example_params_trigger_ui.py
[2025-05-04T23:14:41.922+0000] {processor.py:840} INFO - DAG(s) 'example_params_trigger_ui' retrieved from /home/airflow/.local/lib/python3.8/site-packages/airflow/example_dags/example_params_trigger_ui.py
[2025-05-04T23:14:41.945+0000] {logging_mixin.py:188} INFO - [2025-05-04T23:14:41.945+0000] {dag.py:3033} INFO - Sync 1 DAGs
[2025-05-04T23:14:41.952+0000] {logging_mixin.py:188} INFO - [2025-05-04T23:14:41.952+0000] {dag.py:3820} INFO - Setting next_dagrun for example_params_trigger_ui to None, run_after=None
[2025-05-04T23:14:41.962+0000] {processor.py:183} INFO - Processing /home/airflow/.local/lib/python3.8/site-packages/airflow/example_dags/example_params_trigger_ui.py took 0.050 seconds
[2025-05-04T23:15:12.102+0000] {processor.py:161} INFO - Started process (PID=1025) to work on /home/airflow/.local/lib/python3.8/site-packages/airflow/example_dags/example_params_trigger_ui.py
[2025-05-04T23:15:12.103+0000] {processor.py:830} INFO - Processing file /home/airflow/.local/lib/python3.8/site-packages/airflow/example_dags/example_params_trigger_ui.py for tasks to queue
[2025-05-04T23:15:12.103+0000] {logging_mixin.py:188} INFO - [2025-05-04T23:15:12.103+0000] {dagbag.py:538} INFO - Filling up the DagBag from /home/airflow/.local/lib/python3.8/site-packages/airflow/example_dags/example_params_trigger_ui.py
[2025-05-04T23:15:12.110+0000] {processor.py:840} INFO - DAG(s) 'example_params_trigger_ui' retrieved from /home/airflow/.local/lib/python3.8/site-packages/airflow/example_dags/example_params_trigger_ui.py
[2025-05-04T23:15:12.132+0000] {logging_mixin.py:188} INFO - [2025-05-04T23:15:12.132+0000] {dag.py:3033} INFO - Sync 1 DAGs
[2025-05-04T23:15:12.138+0000] {logging_mixin.py:188} INFO - [2025-05-04T23:15:12.137+0000] {dag.py:3820} INFO - Setting next_dagrun for example_params_trigger_ui to None, run_after=None
[2025-05-04T23:15:12.145+0000] {processor.py:183} INFO - Processing /home/airflow/.local/lib/python3.8/site-packages/airflow/example_dags/example_params_trigger_ui.py took 0.044 seconds
[2025-05-04T23:15:42.605+0000] {processor.py:161} INFO - Started process (PID=1081) to work on /home/airflow/.local/lib/python3.8/site-packages/airflow/example_dags/example_params_trigger_ui.py
[2025-05-04T23:15:42.606+0000] {processor.py:830} INFO - Processing file /home/airflow/.local/lib/python3.8/site-packages/airflow/example_dags/example_params_trigger_ui.py for tasks to queue
[2025-05-04T23:15:42.607+0000] {logging_mixin.py:188} INFO - [2025-05-04T23:15:42.607+0000] {dagbag.py:538} INFO - Filling up the DagBag from /home/airflow/.local/lib/python3.8/site-packages/airflow/example_dags/example_params_trigger_ui.py
[2025-05-04T23:15:42.613+0000] {processor.py:840} INFO - DAG(s) 'example_params_trigger_ui' retrieved from /home/airflow/.local/lib/python3.8/site-packages/airflow/example_dags/example_params_trigger_ui.py
[2025-05-04T23:15:42.644+0000] {logging_mixin.py:188} INFO - [2025-05-04T23:15:42.644+0000] {dag.py:3033} INFO - Sync 1 DAGs
[2025-05-04T23:15:42.651+0000] {logging_mixin.py:188} INFO - [2025-05-04T23:15:42.650+0000] {dag.py:3820} INFO - Setting next_dagrun for example_params_trigger_ui to None, run_after=None
[2025-05-04T23:15:42.665+0000] {processor.py:183} INFO - Processing /home/airflow/.local/lib/python3.8/site-packages/airflow/example_dags/example_params_trigger_ui.py took 0.061 seconds
[2025-05-04T23:18:31.878+0000] {processor.py:161} INFO - Started process (PID=68) to work on /home/airflow/.local/lib/python3.8/site-packages/airflow/example_dags/example_params_trigger_ui.py
[2025-05-04T23:18:31.879+0000] {processor.py:830} INFO - Processing file /home/airflow/.local/lib/python3.8/site-packages/airflow/example_dags/example_params_trigger_ui.py for tasks to queue
[2025-05-04T23:18:31.882+0000] {logging_mixin.py:188} INFO - [2025-05-04T23:18:31.882+0000] {dagbag.py:538} INFO - Filling up the DagBag from /home/airflow/.local/lib/python3.8/site-packages/airflow/example_dags/example_params_trigger_ui.py
[2025-05-04T23:18:31.893+0000] {processor.py:840} INFO - DAG(s) 'example_params_trigger_ui' retrieved from /home/airflow/.local/lib/python3.8/site-packages/airflow/example_dags/example_params_trigger_ui.py
[2025-05-04T23:18:31.903+0000] {logging_mixin.py:188} INFO - [2025-05-04T23:18:31.903+0000] {dag.py:3033} INFO - Sync 1 DAGs
[2025-05-04T23:18:31.912+0000] {logging_mixin.py:188} INFO - [2025-05-04T23:18:31.912+0000] {dag.py:3820} INFO - Setting next_dagrun for example_params_trigger_ui to None, run_after=None
[2025-05-04T23:18:31.926+0000] {processor.py:183} INFO - Processing /home/airflow/.local/lib/python3.8/site-packages/airflow/example_dags/example_params_trigger_ui.py took 0.050 seconds
[2025-05-04T23:19:02.116+0000] {processor.py:161} INFO - Started process (PID=124) to work on /home/airflow/.local/lib/python3.8/site-packages/airflow/example_dags/example_params_trigger_ui.py
[2025-05-04T23:19:02.116+0000] {processor.py:830} INFO - Processing file /home/airflow/.local/lib/python3.8/site-packages/airflow/example_dags/example_params_trigger_ui.py for tasks to queue
[2025-05-04T23:19:02.118+0000] {logging_mixin.py:188} INFO - [2025-05-04T23:19:02.118+0000] {dagbag.py:538} INFO - Filling up the DagBag from /home/airflow/.local/lib/python3.8/site-packages/airflow/example_dags/example_params_trigger_ui.py
[2025-05-04T23:19:02.126+0000] {processor.py:840} INFO - DAG(s) 'example_params_trigger_ui' retrieved from /home/airflow/.local/lib/python3.8/site-packages/airflow/example_dags/example_params_trigger_ui.py
[2025-05-04T23:19:02.185+0000] {logging_mixin.py:188} INFO - [2025-05-04T23:19:02.185+0000] {dag.py:3033} INFO - Sync 1 DAGs
[2025-05-04T23:19:02.191+0000] {logging_mixin.py:188} INFO - [2025-05-04T23:19:02.191+0000] {dag.py:3820} INFO - Setting next_dagrun for example_params_trigger_ui to None, run_after=None
[2025-05-04T23:19:02.208+0000] {processor.py:183} INFO - Processing /home/airflow/.local/lib/python3.8/site-packages/airflow/example_dags/example_params_trigger_ui.py took 0.094 seconds
[2025-05-04T23:19:32.360+0000] {processor.py:161} INFO - Started process (PID=180) to work on /home/airflow/.local/lib/python3.8/site-packages/airflow/example_dags/example_params_trigger_ui.py
[2025-05-04T23:19:32.360+0000] {processor.py:830} INFO - Processing file /home/airflow/.local/lib/python3.8/site-packages/airflow/example_dags/example_params_trigger_ui.py for tasks to queue
[2025-05-04T23:19:32.361+0000] {logging_mixin.py:188} INFO - [2025-05-04T23:19:32.361+0000] {dagbag.py:538} INFO - Filling up the DagBag from /home/airflow/.local/lib/python3.8/site-packages/airflow/example_dags/example_params_trigger_ui.py
[2025-05-04T23:19:32.368+0000] {processor.py:840} INFO - DAG(s) 'example_params_trigger_ui' retrieved from /home/airflow/.local/lib/python3.8/site-packages/airflow/example_dags/example_params_trigger_ui.py
[2025-05-04T23:19:32.390+0000] {logging_mixin.py:188} INFO - [2025-05-04T23:19:32.390+0000] {dag.py:3033} INFO - Sync 1 DAGs
[2025-05-04T23:19:32.396+0000] {logging_mixin.py:188} INFO - [2025-05-04T23:19:32.396+0000] {dag.py:3820} INFO - Setting next_dagrun for example_params_trigger_ui to None, run_after=None
[2025-05-04T23:19:32.407+0000] {processor.py:183} INFO - Processing /home/airflow/.local/lib/python3.8/site-packages/airflow/example_dags/example_params_trigger_ui.py took 0.049 seconds
[2025-05-04T23:20:03.005+0000] {processor.py:161} INFO - Started process (PID=236) to work on /home/airflow/.local/lib/python3.8/site-packages/airflow/example_dags/example_params_trigger_ui.py
[2025-05-04T23:20:03.006+0000] {processor.py:830} INFO - Processing file /home/airflow/.local/lib/python3.8/site-packages/airflow/example_dags/example_params_trigger_ui.py for tasks to queue
[2025-05-04T23:20:03.007+0000] {logging_mixin.py:188} INFO - [2025-05-04T23:20:03.007+0000] {dagbag.py:538} INFO - Filling up the DagBag from /home/airflow/.local/lib/python3.8/site-packages/airflow/example_dags/example_params_trigger_ui.py
[2025-05-04T23:20:03.013+0000] {processor.py:840} INFO - DAG(s) 'example_params_trigger_ui' retrieved from /home/airflow/.local/lib/python3.8/site-packages/airflow/example_dags/example_params_trigger_ui.py
[2025-05-04T23:20:03.032+0000] {logging_mixin.py:188} INFO - [2025-05-04T23:20:03.032+0000] {dag.py:3033} INFO - Sync 1 DAGs
[2025-05-04T23:20:03.038+0000] {logging_mixin.py:188} INFO - [2025-05-04T23:20:03.038+0000] {dag.py:3820} INFO - Setting next_dagrun for example_params_trigger_ui to None, run_after=None
[2025-05-04T23:20:03.048+0000] {processor.py:183} INFO - Processing /home/airflow/.local/lib/python3.8/site-packages/airflow/example_dags/example_params_trigger_ui.py took 0.045 seconds
[2025-05-04T23:20:33.846+0000] {processor.py:161} INFO - Started process (PID=291) to work on /home/airflow/.local/lib/python3.8/site-packages/airflow/example_dags/example_params_trigger_ui.py
[2025-05-04T23:20:33.846+0000] {processor.py:830} INFO - Processing file /home/airflow/.local/lib/python3.8/site-packages/airflow/example_dags/example_params_trigger_ui.py for tasks to queue
[2025-05-04T23:20:33.849+0000] {logging_mixin.py:188} INFO - [2025-05-04T23:20:33.849+0000] {dagbag.py:538} INFO - Filling up the DagBag from /home/airflow/.local/lib/python3.8/site-packages/airflow/example_dags/example_params_trigger_ui.py
[2025-05-04T23:20:33.857+0000] {processor.py:840} INFO - DAG(s) 'example_params_trigger_ui' retrieved from /home/airflow/.local/lib/python3.8/site-packages/airflow/example_dags/example_params_trigger_ui.py
[2025-05-04T23:20:33.882+0000] {logging_mixin.py:188} INFO - [2025-05-04T23:20:33.882+0000] {dag.py:3033} INFO - Sync 1 DAGs
[2025-05-04T23:20:33.889+0000] {logging_mixin.py:188} INFO - [2025-05-04T23:20:33.889+0000] {dag.py:3820} INFO - Setting next_dagrun for example_params_trigger_ui to None, run_after=None
[2025-05-04T23:20:33.905+0000] {processor.py:183} INFO - Processing /home/airflow/.local/lib/python3.8/site-packages/airflow/example_dags/example_params_trigger_ui.py took 0.061 seconds
[2025-05-04T23:21:04.007+0000] {processor.py:161} INFO - Started process (PID=347) to work on /home/airflow/.local/lib/python3.8/site-packages/airflow/example_dags/example_params_trigger_ui.py
[2025-05-04T23:21:04.007+0000] {processor.py:830} INFO - Processing file /home/airflow/.local/lib/python3.8/site-packages/airflow/example_dags/example_params_trigger_ui.py for tasks to queue
[2025-05-04T23:21:04.008+0000] {logging_mixin.py:188} INFO - [2025-05-04T23:21:04.008+0000] {dagbag.py:538} INFO - Filling up the DagBag from /home/airflow/.local/lib/python3.8/site-packages/airflow/example_dags/example_params_trigger_ui.py
[2025-05-04T23:21:04.014+0000] {processor.py:840} INFO - DAG(s) 'example_params_trigger_ui' retrieved from /home/airflow/.local/lib/python3.8/site-packages/airflow/example_dags/example_params_trigger_ui.py
[2025-05-04T23:21:04.037+0000] {logging_mixin.py:188} INFO - [2025-05-04T23:21:04.037+0000] {dag.py:3033} INFO - Sync 1 DAGs
[2025-05-04T23:21:04.043+0000] {logging_mixin.py:188} INFO - [2025-05-04T23:21:04.043+0000] {dag.py:3820} INFO - Setting next_dagrun for example_params_trigger_ui to None, run_after=None
[2025-05-04T23:21:04.053+0000] {processor.py:183} INFO - Processing /home/airflow/.local/lib/python3.8/site-packages/airflow/example_dags/example_params_trigger_ui.py took 0.048 seconds
[2025-05-04T23:21:34.656+0000] {processor.py:161} INFO - Started process (PID=403) to work on /home/airflow/.local/lib/python3.8/site-packages/airflow/example_dags/example_params_trigger_ui.py
[2025-05-04T23:21:34.656+0000] {processor.py:830} INFO - Processing file /home/airflow/.local/lib/python3.8/site-packages/airflow/example_dags/example_params_trigger_ui.py for tasks to queue
[2025-05-04T23:21:34.657+0000] {logging_mixin.py:188} INFO - [2025-05-04T23:21:34.657+0000] {dagbag.py:538} INFO - Filling up the DagBag from /home/airflow/.local/lib/python3.8/site-packages/airflow/example_dags/example_params_trigger_ui.py
[2025-05-04T23:21:34.663+0000] {processor.py:840} INFO - DAG(s) 'example_params_trigger_ui' retrieved from /home/airflow/.local/lib/python3.8/site-packages/airflow/example_dags/example_params_trigger_ui.py
[2025-05-04T23:21:34.686+0000] {logging_mixin.py:188} INFO - [2025-05-04T23:21:34.686+0000] {dag.py:3033} INFO - Sync 1 DAGs
[2025-05-04T23:21:34.691+0000] {logging_mixin.py:188} INFO - [2025-05-04T23:21:34.691+0000] {dag.py:3820} INFO - Setting next_dagrun for example_params_trigger_ui to None, run_after=None
[2025-05-04T23:21:34.699+0000] {processor.py:183} INFO - Processing /home/airflow/.local/lib/python3.8/site-packages/airflow/example_dags/example_params_trigger_ui.py took 0.045 seconds
[2025-05-04T23:22:05.330+0000] {processor.py:161} INFO - Started process (PID=459) to work on /home/airflow/.local/lib/python3.8/site-packages/airflow/example_dags/example_params_trigger_ui.py
[2025-05-04T23:22:05.333+0000] {processor.py:830} INFO - Processing file /home/airflow/.local/lib/python3.8/site-packages/airflow/example_dags/example_params_trigger_ui.py for tasks to queue
[2025-05-04T23:22:05.334+0000] {logging_mixin.py:188} INFO - [2025-05-04T23:22:05.334+0000] {dagbag.py:538} INFO - Filling up the DagBag from /home/airflow/.local/lib/python3.8/site-packages/airflow/example_dags/example_params_trigger_ui.py
[2025-05-04T23:22:05.340+0000] {processor.py:840} INFO - DAG(s) 'example_params_trigger_ui' retrieved from /home/airflow/.local/lib/python3.8/site-packages/airflow/example_dags/example_params_trigger_ui.py
[2025-05-04T23:22:05.360+0000] {logging_mixin.py:188} INFO - [2025-05-04T23:22:05.360+0000] {dag.py:3033} INFO - Sync 1 DAGs
[2025-05-04T23:22:05.366+0000] {logging_mixin.py:188} INFO - [2025-05-04T23:22:05.366+0000] {dag.py:3820} INFO - Setting next_dagrun for example_params_trigger_ui to None, run_after=None
[2025-05-04T23:22:05.378+0000] {processor.py:183} INFO - Processing /home/airflow/.local/lib/python3.8/site-packages/airflow/example_dags/example_params_trigger_ui.py took 0.050 seconds
[2025-05-04T23:22:35.905+0000] {processor.py:161} INFO - Started process (PID=515) to work on /home/airflow/.local/lib/python3.8/site-packages/airflow/example_dags/example_params_trigger_ui.py
[2025-05-04T23:22:35.906+0000] {processor.py:830} INFO - Processing file /home/airflow/.local/lib/python3.8/site-packages/airflow/example_dags/example_params_trigger_ui.py for tasks to queue
[2025-05-04T23:22:35.907+0000] {logging_mixin.py:188} INFO - [2025-05-04T23:22:35.907+0000] {dagbag.py:538} INFO - Filling up the DagBag from /home/airflow/.local/lib/python3.8/site-packages/airflow/example_dags/example_params_trigger_ui.py
[2025-05-04T23:22:35.914+0000] {processor.py:840} INFO - DAG(s) 'example_params_trigger_ui' retrieved from /home/airflow/.local/lib/python3.8/site-packages/airflow/example_dags/example_params_trigger_ui.py
[2025-05-04T23:22:35.941+0000] {logging_mixin.py:188} INFO - [2025-05-04T23:22:35.941+0000] {dag.py:3033} INFO - Sync 1 DAGs
[2025-05-04T23:22:35.948+0000] {logging_mixin.py:188} INFO - [2025-05-04T23:22:35.948+0000] {dag.py:3820} INFO - Setting next_dagrun for example_params_trigger_ui to None, run_after=None
[2025-05-04T23:22:35.957+0000] {processor.py:183} INFO - Processing /home/airflow/.local/lib/python3.8/site-packages/airflow/example_dags/example_params_trigger_ui.py took 0.053 seconds
[2025-05-04T23:23:06.451+0000] {processor.py:161} INFO - Started process (PID=571) to work on /home/airflow/.local/lib/python3.8/site-packages/airflow/example_dags/example_params_trigger_ui.py
[2025-05-04T23:23:06.451+0000] {processor.py:830} INFO - Processing file /home/airflow/.local/lib/python3.8/site-packages/airflow/example_dags/example_params_trigger_ui.py for tasks to queue
[2025-05-04T23:23:06.452+0000] {logging_mixin.py:188} INFO - [2025-05-04T23:23:06.452+0000] {dagbag.py:538} INFO - Filling up the DagBag from /home/airflow/.local/lib/python3.8/site-packages/airflow/example_dags/example_params_trigger_ui.py
[2025-05-04T23:23:06.458+0000] {processor.py:840} INFO - DAG(s) 'example_params_trigger_ui' retrieved from /home/airflow/.local/lib/python3.8/site-packages/airflow/example_dags/example_params_trigger_ui.py
[2025-05-04T23:23:06.481+0000] {logging_mixin.py:188} INFO - [2025-05-04T23:23:06.481+0000] {dag.py:3033} INFO - Sync 1 DAGs
[2025-05-04T23:23:06.486+0000] {logging_mixin.py:188} INFO - [2025-05-04T23:23:06.486+0000] {dag.py:3820} INFO - Setting next_dagrun for example_params_trigger_ui to None, run_after=None
[2025-05-04T23:23:06.498+0000] {processor.py:183} INFO - Processing /home/airflow/.local/lib/python3.8/site-packages/airflow/example_dags/example_params_trigger_ui.py took 0.048 seconds
[2025-05-04T23:24:31.130+0000] {processor.py:161} INFO - Started process (PID=68) to work on /home/airflow/.local/lib/python3.8/site-packages/airflow/example_dags/example_params_trigger_ui.py
[2025-05-04T23:24:31.132+0000] {processor.py:830} INFO - Processing file /home/airflow/.local/lib/python3.8/site-packages/airflow/example_dags/example_params_trigger_ui.py for tasks to queue
[2025-05-04T23:24:31.135+0000] {logging_mixin.py:188} INFO - [2025-05-04T23:24:31.135+0000] {dagbag.py:538} INFO - Filling up the DagBag from /home/airflow/.local/lib/python3.8/site-packages/airflow/example_dags/example_params_trigger_ui.py
[2025-05-04T23:24:31.142+0000] {processor.py:840} INFO - DAG(s) 'example_params_trigger_ui' retrieved from /home/airflow/.local/lib/python3.8/site-packages/airflow/example_dags/example_params_trigger_ui.py
[2025-05-04T23:24:31.149+0000] {logging_mixin.py:188} INFO - [2025-05-04T23:24:31.148+0000] {dag.py:3033} INFO - Sync 1 DAGs
[2025-05-04T23:24:31.154+0000] {logging_mixin.py:188} INFO - [2025-05-04T23:24:31.154+0000] {dag.py:3820} INFO - Setting next_dagrun for example_params_trigger_ui to None, run_after=None
[2025-05-04T23:24:31.168+0000] {processor.py:183} INFO - Processing /home/airflow/.local/lib/python3.8/site-packages/airflow/example_dags/example_params_trigger_ui.py took 0.040 seconds
[2025-05-04T23:25:01.592+0000] {processor.py:161} INFO - Started process (PID=124) to work on /home/airflow/.local/lib/python3.8/site-packages/airflow/example_dags/example_params_trigger_ui.py
[2025-05-04T23:25:01.593+0000] {processor.py:830} INFO - Processing file /home/airflow/.local/lib/python3.8/site-packages/airflow/example_dags/example_params_trigger_ui.py for tasks to queue
[2025-05-04T23:25:01.595+0000] {logging_mixin.py:188} INFO - [2025-05-04T23:25:01.595+0000] {dagbag.py:538} INFO - Filling up the DagBag from /home/airflow/.local/lib/python3.8/site-packages/airflow/example_dags/example_params_trigger_ui.py
[2025-05-04T23:25:01.604+0000] {processor.py:840} INFO - DAG(s) 'example_params_trigger_ui' retrieved from /home/airflow/.local/lib/python3.8/site-packages/airflow/example_dags/example_params_trigger_ui.py
[2025-05-04T23:25:01.665+0000] {logging_mixin.py:188} INFO - [2025-05-04T23:25:01.665+0000] {dag.py:3033} INFO - Sync 1 DAGs
[2025-05-04T23:25:01.670+0000] {logging_mixin.py:188} INFO - [2025-05-04T23:25:01.670+0000] {dag.py:3820} INFO - Setting next_dagrun for example_params_trigger_ui to None, run_after=None
[2025-05-04T23:25:01.683+0000] {processor.py:183} INFO - Processing /home/airflow/.local/lib/python3.8/site-packages/airflow/example_dags/example_params_trigger_ui.py took 0.092 seconds
[2025-05-04T23:25:32.653+0000] {processor.py:161} INFO - Started process (PID=179) to work on /home/airflow/.local/lib/python3.8/site-packages/airflow/example_dags/example_params_trigger_ui.py
[2025-05-04T23:25:32.654+0000] {processor.py:830} INFO - Processing file /home/airflow/.local/lib/python3.8/site-packages/airflow/example_dags/example_params_trigger_ui.py for tasks to queue
[2025-05-04T23:25:32.655+0000] {logging_mixin.py:188} INFO - [2025-05-04T23:25:32.655+0000] {dagbag.py:538} INFO - Filling up the DagBag from /home/airflow/.local/lib/python3.8/site-packages/airflow/example_dags/example_params_trigger_ui.py
[2025-05-04T23:25:32.664+0000] {processor.py:840} INFO - DAG(s) 'example_params_trigger_ui' retrieved from /home/airflow/.local/lib/python3.8/site-packages/airflow/example_dags/example_params_trigger_ui.py
[2025-05-04T23:25:32.685+0000] {logging_mixin.py:188} INFO - [2025-05-04T23:25:32.685+0000] {dag.py:3033} INFO - Sync 1 DAGs
[2025-05-04T23:25:32.690+0000] {logging_mixin.py:188} INFO - [2025-05-04T23:25:32.690+0000] {dag.py:3820} INFO - Setting next_dagrun for example_params_trigger_ui to None, run_after=None
[2025-05-04T23:25:32.701+0000] {processor.py:183} INFO - Processing /home/airflow/.local/lib/python3.8/site-packages/airflow/example_dags/example_params_trigger_ui.py took 0.049 seconds
[2025-05-04T23:26:03.415+0000] {processor.py:161} INFO - Started process (PID=235) to work on /home/airflow/.local/lib/python3.8/site-packages/airflow/example_dags/example_params_trigger_ui.py
[2025-05-04T23:26:03.417+0000] {processor.py:830} INFO - Processing file /home/airflow/.local/lib/python3.8/site-packages/airflow/example_dags/example_params_trigger_ui.py for tasks to queue
[2025-05-04T23:26:03.418+0000] {logging_mixin.py:188} INFO - [2025-05-04T23:26:03.418+0000] {dagbag.py:538} INFO - Filling up the DagBag from /home/airflow/.local/lib/python3.8/site-packages/airflow/example_dags/example_params_trigger_ui.py
[2025-05-04T23:26:03.432+0000] {processor.py:840} INFO - DAG(s) 'example_params_trigger_ui' retrieved from /home/airflow/.local/lib/python3.8/site-packages/airflow/example_dags/example_params_trigger_ui.py
[2025-05-04T23:26:03.464+0000] {logging_mixin.py:188} INFO - [2025-05-04T23:26:03.464+0000] {dag.py:3033} INFO - Sync 1 DAGs
[2025-05-04T23:26:03.472+0000] {logging_mixin.py:188} INFO - [2025-05-04T23:26:03.472+0000] {dag.py:3820} INFO - Setting next_dagrun for example_params_trigger_ui to None, run_after=None
[2025-05-04T23:26:03.482+0000] {processor.py:183} INFO - Processing /home/airflow/.local/lib/python3.8/site-packages/airflow/example_dags/example_params_trigger_ui.py took 0.069 seconds
[2025-05-04T23:26:34.213+0000] {processor.py:161} INFO - Started process (PID=291) to work on /home/airflow/.local/lib/python3.8/site-packages/airflow/example_dags/example_params_trigger_ui.py
[2025-05-04T23:26:34.213+0000] {processor.py:830} INFO - Processing file /home/airflow/.local/lib/python3.8/site-packages/airflow/example_dags/example_params_trigger_ui.py for tasks to queue
[2025-05-04T23:26:34.214+0000] {logging_mixin.py:188} INFO - [2025-05-04T23:26:34.214+0000] {dagbag.py:538} INFO - Filling up the DagBag from /home/airflow/.local/lib/python3.8/site-packages/airflow/example_dags/example_params_trigger_ui.py
[2025-05-04T23:26:34.222+0000] {processor.py:840} INFO - DAG(s) 'example_params_trigger_ui' retrieved from /home/airflow/.local/lib/python3.8/site-packages/airflow/example_dags/example_params_trigger_ui.py
[2025-05-04T23:26:34.253+0000] {logging_mixin.py:188} INFO - [2025-05-04T23:26:34.253+0000] {dag.py:3033} INFO - Sync 1 DAGs
[2025-05-04T23:26:34.259+0000] {logging_mixin.py:188} INFO - [2025-05-04T23:26:34.259+0000] {dag.py:3820} INFO - Setting next_dagrun for example_params_trigger_ui to None, run_after=None
[2025-05-04T23:26:34.267+0000] {processor.py:183} INFO - Processing /home/airflow/.local/lib/python3.8/site-packages/airflow/example_dags/example_params_trigger_ui.py took 0.057 seconds
[2025-05-04T23:27:04.971+0000] {processor.py:161} INFO - Started process (PID=353) to work on /home/airflow/.local/lib/python3.8/site-packages/airflow/example_dags/example_params_trigger_ui.py
[2025-05-04T23:27:04.973+0000] {processor.py:830} INFO - Processing file /home/airflow/.local/lib/python3.8/site-packages/airflow/example_dags/example_params_trigger_ui.py for tasks to queue
[2025-05-04T23:27:04.974+0000] {logging_mixin.py:188} INFO - [2025-05-04T23:27:04.974+0000] {dagbag.py:538} INFO - Filling up the DagBag from /home/airflow/.local/lib/python3.8/site-packages/airflow/example_dags/example_params_trigger_ui.py
[2025-05-04T23:27:04.981+0000] {processor.py:840} INFO - DAG(s) 'example_params_trigger_ui' retrieved from /home/airflow/.local/lib/python3.8/site-packages/airflow/example_dags/example_params_trigger_ui.py
[2025-05-04T23:27:05.004+0000] {logging_mixin.py:188} INFO - [2025-05-04T23:27:05.004+0000] {dag.py:3033} INFO - Sync 1 DAGs
[2025-05-04T23:27:05.011+0000] {logging_mixin.py:188} INFO - [2025-05-04T23:27:05.011+0000] {dag.py:3820} INFO - Setting next_dagrun for example_params_trigger_ui to None, run_after=None
[2025-05-04T23:27:05.023+0000] {processor.py:183} INFO - Processing /home/airflow/.local/lib/python3.8/site-packages/airflow/example_dags/example_params_trigger_ui.py took 0.054 seconds
[2025-05-04T23:27:35.607+0000] {processor.py:161} INFO - Started process (PID=409) to work on /home/airflow/.local/lib/python3.8/site-packages/airflow/example_dags/example_params_trigger_ui.py
[2025-05-04T23:27:35.608+0000] {processor.py:830} INFO - Processing file /home/airflow/.local/lib/python3.8/site-packages/airflow/example_dags/example_params_trigger_ui.py for tasks to queue
[2025-05-04T23:27:35.609+0000] {logging_mixin.py:188} INFO - [2025-05-04T23:27:35.609+0000] {dagbag.py:538} INFO - Filling up the DagBag from /home/airflow/.local/lib/python3.8/site-packages/airflow/example_dags/example_params_trigger_ui.py
[2025-05-04T23:27:35.618+0000] {processor.py:840} INFO - DAG(s) 'example_params_trigger_ui' retrieved from /home/airflow/.local/lib/python3.8/site-packages/airflow/example_dags/example_params_trigger_ui.py
[2025-05-04T23:27:35.639+0000] {logging_mixin.py:188} INFO - [2025-05-04T23:27:35.639+0000] {dag.py:3033} INFO - Sync 1 DAGs
[2025-05-04T23:27:35.645+0000] {logging_mixin.py:188} INFO - [2025-05-04T23:27:35.644+0000] {dag.py:3820} INFO - Setting next_dagrun for example_params_trigger_ui to None, run_after=None
[2025-05-04T23:27:35.653+0000] {processor.py:183} INFO - Processing /home/airflow/.local/lib/python3.8/site-packages/airflow/example_dags/example_params_trigger_ui.py took 0.048 seconds
[2025-05-04T23:28:24.457+0000] {processor.py:161} INFO - Started process (PID=68) to work on /home/airflow/.local/lib/python3.8/site-packages/airflow/example_dags/example_params_trigger_ui.py
[2025-05-04T23:28:24.459+0000] {processor.py:830} INFO - Processing file /home/airflow/.local/lib/python3.8/site-packages/airflow/example_dags/example_params_trigger_ui.py for tasks to queue
[2025-05-04T23:28:24.461+0000] {logging_mixin.py:188} INFO - [2025-05-04T23:28:24.461+0000] {dagbag.py:538} INFO - Filling up the DagBag from /home/airflow/.local/lib/python3.8/site-packages/airflow/example_dags/example_params_trigger_ui.py
[2025-05-04T23:28:24.472+0000] {processor.py:840} INFO - DAG(s) 'example_params_trigger_ui' retrieved from /home/airflow/.local/lib/python3.8/site-packages/airflow/example_dags/example_params_trigger_ui.py
[2025-05-04T23:28:24.481+0000] {logging_mixin.py:188} INFO - [2025-05-04T23:28:24.481+0000] {dag.py:3033} INFO - Sync 1 DAGs
[2025-05-04T23:28:24.488+0000] {logging_mixin.py:188} INFO - [2025-05-04T23:28:24.488+0000] {dag.py:3820} INFO - Setting next_dagrun for example_params_trigger_ui to None, run_after=None
[2025-05-04T23:28:24.501+0000] {processor.py:183} INFO - Processing /home/airflow/.local/lib/python3.8/site-packages/airflow/example_dags/example_params_trigger_ui.py took 0.046 seconds
[2025-05-04T23:28:55.540+0000] {processor.py:161} INFO - Started process (PID=124) to work on /home/airflow/.local/lib/python3.8/site-packages/airflow/example_dags/example_params_trigger_ui.py
[2025-05-04T23:28:55.541+0000] {processor.py:830} INFO - Processing file /home/airflow/.local/lib/python3.8/site-packages/airflow/example_dags/example_params_trigger_ui.py for tasks to queue
[2025-05-04T23:28:55.542+0000] {logging_mixin.py:188} INFO - [2025-05-04T23:28:55.542+0000] {dagbag.py:538} INFO - Filling up the DagBag from /home/airflow/.local/lib/python3.8/site-packages/airflow/example_dags/example_params_trigger_ui.py
[2025-05-04T23:28:55.548+0000] {processor.py:840} INFO - DAG(s) 'example_params_trigger_ui' retrieved from /home/airflow/.local/lib/python3.8/site-packages/airflow/example_dags/example_params_trigger_ui.py
[2025-05-04T23:28:55.611+0000] {logging_mixin.py:188} INFO - [2025-05-04T23:28:55.611+0000] {dag.py:3033} INFO - Sync 1 DAGs
[2025-05-04T23:28:55.617+0000] {logging_mixin.py:188} INFO - [2025-05-04T23:28:55.616+0000] {dag.py:3820} INFO - Setting next_dagrun for example_params_trigger_ui to None, run_after=None
[2025-05-04T23:28:55.625+0000] {processor.py:183} INFO - Processing /home/airflow/.local/lib/python3.8/site-packages/airflow/example_dags/example_params_trigger_ui.py took 0.087 seconds
[2025-05-04T23:29:25.689+0000] {processor.py:161} INFO - Started process (PID=180) to work on /home/airflow/.local/lib/python3.8/site-packages/airflow/example_dags/example_params_trigger_ui.py
[2025-05-04T23:29:25.689+0000] {processor.py:830} INFO - Processing file /home/airflow/.local/lib/python3.8/site-packages/airflow/example_dags/example_params_trigger_ui.py for tasks to queue
[2025-05-04T23:29:25.691+0000] {logging_mixin.py:188} INFO - [2025-05-04T23:29:25.691+0000] {dagbag.py:538} INFO - Filling up the DagBag from /home/airflow/.local/lib/python3.8/site-packages/airflow/example_dags/example_params_trigger_ui.py
[2025-05-04T23:29:25.698+0000] {processor.py:840} INFO - DAG(s) 'example_params_trigger_ui' retrieved from /home/airflow/.local/lib/python3.8/site-packages/airflow/example_dags/example_params_trigger_ui.py
[2025-05-04T23:29:25.720+0000] {logging_mixin.py:188} INFO - [2025-05-04T23:29:25.720+0000] {dag.py:3033} INFO - Sync 1 DAGs
[2025-05-04T23:29:25.725+0000] {logging_mixin.py:188} INFO - [2025-05-04T23:29:25.725+0000] {dag.py:3820} INFO - Setting next_dagrun for example_params_trigger_ui to None, run_after=None
[2025-05-04T23:29:25.732+0000] {processor.py:183} INFO - Processing /home/airflow/.local/lib/python3.8/site-packages/airflow/example_dags/example_params_trigger_ui.py took 0.045 seconds
[2025-05-04T23:29:56.425+0000] {processor.py:161} INFO - Started process (PID=236) to work on /home/airflow/.local/lib/python3.8/site-packages/airflow/example_dags/example_params_trigger_ui.py
[2025-05-04T23:29:56.426+0000] {processor.py:830} INFO - Processing file /home/airflow/.local/lib/python3.8/site-packages/airflow/example_dags/example_params_trigger_ui.py for tasks to queue
[2025-05-04T23:29:56.428+0000] {logging_mixin.py:188} INFO - [2025-05-04T23:29:56.427+0000] {dagbag.py:538} INFO - Filling up the DagBag from /home/airflow/.local/lib/python3.8/site-packages/airflow/example_dags/example_params_trigger_ui.py
[2025-05-04T23:29:56.434+0000] {processor.py:840} INFO - DAG(s) 'example_params_trigger_ui' retrieved from /home/airflow/.local/lib/python3.8/site-packages/airflow/example_dags/example_params_trigger_ui.py
[2025-05-04T23:29:56.461+0000] {logging_mixin.py:188} INFO - [2025-05-04T23:29:56.461+0000] {dag.py:3033} INFO - Sync 1 DAGs
[2025-05-04T23:29:56.468+0000] {logging_mixin.py:188} INFO - [2025-05-04T23:29:56.468+0000] {dag.py:3820} INFO - Setting next_dagrun for example_params_trigger_ui to None, run_after=None
[2025-05-04T23:29:56.484+0000] {processor.py:183} INFO - Processing /home/airflow/.local/lib/python3.8/site-packages/airflow/example_dags/example_params_trigger_ui.py took 0.062 seconds
[2025-05-04T23:30:27.198+0000] {processor.py:161} INFO - Started process (PID=292) to work on /home/airflow/.local/lib/python3.8/site-packages/airflow/example_dags/example_params_trigger_ui.py
[2025-05-04T23:30:27.201+0000] {processor.py:830} INFO - Processing file /home/airflow/.local/lib/python3.8/site-packages/airflow/example_dags/example_params_trigger_ui.py for tasks to queue
[2025-05-04T23:30:27.203+0000] {logging_mixin.py:188} INFO - [2025-05-04T23:30:27.203+0000] {dagbag.py:538} INFO - Filling up the DagBag from /home/airflow/.local/lib/python3.8/site-packages/airflow/example_dags/example_params_trigger_ui.py
[2025-05-04T23:30:27.209+0000] {processor.py:840} INFO - DAG(s) 'example_params_trigger_ui' retrieved from /home/airflow/.local/lib/python3.8/site-packages/airflow/example_dags/example_params_trigger_ui.py
[2025-05-04T23:30:27.228+0000] {logging_mixin.py:188} INFO - [2025-05-04T23:30:27.228+0000] {dag.py:3033} INFO - Sync 1 DAGs
[2025-05-04T23:30:27.234+0000] {logging_mixin.py:188} INFO - [2025-05-04T23:30:27.234+0000] {dag.py:3820} INFO - Setting next_dagrun for example_params_trigger_ui to None, run_after=None
[2025-05-04T23:30:27.243+0000] {processor.py:183} INFO - Processing /home/airflow/.local/lib/python3.8/site-packages/airflow/example_dags/example_params_trigger_ui.py took 0.046 seconds
[2025-05-04T23:30:57.745+0000] {processor.py:161} INFO - Started process (PID=353) to work on /home/airflow/.local/lib/python3.8/site-packages/airflow/example_dags/example_params_trigger_ui.py
[2025-05-04T23:30:57.746+0000] {processor.py:830} INFO - Processing file /home/airflow/.local/lib/python3.8/site-packages/airflow/example_dags/example_params_trigger_ui.py for tasks to queue
[2025-05-04T23:30:57.747+0000] {logging_mixin.py:188} INFO - [2025-05-04T23:30:57.747+0000] {dagbag.py:538} INFO - Filling up the DagBag from /home/airflow/.local/lib/python3.8/site-packages/airflow/example_dags/example_params_trigger_ui.py
[2025-05-04T23:30:57.753+0000] {processor.py:840} INFO - DAG(s) 'example_params_trigger_ui' retrieved from /home/airflow/.local/lib/python3.8/site-packages/airflow/example_dags/example_params_trigger_ui.py
[2025-05-04T23:30:57.774+0000] {logging_mixin.py:188} INFO - [2025-05-04T23:30:57.774+0000] {dag.py:3033} INFO - Sync 1 DAGs
[2025-05-04T23:30:57.778+0000] {logging_mixin.py:188} INFO - [2025-05-04T23:30:57.778+0000] {dag.py:3820} INFO - Setting next_dagrun for example_params_trigger_ui to None, run_after=None
[2025-05-04T23:30:57.792+0000] {processor.py:183} INFO - Processing /home/airflow/.local/lib/python3.8/site-packages/airflow/example_dags/example_params_trigger_ui.py took 0.048 seconds
[2025-05-04T23:31:28.430+0000] {processor.py:161} INFO - Started process (PID=409) to work on /home/airflow/.local/lib/python3.8/site-packages/airflow/example_dags/example_params_trigger_ui.py
[2025-05-04T23:31:28.430+0000] {processor.py:830} INFO - Processing file /home/airflow/.local/lib/python3.8/site-packages/airflow/example_dags/example_params_trigger_ui.py for tasks to queue
[2025-05-04T23:31:28.431+0000] {logging_mixin.py:188} INFO - [2025-05-04T23:31:28.431+0000] {dagbag.py:538} INFO - Filling up the DagBag from /home/airflow/.local/lib/python3.8/site-packages/airflow/example_dags/example_params_trigger_ui.py
[2025-05-04T23:31:28.436+0000] {processor.py:840} INFO - DAG(s) 'example_params_trigger_ui' retrieved from /home/airflow/.local/lib/python3.8/site-packages/airflow/example_dags/example_params_trigger_ui.py
[2025-05-04T23:31:28.454+0000] {logging_mixin.py:188} INFO - [2025-05-04T23:31:28.454+0000] {dag.py:3033} INFO - Sync 1 DAGs
[2025-05-04T23:31:28.458+0000] {logging_mixin.py:188} INFO - [2025-05-04T23:31:28.458+0000] {dag.py:3820} INFO - Setting next_dagrun for example_params_trigger_ui to None, run_after=None
[2025-05-04T23:31:28.464+0000] {processor.py:183} INFO - Processing /home/airflow/.local/lib/python3.8/site-packages/airflow/example_dags/example_params_trigger_ui.py took 0.036 seconds
[2025-05-04T23:31:59.136+0000] {processor.py:161} INFO - Started process (PID=465) to work on /home/airflow/.local/lib/python3.8/site-packages/airflow/example_dags/example_params_trigger_ui.py
[2025-05-04T23:31:59.139+0000] {processor.py:830} INFO - Processing file /home/airflow/.local/lib/python3.8/site-packages/airflow/example_dags/example_params_trigger_ui.py for tasks to queue
[2025-05-04T23:31:59.140+0000] {logging_mixin.py:188} INFO - [2025-05-04T23:31:59.140+0000] {dagbag.py:538} INFO - Filling up the DagBag from /home/airflow/.local/lib/python3.8/site-packages/airflow/example_dags/example_params_trigger_ui.py
[2025-05-04T23:31:59.146+0000] {processor.py:840} INFO - DAG(s) 'example_params_trigger_ui' retrieved from /home/airflow/.local/lib/python3.8/site-packages/airflow/example_dags/example_params_trigger_ui.py
[2025-05-04T23:31:59.167+0000] {logging_mixin.py:188} INFO - [2025-05-04T23:31:59.166+0000] {dag.py:3033} INFO - Sync 1 DAGs
[2025-05-04T23:31:59.175+0000] {logging_mixin.py:188} INFO - [2025-05-04T23:31:59.174+0000] {dag.py:3820} INFO - Setting next_dagrun for example_params_trigger_ui to None, run_after=None
[2025-05-04T23:31:59.183+0000] {processor.py:183} INFO - Processing /home/airflow/.local/lib/python3.8/site-packages/airflow/example_dags/example_params_trigger_ui.py took 0.049 seconds
[2025-05-04T23:32:29.802+0000] {processor.py:161} INFO - Started process (PID=521) to work on /home/airflow/.local/lib/python3.8/site-packages/airflow/example_dags/example_params_trigger_ui.py
[2025-05-04T23:32:29.803+0000] {processor.py:830} INFO - Processing file /home/airflow/.local/lib/python3.8/site-packages/airflow/example_dags/example_params_trigger_ui.py for tasks to queue
[2025-05-04T23:32:29.804+0000] {logging_mixin.py:188} INFO - [2025-05-04T23:32:29.804+0000] {dagbag.py:538} INFO - Filling up the DagBag from /home/airflow/.local/lib/python3.8/site-packages/airflow/example_dags/example_params_trigger_ui.py
[2025-05-04T23:32:29.811+0000] {processor.py:840} INFO - DAG(s) 'example_params_trigger_ui' retrieved from /home/airflow/.local/lib/python3.8/site-packages/airflow/example_dags/example_params_trigger_ui.py
[2025-05-04T23:32:29.833+0000] {logging_mixin.py:188} INFO - [2025-05-04T23:32:29.833+0000] {dag.py:3033} INFO - Sync 1 DAGs
[2025-05-04T23:32:29.837+0000] {logging_mixin.py:188} INFO - [2025-05-04T23:32:29.837+0000] {dag.py:3820} INFO - Setting next_dagrun for example_params_trigger_ui to None, run_after=None
[2025-05-04T23:32:29.845+0000] {processor.py:183} INFO - Processing /home/airflow/.local/lib/python3.8/site-packages/airflow/example_dags/example_params_trigger_ui.py took 0.044 seconds
[2025-05-04T23:47:22.817+0000] {processor.py:161} INFO - Started process (PID=68) to work on /home/airflow/.local/lib/python3.8/site-packages/airflow/example_dags/example_params_trigger_ui.py
[2025-05-04T23:47:22.819+0000] {processor.py:830} INFO - Processing file /home/airflow/.local/lib/python3.8/site-packages/airflow/example_dags/example_params_trigger_ui.py for tasks to queue
[2025-05-04T23:47:22.820+0000] {logging_mixin.py:188} INFO - [2025-05-04T23:47:22.820+0000] {dagbag.py:538} INFO - Filling up the DagBag from /home/airflow/.local/lib/python3.8/site-packages/airflow/example_dags/example_params_trigger_ui.py
[2025-05-04T23:47:22.831+0000] {processor.py:840} INFO - DAG(s) 'example_params_trigger_ui' retrieved from /home/airflow/.local/lib/python3.8/site-packages/airflow/example_dags/example_params_trigger_ui.py
[2025-05-04T23:47:22.850+0000] {logging_mixin.py:188} INFO - [2025-05-04T23:47:22.848+0000] {dag.py:3033} INFO - Sync 1 DAGs
[2025-05-04T23:47:22.860+0000] {logging_mixin.py:188} INFO - [2025-05-04T23:47:22.860+0000] {dag.py:3820} INFO - Setting next_dagrun for example_params_trigger_ui to None, run_after=None
[2025-05-04T23:47:22.881+0000] {processor.py:183} INFO - Processing /home/airflow/.local/lib/python3.8/site-packages/airflow/example_dags/example_params_trigger_ui.py took 0.068 seconds
[2025-05-04T23:47:52.896+0000] {processor.py:161} INFO - Started process (PID=124) to work on /home/airflow/.local/lib/python3.8/site-packages/airflow/example_dags/example_params_trigger_ui.py
[2025-05-04T23:47:52.896+0000] {processor.py:830} INFO - Processing file /home/airflow/.local/lib/python3.8/site-packages/airflow/example_dags/example_params_trigger_ui.py for tasks to queue
[2025-05-04T23:47:52.897+0000] {logging_mixin.py:188} INFO - [2025-05-04T23:47:52.897+0000] {dagbag.py:538} INFO - Filling up the DagBag from /home/airflow/.local/lib/python3.8/site-packages/airflow/example_dags/example_params_trigger_ui.py
[2025-05-04T23:47:52.903+0000] {processor.py:840} INFO - DAG(s) 'example_params_trigger_ui' retrieved from /home/airflow/.local/lib/python3.8/site-packages/airflow/example_dags/example_params_trigger_ui.py
[2025-05-04T23:47:52.950+0000] {logging_mixin.py:188} INFO - [2025-05-04T23:47:52.950+0000] {dag.py:3033} INFO - Sync 1 DAGs
[2025-05-04T23:47:52.956+0000] {logging_mixin.py:188} INFO - [2025-05-04T23:47:52.956+0000] {dag.py:3820} INFO - Setting next_dagrun for example_params_trigger_ui to None, run_after=None
[2025-05-04T23:47:52.966+0000] {processor.py:183} INFO - Processing /home/airflow/.local/lib/python3.8/site-packages/airflow/example_dags/example_params_trigger_ui.py took 0.071 seconds
[2025-05-04T23:48:22.987+0000] {processor.py:161} INFO - Started process (PID=180) to work on /home/airflow/.local/lib/python3.8/site-packages/airflow/example_dags/example_params_trigger_ui.py
[2025-05-04T23:48:22.988+0000] {processor.py:830} INFO - Processing file /home/airflow/.local/lib/python3.8/site-packages/airflow/example_dags/example_params_trigger_ui.py for tasks to queue
[2025-05-04T23:48:22.989+0000] {logging_mixin.py:188} INFO - [2025-05-04T23:48:22.989+0000] {dagbag.py:538} INFO - Filling up the DagBag from /home/airflow/.local/lib/python3.8/site-packages/airflow/example_dags/example_params_trigger_ui.py
[2025-05-04T23:48:22.994+0000] {processor.py:840} INFO - DAG(s) 'example_params_trigger_ui' retrieved from /home/airflow/.local/lib/python3.8/site-packages/airflow/example_dags/example_params_trigger_ui.py
[2025-05-04T23:48:23.011+0000] {logging_mixin.py:188} INFO - [2025-05-04T23:48:23.011+0000] {dag.py:3033} INFO - Sync 1 DAGs
[2025-05-04T23:48:23.015+0000] {logging_mixin.py:188} INFO - [2025-05-04T23:48:23.015+0000] {dag.py:3820} INFO - Setting next_dagrun for example_params_trigger_ui to None, run_after=None
[2025-05-04T23:48:23.021+0000] {processor.py:183} INFO - Processing /home/airflow/.local/lib/python3.8/site-packages/airflow/example_dags/example_params_trigger_ui.py took 0.035 seconds
[2025-05-04T23:48:53.622+0000] {processor.py:161} INFO - Started process (PID=236) to work on /home/airflow/.local/lib/python3.8/site-packages/airflow/example_dags/example_params_trigger_ui.py
[2025-05-04T23:48:53.623+0000] {processor.py:830} INFO - Processing file /home/airflow/.local/lib/python3.8/site-packages/airflow/example_dags/example_params_trigger_ui.py for tasks to queue
[2025-05-04T23:48:53.624+0000] {logging_mixin.py:188} INFO - [2025-05-04T23:48:53.624+0000] {dagbag.py:538} INFO - Filling up the DagBag from /home/airflow/.local/lib/python3.8/site-packages/airflow/example_dags/example_params_trigger_ui.py
[2025-05-04T23:48:53.631+0000] {processor.py:840} INFO - DAG(s) 'example_params_trigger_ui' retrieved from /home/airflow/.local/lib/python3.8/site-packages/airflow/example_dags/example_params_trigger_ui.py
[2025-05-04T23:48:53.651+0000] {logging_mixin.py:188} INFO - [2025-05-04T23:48:53.651+0000] {dag.py:3033} INFO - Sync 1 DAGs
[2025-05-04T23:48:53.657+0000] {logging_mixin.py:188} INFO - [2025-05-04T23:48:53.656+0000] {dag.py:3820} INFO - Setting next_dagrun for example_params_trigger_ui to None, run_after=None
[2025-05-04T23:48:53.663+0000] {processor.py:183} INFO - Processing /home/airflow/.local/lib/python3.8/site-packages/airflow/example_dags/example_params_trigger_ui.py took 0.043 seconds
[2025-05-04T23:49:24.297+0000] {processor.py:161} INFO - Started process (PID=292) to work on /home/airflow/.local/lib/python3.8/site-packages/airflow/example_dags/example_params_trigger_ui.py
[2025-05-04T23:49:24.298+0000] {processor.py:830} INFO - Processing file /home/airflow/.local/lib/python3.8/site-packages/airflow/example_dags/example_params_trigger_ui.py for tasks to queue
[2025-05-04T23:49:24.299+0000] {logging_mixin.py:188} INFO - [2025-05-04T23:49:24.299+0000] {dagbag.py:538} INFO - Filling up the DagBag from /home/airflow/.local/lib/python3.8/site-packages/airflow/example_dags/example_params_trigger_ui.py
[2025-05-04T23:49:24.306+0000] {processor.py:840} INFO - DAG(s) 'example_params_trigger_ui' retrieved from /home/airflow/.local/lib/python3.8/site-packages/airflow/example_dags/example_params_trigger_ui.py
[2025-05-04T23:49:24.330+0000] {logging_mixin.py:188} INFO - [2025-05-04T23:49:24.330+0000] {dag.py:3033} INFO - Sync 1 DAGs
[2025-05-04T23:49:24.335+0000] {logging_mixin.py:188} INFO - [2025-05-04T23:49:24.335+0000] {dag.py:3820} INFO - Setting next_dagrun for example_params_trigger_ui to None, run_after=None
[2025-05-04T23:49:24.343+0000] {processor.py:183} INFO - Processing /home/airflow/.local/lib/python3.8/site-packages/airflow/example_dags/example_params_trigger_ui.py took 0.047 seconds
[2025-05-04T23:49:55.160+0000] {processor.py:161} INFO - Started process (PID=348) to work on /home/airflow/.local/lib/python3.8/site-packages/airflow/example_dags/example_params_trigger_ui.py
[2025-05-04T23:49:55.160+0000] {processor.py:830} INFO - Processing file /home/airflow/.local/lib/python3.8/site-packages/airflow/example_dags/example_params_trigger_ui.py for tasks to queue
[2025-05-04T23:49:55.161+0000] {logging_mixin.py:188} INFO - [2025-05-04T23:49:55.161+0000] {dagbag.py:538} INFO - Filling up the DagBag from /home/airflow/.local/lib/python3.8/site-packages/airflow/example_dags/example_params_trigger_ui.py
[2025-05-04T23:49:55.167+0000] {processor.py:840} INFO - DAG(s) 'example_params_trigger_ui' retrieved from /home/airflow/.local/lib/python3.8/site-packages/airflow/example_dags/example_params_trigger_ui.py
[2025-05-04T23:49:55.186+0000] {logging_mixin.py:188} INFO - [2025-05-04T23:49:55.186+0000] {dag.py:3033} INFO - Sync 1 DAGs
[2025-05-04T23:49:55.191+0000] {logging_mixin.py:188} INFO - [2025-05-04T23:49:55.191+0000] {dag.py:3820} INFO - Setting next_dagrun for example_params_trigger_ui to None, run_after=None
[2025-05-04T23:49:55.199+0000] {processor.py:183} INFO - Processing /home/airflow/.local/lib/python3.8/site-packages/airflow/example_dags/example_params_trigger_ui.py took 0.041 seconds
