[2025-05-04T22:22:10.979+0000] {processor.py:161} INFO - Started process (PID=74) to work on /home/airflow/.local/lib/python3.8/site-packages/airflow/example_dags/example_skip_dag.py
[2025-05-04T22:22:10.980+0000] {processor.py:830} INFO - Processing file /home/airflow/.local/lib/python3.8/site-packages/airflow/example_dags/example_skip_dag.py for tasks to queue
[2025-05-04T22:22:10.984+0000] {logging_mixin.py:188} INFO - [2025-05-04T22:22:10.984+0000] {dagbag.py:538} INFO - Filling up the DagBag from /home/airflow/.local/lib/python3.8/site-packages/airflow/example_dags/example_skip_dag.py
[2025-05-04T22:22:10.988+0000] {processor.py:840} INFO - DAG(s) 'example_skip_dag' retrieved from /home/airflow/.local/lib/python3.8/site-packages/airflow/example_dags/example_skip_dag.py
[2025-05-04T22:22:10.996+0000] {logging_mixin.py:188} INFO - [2025-05-04T22:22:10.996+0000] {dag.py:3033} INFO - Sync 1 DAGs
[2025-05-04T22:22:11.008+0000] {logging_mixin.py:188} INFO - [2025-05-04T22:22:11.008+0000] {dag.py:3820} INFO - Setting next_dagrun for example_skip_dag to 2025-05-03T00:00:00+00:00, run_after=2025-05-04T00:00:00+00:00
[2025-05-04T22:22:11.017+0000] {processor.py:183} INFO - Processing /home/airflow/.local/lib/python3.8/site-packages/airflow/example_dags/example_skip_dag.py took 0.041 seconds
[2025-05-04T22:22:41.684+0000] {processor.py:161} INFO - Started process (PID=129) to work on /home/airflow/.local/lib/python3.8/site-packages/airflow/example_dags/example_skip_dag.py
[2025-05-04T22:22:41.685+0000] {processor.py:830} INFO - Processing file /home/airflow/.local/lib/python3.8/site-packages/airflow/example_dags/example_skip_dag.py for tasks to queue
[2025-05-04T22:22:41.687+0000] {logging_mixin.py:188} INFO - [2025-05-04T22:22:41.687+0000] {dagbag.py:538} INFO - Filling up the DagBag from /home/airflow/.local/lib/python3.8/site-packages/airflow/example_dags/example_skip_dag.py
[2025-05-04T22:22:41.690+0000] {processor.py:840} INFO - DAG(s) 'example_skip_dag' retrieved from /home/airflow/.local/lib/python3.8/site-packages/airflow/example_dags/example_skip_dag.py
[2025-05-04T22:22:41.738+0000] {logging_mixin.py:188} INFO - [2025-05-04T22:22:41.738+0000] {dag.py:3033} INFO - Sync 1 DAGs
[2025-05-04T22:22:41.746+0000] {logging_mixin.py:188} INFO - [2025-05-04T22:22:41.746+0000] {dag.py:3820} INFO - Setting next_dagrun for example_skip_dag to 2025-05-03T00:00:00+00:00, run_after=2025-05-04T00:00:00+00:00
[2025-05-04T22:22:41.753+0000] {processor.py:183} INFO - Processing /home/airflow/.local/lib/python3.8/site-packages/airflow/example_dags/example_skip_dag.py took 0.071 seconds
[2025-05-04T22:23:12.464+0000] {processor.py:161} INFO - Started process (PID=184) to work on /home/airflow/.local/lib/python3.8/site-packages/airflow/example_dags/example_skip_dag.py
[2025-05-04T22:23:12.465+0000] {processor.py:830} INFO - Processing file /home/airflow/.local/lib/python3.8/site-packages/airflow/example_dags/example_skip_dag.py for tasks to queue
[2025-05-04T22:23:12.466+0000] {logging_mixin.py:188} INFO - [2025-05-04T22:23:12.466+0000] {dagbag.py:538} INFO - Filling up the DagBag from /home/airflow/.local/lib/python3.8/site-packages/airflow/example_dags/example_skip_dag.py
[2025-05-04T22:23:12.469+0000] {processor.py:840} INFO - DAG(s) 'example_skip_dag' retrieved from /home/airflow/.local/lib/python3.8/site-packages/airflow/example_dags/example_skip_dag.py
[2025-05-04T22:23:12.478+0000] {logging_mixin.py:188} INFO - [2025-05-04T22:23:12.478+0000] {dag.py:3033} INFO - Sync 1 DAGs
[2025-05-04T22:23:12.488+0000] {logging_mixin.py:188} INFO - [2025-05-04T22:23:12.488+0000] {dag.py:3820} INFO - Setting next_dagrun for example_skip_dag to 2025-05-03T00:00:00+00:00, run_after=2025-05-04T00:00:00+00:00
[2025-05-04T22:23:12.495+0000] {processor.py:183} INFO - Processing /home/airflow/.local/lib/python3.8/site-packages/airflow/example_dags/example_skip_dag.py took 0.032 seconds
[2025-05-04T22:23:42.979+0000] {processor.py:161} INFO - Started process (PID=239) to work on /home/airflow/.local/lib/python3.8/site-packages/airflow/example_dags/example_skip_dag.py
[2025-05-04T22:23:42.980+0000] {processor.py:830} INFO - Processing file /home/airflow/.local/lib/python3.8/site-packages/airflow/example_dags/example_skip_dag.py for tasks to queue
[2025-05-04T22:23:42.981+0000] {logging_mixin.py:188} INFO - [2025-05-04T22:23:42.980+0000] {dagbag.py:538} INFO - Filling up the DagBag from /home/airflow/.local/lib/python3.8/site-packages/airflow/example_dags/example_skip_dag.py
[2025-05-04T22:23:42.984+0000] {processor.py:840} INFO - DAG(s) 'example_skip_dag' retrieved from /home/airflow/.local/lib/python3.8/site-packages/airflow/example_dags/example_skip_dag.py
[2025-05-04T22:23:42.994+0000] {logging_mixin.py:188} INFO - [2025-05-04T22:23:42.994+0000] {dag.py:3033} INFO - Sync 1 DAGs
[2025-05-04T22:23:43.003+0000] {logging_mixin.py:188} INFO - [2025-05-04T22:23:43.003+0000] {dag.py:3820} INFO - Setting next_dagrun for example_skip_dag to 2025-05-03T00:00:00+00:00, run_after=2025-05-04T00:00:00+00:00
[2025-05-04T22:23:43.010+0000] {processor.py:183} INFO - Processing /home/airflow/.local/lib/python3.8/site-packages/airflow/example_dags/example_skip_dag.py took 0.032 seconds
[2025-05-04T22:24:13.623+0000] {processor.py:161} INFO - Started process (PID=294) to work on /home/airflow/.local/lib/python3.8/site-packages/airflow/example_dags/example_skip_dag.py
[2025-05-04T22:24:13.624+0000] {processor.py:830} INFO - Processing file /home/airflow/.local/lib/python3.8/site-packages/airflow/example_dags/example_skip_dag.py for tasks to queue
[2025-05-04T22:24:13.625+0000] {logging_mixin.py:188} INFO - [2025-05-04T22:24:13.625+0000] {dagbag.py:538} INFO - Filling up the DagBag from /home/airflow/.local/lib/python3.8/site-packages/airflow/example_dags/example_skip_dag.py
[2025-05-04T22:24:13.628+0000] {processor.py:840} INFO - DAG(s) 'example_skip_dag' retrieved from /home/airflow/.local/lib/python3.8/site-packages/airflow/example_dags/example_skip_dag.py
[2025-05-04T22:24:13.637+0000] {logging_mixin.py:188} INFO - [2025-05-04T22:24:13.637+0000] {dag.py:3033} INFO - Sync 1 DAGs
[2025-05-04T22:24:13.649+0000] {logging_mixin.py:188} INFO - [2025-05-04T22:24:13.649+0000] {dag.py:3820} INFO - Setting next_dagrun for example_skip_dag to 2025-05-03T00:00:00+00:00, run_after=2025-05-04T00:00:00+00:00
[2025-05-04T22:24:13.656+0000] {processor.py:183} INFO - Processing /home/airflow/.local/lib/python3.8/site-packages/airflow/example_dags/example_skip_dag.py took 0.035 seconds
[2025-05-04T22:24:44.217+0000] {processor.py:161} INFO - Started process (PID=349) to work on /home/airflow/.local/lib/python3.8/site-packages/airflow/example_dags/example_skip_dag.py
[2025-05-04T22:24:44.217+0000] {processor.py:830} INFO - Processing file /home/airflow/.local/lib/python3.8/site-packages/airflow/example_dags/example_skip_dag.py for tasks to queue
[2025-05-04T22:24:44.218+0000] {logging_mixin.py:188} INFO - [2025-05-04T22:24:44.218+0000] {dagbag.py:538} INFO - Filling up the DagBag from /home/airflow/.local/lib/python3.8/site-packages/airflow/example_dags/example_skip_dag.py
[2025-05-04T22:24:44.221+0000] {processor.py:840} INFO - DAG(s) 'example_skip_dag' retrieved from /home/airflow/.local/lib/python3.8/site-packages/airflow/example_dags/example_skip_dag.py
[2025-05-04T22:24:44.231+0000] {logging_mixin.py:188} INFO - [2025-05-04T22:24:44.231+0000] {dag.py:3033} INFO - Sync 1 DAGs
[2025-05-04T22:24:44.245+0000] {logging_mixin.py:188} INFO - [2025-05-04T22:24:44.245+0000] {dag.py:3820} INFO - Setting next_dagrun for example_skip_dag to 2025-05-03T00:00:00+00:00, run_after=2025-05-04T00:00:00+00:00
[2025-05-04T22:24:44.251+0000] {processor.py:183} INFO - Processing /home/airflow/.local/lib/python3.8/site-packages/airflow/example_dags/example_skip_dag.py took 0.036 seconds
[2025-05-04T22:25:29.679+0000] {processor.py:161} INFO - Started process (PID=75) to work on /home/airflow/.local/lib/python3.8/site-packages/airflow/example_dags/example_skip_dag.py
[2025-05-04T22:25:29.680+0000] {processor.py:830} INFO - Processing file /home/airflow/.local/lib/python3.8/site-packages/airflow/example_dags/example_skip_dag.py for tasks to queue
[2025-05-04T22:25:29.681+0000] {logging_mixin.py:188} INFO - [2025-05-04T22:25:29.681+0000] {dagbag.py:538} INFO - Filling up the DagBag from /home/airflow/.local/lib/python3.8/site-packages/airflow/example_dags/example_skip_dag.py
[2025-05-04T22:25:29.684+0000] {processor.py:840} INFO - DAG(s) 'example_skip_dag' retrieved from /home/airflow/.local/lib/python3.8/site-packages/airflow/example_dags/example_skip_dag.py
[2025-05-04T22:25:29.690+0000] {logging_mixin.py:188} INFO - [2025-05-04T22:25:29.690+0000] {dag.py:3033} INFO - Sync 1 DAGs
[2025-05-04T22:25:29.700+0000] {logging_mixin.py:188} INFO - [2025-05-04T22:25:29.700+0000] {dag.py:3820} INFO - Setting next_dagrun for example_skip_dag to 2025-05-03T00:00:00+00:00, run_after=2025-05-04T00:00:00+00:00
[2025-05-04T22:25:29.706+0000] {processor.py:183} INFO - Processing /home/airflow/.local/lib/python3.8/site-packages/airflow/example_dags/example_skip_dag.py took 0.029 seconds
[2025-05-04T22:26:00.069+0000] {processor.py:161} INFO - Started process (PID=131) to work on /home/airflow/.local/lib/python3.8/site-packages/airflow/example_dags/example_skip_dag.py
[2025-05-04T22:26:00.070+0000] {processor.py:830} INFO - Processing file /home/airflow/.local/lib/python3.8/site-packages/airflow/example_dags/example_skip_dag.py for tasks to queue
[2025-05-04T22:26:00.072+0000] {logging_mixin.py:188} INFO - [2025-05-04T22:26:00.072+0000] {dagbag.py:538} INFO - Filling up the DagBag from /home/airflow/.local/lib/python3.8/site-packages/airflow/example_dags/example_skip_dag.py
[2025-05-04T22:26:00.076+0000] {processor.py:840} INFO - DAG(s) 'example_skip_dag' retrieved from /home/airflow/.local/lib/python3.8/site-packages/airflow/example_dags/example_skip_dag.py
[2025-05-04T22:26:00.116+0000] {logging_mixin.py:188} INFO - [2025-05-04T22:26:00.116+0000] {dag.py:3033} INFO - Sync 1 DAGs
[2025-05-04T22:26:00.127+0000] {logging_mixin.py:188} INFO - [2025-05-04T22:26:00.127+0000] {dag.py:3820} INFO - Setting next_dagrun for example_skip_dag to 2025-05-03T00:00:00+00:00, run_after=2025-05-04T00:00:00+00:00
[2025-05-04T22:26:00.134+0000] {processor.py:183} INFO - Processing /home/airflow/.local/lib/python3.8/site-packages/airflow/example_dags/example_skip_dag.py took 0.067 seconds
[2025-05-04T22:26:31.055+0000] {processor.py:161} INFO - Started process (PID=187) to work on /home/airflow/.local/lib/python3.8/site-packages/airflow/example_dags/example_skip_dag.py
[2025-05-04T22:26:31.055+0000] {processor.py:830} INFO - Processing file /home/airflow/.local/lib/python3.8/site-packages/airflow/example_dags/example_skip_dag.py for tasks to queue
[2025-05-04T22:26:31.056+0000] {logging_mixin.py:188} INFO - [2025-05-04T22:26:31.056+0000] {dagbag.py:538} INFO - Filling up the DagBag from /home/airflow/.local/lib/python3.8/site-packages/airflow/example_dags/example_skip_dag.py
[2025-05-04T22:26:31.060+0000] {processor.py:840} INFO - DAG(s) 'example_skip_dag' retrieved from /home/airflow/.local/lib/python3.8/site-packages/airflow/example_dags/example_skip_dag.py
[2025-05-04T22:26:31.073+0000] {logging_mixin.py:188} INFO - [2025-05-04T22:26:31.073+0000] {dag.py:3033} INFO - Sync 1 DAGs
[2025-05-04T22:26:31.085+0000] {logging_mixin.py:188} INFO - [2025-05-04T22:26:31.085+0000] {dag.py:3820} INFO - Setting next_dagrun for example_skip_dag to 2025-05-03T00:00:00+00:00, run_after=2025-05-04T00:00:00+00:00
[2025-05-04T22:26:31.095+0000] {processor.py:183} INFO - Processing /home/airflow/.local/lib/python3.8/site-packages/airflow/example_dags/example_skip_dag.py took 0.042 seconds
[2025-05-04T22:27:01.662+0000] {processor.py:161} INFO - Started process (PID=247) to work on /home/airflow/.local/lib/python3.8/site-packages/airflow/example_dags/example_skip_dag.py
[2025-05-04T22:27:01.662+0000] {processor.py:830} INFO - Processing file /home/airflow/.local/lib/python3.8/site-packages/airflow/example_dags/example_skip_dag.py for tasks to queue
[2025-05-04T22:27:01.664+0000] {logging_mixin.py:188} INFO - [2025-05-04T22:27:01.663+0000] {dagbag.py:538} INFO - Filling up the DagBag from /home/airflow/.local/lib/python3.8/site-packages/airflow/example_dags/example_skip_dag.py
[2025-05-04T22:27:01.667+0000] {processor.py:840} INFO - DAG(s) 'example_skip_dag' retrieved from /home/airflow/.local/lib/python3.8/site-packages/airflow/example_dags/example_skip_dag.py
[2025-05-04T22:27:01.678+0000] {logging_mixin.py:188} INFO - [2025-05-04T22:27:01.678+0000] {dag.py:3033} INFO - Sync 1 DAGs
[2025-05-04T22:27:01.688+0000] {logging_mixin.py:188} INFO - [2025-05-04T22:27:01.688+0000] {dag.py:3820} INFO - Setting next_dagrun for example_skip_dag to 2025-05-03T00:00:00+00:00, run_after=2025-05-04T00:00:00+00:00
[2025-05-04T22:27:01.694+0000] {processor.py:183} INFO - Processing /home/airflow/.local/lib/python3.8/site-packages/airflow/example_dags/example_skip_dag.py took 0.034 seconds
[2025-05-04T22:27:32.301+0000] {processor.py:161} INFO - Started process (PID=303) to work on /home/airflow/.local/lib/python3.8/site-packages/airflow/example_dags/example_skip_dag.py
[2025-05-04T22:27:32.302+0000] {processor.py:830} INFO - Processing file /home/airflow/.local/lib/python3.8/site-packages/airflow/example_dags/example_skip_dag.py for tasks to queue
[2025-05-04T22:27:32.303+0000] {logging_mixin.py:188} INFO - [2025-05-04T22:27:32.303+0000] {dagbag.py:538} INFO - Filling up the DagBag from /home/airflow/.local/lib/python3.8/site-packages/airflow/example_dags/example_skip_dag.py
[2025-05-04T22:27:32.306+0000] {processor.py:840} INFO - DAG(s) 'example_skip_dag' retrieved from /home/airflow/.local/lib/python3.8/site-packages/airflow/example_dags/example_skip_dag.py
[2025-05-04T22:27:32.315+0000] {logging_mixin.py:188} INFO - [2025-05-04T22:27:32.315+0000] {dag.py:3033} INFO - Sync 1 DAGs
[2025-05-04T22:27:32.324+0000] {logging_mixin.py:188} INFO - [2025-05-04T22:27:32.324+0000] {dag.py:3820} INFO - Setting next_dagrun for example_skip_dag to 2025-05-03T00:00:00+00:00, run_after=2025-05-04T00:00:00+00:00
[2025-05-04T22:27:32.331+0000] {processor.py:183} INFO - Processing /home/airflow/.local/lib/python3.8/site-packages/airflow/example_dags/example_skip_dag.py took 0.031 seconds
[2025-05-04T22:28:02.937+0000] {processor.py:161} INFO - Started process (PID=359) to work on /home/airflow/.local/lib/python3.8/site-packages/airflow/example_dags/example_skip_dag.py
[2025-05-04T22:28:02.939+0000] {processor.py:830} INFO - Processing file /home/airflow/.local/lib/python3.8/site-packages/airflow/example_dags/example_skip_dag.py for tasks to queue
[2025-05-04T22:28:02.941+0000] {logging_mixin.py:188} INFO - [2025-05-04T22:28:02.940+0000] {dagbag.py:538} INFO - Filling up the DagBag from /home/airflow/.local/lib/python3.8/site-packages/airflow/example_dags/example_skip_dag.py
[2025-05-04T22:28:02.944+0000] {processor.py:840} INFO - DAG(s) 'example_skip_dag' retrieved from /home/airflow/.local/lib/python3.8/site-packages/airflow/example_dags/example_skip_dag.py
[2025-05-04T22:28:02.954+0000] {logging_mixin.py:188} INFO - [2025-05-04T22:28:02.954+0000] {dag.py:3033} INFO - Sync 1 DAGs
[2025-05-04T22:28:02.965+0000] {logging_mixin.py:188} INFO - [2025-05-04T22:28:02.964+0000] {dag.py:3820} INFO - Setting next_dagrun for example_skip_dag to 2025-05-03T00:00:00+00:00, run_after=2025-05-04T00:00:00+00:00
[2025-05-04T22:28:02.972+0000] {processor.py:183} INFO - Processing /home/airflow/.local/lib/python3.8/site-packages/airflow/example_dags/example_skip_dag.py took 0.036 seconds
[2025-05-04T22:28:33.595+0000] {processor.py:161} INFO - Started process (PID=415) to work on /home/airflow/.local/lib/python3.8/site-packages/airflow/example_dags/example_skip_dag.py
[2025-05-04T22:28:33.596+0000] {processor.py:830} INFO - Processing file /home/airflow/.local/lib/python3.8/site-packages/airflow/example_dags/example_skip_dag.py for tasks to queue
[2025-05-04T22:28:33.597+0000] {logging_mixin.py:188} INFO - [2025-05-04T22:28:33.596+0000] {dagbag.py:538} INFO - Filling up the DagBag from /home/airflow/.local/lib/python3.8/site-packages/airflow/example_dags/example_skip_dag.py
[2025-05-04T22:28:33.600+0000] {processor.py:840} INFO - DAG(s) 'example_skip_dag' retrieved from /home/airflow/.local/lib/python3.8/site-packages/airflow/example_dags/example_skip_dag.py
[2025-05-04T22:28:33.610+0000] {logging_mixin.py:188} INFO - [2025-05-04T22:28:33.610+0000] {dag.py:3033} INFO - Sync 1 DAGs
[2025-05-04T22:28:33.619+0000] {logging_mixin.py:188} INFO - [2025-05-04T22:28:33.619+0000] {dag.py:3820} INFO - Setting next_dagrun for example_skip_dag to 2025-05-03T00:00:00+00:00, run_after=2025-05-04T00:00:00+00:00
[2025-05-04T22:28:33.630+0000] {processor.py:183} INFO - Processing /home/airflow/.local/lib/python3.8/site-packages/airflow/example_dags/example_skip_dag.py took 0.036 seconds
[2025-05-04T22:29:04.230+0000] {processor.py:161} INFO - Started process (PID=471) to work on /home/airflow/.local/lib/python3.8/site-packages/airflow/example_dags/example_skip_dag.py
[2025-05-04T22:29:04.230+0000] {processor.py:830} INFO - Processing file /home/airflow/.local/lib/python3.8/site-packages/airflow/example_dags/example_skip_dag.py for tasks to queue
[2025-05-04T22:29:04.231+0000] {logging_mixin.py:188} INFO - [2025-05-04T22:29:04.231+0000] {dagbag.py:538} INFO - Filling up the DagBag from /home/airflow/.local/lib/python3.8/site-packages/airflow/example_dags/example_skip_dag.py
[2025-05-04T22:29:04.234+0000] {processor.py:840} INFO - DAG(s) 'example_skip_dag' retrieved from /home/airflow/.local/lib/python3.8/site-packages/airflow/example_dags/example_skip_dag.py
[2025-05-04T22:29:04.244+0000] {logging_mixin.py:188} INFO - [2025-05-04T22:29:04.243+0000] {dag.py:3033} INFO - Sync 1 DAGs
[2025-05-04T22:29:04.253+0000] {logging_mixin.py:188} INFO - [2025-05-04T22:29:04.253+0000] {dag.py:3820} INFO - Setting next_dagrun for example_skip_dag to 2025-05-03T00:00:00+00:00, run_after=2025-05-04T00:00:00+00:00
[2025-05-04T22:29:04.263+0000] {processor.py:183} INFO - Processing /home/airflow/.local/lib/python3.8/site-packages/airflow/example_dags/example_skip_dag.py took 0.035 seconds
[2025-05-04T22:29:35.108+0000] {processor.py:161} INFO - Started process (PID=527) to work on /home/airflow/.local/lib/python3.8/site-packages/airflow/example_dags/example_skip_dag.py
[2025-05-04T22:29:35.108+0000] {processor.py:830} INFO - Processing file /home/airflow/.local/lib/python3.8/site-packages/airflow/example_dags/example_skip_dag.py for tasks to queue
[2025-05-04T22:29:35.109+0000] {logging_mixin.py:188} INFO - [2025-05-04T22:29:35.109+0000] {dagbag.py:538} INFO - Filling up the DagBag from /home/airflow/.local/lib/python3.8/site-packages/airflow/example_dags/example_skip_dag.py
[2025-05-04T22:29:35.112+0000] {processor.py:840} INFO - DAG(s) 'example_skip_dag' retrieved from /home/airflow/.local/lib/python3.8/site-packages/airflow/example_dags/example_skip_dag.py
[2025-05-04T22:29:35.126+0000] {logging_mixin.py:188} INFO - [2025-05-04T22:29:35.125+0000] {dag.py:3033} INFO - Sync 1 DAGs
[2025-05-04T22:29:35.138+0000] {logging_mixin.py:188} INFO - [2025-05-04T22:29:35.138+0000] {dag.py:3820} INFO - Setting next_dagrun for example_skip_dag to 2025-05-03T00:00:00+00:00, run_after=2025-05-04T00:00:00+00:00
[2025-05-04T22:29:35.144+0000] {processor.py:183} INFO - Processing /home/airflow/.local/lib/python3.8/site-packages/airflow/example_dags/example_skip_dag.py took 0.038 seconds
[2025-05-04T22:30:05.776+0000] {processor.py:161} INFO - Started process (PID=583) to work on /home/airflow/.local/lib/python3.8/site-packages/airflow/example_dags/example_skip_dag.py
[2025-05-04T22:30:05.777+0000] {processor.py:830} INFO - Processing file /home/airflow/.local/lib/python3.8/site-packages/airflow/example_dags/example_skip_dag.py for tasks to queue
[2025-05-04T22:30:05.778+0000] {logging_mixin.py:188} INFO - [2025-05-04T22:30:05.778+0000] {dagbag.py:538} INFO - Filling up the DagBag from /home/airflow/.local/lib/python3.8/site-packages/airflow/example_dags/example_skip_dag.py
[2025-05-04T22:30:05.781+0000] {processor.py:840} INFO - DAG(s) 'example_skip_dag' retrieved from /home/airflow/.local/lib/python3.8/site-packages/airflow/example_dags/example_skip_dag.py
[2025-05-04T22:30:05.792+0000] {logging_mixin.py:188} INFO - [2025-05-04T22:30:05.792+0000] {dag.py:3033} INFO - Sync 1 DAGs
[2025-05-04T22:30:05.802+0000] {logging_mixin.py:188} INFO - [2025-05-04T22:30:05.802+0000] {dag.py:3820} INFO - Setting next_dagrun for example_skip_dag to 2025-05-03T00:00:00+00:00, run_after=2025-05-04T00:00:00+00:00
[2025-05-04T22:30:05.812+0000] {processor.py:183} INFO - Processing /home/airflow/.local/lib/python3.8/site-packages/airflow/example_dags/example_skip_dag.py took 0.038 seconds
[2025-05-04T22:30:36.445+0000] {processor.py:161} INFO - Started process (PID=639) to work on /home/airflow/.local/lib/python3.8/site-packages/airflow/example_dags/example_skip_dag.py
[2025-05-04T22:30:36.445+0000] {processor.py:830} INFO - Processing file /home/airflow/.local/lib/python3.8/site-packages/airflow/example_dags/example_skip_dag.py for tasks to queue
[2025-05-04T22:30:36.446+0000] {logging_mixin.py:188} INFO - [2025-05-04T22:30:36.446+0000] {dagbag.py:538} INFO - Filling up the DagBag from /home/airflow/.local/lib/python3.8/site-packages/airflow/example_dags/example_skip_dag.py
[2025-05-04T22:30:36.449+0000] {processor.py:840} INFO - DAG(s) 'example_skip_dag' retrieved from /home/airflow/.local/lib/python3.8/site-packages/airflow/example_dags/example_skip_dag.py
[2025-05-04T22:30:36.464+0000] {logging_mixin.py:188} INFO - [2025-05-04T22:30:36.463+0000] {dag.py:3033} INFO - Sync 1 DAGs
[2025-05-04T22:30:36.472+0000] {logging_mixin.py:188} INFO - [2025-05-04T22:30:36.472+0000] {dag.py:3820} INFO - Setting next_dagrun for example_skip_dag to 2025-05-03T00:00:00+00:00, run_after=2025-05-04T00:00:00+00:00
[2025-05-04T22:30:36.485+0000] {processor.py:183} INFO - Processing /home/airflow/.local/lib/python3.8/site-packages/airflow/example_dags/example_skip_dag.py took 0.042 seconds
[2025-05-04T22:31:14.954+0000] {processor.py:161} INFO - Started process (PID=76) to work on /home/airflow/.local/lib/python3.8/site-packages/airflow/example_dags/example_skip_dag.py
[2025-05-04T22:31:14.954+0000] {processor.py:830} INFO - Processing file /home/airflow/.local/lib/python3.8/site-packages/airflow/example_dags/example_skip_dag.py for tasks to queue
[2025-05-04T22:31:14.955+0000] {logging_mixin.py:188} INFO - [2025-05-04T22:31:14.955+0000] {dagbag.py:538} INFO - Filling up the DagBag from /home/airflow/.local/lib/python3.8/site-packages/airflow/example_dags/example_skip_dag.py
[2025-05-04T22:31:14.958+0000] {processor.py:840} INFO - DAG(s) 'example_skip_dag' retrieved from /home/airflow/.local/lib/python3.8/site-packages/airflow/example_dags/example_skip_dag.py
[2025-05-04T22:31:14.967+0000] {logging_mixin.py:188} INFO - [2025-05-04T22:31:14.967+0000] {dag.py:3033} INFO - Sync 1 DAGs
[2025-05-04T22:31:14.978+0000] {logging_mixin.py:188} INFO - [2025-05-04T22:31:14.978+0000] {dag.py:3820} INFO - Setting next_dagrun for example_skip_dag to 2025-05-03T00:00:00+00:00, run_after=2025-05-04T00:00:00+00:00
[2025-05-04T22:31:14.991+0000] {processor.py:183} INFO - Processing /home/airflow/.local/lib/python3.8/site-packages/airflow/example_dags/example_skip_dag.py took 0.038 seconds
[2025-05-04T22:31:45.130+0000] {processor.py:161} INFO - Started process (PID=132) to work on /home/airflow/.local/lib/python3.8/site-packages/airflow/example_dags/example_skip_dag.py
[2025-05-04T22:31:45.131+0000] {processor.py:830} INFO - Processing file /home/airflow/.local/lib/python3.8/site-packages/airflow/example_dags/example_skip_dag.py for tasks to queue
[2025-05-04T22:31:45.132+0000] {logging_mixin.py:188} INFO - [2025-05-04T22:31:45.132+0000] {dagbag.py:538} INFO - Filling up the DagBag from /home/airflow/.local/lib/python3.8/site-packages/airflow/example_dags/example_skip_dag.py
[2025-05-04T22:31:45.135+0000] {processor.py:840} INFO - DAG(s) 'example_skip_dag' retrieved from /home/airflow/.local/lib/python3.8/site-packages/airflow/example_dags/example_skip_dag.py
[2025-05-04T22:31:45.189+0000] {logging_mixin.py:188} INFO - [2025-05-04T22:31:45.189+0000] {dag.py:3033} INFO - Sync 1 DAGs
[2025-05-04T22:31:45.201+0000] {logging_mixin.py:188} INFO - [2025-05-04T22:31:45.201+0000] {dag.py:3820} INFO - Setting next_dagrun for example_skip_dag to 2025-05-03T00:00:00+00:00, run_after=2025-05-04T00:00:00+00:00
[2025-05-04T22:31:45.210+0000] {processor.py:183} INFO - Processing /home/airflow/.local/lib/python3.8/site-packages/airflow/example_dags/example_skip_dag.py took 0.081 seconds
[2025-05-04T22:32:16.181+0000] {processor.py:161} INFO - Started process (PID=192) to work on /home/airflow/.local/lib/python3.8/site-packages/airflow/example_dags/example_skip_dag.py
[2025-05-04T22:32:16.181+0000] {processor.py:830} INFO - Processing file /home/airflow/.local/lib/python3.8/site-packages/airflow/example_dags/example_skip_dag.py for tasks to queue
[2025-05-04T22:32:16.182+0000] {logging_mixin.py:188} INFO - [2025-05-04T22:32:16.182+0000] {dagbag.py:538} INFO - Filling up the DagBag from /home/airflow/.local/lib/python3.8/site-packages/airflow/example_dags/example_skip_dag.py
[2025-05-04T22:32:16.186+0000] {processor.py:840} INFO - DAG(s) 'example_skip_dag' retrieved from /home/airflow/.local/lib/python3.8/site-packages/airflow/example_dags/example_skip_dag.py
[2025-05-04T22:32:16.201+0000] {logging_mixin.py:188} INFO - [2025-05-04T22:32:16.201+0000] {dag.py:3033} INFO - Sync 1 DAGs
[2025-05-04T22:32:16.215+0000] {logging_mixin.py:188} INFO - [2025-05-04T22:32:16.215+0000] {dag.py:3820} INFO - Setting next_dagrun for example_skip_dag to 2025-05-03T00:00:00+00:00, run_after=2025-05-04T00:00:00+00:00
[2025-05-04T22:32:16.226+0000] {processor.py:183} INFO - Processing /home/airflow/.local/lib/python3.8/site-packages/airflow/example_dags/example_skip_dag.py took 0.047 seconds
[2025-05-04T22:32:46.864+0000] {processor.py:161} INFO - Started process (PID=248) to work on /home/airflow/.local/lib/python3.8/site-packages/airflow/example_dags/example_skip_dag.py
[2025-05-04T22:32:46.864+0000] {processor.py:830} INFO - Processing file /home/airflow/.local/lib/python3.8/site-packages/airflow/example_dags/example_skip_dag.py for tasks to queue
[2025-05-04T22:32:46.865+0000] {logging_mixin.py:188} INFO - [2025-05-04T22:32:46.865+0000] {dagbag.py:538} INFO - Filling up the DagBag from /home/airflow/.local/lib/python3.8/site-packages/airflow/example_dags/example_skip_dag.py
[2025-05-04T22:32:46.868+0000] {processor.py:840} INFO - DAG(s) 'example_skip_dag' retrieved from /home/airflow/.local/lib/python3.8/site-packages/airflow/example_dags/example_skip_dag.py
[2025-05-04T22:32:46.876+0000] {logging_mixin.py:188} INFO - [2025-05-04T22:32:46.876+0000] {dag.py:3033} INFO - Sync 1 DAGs
[2025-05-04T22:32:46.883+0000] {logging_mixin.py:188} INFO - [2025-05-04T22:32:46.883+0000] {dag.py:3820} INFO - Setting next_dagrun for example_skip_dag to 2025-05-03T00:00:00+00:00, run_after=2025-05-04T00:00:00+00:00
[2025-05-04T22:32:46.889+0000] {processor.py:183} INFO - Processing /home/airflow/.local/lib/python3.8/site-packages/airflow/example_dags/example_skip_dag.py took 0.027 seconds
[2025-05-04T22:33:17.629+0000] {processor.py:161} INFO - Started process (PID=304) to work on /home/airflow/.local/lib/python3.8/site-packages/airflow/example_dags/example_skip_dag.py
[2025-05-04T22:33:17.629+0000] {processor.py:830} INFO - Processing file /home/airflow/.local/lib/python3.8/site-packages/airflow/example_dags/example_skip_dag.py for tasks to queue
[2025-05-04T22:33:17.630+0000] {logging_mixin.py:188} INFO - [2025-05-04T22:33:17.630+0000] {dagbag.py:538} INFO - Filling up the DagBag from /home/airflow/.local/lib/python3.8/site-packages/airflow/example_dags/example_skip_dag.py
[2025-05-04T22:33:17.633+0000] {processor.py:840} INFO - DAG(s) 'example_skip_dag' retrieved from /home/airflow/.local/lib/python3.8/site-packages/airflow/example_dags/example_skip_dag.py
[2025-05-04T22:33:17.642+0000] {logging_mixin.py:188} INFO - [2025-05-04T22:33:17.642+0000] {dag.py:3033} INFO - Sync 1 DAGs
[2025-05-04T22:33:17.653+0000] {logging_mixin.py:188} INFO - [2025-05-04T22:33:17.653+0000] {dag.py:3820} INFO - Setting next_dagrun for example_skip_dag to 2025-05-03T00:00:00+00:00, run_after=2025-05-04T00:00:00+00:00
[2025-05-04T22:33:17.661+0000] {processor.py:183} INFO - Processing /home/airflow/.local/lib/python3.8/site-packages/airflow/example_dags/example_skip_dag.py took 0.034 seconds
[2025-05-04T22:33:48.280+0000] {processor.py:161} INFO - Started process (PID=360) to work on /home/airflow/.local/lib/python3.8/site-packages/airflow/example_dags/example_skip_dag.py
[2025-05-04T22:33:48.281+0000] {processor.py:830} INFO - Processing file /home/airflow/.local/lib/python3.8/site-packages/airflow/example_dags/example_skip_dag.py for tasks to queue
[2025-05-04T22:33:48.282+0000] {logging_mixin.py:188} INFO - [2025-05-04T22:33:48.282+0000] {dagbag.py:538} INFO - Filling up the DagBag from /home/airflow/.local/lib/python3.8/site-packages/airflow/example_dags/example_skip_dag.py
[2025-05-04T22:33:48.285+0000] {processor.py:840} INFO - DAG(s) 'example_skip_dag' retrieved from /home/airflow/.local/lib/python3.8/site-packages/airflow/example_dags/example_skip_dag.py
[2025-05-04T22:33:48.297+0000] {logging_mixin.py:188} INFO - [2025-05-04T22:33:48.297+0000] {dag.py:3033} INFO - Sync 1 DAGs
[2025-05-04T22:33:48.307+0000] {logging_mixin.py:188} INFO - [2025-05-04T22:33:48.307+0000] {dag.py:3820} INFO - Setting next_dagrun for example_skip_dag to 2025-05-03T00:00:00+00:00, run_after=2025-05-04T00:00:00+00:00
[2025-05-04T22:33:48.320+0000] {processor.py:183} INFO - Processing /home/airflow/.local/lib/python3.8/site-packages/airflow/example_dags/example_skip_dag.py took 0.041 seconds
[2025-05-04T22:34:18.908+0000] {processor.py:161} INFO - Started process (PID=416) to work on /home/airflow/.local/lib/python3.8/site-packages/airflow/example_dags/example_skip_dag.py
[2025-05-04T22:34:18.908+0000] {processor.py:830} INFO - Processing file /home/airflow/.local/lib/python3.8/site-packages/airflow/example_dags/example_skip_dag.py for tasks to queue
[2025-05-04T22:34:18.912+0000] {logging_mixin.py:188} INFO - [2025-05-04T22:34:18.912+0000] {dagbag.py:538} INFO - Filling up the DagBag from /home/airflow/.local/lib/python3.8/site-packages/airflow/example_dags/example_skip_dag.py
[2025-05-04T22:34:18.916+0000] {processor.py:840} INFO - DAG(s) 'example_skip_dag' retrieved from /home/airflow/.local/lib/python3.8/site-packages/airflow/example_dags/example_skip_dag.py
[2025-05-04T22:34:18.931+0000] {logging_mixin.py:188} INFO - [2025-05-04T22:34:18.931+0000] {dag.py:3033} INFO - Sync 1 DAGs
[2025-05-04T22:34:18.941+0000] {logging_mixin.py:188} INFO - [2025-05-04T22:34:18.941+0000] {dag.py:3820} INFO - Setting next_dagrun for example_skip_dag to 2025-05-03T00:00:00+00:00, run_after=2025-05-04T00:00:00+00:00
[2025-05-04T22:34:18.952+0000] {processor.py:183} INFO - Processing /home/airflow/.local/lib/python3.8/site-packages/airflow/example_dags/example_skip_dag.py took 0.046 seconds
[2025-05-04T22:36:26.126+0000] {processor.py:161} INFO - Started process (PID=74) to work on /home/airflow/.local/lib/python3.8/site-packages/airflow/example_dags/example_skip_dag.py
[2025-05-04T22:36:26.127+0000] {processor.py:830} INFO - Processing file /home/airflow/.local/lib/python3.8/site-packages/airflow/example_dags/example_skip_dag.py for tasks to queue
[2025-05-04T22:36:26.128+0000] {logging_mixin.py:188} INFO - [2025-05-04T22:36:26.127+0000] {dagbag.py:538} INFO - Filling up the DagBag from /home/airflow/.local/lib/python3.8/site-packages/airflow/example_dags/example_skip_dag.py
[2025-05-04T22:36:26.130+0000] {processor.py:840} INFO - DAG(s) 'example_skip_dag' retrieved from /home/airflow/.local/lib/python3.8/site-packages/airflow/example_dags/example_skip_dag.py
[2025-05-04T22:36:26.138+0000] {logging_mixin.py:188} INFO - [2025-05-04T22:36:26.138+0000] {dag.py:3033} INFO - Sync 1 DAGs
[2025-05-04T22:36:26.150+0000] {logging_mixin.py:188} INFO - [2025-05-04T22:36:26.150+0000] {dag.py:3820} INFO - Setting next_dagrun for example_skip_dag to 2025-05-03T00:00:00+00:00, run_after=2025-05-04T00:00:00+00:00
[2025-05-04T22:36:26.158+0000] {processor.py:183} INFO - Processing /home/airflow/.local/lib/python3.8/site-packages/airflow/example_dags/example_skip_dag.py took 0.033 seconds
[2025-05-04T22:36:56.354+0000] {processor.py:161} INFO - Started process (PID=130) to work on /home/airflow/.local/lib/python3.8/site-packages/airflow/example_dags/example_skip_dag.py
[2025-05-04T22:36:56.354+0000] {processor.py:830} INFO - Processing file /home/airflow/.local/lib/python3.8/site-packages/airflow/example_dags/example_skip_dag.py for tasks to queue
[2025-05-04T22:36:56.355+0000] {logging_mixin.py:188} INFO - [2025-05-04T22:36:56.355+0000] {dagbag.py:538} INFO - Filling up the DagBag from /home/airflow/.local/lib/python3.8/site-packages/airflow/example_dags/example_skip_dag.py
[2025-05-04T22:36:56.358+0000] {processor.py:840} INFO - DAG(s) 'example_skip_dag' retrieved from /home/airflow/.local/lib/python3.8/site-packages/airflow/example_dags/example_skip_dag.py
[2025-05-04T22:36:56.404+0000] {logging_mixin.py:188} INFO - [2025-05-04T22:36:56.404+0000] {dag.py:3033} INFO - Sync 1 DAGs
[2025-05-04T22:36:56.415+0000] {logging_mixin.py:188} INFO - [2025-05-04T22:36:56.415+0000] {dag.py:3820} INFO - Setting next_dagrun for example_skip_dag to 2025-05-03T00:00:00+00:00, run_after=2025-05-04T00:00:00+00:00
[2025-05-04T22:36:56.426+0000] {processor.py:183} INFO - Processing /home/airflow/.local/lib/python3.8/site-packages/airflow/example_dags/example_skip_dag.py took 0.074 seconds
[2025-05-04T22:37:27.293+0000] {processor.py:161} INFO - Started process (PID=186) to work on /home/airflow/.local/lib/python3.8/site-packages/airflow/example_dags/example_skip_dag.py
[2025-05-04T22:37:27.294+0000] {processor.py:830} INFO - Processing file /home/airflow/.local/lib/python3.8/site-packages/airflow/example_dags/example_skip_dag.py for tasks to queue
[2025-05-04T22:37:27.296+0000] {logging_mixin.py:188} INFO - [2025-05-04T22:37:27.296+0000] {dagbag.py:538} INFO - Filling up the DagBag from /home/airflow/.local/lib/python3.8/site-packages/airflow/example_dags/example_skip_dag.py
[2025-05-04T22:37:27.299+0000] {processor.py:840} INFO - DAG(s) 'example_skip_dag' retrieved from /home/airflow/.local/lib/python3.8/site-packages/airflow/example_dags/example_skip_dag.py
[2025-05-04T22:37:27.310+0000] {logging_mixin.py:188} INFO - [2025-05-04T22:37:27.310+0000] {dag.py:3033} INFO - Sync 1 DAGs
[2025-05-04T22:37:27.322+0000] {logging_mixin.py:188} INFO - [2025-05-04T22:37:27.322+0000] {dag.py:3820} INFO - Setting next_dagrun for example_skip_dag to 2025-05-03T00:00:00+00:00, run_after=2025-05-04T00:00:00+00:00
[2025-05-04T22:37:27.338+0000] {processor.py:183} INFO - Processing /home/airflow/.local/lib/python3.8/site-packages/airflow/example_dags/example_skip_dag.py took 0.047 seconds
[2025-05-04T22:37:57.990+0000] {processor.py:161} INFO - Started process (PID=242) to work on /home/airflow/.local/lib/python3.8/site-packages/airflow/example_dags/example_skip_dag.py
[2025-05-04T22:37:57.991+0000] {processor.py:830} INFO - Processing file /home/airflow/.local/lib/python3.8/site-packages/airflow/example_dags/example_skip_dag.py for tasks to queue
[2025-05-04T22:37:57.992+0000] {logging_mixin.py:188} INFO - [2025-05-04T22:37:57.992+0000] {dagbag.py:538} INFO - Filling up the DagBag from /home/airflow/.local/lib/python3.8/site-packages/airflow/example_dags/example_skip_dag.py
[2025-05-04T22:37:57.994+0000] {processor.py:840} INFO - DAG(s) 'example_skip_dag' retrieved from /home/airflow/.local/lib/python3.8/site-packages/airflow/example_dags/example_skip_dag.py
[2025-05-04T22:37:58.004+0000] {logging_mixin.py:188} INFO - [2025-05-04T22:37:58.004+0000] {dag.py:3033} INFO - Sync 1 DAGs
[2025-05-04T22:37:58.014+0000] {logging_mixin.py:188} INFO - [2025-05-04T22:37:58.014+0000] {dag.py:3820} INFO - Setting next_dagrun for example_skip_dag to 2025-05-03T00:00:00+00:00, run_after=2025-05-04T00:00:00+00:00
[2025-05-04T22:37:58.021+0000] {processor.py:183} INFO - Processing /home/airflow/.local/lib/python3.8/site-packages/airflow/example_dags/example_skip_dag.py took 0.032 seconds
[2025-05-04T22:38:28.756+0000] {processor.py:161} INFO - Started process (PID=298) to work on /home/airflow/.local/lib/python3.8/site-packages/airflow/example_dags/example_skip_dag.py
[2025-05-04T22:38:28.756+0000] {processor.py:830} INFO - Processing file /home/airflow/.local/lib/python3.8/site-packages/airflow/example_dags/example_skip_dag.py for tasks to queue
[2025-05-04T22:38:28.757+0000] {logging_mixin.py:188} INFO - [2025-05-04T22:38:28.757+0000] {dagbag.py:538} INFO - Filling up the DagBag from /home/airflow/.local/lib/python3.8/site-packages/airflow/example_dags/example_skip_dag.py
[2025-05-04T22:38:28.760+0000] {processor.py:840} INFO - DAG(s) 'example_skip_dag' retrieved from /home/airflow/.local/lib/python3.8/site-packages/airflow/example_dags/example_skip_dag.py
[2025-05-04T22:38:28.769+0000] {logging_mixin.py:188} INFO - [2025-05-04T22:38:28.769+0000] {dag.py:3033} INFO - Sync 1 DAGs
[2025-05-04T22:38:28.778+0000] {logging_mixin.py:188} INFO - [2025-05-04T22:38:28.778+0000] {dag.py:3820} INFO - Setting next_dagrun for example_skip_dag to 2025-05-03T00:00:00+00:00, run_after=2025-05-04T00:00:00+00:00
[2025-05-04T22:38:28.785+0000] {processor.py:183} INFO - Processing /home/airflow/.local/lib/python3.8/site-packages/airflow/example_dags/example_skip_dag.py took 0.031 seconds
[2025-05-04T22:38:59.479+0000] {processor.py:161} INFO - Started process (PID=354) to work on /home/airflow/.local/lib/python3.8/site-packages/airflow/example_dags/example_skip_dag.py
[2025-05-04T22:38:59.479+0000] {processor.py:830} INFO - Processing file /home/airflow/.local/lib/python3.8/site-packages/airflow/example_dags/example_skip_dag.py for tasks to queue
[2025-05-04T22:38:59.481+0000] {logging_mixin.py:188} INFO - [2025-05-04T22:38:59.480+0000] {dagbag.py:538} INFO - Filling up the DagBag from /home/airflow/.local/lib/python3.8/site-packages/airflow/example_dags/example_skip_dag.py
[2025-05-04T22:38:59.484+0000] {processor.py:840} INFO - DAG(s) 'example_skip_dag' retrieved from /home/airflow/.local/lib/python3.8/site-packages/airflow/example_dags/example_skip_dag.py
[2025-05-04T22:38:59.495+0000] {logging_mixin.py:188} INFO - [2025-05-04T22:38:59.495+0000] {dag.py:3033} INFO - Sync 1 DAGs
[2025-05-04T22:38:59.506+0000] {logging_mixin.py:188} INFO - [2025-05-04T22:38:59.506+0000] {dag.py:3820} INFO - Setting next_dagrun for example_skip_dag to 2025-05-03T00:00:00+00:00, run_after=2025-05-04T00:00:00+00:00
[2025-05-04T22:38:59.515+0000] {processor.py:183} INFO - Processing /home/airflow/.local/lib/python3.8/site-packages/airflow/example_dags/example_skip_dag.py took 0.038 seconds
[2025-05-04T22:39:30.327+0000] {processor.py:161} INFO - Started process (PID=410) to work on /home/airflow/.local/lib/python3.8/site-packages/airflow/example_dags/example_skip_dag.py
[2025-05-04T22:39:30.328+0000] {processor.py:830} INFO - Processing file /home/airflow/.local/lib/python3.8/site-packages/airflow/example_dags/example_skip_dag.py for tasks to queue
[2025-05-04T22:39:30.329+0000] {logging_mixin.py:188} INFO - [2025-05-04T22:39:30.329+0000] {dagbag.py:538} INFO - Filling up the DagBag from /home/airflow/.local/lib/python3.8/site-packages/airflow/example_dags/example_skip_dag.py
[2025-05-04T22:39:30.332+0000] {processor.py:840} INFO - DAG(s) 'example_skip_dag' retrieved from /home/airflow/.local/lib/python3.8/site-packages/airflow/example_dags/example_skip_dag.py
[2025-05-04T22:39:30.347+0000] {logging_mixin.py:188} INFO - [2025-05-04T22:39:30.347+0000] {dag.py:3033} INFO - Sync 1 DAGs
[2025-05-04T22:39:30.358+0000] {logging_mixin.py:188} INFO - [2025-05-04T22:39:30.358+0000] {dag.py:3820} INFO - Setting next_dagrun for example_skip_dag to 2025-05-03T00:00:00+00:00, run_after=2025-05-04T00:00:00+00:00
[2025-05-04T22:39:30.372+0000] {processor.py:183} INFO - Processing /home/airflow/.local/lib/python3.8/site-packages/airflow/example_dags/example_skip_dag.py took 0.046 seconds
[2025-05-04T22:40:01.169+0000] {processor.py:161} INFO - Started process (PID=467) to work on /home/airflow/.local/lib/python3.8/site-packages/airflow/example_dags/example_skip_dag.py
[2025-05-04T22:40:01.170+0000] {processor.py:830} INFO - Processing file /home/airflow/.local/lib/python3.8/site-packages/airflow/example_dags/example_skip_dag.py for tasks to queue
[2025-05-04T22:40:01.172+0000] {logging_mixin.py:188} INFO - [2025-05-04T22:40:01.172+0000] {dagbag.py:538} INFO - Filling up the DagBag from /home/airflow/.local/lib/python3.8/site-packages/airflow/example_dags/example_skip_dag.py
[2025-05-04T22:40:01.175+0000] {processor.py:840} INFO - DAG(s) 'example_skip_dag' retrieved from /home/airflow/.local/lib/python3.8/site-packages/airflow/example_dags/example_skip_dag.py
[2025-05-04T22:40:01.188+0000] {logging_mixin.py:188} INFO - [2025-05-04T22:40:01.188+0000] {dag.py:3033} INFO - Sync 1 DAGs
[2025-05-04T22:40:01.199+0000] {logging_mixin.py:188} INFO - [2025-05-04T22:40:01.199+0000] {dag.py:3820} INFO - Setting next_dagrun for example_skip_dag to 2025-05-03T00:00:00+00:00, run_after=2025-05-04T00:00:00+00:00
[2025-05-04T22:40:01.208+0000] {processor.py:183} INFO - Processing /home/airflow/.local/lib/python3.8/site-packages/airflow/example_dags/example_skip_dag.py took 0.041 seconds
[2025-05-04T22:40:32.210+0000] {processor.py:161} INFO - Started process (PID=523) to work on /home/airflow/.local/lib/python3.8/site-packages/airflow/example_dags/example_skip_dag.py
[2025-05-04T22:40:32.211+0000] {processor.py:830} INFO - Processing file /home/airflow/.local/lib/python3.8/site-packages/airflow/example_dags/example_skip_dag.py for tasks to queue
[2025-05-04T22:40:32.212+0000] {logging_mixin.py:188} INFO - [2025-05-04T22:40:32.212+0000] {dagbag.py:538} INFO - Filling up the DagBag from /home/airflow/.local/lib/python3.8/site-packages/airflow/example_dags/example_skip_dag.py
[2025-05-04T22:40:32.215+0000] {processor.py:840} INFO - DAG(s) 'example_skip_dag' retrieved from /home/airflow/.local/lib/python3.8/site-packages/airflow/example_dags/example_skip_dag.py
[2025-05-04T22:40:32.227+0000] {logging_mixin.py:188} INFO - [2025-05-04T22:40:32.227+0000] {dag.py:3033} INFO - Sync 1 DAGs
[2025-05-04T22:40:32.239+0000] {logging_mixin.py:188} INFO - [2025-05-04T22:40:32.239+0000] {dag.py:3820} INFO - Setting next_dagrun for example_skip_dag to 2025-05-03T00:00:00+00:00, run_after=2025-05-04T00:00:00+00:00
[2025-05-04T22:40:32.247+0000] {processor.py:183} INFO - Processing /home/airflow/.local/lib/python3.8/site-packages/airflow/example_dags/example_skip_dag.py took 0.039 seconds
[2025-05-04T22:41:02.308+0000] {processor.py:161} INFO - Started process (PID=579) to work on /home/airflow/.local/lib/python3.8/site-packages/airflow/example_dags/example_skip_dag.py
[2025-05-04T22:41:02.309+0000] {processor.py:830} INFO - Processing file /home/airflow/.local/lib/python3.8/site-packages/airflow/example_dags/example_skip_dag.py for tasks to queue
[2025-05-04T22:41:02.310+0000] {logging_mixin.py:188} INFO - [2025-05-04T22:41:02.309+0000] {dagbag.py:538} INFO - Filling up the DagBag from /home/airflow/.local/lib/python3.8/site-packages/airflow/example_dags/example_skip_dag.py
[2025-05-04T22:41:02.313+0000] {processor.py:840} INFO - DAG(s) 'example_skip_dag' retrieved from /home/airflow/.local/lib/python3.8/site-packages/airflow/example_dags/example_skip_dag.py
[2025-05-04T22:41:02.322+0000] {logging_mixin.py:188} INFO - [2025-05-04T22:41:02.322+0000] {dag.py:3033} INFO - Sync 1 DAGs
[2025-05-04T22:41:02.331+0000] {logging_mixin.py:188} INFO - [2025-05-04T22:41:02.331+0000] {dag.py:3820} INFO - Setting next_dagrun for example_skip_dag to 2025-05-03T00:00:00+00:00, run_after=2025-05-04T00:00:00+00:00
[2025-05-04T22:41:02.338+0000] {processor.py:183} INFO - Processing /home/airflow/.local/lib/python3.8/site-packages/airflow/example_dags/example_skip_dag.py took 0.031 seconds
[2025-05-04T22:41:32.915+0000] {processor.py:161} INFO - Started process (PID=635) to work on /home/airflow/.local/lib/python3.8/site-packages/airflow/example_dags/example_skip_dag.py
[2025-05-04T22:41:32.918+0000] {processor.py:830} INFO - Processing file /home/airflow/.local/lib/python3.8/site-packages/airflow/example_dags/example_skip_dag.py for tasks to queue
[2025-05-04T22:41:32.920+0000] {logging_mixin.py:188} INFO - [2025-05-04T22:41:32.919+0000] {dagbag.py:538} INFO - Filling up the DagBag from /home/airflow/.local/lib/python3.8/site-packages/airflow/example_dags/example_skip_dag.py
[2025-05-04T22:41:32.923+0000] {processor.py:840} INFO - DAG(s) 'example_skip_dag' retrieved from /home/airflow/.local/lib/python3.8/site-packages/airflow/example_dags/example_skip_dag.py
[2025-05-04T22:41:32.936+0000] {logging_mixin.py:188} INFO - [2025-05-04T22:41:32.936+0000] {dag.py:3033} INFO - Sync 1 DAGs
[2025-05-04T22:41:32.948+0000] {logging_mixin.py:188} INFO - [2025-05-04T22:41:32.948+0000] {dag.py:3820} INFO - Setting next_dagrun for example_skip_dag to 2025-05-03T00:00:00+00:00, run_after=2025-05-04T00:00:00+00:00
[2025-05-04T22:41:32.957+0000] {processor.py:183} INFO - Processing /home/airflow/.local/lib/python3.8/site-packages/airflow/example_dags/example_skip_dag.py took 0.044 seconds
[2025-05-04T22:42:03.823+0000] {processor.py:161} INFO - Started process (PID=691) to work on /home/airflow/.local/lib/python3.8/site-packages/airflow/example_dags/example_skip_dag.py
[2025-05-04T22:42:03.824+0000] {processor.py:830} INFO - Processing file /home/airflow/.local/lib/python3.8/site-packages/airflow/example_dags/example_skip_dag.py for tasks to queue
[2025-05-04T22:42:03.827+0000] {logging_mixin.py:188} INFO - [2025-05-04T22:42:03.827+0000] {dagbag.py:538} INFO - Filling up the DagBag from /home/airflow/.local/lib/python3.8/site-packages/airflow/example_dags/example_skip_dag.py
[2025-05-04T22:42:03.830+0000] {processor.py:840} INFO - DAG(s) 'example_skip_dag' retrieved from /home/airflow/.local/lib/python3.8/site-packages/airflow/example_dags/example_skip_dag.py
[2025-05-04T22:42:03.848+0000] {logging_mixin.py:188} INFO - [2025-05-04T22:42:03.848+0000] {dag.py:3033} INFO - Sync 1 DAGs
[2025-05-04T22:42:03.863+0000] {logging_mixin.py:188} INFO - [2025-05-04T22:42:03.863+0000] {dag.py:3820} INFO - Setting next_dagrun for example_skip_dag to 2025-05-03T00:00:00+00:00, run_after=2025-05-04T00:00:00+00:00
[2025-05-04T22:42:03.876+0000] {processor.py:183} INFO - Processing /home/airflow/.local/lib/python3.8/site-packages/airflow/example_dags/example_skip_dag.py took 0.056 seconds
[2025-05-04T22:42:34.568+0000] {processor.py:161} INFO - Started process (PID=747) to work on /home/airflow/.local/lib/python3.8/site-packages/airflow/example_dags/example_skip_dag.py
[2025-05-04T22:42:34.568+0000] {processor.py:830} INFO - Processing file /home/airflow/.local/lib/python3.8/site-packages/airflow/example_dags/example_skip_dag.py for tasks to queue
[2025-05-04T22:42:34.569+0000] {logging_mixin.py:188} INFO - [2025-05-04T22:42:34.569+0000] {dagbag.py:538} INFO - Filling up the DagBag from /home/airflow/.local/lib/python3.8/site-packages/airflow/example_dags/example_skip_dag.py
[2025-05-04T22:42:34.573+0000] {processor.py:840} INFO - DAG(s) 'example_skip_dag' retrieved from /home/airflow/.local/lib/python3.8/site-packages/airflow/example_dags/example_skip_dag.py
[2025-05-04T22:42:34.583+0000] {logging_mixin.py:188} INFO - [2025-05-04T22:42:34.583+0000] {dag.py:3033} INFO - Sync 1 DAGs
[2025-05-04T22:42:34.594+0000] {logging_mixin.py:188} INFO - [2025-05-04T22:42:34.594+0000] {dag.py:3820} INFO - Setting next_dagrun for example_skip_dag to 2025-05-03T00:00:00+00:00, run_after=2025-05-04T00:00:00+00:00
[2025-05-04T22:42:34.601+0000] {processor.py:183} INFO - Processing /home/airflow/.local/lib/python3.8/site-packages/airflow/example_dags/example_skip_dag.py took 0.036 seconds
[2025-05-04T22:43:05.513+0000] {processor.py:161} INFO - Started process (PID=803) to work on /home/airflow/.local/lib/python3.8/site-packages/airflow/example_dags/example_skip_dag.py
[2025-05-04T22:43:05.531+0000] {processor.py:830} INFO - Processing file /home/airflow/.local/lib/python3.8/site-packages/airflow/example_dags/example_skip_dag.py for tasks to queue
[2025-05-04T22:43:05.551+0000] {logging_mixin.py:188} INFO - [2025-05-04T22:43:05.548+0000] {dagbag.py:538} INFO - Filling up the DagBag from /home/airflow/.local/lib/python3.8/site-packages/airflow/example_dags/example_skip_dag.py
[2025-05-04T22:43:05.562+0000] {processor.py:840} INFO - DAG(s) 'example_skip_dag' retrieved from /home/airflow/.local/lib/python3.8/site-packages/airflow/example_dags/example_skip_dag.py
[2025-05-04T22:43:05.591+0000] {logging_mixin.py:188} INFO - [2025-05-04T22:43:05.591+0000] {dag.py:3033} INFO - Sync 1 DAGs
[2025-05-04T22:43:05.607+0000] {logging_mixin.py:188} INFO - [2025-05-04T22:43:05.607+0000] {dag.py:3820} INFO - Setting next_dagrun for example_skip_dag to 2025-05-03T00:00:00+00:00, run_after=2025-05-04T00:00:00+00:00
[2025-05-04T22:43:05.626+0000] {processor.py:183} INFO - Processing /home/airflow/.local/lib/python3.8/site-packages/airflow/example_dags/example_skip_dag.py took 0.128 seconds
[2025-05-04T22:43:36.457+0000] {processor.py:161} INFO - Started process (PID=859) to work on /home/airflow/.local/lib/python3.8/site-packages/airflow/example_dags/example_skip_dag.py
[2025-05-04T22:43:36.458+0000] {processor.py:830} INFO - Processing file /home/airflow/.local/lib/python3.8/site-packages/airflow/example_dags/example_skip_dag.py for tasks to queue
[2025-05-04T22:43:36.459+0000] {logging_mixin.py:188} INFO - [2025-05-04T22:43:36.459+0000] {dagbag.py:538} INFO - Filling up the DagBag from /home/airflow/.local/lib/python3.8/site-packages/airflow/example_dags/example_skip_dag.py
[2025-05-04T22:43:36.463+0000] {processor.py:840} INFO - DAG(s) 'example_skip_dag' retrieved from /home/airflow/.local/lib/python3.8/site-packages/airflow/example_dags/example_skip_dag.py
[2025-05-04T22:43:36.478+0000] {logging_mixin.py:188} INFO - [2025-05-04T22:43:36.478+0000] {dag.py:3033} INFO - Sync 1 DAGs
[2025-05-04T22:43:36.495+0000] {logging_mixin.py:188} INFO - [2025-05-04T22:43:36.495+0000] {dag.py:3820} INFO - Setting next_dagrun for example_skip_dag to 2025-05-03T00:00:00+00:00, run_after=2025-05-04T00:00:00+00:00
[2025-05-04T22:43:36.508+0000] {processor.py:183} INFO - Processing /home/airflow/.local/lib/python3.8/site-packages/airflow/example_dags/example_skip_dag.py took 0.053 seconds
[2025-05-04T22:44:07.246+0000] {processor.py:161} INFO - Started process (PID=915) to work on /home/airflow/.local/lib/python3.8/site-packages/airflow/example_dags/example_skip_dag.py
[2025-05-04T22:44:07.247+0000] {processor.py:830} INFO - Processing file /home/airflow/.local/lib/python3.8/site-packages/airflow/example_dags/example_skip_dag.py for tasks to queue
[2025-05-04T22:44:07.248+0000] {logging_mixin.py:188} INFO - [2025-05-04T22:44:07.248+0000] {dagbag.py:538} INFO - Filling up the DagBag from /home/airflow/.local/lib/python3.8/site-packages/airflow/example_dags/example_skip_dag.py
[2025-05-04T22:44:07.250+0000] {processor.py:840} INFO - DAG(s) 'example_skip_dag' retrieved from /home/airflow/.local/lib/python3.8/site-packages/airflow/example_dags/example_skip_dag.py
[2025-05-04T22:44:07.261+0000] {logging_mixin.py:188} INFO - [2025-05-04T22:44:07.261+0000] {dag.py:3033} INFO - Sync 1 DAGs
[2025-05-04T22:44:07.271+0000] {logging_mixin.py:188} INFO - [2025-05-04T22:44:07.271+0000] {dag.py:3820} INFO - Setting next_dagrun for example_skip_dag to 2025-05-03T00:00:00+00:00, run_after=2025-05-04T00:00:00+00:00
[2025-05-04T22:44:07.278+0000] {processor.py:183} INFO - Processing /home/airflow/.local/lib/python3.8/site-packages/airflow/example_dags/example_skip_dag.py took 0.034 seconds
[2025-05-04T22:44:38.035+0000] {processor.py:161} INFO - Started process (PID=971) to work on /home/airflow/.local/lib/python3.8/site-packages/airflow/example_dags/example_skip_dag.py
[2025-05-04T22:44:38.035+0000] {processor.py:830} INFO - Processing file /home/airflow/.local/lib/python3.8/site-packages/airflow/example_dags/example_skip_dag.py for tasks to queue
[2025-05-04T22:44:38.036+0000] {logging_mixin.py:188} INFO - [2025-05-04T22:44:38.036+0000] {dagbag.py:538} INFO - Filling up the DagBag from /home/airflow/.local/lib/python3.8/site-packages/airflow/example_dags/example_skip_dag.py
[2025-05-04T22:44:38.039+0000] {processor.py:840} INFO - DAG(s) 'example_skip_dag' retrieved from /home/airflow/.local/lib/python3.8/site-packages/airflow/example_dags/example_skip_dag.py
[2025-05-04T22:44:38.049+0000] {logging_mixin.py:188} INFO - [2025-05-04T22:44:38.049+0000] {dag.py:3033} INFO - Sync 1 DAGs
[2025-05-04T22:44:38.060+0000] {logging_mixin.py:188} INFO - [2025-05-04T22:44:38.059+0000] {dag.py:3820} INFO - Setting next_dagrun for example_skip_dag to 2025-05-03T00:00:00+00:00, run_after=2025-05-04T00:00:00+00:00
[2025-05-04T22:44:38.067+0000] {processor.py:183} INFO - Processing /home/airflow/.local/lib/python3.8/site-packages/airflow/example_dags/example_skip_dag.py took 0.034 seconds
[2025-05-04T22:45:08.882+0000] {processor.py:161} INFO - Started process (PID=1027) to work on /home/airflow/.local/lib/python3.8/site-packages/airflow/example_dags/example_skip_dag.py
[2025-05-04T22:45:08.884+0000] {processor.py:830} INFO - Processing file /home/airflow/.local/lib/python3.8/site-packages/airflow/example_dags/example_skip_dag.py for tasks to queue
[2025-05-04T22:45:08.885+0000] {logging_mixin.py:188} INFO - [2025-05-04T22:45:08.885+0000] {dagbag.py:538} INFO - Filling up the DagBag from /home/airflow/.local/lib/python3.8/site-packages/airflow/example_dags/example_skip_dag.py
[2025-05-04T22:45:08.888+0000] {processor.py:840} INFO - DAG(s) 'example_skip_dag' retrieved from /home/airflow/.local/lib/python3.8/site-packages/airflow/example_dags/example_skip_dag.py
[2025-05-04T22:45:08.904+0000] {logging_mixin.py:188} INFO - [2025-05-04T22:45:08.904+0000] {dag.py:3033} INFO - Sync 1 DAGs
[2025-05-04T22:45:08.917+0000] {logging_mixin.py:188} INFO - [2025-05-04T22:45:08.917+0000] {dag.py:3820} INFO - Setting next_dagrun for example_skip_dag to 2025-05-03T00:00:00+00:00, run_after=2025-05-04T00:00:00+00:00
[2025-05-04T22:45:08.925+0000] {processor.py:183} INFO - Processing /home/airflow/.local/lib/python3.8/site-packages/airflow/example_dags/example_skip_dag.py took 0.045 seconds
[2025-05-04T22:45:39.808+0000] {processor.py:161} INFO - Started process (PID=1083) to work on /home/airflow/.local/lib/python3.8/site-packages/airflow/example_dags/example_skip_dag.py
[2025-05-04T22:45:39.809+0000] {processor.py:830} INFO - Processing file /home/airflow/.local/lib/python3.8/site-packages/airflow/example_dags/example_skip_dag.py for tasks to queue
[2025-05-04T22:45:39.810+0000] {logging_mixin.py:188} INFO - [2025-05-04T22:45:39.810+0000] {dagbag.py:538} INFO - Filling up the DagBag from /home/airflow/.local/lib/python3.8/site-packages/airflow/example_dags/example_skip_dag.py
[2025-05-04T22:45:39.814+0000] {processor.py:840} INFO - DAG(s) 'example_skip_dag' retrieved from /home/airflow/.local/lib/python3.8/site-packages/airflow/example_dags/example_skip_dag.py
[2025-05-04T22:45:39.826+0000] {logging_mixin.py:188} INFO - [2025-05-04T22:45:39.826+0000] {dag.py:3033} INFO - Sync 1 DAGs
[2025-05-04T22:45:39.840+0000] {logging_mixin.py:188} INFO - [2025-05-04T22:45:39.840+0000] {dag.py:3820} INFO - Setting next_dagrun for example_skip_dag to 2025-05-03T00:00:00+00:00, run_after=2025-05-04T00:00:00+00:00
[2025-05-04T22:45:39.850+0000] {processor.py:183} INFO - Processing /home/airflow/.local/lib/python3.8/site-packages/airflow/example_dags/example_skip_dag.py took 0.043 seconds
[2025-05-04T22:46:32.355+0000] {processor.py:161} INFO - Started process (PID=75) to work on /home/airflow/.local/lib/python3.8/site-packages/airflow/example_dags/example_skip_dag.py
[2025-05-04T22:46:32.355+0000] {processor.py:830} INFO - Processing file /home/airflow/.local/lib/python3.8/site-packages/airflow/example_dags/example_skip_dag.py for tasks to queue
[2025-05-04T22:46:32.357+0000] {logging_mixin.py:188} INFO - [2025-05-04T22:46:32.357+0000] {dagbag.py:538} INFO - Filling up the DagBag from /home/airflow/.local/lib/python3.8/site-packages/airflow/example_dags/example_skip_dag.py
[2025-05-04T22:46:32.360+0000] {processor.py:840} INFO - DAG(s) 'example_skip_dag' retrieved from /home/airflow/.local/lib/python3.8/site-packages/airflow/example_dags/example_skip_dag.py
[2025-05-04T22:46:32.365+0000] {logging_mixin.py:188} INFO - [2025-05-04T22:46:32.365+0000] {dag.py:3033} INFO - Sync 1 DAGs
[2025-05-04T22:46:32.381+0000] {logging_mixin.py:188} INFO - [2025-05-04T22:46:32.381+0000] {dag.py:3820} INFO - Setting next_dagrun for example_skip_dag to 2025-05-03T00:00:00+00:00, run_after=2025-05-04T00:00:00+00:00
[2025-05-04T22:46:32.392+0000] {processor.py:183} INFO - Processing /home/airflow/.local/lib/python3.8/site-packages/airflow/example_dags/example_skip_dag.py took 0.040 seconds
[2025-05-04T22:46:56.841+0000] {processor.py:161} INFO - Started process (PID=74) to work on /home/airflow/.local/lib/python3.8/site-packages/airflow/example_dags/example_skip_dag.py
[2025-05-04T22:46:56.843+0000] {processor.py:830} INFO - Processing file /home/airflow/.local/lib/python3.8/site-packages/airflow/example_dags/example_skip_dag.py for tasks to queue
[2025-05-04T22:46:56.845+0000] {logging_mixin.py:188} INFO - [2025-05-04T22:46:56.844+0000] {dagbag.py:538} INFO - Filling up the DagBag from /home/airflow/.local/lib/python3.8/site-packages/airflow/example_dags/example_skip_dag.py
[2025-05-04T22:46:56.848+0000] {processor.py:840} INFO - DAG(s) 'example_skip_dag' retrieved from /home/airflow/.local/lib/python3.8/site-packages/airflow/example_dags/example_skip_dag.py
[2025-05-04T22:46:56.856+0000] {logging_mixin.py:188} INFO - [2025-05-04T22:46:56.856+0000] {dag.py:3033} INFO - Sync 1 DAGs
[2025-05-04T22:46:56.871+0000] {logging_mixin.py:188} INFO - [2025-05-04T22:46:56.871+0000] {dag.py:3820} INFO - Setting next_dagrun for example_skip_dag to 2025-05-03T00:00:00+00:00, run_after=2025-05-04T00:00:00+00:00
[2025-05-04T22:46:56.881+0000] {processor.py:183} INFO - Processing /home/airflow/.local/lib/python3.8/site-packages/airflow/example_dags/example_skip_dag.py took 0.043 seconds
[2025-05-04T22:47:52.629+0000] {processor.py:161} INFO - Started process (PID=75) to work on /home/airflow/.local/lib/python3.8/site-packages/airflow/example_dags/example_skip_dag.py
[2025-05-04T22:47:52.630+0000] {processor.py:830} INFO - Processing file /home/airflow/.local/lib/python3.8/site-packages/airflow/example_dags/example_skip_dag.py for tasks to queue
[2025-05-04T22:47:52.632+0000] {logging_mixin.py:188} INFO - [2025-05-04T22:47:52.632+0000] {dagbag.py:538} INFO - Filling up the DagBag from /home/airflow/.local/lib/python3.8/site-packages/airflow/example_dags/example_skip_dag.py
[2025-05-04T22:47:52.636+0000] {processor.py:840} INFO - DAG(s) 'example_skip_dag' retrieved from /home/airflow/.local/lib/python3.8/site-packages/airflow/example_dags/example_skip_dag.py
[2025-05-04T22:47:52.642+0000] {logging_mixin.py:188} INFO - [2025-05-04T22:47:52.642+0000] {dag.py:3033} INFO - Sync 1 DAGs
[2025-05-04T22:47:52.662+0000] {logging_mixin.py:188} INFO - [2025-05-04T22:47:52.661+0000] {dag.py:3820} INFO - Setting next_dagrun for example_skip_dag to 2025-05-03T00:00:00+00:00, run_after=2025-05-04T00:00:00+00:00
[2025-05-04T22:47:52.687+0000] {processor.py:183} INFO - Processing /home/airflow/.local/lib/python3.8/site-packages/airflow/example_dags/example_skip_dag.py took 0.060 seconds
[2025-05-04T22:48:22.807+0000] {processor.py:161} INFO - Started process (PID=131) to work on /home/airflow/.local/lib/python3.8/site-packages/airflow/example_dags/example_skip_dag.py
[2025-05-04T22:48:22.808+0000] {processor.py:830} INFO - Processing file /home/airflow/.local/lib/python3.8/site-packages/airflow/example_dags/example_skip_dag.py for tasks to queue
[2025-05-04T22:48:22.811+0000] {logging_mixin.py:188} INFO - [2025-05-04T22:48:22.810+0000] {dagbag.py:538} INFO - Filling up the DagBag from /home/airflow/.local/lib/python3.8/site-packages/airflow/example_dags/example_skip_dag.py
[2025-05-04T22:48:22.814+0000] {processor.py:840} INFO - DAG(s) 'example_skip_dag' retrieved from /home/airflow/.local/lib/python3.8/site-packages/airflow/example_dags/example_skip_dag.py
[2025-05-04T22:48:22.859+0000] {logging_mixin.py:188} INFO - [2025-05-04T22:48:22.859+0000] {dag.py:3033} INFO - Sync 1 DAGs
[2025-05-04T22:48:22.871+0000] {logging_mixin.py:188} INFO - [2025-05-04T22:48:22.871+0000] {dag.py:3820} INFO - Setting next_dagrun for example_skip_dag to 2025-05-03T00:00:00+00:00, run_after=2025-05-04T00:00:00+00:00
[2025-05-04T22:48:22.879+0000] {processor.py:183} INFO - Processing /home/airflow/.local/lib/python3.8/site-packages/airflow/example_dags/example_skip_dag.py took 0.075 seconds
[2025-05-04T22:48:53.652+0000] {processor.py:161} INFO - Started process (PID=187) to work on /home/airflow/.local/lib/python3.8/site-packages/airflow/example_dags/example_skip_dag.py
[2025-05-04T22:48:53.652+0000] {processor.py:830} INFO - Processing file /home/airflow/.local/lib/python3.8/site-packages/airflow/example_dags/example_skip_dag.py for tasks to queue
[2025-05-04T22:48:53.653+0000] {logging_mixin.py:188} INFO - [2025-05-04T22:48:53.653+0000] {dagbag.py:538} INFO - Filling up the DagBag from /home/airflow/.local/lib/python3.8/site-packages/airflow/example_dags/example_skip_dag.py
[2025-05-04T22:48:53.657+0000] {processor.py:840} INFO - DAG(s) 'example_skip_dag' retrieved from /home/airflow/.local/lib/python3.8/site-packages/airflow/example_dags/example_skip_dag.py
[2025-05-04T22:48:53.669+0000] {logging_mixin.py:188} INFO - [2025-05-04T22:48:53.669+0000] {dag.py:3033} INFO - Sync 1 DAGs
[2025-05-04T22:48:53.679+0000] {logging_mixin.py:188} INFO - [2025-05-04T22:48:53.678+0000] {dag.py:3820} INFO - Setting next_dagrun for example_skip_dag to 2025-05-03T00:00:00+00:00, run_after=2025-05-04T00:00:00+00:00
[2025-05-04T22:48:53.686+0000] {processor.py:183} INFO - Processing /home/airflow/.local/lib/python3.8/site-packages/airflow/example_dags/example_skip_dag.py took 0.035 seconds
[2025-05-04T22:49:24.552+0000] {processor.py:161} INFO - Started process (PID=243) to work on /home/airflow/.local/lib/python3.8/site-packages/airflow/example_dags/example_skip_dag.py
[2025-05-04T22:49:24.552+0000] {processor.py:830} INFO - Processing file /home/airflow/.local/lib/python3.8/site-packages/airflow/example_dags/example_skip_dag.py for tasks to queue
[2025-05-04T22:49:24.553+0000] {logging_mixin.py:188} INFO - [2025-05-04T22:49:24.553+0000] {dagbag.py:538} INFO - Filling up the DagBag from /home/airflow/.local/lib/python3.8/site-packages/airflow/example_dags/example_skip_dag.py
[2025-05-04T22:49:24.556+0000] {processor.py:840} INFO - DAG(s) 'example_skip_dag' retrieved from /home/airflow/.local/lib/python3.8/site-packages/airflow/example_dags/example_skip_dag.py
[2025-05-04T22:49:24.564+0000] {logging_mixin.py:188} INFO - [2025-05-04T22:49:24.564+0000] {dag.py:3033} INFO - Sync 1 DAGs
[2025-05-04T22:49:24.571+0000] {logging_mixin.py:188} INFO - [2025-05-04T22:49:24.571+0000] {dag.py:3820} INFO - Setting next_dagrun for example_skip_dag to 2025-05-03T00:00:00+00:00, run_after=2025-05-04T00:00:00+00:00
[2025-05-04T22:49:24.577+0000] {processor.py:183} INFO - Processing /home/airflow/.local/lib/python3.8/site-packages/airflow/example_dags/example_skip_dag.py took 0.027 seconds
[2025-05-04T22:49:55.175+0000] {processor.py:161} INFO - Started process (PID=299) to work on /home/airflow/.local/lib/python3.8/site-packages/airflow/example_dags/example_skip_dag.py
[2025-05-04T22:49:55.178+0000] {processor.py:830} INFO - Processing file /home/airflow/.local/lib/python3.8/site-packages/airflow/example_dags/example_skip_dag.py for tasks to queue
[2025-05-04T22:49:55.180+0000] {logging_mixin.py:188} INFO - [2025-05-04T22:49:55.179+0000] {dagbag.py:538} INFO - Filling up the DagBag from /home/airflow/.local/lib/python3.8/site-packages/airflow/example_dags/example_skip_dag.py
[2025-05-04T22:49:55.186+0000] {processor.py:840} INFO - DAG(s) 'example_skip_dag' retrieved from /home/airflow/.local/lib/python3.8/site-packages/airflow/example_dags/example_skip_dag.py
[2025-05-04T22:49:55.197+0000] {logging_mixin.py:188} INFO - [2025-05-04T22:49:55.197+0000] {dag.py:3033} INFO - Sync 1 DAGs
[2025-05-04T22:49:55.205+0000] {logging_mixin.py:188} INFO - [2025-05-04T22:49:55.205+0000] {dag.py:3820} INFO - Setting next_dagrun for example_skip_dag to 2025-05-03T00:00:00+00:00, run_after=2025-05-04T00:00:00+00:00
[2025-05-04T22:49:55.212+0000] {processor.py:183} INFO - Processing /home/airflow/.local/lib/python3.8/site-packages/airflow/example_dags/example_skip_dag.py took 0.038 seconds
[2025-05-04T22:50:25.947+0000] {processor.py:161} INFO - Started process (PID=355) to work on /home/airflow/.local/lib/python3.8/site-packages/airflow/example_dags/example_skip_dag.py
[2025-05-04T22:50:25.949+0000] {processor.py:830} INFO - Processing file /home/airflow/.local/lib/python3.8/site-packages/airflow/example_dags/example_skip_dag.py for tasks to queue
[2025-05-04T22:50:25.951+0000] {logging_mixin.py:188} INFO - [2025-05-04T22:50:25.950+0000] {dagbag.py:538} INFO - Filling up the DagBag from /home/airflow/.local/lib/python3.8/site-packages/airflow/example_dags/example_skip_dag.py
[2025-05-04T22:50:25.956+0000] {processor.py:840} INFO - DAG(s) 'example_skip_dag' retrieved from /home/airflow/.local/lib/python3.8/site-packages/airflow/example_dags/example_skip_dag.py
[2025-05-04T22:50:25.984+0000] {logging_mixin.py:188} INFO - [2025-05-04T22:50:25.983+0000] {dag.py:3033} INFO - Sync 1 DAGs
[2025-05-04T22:50:25.995+0000] {logging_mixin.py:188} INFO - [2025-05-04T22:50:25.995+0000] {dag.py:3820} INFO - Setting next_dagrun for example_skip_dag to 2025-05-03T00:00:00+00:00, run_after=2025-05-04T00:00:00+00:00
[2025-05-04T22:50:26.005+0000] {processor.py:183} INFO - Processing /home/airflow/.local/lib/python3.8/site-packages/airflow/example_dags/example_skip_dag.py took 0.063 seconds
[2025-05-04T22:50:59.079+0000] {processor.py:161} INFO - Started process (PID=75) to work on /home/airflow/.local/lib/python3.8/site-packages/airflow/example_dags/example_skip_dag.py
[2025-05-04T22:50:59.080+0000] {processor.py:830} INFO - Processing file /home/airflow/.local/lib/python3.8/site-packages/airflow/example_dags/example_skip_dag.py for tasks to queue
[2025-05-04T22:50:59.083+0000] {logging_mixin.py:188} INFO - [2025-05-04T22:50:59.082+0000] {dagbag.py:538} INFO - Filling up the DagBag from /home/airflow/.local/lib/python3.8/site-packages/airflow/example_dags/example_skip_dag.py
[2025-05-04T22:50:59.086+0000] {processor.py:840} INFO - DAG(s) 'example_skip_dag' retrieved from /home/airflow/.local/lib/python3.8/site-packages/airflow/example_dags/example_skip_dag.py
[2025-05-04T22:50:59.100+0000] {logging_mixin.py:188} INFO - [2025-05-04T22:50:59.100+0000] {dag.py:3033} INFO - Sync 1 DAGs
[2025-05-04T22:50:59.120+0000] {logging_mixin.py:188} INFO - [2025-05-04T22:50:59.120+0000] {dag.py:3820} INFO - Setting next_dagrun for example_skip_dag to 2025-05-03T00:00:00+00:00, run_after=2025-05-04T00:00:00+00:00
[2025-05-04T22:50:59.136+0000] {processor.py:183} INFO - Processing /home/airflow/.local/lib/python3.8/site-packages/airflow/example_dags/example_skip_dag.py took 0.059 seconds
[2025-05-04T22:51:29.261+0000] {processor.py:161} INFO - Started process (PID=131) to work on /home/airflow/.local/lib/python3.8/site-packages/airflow/example_dags/example_skip_dag.py
[2025-05-04T22:51:29.261+0000] {processor.py:830} INFO - Processing file /home/airflow/.local/lib/python3.8/site-packages/airflow/example_dags/example_skip_dag.py for tasks to queue
[2025-05-04T22:51:29.262+0000] {logging_mixin.py:188} INFO - [2025-05-04T22:51:29.262+0000] {dagbag.py:538} INFO - Filling up the DagBag from /home/airflow/.local/lib/python3.8/site-packages/airflow/example_dags/example_skip_dag.py
[2025-05-04T22:51:29.265+0000] {processor.py:840} INFO - DAG(s) 'example_skip_dag' retrieved from /home/airflow/.local/lib/python3.8/site-packages/airflow/example_dags/example_skip_dag.py
[2025-05-04T22:51:29.308+0000] {logging_mixin.py:188} INFO - [2025-05-04T22:51:29.308+0000] {dag.py:3033} INFO - Sync 1 DAGs
[2025-05-04T22:51:29.318+0000] {logging_mixin.py:188} INFO - [2025-05-04T22:51:29.318+0000] {dag.py:3820} INFO - Setting next_dagrun for example_skip_dag to 2025-05-03T00:00:00+00:00, run_after=2025-05-04T00:00:00+00:00
[2025-05-04T22:51:29.326+0000] {processor.py:183} INFO - Processing /home/airflow/.local/lib/python3.8/site-packages/airflow/example_dags/example_skip_dag.py took 0.067 seconds
[2025-05-04T22:52:00.189+0000] {processor.py:161} INFO - Started process (PID=187) to work on /home/airflow/.local/lib/python3.8/site-packages/airflow/example_dags/example_skip_dag.py
[2025-05-04T22:52:00.190+0000] {processor.py:830} INFO - Processing file /home/airflow/.local/lib/python3.8/site-packages/airflow/example_dags/example_skip_dag.py for tasks to queue
[2025-05-04T22:52:00.191+0000] {logging_mixin.py:188} INFO - [2025-05-04T22:52:00.191+0000] {dagbag.py:538} INFO - Filling up the DagBag from /home/airflow/.local/lib/python3.8/site-packages/airflow/example_dags/example_skip_dag.py
[2025-05-04T22:52:00.194+0000] {processor.py:840} INFO - DAG(s) 'example_skip_dag' retrieved from /home/airflow/.local/lib/python3.8/site-packages/airflow/example_dags/example_skip_dag.py
[2025-05-04T22:52:00.206+0000] {logging_mixin.py:188} INFO - [2025-05-04T22:52:00.206+0000] {dag.py:3033} INFO - Sync 1 DAGs
[2025-05-04T22:52:00.215+0000] {logging_mixin.py:188} INFO - [2025-05-04T22:52:00.215+0000] {dag.py:3820} INFO - Setting next_dagrun for example_skip_dag to 2025-05-03T00:00:00+00:00, run_after=2025-05-04T00:00:00+00:00
[2025-05-04T22:52:00.226+0000] {processor.py:183} INFO - Processing /home/airflow/.local/lib/python3.8/site-packages/airflow/example_dags/example_skip_dag.py took 0.038 seconds
[2025-05-04T22:52:31.024+0000] {processor.py:161} INFO - Started process (PID=243) to work on /home/airflow/.local/lib/python3.8/site-packages/airflow/example_dags/example_skip_dag.py
[2025-05-04T22:52:31.025+0000] {processor.py:830} INFO - Processing file /home/airflow/.local/lib/python3.8/site-packages/airflow/example_dags/example_skip_dag.py for tasks to queue
[2025-05-04T22:52:31.026+0000] {logging_mixin.py:188} INFO - [2025-05-04T22:52:31.026+0000] {dagbag.py:538} INFO - Filling up the DagBag from /home/airflow/.local/lib/python3.8/site-packages/airflow/example_dags/example_skip_dag.py
[2025-05-04T22:52:31.029+0000] {processor.py:840} INFO - DAG(s) 'example_skip_dag' retrieved from /home/airflow/.local/lib/python3.8/site-packages/airflow/example_dags/example_skip_dag.py
[2025-05-04T22:52:31.041+0000] {logging_mixin.py:188} INFO - [2025-05-04T22:52:31.041+0000] {dag.py:3033} INFO - Sync 1 DAGs
[2025-05-04T22:52:31.051+0000] {logging_mixin.py:188} INFO - [2025-05-04T22:52:31.051+0000] {dag.py:3820} INFO - Setting next_dagrun for example_skip_dag to 2025-05-03T00:00:00+00:00, run_after=2025-05-04T00:00:00+00:00
[2025-05-04T22:52:31.062+0000] {processor.py:183} INFO - Processing /home/airflow/.local/lib/python3.8/site-packages/airflow/example_dags/example_skip_dag.py took 0.039 seconds
[2025-05-04T22:53:01.638+0000] {processor.py:161} INFO - Started process (PID=299) to work on /home/airflow/.local/lib/python3.8/site-packages/airflow/example_dags/example_skip_dag.py
[2025-05-04T22:53:01.639+0000] {processor.py:830} INFO - Processing file /home/airflow/.local/lib/python3.8/site-packages/airflow/example_dags/example_skip_dag.py for tasks to queue
[2025-05-04T22:53:01.640+0000] {logging_mixin.py:188} INFO - [2025-05-04T22:53:01.639+0000] {dagbag.py:538} INFO - Filling up the DagBag from /home/airflow/.local/lib/python3.8/site-packages/airflow/example_dags/example_skip_dag.py
[2025-05-04T22:53:01.643+0000] {processor.py:840} INFO - DAG(s) 'example_skip_dag' retrieved from /home/airflow/.local/lib/python3.8/site-packages/airflow/example_dags/example_skip_dag.py
[2025-05-04T22:53:01.652+0000] {logging_mixin.py:188} INFO - [2025-05-04T22:53:01.652+0000] {dag.py:3033} INFO - Sync 1 DAGs
[2025-05-04T22:53:01.661+0000] {logging_mixin.py:188} INFO - [2025-05-04T22:53:01.661+0000] {dag.py:3820} INFO - Setting next_dagrun for example_skip_dag to 2025-05-03T00:00:00+00:00, run_after=2025-05-04T00:00:00+00:00
[2025-05-04T22:53:01.667+0000] {processor.py:183} INFO - Processing /home/airflow/.local/lib/python3.8/site-packages/airflow/example_dags/example_skip_dag.py took 0.031 seconds
[2025-05-04T22:58:01.415+0000] {processor.py:161} INFO - Started process (PID=75) to work on /home/airflow/.local/lib/python3.8/site-packages/airflow/example_dags/example_skip_dag.py
[2025-05-04T22:58:01.417+0000] {processor.py:830} INFO - Processing file /home/airflow/.local/lib/python3.8/site-packages/airflow/example_dags/example_skip_dag.py for tasks to queue
[2025-05-04T22:58:01.419+0000] {logging_mixin.py:188} INFO - [2025-05-04T22:58:01.419+0000] {dagbag.py:538} INFO - Filling up the DagBag from /home/airflow/.local/lib/python3.8/site-packages/airflow/example_dags/example_skip_dag.py
[2025-05-04T22:58:01.426+0000] {processor.py:840} INFO - DAG(s) 'example_skip_dag' retrieved from /home/airflow/.local/lib/python3.8/site-packages/airflow/example_dags/example_skip_dag.py
[2025-05-04T22:58:01.435+0000] {logging_mixin.py:188} INFO - [2025-05-04T22:58:01.435+0000] {dag.py:3033} INFO - Sync 1 DAGs
[2025-05-04T22:58:01.451+0000] {logging_mixin.py:188} INFO - [2025-05-04T22:58:01.451+0000] {dag.py:3820} INFO - Setting next_dagrun for example_skip_dag to 2025-05-03T00:00:00+00:00, run_after=2025-05-04T00:00:00+00:00
[2025-05-04T22:58:01.463+0000] {processor.py:183} INFO - Processing /home/airflow/.local/lib/python3.8/site-packages/airflow/example_dags/example_skip_dag.py took 0.051 seconds
[2025-05-04T22:58:31.905+0000] {processor.py:161} INFO - Started process (PID=131) to work on /home/airflow/.local/lib/python3.8/site-packages/airflow/example_dags/example_skip_dag.py
[2025-05-04T22:58:31.905+0000] {processor.py:830} INFO - Processing file /home/airflow/.local/lib/python3.8/site-packages/airflow/example_dags/example_skip_dag.py for tasks to queue
[2025-05-04T22:58:31.906+0000] {logging_mixin.py:188} INFO - [2025-05-04T22:58:31.906+0000] {dagbag.py:538} INFO - Filling up the DagBag from /home/airflow/.local/lib/python3.8/site-packages/airflow/example_dags/example_skip_dag.py
[2025-05-04T22:58:31.909+0000] {processor.py:840} INFO - DAG(s) 'example_skip_dag' retrieved from /home/airflow/.local/lib/python3.8/site-packages/airflow/example_dags/example_skip_dag.py
[2025-05-04T22:58:31.945+0000] {logging_mixin.py:188} INFO - [2025-05-04T22:58:31.945+0000] {dag.py:3033} INFO - Sync 1 DAGs
[2025-05-04T22:58:31.955+0000] {logging_mixin.py:188} INFO - [2025-05-04T22:58:31.955+0000] {dag.py:3820} INFO - Setting next_dagrun for example_skip_dag to 2025-05-03T00:00:00+00:00, run_after=2025-05-04T00:00:00+00:00
[2025-05-04T22:58:31.962+0000] {processor.py:183} INFO - Processing /home/airflow/.local/lib/python3.8/site-packages/airflow/example_dags/example_skip_dag.py took 0.059 seconds
[2025-05-04T22:59:02.956+0000] {processor.py:161} INFO - Started process (PID=187) to work on /home/airflow/.local/lib/python3.8/site-packages/airflow/example_dags/example_skip_dag.py
[2025-05-04T22:59:02.957+0000] {processor.py:830} INFO - Processing file /home/airflow/.local/lib/python3.8/site-packages/airflow/example_dags/example_skip_dag.py for tasks to queue
[2025-05-04T22:59:02.958+0000] {logging_mixin.py:188} INFO - [2025-05-04T22:59:02.957+0000] {dagbag.py:538} INFO - Filling up the DagBag from /home/airflow/.local/lib/python3.8/site-packages/airflow/example_dags/example_skip_dag.py
[2025-05-04T22:59:02.961+0000] {processor.py:840} INFO - DAG(s) 'example_skip_dag' retrieved from /home/airflow/.local/lib/python3.8/site-packages/airflow/example_dags/example_skip_dag.py
[2025-05-04T22:59:02.972+0000] {logging_mixin.py:188} INFO - [2025-05-04T22:59:02.972+0000] {dag.py:3033} INFO - Sync 1 DAGs
[2025-05-04T22:59:02.983+0000] {logging_mixin.py:188} INFO - [2025-05-04T22:59:02.983+0000] {dag.py:3820} INFO - Setting next_dagrun for example_skip_dag to 2025-05-03T00:00:00+00:00, run_after=2025-05-04T00:00:00+00:00
[2025-05-04T22:59:02.995+0000] {processor.py:183} INFO - Processing /home/airflow/.local/lib/python3.8/site-packages/airflow/example_dags/example_skip_dag.py took 0.041 seconds
[2025-05-04T22:59:33.722+0000] {processor.py:161} INFO - Started process (PID=249) to work on /home/airflow/.local/lib/python3.8/site-packages/airflow/example_dags/example_skip_dag.py
[2025-05-04T22:59:33.723+0000] {processor.py:830} INFO - Processing file /home/airflow/.local/lib/python3.8/site-packages/airflow/example_dags/example_skip_dag.py for tasks to queue
[2025-05-04T22:59:33.724+0000] {logging_mixin.py:188} INFO - [2025-05-04T22:59:33.724+0000] {dagbag.py:538} INFO - Filling up the DagBag from /home/airflow/.local/lib/python3.8/site-packages/airflow/example_dags/example_skip_dag.py
[2025-05-04T22:59:33.727+0000] {processor.py:840} INFO - DAG(s) 'example_skip_dag' retrieved from /home/airflow/.local/lib/python3.8/site-packages/airflow/example_dags/example_skip_dag.py
[2025-05-04T22:59:33.741+0000] {logging_mixin.py:188} INFO - [2025-05-04T22:59:33.741+0000] {dag.py:3033} INFO - Sync 1 DAGs
[2025-05-04T22:59:33.752+0000] {logging_mixin.py:188} INFO - [2025-05-04T22:59:33.752+0000] {dag.py:3820} INFO - Setting next_dagrun for example_skip_dag to 2025-05-03T00:00:00+00:00, run_after=2025-05-04T00:00:00+00:00
[2025-05-04T22:59:33.765+0000] {processor.py:183} INFO - Processing /home/airflow/.local/lib/python3.8/site-packages/airflow/example_dags/example_skip_dag.py took 0.044 seconds
[2025-05-04T23:00:04.474+0000] {processor.py:161} INFO - Started process (PID=305) to work on /home/airflow/.local/lib/python3.8/site-packages/airflow/example_dags/example_skip_dag.py
[2025-05-04T23:00:04.474+0000] {processor.py:830} INFO - Processing file /home/airflow/.local/lib/python3.8/site-packages/airflow/example_dags/example_skip_dag.py for tasks to queue
[2025-05-04T23:00:04.476+0000] {logging_mixin.py:188} INFO - [2025-05-04T23:00:04.476+0000] {dagbag.py:538} INFO - Filling up the DagBag from /home/airflow/.local/lib/python3.8/site-packages/airflow/example_dags/example_skip_dag.py
[2025-05-04T23:00:04.479+0000] {processor.py:840} INFO - DAG(s) 'example_skip_dag' retrieved from /home/airflow/.local/lib/python3.8/site-packages/airflow/example_dags/example_skip_dag.py
[2025-05-04T23:00:04.489+0000] {logging_mixin.py:188} INFO - [2025-05-04T23:00:04.489+0000] {dag.py:3033} INFO - Sync 1 DAGs
[2025-05-04T23:00:04.502+0000] {logging_mixin.py:188} INFO - [2025-05-04T23:00:04.502+0000] {dag.py:3820} INFO - Setting next_dagrun for example_skip_dag to 2025-05-03T00:00:00+00:00, run_after=2025-05-04T00:00:00+00:00
[2025-05-04T23:00:04.513+0000] {processor.py:183} INFO - Processing /home/airflow/.local/lib/python3.8/site-packages/airflow/example_dags/example_skip_dag.py took 0.041 seconds
[2025-05-04T23:00:35.165+0000] {processor.py:161} INFO - Started process (PID=361) to work on /home/airflow/.local/lib/python3.8/site-packages/airflow/example_dags/example_skip_dag.py
[2025-05-04T23:00:35.166+0000] {processor.py:830} INFO - Processing file /home/airflow/.local/lib/python3.8/site-packages/airflow/example_dags/example_skip_dag.py for tasks to queue
[2025-05-04T23:00:35.167+0000] {logging_mixin.py:188} INFO - [2025-05-04T23:00:35.167+0000] {dagbag.py:538} INFO - Filling up the DagBag from /home/airflow/.local/lib/python3.8/site-packages/airflow/example_dags/example_skip_dag.py
[2025-05-04T23:00:35.170+0000] {processor.py:840} INFO - DAG(s) 'example_skip_dag' retrieved from /home/airflow/.local/lib/python3.8/site-packages/airflow/example_dags/example_skip_dag.py
[2025-05-04T23:00:35.179+0000] {logging_mixin.py:188} INFO - [2025-05-04T23:00:35.179+0000] {dag.py:3033} INFO - Sync 1 DAGs
[2025-05-04T23:00:35.187+0000] {logging_mixin.py:188} INFO - [2025-05-04T23:00:35.187+0000] {dag.py:3820} INFO - Setting next_dagrun for example_skip_dag to 2025-05-03T00:00:00+00:00, run_after=2025-05-04T00:00:00+00:00
[2025-05-04T23:00:35.193+0000] {processor.py:183} INFO - Processing /home/airflow/.local/lib/python3.8/site-packages/airflow/example_dags/example_skip_dag.py took 0.029 seconds
[2025-05-04T23:01:05.801+0000] {processor.py:161} INFO - Started process (PID=417) to work on /home/airflow/.local/lib/python3.8/site-packages/airflow/example_dags/example_skip_dag.py
[2025-05-04T23:01:05.801+0000] {processor.py:830} INFO - Processing file /home/airflow/.local/lib/python3.8/site-packages/airflow/example_dags/example_skip_dag.py for tasks to queue
[2025-05-04T23:01:05.802+0000] {logging_mixin.py:188} INFO - [2025-05-04T23:01:05.802+0000] {dagbag.py:538} INFO - Filling up the DagBag from /home/airflow/.local/lib/python3.8/site-packages/airflow/example_dags/example_skip_dag.py
[2025-05-04T23:01:05.805+0000] {processor.py:840} INFO - DAG(s) 'example_skip_dag' retrieved from /home/airflow/.local/lib/python3.8/site-packages/airflow/example_dags/example_skip_dag.py
[2025-05-04T23:01:05.815+0000] {logging_mixin.py:188} INFO - [2025-05-04T23:01:05.815+0000] {dag.py:3033} INFO - Sync 1 DAGs
[2025-05-04T23:01:05.824+0000] {logging_mixin.py:188} INFO - [2025-05-04T23:01:05.823+0000] {dag.py:3820} INFO - Setting next_dagrun for example_skip_dag to 2025-05-03T00:00:00+00:00, run_after=2025-05-04T00:00:00+00:00
[2025-05-04T23:01:05.830+0000] {processor.py:183} INFO - Processing /home/airflow/.local/lib/python3.8/site-packages/airflow/example_dags/example_skip_dag.py took 0.031 seconds
[2025-05-04T23:01:36.392+0000] {processor.py:161} INFO - Started process (PID=473) to work on /home/airflow/.local/lib/python3.8/site-packages/airflow/example_dags/example_skip_dag.py
[2025-05-04T23:01:36.392+0000] {processor.py:830} INFO - Processing file /home/airflow/.local/lib/python3.8/site-packages/airflow/example_dags/example_skip_dag.py for tasks to queue
[2025-05-04T23:01:36.393+0000] {logging_mixin.py:188} INFO - [2025-05-04T23:01:36.393+0000] {dagbag.py:538} INFO - Filling up the DagBag from /home/airflow/.local/lib/python3.8/site-packages/airflow/example_dags/example_skip_dag.py
[2025-05-04T23:01:36.396+0000] {processor.py:840} INFO - DAG(s) 'example_skip_dag' retrieved from /home/airflow/.local/lib/python3.8/site-packages/airflow/example_dags/example_skip_dag.py
[2025-05-04T23:01:36.410+0000] {logging_mixin.py:188} INFO - [2025-05-04T23:01:36.410+0000] {dag.py:3033} INFO - Sync 1 DAGs
[2025-05-04T23:01:36.421+0000] {logging_mixin.py:188} INFO - [2025-05-04T23:01:36.421+0000] {dag.py:3820} INFO - Setting next_dagrun for example_skip_dag to 2025-05-03T00:00:00+00:00, run_after=2025-05-04T00:00:00+00:00
[2025-05-04T23:01:36.430+0000] {processor.py:183} INFO - Processing /home/airflow/.local/lib/python3.8/site-packages/airflow/example_dags/example_skip_dag.py took 0.039 seconds
[2025-05-04T23:02:06.910+0000] {processor.py:161} INFO - Started process (PID=529) to work on /home/airflow/.local/lib/python3.8/site-packages/airflow/example_dags/example_skip_dag.py
[2025-05-04T23:02:06.910+0000] {processor.py:830} INFO - Processing file /home/airflow/.local/lib/python3.8/site-packages/airflow/example_dags/example_skip_dag.py for tasks to queue
[2025-05-04T23:02:06.911+0000] {logging_mixin.py:188} INFO - [2025-05-04T23:02:06.911+0000] {dagbag.py:538} INFO - Filling up the DagBag from /home/airflow/.local/lib/python3.8/site-packages/airflow/example_dags/example_skip_dag.py
[2025-05-04T23:02:06.915+0000] {processor.py:840} INFO - DAG(s) 'example_skip_dag' retrieved from /home/airflow/.local/lib/python3.8/site-packages/airflow/example_dags/example_skip_dag.py
[2025-05-04T23:02:06.926+0000] {logging_mixin.py:188} INFO - [2025-05-04T23:02:06.926+0000] {dag.py:3033} INFO - Sync 1 DAGs
[2025-05-04T23:02:06.935+0000] {logging_mixin.py:188} INFO - [2025-05-04T23:02:06.935+0000] {dag.py:3820} INFO - Setting next_dagrun for example_skip_dag to 2025-05-03T00:00:00+00:00, run_after=2025-05-04T00:00:00+00:00
[2025-05-04T23:02:06.945+0000] {processor.py:183} INFO - Processing /home/airflow/.local/lib/python3.8/site-packages/airflow/example_dags/example_skip_dag.py took 0.036 seconds
[2025-05-04T23:02:37.530+0000] {processor.py:161} INFO - Started process (PID=585) to work on /home/airflow/.local/lib/python3.8/site-packages/airflow/example_dags/example_skip_dag.py
[2025-05-04T23:02:37.531+0000] {processor.py:830} INFO - Processing file /home/airflow/.local/lib/python3.8/site-packages/airflow/example_dags/example_skip_dag.py for tasks to queue
[2025-05-04T23:02:37.532+0000] {logging_mixin.py:188} INFO - [2025-05-04T23:02:37.532+0000] {dagbag.py:538} INFO - Filling up the DagBag from /home/airflow/.local/lib/python3.8/site-packages/airflow/example_dags/example_skip_dag.py
[2025-05-04T23:02:37.539+0000] {processor.py:840} INFO - DAG(s) 'example_skip_dag' retrieved from /home/airflow/.local/lib/python3.8/site-packages/airflow/example_dags/example_skip_dag.py
[2025-05-04T23:02:37.555+0000] {logging_mixin.py:188} INFO - [2025-05-04T23:02:37.555+0000] {dag.py:3033} INFO - Sync 1 DAGs
[2025-05-04T23:02:37.572+0000] {logging_mixin.py:188} INFO - [2025-05-04T23:02:37.572+0000] {dag.py:3820} INFO - Setting next_dagrun for example_skip_dag to 2025-05-03T00:00:00+00:00, run_after=2025-05-04T00:00:00+00:00
[2025-05-04T23:02:37.588+0000] {processor.py:183} INFO - Processing /home/airflow/.local/lib/python3.8/site-packages/airflow/example_dags/example_skip_dag.py took 0.062 seconds
[2025-05-04T23:03:08.287+0000] {processor.py:161} INFO - Started process (PID=641) to work on /home/airflow/.local/lib/python3.8/site-packages/airflow/example_dags/example_skip_dag.py
[2025-05-04T23:03:08.289+0000] {processor.py:830} INFO - Processing file /home/airflow/.local/lib/python3.8/site-packages/airflow/example_dags/example_skip_dag.py for tasks to queue
[2025-05-04T23:03:08.290+0000] {logging_mixin.py:188} INFO - [2025-05-04T23:03:08.290+0000] {dagbag.py:538} INFO - Filling up the DagBag from /home/airflow/.local/lib/python3.8/site-packages/airflow/example_dags/example_skip_dag.py
[2025-05-04T23:03:08.294+0000] {processor.py:840} INFO - DAG(s) 'example_skip_dag' retrieved from /home/airflow/.local/lib/python3.8/site-packages/airflow/example_dags/example_skip_dag.py
[2025-05-04T23:03:08.308+0000] {logging_mixin.py:188} INFO - [2025-05-04T23:03:08.308+0000] {dag.py:3033} INFO - Sync 1 DAGs
[2025-05-04T23:03:08.320+0000] {logging_mixin.py:188} INFO - [2025-05-04T23:03:08.319+0000] {dag.py:3820} INFO - Setting next_dagrun for example_skip_dag to 2025-05-03T00:00:00+00:00, run_after=2025-05-04T00:00:00+00:00
[2025-05-04T23:03:08.334+0000] {processor.py:183} INFO - Processing /home/airflow/.local/lib/python3.8/site-packages/airflow/example_dags/example_skip_dag.py took 0.048 seconds
[2025-05-04T23:03:38.843+0000] {processor.py:161} INFO - Started process (PID=697) to work on /home/airflow/.local/lib/python3.8/site-packages/airflow/example_dags/example_skip_dag.py
[2025-05-04T23:03:38.844+0000] {processor.py:830} INFO - Processing file /home/airflow/.local/lib/python3.8/site-packages/airflow/example_dags/example_skip_dag.py for tasks to queue
[2025-05-04T23:03:38.845+0000] {logging_mixin.py:188} INFO - [2025-05-04T23:03:38.845+0000] {dagbag.py:538} INFO - Filling up the DagBag from /home/airflow/.local/lib/python3.8/site-packages/airflow/example_dags/example_skip_dag.py
[2025-05-04T23:03:38.850+0000] {processor.py:840} INFO - DAG(s) 'example_skip_dag' retrieved from /home/airflow/.local/lib/python3.8/site-packages/airflow/example_dags/example_skip_dag.py
[2025-05-04T23:03:38.862+0000] {logging_mixin.py:188} INFO - [2025-05-04T23:03:38.861+0000] {dag.py:3033} INFO - Sync 1 DAGs
[2025-05-04T23:03:38.874+0000] {logging_mixin.py:188} INFO - [2025-05-04T23:03:38.874+0000] {dag.py:3820} INFO - Setting next_dagrun for example_skip_dag to 2025-05-03T00:00:00+00:00, run_after=2025-05-04T00:00:00+00:00
[2025-05-04T23:03:38.883+0000] {processor.py:183} INFO - Processing /home/airflow/.local/lib/python3.8/site-packages/airflow/example_dags/example_skip_dag.py took 0.042 seconds
[2025-05-04T23:04:29.109+0000] {processor.py:161} INFO - Started process (PID=80) to work on /home/airflow/.local/lib/python3.8/site-packages/airflow/example_dags/example_skip_dag.py
[2025-05-04T23:04:29.110+0000] {processor.py:830} INFO - Processing file /home/airflow/.local/lib/python3.8/site-packages/airflow/example_dags/example_skip_dag.py for tasks to queue
[2025-05-04T23:04:29.112+0000] {logging_mixin.py:188} INFO - [2025-05-04T23:04:29.112+0000] {dagbag.py:538} INFO - Filling up the DagBag from /home/airflow/.local/lib/python3.8/site-packages/airflow/example_dags/example_skip_dag.py
[2025-05-04T23:04:29.121+0000] {processor.py:840} INFO - DAG(s) 'example_skip_dag' retrieved from /home/airflow/.local/lib/python3.8/site-packages/airflow/example_dags/example_skip_dag.py
[2025-05-04T23:04:29.130+0000] {logging_mixin.py:188} INFO - [2025-05-04T23:04:29.130+0000] {dag.py:3033} INFO - Sync 1 DAGs
[2025-05-04T23:04:29.146+0000] {logging_mixin.py:188} INFO - [2025-05-04T23:04:29.145+0000] {dag.py:3820} INFO - Setting next_dagrun for example_skip_dag to 2025-05-03T00:00:00+00:00, run_after=2025-05-04T00:00:00+00:00
[2025-05-04T23:04:29.164+0000] {processor.py:183} INFO - Processing /home/airflow/.local/lib/python3.8/site-packages/airflow/example_dags/example_skip_dag.py took 0.057 seconds
[2025-05-04T23:04:59.373+0000] {processor.py:161} INFO - Started process (PID=136) to work on /home/airflow/.local/lib/python3.8/site-packages/airflow/example_dags/example_skip_dag.py
[2025-05-04T23:04:59.374+0000] {processor.py:830} INFO - Processing file /home/airflow/.local/lib/python3.8/site-packages/airflow/example_dags/example_skip_dag.py for tasks to queue
[2025-05-04T23:04:59.374+0000] {logging_mixin.py:188} INFO - [2025-05-04T23:04:59.374+0000] {dagbag.py:538} INFO - Filling up the DagBag from /home/airflow/.local/lib/python3.8/site-packages/airflow/example_dags/example_skip_dag.py
[2025-05-04T23:04:59.378+0000] {processor.py:840} INFO - DAG(s) 'example_skip_dag' retrieved from /home/airflow/.local/lib/python3.8/site-packages/airflow/example_dags/example_skip_dag.py
[2025-05-04T23:04:59.417+0000] {logging_mixin.py:188} INFO - [2025-05-04T23:04:59.417+0000] {dag.py:3033} INFO - Sync 1 DAGs
[2025-05-04T23:04:59.425+0000] {logging_mixin.py:188} INFO - [2025-05-04T23:04:59.425+0000] {dag.py:3820} INFO - Setting next_dagrun for example_skip_dag to 2025-05-03T00:00:00+00:00, run_after=2025-05-04T00:00:00+00:00
[2025-05-04T23:04:59.433+0000] {processor.py:183} INFO - Processing /home/airflow/.local/lib/python3.8/site-packages/airflow/example_dags/example_skip_dag.py took 0.062 seconds
[2025-05-04T23:05:30.311+0000] {processor.py:161} INFO - Started process (PID=192) to work on /home/airflow/.local/lib/python3.8/site-packages/airflow/example_dags/example_skip_dag.py
[2025-05-04T23:05:30.313+0000] {processor.py:830} INFO - Processing file /home/airflow/.local/lib/python3.8/site-packages/airflow/example_dags/example_skip_dag.py for tasks to queue
[2025-05-04T23:05:30.315+0000] {logging_mixin.py:188} INFO - [2025-05-04T23:05:30.315+0000] {dagbag.py:538} INFO - Filling up the DagBag from /home/airflow/.local/lib/python3.8/site-packages/airflow/example_dags/example_skip_dag.py
[2025-05-04T23:05:30.319+0000] {processor.py:840} INFO - DAG(s) 'example_skip_dag' retrieved from /home/airflow/.local/lib/python3.8/site-packages/airflow/example_dags/example_skip_dag.py
[2025-05-04T23:05:30.333+0000] {logging_mixin.py:188} INFO - [2025-05-04T23:05:30.333+0000] {dag.py:3033} INFO - Sync 1 DAGs
[2025-05-04T23:05:30.344+0000] {logging_mixin.py:188} INFO - [2025-05-04T23:05:30.343+0000] {dag.py:3820} INFO - Setting next_dagrun for example_skip_dag to 2025-05-03T00:00:00+00:00, run_after=2025-05-04T00:00:00+00:00
[2025-05-04T23:05:30.354+0000] {processor.py:183} INFO - Processing /home/airflow/.local/lib/python3.8/site-packages/airflow/example_dags/example_skip_dag.py took 0.045 seconds
[2025-05-04T23:06:31.985+0000] {processor.py:161} INFO - Started process (PID=75) to work on /home/airflow/.local/lib/python3.8/site-packages/airflow/example_dags/example_skip_dag.py
[2025-05-04T23:06:31.986+0000] {processor.py:830} INFO - Processing file /home/airflow/.local/lib/python3.8/site-packages/airflow/example_dags/example_skip_dag.py for tasks to queue
[2025-05-04T23:06:31.988+0000] {logging_mixin.py:188} INFO - [2025-05-04T23:06:31.988+0000] {dagbag.py:538} INFO - Filling up the DagBag from /home/airflow/.local/lib/python3.8/site-packages/airflow/example_dags/example_skip_dag.py
[2025-05-04T23:06:31.991+0000] {processor.py:840} INFO - DAG(s) 'example_skip_dag' retrieved from /home/airflow/.local/lib/python3.8/site-packages/airflow/example_dags/example_skip_dag.py
[2025-05-04T23:06:32.006+0000] {logging_mixin.py:188} INFO - [2025-05-04T23:06:32.006+0000] {dag.py:3033} INFO - Sync 1 DAGs
[2025-05-04T23:06:32.027+0000] {logging_mixin.py:188} INFO - [2025-05-04T23:06:32.027+0000] {dag.py:3820} INFO - Setting next_dagrun for example_skip_dag to 2025-05-03T00:00:00+00:00, run_after=2025-05-04T00:00:00+00:00
[2025-05-04T23:06:32.051+0000] {processor.py:183} INFO - Processing /home/airflow/.local/lib/python3.8/site-packages/airflow/example_dags/example_skip_dag.py took 0.068 seconds
[2025-05-04T23:07:02.223+0000] {processor.py:161} INFO - Started process (PID=137) to work on /home/airflow/.local/lib/python3.8/site-packages/airflow/example_dags/example_skip_dag.py
[2025-05-04T23:07:02.224+0000] {processor.py:830} INFO - Processing file /home/airflow/.local/lib/python3.8/site-packages/airflow/example_dags/example_skip_dag.py for tasks to queue
[2025-05-04T23:07:02.225+0000] {logging_mixin.py:188} INFO - [2025-05-04T23:07:02.225+0000] {dagbag.py:538} INFO - Filling up the DagBag from /home/airflow/.local/lib/python3.8/site-packages/airflow/example_dags/example_skip_dag.py
[2025-05-04T23:07:02.229+0000] {processor.py:840} INFO - DAG(s) 'example_skip_dag' retrieved from /home/airflow/.local/lib/python3.8/site-packages/airflow/example_dags/example_skip_dag.py
[2025-05-04T23:07:02.277+0000] {logging_mixin.py:188} INFO - [2025-05-04T23:07:02.277+0000] {dag.py:3033} INFO - Sync 1 DAGs
[2025-05-04T23:07:02.285+0000] {logging_mixin.py:188} INFO - [2025-05-04T23:07:02.285+0000] {dag.py:3820} INFO - Setting next_dagrun for example_skip_dag to 2025-05-03T00:00:00+00:00, run_after=2025-05-04T00:00:00+00:00
[2025-05-04T23:07:02.291+0000] {processor.py:183} INFO - Processing /home/airflow/.local/lib/python3.8/site-packages/airflow/example_dags/example_skip_dag.py took 0.070 seconds
[2025-05-04T23:07:33.064+0000] {processor.py:161} INFO - Started process (PID=193) to work on /home/airflow/.local/lib/python3.8/site-packages/airflow/example_dags/example_skip_dag.py
[2025-05-04T23:07:33.065+0000] {processor.py:830} INFO - Processing file /home/airflow/.local/lib/python3.8/site-packages/airflow/example_dags/example_skip_dag.py for tasks to queue
[2025-05-04T23:07:33.066+0000] {logging_mixin.py:188} INFO - [2025-05-04T23:07:33.066+0000] {dagbag.py:538} INFO - Filling up the DagBag from /home/airflow/.local/lib/python3.8/site-packages/airflow/example_dags/example_skip_dag.py
[2025-05-04T23:07:33.069+0000] {processor.py:840} INFO - DAG(s) 'example_skip_dag' retrieved from /home/airflow/.local/lib/python3.8/site-packages/airflow/example_dags/example_skip_dag.py
[2025-05-04T23:07:33.081+0000] {logging_mixin.py:188} INFO - [2025-05-04T23:07:33.081+0000] {dag.py:3033} INFO - Sync 1 DAGs
[2025-05-04T23:07:33.090+0000] {logging_mixin.py:188} INFO - [2025-05-04T23:07:33.090+0000] {dag.py:3820} INFO - Setting next_dagrun for example_skip_dag to 2025-05-03T00:00:00+00:00, run_after=2025-05-04T00:00:00+00:00
[2025-05-04T23:07:33.101+0000] {processor.py:183} INFO - Processing /home/airflow/.local/lib/python3.8/site-packages/airflow/example_dags/example_skip_dag.py took 0.039 seconds
[2025-05-04T23:08:03.608+0000] {processor.py:161} INFO - Started process (PID=249) to work on /home/airflow/.local/lib/python3.8/site-packages/airflow/example_dags/example_skip_dag.py
[2025-05-04T23:08:03.609+0000] {processor.py:830} INFO - Processing file /home/airflow/.local/lib/python3.8/site-packages/airflow/example_dags/example_skip_dag.py for tasks to queue
[2025-05-04T23:08:03.611+0000] {logging_mixin.py:188} INFO - [2025-05-04T23:08:03.611+0000] {dagbag.py:538} INFO - Filling up the DagBag from /home/airflow/.local/lib/python3.8/site-packages/airflow/example_dags/example_skip_dag.py
[2025-05-04T23:08:03.614+0000] {processor.py:840} INFO - DAG(s) 'example_skip_dag' retrieved from /home/airflow/.local/lib/python3.8/site-packages/airflow/example_dags/example_skip_dag.py
[2025-05-04T23:08:03.627+0000] {logging_mixin.py:188} INFO - [2025-05-04T23:08:03.627+0000] {dag.py:3033} INFO - Sync 1 DAGs
[2025-05-04T23:08:03.636+0000] {logging_mixin.py:188} INFO - [2025-05-04T23:08:03.636+0000] {dag.py:3820} INFO - Setting next_dagrun for example_skip_dag to 2025-05-03T00:00:00+00:00, run_after=2025-05-04T00:00:00+00:00
[2025-05-04T23:08:03.646+0000] {processor.py:183} INFO - Processing /home/airflow/.local/lib/python3.8/site-packages/airflow/example_dags/example_skip_dag.py took 0.039 seconds
[2025-05-04T23:08:34.195+0000] {processor.py:161} INFO - Started process (PID=305) to work on /home/airflow/.local/lib/python3.8/site-packages/airflow/example_dags/example_skip_dag.py
[2025-05-04T23:08:34.195+0000] {processor.py:830} INFO - Processing file /home/airflow/.local/lib/python3.8/site-packages/airflow/example_dags/example_skip_dag.py for tasks to queue
[2025-05-04T23:08:34.196+0000] {logging_mixin.py:188} INFO - [2025-05-04T23:08:34.196+0000] {dagbag.py:538} INFO - Filling up the DagBag from /home/airflow/.local/lib/python3.8/site-packages/airflow/example_dags/example_skip_dag.py
[2025-05-04T23:08:34.199+0000] {processor.py:840} INFO - DAG(s) 'example_skip_dag' retrieved from /home/airflow/.local/lib/python3.8/site-packages/airflow/example_dags/example_skip_dag.py
[2025-05-04T23:08:34.208+0000] {logging_mixin.py:188} INFO - [2025-05-04T23:08:34.208+0000] {dag.py:3033} INFO - Sync 1 DAGs
[2025-05-04T23:08:34.217+0000] {logging_mixin.py:188} INFO - [2025-05-04T23:08:34.217+0000] {dag.py:3820} INFO - Setting next_dagrun for example_skip_dag to 2025-05-03T00:00:00+00:00, run_after=2025-05-04T00:00:00+00:00
[2025-05-04T23:08:34.223+0000] {processor.py:183} INFO - Processing /home/airflow/.local/lib/python3.8/site-packages/airflow/example_dags/example_skip_dag.py took 0.030 seconds
[2025-05-04T23:09:04.944+0000] {processor.py:161} INFO - Started process (PID=360) to work on /home/airflow/.local/lib/python3.8/site-packages/airflow/example_dags/example_skip_dag.py
[2025-05-04T23:09:04.945+0000] {processor.py:830} INFO - Processing file /home/airflow/.local/lib/python3.8/site-packages/airflow/example_dags/example_skip_dag.py for tasks to queue
[2025-05-04T23:09:04.946+0000] {logging_mixin.py:188} INFO - [2025-05-04T23:09:04.946+0000] {dagbag.py:538} INFO - Filling up the DagBag from /home/airflow/.local/lib/python3.8/site-packages/airflow/example_dags/example_skip_dag.py
[2025-05-04T23:09:04.949+0000] {processor.py:840} INFO - DAG(s) 'example_skip_dag' retrieved from /home/airflow/.local/lib/python3.8/site-packages/airflow/example_dags/example_skip_dag.py
[2025-05-04T23:09:04.962+0000] {logging_mixin.py:188} INFO - [2025-05-04T23:09:04.962+0000] {dag.py:3033} INFO - Sync 1 DAGs
[2025-05-04T23:09:04.971+0000] {logging_mixin.py:188} INFO - [2025-05-04T23:09:04.971+0000] {dag.py:3820} INFO - Setting next_dagrun for example_skip_dag to 2025-05-03T00:00:00+00:00, run_after=2025-05-04T00:00:00+00:00
[2025-05-04T23:09:04.978+0000] {processor.py:183} INFO - Processing /home/airflow/.local/lib/python3.8/site-packages/airflow/example_dags/example_skip_dag.py took 0.035 seconds
[2025-05-04T23:09:35.059+0000] {processor.py:161} INFO - Started process (PID=416) to work on /home/airflow/.local/lib/python3.8/site-packages/airflow/example_dags/example_skip_dag.py
[2025-05-04T23:09:35.060+0000] {processor.py:830} INFO - Processing file /home/airflow/.local/lib/python3.8/site-packages/airflow/example_dags/example_skip_dag.py for tasks to queue
[2025-05-04T23:09:35.062+0000] {logging_mixin.py:188} INFO - [2025-05-04T23:09:35.062+0000] {dagbag.py:538} INFO - Filling up the DagBag from /home/airflow/.local/lib/python3.8/site-packages/airflow/example_dags/example_skip_dag.py
[2025-05-04T23:09:35.065+0000] {processor.py:840} INFO - DAG(s) 'example_skip_dag' retrieved from /home/airflow/.local/lib/python3.8/site-packages/airflow/example_dags/example_skip_dag.py
[2025-05-04T23:09:35.078+0000] {logging_mixin.py:188} INFO - [2025-05-04T23:09:35.078+0000] {dag.py:3033} INFO - Sync 1 DAGs
[2025-05-04T23:09:35.093+0000] {logging_mixin.py:188} INFO - [2025-05-04T23:09:35.093+0000] {dag.py:3820} INFO - Setting next_dagrun for example_skip_dag to 2025-05-03T00:00:00+00:00, run_after=2025-05-04T00:00:00+00:00
[2025-05-04T23:09:35.111+0000] {processor.py:183} INFO - Processing /home/airflow/.local/lib/python3.8/site-packages/airflow/example_dags/example_skip_dag.py took 0.055 seconds
[2025-05-04T23:10:05.838+0000] {processor.py:161} INFO - Started process (PID=472) to work on /home/airflow/.local/lib/python3.8/site-packages/airflow/example_dags/example_skip_dag.py
[2025-05-04T23:10:05.838+0000] {processor.py:830} INFO - Processing file /home/airflow/.local/lib/python3.8/site-packages/airflow/example_dags/example_skip_dag.py for tasks to queue
[2025-05-04T23:10:05.839+0000] {logging_mixin.py:188} INFO - [2025-05-04T23:10:05.839+0000] {dagbag.py:538} INFO - Filling up the DagBag from /home/airflow/.local/lib/python3.8/site-packages/airflow/example_dags/example_skip_dag.py
[2025-05-04T23:10:05.842+0000] {processor.py:840} INFO - DAG(s) 'example_skip_dag' retrieved from /home/airflow/.local/lib/python3.8/site-packages/airflow/example_dags/example_skip_dag.py
[2025-05-04T23:10:05.851+0000] {logging_mixin.py:188} INFO - [2025-05-04T23:10:05.851+0000] {dag.py:3033} INFO - Sync 1 DAGs
[2025-05-04T23:10:05.859+0000] {logging_mixin.py:188} INFO - [2025-05-04T23:10:05.859+0000] {dag.py:3820} INFO - Setting next_dagrun for example_skip_dag to 2025-05-03T00:00:00+00:00, run_after=2025-05-04T00:00:00+00:00
[2025-05-04T23:10:05.865+0000] {processor.py:183} INFO - Processing /home/airflow/.local/lib/python3.8/site-packages/airflow/example_dags/example_skip_dag.py took 0.029 seconds
[2025-05-04T23:10:36.494+0000] {processor.py:161} INFO - Started process (PID=528) to work on /home/airflow/.local/lib/python3.8/site-packages/airflow/example_dags/example_skip_dag.py
[2025-05-04T23:10:36.495+0000] {processor.py:830} INFO - Processing file /home/airflow/.local/lib/python3.8/site-packages/airflow/example_dags/example_skip_dag.py for tasks to queue
[2025-05-04T23:10:36.497+0000] {logging_mixin.py:188} INFO - [2025-05-04T23:10:36.497+0000] {dagbag.py:538} INFO - Filling up the DagBag from /home/airflow/.local/lib/python3.8/site-packages/airflow/example_dags/example_skip_dag.py
[2025-05-04T23:10:36.505+0000] {processor.py:840} INFO - DAG(s) 'example_skip_dag' retrieved from /home/airflow/.local/lib/python3.8/site-packages/airflow/example_dags/example_skip_dag.py
[2025-05-04T23:10:36.518+0000] {logging_mixin.py:188} INFO - [2025-05-04T23:10:36.518+0000] {dag.py:3033} INFO - Sync 1 DAGs
[2025-05-04T23:10:36.526+0000] {logging_mixin.py:188} INFO - [2025-05-04T23:10:36.526+0000] {dag.py:3820} INFO - Setting next_dagrun for example_skip_dag to 2025-05-03T00:00:00+00:00, run_after=2025-05-04T00:00:00+00:00
[2025-05-04T23:10:36.534+0000] {processor.py:183} INFO - Processing /home/airflow/.local/lib/python3.8/site-packages/airflow/example_dags/example_skip_dag.py took 0.041 seconds
[2025-05-04T23:11:07.246+0000] {processor.py:161} INFO - Started process (PID=584) to work on /home/airflow/.local/lib/python3.8/site-packages/airflow/example_dags/example_skip_dag.py
[2025-05-04T23:11:07.246+0000] {processor.py:830} INFO - Processing file /home/airflow/.local/lib/python3.8/site-packages/airflow/example_dags/example_skip_dag.py for tasks to queue
[2025-05-04T23:11:07.247+0000] {logging_mixin.py:188} INFO - [2025-05-04T23:11:07.247+0000] {dagbag.py:538} INFO - Filling up the DagBag from /home/airflow/.local/lib/python3.8/site-packages/airflow/example_dags/example_skip_dag.py
[2025-05-04T23:11:07.250+0000] {processor.py:840} INFO - DAG(s) 'example_skip_dag' retrieved from /home/airflow/.local/lib/python3.8/site-packages/airflow/example_dags/example_skip_dag.py
[2025-05-04T23:11:07.262+0000] {logging_mixin.py:188} INFO - [2025-05-04T23:11:07.262+0000] {dag.py:3033} INFO - Sync 1 DAGs
[2025-05-04T23:11:07.274+0000] {logging_mixin.py:188} INFO - [2025-05-04T23:11:07.274+0000] {dag.py:3820} INFO - Setting next_dagrun for example_skip_dag to 2025-05-03T00:00:00+00:00, run_after=2025-05-04T00:00:00+00:00
[2025-05-04T23:11:07.284+0000] {processor.py:183} INFO - Processing /home/airflow/.local/lib/python3.8/site-packages/airflow/example_dags/example_skip_dag.py took 0.040 seconds
[2025-05-04T23:11:37.831+0000] {processor.py:161} INFO - Started process (PID=640) to work on /home/airflow/.local/lib/python3.8/site-packages/airflow/example_dags/example_skip_dag.py
[2025-05-04T23:11:37.831+0000] {processor.py:830} INFO - Processing file /home/airflow/.local/lib/python3.8/site-packages/airflow/example_dags/example_skip_dag.py for tasks to queue
[2025-05-04T23:11:37.832+0000] {logging_mixin.py:188} INFO - [2025-05-04T23:11:37.832+0000] {dagbag.py:538} INFO - Filling up the DagBag from /home/airflow/.local/lib/python3.8/site-packages/airflow/example_dags/example_skip_dag.py
[2025-05-04T23:11:37.835+0000] {processor.py:840} INFO - DAG(s) 'example_skip_dag' retrieved from /home/airflow/.local/lib/python3.8/site-packages/airflow/example_dags/example_skip_dag.py
[2025-05-04T23:11:37.846+0000] {logging_mixin.py:188} INFO - [2025-05-04T23:11:37.846+0000] {dag.py:3033} INFO - Sync 1 DAGs
[2025-05-04T23:11:37.855+0000] {logging_mixin.py:188} INFO - [2025-05-04T23:11:37.855+0000] {dag.py:3820} INFO - Setting next_dagrun for example_skip_dag to 2025-05-03T00:00:00+00:00, run_after=2025-05-04T00:00:00+00:00
[2025-05-04T23:11:37.866+0000] {processor.py:183} INFO - Processing /home/airflow/.local/lib/python3.8/site-packages/airflow/example_dags/example_skip_dag.py took 0.036 seconds
[2025-05-04T23:12:08.452+0000] {processor.py:161} INFO - Started process (PID=696) to work on /home/airflow/.local/lib/python3.8/site-packages/airflow/example_dags/example_skip_dag.py
[2025-05-04T23:12:08.452+0000] {processor.py:830} INFO - Processing file /home/airflow/.local/lib/python3.8/site-packages/airflow/example_dags/example_skip_dag.py for tasks to queue
[2025-05-04T23:12:08.454+0000] {logging_mixin.py:188} INFO - [2025-05-04T23:12:08.454+0000] {dagbag.py:538} INFO - Filling up the DagBag from /home/airflow/.local/lib/python3.8/site-packages/airflow/example_dags/example_skip_dag.py
[2025-05-04T23:12:08.458+0000] {processor.py:840} INFO - DAG(s) 'example_skip_dag' retrieved from /home/airflow/.local/lib/python3.8/site-packages/airflow/example_dags/example_skip_dag.py
[2025-05-04T23:12:08.470+0000] {logging_mixin.py:188} INFO - [2025-05-04T23:12:08.470+0000] {dag.py:3033} INFO - Sync 1 DAGs
[2025-05-04T23:12:08.480+0000] {logging_mixin.py:188} INFO - [2025-05-04T23:12:08.480+0000] {dag.py:3820} INFO - Setting next_dagrun for example_skip_dag to 2025-05-03T00:00:00+00:00, run_after=2025-05-04T00:00:00+00:00
[2025-05-04T23:12:08.487+0000] {processor.py:183} INFO - Processing /home/airflow/.local/lib/python3.8/site-packages/airflow/example_dags/example_skip_dag.py took 0.037 seconds
[2025-05-04T23:12:39.127+0000] {processor.py:161} INFO - Started process (PID=752) to work on /home/airflow/.local/lib/python3.8/site-packages/airflow/example_dags/example_skip_dag.py
[2025-05-04T23:12:39.130+0000] {processor.py:830} INFO - Processing file /home/airflow/.local/lib/python3.8/site-packages/airflow/example_dags/example_skip_dag.py for tasks to queue
[2025-05-04T23:12:39.131+0000] {logging_mixin.py:188} INFO - [2025-05-04T23:12:39.131+0000] {dagbag.py:538} INFO - Filling up the DagBag from /home/airflow/.local/lib/python3.8/site-packages/airflow/example_dags/example_skip_dag.py
[2025-05-04T23:12:39.133+0000] {processor.py:840} INFO - DAG(s) 'example_skip_dag' retrieved from /home/airflow/.local/lib/python3.8/site-packages/airflow/example_dags/example_skip_dag.py
[2025-05-04T23:12:39.143+0000] {logging_mixin.py:188} INFO - [2025-05-04T23:12:39.143+0000] {dag.py:3033} INFO - Sync 1 DAGs
[2025-05-04T23:12:39.153+0000] {logging_mixin.py:188} INFO - [2025-05-04T23:12:39.153+0000] {dag.py:3820} INFO - Setting next_dagrun for example_skip_dag to 2025-05-03T00:00:00+00:00, run_after=2025-05-04T00:00:00+00:00
[2025-05-04T23:12:39.163+0000] {processor.py:183} INFO - Processing /home/airflow/.local/lib/python3.8/site-packages/airflow/example_dags/example_skip_dag.py took 0.038 seconds
[2025-05-04T23:13:09.778+0000] {processor.py:161} INFO - Started process (PID=808) to work on /home/airflow/.local/lib/python3.8/site-packages/airflow/example_dags/example_skip_dag.py
[2025-05-04T23:13:09.779+0000] {processor.py:830} INFO - Processing file /home/airflow/.local/lib/python3.8/site-packages/airflow/example_dags/example_skip_dag.py for tasks to queue
[2025-05-04T23:13:09.780+0000] {logging_mixin.py:188} INFO - [2025-05-04T23:13:09.780+0000] {dagbag.py:538} INFO - Filling up the DagBag from /home/airflow/.local/lib/python3.8/site-packages/airflow/example_dags/example_skip_dag.py
[2025-05-04T23:13:09.784+0000] {processor.py:840} INFO - DAG(s) 'example_skip_dag' retrieved from /home/airflow/.local/lib/python3.8/site-packages/airflow/example_dags/example_skip_dag.py
[2025-05-04T23:13:09.794+0000] {logging_mixin.py:188} INFO - [2025-05-04T23:13:09.794+0000] {dag.py:3033} INFO - Sync 1 DAGs
[2025-05-04T23:13:09.804+0000] {logging_mixin.py:188} INFO - [2025-05-04T23:13:09.804+0000] {dag.py:3820} INFO - Setting next_dagrun for example_skip_dag to 2025-05-03T00:00:00+00:00, run_after=2025-05-04T00:00:00+00:00
[2025-05-04T23:13:09.812+0000] {processor.py:183} INFO - Processing /home/airflow/.local/lib/python3.8/site-packages/airflow/example_dags/example_skip_dag.py took 0.036 seconds
[2025-05-04T23:13:40.445+0000] {processor.py:161} INFO - Started process (PID=864) to work on /home/airflow/.local/lib/python3.8/site-packages/airflow/example_dags/example_skip_dag.py
[2025-05-04T23:13:40.447+0000] {processor.py:830} INFO - Processing file /home/airflow/.local/lib/python3.8/site-packages/airflow/example_dags/example_skip_dag.py for tasks to queue
[2025-05-04T23:13:40.448+0000] {logging_mixin.py:188} INFO - [2025-05-04T23:13:40.447+0000] {dagbag.py:538} INFO - Filling up the DagBag from /home/airflow/.local/lib/python3.8/site-packages/airflow/example_dags/example_skip_dag.py
[2025-05-04T23:13:40.450+0000] {processor.py:840} INFO - DAG(s) 'example_skip_dag' retrieved from /home/airflow/.local/lib/python3.8/site-packages/airflow/example_dags/example_skip_dag.py
[2025-05-04T23:13:40.460+0000] {logging_mixin.py:188} INFO - [2025-05-04T23:13:40.460+0000] {dag.py:3033} INFO - Sync 1 DAGs
[2025-05-04T23:13:40.470+0000] {logging_mixin.py:188} INFO - [2025-05-04T23:13:40.470+0000] {dag.py:3820} INFO - Setting next_dagrun for example_skip_dag to 2025-05-03T00:00:00+00:00, run_after=2025-05-04T00:00:00+00:00
[2025-05-04T23:13:40.477+0000] {processor.py:183} INFO - Processing /home/airflow/.local/lib/python3.8/site-packages/airflow/example_dags/example_skip_dag.py took 0.034 seconds
[2025-05-04T23:14:11.168+0000] {processor.py:161} INFO - Started process (PID=920) to work on /home/airflow/.local/lib/python3.8/site-packages/airflow/example_dags/example_skip_dag.py
[2025-05-04T23:14:11.169+0000] {processor.py:830} INFO - Processing file /home/airflow/.local/lib/python3.8/site-packages/airflow/example_dags/example_skip_dag.py for tasks to queue
[2025-05-04T23:14:11.170+0000] {logging_mixin.py:188} INFO - [2025-05-04T23:14:11.170+0000] {dagbag.py:538} INFO - Filling up the DagBag from /home/airflow/.local/lib/python3.8/site-packages/airflow/example_dags/example_skip_dag.py
[2025-05-04T23:14:11.173+0000] {processor.py:840} INFO - DAG(s) 'example_skip_dag' retrieved from /home/airflow/.local/lib/python3.8/site-packages/airflow/example_dags/example_skip_dag.py
[2025-05-04T23:14:11.183+0000] {logging_mixin.py:188} INFO - [2025-05-04T23:14:11.183+0000] {dag.py:3033} INFO - Sync 1 DAGs
[2025-05-04T23:14:11.194+0000] {logging_mixin.py:188} INFO - [2025-05-04T23:14:11.194+0000] {dag.py:3820} INFO - Setting next_dagrun for example_skip_dag to 2025-05-03T00:00:00+00:00, run_after=2025-05-04T00:00:00+00:00
[2025-05-04T23:14:11.203+0000] {processor.py:183} INFO - Processing /home/airflow/.local/lib/python3.8/site-packages/airflow/example_dags/example_skip_dag.py took 0.036 seconds
[2025-05-04T23:14:42.114+0000] {processor.py:161} INFO - Started process (PID=976) to work on /home/airflow/.local/lib/python3.8/site-packages/airflow/example_dags/example_skip_dag.py
[2025-05-04T23:14:42.116+0000] {processor.py:830} INFO - Processing file /home/airflow/.local/lib/python3.8/site-packages/airflow/example_dags/example_skip_dag.py for tasks to queue
[2025-05-04T23:14:42.116+0000] {logging_mixin.py:188} INFO - [2025-05-04T23:14:42.116+0000] {dagbag.py:538} INFO - Filling up the DagBag from /home/airflow/.local/lib/python3.8/site-packages/airflow/example_dags/example_skip_dag.py
[2025-05-04T23:14:42.120+0000] {processor.py:840} INFO - DAG(s) 'example_skip_dag' retrieved from /home/airflow/.local/lib/python3.8/site-packages/airflow/example_dags/example_skip_dag.py
[2025-05-04T23:14:42.129+0000] {logging_mixin.py:188} INFO - [2025-05-04T23:14:42.129+0000] {dag.py:3033} INFO - Sync 1 DAGs
[2025-05-04T23:14:42.141+0000] {logging_mixin.py:188} INFO - [2025-05-04T23:14:42.141+0000] {dag.py:3820} INFO - Setting next_dagrun for example_skip_dag to 2025-05-03T00:00:00+00:00, run_after=2025-05-04T00:00:00+00:00
[2025-05-04T23:14:42.158+0000] {processor.py:183} INFO - Processing /home/airflow/.local/lib/python3.8/site-packages/airflow/example_dags/example_skip_dag.py took 0.046 seconds
[2025-05-04T23:15:12.252+0000] {processor.py:161} INFO - Started process (PID=1032) to work on /home/airflow/.local/lib/python3.8/site-packages/airflow/example_dags/example_skip_dag.py
[2025-05-04T23:15:12.253+0000] {processor.py:830} INFO - Processing file /home/airflow/.local/lib/python3.8/site-packages/airflow/example_dags/example_skip_dag.py for tasks to queue
[2025-05-04T23:15:12.256+0000] {logging_mixin.py:188} INFO - [2025-05-04T23:15:12.256+0000] {dagbag.py:538} INFO - Filling up the DagBag from /home/airflow/.local/lib/python3.8/site-packages/airflow/example_dags/example_skip_dag.py
[2025-05-04T23:15:12.258+0000] {processor.py:840} INFO - DAG(s) 'example_skip_dag' retrieved from /home/airflow/.local/lib/python3.8/site-packages/airflow/example_dags/example_skip_dag.py
[2025-05-04T23:15:12.270+0000] {logging_mixin.py:188} INFO - [2025-05-04T23:15:12.270+0000] {dag.py:3033} INFO - Sync 1 DAGs
[2025-05-04T23:15:12.279+0000] {logging_mixin.py:188} INFO - [2025-05-04T23:15:12.279+0000] {dag.py:3820} INFO - Setting next_dagrun for example_skip_dag to 2025-05-03T00:00:00+00:00, run_after=2025-05-04T00:00:00+00:00
[2025-05-04T23:15:12.287+0000] {processor.py:183} INFO - Processing /home/airflow/.local/lib/python3.8/site-packages/airflow/example_dags/example_skip_dag.py took 0.036 seconds
[2025-05-04T23:15:42.804+0000] {processor.py:161} INFO - Started process (PID=1088) to work on /home/airflow/.local/lib/python3.8/site-packages/airflow/example_dags/example_skip_dag.py
[2025-05-04T23:15:42.805+0000] {processor.py:830} INFO - Processing file /home/airflow/.local/lib/python3.8/site-packages/airflow/example_dags/example_skip_dag.py for tasks to queue
[2025-05-04T23:15:42.805+0000] {logging_mixin.py:188} INFO - [2025-05-04T23:15:42.805+0000] {dagbag.py:538} INFO - Filling up the DagBag from /home/airflow/.local/lib/python3.8/site-packages/airflow/example_dags/example_skip_dag.py
[2025-05-04T23:15:42.808+0000] {processor.py:840} INFO - DAG(s) 'example_skip_dag' retrieved from /home/airflow/.local/lib/python3.8/site-packages/airflow/example_dags/example_skip_dag.py
[2025-05-04T23:15:42.821+0000] {logging_mixin.py:188} INFO - [2025-05-04T23:15:42.820+0000] {dag.py:3033} INFO - Sync 1 DAGs
[2025-05-04T23:15:42.833+0000] {logging_mixin.py:188} INFO - [2025-05-04T23:15:42.833+0000] {dag.py:3820} INFO - Setting next_dagrun for example_skip_dag to 2025-05-03T00:00:00+00:00, run_after=2025-05-04T00:00:00+00:00
[2025-05-04T23:15:42.845+0000] {processor.py:183} INFO - Processing /home/airflow/.local/lib/python3.8/site-packages/airflow/example_dags/example_skip_dag.py took 0.042 seconds
[2025-05-04T23:18:32.112+0000] {processor.py:161} INFO - Started process (PID=75) to work on /home/airflow/.local/lib/python3.8/site-packages/airflow/example_dags/example_skip_dag.py
[2025-05-04T23:18:32.114+0000] {processor.py:830} INFO - Processing file /home/airflow/.local/lib/python3.8/site-packages/airflow/example_dags/example_skip_dag.py for tasks to queue
[2025-05-04T23:18:32.115+0000] {logging_mixin.py:188} INFO - [2025-05-04T23:18:32.115+0000] {dagbag.py:538} INFO - Filling up the DagBag from /home/airflow/.local/lib/python3.8/site-packages/airflow/example_dags/example_skip_dag.py
[2025-05-04T23:18:32.119+0000] {processor.py:840} INFO - DAG(s) 'example_skip_dag' retrieved from /home/airflow/.local/lib/python3.8/site-packages/airflow/example_dags/example_skip_dag.py
[2025-05-04T23:18:32.131+0000] {logging_mixin.py:188} INFO - [2025-05-04T23:18:32.131+0000] {dag.py:3033} INFO - Sync 1 DAGs
[2025-05-04T23:18:32.148+0000] {logging_mixin.py:188} INFO - [2025-05-04T23:18:32.148+0000] {dag.py:3820} INFO - Setting next_dagrun for example_skip_dag to 2025-05-03T00:00:00+00:00, run_after=2025-05-04T00:00:00+00:00
[2025-05-04T23:18:32.158+0000] {processor.py:183} INFO - Processing /home/airflow/.local/lib/python3.8/site-packages/airflow/example_dags/example_skip_dag.py took 0.051 seconds
[2025-05-04T23:19:02.461+0000] {processor.py:161} INFO - Started process (PID=131) to work on /home/airflow/.local/lib/python3.8/site-packages/airflow/example_dags/example_skip_dag.py
[2025-05-04T23:19:02.463+0000] {processor.py:830} INFO - Processing file /home/airflow/.local/lib/python3.8/site-packages/airflow/example_dags/example_skip_dag.py for tasks to queue
[2025-05-04T23:19:02.465+0000] {logging_mixin.py:188} INFO - [2025-05-04T23:19:02.464+0000] {dagbag.py:538} INFO - Filling up the DagBag from /home/airflow/.local/lib/python3.8/site-packages/airflow/example_dags/example_skip_dag.py
[2025-05-04T23:19:02.468+0000] {processor.py:840} INFO - DAG(s) 'example_skip_dag' retrieved from /home/airflow/.local/lib/python3.8/site-packages/airflow/example_dags/example_skip_dag.py
[2025-05-04T23:19:02.527+0000] {logging_mixin.py:188} INFO - [2025-05-04T23:19:02.527+0000] {dag.py:3033} INFO - Sync 1 DAGs
[2025-05-04T23:19:02.538+0000] {logging_mixin.py:188} INFO - [2025-05-04T23:19:02.538+0000] {dag.py:3820} INFO - Setting next_dagrun for example_skip_dag to 2025-05-03T00:00:00+00:00, run_after=2025-05-04T00:00:00+00:00
[2025-05-04T23:19:02.546+0000] {processor.py:183} INFO - Processing /home/airflow/.local/lib/python3.8/site-packages/airflow/example_dags/example_skip_dag.py took 0.087 seconds
[2025-05-04T23:19:33.525+0000] {processor.py:161} INFO - Started process (PID=187) to work on /home/airflow/.local/lib/python3.8/site-packages/airflow/example_dags/example_skip_dag.py
[2025-05-04T23:19:33.527+0000] {processor.py:830} INFO - Processing file /home/airflow/.local/lib/python3.8/site-packages/airflow/example_dags/example_skip_dag.py for tasks to queue
[2025-05-04T23:19:33.529+0000] {logging_mixin.py:188} INFO - [2025-05-04T23:19:33.529+0000] {dagbag.py:538} INFO - Filling up the DagBag from /home/airflow/.local/lib/python3.8/site-packages/airflow/example_dags/example_skip_dag.py
[2025-05-04T23:19:33.533+0000] {processor.py:840} INFO - DAG(s) 'example_skip_dag' retrieved from /home/airflow/.local/lib/python3.8/site-packages/airflow/example_dags/example_skip_dag.py
[2025-05-04T23:19:33.550+0000] {logging_mixin.py:188} INFO - [2025-05-04T23:19:33.550+0000] {dag.py:3033} INFO - Sync 1 DAGs
[2025-05-04T23:19:33.563+0000] {logging_mixin.py:188} INFO - [2025-05-04T23:19:33.562+0000] {dag.py:3820} INFO - Setting next_dagrun for example_skip_dag to 2025-05-03T00:00:00+00:00, run_after=2025-05-04T00:00:00+00:00
[2025-05-04T23:19:33.575+0000] {processor.py:183} INFO - Processing /home/airflow/.local/lib/python3.8/site-packages/airflow/example_dags/example_skip_dag.py took 0.052 seconds
[2025-05-04T23:20:04.206+0000] {processor.py:161} INFO - Started process (PID=243) to work on /home/airflow/.local/lib/python3.8/site-packages/airflow/example_dags/example_skip_dag.py
[2025-05-04T23:20:04.207+0000] {processor.py:830} INFO - Processing file /home/airflow/.local/lib/python3.8/site-packages/airflow/example_dags/example_skip_dag.py for tasks to queue
[2025-05-04T23:20:04.209+0000] {logging_mixin.py:188} INFO - [2025-05-04T23:20:04.209+0000] {dagbag.py:538} INFO - Filling up the DagBag from /home/airflow/.local/lib/python3.8/site-packages/airflow/example_dags/example_skip_dag.py
[2025-05-04T23:20:04.215+0000] {processor.py:840} INFO - DAG(s) 'example_skip_dag' retrieved from /home/airflow/.local/lib/python3.8/site-packages/airflow/example_dags/example_skip_dag.py
[2025-05-04T23:20:04.234+0000] {logging_mixin.py:188} INFO - [2025-05-04T23:20:04.234+0000] {dag.py:3033} INFO - Sync 1 DAGs
[2025-05-04T23:20:04.248+0000] {logging_mixin.py:188} INFO - [2025-05-04T23:20:04.248+0000] {dag.py:3820} INFO - Setting next_dagrun for example_skip_dag to 2025-05-03T00:00:00+00:00, run_after=2025-05-04T00:00:00+00:00
[2025-05-04T23:20:04.261+0000] {processor.py:183} INFO - Processing /home/airflow/.local/lib/python3.8/site-packages/airflow/example_dags/example_skip_dag.py took 0.059 seconds
[2025-05-04T23:20:35.063+0000] {processor.py:161} INFO - Started process (PID=298) to work on /home/airflow/.local/lib/python3.8/site-packages/airflow/example_dags/example_skip_dag.py
[2025-05-04T23:20:35.065+0000] {processor.py:830} INFO - Processing file /home/airflow/.local/lib/python3.8/site-packages/airflow/example_dags/example_skip_dag.py for tasks to queue
[2025-05-04T23:20:35.067+0000] {logging_mixin.py:188} INFO - [2025-05-04T23:20:35.067+0000] {dagbag.py:538} INFO - Filling up the DagBag from /home/airflow/.local/lib/python3.8/site-packages/airflow/example_dags/example_skip_dag.py
[2025-05-04T23:20:35.074+0000] {processor.py:840} INFO - DAG(s) 'example_skip_dag' retrieved from /home/airflow/.local/lib/python3.8/site-packages/airflow/example_dags/example_skip_dag.py
[2025-05-04T23:20:35.096+0000] {logging_mixin.py:188} INFO - [2025-05-04T23:20:35.096+0000] {dag.py:3033} INFO - Sync 1 DAGs
[2025-05-04T23:20:35.108+0000] {logging_mixin.py:188} INFO - [2025-05-04T23:20:35.108+0000] {dag.py:3820} INFO - Setting next_dagrun for example_skip_dag to 2025-05-03T00:00:00+00:00, run_after=2025-05-04T00:00:00+00:00
[2025-05-04T23:20:35.119+0000] {processor.py:183} INFO - Processing /home/airflow/.local/lib/python3.8/site-packages/airflow/example_dags/example_skip_dag.py took 0.059 seconds
[2025-05-04T23:21:05.229+0000] {processor.py:161} INFO - Started process (PID=354) to work on /home/airflow/.local/lib/python3.8/site-packages/airflow/example_dags/example_skip_dag.py
[2025-05-04T23:21:05.230+0000] {processor.py:830} INFO - Processing file /home/airflow/.local/lib/python3.8/site-packages/airflow/example_dags/example_skip_dag.py for tasks to queue
[2025-05-04T23:21:05.233+0000] {logging_mixin.py:188} INFO - [2025-05-04T23:21:05.233+0000] {dagbag.py:538} INFO - Filling up the DagBag from /home/airflow/.local/lib/python3.8/site-packages/airflow/example_dags/example_skip_dag.py
[2025-05-04T23:21:05.240+0000] {processor.py:840} INFO - DAG(s) 'example_skip_dag' retrieved from /home/airflow/.local/lib/python3.8/site-packages/airflow/example_dags/example_skip_dag.py
[2025-05-04T23:21:05.261+0000] {logging_mixin.py:188} INFO - [2025-05-04T23:21:05.261+0000] {dag.py:3033} INFO - Sync 1 DAGs
[2025-05-04T23:21:05.274+0000] {logging_mixin.py:188} INFO - [2025-05-04T23:21:05.274+0000] {dag.py:3820} INFO - Setting next_dagrun for example_skip_dag to 2025-05-03T00:00:00+00:00, run_after=2025-05-04T00:00:00+00:00
[2025-05-04T23:21:05.287+0000] {processor.py:183} INFO - Processing /home/airflow/.local/lib/python3.8/site-packages/airflow/example_dags/example_skip_dag.py took 0.064 seconds
[2025-05-04T23:21:35.856+0000] {processor.py:161} INFO - Started process (PID=410) to work on /home/airflow/.local/lib/python3.8/site-packages/airflow/example_dags/example_skip_dag.py
[2025-05-04T23:21:35.857+0000] {processor.py:830} INFO - Processing file /home/airflow/.local/lib/python3.8/site-packages/airflow/example_dags/example_skip_dag.py for tasks to queue
[2025-05-04T23:21:35.864+0000] {logging_mixin.py:188} INFO - [2025-05-04T23:21:35.863+0000] {dagbag.py:538} INFO - Filling up the DagBag from /home/airflow/.local/lib/python3.8/site-packages/airflow/example_dags/example_skip_dag.py
[2025-05-04T23:21:35.870+0000] {processor.py:840} INFO - DAG(s) 'example_skip_dag' retrieved from /home/airflow/.local/lib/python3.8/site-packages/airflow/example_dags/example_skip_dag.py
[2025-05-04T23:21:35.886+0000] {logging_mixin.py:188} INFO - [2025-05-04T23:21:35.886+0000] {dag.py:3033} INFO - Sync 1 DAGs
[2025-05-04T23:21:35.898+0000] {logging_mixin.py:188} INFO - [2025-05-04T23:21:35.897+0000] {dag.py:3820} INFO - Setting next_dagrun for example_skip_dag to 2025-05-03T00:00:00+00:00, run_after=2025-05-04T00:00:00+00:00
[2025-05-04T23:21:35.910+0000] {processor.py:183} INFO - Processing /home/airflow/.local/lib/python3.8/site-packages/airflow/example_dags/example_skip_dag.py took 0.058 seconds
[2025-05-04T23:22:06.540+0000] {processor.py:161} INFO - Started process (PID=466) to work on /home/airflow/.local/lib/python3.8/site-packages/airflow/example_dags/example_skip_dag.py
[2025-05-04T23:22:06.542+0000] {processor.py:830} INFO - Processing file /home/airflow/.local/lib/python3.8/site-packages/airflow/example_dags/example_skip_dag.py for tasks to queue
[2025-05-04T23:22:06.544+0000] {logging_mixin.py:188} INFO - [2025-05-04T23:22:06.544+0000] {dagbag.py:538} INFO - Filling up the DagBag from /home/airflow/.local/lib/python3.8/site-packages/airflow/example_dags/example_skip_dag.py
[2025-05-04T23:22:06.550+0000] {processor.py:840} INFO - DAG(s) 'example_skip_dag' retrieved from /home/airflow/.local/lib/python3.8/site-packages/airflow/example_dags/example_skip_dag.py
[2025-05-04T23:22:06.567+0000] {logging_mixin.py:188} INFO - [2025-05-04T23:22:06.567+0000] {dag.py:3033} INFO - Sync 1 DAGs
[2025-05-04T23:22:06.581+0000] {logging_mixin.py:188} INFO - [2025-05-04T23:22:06.580+0000] {dag.py:3820} INFO - Setting next_dagrun for example_skip_dag to 2025-05-03T00:00:00+00:00, run_after=2025-05-04T00:00:00+00:00
[2025-05-04T23:22:06.592+0000] {processor.py:183} INFO - Processing /home/airflow/.local/lib/python3.8/site-packages/airflow/example_dags/example_skip_dag.py took 0.056 seconds
[2025-05-04T23:22:37.089+0000] {processor.py:161} INFO - Started process (PID=522) to work on /home/airflow/.local/lib/python3.8/site-packages/airflow/example_dags/example_skip_dag.py
[2025-05-04T23:22:37.090+0000] {processor.py:830} INFO - Processing file /home/airflow/.local/lib/python3.8/site-packages/airflow/example_dags/example_skip_dag.py for tasks to queue
[2025-05-04T23:22:37.092+0000] {logging_mixin.py:188} INFO - [2025-05-04T23:22:37.092+0000] {dagbag.py:538} INFO - Filling up the DagBag from /home/airflow/.local/lib/python3.8/site-packages/airflow/example_dags/example_skip_dag.py
[2025-05-04T23:22:37.097+0000] {processor.py:840} INFO - DAG(s) 'example_skip_dag' retrieved from /home/airflow/.local/lib/python3.8/site-packages/airflow/example_dags/example_skip_dag.py
[2025-05-04T23:22:37.113+0000] {logging_mixin.py:188} INFO - [2025-05-04T23:22:37.113+0000] {dag.py:3033} INFO - Sync 1 DAGs
[2025-05-04T23:22:37.126+0000] {logging_mixin.py:188} INFO - [2025-05-04T23:22:37.125+0000] {dag.py:3820} INFO - Setting next_dagrun for example_skip_dag to 2025-05-03T00:00:00+00:00, run_after=2025-05-04T00:00:00+00:00
[2025-05-04T23:22:37.135+0000] {processor.py:183} INFO - Processing /home/airflow/.local/lib/python3.8/site-packages/airflow/example_dags/example_skip_dag.py took 0.050 seconds
[2025-05-04T23:23:07.697+0000] {processor.py:161} INFO - Started process (PID=578) to work on /home/airflow/.local/lib/python3.8/site-packages/airflow/example_dags/example_skip_dag.py
[2025-05-04T23:23:07.700+0000] {processor.py:830} INFO - Processing file /home/airflow/.local/lib/python3.8/site-packages/airflow/example_dags/example_skip_dag.py for tasks to queue
[2025-05-04T23:23:07.704+0000] {logging_mixin.py:188} INFO - [2025-05-04T23:23:07.704+0000] {dagbag.py:538} INFO - Filling up the DagBag from /home/airflow/.local/lib/python3.8/site-packages/airflow/example_dags/example_skip_dag.py
[2025-05-04T23:23:07.712+0000] {processor.py:840} INFO - DAG(s) 'example_skip_dag' retrieved from /home/airflow/.local/lib/python3.8/site-packages/airflow/example_dags/example_skip_dag.py
[2025-05-04T23:23:07.727+0000] {logging_mixin.py:188} INFO - [2025-05-04T23:23:07.727+0000] {dag.py:3033} INFO - Sync 1 DAGs
[2025-05-04T23:23:07.737+0000] {logging_mixin.py:188} INFO - [2025-05-04T23:23:07.737+0000] {dag.py:3820} INFO - Setting next_dagrun for example_skip_dag to 2025-05-03T00:00:00+00:00, run_after=2025-05-04T00:00:00+00:00
[2025-05-04T23:23:07.748+0000] {processor.py:183} INFO - Processing /home/airflow/.local/lib/python3.8/site-packages/airflow/example_dags/example_skip_dag.py took 0.057 seconds
[2025-05-04T23:24:31.344+0000] {processor.py:161} INFO - Started process (PID=75) to work on /home/airflow/.local/lib/python3.8/site-packages/airflow/example_dags/example_skip_dag.py
[2025-05-04T23:24:31.346+0000] {processor.py:830} INFO - Processing file /home/airflow/.local/lib/python3.8/site-packages/airflow/example_dags/example_skip_dag.py for tasks to queue
[2025-05-04T23:24:31.347+0000] {logging_mixin.py:188} INFO - [2025-05-04T23:24:31.347+0000] {dagbag.py:538} INFO - Filling up the DagBag from /home/airflow/.local/lib/python3.8/site-packages/airflow/example_dags/example_skip_dag.py
[2025-05-04T23:24:31.351+0000] {processor.py:840} INFO - DAG(s) 'example_skip_dag' retrieved from /home/airflow/.local/lib/python3.8/site-packages/airflow/example_dags/example_skip_dag.py
[2025-05-04T23:24:31.356+0000] {logging_mixin.py:188} INFO - [2025-05-04T23:24:31.356+0000] {dag.py:3033} INFO - Sync 1 DAGs
[2025-05-04T23:24:31.372+0000] {logging_mixin.py:188} INFO - [2025-05-04T23:24:31.372+0000] {dag.py:3820} INFO - Setting next_dagrun for example_skip_dag to 2025-05-03T00:00:00+00:00, run_after=2025-05-04T00:00:00+00:00
[2025-05-04T23:24:31.387+0000] {processor.py:183} INFO - Processing /home/airflow/.local/lib/python3.8/site-packages/airflow/example_dags/example_skip_dag.py took 0.045 seconds
[2025-05-04T23:25:01.973+0000] {processor.py:161} INFO - Started process (PID=131) to work on /home/airflow/.local/lib/python3.8/site-packages/airflow/example_dags/example_skip_dag.py
[2025-05-04T23:25:01.976+0000] {processor.py:830} INFO - Processing file /home/airflow/.local/lib/python3.8/site-packages/airflow/example_dags/example_skip_dag.py for tasks to queue
[2025-05-04T23:25:01.977+0000] {logging_mixin.py:188} INFO - [2025-05-04T23:25:01.977+0000] {dagbag.py:538} INFO - Filling up the DagBag from /home/airflow/.local/lib/python3.8/site-packages/airflow/example_dags/example_skip_dag.py
[2025-05-04T23:25:01.980+0000] {processor.py:840} INFO - DAG(s) 'example_skip_dag' retrieved from /home/airflow/.local/lib/python3.8/site-packages/airflow/example_dags/example_skip_dag.py
[2025-05-04T23:25:02.029+0000] {logging_mixin.py:188} INFO - [2025-05-04T23:25:02.029+0000] {dag.py:3033} INFO - Sync 1 DAGs
[2025-05-04T23:25:02.039+0000] {logging_mixin.py:188} INFO - [2025-05-04T23:25:02.039+0000] {dag.py:3820} INFO - Setting next_dagrun for example_skip_dag to 2025-05-03T00:00:00+00:00, run_after=2025-05-04T00:00:00+00:00
[2025-05-04T23:25:02.052+0000] {processor.py:183} INFO - Processing /home/airflow/.local/lib/python3.8/site-packages/airflow/example_dags/example_skip_dag.py took 0.081 seconds
[2025-05-04T23:25:32.824+0000] {processor.py:161} INFO - Started process (PID=186) to work on /home/airflow/.local/lib/python3.8/site-packages/airflow/example_dags/example_skip_dag.py
[2025-05-04T23:25:32.825+0000] {processor.py:830} INFO - Processing file /home/airflow/.local/lib/python3.8/site-packages/airflow/example_dags/example_skip_dag.py for tasks to queue
[2025-05-04T23:25:32.826+0000] {logging_mixin.py:188} INFO - [2025-05-04T23:25:32.826+0000] {dagbag.py:538} INFO - Filling up the DagBag from /home/airflow/.local/lib/python3.8/site-packages/airflow/example_dags/example_skip_dag.py
[2025-05-04T23:25:32.830+0000] {processor.py:840} INFO - DAG(s) 'example_skip_dag' retrieved from /home/airflow/.local/lib/python3.8/site-packages/airflow/example_dags/example_skip_dag.py
[2025-05-04T23:25:32.845+0000] {logging_mixin.py:188} INFO - [2025-05-04T23:25:32.845+0000] {dag.py:3033} INFO - Sync 1 DAGs
[2025-05-04T23:25:32.854+0000] {logging_mixin.py:188} INFO - [2025-05-04T23:25:32.854+0000] {dag.py:3820} INFO - Setting next_dagrun for example_skip_dag to 2025-05-03T00:00:00+00:00, run_after=2025-05-04T00:00:00+00:00
[2025-05-04T23:25:32.866+0000] {processor.py:183} INFO - Processing /home/airflow/.local/lib/python3.8/site-packages/airflow/example_dags/example_skip_dag.py took 0.043 seconds
[2025-05-04T23:26:03.668+0000] {processor.py:161} INFO - Started process (PID=242) to work on /home/airflow/.local/lib/python3.8/site-packages/airflow/example_dags/example_skip_dag.py
[2025-05-04T23:26:03.669+0000] {processor.py:830} INFO - Processing file /home/airflow/.local/lib/python3.8/site-packages/airflow/example_dags/example_skip_dag.py for tasks to queue
[2025-05-04T23:26:03.671+0000] {logging_mixin.py:188} INFO - [2025-05-04T23:26:03.671+0000] {dagbag.py:538} INFO - Filling up the DagBag from /home/airflow/.local/lib/python3.8/site-packages/airflow/example_dags/example_skip_dag.py
[2025-05-04T23:26:03.674+0000] {processor.py:840} INFO - DAG(s) 'example_skip_dag' retrieved from /home/airflow/.local/lib/python3.8/site-packages/airflow/example_dags/example_skip_dag.py
[2025-05-04T23:26:03.689+0000] {logging_mixin.py:188} INFO - [2025-05-04T23:26:03.689+0000] {dag.py:3033} INFO - Sync 1 DAGs
[2025-05-04T23:26:03.698+0000] {logging_mixin.py:188} INFO - [2025-05-04T23:26:03.698+0000] {dag.py:3820} INFO - Setting next_dagrun for example_skip_dag to 2025-05-03T00:00:00+00:00, run_after=2025-05-04T00:00:00+00:00
[2025-05-04T23:26:03.714+0000] {processor.py:183} INFO - Processing /home/airflow/.local/lib/python3.8/site-packages/airflow/example_dags/example_skip_dag.py took 0.049 seconds
[2025-05-04T23:26:34.429+0000] {processor.py:161} INFO - Started process (PID=298) to work on /home/airflow/.local/lib/python3.8/site-packages/airflow/example_dags/example_skip_dag.py
[2025-05-04T23:26:34.430+0000] {processor.py:830} INFO - Processing file /home/airflow/.local/lib/python3.8/site-packages/airflow/example_dags/example_skip_dag.py for tasks to queue
[2025-05-04T23:26:34.430+0000] {logging_mixin.py:188} INFO - [2025-05-04T23:26:34.430+0000] {dagbag.py:538} INFO - Filling up the DagBag from /home/airflow/.local/lib/python3.8/site-packages/airflow/example_dags/example_skip_dag.py
[2025-05-04T23:26:34.434+0000] {processor.py:840} INFO - DAG(s) 'example_skip_dag' retrieved from /home/airflow/.local/lib/python3.8/site-packages/airflow/example_dags/example_skip_dag.py
[2025-05-04T23:26:34.446+0000] {logging_mixin.py:188} INFO - [2025-05-04T23:26:34.446+0000] {dag.py:3033} INFO - Sync 1 DAGs
[2025-05-04T23:26:34.457+0000] {logging_mixin.py:188} INFO - [2025-05-04T23:26:34.457+0000] {dag.py:3820} INFO - Setting next_dagrun for example_skip_dag to 2025-05-03T00:00:00+00:00, run_after=2025-05-04T00:00:00+00:00
[2025-05-04T23:26:34.470+0000] {processor.py:183} INFO - Processing /home/airflow/.local/lib/python3.8/site-packages/airflow/example_dags/example_skip_dag.py took 0.043 seconds
[2025-05-04T23:27:05.160+0000] {processor.py:161} INFO - Started process (PID=360) to work on /home/airflow/.local/lib/python3.8/site-packages/airflow/example_dags/example_skip_dag.py
[2025-05-04T23:27:05.161+0000] {processor.py:830} INFO - Processing file /home/airflow/.local/lib/python3.8/site-packages/airflow/example_dags/example_skip_dag.py for tasks to queue
[2025-05-04T23:27:05.162+0000] {logging_mixin.py:188} INFO - [2025-05-04T23:27:05.161+0000] {dagbag.py:538} INFO - Filling up the DagBag from /home/airflow/.local/lib/python3.8/site-packages/airflow/example_dags/example_skip_dag.py
[2025-05-04T23:27:05.165+0000] {processor.py:840} INFO - DAG(s) 'example_skip_dag' retrieved from /home/airflow/.local/lib/python3.8/site-packages/airflow/example_dags/example_skip_dag.py
[2025-05-04T23:27:05.174+0000] {logging_mixin.py:188} INFO - [2025-05-04T23:27:05.174+0000] {dag.py:3033} INFO - Sync 1 DAGs
[2025-05-04T23:27:05.184+0000] {logging_mixin.py:188} INFO - [2025-05-04T23:27:05.184+0000] {dag.py:3820} INFO - Setting next_dagrun for example_skip_dag to 2025-05-03T00:00:00+00:00, run_after=2025-05-04T00:00:00+00:00
[2025-05-04T23:27:05.191+0000] {processor.py:183} INFO - Processing /home/airflow/.local/lib/python3.8/site-packages/airflow/example_dags/example_skip_dag.py took 0.033 seconds
[2025-05-04T23:27:35.807+0000] {processor.py:161} INFO - Started process (PID=416) to work on /home/airflow/.local/lib/python3.8/site-packages/airflow/example_dags/example_skip_dag.py
[2025-05-04T23:27:35.809+0000] {processor.py:830} INFO - Processing file /home/airflow/.local/lib/python3.8/site-packages/airflow/example_dags/example_skip_dag.py for tasks to queue
[2025-05-04T23:27:35.810+0000] {logging_mixin.py:188} INFO - [2025-05-04T23:27:35.809+0000] {dagbag.py:538} INFO - Filling up the DagBag from /home/airflow/.local/lib/python3.8/site-packages/airflow/example_dags/example_skip_dag.py
[2025-05-04T23:27:35.813+0000] {processor.py:840} INFO - DAG(s) 'example_skip_dag' retrieved from /home/airflow/.local/lib/python3.8/site-packages/airflow/example_dags/example_skip_dag.py
[2025-05-04T23:27:35.833+0000] {logging_mixin.py:188} INFO - [2025-05-04T23:27:35.833+0000] {dag.py:3033} INFO - Sync 1 DAGs
[2025-05-04T23:27:35.845+0000] {logging_mixin.py:188} INFO - [2025-05-04T23:27:35.845+0000] {dag.py:3820} INFO - Setting next_dagrun for example_skip_dag to 2025-05-03T00:00:00+00:00, run_after=2025-05-04T00:00:00+00:00
[2025-05-04T23:27:35.855+0000] {processor.py:183} INFO - Processing /home/airflow/.local/lib/python3.8/site-packages/airflow/example_dags/example_skip_dag.py took 0.049 seconds
[2025-05-04T23:28:24.669+0000] {processor.py:161} INFO - Started process (PID=75) to work on /home/airflow/.local/lib/python3.8/site-packages/airflow/example_dags/example_skip_dag.py
[2025-05-04T23:28:24.672+0000] {processor.py:830} INFO - Processing file /home/airflow/.local/lib/python3.8/site-packages/airflow/example_dags/example_skip_dag.py for tasks to queue
[2025-05-04T23:28:24.674+0000] {logging_mixin.py:188} INFO - [2025-05-04T23:28:24.674+0000] {dagbag.py:538} INFO - Filling up the DagBag from /home/airflow/.local/lib/python3.8/site-packages/airflow/example_dags/example_skip_dag.py
[2025-05-04T23:28:24.679+0000] {processor.py:840} INFO - DAG(s) 'example_skip_dag' retrieved from /home/airflow/.local/lib/python3.8/site-packages/airflow/example_dags/example_skip_dag.py
[2025-05-04T23:28:24.706+0000] {logging_mixin.py:188} INFO - [2025-05-04T23:28:24.705+0000] {dag.py:3033} INFO - Sync 1 DAGs
[2025-05-04T23:28:24.723+0000] {logging_mixin.py:188} INFO - [2025-05-04T23:28:24.723+0000] {dag.py:3820} INFO - Setting next_dagrun for example_skip_dag to 2025-05-03T00:00:00+00:00, run_after=2025-05-04T00:00:00+00:00
[2025-05-04T23:28:24.743+0000] {processor.py:183} INFO - Processing /home/airflow/.local/lib/python3.8/site-packages/airflow/example_dags/example_skip_dag.py took 0.076 seconds
[2025-05-04T23:28:55.845+0000] {processor.py:161} INFO - Started process (PID=131) to work on /home/airflow/.local/lib/python3.8/site-packages/airflow/example_dags/example_skip_dag.py
[2025-05-04T23:28:55.846+0000] {processor.py:830} INFO - Processing file /home/airflow/.local/lib/python3.8/site-packages/airflow/example_dags/example_skip_dag.py for tasks to queue
[2025-05-04T23:28:55.847+0000] {logging_mixin.py:188} INFO - [2025-05-04T23:28:55.847+0000] {dagbag.py:538} INFO - Filling up the DagBag from /home/airflow/.local/lib/python3.8/site-packages/airflow/example_dags/example_skip_dag.py
[2025-05-04T23:28:55.850+0000] {processor.py:840} INFO - DAG(s) 'example_skip_dag' retrieved from /home/airflow/.local/lib/python3.8/site-packages/airflow/example_dags/example_skip_dag.py
[2025-05-04T23:28:55.897+0000] {logging_mixin.py:188} INFO - [2025-05-04T23:28:55.897+0000] {dag.py:3033} INFO - Sync 1 DAGs
[2025-05-04T23:28:55.909+0000] {logging_mixin.py:188} INFO - [2025-05-04T23:28:55.909+0000] {dag.py:3820} INFO - Setting next_dagrun for example_skip_dag to 2025-05-03T00:00:00+00:00, run_after=2025-05-04T00:00:00+00:00
[2025-05-04T23:28:55.922+0000] {processor.py:183} INFO - Processing /home/airflow/.local/lib/python3.8/site-packages/airflow/example_dags/example_skip_dag.py took 0.080 seconds
[2025-05-04T23:29:26.896+0000] {processor.py:161} INFO - Started process (PID=187) to work on /home/airflow/.local/lib/python3.8/site-packages/airflow/example_dags/example_skip_dag.py
[2025-05-04T23:29:26.899+0000] {processor.py:830} INFO - Processing file /home/airflow/.local/lib/python3.8/site-packages/airflow/example_dags/example_skip_dag.py for tasks to queue
[2025-05-04T23:29:26.900+0000] {logging_mixin.py:188} INFO - [2025-05-04T23:29:26.900+0000] {dagbag.py:538} INFO - Filling up the DagBag from /home/airflow/.local/lib/python3.8/site-packages/airflow/example_dags/example_skip_dag.py
[2025-05-04T23:29:26.904+0000] {processor.py:840} INFO - DAG(s) 'example_skip_dag' retrieved from /home/airflow/.local/lib/python3.8/site-packages/airflow/example_dags/example_skip_dag.py
[2025-05-04T23:29:26.916+0000] {logging_mixin.py:188} INFO - [2025-05-04T23:29:26.916+0000] {dag.py:3033} INFO - Sync 1 DAGs
[2025-05-04T23:29:26.928+0000] {logging_mixin.py:188} INFO - [2025-05-04T23:29:26.927+0000] {dag.py:3820} INFO - Setting next_dagrun for example_skip_dag to 2025-05-03T00:00:00+00:00, run_after=2025-05-04T00:00:00+00:00
[2025-05-04T23:29:26.934+0000] {processor.py:183} INFO - Processing /home/airflow/.local/lib/python3.8/site-packages/airflow/example_dags/example_skip_dag.py took 0.040 seconds
[2025-05-04T23:29:57.607+0000] {processor.py:161} INFO - Started process (PID=249) to work on /home/airflow/.local/lib/python3.8/site-packages/airflow/example_dags/example_skip_dag.py
[2025-05-04T23:29:57.610+0000] {processor.py:830} INFO - Processing file /home/airflow/.local/lib/python3.8/site-packages/airflow/example_dags/example_skip_dag.py for tasks to queue
[2025-05-04T23:29:57.612+0000] {logging_mixin.py:188} INFO - [2025-05-04T23:29:57.612+0000] {dagbag.py:538} INFO - Filling up the DagBag from /home/airflow/.local/lib/python3.8/site-packages/airflow/example_dags/example_skip_dag.py
[2025-05-04T23:29:57.617+0000] {processor.py:840} INFO - DAG(s) 'example_skip_dag' retrieved from /home/airflow/.local/lib/python3.8/site-packages/airflow/example_dags/example_skip_dag.py
[2025-05-04T23:29:57.631+0000] {logging_mixin.py:188} INFO - [2025-05-04T23:29:57.631+0000] {dag.py:3033} INFO - Sync 1 DAGs
[2025-05-04T23:29:57.642+0000] {logging_mixin.py:188} INFO - [2025-05-04T23:29:57.641+0000] {dag.py:3820} INFO - Setting next_dagrun for example_skip_dag to 2025-05-03T00:00:00+00:00, run_after=2025-05-04T00:00:00+00:00
[2025-05-04T23:29:57.649+0000] {processor.py:183} INFO - Processing /home/airflow/.local/lib/python3.8/site-packages/airflow/example_dags/example_skip_dag.py took 0.045 seconds
[2025-05-04T23:30:28.370+0000] {processor.py:161} INFO - Started process (PID=305) to work on /home/airflow/.local/lib/python3.8/site-packages/airflow/example_dags/example_skip_dag.py
[2025-05-04T23:30:28.373+0000] {processor.py:830} INFO - Processing file /home/airflow/.local/lib/python3.8/site-packages/airflow/example_dags/example_skip_dag.py for tasks to queue
[2025-05-04T23:30:28.376+0000] {logging_mixin.py:188} INFO - [2025-05-04T23:30:28.375+0000] {dagbag.py:538} INFO - Filling up the DagBag from /home/airflow/.local/lib/python3.8/site-packages/airflow/example_dags/example_skip_dag.py
[2025-05-04T23:30:28.380+0000] {processor.py:840} INFO - DAG(s) 'example_skip_dag' retrieved from /home/airflow/.local/lib/python3.8/site-packages/airflow/example_dags/example_skip_dag.py
[2025-05-04T23:30:28.393+0000] {logging_mixin.py:188} INFO - [2025-05-04T23:30:28.393+0000] {dag.py:3033} INFO - Sync 1 DAGs
[2025-05-04T23:30:28.404+0000] {logging_mixin.py:188} INFO - [2025-05-04T23:30:28.404+0000] {dag.py:3820} INFO - Setting next_dagrun for example_skip_dag to 2025-05-03T00:00:00+00:00, run_after=2025-05-04T00:00:00+00:00
[2025-05-04T23:30:28.417+0000] {processor.py:183} INFO - Processing /home/airflow/.local/lib/python3.8/site-packages/airflow/example_dags/example_skip_dag.py took 0.049 seconds
[2025-05-04T23:30:58.914+0000] {processor.py:161} INFO - Started process (PID=360) to work on /home/airflow/.local/lib/python3.8/site-packages/airflow/example_dags/example_skip_dag.py
[2025-05-04T23:30:58.915+0000] {processor.py:830} INFO - Processing file /home/airflow/.local/lib/python3.8/site-packages/airflow/example_dags/example_skip_dag.py for tasks to queue
[2025-05-04T23:30:58.916+0000] {logging_mixin.py:188} INFO - [2025-05-04T23:30:58.916+0000] {dagbag.py:538} INFO - Filling up the DagBag from /home/airflow/.local/lib/python3.8/site-packages/airflow/example_dags/example_skip_dag.py
[2025-05-04T23:30:58.920+0000] {processor.py:840} INFO - DAG(s) 'example_skip_dag' retrieved from /home/airflow/.local/lib/python3.8/site-packages/airflow/example_dags/example_skip_dag.py
[2025-05-04T23:30:58.933+0000] {logging_mixin.py:188} INFO - [2025-05-04T23:30:58.932+0000] {dag.py:3033} INFO - Sync 1 DAGs
[2025-05-04T23:30:58.944+0000] {logging_mixin.py:188} INFO - [2025-05-04T23:30:58.944+0000] {dag.py:3820} INFO - Setting next_dagrun for example_skip_dag to 2025-05-03T00:00:00+00:00, run_after=2025-05-04T00:00:00+00:00
[2025-05-04T23:30:58.954+0000] {processor.py:183} INFO - Processing /home/airflow/.local/lib/python3.8/site-packages/airflow/example_dags/example_skip_dag.py took 0.042 seconds
[2025-05-04T23:31:29.633+0000] {processor.py:161} INFO - Started process (PID=416) to work on /home/airflow/.local/lib/python3.8/site-packages/airflow/example_dags/example_skip_dag.py
[2025-05-04T23:31:29.635+0000] {processor.py:830} INFO - Processing file /home/airflow/.local/lib/python3.8/site-packages/airflow/example_dags/example_skip_dag.py for tasks to queue
[2025-05-04T23:31:29.636+0000] {logging_mixin.py:188} INFO - [2025-05-04T23:31:29.636+0000] {dagbag.py:538} INFO - Filling up the DagBag from /home/airflow/.local/lib/python3.8/site-packages/airflow/example_dags/example_skip_dag.py
[2025-05-04T23:31:29.641+0000] {processor.py:840} INFO - DAG(s) 'example_skip_dag' retrieved from /home/airflow/.local/lib/python3.8/site-packages/airflow/example_dags/example_skip_dag.py
[2025-05-04T23:31:29.653+0000] {logging_mixin.py:188} INFO - [2025-05-04T23:31:29.653+0000] {dag.py:3033} INFO - Sync 1 DAGs
[2025-05-04T23:31:29.666+0000] {logging_mixin.py:188} INFO - [2025-05-04T23:31:29.666+0000] {dag.py:3820} INFO - Setting next_dagrun for example_skip_dag to 2025-05-03T00:00:00+00:00, run_after=2025-05-04T00:00:00+00:00
[2025-05-04T23:31:29.676+0000] {processor.py:183} INFO - Processing /home/airflow/.local/lib/python3.8/site-packages/airflow/example_dags/example_skip_dag.py took 0.046 seconds
[2025-05-04T23:32:00.342+0000] {processor.py:161} INFO - Started process (PID=472) to work on /home/airflow/.local/lib/python3.8/site-packages/airflow/example_dags/example_skip_dag.py
[2025-05-04T23:32:00.344+0000] {processor.py:830} INFO - Processing file /home/airflow/.local/lib/python3.8/site-packages/airflow/example_dags/example_skip_dag.py for tasks to queue
[2025-05-04T23:32:00.346+0000] {logging_mixin.py:188} INFO - [2025-05-04T23:32:00.346+0000] {dagbag.py:538} INFO - Filling up the DagBag from /home/airflow/.local/lib/python3.8/site-packages/airflow/example_dags/example_skip_dag.py
[2025-05-04T23:32:00.349+0000] {processor.py:840} INFO - DAG(s) 'example_skip_dag' retrieved from /home/airflow/.local/lib/python3.8/site-packages/airflow/example_dags/example_skip_dag.py
[2025-05-04T23:32:00.360+0000] {logging_mixin.py:188} INFO - [2025-05-04T23:32:00.360+0000] {dag.py:3033} INFO - Sync 1 DAGs
[2025-05-04T23:32:00.371+0000] {logging_mixin.py:188} INFO - [2025-05-04T23:32:00.370+0000] {dag.py:3820} INFO - Setting next_dagrun for example_skip_dag to 2025-05-03T00:00:00+00:00, run_after=2025-05-04T00:00:00+00:00
[2025-05-04T23:32:00.378+0000] {processor.py:183} INFO - Processing /home/airflow/.local/lib/python3.8/site-packages/airflow/example_dags/example_skip_dag.py took 0.037 seconds
[2025-05-04T23:32:31.035+0000] {processor.py:161} INFO - Started process (PID=528) to work on /home/airflow/.local/lib/python3.8/site-packages/airflow/example_dags/example_skip_dag.py
[2025-05-04T23:32:31.036+0000] {processor.py:830} INFO - Processing file /home/airflow/.local/lib/python3.8/site-packages/airflow/example_dags/example_skip_dag.py for tasks to queue
[2025-05-04T23:32:31.037+0000] {logging_mixin.py:188} INFO - [2025-05-04T23:32:31.037+0000] {dagbag.py:538} INFO - Filling up the DagBag from /home/airflow/.local/lib/python3.8/site-packages/airflow/example_dags/example_skip_dag.py
[2025-05-04T23:32:31.041+0000] {processor.py:840} INFO - DAG(s) 'example_skip_dag' retrieved from /home/airflow/.local/lib/python3.8/site-packages/airflow/example_dags/example_skip_dag.py
[2025-05-04T23:32:31.056+0000] {logging_mixin.py:188} INFO - [2025-05-04T23:32:31.056+0000] {dag.py:3033} INFO - Sync 1 DAGs
[2025-05-04T23:32:31.066+0000] {logging_mixin.py:188} INFO - [2025-05-04T23:32:31.066+0000] {dag.py:3820} INFO - Setting next_dagrun for example_skip_dag to 2025-05-03T00:00:00+00:00, run_after=2025-05-04T00:00:00+00:00
[2025-05-04T23:32:31.077+0000] {processor.py:183} INFO - Processing /home/airflow/.local/lib/python3.8/site-packages/airflow/example_dags/example_skip_dag.py took 0.044 seconds
[2025-05-04T23:47:23.115+0000] {processor.py:161} INFO - Started process (PID=75) to work on /home/airflow/.local/lib/python3.8/site-packages/airflow/example_dags/example_skip_dag.py
[2025-05-04T23:47:23.116+0000] {processor.py:830} INFO - Processing file /home/airflow/.local/lib/python3.8/site-packages/airflow/example_dags/example_skip_dag.py for tasks to queue
[2025-05-04T23:47:23.117+0000] {logging_mixin.py:188} INFO - [2025-05-04T23:47:23.117+0000] {dagbag.py:538} INFO - Filling up the DagBag from /home/airflow/.local/lib/python3.8/site-packages/airflow/example_dags/example_skip_dag.py
[2025-05-04T23:47:23.121+0000] {processor.py:840} INFO - DAG(s) 'example_skip_dag' retrieved from /home/airflow/.local/lib/python3.8/site-packages/airflow/example_dags/example_skip_dag.py
[2025-05-04T23:47:23.130+0000] {logging_mixin.py:188} INFO - [2025-05-04T23:47:23.130+0000] {dag.py:3033} INFO - Sync 1 DAGs
[2025-05-04T23:47:23.145+0000] {logging_mixin.py:188} INFO - [2025-05-04T23:47:23.145+0000] {dag.py:3820} INFO - Setting next_dagrun for example_skip_dag to 2025-05-03T00:00:00+00:00, run_after=2025-05-04T00:00:00+00:00
[2025-05-04T23:47:23.171+0000] {processor.py:183} INFO - Processing /home/airflow/.local/lib/python3.8/site-packages/airflow/example_dags/example_skip_dag.py took 0.059 seconds
[2025-05-04T23:47:53.252+0000] {processor.py:161} INFO - Started process (PID=131) to work on /home/airflow/.local/lib/python3.8/site-packages/airflow/example_dags/example_skip_dag.py
[2025-05-04T23:47:53.255+0000] {processor.py:830} INFO - Processing file /home/airflow/.local/lib/python3.8/site-packages/airflow/example_dags/example_skip_dag.py for tasks to queue
[2025-05-04T23:47:53.256+0000] {logging_mixin.py:188} INFO - [2025-05-04T23:47:53.256+0000] {dagbag.py:538} INFO - Filling up the DagBag from /home/airflow/.local/lib/python3.8/site-packages/airflow/example_dags/example_skip_dag.py
[2025-05-04T23:47:53.259+0000] {processor.py:840} INFO - DAG(s) 'example_skip_dag' retrieved from /home/airflow/.local/lib/python3.8/site-packages/airflow/example_dags/example_skip_dag.py
[2025-05-04T23:47:53.299+0000] {logging_mixin.py:188} INFO - [2025-05-04T23:47:53.299+0000] {dag.py:3033} INFO - Sync 1 DAGs
[2025-05-04T23:47:53.308+0000] {logging_mixin.py:188} INFO - [2025-05-04T23:47:53.308+0000] {dag.py:3820} INFO - Setting next_dagrun for example_skip_dag to 2025-05-03T00:00:00+00:00, run_after=2025-05-04T00:00:00+00:00
[2025-05-04T23:47:53.321+0000] {processor.py:183} INFO - Processing /home/airflow/.local/lib/python3.8/site-packages/airflow/example_dags/example_skip_dag.py took 0.070 seconds
[2025-05-04T23:48:24.193+0000] {processor.py:161} INFO - Started process (PID=187) to work on /home/airflow/.local/lib/python3.8/site-packages/airflow/example_dags/example_skip_dag.py
[2025-05-04T23:48:24.194+0000] {processor.py:830} INFO - Processing file /home/airflow/.local/lib/python3.8/site-packages/airflow/example_dags/example_skip_dag.py for tasks to queue
[2025-05-04T23:48:24.196+0000] {logging_mixin.py:188} INFO - [2025-05-04T23:48:24.196+0000] {dagbag.py:538} INFO - Filling up the DagBag from /home/airflow/.local/lib/python3.8/site-packages/airflow/example_dags/example_skip_dag.py
[2025-05-04T23:48:24.200+0000] {processor.py:840} INFO - DAG(s) 'example_skip_dag' retrieved from /home/airflow/.local/lib/python3.8/site-packages/airflow/example_dags/example_skip_dag.py
[2025-05-04T23:48:24.215+0000] {logging_mixin.py:188} INFO - [2025-05-04T23:48:24.215+0000] {dag.py:3033} INFO - Sync 1 DAGs
[2025-05-04T23:48:24.232+0000] {logging_mixin.py:188} INFO - [2025-05-04T23:48:24.231+0000] {dag.py:3820} INFO - Setting next_dagrun for example_skip_dag to 2025-05-03T00:00:00+00:00, run_after=2025-05-04T00:00:00+00:00
[2025-05-04T23:48:24.242+0000] {processor.py:183} INFO - Processing /home/airflow/.local/lib/python3.8/site-packages/airflow/example_dags/example_skip_dag.py took 0.051 seconds
[2025-05-04T23:48:54.824+0000] {processor.py:161} INFO - Started process (PID=243) to work on /home/airflow/.local/lib/python3.8/site-packages/airflow/example_dags/example_skip_dag.py
[2025-05-04T23:48:54.826+0000] {processor.py:830} INFO - Processing file /home/airflow/.local/lib/python3.8/site-packages/airflow/example_dags/example_skip_dag.py for tasks to queue
[2025-05-04T23:48:54.828+0000] {logging_mixin.py:188} INFO - [2025-05-04T23:48:54.828+0000] {dagbag.py:538} INFO - Filling up the DagBag from /home/airflow/.local/lib/python3.8/site-packages/airflow/example_dags/example_skip_dag.py
[2025-05-04T23:48:54.832+0000] {processor.py:840} INFO - DAG(s) 'example_skip_dag' retrieved from /home/airflow/.local/lib/python3.8/site-packages/airflow/example_dags/example_skip_dag.py
[2025-05-04T23:48:54.845+0000] {logging_mixin.py:188} INFO - [2025-05-04T23:48:54.844+0000] {dag.py:3033} INFO - Sync 1 DAGs
[2025-05-04T23:48:54.855+0000] {logging_mixin.py:188} INFO - [2025-05-04T23:48:54.855+0000] {dag.py:3820} INFO - Setting next_dagrun for example_skip_dag to 2025-05-03T00:00:00+00:00, run_after=2025-05-04T00:00:00+00:00
[2025-05-04T23:48:54.864+0000] {processor.py:183} INFO - Processing /home/airflow/.local/lib/python3.8/site-packages/airflow/example_dags/example_skip_dag.py took 0.042 seconds
[2025-05-04T23:49:25.572+0000] {processor.py:161} INFO - Started process (PID=299) to work on /home/airflow/.local/lib/python3.8/site-packages/airflow/example_dags/example_skip_dag.py
[2025-05-04T23:49:25.573+0000] {processor.py:830} INFO - Processing file /home/airflow/.local/lib/python3.8/site-packages/airflow/example_dags/example_skip_dag.py for tasks to queue
[2025-05-04T23:49:25.576+0000] {logging_mixin.py:188} INFO - [2025-05-04T23:49:25.576+0000] {dagbag.py:538} INFO - Filling up the DagBag from /home/airflow/.local/lib/python3.8/site-packages/airflow/example_dags/example_skip_dag.py
[2025-05-04T23:49:25.583+0000] {processor.py:840} INFO - DAG(s) 'example_skip_dag' retrieved from /home/airflow/.local/lib/python3.8/site-packages/airflow/example_dags/example_skip_dag.py
[2025-05-04T23:49:25.595+0000] {logging_mixin.py:188} INFO - [2025-05-04T23:49:25.595+0000] {dag.py:3033} INFO - Sync 1 DAGs
[2025-05-04T23:49:25.605+0000] {logging_mixin.py:188} INFO - [2025-05-04T23:49:25.605+0000] {dag.py:3820} INFO - Setting next_dagrun for example_skip_dag to 2025-05-03T00:00:00+00:00, run_after=2025-05-04T00:00:00+00:00
[2025-05-04T23:49:25.616+0000] {processor.py:183} INFO - Processing /home/airflow/.local/lib/python3.8/site-packages/airflow/example_dags/example_skip_dag.py took 0.046 seconds
[2025-05-04T23:49:56.315+0000] {processor.py:161} INFO - Started process (PID=355) to work on /home/airflow/.local/lib/python3.8/site-packages/airflow/example_dags/example_skip_dag.py
[2025-05-04T23:49:56.316+0000] {processor.py:830} INFO - Processing file /home/airflow/.local/lib/python3.8/site-packages/airflow/example_dags/example_skip_dag.py for tasks to queue
[2025-05-04T23:49:56.318+0000] {logging_mixin.py:188} INFO - [2025-05-04T23:49:56.318+0000] {dagbag.py:538} INFO - Filling up the DagBag from /home/airflow/.local/lib/python3.8/site-packages/airflow/example_dags/example_skip_dag.py
[2025-05-04T23:49:56.322+0000] {processor.py:840} INFO - DAG(s) 'example_skip_dag' retrieved from /home/airflow/.local/lib/python3.8/site-packages/airflow/example_dags/example_skip_dag.py
[2025-05-04T23:49:56.334+0000] {logging_mixin.py:188} INFO - [2025-05-04T23:49:56.333+0000] {dag.py:3033} INFO - Sync 1 DAGs
[2025-05-04T23:49:56.343+0000] {logging_mixin.py:188} INFO - [2025-05-04T23:49:56.343+0000] {dag.py:3820} INFO - Setting next_dagrun for example_skip_dag to 2025-05-03T00:00:00+00:00, run_after=2025-05-04T00:00:00+00:00
[2025-05-04T23:49:56.353+0000] {processor.py:183} INFO - Processing /home/airflow/.local/lib/python3.8/site-packages/airflow/example_dags/example_skip_dag.py took 0.040 seconds
