[2025-05-04T22:22:10.505+0000] {processor.py:161} INFO - Started process (PID=60) to work on /home/airflow/.local/lib/python3.8/site-packages/airflow/example_dags/example_local_kubernetes_executor.py
[2025-05-04T22:22:10.505+0000] {processor.py:830} INFO - Processing file /home/airflow/.local/lib/python3.8/site-packages/airflow/example_dags/example_local_kubernetes_executor.py for tasks to queue
[2025-05-04T22:22:10.507+0000] {logging_mixin.py:188} INFO - [2025-05-04T22:22:10.507+0000] {dagbag.py:538} INFO - Filling up the DagBag from /home/airflow/.local/lib/python3.8/site-packages/airflow/example_dags/example_local_kubernetes_executor.py
[2025-05-04T22:22:10.512+0000] {processor.py:840} INFO - DAG(s) 'example_local_kubernetes_executor' retrieved from /home/airflow/.local/lib/python3.8/site-packages/airflow/example_dags/example_local_kubernetes_executor.py
[2025-05-04T22:22:10.522+0000] {logging_mixin.py:188} INFO - [2025-05-04T22:22:10.522+0000] {dag.py:3033} INFO - Sync 1 DAGs
[2025-05-04T22:22:10.544+0000] {logging_mixin.py:188} INFO - [2025-05-04T22:22:10.544+0000] {dag.py:3820} INFO - Setting next_dagrun for example_local_kubernetes_executor to None, run_after=None
[2025-05-04T22:22:10.568+0000] {processor.py:183} INFO - Processing /home/airflow/.local/lib/python3.8/site-packages/airflow/example_dags/example_local_kubernetes_executor.py took 0.066 seconds
[2025-05-04T22:22:41.121+0000] {processor.py:161} INFO - Started process (PID=115) to work on /home/airflow/.local/lib/python3.8/site-packages/airflow/example_dags/example_local_kubernetes_executor.py
[2025-05-04T22:22:41.122+0000] {processor.py:830} INFO - Processing file /home/airflow/.local/lib/python3.8/site-packages/airflow/example_dags/example_local_kubernetes_executor.py for tasks to queue
[2025-05-04T22:22:41.124+0000] {logging_mixin.py:188} INFO - [2025-05-04T22:22:41.124+0000] {dagbag.py:538} INFO - Filling up the DagBag from /home/airflow/.local/lib/python3.8/site-packages/airflow/example_dags/example_local_kubernetes_executor.py
[2025-05-04T22:22:41.128+0000] {processor.py:840} INFO - DAG(s) 'example_local_kubernetes_executor' retrieved from /home/airflow/.local/lib/python3.8/site-packages/airflow/example_dags/example_local_kubernetes_executor.py
[2025-05-04T22:22:41.179+0000] {logging_mixin.py:188} INFO - [2025-05-04T22:22:41.179+0000] {dag.py:3033} INFO - Sync 1 DAGs
[2025-05-04T22:22:41.183+0000] {logging_mixin.py:188} INFO - [2025-05-04T22:22:41.183+0000] {dag.py:3820} INFO - Setting next_dagrun for example_local_kubernetes_executor to None, run_after=None
[2025-05-04T22:22:41.192+0000] {processor.py:183} INFO - Processing /home/airflow/.local/lib/python3.8/site-packages/airflow/example_dags/example_local_kubernetes_executor.py took 0.073 seconds
[2025-05-04T22:23:12.113+0000] {processor.py:161} INFO - Started process (PID=170) to work on /home/airflow/.local/lib/python3.8/site-packages/airflow/example_dags/example_local_kubernetes_executor.py
[2025-05-04T22:23:12.114+0000] {processor.py:830} INFO - Processing file /home/airflow/.local/lib/python3.8/site-packages/airflow/example_dags/example_local_kubernetes_executor.py for tasks to queue
[2025-05-04T22:23:12.116+0000] {logging_mixin.py:188} INFO - [2025-05-04T22:23:12.116+0000] {dagbag.py:538} INFO - Filling up the DagBag from /home/airflow/.local/lib/python3.8/site-packages/airflow/example_dags/example_local_kubernetes_executor.py
[2025-05-04T22:23:12.121+0000] {processor.py:840} INFO - DAG(s) 'example_local_kubernetes_executor' retrieved from /home/airflow/.local/lib/python3.8/site-packages/airflow/example_dags/example_local_kubernetes_executor.py
[2025-05-04T22:23:12.140+0000] {logging_mixin.py:188} INFO - [2025-05-04T22:23:12.140+0000] {dag.py:3033} INFO - Sync 1 DAGs
[2025-05-04T22:23:12.146+0000] {logging_mixin.py:188} INFO - [2025-05-04T22:23:12.146+0000] {dag.py:3820} INFO - Setting next_dagrun for example_local_kubernetes_executor to None, run_after=None
[2025-05-04T22:23:12.153+0000] {processor.py:183} INFO - Processing /home/airflow/.local/lib/python3.8/site-packages/airflow/example_dags/example_local_kubernetes_executor.py took 0.043 seconds
[2025-05-04T22:23:42.645+0000] {processor.py:161} INFO - Started process (PID=225) to work on /home/airflow/.local/lib/python3.8/site-packages/airflow/example_dags/example_local_kubernetes_executor.py
[2025-05-04T22:23:42.646+0000] {processor.py:830} INFO - Processing file /home/airflow/.local/lib/python3.8/site-packages/airflow/example_dags/example_local_kubernetes_executor.py for tasks to queue
[2025-05-04T22:23:42.647+0000] {logging_mixin.py:188} INFO - [2025-05-04T22:23:42.647+0000] {dagbag.py:538} INFO - Filling up the DagBag from /home/airflow/.local/lib/python3.8/site-packages/airflow/example_dags/example_local_kubernetes_executor.py
[2025-05-04T22:23:42.654+0000] {processor.py:840} INFO - DAG(s) 'example_local_kubernetes_executor' retrieved from /home/airflow/.local/lib/python3.8/site-packages/airflow/example_dags/example_local_kubernetes_executor.py
[2025-05-04T22:23:42.671+0000] {logging_mixin.py:188} INFO - [2025-05-04T22:23:42.671+0000] {dag.py:3033} INFO - Sync 1 DAGs
[2025-05-04T22:23:42.677+0000] {logging_mixin.py:188} INFO - [2025-05-04T22:23:42.676+0000] {dag.py:3820} INFO - Setting next_dagrun for example_local_kubernetes_executor to None, run_after=None
[2025-05-04T22:23:42.686+0000] {processor.py:183} INFO - Processing /home/airflow/.local/lib/python3.8/site-packages/airflow/example_dags/example_local_kubernetes_executor.py took 0.043 seconds
[2025-05-04T22:24:13.249+0000] {processor.py:161} INFO - Started process (PID=280) to work on /home/airflow/.local/lib/python3.8/site-packages/airflow/example_dags/example_local_kubernetes_executor.py
[2025-05-04T22:24:13.250+0000] {processor.py:830} INFO - Processing file /home/airflow/.local/lib/python3.8/site-packages/airflow/example_dags/example_local_kubernetes_executor.py for tasks to queue
[2025-05-04T22:24:13.251+0000] {logging_mixin.py:188} INFO - [2025-05-04T22:24:13.251+0000] {dagbag.py:538} INFO - Filling up the DagBag from /home/airflow/.local/lib/python3.8/site-packages/airflow/example_dags/example_local_kubernetes_executor.py
[2025-05-04T22:24:13.257+0000] {processor.py:840} INFO - DAG(s) 'example_local_kubernetes_executor' retrieved from /home/airflow/.local/lib/python3.8/site-packages/airflow/example_dags/example_local_kubernetes_executor.py
[2025-05-04T22:24:13.274+0000] {logging_mixin.py:188} INFO - [2025-05-04T22:24:13.274+0000] {dag.py:3033} INFO - Sync 1 DAGs
[2025-05-04T22:24:13.279+0000] {logging_mixin.py:188} INFO - [2025-05-04T22:24:13.279+0000] {dag.py:3820} INFO - Setting next_dagrun for example_local_kubernetes_executor to None, run_after=None
[2025-05-04T22:24:13.288+0000] {processor.py:183} INFO - Processing /home/airflow/.local/lib/python3.8/site-packages/airflow/example_dags/example_local_kubernetes_executor.py took 0.040 seconds
[2025-05-04T22:24:43.886+0000] {processor.py:161} INFO - Started process (PID=335) to work on /home/airflow/.local/lib/python3.8/site-packages/airflow/example_dags/example_local_kubernetes_executor.py
[2025-05-04T22:24:43.886+0000] {processor.py:830} INFO - Processing file /home/airflow/.local/lib/python3.8/site-packages/airflow/example_dags/example_local_kubernetes_executor.py for tasks to queue
[2025-05-04T22:24:43.888+0000] {logging_mixin.py:188} INFO - [2025-05-04T22:24:43.888+0000] {dagbag.py:538} INFO - Filling up the DagBag from /home/airflow/.local/lib/python3.8/site-packages/airflow/example_dags/example_local_kubernetes_executor.py
[2025-05-04T22:24:43.894+0000] {processor.py:840} INFO - DAG(s) 'example_local_kubernetes_executor' retrieved from /home/airflow/.local/lib/python3.8/site-packages/airflow/example_dags/example_local_kubernetes_executor.py
[2025-05-04T22:24:43.912+0000] {logging_mixin.py:188} INFO - [2025-05-04T22:24:43.912+0000] {dag.py:3033} INFO - Sync 1 DAGs
[2025-05-04T22:24:43.917+0000] {logging_mixin.py:188} INFO - [2025-05-04T22:24:43.917+0000] {dag.py:3820} INFO - Setting next_dagrun for example_local_kubernetes_executor to None, run_after=None
[2025-05-04T22:24:43.924+0000] {processor.py:183} INFO - Processing /home/airflow/.local/lib/python3.8/site-packages/airflow/example_dags/example_local_kubernetes_executor.py took 0.041 seconds
[2025-05-04T22:25:29.085+0000] {processor.py:161} INFO - Started process (PID=61) to work on /home/airflow/.local/lib/python3.8/site-packages/airflow/example_dags/example_local_kubernetes_executor.py
[2025-05-04T22:25:29.087+0000] {processor.py:830} INFO - Processing file /home/airflow/.local/lib/python3.8/site-packages/airflow/example_dags/example_local_kubernetes_executor.py for tasks to queue
[2025-05-04T22:25:29.097+0000] {logging_mixin.py:188} INFO - [2025-05-04T22:25:29.096+0000] {dagbag.py:538} INFO - Filling up the DagBag from /home/airflow/.local/lib/python3.8/site-packages/airflow/example_dags/example_local_kubernetes_executor.py
[2025-05-04T22:25:29.106+0000] {processor.py:840} INFO - DAG(s) 'example_local_kubernetes_executor' retrieved from /home/airflow/.local/lib/python3.8/site-packages/airflow/example_dags/example_local_kubernetes_executor.py
[2025-05-04T22:25:29.140+0000] {logging_mixin.py:188} INFO - [2025-05-04T22:25:29.139+0000] {dag.py:3033} INFO - Sync 1 DAGs
[2025-05-04T22:25:29.147+0000] {logging_mixin.py:188} INFO - [2025-05-04T22:25:29.147+0000] {dag.py:3820} INFO - Setting next_dagrun for example_local_kubernetes_executor to None, run_after=None
[2025-05-04T22:25:29.160+0000] {processor.py:183} INFO - Processing /home/airflow/.local/lib/python3.8/site-packages/airflow/example_dags/example_local_kubernetes_executor.py took 0.078 seconds
[2025-05-04T22:25:59.500+0000] {processor.py:161} INFO - Started process (PID=117) to work on /home/airflow/.local/lib/python3.8/site-packages/airflow/example_dags/example_local_kubernetes_executor.py
[2025-05-04T22:25:59.501+0000] {processor.py:830} INFO - Processing file /home/airflow/.local/lib/python3.8/site-packages/airflow/example_dags/example_local_kubernetes_executor.py for tasks to queue
[2025-05-04T22:25:59.502+0000] {logging_mixin.py:188} INFO - [2025-05-04T22:25:59.502+0000] {dagbag.py:538} INFO - Filling up the DagBag from /home/airflow/.local/lib/python3.8/site-packages/airflow/example_dags/example_local_kubernetes_executor.py
[2025-05-04T22:25:59.505+0000] {processor.py:840} INFO - DAG(s) 'example_local_kubernetes_executor' retrieved from /home/airflow/.local/lib/python3.8/site-packages/airflow/example_dags/example_local_kubernetes_executor.py
[2025-05-04T22:25:59.558+0000] {logging_mixin.py:188} INFO - [2025-05-04T22:25:59.557+0000] {dag.py:3033} INFO - Sync 1 DAGs
[2025-05-04T22:25:59.562+0000] {logging_mixin.py:188} INFO - [2025-05-04T22:25:59.561+0000] {dag.py:3820} INFO - Setting next_dagrun for example_local_kubernetes_executor to None, run_after=None
[2025-05-04T22:25:59.573+0000] {processor.py:183} INFO - Processing /home/airflow/.local/lib/python3.8/site-packages/airflow/example_dags/example_local_kubernetes_executor.py took 0.075 seconds
[2025-05-04T22:26:30.576+0000] {processor.py:161} INFO - Started process (PID=173) to work on /home/airflow/.local/lib/python3.8/site-packages/airflow/example_dags/example_local_kubernetes_executor.py
[2025-05-04T22:26:30.577+0000] {processor.py:830} INFO - Processing file /home/airflow/.local/lib/python3.8/site-packages/airflow/example_dags/example_local_kubernetes_executor.py for tasks to queue
[2025-05-04T22:26:30.578+0000] {logging_mixin.py:188} INFO - [2025-05-04T22:26:30.578+0000] {dagbag.py:538} INFO - Filling up the DagBag from /home/airflow/.local/lib/python3.8/site-packages/airflow/example_dags/example_local_kubernetes_executor.py
[2025-05-04T22:26:30.583+0000] {processor.py:840} INFO - DAG(s) 'example_local_kubernetes_executor' retrieved from /home/airflow/.local/lib/python3.8/site-packages/airflow/example_dags/example_local_kubernetes_executor.py
[2025-05-04T22:26:30.604+0000] {logging_mixin.py:188} INFO - [2025-05-04T22:26:30.604+0000] {dag.py:3033} INFO - Sync 1 DAGs
[2025-05-04T22:26:30.611+0000] {logging_mixin.py:188} INFO - [2025-05-04T22:26:30.611+0000] {dag.py:3820} INFO - Setting next_dagrun for example_local_kubernetes_executor to None, run_after=None
[2025-05-04T22:26:30.623+0000] {processor.py:183} INFO - Processing /home/airflow/.local/lib/python3.8/site-packages/airflow/example_dags/example_local_kubernetes_executor.py took 0.049 seconds
[2025-05-04T22:27:01.297+0000] {processor.py:161} INFO - Started process (PID=233) to work on /home/airflow/.local/lib/python3.8/site-packages/airflow/example_dags/example_local_kubernetes_executor.py
[2025-05-04T22:27:01.297+0000] {processor.py:830} INFO - Processing file /home/airflow/.local/lib/python3.8/site-packages/airflow/example_dags/example_local_kubernetes_executor.py for tasks to queue
[2025-05-04T22:27:01.298+0000] {logging_mixin.py:188} INFO - [2025-05-04T22:27:01.298+0000] {dagbag.py:538} INFO - Filling up the DagBag from /home/airflow/.local/lib/python3.8/site-packages/airflow/example_dags/example_local_kubernetes_executor.py
[2025-05-04T22:27:01.303+0000] {processor.py:840} INFO - DAG(s) 'example_local_kubernetes_executor' retrieved from /home/airflow/.local/lib/python3.8/site-packages/airflow/example_dags/example_local_kubernetes_executor.py
[2025-05-04T22:27:01.323+0000] {logging_mixin.py:188} INFO - [2025-05-04T22:27:01.323+0000] {dag.py:3033} INFO - Sync 1 DAGs
[2025-05-04T22:27:01.329+0000] {logging_mixin.py:188} INFO - [2025-05-04T22:27:01.329+0000] {dag.py:3820} INFO - Setting next_dagrun for example_local_kubernetes_executor to None, run_after=None
[2025-05-04T22:27:01.340+0000] {processor.py:183} INFO - Processing /home/airflow/.local/lib/python3.8/site-packages/airflow/example_dags/example_local_kubernetes_executor.py took 0.045 seconds
[2025-05-04T22:27:31.951+0000] {processor.py:161} INFO - Started process (PID=289) to work on /home/airflow/.local/lib/python3.8/site-packages/airflow/example_dags/example_local_kubernetes_executor.py
[2025-05-04T22:27:31.951+0000] {processor.py:830} INFO - Processing file /home/airflow/.local/lib/python3.8/site-packages/airflow/example_dags/example_local_kubernetes_executor.py for tasks to queue
[2025-05-04T22:27:31.952+0000] {logging_mixin.py:188} INFO - [2025-05-04T22:27:31.952+0000] {dagbag.py:538} INFO - Filling up the DagBag from /home/airflow/.local/lib/python3.8/site-packages/airflow/example_dags/example_local_kubernetes_executor.py
[2025-05-04T22:27:31.957+0000] {processor.py:840} INFO - DAG(s) 'example_local_kubernetes_executor' retrieved from /home/airflow/.local/lib/python3.8/site-packages/airflow/example_dags/example_local_kubernetes_executor.py
[2025-05-04T22:27:31.977+0000] {logging_mixin.py:188} INFO - [2025-05-04T22:27:31.977+0000] {dag.py:3033} INFO - Sync 1 DAGs
[2025-05-04T22:27:31.984+0000] {logging_mixin.py:188} INFO - [2025-05-04T22:27:31.984+0000] {dag.py:3820} INFO - Setting next_dagrun for example_local_kubernetes_executor to None, run_after=None
[2025-05-04T22:27:31.993+0000] {processor.py:183} INFO - Processing /home/airflow/.local/lib/python3.8/site-packages/airflow/example_dags/example_local_kubernetes_executor.py took 0.044 seconds
[2025-05-04T22:28:02.590+0000] {processor.py:161} INFO - Started process (PID=345) to work on /home/airflow/.local/lib/python3.8/site-packages/airflow/example_dags/example_local_kubernetes_executor.py
[2025-05-04T22:28:02.592+0000] {processor.py:830} INFO - Processing file /home/airflow/.local/lib/python3.8/site-packages/airflow/example_dags/example_local_kubernetes_executor.py for tasks to queue
[2025-05-04T22:28:02.593+0000] {logging_mixin.py:188} INFO - [2025-05-04T22:28:02.593+0000] {dagbag.py:538} INFO - Filling up the DagBag from /home/airflow/.local/lib/python3.8/site-packages/airflow/example_dags/example_local_kubernetes_executor.py
[2025-05-04T22:28:02.597+0000] {processor.py:840} INFO - DAG(s) 'example_local_kubernetes_executor' retrieved from /home/airflow/.local/lib/python3.8/site-packages/airflow/example_dags/example_local_kubernetes_executor.py
[2025-05-04T22:28:02.614+0000] {logging_mixin.py:188} INFO - [2025-05-04T22:28:02.614+0000] {dag.py:3033} INFO - Sync 1 DAGs
[2025-05-04T22:28:02.619+0000] {logging_mixin.py:188} INFO - [2025-05-04T22:28:02.619+0000] {dag.py:3820} INFO - Setting next_dagrun for example_local_kubernetes_executor to None, run_after=None
[2025-05-04T22:28:02.626+0000] {processor.py:183} INFO - Processing /home/airflow/.local/lib/python3.8/site-packages/airflow/example_dags/example_local_kubernetes_executor.py took 0.039 seconds
[2025-05-04T22:28:33.166+0000] {processor.py:161} INFO - Started process (PID=401) to work on /home/airflow/.local/lib/python3.8/site-packages/airflow/example_dags/example_local_kubernetes_executor.py
[2025-05-04T22:28:33.167+0000] {processor.py:830} INFO - Processing file /home/airflow/.local/lib/python3.8/site-packages/airflow/example_dags/example_local_kubernetes_executor.py for tasks to queue
[2025-05-04T22:28:33.168+0000] {logging_mixin.py:188} INFO - [2025-05-04T22:28:33.168+0000] {dagbag.py:538} INFO - Filling up the DagBag from /home/airflow/.local/lib/python3.8/site-packages/airflow/example_dags/example_local_kubernetes_executor.py
[2025-05-04T22:28:33.174+0000] {processor.py:840} INFO - DAG(s) 'example_local_kubernetes_executor' retrieved from /home/airflow/.local/lib/python3.8/site-packages/airflow/example_dags/example_local_kubernetes_executor.py
[2025-05-04T22:28:33.202+0000] {logging_mixin.py:188} INFO - [2025-05-04T22:28:33.202+0000] {dag.py:3033} INFO - Sync 1 DAGs
[2025-05-04T22:28:33.210+0000] {logging_mixin.py:188} INFO - [2025-05-04T22:28:33.210+0000] {dag.py:3820} INFO - Setting next_dagrun for example_local_kubernetes_executor to None, run_after=None
[2025-05-04T22:28:33.224+0000] {processor.py:183} INFO - Processing /home/airflow/.local/lib/python3.8/site-packages/airflow/example_dags/example_local_kubernetes_executor.py took 0.060 seconds
[2025-05-04T22:29:03.852+0000] {processor.py:161} INFO - Started process (PID=457) to work on /home/airflow/.local/lib/python3.8/site-packages/airflow/example_dags/example_local_kubernetes_executor.py
[2025-05-04T22:29:03.852+0000] {processor.py:830} INFO - Processing file /home/airflow/.local/lib/python3.8/site-packages/airflow/example_dags/example_local_kubernetes_executor.py for tasks to queue
[2025-05-04T22:29:03.853+0000] {logging_mixin.py:188} INFO - [2025-05-04T22:29:03.853+0000] {dagbag.py:538} INFO - Filling up the DagBag from /home/airflow/.local/lib/python3.8/site-packages/airflow/example_dags/example_local_kubernetes_executor.py
[2025-05-04T22:29:03.858+0000] {processor.py:840} INFO - DAG(s) 'example_local_kubernetes_executor' retrieved from /home/airflow/.local/lib/python3.8/site-packages/airflow/example_dags/example_local_kubernetes_executor.py
[2025-05-04T22:29:03.882+0000] {logging_mixin.py:188} INFO - [2025-05-04T22:29:03.882+0000] {dag.py:3033} INFO - Sync 1 DAGs
[2025-05-04T22:29:03.889+0000] {logging_mixin.py:188} INFO - [2025-05-04T22:29:03.889+0000] {dag.py:3820} INFO - Setting next_dagrun for example_local_kubernetes_executor to None, run_after=None
[2025-05-04T22:29:03.901+0000] {processor.py:183} INFO - Processing /home/airflow/.local/lib/python3.8/site-packages/airflow/example_dags/example_local_kubernetes_executor.py took 0.052 seconds
[2025-05-04T22:29:34.681+0000] {processor.py:161} INFO - Started process (PID=513) to work on /home/airflow/.local/lib/python3.8/site-packages/airflow/example_dags/example_local_kubernetes_executor.py
[2025-05-04T22:29:34.681+0000] {processor.py:830} INFO - Processing file /home/airflow/.local/lib/python3.8/site-packages/airflow/example_dags/example_local_kubernetes_executor.py for tasks to queue
[2025-05-04T22:29:34.682+0000] {logging_mixin.py:188} INFO - [2025-05-04T22:29:34.682+0000] {dagbag.py:538} INFO - Filling up the DagBag from /home/airflow/.local/lib/python3.8/site-packages/airflow/example_dags/example_local_kubernetes_executor.py
[2025-05-04T22:29:34.687+0000] {processor.py:840} INFO - DAG(s) 'example_local_kubernetes_executor' retrieved from /home/airflow/.local/lib/python3.8/site-packages/airflow/example_dags/example_local_kubernetes_executor.py
[2025-05-04T22:29:34.708+0000] {logging_mixin.py:188} INFO - [2025-05-04T22:29:34.707+0000] {dag.py:3033} INFO - Sync 1 DAGs
[2025-05-04T22:29:34.713+0000] {logging_mixin.py:188} INFO - [2025-05-04T22:29:34.713+0000] {dag.py:3820} INFO - Setting next_dagrun for example_local_kubernetes_executor to None, run_after=None
[2025-05-04T22:29:34.728+0000] {processor.py:183} INFO - Processing /home/airflow/.local/lib/python3.8/site-packages/airflow/example_dags/example_local_kubernetes_executor.py took 0.048 seconds
[2025-05-04T22:30:05.347+0000] {processor.py:161} INFO - Started process (PID=569) to work on /home/airflow/.local/lib/python3.8/site-packages/airflow/example_dags/example_local_kubernetes_executor.py
[2025-05-04T22:30:05.347+0000] {processor.py:830} INFO - Processing file /home/airflow/.local/lib/python3.8/site-packages/airflow/example_dags/example_local_kubernetes_executor.py for tasks to queue
[2025-05-04T22:30:05.348+0000] {logging_mixin.py:188} INFO - [2025-05-04T22:30:05.348+0000] {dagbag.py:538} INFO - Filling up the DagBag from /home/airflow/.local/lib/python3.8/site-packages/airflow/example_dags/example_local_kubernetes_executor.py
[2025-05-04T22:30:05.353+0000] {processor.py:840} INFO - DAG(s) 'example_local_kubernetes_executor' retrieved from /home/airflow/.local/lib/python3.8/site-packages/airflow/example_dags/example_local_kubernetes_executor.py
[2025-05-04T22:30:05.369+0000] {logging_mixin.py:188} INFO - [2025-05-04T22:30:05.369+0000] {dag.py:3033} INFO - Sync 1 DAGs
[2025-05-04T22:30:05.374+0000] {logging_mixin.py:188} INFO - [2025-05-04T22:30:05.374+0000] {dag.py:3820} INFO - Setting next_dagrun for example_local_kubernetes_executor to None, run_after=None
[2025-05-04T22:30:05.382+0000] {processor.py:183} INFO - Processing /home/airflow/.local/lib/python3.8/site-packages/airflow/example_dags/example_local_kubernetes_executor.py took 0.037 seconds
[2025-05-04T22:30:36.054+0000] {processor.py:161} INFO - Started process (PID=625) to work on /home/airflow/.local/lib/python3.8/site-packages/airflow/example_dags/example_local_kubernetes_executor.py
[2025-05-04T22:30:36.055+0000] {processor.py:830} INFO - Processing file /home/airflow/.local/lib/python3.8/site-packages/airflow/example_dags/example_local_kubernetes_executor.py for tasks to queue
[2025-05-04T22:30:36.056+0000] {logging_mixin.py:188} INFO - [2025-05-04T22:30:36.056+0000] {dagbag.py:538} INFO - Filling up the DagBag from /home/airflow/.local/lib/python3.8/site-packages/airflow/example_dags/example_local_kubernetes_executor.py
[2025-05-04T22:30:36.060+0000] {processor.py:840} INFO - DAG(s) 'example_local_kubernetes_executor' retrieved from /home/airflow/.local/lib/python3.8/site-packages/airflow/example_dags/example_local_kubernetes_executor.py
[2025-05-04T22:30:36.083+0000] {logging_mixin.py:188} INFO - [2025-05-04T22:30:36.083+0000] {dag.py:3033} INFO - Sync 1 DAGs
[2025-05-04T22:30:36.093+0000] {logging_mixin.py:188} INFO - [2025-05-04T22:30:36.092+0000] {dag.py:3820} INFO - Setting next_dagrun for example_local_kubernetes_executor to None, run_after=None
[2025-05-04T22:30:36.103+0000] {processor.py:183} INFO - Processing /home/airflow/.local/lib/python3.8/site-packages/airflow/example_dags/example_local_kubernetes_executor.py took 0.050 seconds
[2025-05-04T22:31:14.321+0000] {processor.py:161} INFO - Started process (PID=62) to work on /home/airflow/.local/lib/python3.8/site-packages/airflow/example_dags/example_local_kubernetes_executor.py
[2025-05-04T22:31:14.323+0000] {processor.py:830} INFO - Processing file /home/airflow/.local/lib/python3.8/site-packages/airflow/example_dags/example_local_kubernetes_executor.py for tasks to queue
[2025-05-04T22:31:14.327+0000] {logging_mixin.py:188} INFO - [2025-05-04T22:31:14.327+0000] {dagbag.py:538} INFO - Filling up the DagBag from /home/airflow/.local/lib/python3.8/site-packages/airflow/example_dags/example_local_kubernetes_executor.py
[2025-05-04T22:31:14.333+0000] {processor.py:840} INFO - DAG(s) 'example_local_kubernetes_executor' retrieved from /home/airflow/.local/lib/python3.8/site-packages/airflow/example_dags/example_local_kubernetes_executor.py
[2025-05-04T22:31:14.352+0000] {logging_mixin.py:188} INFO - [2025-05-04T22:31:14.352+0000] {dag.py:3033} INFO - Sync 1 DAGs
[2025-05-04T22:31:14.365+0000] {logging_mixin.py:188} INFO - [2025-05-04T22:31:14.365+0000] {dag.py:3820} INFO - Setting next_dagrun for example_local_kubernetes_executor to None, run_after=None
[2025-05-04T22:31:14.386+0000] {processor.py:183} INFO - Processing /home/airflow/.local/lib/python3.8/site-packages/airflow/example_dags/example_local_kubernetes_executor.py took 0.069 seconds
[2025-05-04T22:31:44.529+0000] {processor.py:161} INFO - Started process (PID=118) to work on /home/airflow/.local/lib/python3.8/site-packages/airflow/example_dags/example_local_kubernetes_executor.py
[2025-05-04T22:31:44.530+0000] {processor.py:830} INFO - Processing file /home/airflow/.local/lib/python3.8/site-packages/airflow/example_dags/example_local_kubernetes_executor.py for tasks to queue
[2025-05-04T22:31:44.532+0000] {logging_mixin.py:188} INFO - [2025-05-04T22:31:44.532+0000] {dagbag.py:538} INFO - Filling up the DagBag from /home/airflow/.local/lib/python3.8/site-packages/airflow/example_dags/example_local_kubernetes_executor.py
[2025-05-04T22:31:44.540+0000] {processor.py:840} INFO - DAG(s) 'example_local_kubernetes_executor' retrieved from /home/airflow/.local/lib/python3.8/site-packages/airflow/example_dags/example_local_kubernetes_executor.py
[2025-05-04T22:31:44.599+0000] {logging_mixin.py:188} INFO - [2025-05-04T22:31:44.599+0000] {dag.py:3033} INFO - Sync 1 DAGs
[2025-05-04T22:31:44.604+0000] {logging_mixin.py:188} INFO - [2025-05-04T22:31:44.604+0000] {dag.py:3820} INFO - Setting next_dagrun for example_local_kubernetes_executor to None, run_after=None
[2025-05-04T22:31:44.621+0000] {processor.py:183} INFO - Processing /home/airflow/.local/lib/python3.8/site-packages/airflow/example_dags/example_local_kubernetes_executor.py took 0.093 seconds
[2025-05-04T22:32:14.646+0000] {processor.py:161} INFO - Started process (PID=178) to work on /home/airflow/.local/lib/python3.8/site-packages/airflow/example_dags/example_local_kubernetes_executor.py
[2025-05-04T22:32:14.647+0000] {processor.py:830} INFO - Processing file /home/airflow/.local/lib/python3.8/site-packages/airflow/example_dags/example_local_kubernetes_executor.py for tasks to queue
[2025-05-04T22:32:14.649+0000] {logging_mixin.py:188} INFO - [2025-05-04T22:32:14.649+0000] {dagbag.py:538} INFO - Filling up the DagBag from /home/airflow/.local/lib/python3.8/site-packages/airflow/example_dags/example_local_kubernetes_executor.py
[2025-05-04T22:32:14.653+0000] {processor.py:840} INFO - DAG(s) 'example_local_kubernetes_executor' retrieved from /home/airflow/.local/lib/python3.8/site-packages/airflow/example_dags/example_local_kubernetes_executor.py
[2025-05-04T22:32:14.677+0000] {logging_mixin.py:188} INFO - [2025-05-04T22:32:14.677+0000] {dag.py:3033} INFO - Sync 1 DAGs
[2025-05-04T22:32:14.686+0000] {logging_mixin.py:188} INFO - [2025-05-04T22:32:14.685+0000] {dag.py:3820} INFO - Setting next_dagrun for example_local_kubernetes_executor to None, run_after=None
[2025-05-04T22:32:14.698+0000] {processor.py:183} INFO - Processing /home/airflow/.local/lib/python3.8/site-packages/airflow/example_dags/example_local_kubernetes_executor.py took 0.054 seconds
[2025-05-04T22:32:45.464+0000] {processor.py:161} INFO - Started process (PID=234) to work on /home/airflow/.local/lib/python3.8/site-packages/airflow/example_dags/example_local_kubernetes_executor.py
[2025-05-04T22:32:45.465+0000] {processor.py:830} INFO - Processing file /home/airflow/.local/lib/python3.8/site-packages/airflow/example_dags/example_local_kubernetes_executor.py for tasks to queue
[2025-05-04T22:32:45.466+0000] {logging_mixin.py:188} INFO - [2025-05-04T22:32:45.466+0000] {dagbag.py:538} INFO - Filling up the DagBag from /home/airflow/.local/lib/python3.8/site-packages/airflow/example_dags/example_local_kubernetes_executor.py
[2025-05-04T22:32:45.471+0000] {processor.py:840} INFO - DAG(s) 'example_local_kubernetes_executor' retrieved from /home/airflow/.local/lib/python3.8/site-packages/airflow/example_dags/example_local_kubernetes_executor.py
[2025-05-04T22:32:45.486+0000] {logging_mixin.py:188} INFO - [2025-05-04T22:32:45.486+0000] {dag.py:3033} INFO - Sync 1 DAGs
[2025-05-04T22:32:45.490+0000] {logging_mixin.py:188} INFO - [2025-05-04T22:32:45.490+0000] {dag.py:3820} INFO - Setting next_dagrun for example_local_kubernetes_executor to None, run_after=None
[2025-05-04T22:32:45.497+0000] {processor.py:183} INFO - Processing /home/airflow/.local/lib/python3.8/site-packages/airflow/example_dags/example_local_kubernetes_executor.py took 0.034 seconds
[2025-05-04T22:33:16.179+0000] {processor.py:161} INFO - Started process (PID=290) to work on /home/airflow/.local/lib/python3.8/site-packages/airflow/example_dags/example_local_kubernetes_executor.py
[2025-05-04T22:33:16.181+0000] {processor.py:830} INFO - Processing file /home/airflow/.local/lib/python3.8/site-packages/airflow/example_dags/example_local_kubernetes_executor.py for tasks to queue
[2025-05-04T22:33:16.182+0000] {logging_mixin.py:188} INFO - [2025-05-04T22:33:16.182+0000] {dagbag.py:538} INFO - Filling up the DagBag from /home/airflow/.local/lib/python3.8/site-packages/airflow/example_dags/example_local_kubernetes_executor.py
[2025-05-04T22:33:16.185+0000] {processor.py:840} INFO - DAG(s) 'example_local_kubernetes_executor' retrieved from /home/airflow/.local/lib/python3.8/site-packages/airflow/example_dags/example_local_kubernetes_executor.py
[2025-05-04T22:33:16.202+0000] {logging_mixin.py:188} INFO - [2025-05-04T22:33:16.202+0000] {dag.py:3033} INFO - Sync 1 DAGs
[2025-05-04T22:33:16.207+0000] {logging_mixin.py:188} INFO - [2025-05-04T22:33:16.207+0000] {dag.py:3820} INFO - Setting next_dagrun for example_local_kubernetes_executor to None, run_after=None
[2025-05-04T22:33:16.217+0000] {processor.py:183} INFO - Processing /home/airflow/.local/lib/python3.8/site-packages/airflow/example_dags/example_local_kubernetes_executor.py took 0.039 seconds
[2025-05-04T22:33:46.852+0000] {processor.py:161} INFO - Started process (PID=346) to work on /home/airflow/.local/lib/python3.8/site-packages/airflow/example_dags/example_local_kubernetes_executor.py
[2025-05-04T22:33:46.853+0000] {processor.py:830} INFO - Processing file /home/airflow/.local/lib/python3.8/site-packages/airflow/example_dags/example_local_kubernetes_executor.py for tasks to queue
[2025-05-04T22:33:46.854+0000] {logging_mixin.py:188} INFO - [2025-05-04T22:33:46.854+0000] {dagbag.py:538} INFO - Filling up the DagBag from /home/airflow/.local/lib/python3.8/site-packages/airflow/example_dags/example_local_kubernetes_executor.py
[2025-05-04T22:33:46.858+0000] {processor.py:840} INFO - DAG(s) 'example_local_kubernetes_executor' retrieved from /home/airflow/.local/lib/python3.8/site-packages/airflow/example_dags/example_local_kubernetes_executor.py
[2025-05-04T22:33:46.875+0000] {logging_mixin.py:188} INFO - [2025-05-04T22:33:46.875+0000] {dag.py:3033} INFO - Sync 1 DAGs
[2025-05-04T22:33:46.881+0000] {logging_mixin.py:188} INFO - [2025-05-04T22:33:46.881+0000] {dag.py:3820} INFO - Setting next_dagrun for example_local_kubernetes_executor to None, run_after=None
[2025-05-04T22:33:46.889+0000] {processor.py:183} INFO - Processing /home/airflow/.local/lib/python3.8/site-packages/airflow/example_dags/example_local_kubernetes_executor.py took 0.038 seconds
[2025-05-04T22:34:17.517+0000] {processor.py:161} INFO - Started process (PID=402) to work on /home/airflow/.local/lib/python3.8/site-packages/airflow/example_dags/example_local_kubernetes_executor.py
[2025-05-04T22:34:17.518+0000] {processor.py:830} INFO - Processing file /home/airflow/.local/lib/python3.8/site-packages/airflow/example_dags/example_local_kubernetes_executor.py for tasks to queue
[2025-05-04T22:34:17.519+0000] {logging_mixin.py:188} INFO - [2025-05-04T22:34:17.519+0000] {dagbag.py:538} INFO - Filling up the DagBag from /home/airflow/.local/lib/python3.8/site-packages/airflow/example_dags/example_local_kubernetes_executor.py
[2025-05-04T22:34:17.523+0000] {processor.py:840} INFO - DAG(s) 'example_local_kubernetes_executor' retrieved from /home/airflow/.local/lib/python3.8/site-packages/airflow/example_dags/example_local_kubernetes_executor.py
[2025-05-04T22:34:17.536+0000] {logging_mixin.py:188} INFO - [2025-05-04T22:34:17.536+0000] {dag.py:3033} INFO - Sync 1 DAGs
[2025-05-04T22:34:17.542+0000] {logging_mixin.py:188} INFO - [2025-05-04T22:34:17.542+0000] {dag.py:3820} INFO - Setting next_dagrun for example_local_kubernetes_executor to None, run_after=None
[2025-05-04T22:34:17.549+0000] {processor.py:183} INFO - Processing /home/airflow/.local/lib/python3.8/site-packages/airflow/example_dags/example_local_kubernetes_executor.py took 0.033 seconds
[2025-05-04T22:36:25.577+0000] {processor.py:161} INFO - Started process (PID=60) to work on /home/airflow/.local/lib/python3.8/site-packages/airflow/example_dags/example_local_kubernetes_executor.py
[2025-05-04T22:36:25.578+0000] {processor.py:830} INFO - Processing file /home/airflow/.local/lib/python3.8/site-packages/airflow/example_dags/example_local_kubernetes_executor.py for tasks to queue
[2025-05-04T22:36:25.580+0000] {logging_mixin.py:188} INFO - [2025-05-04T22:36:25.579+0000] {dagbag.py:538} INFO - Filling up the DagBag from /home/airflow/.local/lib/python3.8/site-packages/airflow/example_dags/example_local_kubernetes_executor.py
[2025-05-04T22:36:25.589+0000] {processor.py:840} INFO - DAG(s) 'example_local_kubernetes_executor' retrieved from /home/airflow/.local/lib/python3.8/site-packages/airflow/example_dags/example_local_kubernetes_executor.py
[2025-05-04T22:36:25.602+0000] {logging_mixin.py:188} INFO - [2025-05-04T22:36:25.601+0000] {dag.py:3033} INFO - Sync 1 DAGs
[2025-05-04T22:36:25.614+0000] {logging_mixin.py:188} INFO - [2025-05-04T22:36:25.614+0000] {dag.py:3820} INFO - Setting next_dagrun for example_local_kubernetes_executor to None, run_after=None
[2025-05-04T22:36:25.640+0000] {processor.py:183} INFO - Processing /home/airflow/.local/lib/python3.8/site-packages/airflow/example_dags/example_local_kubernetes_executor.py took 0.066 seconds
[2025-05-04T22:36:55.665+0000] {processor.py:161} INFO - Started process (PID=116) to work on /home/airflow/.local/lib/python3.8/site-packages/airflow/example_dags/example_local_kubernetes_executor.py
[2025-05-04T22:36:55.666+0000] {processor.py:830} INFO - Processing file /home/airflow/.local/lib/python3.8/site-packages/airflow/example_dags/example_local_kubernetes_executor.py for tasks to queue
[2025-05-04T22:36:55.667+0000] {logging_mixin.py:188} INFO - [2025-05-04T22:36:55.667+0000] {dagbag.py:538} INFO - Filling up the DagBag from /home/airflow/.local/lib/python3.8/site-packages/airflow/example_dags/example_local_kubernetes_executor.py
[2025-05-04T22:36:55.673+0000] {processor.py:840} INFO - DAG(s) 'example_local_kubernetes_executor' retrieved from /home/airflow/.local/lib/python3.8/site-packages/airflow/example_dags/example_local_kubernetes_executor.py
[2025-05-04T22:36:55.730+0000] {logging_mixin.py:188} INFO - [2025-05-04T22:36:55.729+0000] {dag.py:3033} INFO - Sync 1 DAGs
[2025-05-04T22:36:55.738+0000] {logging_mixin.py:188} INFO - [2025-05-04T22:36:55.738+0000] {dag.py:3820} INFO - Setting next_dagrun for example_local_kubernetes_executor to None, run_after=None
[2025-05-04T22:36:55.746+0000] {processor.py:183} INFO - Processing /home/airflow/.local/lib/python3.8/site-packages/airflow/example_dags/example_local_kubernetes_executor.py took 0.083 seconds
[2025-05-04T22:37:25.901+0000] {processor.py:161} INFO - Started process (PID=172) to work on /home/airflow/.local/lib/python3.8/site-packages/airflow/example_dags/example_local_kubernetes_executor.py
[2025-05-04T22:37:25.902+0000] {processor.py:830} INFO - Processing file /home/airflow/.local/lib/python3.8/site-packages/airflow/example_dags/example_local_kubernetes_executor.py for tasks to queue
[2025-05-04T22:37:25.904+0000] {logging_mixin.py:188} INFO - [2025-05-04T22:37:25.904+0000] {dagbag.py:538} INFO - Filling up the DagBag from /home/airflow/.local/lib/python3.8/site-packages/airflow/example_dags/example_local_kubernetes_executor.py
[2025-05-04T22:37:25.908+0000] {processor.py:840} INFO - DAG(s) 'example_local_kubernetes_executor' retrieved from /home/airflow/.local/lib/python3.8/site-packages/airflow/example_dags/example_local_kubernetes_executor.py
[2025-05-04T22:37:25.926+0000] {logging_mixin.py:188} INFO - [2025-05-04T22:37:25.926+0000] {dag.py:3033} INFO - Sync 1 DAGs
[2025-05-04T22:37:25.933+0000] {logging_mixin.py:188} INFO - [2025-05-04T22:37:25.933+0000] {dag.py:3820} INFO - Setting next_dagrun for example_local_kubernetes_executor to None, run_after=None
[2025-05-04T22:37:25.945+0000] {processor.py:183} INFO - Processing /home/airflow/.local/lib/python3.8/site-packages/airflow/example_dags/example_local_kubernetes_executor.py took 0.046 seconds
[2025-05-04T22:37:56.619+0000] {processor.py:161} INFO - Started process (PID=228) to work on /home/airflow/.local/lib/python3.8/site-packages/airflow/example_dags/example_local_kubernetes_executor.py
[2025-05-04T22:37:56.620+0000] {processor.py:830} INFO - Processing file /home/airflow/.local/lib/python3.8/site-packages/airflow/example_dags/example_local_kubernetes_executor.py for tasks to queue
[2025-05-04T22:37:56.621+0000] {logging_mixin.py:188} INFO - [2025-05-04T22:37:56.620+0000] {dagbag.py:538} INFO - Filling up the DagBag from /home/airflow/.local/lib/python3.8/site-packages/airflow/example_dags/example_local_kubernetes_executor.py
[2025-05-04T22:37:56.624+0000] {processor.py:840} INFO - DAG(s) 'example_local_kubernetes_executor' retrieved from /home/airflow/.local/lib/python3.8/site-packages/airflow/example_dags/example_local_kubernetes_executor.py
[2025-05-04T22:37:56.639+0000] {logging_mixin.py:188} INFO - [2025-05-04T22:37:56.639+0000] {dag.py:3033} INFO - Sync 1 DAGs
[2025-05-04T22:37:56.647+0000] {logging_mixin.py:188} INFO - [2025-05-04T22:37:56.647+0000] {dag.py:3820} INFO - Setting next_dagrun for example_local_kubernetes_executor to None, run_after=None
[2025-05-04T22:37:56.655+0000] {processor.py:183} INFO - Processing /home/airflow/.local/lib/python3.8/site-packages/airflow/example_dags/example_local_kubernetes_executor.py took 0.037 seconds
[2025-05-04T22:38:27.290+0000] {processor.py:161} INFO - Started process (PID=284) to work on /home/airflow/.local/lib/python3.8/site-packages/airflow/example_dags/example_local_kubernetes_executor.py
[2025-05-04T22:38:27.291+0000] {processor.py:830} INFO - Processing file /home/airflow/.local/lib/python3.8/site-packages/airflow/example_dags/example_local_kubernetes_executor.py for tasks to queue
[2025-05-04T22:38:27.292+0000] {logging_mixin.py:188} INFO - [2025-05-04T22:38:27.292+0000] {dagbag.py:538} INFO - Filling up the DagBag from /home/airflow/.local/lib/python3.8/site-packages/airflow/example_dags/example_local_kubernetes_executor.py
[2025-05-04T22:38:27.297+0000] {processor.py:840} INFO - DAG(s) 'example_local_kubernetes_executor' retrieved from /home/airflow/.local/lib/python3.8/site-packages/airflow/example_dags/example_local_kubernetes_executor.py
[2025-05-04T22:38:27.317+0000] {logging_mixin.py:188} INFO - [2025-05-04T22:38:27.317+0000] {dag.py:3033} INFO - Sync 1 DAGs
[2025-05-04T22:38:27.325+0000] {logging_mixin.py:188} INFO - [2025-05-04T22:38:27.325+0000] {dag.py:3820} INFO - Setting next_dagrun for example_local_kubernetes_executor to None, run_after=None
[2025-05-04T22:38:27.334+0000] {processor.py:183} INFO - Processing /home/airflow/.local/lib/python3.8/site-packages/airflow/example_dags/example_local_kubernetes_executor.py took 0.046 seconds
[2025-05-04T22:38:58.032+0000] {processor.py:161} INFO - Started process (PID=340) to work on /home/airflow/.local/lib/python3.8/site-packages/airflow/example_dags/example_local_kubernetes_executor.py
[2025-05-04T22:38:58.034+0000] {processor.py:830} INFO - Processing file /home/airflow/.local/lib/python3.8/site-packages/airflow/example_dags/example_local_kubernetes_executor.py for tasks to queue
[2025-05-04T22:38:58.035+0000] {logging_mixin.py:188} INFO - [2025-05-04T22:38:58.034+0000] {dagbag.py:538} INFO - Filling up the DagBag from /home/airflow/.local/lib/python3.8/site-packages/airflow/example_dags/example_local_kubernetes_executor.py
[2025-05-04T22:38:58.038+0000] {processor.py:840} INFO - DAG(s) 'example_local_kubernetes_executor' retrieved from /home/airflow/.local/lib/python3.8/site-packages/airflow/example_dags/example_local_kubernetes_executor.py
[2025-05-04T22:38:58.055+0000] {logging_mixin.py:188} INFO - [2025-05-04T22:38:58.055+0000] {dag.py:3033} INFO - Sync 1 DAGs
[2025-05-04T22:38:58.062+0000] {logging_mixin.py:188} INFO - [2025-05-04T22:38:58.062+0000] {dag.py:3820} INFO - Setting next_dagrun for example_local_kubernetes_executor to None, run_after=None
[2025-05-04T22:38:58.073+0000] {processor.py:183} INFO - Processing /home/airflow/.local/lib/python3.8/site-packages/airflow/example_dags/example_local_kubernetes_executor.py took 0.042 seconds
[2025-05-04T22:39:28.928+0000] {processor.py:161} INFO - Started process (PID=396) to work on /home/airflow/.local/lib/python3.8/site-packages/airflow/example_dags/example_local_kubernetes_executor.py
[2025-05-04T22:39:28.929+0000] {processor.py:830} INFO - Processing file /home/airflow/.local/lib/python3.8/site-packages/airflow/example_dags/example_local_kubernetes_executor.py for tasks to queue
[2025-05-04T22:39:28.930+0000] {logging_mixin.py:188} INFO - [2025-05-04T22:39:28.930+0000] {dagbag.py:538} INFO - Filling up the DagBag from /home/airflow/.local/lib/python3.8/site-packages/airflow/example_dags/example_local_kubernetes_executor.py
[2025-05-04T22:39:28.934+0000] {processor.py:840} INFO - DAG(s) 'example_local_kubernetes_executor' retrieved from /home/airflow/.local/lib/python3.8/site-packages/airflow/example_dags/example_local_kubernetes_executor.py
[2025-05-04T22:39:28.951+0000] {logging_mixin.py:188} INFO - [2025-05-04T22:39:28.951+0000] {dag.py:3033} INFO - Sync 1 DAGs
[2025-05-04T22:39:28.958+0000] {logging_mixin.py:188} INFO - [2025-05-04T22:39:28.958+0000] {dag.py:3820} INFO - Setting next_dagrun for example_local_kubernetes_executor to None, run_after=None
[2025-05-04T22:39:28.972+0000] {processor.py:183} INFO - Processing /home/airflow/.local/lib/python3.8/site-packages/airflow/example_dags/example_local_kubernetes_executor.py took 0.046 seconds
[2025-05-04T22:39:59.712+0000] {processor.py:161} INFO - Started process (PID=453) to work on /home/airflow/.local/lib/python3.8/site-packages/airflow/example_dags/example_local_kubernetes_executor.py
[2025-05-04T22:39:59.712+0000] {processor.py:830} INFO - Processing file /home/airflow/.local/lib/python3.8/site-packages/airflow/example_dags/example_local_kubernetes_executor.py for tasks to queue
[2025-05-04T22:39:59.713+0000] {logging_mixin.py:188} INFO - [2025-05-04T22:39:59.713+0000] {dagbag.py:538} INFO - Filling up the DagBag from /home/airflow/.local/lib/python3.8/site-packages/airflow/example_dags/example_local_kubernetes_executor.py
[2025-05-04T22:39:59.717+0000] {processor.py:840} INFO - DAG(s) 'example_local_kubernetes_executor' retrieved from /home/airflow/.local/lib/python3.8/site-packages/airflow/example_dags/example_local_kubernetes_executor.py
[2025-05-04T22:39:59.737+0000] {logging_mixin.py:188} INFO - [2025-05-04T22:39:59.737+0000] {dag.py:3033} INFO - Sync 1 DAGs
[2025-05-04T22:39:59.744+0000] {logging_mixin.py:188} INFO - [2025-05-04T22:39:59.744+0000] {dag.py:3820} INFO - Setting next_dagrun for example_local_kubernetes_executor to None, run_after=None
[2025-05-04T22:39:59.757+0000] {processor.py:183} INFO - Processing /home/airflow/.local/lib/python3.8/site-packages/airflow/example_dags/example_local_kubernetes_executor.py took 0.047 seconds
[2025-05-04T22:40:30.723+0000] {processor.py:161} INFO - Started process (PID=509) to work on /home/airflow/.local/lib/python3.8/site-packages/airflow/example_dags/example_local_kubernetes_executor.py
[2025-05-04T22:40:30.723+0000] {processor.py:830} INFO - Processing file /home/airflow/.local/lib/python3.8/site-packages/airflow/example_dags/example_local_kubernetes_executor.py for tasks to queue
[2025-05-04T22:40:30.724+0000] {logging_mixin.py:188} INFO - [2025-05-04T22:40:30.724+0000] {dagbag.py:538} INFO - Filling up the DagBag from /home/airflow/.local/lib/python3.8/site-packages/airflow/example_dags/example_local_kubernetes_executor.py
[2025-05-04T22:40:30.729+0000] {processor.py:840} INFO - DAG(s) 'example_local_kubernetes_executor' retrieved from /home/airflow/.local/lib/python3.8/site-packages/airflow/example_dags/example_local_kubernetes_executor.py
[2025-05-04T22:40:30.756+0000] {logging_mixin.py:188} INFO - [2025-05-04T22:40:30.756+0000] {dag.py:3033} INFO - Sync 1 DAGs
[2025-05-04T22:40:30.763+0000] {logging_mixin.py:188} INFO - [2025-05-04T22:40:30.763+0000] {dag.py:3820} INFO - Setting next_dagrun for example_local_kubernetes_executor to None, run_after=None
[2025-05-04T22:40:30.774+0000] {processor.py:183} INFO - Processing /home/airflow/.local/lib/python3.8/site-packages/airflow/example_dags/example_local_kubernetes_executor.py took 0.053 seconds
[2025-05-04T22:41:00.827+0000] {processor.py:161} INFO - Started process (PID=565) to work on /home/airflow/.local/lib/python3.8/site-packages/airflow/example_dags/example_local_kubernetes_executor.py
[2025-05-04T22:41:00.828+0000] {processor.py:830} INFO - Processing file /home/airflow/.local/lib/python3.8/site-packages/airflow/example_dags/example_local_kubernetes_executor.py for tasks to queue
[2025-05-04T22:41:00.829+0000] {logging_mixin.py:188} INFO - [2025-05-04T22:41:00.829+0000] {dagbag.py:538} INFO - Filling up the DagBag from /home/airflow/.local/lib/python3.8/site-packages/airflow/example_dags/example_local_kubernetes_executor.py
[2025-05-04T22:41:00.832+0000] {processor.py:840} INFO - DAG(s) 'example_local_kubernetes_executor' retrieved from /home/airflow/.local/lib/python3.8/site-packages/airflow/example_dags/example_local_kubernetes_executor.py
[2025-05-04T22:41:00.846+0000] {logging_mixin.py:188} INFO - [2025-05-04T22:41:00.846+0000] {dag.py:3033} INFO - Sync 1 DAGs
[2025-05-04T22:41:00.851+0000] {logging_mixin.py:188} INFO - [2025-05-04T22:41:00.851+0000] {dag.py:3820} INFO - Setting next_dagrun for example_local_kubernetes_executor to None, run_after=None
[2025-05-04T22:41:00.858+0000] {processor.py:183} INFO - Processing /home/airflow/.local/lib/python3.8/site-packages/airflow/example_dags/example_local_kubernetes_executor.py took 0.032 seconds
[2025-05-04T22:41:31.525+0000] {processor.py:161} INFO - Started process (PID=621) to work on /home/airflow/.local/lib/python3.8/site-packages/airflow/example_dags/example_local_kubernetes_executor.py
[2025-05-04T22:41:31.526+0000] {processor.py:830} INFO - Processing file /home/airflow/.local/lib/python3.8/site-packages/airflow/example_dags/example_local_kubernetes_executor.py for tasks to queue
[2025-05-04T22:41:31.527+0000] {logging_mixin.py:188} INFO - [2025-05-04T22:41:31.526+0000] {dagbag.py:538} INFO - Filling up the DagBag from /home/airflow/.local/lib/python3.8/site-packages/airflow/example_dags/example_local_kubernetes_executor.py
[2025-05-04T22:41:31.530+0000] {processor.py:840} INFO - DAG(s) 'example_local_kubernetes_executor' retrieved from /home/airflow/.local/lib/python3.8/site-packages/airflow/example_dags/example_local_kubernetes_executor.py
[2025-05-04T22:41:31.546+0000] {logging_mixin.py:188} INFO - [2025-05-04T22:41:31.546+0000] {dag.py:3033} INFO - Sync 1 DAGs
[2025-05-04T22:41:31.553+0000] {logging_mixin.py:188} INFO - [2025-05-04T22:41:31.553+0000] {dag.py:3820} INFO - Setting next_dagrun for example_local_kubernetes_executor to None, run_after=None
[2025-05-04T22:41:31.569+0000] {processor.py:183} INFO - Processing /home/airflow/.local/lib/python3.8/site-packages/airflow/example_dags/example_local_kubernetes_executor.py took 0.046 seconds
[2025-05-04T22:42:02.391+0000] {processor.py:161} INFO - Started process (PID=677) to work on /home/airflow/.local/lib/python3.8/site-packages/airflow/example_dags/example_local_kubernetes_executor.py
[2025-05-04T22:42:02.392+0000] {processor.py:830} INFO - Processing file /home/airflow/.local/lib/python3.8/site-packages/airflow/example_dags/example_local_kubernetes_executor.py for tasks to queue
[2025-05-04T22:42:02.392+0000] {logging_mixin.py:188} INFO - [2025-05-04T22:42:02.392+0000] {dagbag.py:538} INFO - Filling up the DagBag from /home/airflow/.local/lib/python3.8/site-packages/airflow/example_dags/example_local_kubernetes_executor.py
[2025-05-04T22:42:02.396+0000] {processor.py:840} INFO - DAG(s) 'example_local_kubernetes_executor' retrieved from /home/airflow/.local/lib/python3.8/site-packages/airflow/example_dags/example_local_kubernetes_executor.py
[2025-05-04T22:42:02.416+0000] {logging_mixin.py:188} INFO - [2025-05-04T22:42:02.416+0000] {dag.py:3033} INFO - Sync 1 DAGs
[2025-05-04T22:42:02.423+0000] {logging_mixin.py:188} INFO - [2025-05-04T22:42:02.423+0000] {dag.py:3820} INFO - Setting next_dagrun for example_local_kubernetes_executor to None, run_after=None
[2025-05-04T22:42:02.435+0000] {processor.py:183} INFO - Processing /home/airflow/.local/lib/python3.8/site-packages/airflow/example_dags/example_local_kubernetes_executor.py took 0.045 seconds
[2025-05-04T22:42:33.164+0000] {processor.py:161} INFO - Started process (PID=733) to work on /home/airflow/.local/lib/python3.8/site-packages/airflow/example_dags/example_local_kubernetes_executor.py
[2025-05-04T22:42:33.165+0000] {processor.py:830} INFO - Processing file /home/airflow/.local/lib/python3.8/site-packages/airflow/example_dags/example_local_kubernetes_executor.py for tasks to queue
[2025-05-04T22:42:33.166+0000] {logging_mixin.py:188} INFO - [2025-05-04T22:42:33.166+0000] {dagbag.py:538} INFO - Filling up the DagBag from /home/airflow/.local/lib/python3.8/site-packages/airflow/example_dags/example_local_kubernetes_executor.py
[2025-05-04T22:42:33.170+0000] {processor.py:840} INFO - DAG(s) 'example_local_kubernetes_executor' retrieved from /home/airflow/.local/lib/python3.8/site-packages/airflow/example_dags/example_local_kubernetes_executor.py
[2025-05-04T22:42:33.190+0000] {logging_mixin.py:188} INFO - [2025-05-04T22:42:33.190+0000] {dag.py:3033} INFO - Sync 1 DAGs
[2025-05-04T22:42:33.196+0000] {logging_mixin.py:188} INFO - [2025-05-04T22:42:33.196+0000] {dag.py:3820} INFO - Setting next_dagrun for example_local_kubernetes_executor to None, run_after=None
[2025-05-04T22:42:33.208+0000] {processor.py:183} INFO - Processing /home/airflow/.local/lib/python3.8/site-packages/airflow/example_dags/example_local_kubernetes_executor.py took 0.046 seconds
[2025-05-04T22:43:04.023+0000] {processor.py:161} INFO - Started process (PID=789) to work on /home/airflow/.local/lib/python3.8/site-packages/airflow/example_dags/example_local_kubernetes_executor.py
[2025-05-04T22:43:04.023+0000] {processor.py:830} INFO - Processing file /home/airflow/.local/lib/python3.8/site-packages/airflow/example_dags/example_local_kubernetes_executor.py for tasks to queue
[2025-05-04T22:43:04.025+0000] {logging_mixin.py:188} INFO - [2025-05-04T22:43:04.025+0000] {dagbag.py:538} INFO - Filling up the DagBag from /home/airflow/.local/lib/python3.8/site-packages/airflow/example_dags/example_local_kubernetes_executor.py
[2025-05-04T22:43:04.028+0000] {processor.py:840} INFO - DAG(s) 'example_local_kubernetes_executor' retrieved from /home/airflow/.local/lib/python3.8/site-packages/airflow/example_dags/example_local_kubernetes_executor.py
[2025-05-04T22:43:04.044+0000] {logging_mixin.py:188} INFO - [2025-05-04T22:43:04.044+0000] {dag.py:3033} INFO - Sync 1 DAGs
[2025-05-04T22:43:04.051+0000] {logging_mixin.py:188} INFO - [2025-05-04T22:43:04.051+0000] {dag.py:3820} INFO - Setting next_dagrun for example_local_kubernetes_executor to None, run_after=None
[2025-05-04T22:43:04.064+0000] {processor.py:183} INFO - Processing /home/airflow/.local/lib/python3.8/site-packages/airflow/example_dags/example_local_kubernetes_executor.py took 0.042 seconds
[2025-05-04T22:43:35.030+0000] {processor.py:161} INFO - Started process (PID=845) to work on /home/airflow/.local/lib/python3.8/site-packages/airflow/example_dags/example_local_kubernetes_executor.py
[2025-05-04T22:43:35.031+0000] {processor.py:830} INFO - Processing file /home/airflow/.local/lib/python3.8/site-packages/airflow/example_dags/example_local_kubernetes_executor.py for tasks to queue
[2025-05-04T22:43:35.031+0000] {logging_mixin.py:188} INFO - [2025-05-04T22:43:35.031+0000] {dagbag.py:538} INFO - Filling up the DagBag from /home/airflow/.local/lib/python3.8/site-packages/airflow/example_dags/example_local_kubernetes_executor.py
[2025-05-04T22:43:35.035+0000] {processor.py:840} INFO - DAG(s) 'example_local_kubernetes_executor' retrieved from /home/airflow/.local/lib/python3.8/site-packages/airflow/example_dags/example_local_kubernetes_executor.py
[2025-05-04T22:43:35.057+0000] {logging_mixin.py:188} INFO - [2025-05-04T22:43:35.057+0000] {dag.py:3033} INFO - Sync 1 DAGs
[2025-05-04T22:43:35.063+0000] {logging_mixin.py:188} INFO - [2025-05-04T22:43:35.062+0000] {dag.py:3820} INFO - Setting next_dagrun for example_local_kubernetes_executor to None, run_after=None
[2025-05-04T22:43:35.074+0000] {processor.py:183} INFO - Processing /home/airflow/.local/lib/python3.8/site-packages/airflow/example_dags/example_local_kubernetes_executor.py took 0.045 seconds
[2025-05-04T22:44:05.770+0000] {processor.py:161} INFO - Started process (PID=901) to work on /home/airflow/.local/lib/python3.8/site-packages/airflow/example_dags/example_local_kubernetes_executor.py
[2025-05-04T22:44:05.771+0000] {processor.py:830} INFO - Processing file /home/airflow/.local/lib/python3.8/site-packages/airflow/example_dags/example_local_kubernetes_executor.py for tasks to queue
[2025-05-04T22:44:05.772+0000] {logging_mixin.py:188} INFO - [2025-05-04T22:44:05.772+0000] {dagbag.py:538} INFO - Filling up the DagBag from /home/airflow/.local/lib/python3.8/site-packages/airflow/example_dags/example_local_kubernetes_executor.py
[2025-05-04T22:44:05.777+0000] {processor.py:840} INFO - DAG(s) 'example_local_kubernetes_executor' retrieved from /home/airflow/.local/lib/python3.8/site-packages/airflow/example_dags/example_local_kubernetes_executor.py
[2025-05-04T22:44:05.792+0000] {logging_mixin.py:188} INFO - [2025-05-04T22:44:05.792+0000] {dag.py:3033} INFO - Sync 1 DAGs
[2025-05-04T22:44:05.799+0000] {logging_mixin.py:188} INFO - [2025-05-04T22:44:05.799+0000] {dag.py:3820} INFO - Setting next_dagrun for example_local_kubernetes_executor to None, run_after=None
[2025-05-04T22:44:05.808+0000] {processor.py:183} INFO - Processing /home/airflow/.local/lib/python3.8/site-packages/airflow/example_dags/example_local_kubernetes_executor.py took 0.040 seconds
[2025-05-04T22:44:36.605+0000] {processor.py:161} INFO - Started process (PID=957) to work on /home/airflow/.local/lib/python3.8/site-packages/airflow/example_dags/example_local_kubernetes_executor.py
[2025-05-04T22:44:36.607+0000] {processor.py:830} INFO - Processing file /home/airflow/.local/lib/python3.8/site-packages/airflow/example_dags/example_local_kubernetes_executor.py for tasks to queue
[2025-05-04T22:44:36.609+0000] {logging_mixin.py:188} INFO - [2025-05-04T22:44:36.609+0000] {dagbag.py:538} INFO - Filling up the DagBag from /home/airflow/.local/lib/python3.8/site-packages/airflow/example_dags/example_local_kubernetes_executor.py
[2025-05-04T22:44:36.613+0000] {processor.py:840} INFO - DAG(s) 'example_local_kubernetes_executor' retrieved from /home/airflow/.local/lib/python3.8/site-packages/airflow/example_dags/example_local_kubernetes_executor.py
[2025-05-04T22:44:36.635+0000] {logging_mixin.py:188} INFO - [2025-05-04T22:44:36.634+0000] {dag.py:3033} INFO - Sync 1 DAGs
[2025-05-04T22:44:36.641+0000] {logging_mixin.py:188} INFO - [2025-05-04T22:44:36.641+0000] {dag.py:3820} INFO - Setting next_dagrun for example_local_kubernetes_executor to None, run_after=None
[2025-05-04T22:44:36.653+0000] {processor.py:183} INFO - Processing /home/airflow/.local/lib/python3.8/site-packages/airflow/example_dags/example_local_kubernetes_executor.py took 0.049 seconds
[2025-05-04T22:45:07.398+0000] {processor.py:161} INFO - Started process (PID=1013) to work on /home/airflow/.local/lib/python3.8/site-packages/airflow/example_dags/example_local_kubernetes_executor.py
[2025-05-04T22:45:07.399+0000] {processor.py:830} INFO - Processing file /home/airflow/.local/lib/python3.8/site-packages/airflow/example_dags/example_local_kubernetes_executor.py for tasks to queue
[2025-05-04T22:45:07.400+0000] {logging_mixin.py:188} INFO - [2025-05-04T22:45:07.400+0000] {dagbag.py:538} INFO - Filling up the DagBag from /home/airflow/.local/lib/python3.8/site-packages/airflow/example_dags/example_local_kubernetes_executor.py
[2025-05-04T22:45:07.403+0000] {processor.py:840} INFO - DAG(s) 'example_local_kubernetes_executor' retrieved from /home/airflow/.local/lib/python3.8/site-packages/airflow/example_dags/example_local_kubernetes_executor.py
[2025-05-04T22:45:07.427+0000] {logging_mixin.py:188} INFO - [2025-05-04T22:45:07.426+0000] {dag.py:3033} INFO - Sync 1 DAGs
[2025-05-04T22:45:07.433+0000] {logging_mixin.py:188} INFO - [2025-05-04T22:45:07.433+0000] {dag.py:3820} INFO - Setting next_dagrun for example_local_kubernetes_executor to None, run_after=None
[2025-05-04T22:45:07.440+0000] {processor.py:183} INFO - Processing /home/airflow/.local/lib/python3.8/site-packages/airflow/example_dags/example_local_kubernetes_executor.py took 0.044 seconds
[2025-05-04T22:45:38.343+0000] {processor.py:161} INFO - Started process (PID=1069) to work on /home/airflow/.local/lib/python3.8/site-packages/airflow/example_dags/example_local_kubernetes_executor.py
[2025-05-04T22:45:38.346+0000] {processor.py:830} INFO - Processing file /home/airflow/.local/lib/python3.8/site-packages/airflow/example_dags/example_local_kubernetes_executor.py for tasks to queue
[2025-05-04T22:45:38.347+0000] {logging_mixin.py:188} INFO - [2025-05-04T22:45:38.347+0000] {dagbag.py:538} INFO - Filling up the DagBag from /home/airflow/.local/lib/python3.8/site-packages/airflow/example_dags/example_local_kubernetes_executor.py
[2025-05-04T22:45:38.350+0000] {processor.py:840} INFO - DAG(s) 'example_local_kubernetes_executor' retrieved from /home/airflow/.local/lib/python3.8/site-packages/airflow/example_dags/example_local_kubernetes_executor.py
[2025-05-04T22:45:38.369+0000] {logging_mixin.py:188} INFO - [2025-05-04T22:45:38.368+0000] {dag.py:3033} INFO - Sync 1 DAGs
[2025-05-04T22:45:38.376+0000] {logging_mixin.py:188} INFO - [2025-05-04T22:45:38.375+0000] {dag.py:3820} INFO - Setting next_dagrun for example_local_kubernetes_executor to None, run_after=None
[2025-05-04T22:45:38.386+0000] {processor.py:183} INFO - Processing /home/airflow/.local/lib/python3.8/site-packages/airflow/example_dags/example_local_kubernetes_executor.py took 0.045 seconds
[2025-05-04T22:46:31.830+0000] {processor.py:161} INFO - Started process (PID=61) to work on /home/airflow/.local/lib/python3.8/site-packages/airflow/example_dags/example_local_kubernetes_executor.py
[2025-05-04T22:46:31.832+0000] {processor.py:830} INFO - Processing file /home/airflow/.local/lib/python3.8/site-packages/airflow/example_dags/example_local_kubernetes_executor.py for tasks to queue
[2025-05-04T22:46:31.835+0000] {logging_mixin.py:188} INFO - [2025-05-04T22:46:31.835+0000] {dagbag.py:538} INFO - Filling up the DagBag from /home/airflow/.local/lib/python3.8/site-packages/airflow/example_dags/example_local_kubernetes_executor.py
[2025-05-04T22:46:31.844+0000] {processor.py:840} INFO - DAG(s) 'example_local_kubernetes_executor' retrieved from /home/airflow/.local/lib/python3.8/site-packages/airflow/example_dags/example_local_kubernetes_executor.py
[2025-05-04T22:46:31.862+0000] {logging_mixin.py:188} INFO - [2025-05-04T22:46:31.862+0000] {dag.py:3033} INFO - Sync 1 DAGs
[2025-05-04T22:46:31.870+0000] {logging_mixin.py:188} INFO - [2025-05-04T22:46:31.870+0000] {dag.py:3820} INFO - Setting next_dagrun for example_local_kubernetes_executor to None, run_after=None
[2025-05-04T22:46:31.890+0000] {processor.py:183} INFO - Processing /home/airflow/.local/lib/python3.8/site-packages/airflow/example_dags/example_local_kubernetes_executor.py took 0.063 seconds
[2025-05-04T22:46:56.303+0000] {processor.py:161} INFO - Started process (PID=60) to work on /home/airflow/.local/lib/python3.8/site-packages/airflow/example_dags/example_local_kubernetes_executor.py
[2025-05-04T22:46:56.305+0000] {processor.py:830} INFO - Processing file /home/airflow/.local/lib/python3.8/site-packages/airflow/example_dags/example_local_kubernetes_executor.py for tasks to queue
[2025-05-04T22:46:56.307+0000] {logging_mixin.py:188} INFO - [2025-05-04T22:46:56.307+0000] {dagbag.py:538} INFO - Filling up the DagBag from /home/airflow/.local/lib/python3.8/site-packages/airflow/example_dags/example_local_kubernetes_executor.py
[2025-05-04T22:46:56.318+0000] {processor.py:840} INFO - DAG(s) 'example_local_kubernetes_executor' retrieved from /home/airflow/.local/lib/python3.8/site-packages/airflow/example_dags/example_local_kubernetes_executor.py
[2025-05-04T22:46:56.332+0000] {logging_mixin.py:188} INFO - [2025-05-04T22:46:56.332+0000] {dag.py:3033} INFO - Sync 1 DAGs
[2025-05-04T22:46:56.340+0000] {logging_mixin.py:188} INFO - [2025-05-04T22:46:56.339+0000] {dag.py:3820} INFO - Setting next_dagrun for example_local_kubernetes_executor to None, run_after=None
[2025-05-04T22:46:56.359+0000] {processor.py:183} INFO - Processing /home/airflow/.local/lib/python3.8/site-packages/airflow/example_dags/example_local_kubernetes_executor.py took 0.059 seconds
[2025-05-04T22:47:52.030+0000] {processor.py:161} INFO - Started process (PID=61) to work on /home/airflow/.local/lib/python3.8/site-packages/airflow/example_dags/example_local_kubernetes_executor.py
[2025-05-04T22:47:52.031+0000] {processor.py:830} INFO - Processing file /home/airflow/.local/lib/python3.8/site-packages/airflow/example_dags/example_local_kubernetes_executor.py for tasks to queue
[2025-05-04T22:47:52.032+0000] {logging_mixin.py:188} INFO - [2025-05-04T22:47:52.032+0000] {dagbag.py:538} INFO - Filling up the DagBag from /home/airflow/.local/lib/python3.8/site-packages/airflow/example_dags/example_local_kubernetes_executor.py
[2025-05-04T22:47:52.039+0000] {processor.py:840} INFO - DAG(s) 'example_local_kubernetes_executor' retrieved from /home/airflow/.local/lib/python3.8/site-packages/airflow/example_dags/example_local_kubernetes_executor.py
[2025-05-04T22:47:52.054+0000] {logging_mixin.py:188} INFO - [2025-05-04T22:47:52.053+0000] {dag.py:3033} INFO - Sync 1 DAGs
[2025-05-04T22:47:52.062+0000] {logging_mixin.py:188} INFO - [2025-05-04T22:47:52.061+0000] {dag.py:3820} INFO - Setting next_dagrun for example_local_kubernetes_executor to None, run_after=None
[2025-05-04T22:47:52.082+0000] {processor.py:183} INFO - Processing /home/airflow/.local/lib/python3.8/site-packages/airflow/example_dags/example_local_kubernetes_executor.py took 0.055 seconds
[2025-05-04T22:48:22.125+0000] {processor.py:161} INFO - Started process (PID=117) to work on /home/airflow/.local/lib/python3.8/site-packages/airflow/example_dags/example_local_kubernetes_executor.py
[2025-05-04T22:48:22.126+0000] {processor.py:830} INFO - Processing file /home/airflow/.local/lib/python3.8/site-packages/airflow/example_dags/example_local_kubernetes_executor.py for tasks to queue
[2025-05-04T22:48:22.127+0000] {logging_mixin.py:188} INFO - [2025-05-04T22:48:22.127+0000] {dagbag.py:538} INFO - Filling up the DagBag from /home/airflow/.local/lib/python3.8/site-packages/airflow/example_dags/example_local_kubernetes_executor.py
[2025-05-04T22:48:22.130+0000] {processor.py:840} INFO - DAG(s) 'example_local_kubernetes_executor' retrieved from /home/airflow/.local/lib/python3.8/site-packages/airflow/example_dags/example_local_kubernetes_executor.py
[2025-05-04T22:48:22.175+0000] {logging_mixin.py:188} INFO - [2025-05-04T22:48:22.175+0000] {dag.py:3033} INFO - Sync 1 DAGs
[2025-05-04T22:48:22.179+0000] {logging_mixin.py:188} INFO - [2025-05-04T22:48:22.179+0000] {dag.py:3820} INFO - Setting next_dagrun for example_local_kubernetes_executor to None, run_after=None
[2025-05-04T22:48:22.194+0000] {processor.py:183} INFO - Processing /home/airflow/.local/lib/python3.8/site-packages/airflow/example_dags/example_local_kubernetes_executor.py took 0.070 seconds
[2025-05-04T22:48:53.166+0000] {processor.py:161} INFO - Started process (PID=173) to work on /home/airflow/.local/lib/python3.8/site-packages/airflow/example_dags/example_local_kubernetes_executor.py
[2025-05-04T22:48:53.169+0000] {processor.py:830} INFO - Processing file /home/airflow/.local/lib/python3.8/site-packages/airflow/example_dags/example_local_kubernetes_executor.py for tasks to queue
[2025-05-04T22:48:53.173+0000] {logging_mixin.py:188} INFO - [2025-05-04T22:48:53.172+0000] {dagbag.py:538} INFO - Filling up the DagBag from /home/airflow/.local/lib/python3.8/site-packages/airflow/example_dags/example_local_kubernetes_executor.py
[2025-05-04T22:48:53.180+0000] {processor.py:840} INFO - DAG(s) 'example_local_kubernetes_executor' retrieved from /home/airflow/.local/lib/python3.8/site-packages/airflow/example_dags/example_local_kubernetes_executor.py
[2025-05-04T22:48:53.200+0000] {logging_mixin.py:188} INFO - [2025-05-04T22:48:53.200+0000] {dag.py:3033} INFO - Sync 1 DAGs
[2025-05-04T22:48:53.206+0000] {logging_mixin.py:188} INFO - [2025-05-04T22:48:53.206+0000] {dag.py:3820} INFO - Setting next_dagrun for example_local_kubernetes_executor to None, run_after=None
[2025-05-04T22:48:53.217+0000] {processor.py:183} INFO - Processing /home/airflow/.local/lib/python3.8/site-packages/airflow/example_dags/example_local_kubernetes_executor.py took 0.054 seconds
[2025-05-04T22:49:24.144+0000] {processor.py:161} INFO - Started process (PID=229) to work on /home/airflow/.local/lib/python3.8/site-packages/airflow/example_dags/example_local_kubernetes_executor.py
[2025-05-04T22:49:24.146+0000] {processor.py:830} INFO - Processing file /home/airflow/.local/lib/python3.8/site-packages/airflow/example_dags/example_local_kubernetes_executor.py for tasks to queue
[2025-05-04T22:49:24.148+0000] {logging_mixin.py:188} INFO - [2025-05-04T22:49:24.148+0000] {dagbag.py:538} INFO - Filling up the DagBag from /home/airflow/.local/lib/python3.8/site-packages/airflow/example_dags/example_local_kubernetes_executor.py
[2025-05-04T22:49:24.155+0000] {processor.py:840} INFO - DAG(s) 'example_local_kubernetes_executor' retrieved from /home/airflow/.local/lib/python3.8/site-packages/airflow/example_dags/example_local_kubernetes_executor.py
[2025-05-04T22:49:24.178+0000] {logging_mixin.py:188} INFO - [2025-05-04T22:49:24.177+0000] {dag.py:3033} INFO - Sync 1 DAGs
[2025-05-04T22:49:24.184+0000] {logging_mixin.py:188} INFO - [2025-05-04T22:49:24.184+0000] {dag.py:3820} INFO - Setting next_dagrun for example_local_kubernetes_executor to None, run_after=None
[2025-05-04T22:49:24.197+0000] {processor.py:183} INFO - Processing /home/airflow/.local/lib/python3.8/site-packages/airflow/example_dags/example_local_kubernetes_executor.py took 0.057 seconds
[2025-05-04T22:49:54.795+0000] {processor.py:161} INFO - Started process (PID=285) to work on /home/airflow/.local/lib/python3.8/site-packages/airflow/example_dags/example_local_kubernetes_executor.py
[2025-05-04T22:49:54.795+0000] {processor.py:830} INFO - Processing file /home/airflow/.local/lib/python3.8/site-packages/airflow/example_dags/example_local_kubernetes_executor.py for tasks to queue
[2025-05-04T22:49:54.797+0000] {logging_mixin.py:188} INFO - [2025-05-04T22:49:54.797+0000] {dagbag.py:538} INFO - Filling up the DagBag from /home/airflow/.local/lib/python3.8/site-packages/airflow/example_dags/example_local_kubernetes_executor.py
[2025-05-04T22:49:54.802+0000] {processor.py:840} INFO - DAG(s) 'example_local_kubernetes_executor' retrieved from /home/airflow/.local/lib/python3.8/site-packages/airflow/example_dags/example_local_kubernetes_executor.py
[2025-05-04T22:49:54.822+0000] {logging_mixin.py:188} INFO - [2025-05-04T22:49:54.822+0000] {dag.py:3033} INFO - Sync 1 DAGs
[2025-05-04T22:49:54.828+0000] {logging_mixin.py:188} INFO - [2025-05-04T22:49:54.828+0000] {dag.py:3820} INFO - Setting next_dagrun for example_local_kubernetes_executor to None, run_after=None
[2025-05-04T22:49:54.841+0000] {processor.py:183} INFO - Processing /home/airflow/.local/lib/python3.8/site-packages/airflow/example_dags/example_local_kubernetes_executor.py took 0.049 seconds
[2025-05-04T22:50:25.509+0000] {processor.py:161} INFO - Started process (PID=341) to work on /home/airflow/.local/lib/python3.8/site-packages/airflow/example_dags/example_local_kubernetes_executor.py
[2025-05-04T22:50:25.512+0000] {processor.py:830} INFO - Processing file /home/airflow/.local/lib/python3.8/site-packages/airflow/example_dags/example_local_kubernetes_executor.py for tasks to queue
[2025-05-04T22:50:25.513+0000] {logging_mixin.py:188} INFO - [2025-05-04T22:50:25.513+0000] {dagbag.py:538} INFO - Filling up the DagBag from /home/airflow/.local/lib/python3.8/site-packages/airflow/example_dags/example_local_kubernetes_executor.py
[2025-05-04T22:50:25.518+0000] {processor.py:840} INFO - DAG(s) 'example_local_kubernetes_executor' retrieved from /home/airflow/.local/lib/python3.8/site-packages/airflow/example_dags/example_local_kubernetes_executor.py
[2025-05-04T22:50:25.544+0000] {logging_mixin.py:188} INFO - [2025-05-04T22:50:25.544+0000] {dag.py:3033} INFO - Sync 1 DAGs
[2025-05-04T22:50:25.555+0000] {logging_mixin.py:188} INFO - [2025-05-04T22:50:25.555+0000] {dag.py:3820} INFO - Setting next_dagrun for example_local_kubernetes_executor to None, run_after=None
[2025-05-04T22:50:25.569+0000] {processor.py:183} INFO - Processing /home/airflow/.local/lib/python3.8/site-packages/airflow/example_dags/example_local_kubernetes_executor.py took 0.062 seconds
[2025-05-04T22:50:58.545+0000] {processor.py:161} INFO - Started process (PID=61) to work on /home/airflow/.local/lib/python3.8/site-packages/airflow/example_dags/example_local_kubernetes_executor.py
[2025-05-04T22:50:58.546+0000] {processor.py:830} INFO - Processing file /home/airflow/.local/lib/python3.8/site-packages/airflow/example_dags/example_local_kubernetes_executor.py for tasks to queue
[2025-05-04T22:50:58.548+0000] {logging_mixin.py:188} INFO - [2025-05-04T22:50:58.548+0000] {dagbag.py:538} INFO - Filling up the DagBag from /home/airflow/.local/lib/python3.8/site-packages/airflow/example_dags/example_local_kubernetes_executor.py
[2025-05-04T22:50:58.554+0000] {processor.py:840} INFO - DAG(s) 'example_local_kubernetes_executor' retrieved from /home/airflow/.local/lib/python3.8/site-packages/airflow/example_dags/example_local_kubernetes_executor.py
[2025-05-04T22:50:58.564+0000] {logging_mixin.py:188} INFO - [2025-05-04T22:50:58.564+0000] {dag.py:3033} INFO - Sync 1 DAGs
[2025-05-04T22:50:58.575+0000] {logging_mixin.py:188} INFO - [2025-05-04T22:50:58.575+0000] {dag.py:3820} INFO - Setting next_dagrun for example_local_kubernetes_executor to None, run_after=None
[2025-05-04T22:50:58.599+0000] {processor.py:183} INFO - Processing /home/airflow/.local/lib/python3.8/site-packages/airflow/example_dags/example_local_kubernetes_executor.py took 0.057 seconds
[2025-05-04T22:51:28.651+0000] {processor.py:161} INFO - Started process (PID=117) to work on /home/airflow/.local/lib/python3.8/site-packages/airflow/example_dags/example_local_kubernetes_executor.py
[2025-05-04T22:51:28.654+0000] {processor.py:830} INFO - Processing file /home/airflow/.local/lib/python3.8/site-packages/airflow/example_dags/example_local_kubernetes_executor.py for tasks to queue
[2025-05-04T22:51:28.655+0000] {logging_mixin.py:188} INFO - [2025-05-04T22:51:28.655+0000] {dagbag.py:538} INFO - Filling up the DagBag from /home/airflow/.local/lib/python3.8/site-packages/airflow/example_dags/example_local_kubernetes_executor.py
[2025-05-04T22:51:28.660+0000] {processor.py:840} INFO - DAG(s) 'example_local_kubernetes_executor' retrieved from /home/airflow/.local/lib/python3.8/site-packages/airflow/example_dags/example_local_kubernetes_executor.py
[2025-05-04T22:51:28.716+0000] {logging_mixin.py:188} INFO - [2025-05-04T22:51:28.716+0000] {dag.py:3033} INFO - Sync 1 DAGs
[2025-05-04T22:51:28.720+0000] {logging_mixin.py:188} INFO - [2025-05-04T22:51:28.720+0000] {dag.py:3820} INFO - Setting next_dagrun for example_local_kubernetes_executor to None, run_after=None
[2025-05-04T22:51:28.732+0000] {processor.py:183} INFO - Processing /home/airflow/.local/lib/python3.8/site-packages/airflow/example_dags/example_local_kubernetes_executor.py took 0.083 seconds
[2025-05-04T22:51:58.784+0000] {processor.py:161} INFO - Started process (PID=173) to work on /home/airflow/.local/lib/python3.8/site-packages/airflow/example_dags/example_local_kubernetes_executor.py
[2025-05-04T22:51:58.789+0000] {processor.py:830} INFO - Processing file /home/airflow/.local/lib/python3.8/site-packages/airflow/example_dags/example_local_kubernetes_executor.py for tasks to queue
[2025-05-04T22:51:58.792+0000] {logging_mixin.py:188} INFO - [2025-05-04T22:51:58.792+0000] {dagbag.py:538} INFO - Filling up the DagBag from /home/airflow/.local/lib/python3.8/site-packages/airflow/example_dags/example_local_kubernetes_executor.py
[2025-05-04T22:51:58.796+0000] {processor.py:840} INFO - DAG(s) 'example_local_kubernetes_executor' retrieved from /home/airflow/.local/lib/python3.8/site-packages/airflow/example_dags/example_local_kubernetes_executor.py
[2025-05-04T22:51:58.814+0000] {logging_mixin.py:188} INFO - [2025-05-04T22:51:58.814+0000] {dag.py:3033} INFO - Sync 1 DAGs
[2025-05-04T22:51:58.819+0000] {logging_mixin.py:188} INFO - [2025-05-04T22:51:58.819+0000] {dag.py:3820} INFO - Setting next_dagrun for example_local_kubernetes_executor to None, run_after=None
[2025-05-04T22:51:58.827+0000] {processor.py:183} INFO - Processing /home/airflow/.local/lib/python3.8/site-packages/airflow/example_dags/example_local_kubernetes_executor.py took 0.045 seconds
[2025-05-04T22:52:29.631+0000] {processor.py:161} INFO - Started process (PID=229) to work on /home/airflow/.local/lib/python3.8/site-packages/airflow/example_dags/example_local_kubernetes_executor.py
[2025-05-04T22:52:29.631+0000] {processor.py:830} INFO - Processing file /home/airflow/.local/lib/python3.8/site-packages/airflow/example_dags/example_local_kubernetes_executor.py for tasks to queue
[2025-05-04T22:52:29.632+0000] {logging_mixin.py:188} INFO - [2025-05-04T22:52:29.632+0000] {dagbag.py:538} INFO - Filling up the DagBag from /home/airflow/.local/lib/python3.8/site-packages/airflow/example_dags/example_local_kubernetes_executor.py
[2025-05-04T22:52:29.637+0000] {processor.py:840} INFO - DAG(s) 'example_local_kubernetes_executor' retrieved from /home/airflow/.local/lib/python3.8/site-packages/airflow/example_dags/example_local_kubernetes_executor.py
[2025-05-04T22:52:29.659+0000] {logging_mixin.py:188} INFO - [2025-05-04T22:52:29.659+0000] {dag.py:3033} INFO - Sync 1 DAGs
[2025-05-04T22:52:29.665+0000] {logging_mixin.py:188} INFO - [2025-05-04T22:52:29.665+0000] {dag.py:3820} INFO - Setting next_dagrun for example_local_kubernetes_executor to None, run_after=None
[2025-05-04T22:52:29.675+0000] {processor.py:183} INFO - Processing /home/airflow/.local/lib/python3.8/site-packages/airflow/example_dags/example_local_kubernetes_executor.py took 0.046 seconds
[2025-05-04T22:53:00.215+0000] {processor.py:161} INFO - Started process (PID=285) to work on /home/airflow/.local/lib/python3.8/site-packages/airflow/example_dags/example_local_kubernetes_executor.py
[2025-05-04T22:53:00.216+0000] {processor.py:830} INFO - Processing file /home/airflow/.local/lib/python3.8/site-packages/airflow/example_dags/example_local_kubernetes_executor.py for tasks to queue
[2025-05-04T22:53:00.217+0000] {logging_mixin.py:188} INFO - [2025-05-04T22:53:00.217+0000] {dagbag.py:538} INFO - Filling up the DagBag from /home/airflow/.local/lib/python3.8/site-packages/airflow/example_dags/example_local_kubernetes_executor.py
[2025-05-04T22:53:00.221+0000] {processor.py:840} INFO - DAG(s) 'example_local_kubernetes_executor' retrieved from /home/airflow/.local/lib/python3.8/site-packages/airflow/example_dags/example_local_kubernetes_executor.py
[2025-05-04T22:53:00.243+0000] {logging_mixin.py:188} INFO - [2025-05-04T22:53:00.243+0000] {dag.py:3033} INFO - Sync 1 DAGs
[2025-05-04T22:53:00.248+0000] {logging_mixin.py:188} INFO - [2025-05-04T22:53:00.247+0000] {dag.py:3820} INFO - Setting next_dagrun for example_local_kubernetes_executor to None, run_after=None
[2025-05-04T22:53:00.255+0000] {processor.py:183} INFO - Processing /home/airflow/.local/lib/python3.8/site-packages/airflow/example_dags/example_local_kubernetes_executor.py took 0.041 seconds
[2025-05-04T22:58:00.792+0000] {processor.py:161} INFO - Started process (PID=61) to work on /home/airflow/.local/lib/python3.8/site-packages/airflow/example_dags/example_local_kubernetes_executor.py
[2025-05-04T22:58:00.793+0000] {processor.py:830} INFO - Processing file /home/airflow/.local/lib/python3.8/site-packages/airflow/example_dags/example_local_kubernetes_executor.py for tasks to queue
[2025-05-04T22:58:00.794+0000] {logging_mixin.py:188} INFO - [2025-05-04T22:58:00.794+0000] {dagbag.py:538} INFO - Filling up the DagBag from /home/airflow/.local/lib/python3.8/site-packages/airflow/example_dags/example_local_kubernetes_executor.py
[2025-05-04T22:58:00.803+0000] {processor.py:840} INFO - DAG(s) 'example_local_kubernetes_executor' retrieved from /home/airflow/.local/lib/python3.8/site-packages/airflow/example_dags/example_local_kubernetes_executor.py
[2025-05-04T22:58:00.815+0000] {logging_mixin.py:188} INFO - [2025-05-04T22:58:00.815+0000] {dag.py:3033} INFO - Sync 1 DAGs
[2025-05-04T22:58:00.827+0000] {logging_mixin.py:188} INFO - [2025-05-04T22:58:00.827+0000] {dag.py:3820} INFO - Setting next_dagrun for example_local_kubernetes_executor to None, run_after=None
[2025-05-04T22:58:00.841+0000] {processor.py:183} INFO - Processing /home/airflow/.local/lib/python3.8/site-packages/airflow/example_dags/example_local_kubernetes_executor.py took 0.051 seconds
[2025-05-04T22:58:31.305+0000] {processor.py:161} INFO - Started process (PID=117) to work on /home/airflow/.local/lib/python3.8/site-packages/airflow/example_dags/example_local_kubernetes_executor.py
[2025-05-04T22:58:31.305+0000] {processor.py:830} INFO - Processing file /home/airflow/.local/lib/python3.8/site-packages/airflow/example_dags/example_local_kubernetes_executor.py for tasks to queue
[2025-05-04T22:58:31.306+0000] {logging_mixin.py:188} INFO - [2025-05-04T22:58:31.306+0000] {dagbag.py:538} INFO - Filling up the DagBag from /home/airflow/.local/lib/python3.8/site-packages/airflow/example_dags/example_local_kubernetes_executor.py
[2025-05-04T22:58:31.310+0000] {processor.py:840} INFO - DAG(s) 'example_local_kubernetes_executor' retrieved from /home/airflow/.local/lib/python3.8/site-packages/airflow/example_dags/example_local_kubernetes_executor.py
[2025-05-04T22:58:31.358+0000] {logging_mixin.py:188} INFO - [2025-05-04T22:58:31.358+0000] {dag.py:3033} INFO - Sync 1 DAGs
[2025-05-04T22:58:31.364+0000] {logging_mixin.py:188} INFO - [2025-05-04T22:58:31.364+0000] {dag.py:3820} INFO - Setting next_dagrun for example_local_kubernetes_executor to None, run_after=None
[2025-05-04T22:58:31.379+0000] {processor.py:183} INFO - Processing /home/airflow/.local/lib/python3.8/site-packages/airflow/example_dags/example_local_kubernetes_executor.py took 0.076 seconds
[2025-05-04T22:59:01.487+0000] {processor.py:161} INFO - Started process (PID=173) to work on /home/airflow/.local/lib/python3.8/site-packages/airflow/example_dags/example_local_kubernetes_executor.py
[2025-05-04T22:59:01.488+0000] {processor.py:830} INFO - Processing file /home/airflow/.local/lib/python3.8/site-packages/airflow/example_dags/example_local_kubernetes_executor.py for tasks to queue
[2025-05-04T22:59:01.488+0000] {logging_mixin.py:188} INFO - [2025-05-04T22:59:01.488+0000] {dagbag.py:538} INFO - Filling up the DagBag from /home/airflow/.local/lib/python3.8/site-packages/airflow/example_dags/example_local_kubernetes_executor.py
[2025-05-04T22:59:01.493+0000] {processor.py:840} INFO - DAG(s) 'example_local_kubernetes_executor' retrieved from /home/airflow/.local/lib/python3.8/site-packages/airflow/example_dags/example_local_kubernetes_executor.py
[2025-05-04T22:59:01.515+0000] {logging_mixin.py:188} INFO - [2025-05-04T22:59:01.515+0000] {dag.py:3033} INFO - Sync 1 DAGs
[2025-05-04T22:59:01.522+0000] {logging_mixin.py:188} INFO - [2025-05-04T22:59:01.522+0000] {dag.py:3820} INFO - Setting next_dagrun for example_local_kubernetes_executor to None, run_after=None
[2025-05-04T22:59:01.532+0000] {processor.py:183} INFO - Processing /home/airflow/.local/lib/python3.8/site-packages/airflow/example_dags/example_local_kubernetes_executor.py took 0.047 seconds
[2025-05-04T22:59:32.274+0000] {processor.py:161} INFO - Started process (PID=229) to work on /home/airflow/.local/lib/python3.8/site-packages/airflow/example_dags/example_local_kubernetes_executor.py
[2025-05-04T22:59:32.275+0000] {processor.py:830} INFO - Processing file /home/airflow/.local/lib/python3.8/site-packages/airflow/example_dags/example_local_kubernetes_executor.py for tasks to queue
[2025-05-04T22:59:32.276+0000] {logging_mixin.py:188} INFO - [2025-05-04T22:59:32.275+0000] {dagbag.py:538} INFO - Filling up the DagBag from /home/airflow/.local/lib/python3.8/site-packages/airflow/example_dags/example_local_kubernetes_executor.py
[2025-05-04T22:59:32.280+0000] {processor.py:840} INFO - DAG(s) 'example_local_kubernetes_executor' retrieved from /home/airflow/.local/lib/python3.8/site-packages/airflow/example_dags/example_local_kubernetes_executor.py
[2025-05-04T22:59:32.298+0000] {logging_mixin.py:188} INFO - [2025-05-04T22:59:32.298+0000] {dag.py:3033} INFO - Sync 1 DAGs
[2025-05-04T22:59:32.305+0000] {logging_mixin.py:188} INFO - [2025-05-04T22:59:32.305+0000] {dag.py:3820} INFO - Setting next_dagrun for example_local_kubernetes_executor to None, run_after=None
[2025-05-04T22:59:32.317+0000] {processor.py:183} INFO - Processing /home/airflow/.local/lib/python3.8/site-packages/airflow/example_dags/example_local_kubernetes_executor.py took 0.045 seconds
[2025-05-04T23:00:03.083+0000] {processor.py:161} INFO - Started process (PID=285) to work on /home/airflow/.local/lib/python3.8/site-packages/airflow/example_dags/example_local_kubernetes_executor.py
[2025-05-04T23:00:03.083+0000] {processor.py:830} INFO - Processing file /home/airflow/.local/lib/python3.8/site-packages/airflow/example_dags/example_local_kubernetes_executor.py for tasks to queue
[2025-05-04T23:00:03.087+0000] {logging_mixin.py:188} INFO - [2025-05-04T23:00:03.086+0000] {dagbag.py:538} INFO - Filling up the DagBag from /home/airflow/.local/lib/python3.8/site-packages/airflow/example_dags/example_local_kubernetes_executor.py
[2025-05-04T23:00:03.090+0000] {processor.py:840} INFO - DAG(s) 'example_local_kubernetes_executor' retrieved from /home/airflow/.local/lib/python3.8/site-packages/airflow/example_dags/example_local_kubernetes_executor.py
[2025-05-04T23:00:03.108+0000] {logging_mixin.py:188} INFO - [2025-05-04T23:00:03.108+0000] {dag.py:3033} INFO - Sync 1 DAGs
[2025-05-04T23:00:03.113+0000] {logging_mixin.py:188} INFO - [2025-05-04T23:00:03.113+0000] {dag.py:3820} INFO - Setting next_dagrun for example_local_kubernetes_executor to None, run_after=None
[2025-05-04T23:00:03.120+0000] {processor.py:183} INFO - Processing /home/airflow/.local/lib/python3.8/site-packages/airflow/example_dags/example_local_kubernetes_executor.py took 0.039 seconds
[2025-05-04T23:00:33.729+0000] {processor.py:161} INFO - Started process (PID=347) to work on /home/airflow/.local/lib/python3.8/site-packages/airflow/example_dags/example_local_kubernetes_executor.py
[2025-05-04T23:00:33.732+0000] {processor.py:830} INFO - Processing file /home/airflow/.local/lib/python3.8/site-packages/airflow/example_dags/example_local_kubernetes_executor.py for tasks to queue
[2025-05-04T23:00:33.733+0000] {logging_mixin.py:188} INFO - [2025-05-04T23:00:33.733+0000] {dagbag.py:538} INFO - Filling up the DagBag from /home/airflow/.local/lib/python3.8/site-packages/airflow/example_dags/example_local_kubernetes_executor.py
[2025-05-04T23:00:33.739+0000] {processor.py:840} INFO - DAG(s) 'example_local_kubernetes_executor' retrieved from /home/airflow/.local/lib/python3.8/site-packages/airflow/example_dags/example_local_kubernetes_executor.py
[2025-05-04T23:00:33.759+0000] {logging_mixin.py:188} INFO - [2025-05-04T23:00:33.759+0000] {dag.py:3033} INFO - Sync 1 DAGs
[2025-05-04T23:00:33.764+0000] {logging_mixin.py:188} INFO - [2025-05-04T23:00:33.764+0000] {dag.py:3820} INFO - Setting next_dagrun for example_local_kubernetes_executor to None, run_after=None
[2025-05-04T23:00:33.782+0000] {processor.py:183} INFO - Processing /home/airflow/.local/lib/python3.8/site-packages/airflow/example_dags/example_local_kubernetes_executor.py took 0.055 seconds
[2025-05-04T23:01:04.397+0000] {processor.py:161} INFO - Started process (PID=403) to work on /home/airflow/.local/lib/python3.8/site-packages/airflow/example_dags/example_local_kubernetes_executor.py
[2025-05-04T23:01:04.398+0000] {processor.py:830} INFO - Processing file /home/airflow/.local/lib/python3.8/site-packages/airflow/example_dags/example_local_kubernetes_executor.py for tasks to queue
[2025-05-04T23:01:04.399+0000] {logging_mixin.py:188} INFO - [2025-05-04T23:01:04.399+0000] {dagbag.py:538} INFO - Filling up the DagBag from /home/airflow/.local/lib/python3.8/site-packages/airflow/example_dags/example_local_kubernetes_executor.py
[2025-05-04T23:01:04.402+0000] {processor.py:840} INFO - DAG(s) 'example_local_kubernetes_executor' retrieved from /home/airflow/.local/lib/python3.8/site-packages/airflow/example_dags/example_local_kubernetes_executor.py
[2025-05-04T23:01:04.417+0000] {logging_mixin.py:188} INFO - [2025-05-04T23:01:04.417+0000] {dag.py:3033} INFO - Sync 1 DAGs
[2025-05-04T23:01:04.423+0000] {logging_mixin.py:188} INFO - [2025-05-04T23:01:04.423+0000] {dag.py:3820} INFO - Setting next_dagrun for example_local_kubernetes_executor to None, run_after=None
[2025-05-04T23:01:04.431+0000] {processor.py:183} INFO - Processing /home/airflow/.local/lib/python3.8/site-packages/airflow/example_dags/example_local_kubernetes_executor.py took 0.036 seconds
[2025-05-04T23:01:34.980+0000] {processor.py:161} INFO - Started process (PID=459) to work on /home/airflow/.local/lib/python3.8/site-packages/airflow/example_dags/example_local_kubernetes_executor.py
[2025-05-04T23:01:34.982+0000] {processor.py:830} INFO - Processing file /home/airflow/.local/lib/python3.8/site-packages/airflow/example_dags/example_local_kubernetes_executor.py for tasks to queue
[2025-05-04T23:01:34.983+0000] {logging_mixin.py:188} INFO - [2025-05-04T23:01:34.983+0000] {dagbag.py:538} INFO - Filling up the DagBag from /home/airflow/.local/lib/python3.8/site-packages/airflow/example_dags/example_local_kubernetes_executor.py
[2025-05-04T23:01:34.987+0000] {processor.py:840} INFO - DAG(s) 'example_local_kubernetes_executor' retrieved from /home/airflow/.local/lib/python3.8/site-packages/airflow/example_dags/example_local_kubernetes_executor.py
[2025-05-04T23:01:35.009+0000] {logging_mixin.py:188} INFO - [2025-05-04T23:01:35.009+0000] {dag.py:3033} INFO - Sync 1 DAGs
[2025-05-04T23:01:35.015+0000] {logging_mixin.py:188} INFO - [2025-05-04T23:01:35.015+0000] {dag.py:3820} INFO - Setting next_dagrun for example_local_kubernetes_executor to None, run_after=None
[2025-05-04T23:01:35.023+0000] {processor.py:183} INFO - Processing /home/airflow/.local/lib/python3.8/site-packages/airflow/example_dags/example_local_kubernetes_executor.py took 0.045 seconds
[2025-05-04T23:02:05.526+0000] {processor.py:161} INFO - Started process (PID=515) to work on /home/airflow/.local/lib/python3.8/site-packages/airflow/example_dags/example_local_kubernetes_executor.py
[2025-05-04T23:02:05.526+0000] {processor.py:830} INFO - Processing file /home/airflow/.local/lib/python3.8/site-packages/airflow/example_dags/example_local_kubernetes_executor.py for tasks to queue
[2025-05-04T23:02:05.528+0000] {logging_mixin.py:188} INFO - [2025-05-04T23:02:05.528+0000] {dagbag.py:538} INFO - Filling up the DagBag from /home/airflow/.local/lib/python3.8/site-packages/airflow/example_dags/example_local_kubernetes_executor.py
[2025-05-04T23:02:05.533+0000] {processor.py:840} INFO - DAG(s) 'example_local_kubernetes_executor' retrieved from /home/airflow/.local/lib/python3.8/site-packages/airflow/example_dags/example_local_kubernetes_executor.py
[2025-05-04T23:02:05.547+0000] {logging_mixin.py:188} INFO - [2025-05-04T23:02:05.547+0000] {dag.py:3033} INFO - Sync 1 DAGs
[2025-05-04T23:02:05.552+0000] {logging_mixin.py:188} INFO - [2025-05-04T23:02:05.552+0000] {dag.py:3820} INFO - Setting next_dagrun for example_local_kubernetes_executor to None, run_after=None
[2025-05-04T23:02:05.563+0000] {processor.py:183} INFO - Processing /home/airflow/.local/lib/python3.8/site-packages/airflow/example_dags/example_local_kubernetes_executor.py took 0.039 seconds
[2025-05-04T23:02:36.073+0000] {processor.py:161} INFO - Started process (PID=571) to work on /home/airflow/.local/lib/python3.8/site-packages/airflow/example_dags/example_local_kubernetes_executor.py
[2025-05-04T23:02:36.073+0000] {processor.py:830} INFO - Processing file /home/airflow/.local/lib/python3.8/site-packages/airflow/example_dags/example_local_kubernetes_executor.py for tasks to queue
[2025-05-04T23:02:36.076+0000] {logging_mixin.py:188} INFO - [2025-05-04T23:02:36.076+0000] {dagbag.py:538} INFO - Filling up the DagBag from /home/airflow/.local/lib/python3.8/site-packages/airflow/example_dags/example_local_kubernetes_executor.py
[2025-05-04T23:02:36.081+0000] {processor.py:840} INFO - DAG(s) 'example_local_kubernetes_executor' retrieved from /home/airflow/.local/lib/python3.8/site-packages/airflow/example_dags/example_local_kubernetes_executor.py
[2025-05-04T23:02:36.098+0000] {logging_mixin.py:188} INFO - [2025-05-04T23:02:36.098+0000] {dag.py:3033} INFO - Sync 1 DAGs
[2025-05-04T23:02:36.103+0000] {logging_mixin.py:188} INFO - [2025-05-04T23:02:36.103+0000] {dag.py:3820} INFO - Setting next_dagrun for example_local_kubernetes_executor to None, run_after=None
[2025-05-04T23:02:36.110+0000] {processor.py:183} INFO - Processing /home/airflow/.local/lib/python3.8/site-packages/airflow/example_dags/example_local_kubernetes_executor.py took 0.039 seconds
[2025-05-04T23:03:06.883+0000] {processor.py:161} INFO - Started process (PID=627) to work on /home/airflow/.local/lib/python3.8/site-packages/airflow/example_dags/example_local_kubernetes_executor.py
[2025-05-04T23:03:06.884+0000] {processor.py:830} INFO - Processing file /home/airflow/.local/lib/python3.8/site-packages/airflow/example_dags/example_local_kubernetes_executor.py for tasks to queue
[2025-05-04T23:03:06.886+0000] {logging_mixin.py:188} INFO - [2025-05-04T23:03:06.886+0000] {dagbag.py:538} INFO - Filling up the DagBag from /home/airflow/.local/lib/python3.8/site-packages/airflow/example_dags/example_local_kubernetes_executor.py
[2025-05-04T23:03:06.890+0000] {processor.py:840} INFO - DAG(s) 'example_local_kubernetes_executor' retrieved from /home/airflow/.local/lib/python3.8/site-packages/airflow/example_dags/example_local_kubernetes_executor.py
[2025-05-04T23:03:06.907+0000] {logging_mixin.py:188} INFO - [2025-05-04T23:03:06.907+0000] {dag.py:3033} INFO - Sync 1 DAGs
[2025-05-04T23:03:06.911+0000] {logging_mixin.py:188} INFO - [2025-05-04T23:03:06.911+0000] {dag.py:3820} INFO - Setting next_dagrun for example_local_kubernetes_executor to None, run_after=None
[2025-05-04T23:03:06.920+0000] {processor.py:183} INFO - Processing /home/airflow/.local/lib/python3.8/site-packages/airflow/example_dags/example_local_kubernetes_executor.py took 0.039 seconds
[2025-05-04T23:03:37.466+0000] {processor.py:161} INFO - Started process (PID=683) to work on /home/airflow/.local/lib/python3.8/site-packages/airflow/example_dags/example_local_kubernetes_executor.py
[2025-05-04T23:03:37.467+0000] {processor.py:830} INFO - Processing file /home/airflow/.local/lib/python3.8/site-packages/airflow/example_dags/example_local_kubernetes_executor.py for tasks to queue
[2025-05-04T23:03:37.468+0000] {logging_mixin.py:188} INFO - [2025-05-04T23:03:37.468+0000] {dagbag.py:538} INFO - Filling up the DagBag from /home/airflow/.local/lib/python3.8/site-packages/airflow/example_dags/example_local_kubernetes_executor.py
[2025-05-04T23:03:37.471+0000] {processor.py:840} INFO - DAG(s) 'example_local_kubernetes_executor' retrieved from /home/airflow/.local/lib/python3.8/site-packages/airflow/example_dags/example_local_kubernetes_executor.py
[2025-05-04T23:03:37.491+0000] {logging_mixin.py:188} INFO - [2025-05-04T23:03:37.491+0000] {dag.py:3033} INFO - Sync 1 DAGs
[2025-05-04T23:03:37.496+0000] {logging_mixin.py:188} INFO - [2025-05-04T23:03:37.496+0000] {dag.py:3820} INFO - Setting next_dagrun for example_local_kubernetes_executor to None, run_after=None
[2025-05-04T23:03:37.505+0000] {processor.py:183} INFO - Processing /home/airflow/.local/lib/python3.8/site-packages/airflow/example_dags/example_local_kubernetes_executor.py took 0.040 seconds
[2025-05-04T23:04:28.575+0000] {processor.py:161} INFO - Started process (PID=66) to work on /home/airflow/.local/lib/python3.8/site-packages/airflow/example_dags/example_local_kubernetes_executor.py
[2025-05-04T23:04:28.576+0000] {processor.py:830} INFO - Processing file /home/airflow/.local/lib/python3.8/site-packages/airflow/example_dags/example_local_kubernetes_executor.py for tasks to queue
[2025-05-04T23:04:28.578+0000] {logging_mixin.py:188} INFO - [2025-05-04T23:04:28.578+0000] {dagbag.py:538} INFO - Filling up the DagBag from /home/airflow/.local/lib/python3.8/site-packages/airflow/example_dags/example_local_kubernetes_executor.py
[2025-05-04T23:04:28.583+0000] {processor.py:840} INFO - DAG(s) 'example_local_kubernetes_executor' retrieved from /home/airflow/.local/lib/python3.8/site-packages/airflow/example_dags/example_local_kubernetes_executor.py
[2025-05-04T23:04:28.590+0000] {logging_mixin.py:188} INFO - [2025-05-04T23:04:28.590+0000] {dag.py:3033} INFO - Sync 1 DAGs
[2025-05-04T23:04:28.598+0000] {logging_mixin.py:188} INFO - [2025-05-04T23:04:28.598+0000] {dag.py:3820} INFO - Setting next_dagrun for example_local_kubernetes_executor to None, run_after=None
[2025-05-04T23:04:28.610+0000] {processor.py:183} INFO - Processing /home/airflow/.local/lib/python3.8/site-packages/airflow/example_dags/example_local_kubernetes_executor.py took 0.037 seconds
[2025-05-04T23:04:58.742+0000] {processor.py:161} INFO - Started process (PID=122) to work on /home/airflow/.local/lib/python3.8/site-packages/airflow/example_dags/example_local_kubernetes_executor.py
[2025-05-04T23:04:58.743+0000] {processor.py:830} INFO - Processing file /home/airflow/.local/lib/python3.8/site-packages/airflow/example_dags/example_local_kubernetes_executor.py for tasks to queue
[2025-05-04T23:04:58.744+0000] {logging_mixin.py:188} INFO - [2025-05-04T23:04:58.744+0000] {dagbag.py:538} INFO - Filling up the DagBag from /home/airflow/.local/lib/python3.8/site-packages/airflow/example_dags/example_local_kubernetes_executor.py
[2025-05-04T23:04:58.748+0000] {processor.py:840} INFO - DAG(s) 'example_local_kubernetes_executor' retrieved from /home/airflow/.local/lib/python3.8/site-packages/airflow/example_dags/example_local_kubernetes_executor.py
[2025-05-04T23:04:58.802+0000] {logging_mixin.py:188} INFO - [2025-05-04T23:04:58.802+0000] {dag.py:3033} INFO - Sync 1 DAGs
[2025-05-04T23:04:58.807+0000] {logging_mixin.py:188} INFO - [2025-05-04T23:04:58.807+0000] {dag.py:3820} INFO - Setting next_dagrun for example_local_kubernetes_executor to None, run_after=None
[2025-05-04T23:04:58.817+0000] {processor.py:183} INFO - Processing /home/airflow/.local/lib/python3.8/site-packages/airflow/example_dags/example_local_kubernetes_executor.py took 0.077 seconds
[2025-05-04T23:05:29.834+0000] {processor.py:161} INFO - Started process (PID=178) to work on /home/airflow/.local/lib/python3.8/site-packages/airflow/example_dags/example_local_kubernetes_executor.py
[2025-05-04T23:05:29.836+0000] {processor.py:830} INFO - Processing file /home/airflow/.local/lib/python3.8/site-packages/airflow/example_dags/example_local_kubernetes_executor.py for tasks to queue
[2025-05-04T23:05:29.837+0000] {logging_mixin.py:188} INFO - [2025-05-04T23:05:29.837+0000] {dagbag.py:538} INFO - Filling up the DagBag from /home/airflow/.local/lib/python3.8/site-packages/airflow/example_dags/example_local_kubernetes_executor.py
[2025-05-04T23:05:29.845+0000] {processor.py:840} INFO - DAG(s) 'example_local_kubernetes_executor' retrieved from /home/airflow/.local/lib/python3.8/site-packages/airflow/example_dags/example_local_kubernetes_executor.py
[2025-05-04T23:05:29.868+0000] {logging_mixin.py:188} INFO - [2025-05-04T23:05:29.868+0000] {dag.py:3033} INFO - Sync 1 DAGs
[2025-05-04T23:05:29.877+0000] {logging_mixin.py:188} INFO - [2025-05-04T23:05:29.877+0000] {dag.py:3820} INFO - Setting next_dagrun for example_local_kubernetes_executor to None, run_after=None
[2025-05-04T23:05:29.890+0000] {processor.py:183} INFO - Processing /home/airflow/.local/lib/python3.8/site-packages/airflow/example_dags/example_local_kubernetes_executor.py took 0.059 seconds
[2025-05-04T23:06:31.326+0000] {processor.py:161} INFO - Started process (PID=61) to work on /home/airflow/.local/lib/python3.8/site-packages/airflow/example_dags/example_local_kubernetes_executor.py
[2025-05-04T23:06:31.328+0000] {processor.py:830} INFO - Processing file /home/airflow/.local/lib/python3.8/site-packages/airflow/example_dags/example_local_kubernetes_executor.py for tasks to queue
[2025-05-04T23:06:31.331+0000] {logging_mixin.py:188} INFO - [2025-05-04T23:06:31.331+0000] {dagbag.py:538} INFO - Filling up the DagBag from /home/airflow/.local/lib/python3.8/site-packages/airflow/example_dags/example_local_kubernetes_executor.py
[2025-05-04T23:06:31.343+0000] {processor.py:840} INFO - DAG(s) 'example_local_kubernetes_executor' retrieved from /home/airflow/.local/lib/python3.8/site-packages/airflow/example_dags/example_local_kubernetes_executor.py
[2025-05-04T23:06:31.352+0000] {logging_mixin.py:188} INFO - [2025-05-04T23:06:31.352+0000] {dag.py:3033} INFO - Sync 1 DAGs
[2025-05-04T23:06:31.362+0000] {logging_mixin.py:188} INFO - [2025-05-04T23:06:31.362+0000] {dag.py:3820} INFO - Setting next_dagrun for example_local_kubernetes_executor to None, run_after=None
[2025-05-04T23:06:31.379+0000] {processor.py:183} INFO - Processing /home/airflow/.local/lib/python3.8/site-packages/airflow/example_dags/example_local_kubernetes_executor.py took 0.056 seconds
[2025-05-04T23:07:01.643+0000] {processor.py:161} INFO - Started process (PID=117) to work on /home/airflow/.local/lib/python3.8/site-packages/airflow/example_dags/example_local_kubernetes_executor.py
[2025-05-04T23:07:01.644+0000] {processor.py:830} INFO - Processing file /home/airflow/.local/lib/python3.8/site-packages/airflow/example_dags/example_local_kubernetes_executor.py for tasks to queue
[2025-05-04T23:07:01.645+0000] {logging_mixin.py:188} INFO - [2025-05-04T23:07:01.645+0000] {dagbag.py:538} INFO - Filling up the DagBag from /home/airflow/.local/lib/python3.8/site-packages/airflow/example_dags/example_local_kubernetes_executor.py
[2025-05-04T23:07:01.649+0000] {processor.py:840} INFO - DAG(s) 'example_local_kubernetes_executor' retrieved from /home/airflow/.local/lib/python3.8/site-packages/airflow/example_dags/example_local_kubernetes_executor.py
[2025-05-04T23:07:01.692+0000] {logging_mixin.py:188} INFO - [2025-05-04T23:07:01.692+0000] {dag.py:3033} INFO - Sync 1 DAGs
[2025-05-04T23:07:01.696+0000] {logging_mixin.py:188} INFO - [2025-05-04T23:07:01.696+0000] {dag.py:3820} INFO - Setting next_dagrun for example_local_kubernetes_executor to None, run_after=None
[2025-05-04T23:07:01.706+0000] {processor.py:183} INFO - Processing /home/airflow/.local/lib/python3.8/site-packages/airflow/example_dags/example_local_kubernetes_executor.py took 0.064 seconds
[2025-05-04T23:07:32.677+0000] {processor.py:161} INFO - Started process (PID=179) to work on /home/airflow/.local/lib/python3.8/site-packages/airflow/example_dags/example_local_kubernetes_executor.py
[2025-05-04T23:07:32.680+0000] {processor.py:830} INFO - Processing file /home/airflow/.local/lib/python3.8/site-packages/airflow/example_dags/example_local_kubernetes_executor.py for tasks to queue
[2025-05-04T23:07:32.682+0000] {logging_mixin.py:188} INFO - [2025-05-04T23:07:32.681+0000] {dagbag.py:538} INFO - Filling up the DagBag from /home/airflow/.local/lib/python3.8/site-packages/airflow/example_dags/example_local_kubernetes_executor.py
[2025-05-04T23:07:32.685+0000] {processor.py:840} INFO - DAG(s) 'example_local_kubernetes_executor' retrieved from /home/airflow/.local/lib/python3.8/site-packages/airflow/example_dags/example_local_kubernetes_executor.py
[2025-05-04T23:07:32.704+0000] {logging_mixin.py:188} INFO - [2025-05-04T23:07:32.703+0000] {dag.py:3033} INFO - Sync 1 DAGs
[2025-05-04T23:07:32.711+0000] {logging_mixin.py:188} INFO - [2025-05-04T23:07:32.711+0000] {dag.py:3820} INFO - Setting next_dagrun for example_local_kubernetes_executor to None, run_after=None
[2025-05-04T23:07:32.721+0000] {processor.py:183} INFO - Processing /home/airflow/.local/lib/python3.8/site-packages/airflow/example_dags/example_local_kubernetes_executor.py took 0.046 seconds
[2025-05-04T23:08:03.218+0000] {processor.py:161} INFO - Started process (PID=235) to work on /home/airflow/.local/lib/python3.8/site-packages/airflow/example_dags/example_local_kubernetes_executor.py
[2025-05-04T23:08:03.219+0000] {processor.py:830} INFO - Processing file /home/airflow/.local/lib/python3.8/site-packages/airflow/example_dags/example_local_kubernetes_executor.py for tasks to queue
[2025-05-04T23:08:03.220+0000] {logging_mixin.py:188} INFO - [2025-05-04T23:08:03.219+0000] {dagbag.py:538} INFO - Filling up the DagBag from /home/airflow/.local/lib/python3.8/site-packages/airflow/example_dags/example_local_kubernetes_executor.py
[2025-05-04T23:08:03.223+0000] {processor.py:840} INFO - DAG(s) 'example_local_kubernetes_executor' retrieved from /home/airflow/.local/lib/python3.8/site-packages/airflow/example_dags/example_local_kubernetes_executor.py
[2025-05-04T23:08:03.239+0000] {logging_mixin.py:188} INFO - [2025-05-04T23:08:03.238+0000] {dag.py:3033} INFO - Sync 1 DAGs
[2025-05-04T23:08:03.245+0000] {logging_mixin.py:188} INFO - [2025-05-04T23:08:03.245+0000] {dag.py:3820} INFO - Setting next_dagrun for example_local_kubernetes_executor to None, run_after=None
[2025-05-04T23:08:03.252+0000] {processor.py:183} INFO - Processing /home/airflow/.local/lib/python3.8/site-packages/airflow/example_dags/example_local_kubernetes_executor.py took 0.036 seconds
[2025-05-04T23:08:33.798+0000] {processor.py:161} INFO - Started process (PID=291) to work on /home/airflow/.local/lib/python3.8/site-packages/airflow/example_dags/example_local_kubernetes_executor.py
[2025-05-04T23:08:33.800+0000] {processor.py:830} INFO - Processing file /home/airflow/.local/lib/python3.8/site-packages/airflow/example_dags/example_local_kubernetes_executor.py for tasks to queue
[2025-05-04T23:08:33.801+0000] {logging_mixin.py:188} INFO - [2025-05-04T23:08:33.801+0000] {dagbag.py:538} INFO - Filling up the DagBag from /home/airflow/.local/lib/python3.8/site-packages/airflow/example_dags/example_local_kubernetes_executor.py
[2025-05-04T23:08:33.804+0000] {processor.py:840} INFO - DAG(s) 'example_local_kubernetes_executor' retrieved from /home/airflow/.local/lib/python3.8/site-packages/airflow/example_dags/example_local_kubernetes_executor.py
[2025-05-04T23:08:33.822+0000] {logging_mixin.py:188} INFO - [2025-05-04T23:08:33.821+0000] {dag.py:3033} INFO - Sync 1 DAGs
[2025-05-04T23:08:33.827+0000] {logging_mixin.py:188} INFO - [2025-05-04T23:08:33.827+0000] {dag.py:3820} INFO - Setting next_dagrun for example_local_kubernetes_executor to None, run_after=None
[2025-05-04T23:08:33.839+0000] {processor.py:183} INFO - Processing /home/airflow/.local/lib/python3.8/site-packages/airflow/example_dags/example_local_kubernetes_executor.py took 0.043 seconds
[2025-05-04T23:09:04.564+0000] {processor.py:161} INFO - Started process (PID=346) to work on /home/airflow/.local/lib/python3.8/site-packages/airflow/example_dags/example_local_kubernetes_executor.py
[2025-05-04T23:09:04.565+0000] {processor.py:830} INFO - Processing file /home/airflow/.local/lib/python3.8/site-packages/airflow/example_dags/example_local_kubernetes_executor.py for tasks to queue
[2025-05-04T23:09:04.566+0000] {logging_mixin.py:188} INFO - [2025-05-04T23:09:04.566+0000] {dagbag.py:538} INFO - Filling up the DagBag from /home/airflow/.local/lib/python3.8/site-packages/airflow/example_dags/example_local_kubernetes_executor.py
[2025-05-04T23:09:04.572+0000] {processor.py:840} INFO - DAG(s) 'example_local_kubernetes_executor' retrieved from /home/airflow/.local/lib/python3.8/site-packages/airflow/example_dags/example_local_kubernetes_executor.py
[2025-05-04T23:09:04.590+0000] {logging_mixin.py:188} INFO - [2025-05-04T23:09:04.590+0000] {dag.py:3033} INFO - Sync 1 DAGs
[2025-05-04T23:09:04.595+0000] {logging_mixin.py:188} INFO - [2025-05-04T23:09:04.595+0000] {dag.py:3820} INFO - Setting next_dagrun for example_local_kubernetes_executor to None, run_after=None
[2025-05-04T23:09:04.606+0000] {processor.py:183} INFO - Processing /home/airflow/.local/lib/python3.8/site-packages/airflow/example_dags/example_local_kubernetes_executor.py took 0.044 seconds
[2025-05-04T23:09:34.628+0000] {processor.py:161} INFO - Started process (PID=402) to work on /home/airflow/.local/lib/python3.8/site-packages/airflow/example_dags/example_local_kubernetes_executor.py
[2025-05-04T23:09:34.629+0000] {processor.py:830} INFO - Processing file /home/airflow/.local/lib/python3.8/site-packages/airflow/example_dags/example_local_kubernetes_executor.py for tasks to queue
[2025-05-04T23:09:34.630+0000] {logging_mixin.py:188} INFO - [2025-05-04T23:09:34.630+0000] {dagbag.py:538} INFO - Filling up the DagBag from /home/airflow/.local/lib/python3.8/site-packages/airflow/example_dags/example_local_kubernetes_executor.py
[2025-05-04T23:09:34.634+0000] {processor.py:840} INFO - DAG(s) 'example_local_kubernetes_executor' retrieved from /home/airflow/.local/lib/python3.8/site-packages/airflow/example_dags/example_local_kubernetes_executor.py
[2025-05-04T23:09:34.650+0000] {logging_mixin.py:188} INFO - [2025-05-04T23:09:34.650+0000] {dag.py:3033} INFO - Sync 1 DAGs
[2025-05-04T23:09:34.656+0000] {logging_mixin.py:188} INFO - [2025-05-04T23:09:34.656+0000] {dag.py:3820} INFO - Setting next_dagrun for example_local_kubernetes_executor to None, run_after=None
[2025-05-04T23:09:34.666+0000] {processor.py:183} INFO - Processing /home/airflow/.local/lib/python3.8/site-packages/airflow/example_dags/example_local_kubernetes_executor.py took 0.040 seconds
[2025-05-04T23:10:05.454+0000] {processor.py:161} INFO - Started process (PID=458) to work on /home/airflow/.local/lib/python3.8/site-packages/airflow/example_dags/example_local_kubernetes_executor.py
[2025-05-04T23:10:05.455+0000] {processor.py:830} INFO - Processing file /home/airflow/.local/lib/python3.8/site-packages/airflow/example_dags/example_local_kubernetes_executor.py for tasks to queue
[2025-05-04T23:10:05.456+0000] {logging_mixin.py:188} INFO - [2025-05-04T23:10:05.456+0000] {dagbag.py:538} INFO - Filling up the DagBag from /home/airflow/.local/lib/python3.8/site-packages/airflow/example_dags/example_local_kubernetes_executor.py
[2025-05-04T23:10:05.461+0000] {processor.py:840} INFO - DAG(s) 'example_local_kubernetes_executor' retrieved from /home/airflow/.local/lib/python3.8/site-packages/airflow/example_dags/example_local_kubernetes_executor.py
[2025-05-04T23:10:05.483+0000] {logging_mixin.py:188} INFO - [2025-05-04T23:10:05.483+0000] {dag.py:3033} INFO - Sync 1 DAGs
[2025-05-04T23:10:05.490+0000] {logging_mixin.py:188} INFO - [2025-05-04T23:10:05.490+0000] {dag.py:3820} INFO - Setting next_dagrun for example_local_kubernetes_executor to None, run_after=None
[2025-05-04T23:10:05.510+0000] {processor.py:183} INFO - Processing /home/airflow/.local/lib/python3.8/site-packages/airflow/example_dags/example_local_kubernetes_executor.py took 0.058 seconds
[2025-05-04T23:10:36.129+0000] {processor.py:161} INFO - Started process (PID=514) to work on /home/airflow/.local/lib/python3.8/site-packages/airflow/example_dags/example_local_kubernetes_executor.py
[2025-05-04T23:10:36.130+0000] {processor.py:830} INFO - Processing file /home/airflow/.local/lib/python3.8/site-packages/airflow/example_dags/example_local_kubernetes_executor.py for tasks to queue
[2025-05-04T23:10:36.132+0000] {logging_mixin.py:188} INFO - [2025-05-04T23:10:36.132+0000] {dagbag.py:538} INFO - Filling up the DagBag from /home/airflow/.local/lib/python3.8/site-packages/airflow/example_dags/example_local_kubernetes_executor.py
[2025-05-04T23:10:36.136+0000] {processor.py:840} INFO - DAG(s) 'example_local_kubernetes_executor' retrieved from /home/airflow/.local/lib/python3.8/site-packages/airflow/example_dags/example_local_kubernetes_executor.py
[2025-05-04T23:10:36.152+0000] {logging_mixin.py:188} INFO - [2025-05-04T23:10:36.152+0000] {dag.py:3033} INFO - Sync 1 DAGs
[2025-05-04T23:10:36.158+0000] {logging_mixin.py:188} INFO - [2025-05-04T23:10:36.158+0000] {dag.py:3820} INFO - Setting next_dagrun for example_local_kubernetes_executor to None, run_after=None
[2025-05-04T23:10:36.169+0000] {processor.py:183} INFO - Processing /home/airflow/.local/lib/python3.8/site-packages/airflow/example_dags/example_local_kubernetes_executor.py took 0.042 seconds
[2025-05-04T23:11:06.823+0000] {processor.py:161} INFO - Started process (PID=570) to work on /home/airflow/.local/lib/python3.8/site-packages/airflow/example_dags/example_local_kubernetes_executor.py
[2025-05-04T23:11:06.824+0000] {processor.py:830} INFO - Processing file /home/airflow/.local/lib/python3.8/site-packages/airflow/example_dags/example_local_kubernetes_executor.py for tasks to queue
[2025-05-04T23:11:06.825+0000] {logging_mixin.py:188} INFO - [2025-05-04T23:11:06.825+0000] {dagbag.py:538} INFO - Filling up the DagBag from /home/airflow/.local/lib/python3.8/site-packages/airflow/example_dags/example_local_kubernetes_executor.py
[2025-05-04T23:11:06.828+0000] {processor.py:840} INFO - DAG(s) 'example_local_kubernetes_executor' retrieved from /home/airflow/.local/lib/python3.8/site-packages/airflow/example_dags/example_local_kubernetes_executor.py
[2025-05-04T23:11:06.847+0000] {logging_mixin.py:188} INFO - [2025-05-04T23:11:06.847+0000] {dag.py:3033} INFO - Sync 1 DAGs
[2025-05-04T23:11:06.854+0000] {logging_mixin.py:188} INFO - [2025-05-04T23:11:06.853+0000] {dag.py:3820} INFO - Setting next_dagrun for example_local_kubernetes_executor to None, run_after=None
[2025-05-04T23:11:06.864+0000] {processor.py:183} INFO - Processing /home/airflow/.local/lib/python3.8/site-packages/airflow/example_dags/example_local_kubernetes_executor.py took 0.043 seconds
[2025-05-04T23:11:37.464+0000] {processor.py:161} INFO - Started process (PID=626) to work on /home/airflow/.local/lib/python3.8/site-packages/airflow/example_dags/example_local_kubernetes_executor.py
[2025-05-04T23:11:37.465+0000] {processor.py:830} INFO - Processing file /home/airflow/.local/lib/python3.8/site-packages/airflow/example_dags/example_local_kubernetes_executor.py for tasks to queue
[2025-05-04T23:11:37.468+0000] {logging_mixin.py:188} INFO - [2025-05-04T23:11:37.468+0000] {dagbag.py:538} INFO - Filling up the DagBag from /home/airflow/.local/lib/python3.8/site-packages/airflow/example_dags/example_local_kubernetes_executor.py
[2025-05-04T23:11:37.471+0000] {processor.py:840} INFO - DAG(s) 'example_local_kubernetes_executor' retrieved from /home/airflow/.local/lib/python3.8/site-packages/airflow/example_dags/example_local_kubernetes_executor.py
[2025-05-04T23:11:37.488+0000] {logging_mixin.py:188} INFO - [2025-05-04T23:11:37.488+0000] {dag.py:3033} INFO - Sync 1 DAGs
[2025-05-04T23:11:37.495+0000] {logging_mixin.py:188} INFO - [2025-05-04T23:11:37.495+0000] {dag.py:3820} INFO - Setting next_dagrun for example_local_kubernetes_executor to None, run_after=None
[2025-05-04T23:11:37.504+0000] {processor.py:183} INFO - Processing /home/airflow/.local/lib/python3.8/site-packages/airflow/example_dags/example_local_kubernetes_executor.py took 0.042 seconds
[2025-05-04T23:12:08.097+0000] {processor.py:161} INFO - Started process (PID=682) to work on /home/airflow/.local/lib/python3.8/site-packages/airflow/example_dags/example_local_kubernetes_executor.py
[2025-05-04T23:12:08.097+0000] {processor.py:830} INFO - Processing file /home/airflow/.local/lib/python3.8/site-packages/airflow/example_dags/example_local_kubernetes_executor.py for tasks to queue
[2025-05-04T23:12:08.099+0000] {logging_mixin.py:188} INFO - [2025-05-04T23:12:08.098+0000] {dagbag.py:538} INFO - Filling up the DagBag from /home/airflow/.local/lib/python3.8/site-packages/airflow/example_dags/example_local_kubernetes_executor.py
[2025-05-04T23:12:08.103+0000] {processor.py:840} INFO - DAG(s) 'example_local_kubernetes_executor' retrieved from /home/airflow/.local/lib/python3.8/site-packages/airflow/example_dags/example_local_kubernetes_executor.py
[2025-05-04T23:12:08.124+0000] {logging_mixin.py:188} INFO - [2025-05-04T23:12:08.124+0000] {dag.py:3033} INFO - Sync 1 DAGs
[2025-05-04T23:12:08.131+0000] {logging_mixin.py:188} INFO - [2025-05-04T23:12:08.131+0000] {dag.py:3820} INFO - Setting next_dagrun for example_local_kubernetes_executor to None, run_after=None
[2025-05-04T23:12:08.143+0000] {processor.py:183} INFO - Processing /home/airflow/.local/lib/python3.8/site-packages/airflow/example_dags/example_local_kubernetes_executor.py took 0.048 seconds
[2025-05-04T23:12:38.755+0000] {processor.py:161} INFO - Started process (PID=738) to work on /home/airflow/.local/lib/python3.8/site-packages/airflow/example_dags/example_local_kubernetes_executor.py
[2025-05-04T23:12:38.758+0000] {processor.py:830} INFO - Processing file /home/airflow/.local/lib/python3.8/site-packages/airflow/example_dags/example_local_kubernetes_executor.py for tasks to queue
[2025-05-04T23:12:38.760+0000] {logging_mixin.py:188} INFO - [2025-05-04T23:12:38.760+0000] {dagbag.py:538} INFO - Filling up the DagBag from /home/airflow/.local/lib/python3.8/site-packages/airflow/example_dags/example_local_kubernetes_executor.py
[2025-05-04T23:12:38.764+0000] {processor.py:840} INFO - DAG(s) 'example_local_kubernetes_executor' retrieved from /home/airflow/.local/lib/python3.8/site-packages/airflow/example_dags/example_local_kubernetes_executor.py
[2025-05-04T23:12:38.781+0000] {logging_mixin.py:188} INFO - [2025-05-04T23:12:38.781+0000] {dag.py:3033} INFO - Sync 1 DAGs
[2025-05-04T23:12:38.787+0000] {logging_mixin.py:188} INFO - [2025-05-04T23:12:38.787+0000] {dag.py:3820} INFO - Setting next_dagrun for example_local_kubernetes_executor to None, run_after=None
[2025-05-04T23:12:38.797+0000] {processor.py:183} INFO - Processing /home/airflow/.local/lib/python3.8/site-packages/airflow/example_dags/example_local_kubernetes_executor.py took 0.044 seconds
[2025-05-04T23:13:09.392+0000] {processor.py:161} INFO - Started process (PID=794) to work on /home/airflow/.local/lib/python3.8/site-packages/airflow/example_dags/example_local_kubernetes_executor.py
[2025-05-04T23:13:09.393+0000] {processor.py:830} INFO - Processing file /home/airflow/.local/lib/python3.8/site-packages/airflow/example_dags/example_local_kubernetes_executor.py for tasks to queue
[2025-05-04T23:13:09.395+0000] {logging_mixin.py:188} INFO - [2025-05-04T23:13:09.395+0000] {dagbag.py:538} INFO - Filling up the DagBag from /home/airflow/.local/lib/python3.8/site-packages/airflow/example_dags/example_local_kubernetes_executor.py
[2025-05-04T23:13:09.400+0000] {processor.py:840} INFO - DAG(s) 'example_local_kubernetes_executor' retrieved from /home/airflow/.local/lib/python3.8/site-packages/airflow/example_dags/example_local_kubernetes_executor.py
[2025-05-04T23:13:09.415+0000] {logging_mixin.py:188} INFO - [2025-05-04T23:13:09.415+0000] {dag.py:3033} INFO - Sync 1 DAGs
[2025-05-04T23:13:09.422+0000] {logging_mixin.py:188} INFO - [2025-05-04T23:13:09.422+0000] {dag.py:3820} INFO - Setting next_dagrun for example_local_kubernetes_executor to None, run_after=None
[2025-05-04T23:13:09.432+0000] {processor.py:183} INFO - Processing /home/airflow/.local/lib/python3.8/site-packages/airflow/example_dags/example_local_kubernetes_executor.py took 0.042 seconds
[2025-05-04T23:13:40.045+0000] {processor.py:161} INFO - Started process (PID=850) to work on /home/airflow/.local/lib/python3.8/site-packages/airflow/example_dags/example_local_kubernetes_executor.py
[2025-05-04T23:13:40.046+0000] {processor.py:830} INFO - Processing file /home/airflow/.local/lib/python3.8/site-packages/airflow/example_dags/example_local_kubernetes_executor.py for tasks to queue
[2025-05-04T23:13:40.048+0000] {logging_mixin.py:188} INFO - [2025-05-04T23:13:40.047+0000] {dagbag.py:538} INFO - Filling up the DagBag from /home/airflow/.local/lib/python3.8/site-packages/airflow/example_dags/example_local_kubernetes_executor.py
[2025-05-04T23:13:40.054+0000] {processor.py:840} INFO - DAG(s) 'example_local_kubernetes_executor' retrieved from /home/airflow/.local/lib/python3.8/site-packages/airflow/example_dags/example_local_kubernetes_executor.py
[2025-05-04T23:13:40.081+0000] {logging_mixin.py:188} INFO - [2025-05-04T23:13:40.081+0000] {dag.py:3033} INFO - Sync 1 DAGs
[2025-05-04T23:13:40.090+0000] {logging_mixin.py:188} INFO - [2025-05-04T23:13:40.090+0000] {dag.py:3820} INFO - Setting next_dagrun for example_local_kubernetes_executor to None, run_after=None
[2025-05-04T23:13:40.103+0000] {processor.py:183} INFO - Processing /home/airflow/.local/lib/python3.8/site-packages/airflow/example_dags/example_local_kubernetes_executor.py took 0.063 seconds
[2025-05-04T23:14:10.767+0000] {processor.py:161} INFO - Started process (PID=906) to work on /home/airflow/.local/lib/python3.8/site-packages/airflow/example_dags/example_local_kubernetes_executor.py
[2025-05-04T23:14:10.768+0000] {processor.py:830} INFO - Processing file /home/airflow/.local/lib/python3.8/site-packages/airflow/example_dags/example_local_kubernetes_executor.py for tasks to queue
[2025-05-04T23:14:10.769+0000] {logging_mixin.py:188} INFO - [2025-05-04T23:14:10.768+0000] {dagbag.py:538} INFO - Filling up the DagBag from /home/airflow/.local/lib/python3.8/site-packages/airflow/example_dags/example_local_kubernetes_executor.py
[2025-05-04T23:14:10.773+0000] {processor.py:840} INFO - DAG(s) 'example_local_kubernetes_executor' retrieved from /home/airflow/.local/lib/python3.8/site-packages/airflow/example_dags/example_local_kubernetes_executor.py
[2025-05-04T23:14:10.791+0000] {logging_mixin.py:188} INFO - [2025-05-04T23:14:10.791+0000] {dag.py:3033} INFO - Sync 1 DAGs
[2025-05-04T23:14:10.797+0000] {logging_mixin.py:188} INFO - [2025-05-04T23:14:10.797+0000] {dag.py:3820} INFO - Setting next_dagrun for example_local_kubernetes_executor to None, run_after=None
[2025-05-04T23:14:10.807+0000] {processor.py:183} INFO - Processing /home/airflow/.local/lib/python3.8/site-packages/airflow/example_dags/example_local_kubernetes_executor.py took 0.042 seconds
[2025-05-04T23:14:41.703+0000] {processor.py:161} INFO - Started process (PID=962) to work on /home/airflow/.local/lib/python3.8/site-packages/airflow/example_dags/example_local_kubernetes_executor.py
[2025-05-04T23:14:41.705+0000] {processor.py:830} INFO - Processing file /home/airflow/.local/lib/python3.8/site-packages/airflow/example_dags/example_local_kubernetes_executor.py for tasks to queue
[2025-05-04T23:14:41.706+0000] {logging_mixin.py:188} INFO - [2025-05-04T23:14:41.706+0000] {dagbag.py:538} INFO - Filling up the DagBag from /home/airflow/.local/lib/python3.8/site-packages/airflow/example_dags/example_local_kubernetes_executor.py
[2025-05-04T23:14:41.710+0000] {processor.py:840} INFO - DAG(s) 'example_local_kubernetes_executor' retrieved from /home/airflow/.local/lib/python3.8/site-packages/airflow/example_dags/example_local_kubernetes_executor.py
[2025-05-04T23:14:41.729+0000] {logging_mixin.py:188} INFO - [2025-05-04T23:14:41.729+0000] {dag.py:3033} INFO - Sync 1 DAGs
[2025-05-04T23:14:41.734+0000] {logging_mixin.py:188} INFO - [2025-05-04T23:14:41.734+0000] {dag.py:3820} INFO - Setting next_dagrun for example_local_kubernetes_executor to None, run_after=None
[2025-05-04T23:14:41.748+0000] {processor.py:183} INFO - Processing /home/airflow/.local/lib/python3.8/site-packages/airflow/example_dags/example_local_kubernetes_executor.py took 0.047 seconds
[2025-05-04T23:15:11.868+0000] {processor.py:161} INFO - Started process (PID=1018) to work on /home/airflow/.local/lib/python3.8/site-packages/airflow/example_dags/example_local_kubernetes_executor.py
[2025-05-04T23:15:11.870+0000] {processor.py:830} INFO - Processing file /home/airflow/.local/lib/python3.8/site-packages/airflow/example_dags/example_local_kubernetes_executor.py for tasks to queue
[2025-05-04T23:15:11.872+0000] {logging_mixin.py:188} INFO - [2025-05-04T23:15:11.872+0000] {dagbag.py:538} INFO - Filling up the DagBag from /home/airflow/.local/lib/python3.8/site-packages/airflow/example_dags/example_local_kubernetes_executor.py
[2025-05-04T23:15:11.877+0000] {processor.py:840} INFO - DAG(s) 'example_local_kubernetes_executor' retrieved from /home/airflow/.local/lib/python3.8/site-packages/airflow/example_dags/example_local_kubernetes_executor.py
[2025-05-04T23:15:11.901+0000] {logging_mixin.py:188} INFO - [2025-05-04T23:15:11.901+0000] {dag.py:3033} INFO - Sync 1 DAGs
[2025-05-04T23:15:11.908+0000] {logging_mixin.py:188} INFO - [2025-05-04T23:15:11.908+0000] {dag.py:3820} INFO - Setting next_dagrun for example_local_kubernetes_executor to None, run_after=None
[2025-05-04T23:15:11.919+0000] {processor.py:183} INFO - Processing /home/airflow/.local/lib/python3.8/site-packages/airflow/example_dags/example_local_kubernetes_executor.py took 0.053 seconds
[2025-05-04T23:15:42.447+0000] {processor.py:161} INFO - Started process (PID=1074) to work on /home/airflow/.local/lib/python3.8/site-packages/airflow/example_dags/example_local_kubernetes_executor.py
[2025-05-04T23:15:42.448+0000] {processor.py:830} INFO - Processing file /home/airflow/.local/lib/python3.8/site-packages/airflow/example_dags/example_local_kubernetes_executor.py for tasks to queue
[2025-05-04T23:15:42.449+0000] {logging_mixin.py:188} INFO - [2025-05-04T23:15:42.449+0000] {dagbag.py:538} INFO - Filling up the DagBag from /home/airflow/.local/lib/python3.8/site-packages/airflow/example_dags/example_local_kubernetes_executor.py
[2025-05-04T23:15:42.453+0000] {processor.py:840} INFO - DAG(s) 'example_local_kubernetes_executor' retrieved from /home/airflow/.local/lib/python3.8/site-packages/airflow/example_dags/example_local_kubernetes_executor.py
[2025-05-04T23:15:42.469+0000] {logging_mixin.py:188} INFO - [2025-05-04T23:15:42.469+0000] {dag.py:3033} INFO - Sync 1 DAGs
[2025-05-04T23:15:42.475+0000] {logging_mixin.py:188} INFO - [2025-05-04T23:15:42.475+0000] {dag.py:3820} INFO - Setting next_dagrun for example_local_kubernetes_executor to None, run_after=None
[2025-05-04T23:15:42.488+0000] {processor.py:183} INFO - Processing /home/airflow/.local/lib/python3.8/site-packages/airflow/example_dags/example_local_kubernetes_executor.py took 0.043 seconds
[2025-05-04T23:18:31.564+0000] {processor.py:161} INFO - Started process (PID=61) to work on /home/airflow/.local/lib/python3.8/site-packages/airflow/example_dags/example_local_kubernetes_executor.py
[2025-05-04T23:18:31.565+0000] {processor.py:830} INFO - Processing file /home/airflow/.local/lib/python3.8/site-packages/airflow/example_dags/example_local_kubernetes_executor.py for tasks to queue
[2025-05-04T23:18:31.567+0000] {logging_mixin.py:188} INFO - [2025-05-04T23:18:31.567+0000] {dagbag.py:538} INFO - Filling up the DagBag from /home/airflow/.local/lib/python3.8/site-packages/airflow/example_dags/example_local_kubernetes_executor.py
[2025-05-04T23:18:31.574+0000] {processor.py:840} INFO - DAG(s) 'example_local_kubernetes_executor' retrieved from /home/airflow/.local/lib/python3.8/site-packages/airflow/example_dags/example_local_kubernetes_executor.py
[2025-05-04T23:18:31.593+0000] {logging_mixin.py:188} INFO - [2025-05-04T23:18:31.592+0000] {dag.py:3033} INFO - Sync 1 DAGs
[2025-05-04T23:18:31.607+0000] {logging_mixin.py:188} INFO - [2025-05-04T23:18:31.607+0000] {dag.py:3820} INFO - Setting next_dagrun for example_local_kubernetes_executor to None, run_after=None
[2025-05-04T23:18:31.622+0000] {processor.py:183} INFO - Processing /home/airflow/.local/lib/python3.8/site-packages/airflow/example_dags/example_local_kubernetes_executor.py took 0.063 seconds
[2025-05-04T23:19:01.823+0000] {processor.py:161} INFO - Started process (PID=117) to work on /home/airflow/.local/lib/python3.8/site-packages/airflow/example_dags/example_local_kubernetes_executor.py
[2025-05-04T23:19:01.823+0000] {processor.py:830} INFO - Processing file /home/airflow/.local/lib/python3.8/site-packages/airflow/example_dags/example_local_kubernetes_executor.py for tasks to queue
[2025-05-04T23:19:01.824+0000] {logging_mixin.py:188} INFO - [2025-05-04T23:19:01.824+0000] {dagbag.py:538} INFO - Filling up the DagBag from /home/airflow/.local/lib/python3.8/site-packages/airflow/example_dags/example_local_kubernetes_executor.py
[2025-05-04T23:19:01.828+0000] {processor.py:840} INFO - DAG(s) 'example_local_kubernetes_executor' retrieved from /home/airflow/.local/lib/python3.8/site-packages/airflow/example_dags/example_local_kubernetes_executor.py
[2025-05-04T23:19:01.880+0000] {logging_mixin.py:188} INFO - [2025-05-04T23:19:01.880+0000] {dag.py:3033} INFO - Sync 1 DAGs
[2025-05-04T23:19:01.884+0000] {logging_mixin.py:188} INFO - [2025-05-04T23:19:01.884+0000] {dag.py:3820} INFO - Setting next_dagrun for example_local_kubernetes_executor to None, run_after=None
[2025-05-04T23:19:01.904+0000] {processor.py:183} INFO - Processing /home/airflow/.local/lib/python3.8/site-packages/airflow/example_dags/example_local_kubernetes_executor.py took 0.083 seconds
[2025-05-04T23:19:32.172+0000] {processor.py:161} INFO - Started process (PID=173) to work on /home/airflow/.local/lib/python3.8/site-packages/airflow/example_dags/example_local_kubernetes_executor.py
[2025-05-04T23:19:32.175+0000] {processor.py:830} INFO - Processing file /home/airflow/.local/lib/python3.8/site-packages/airflow/example_dags/example_local_kubernetes_executor.py for tasks to queue
[2025-05-04T23:19:32.176+0000] {logging_mixin.py:188} INFO - [2025-05-04T23:19:32.176+0000] {dagbag.py:538} INFO - Filling up the DagBag from /home/airflow/.local/lib/python3.8/site-packages/airflow/example_dags/example_local_kubernetes_executor.py
[2025-05-04T23:19:32.180+0000] {processor.py:840} INFO - DAG(s) 'example_local_kubernetes_executor' retrieved from /home/airflow/.local/lib/python3.8/site-packages/airflow/example_dags/example_local_kubernetes_executor.py
[2025-05-04T23:19:32.199+0000] {logging_mixin.py:188} INFO - [2025-05-04T23:19:32.199+0000] {dag.py:3033} INFO - Sync 1 DAGs
[2025-05-04T23:19:32.204+0000] {logging_mixin.py:188} INFO - [2025-05-04T23:19:32.204+0000] {dag.py:3820} INFO - Setting next_dagrun for example_local_kubernetes_executor to None, run_after=None
[2025-05-04T23:19:32.212+0000] {processor.py:183} INFO - Processing /home/airflow/.local/lib/python3.8/site-packages/airflow/example_dags/example_local_kubernetes_executor.py took 0.041 seconds
[2025-05-04T23:20:02.816+0000] {processor.py:161} INFO - Started process (PID=229) to work on /home/airflow/.local/lib/python3.8/site-packages/airflow/example_dags/example_local_kubernetes_executor.py
[2025-05-04T23:20:02.819+0000] {processor.py:830} INFO - Processing file /home/airflow/.local/lib/python3.8/site-packages/airflow/example_dags/example_local_kubernetes_executor.py for tasks to queue
[2025-05-04T23:20:02.822+0000] {logging_mixin.py:188} INFO - [2025-05-04T23:20:02.822+0000] {dagbag.py:538} INFO - Filling up the DagBag from /home/airflow/.local/lib/python3.8/site-packages/airflow/example_dags/example_local_kubernetes_executor.py
[2025-05-04T23:20:02.826+0000] {processor.py:840} INFO - DAG(s) 'example_local_kubernetes_executor' retrieved from /home/airflow/.local/lib/python3.8/site-packages/airflow/example_dags/example_local_kubernetes_executor.py
[2025-05-04T23:20:02.843+0000] {logging_mixin.py:188} INFO - [2025-05-04T23:20:02.843+0000] {dag.py:3033} INFO - Sync 1 DAGs
[2025-05-04T23:20:02.848+0000] {logging_mixin.py:188} INFO - [2025-05-04T23:20:02.848+0000] {dag.py:3820} INFO - Setting next_dagrun for example_local_kubernetes_executor to None, run_after=None
[2025-05-04T23:20:02.855+0000] {processor.py:183} INFO - Processing /home/airflow/.local/lib/python3.8/site-packages/airflow/example_dags/example_local_kubernetes_executor.py took 0.040 seconds
[2025-05-04T23:20:33.681+0000] {processor.py:161} INFO - Started process (PID=284) to work on /home/airflow/.local/lib/python3.8/site-packages/airflow/example_dags/example_local_kubernetes_executor.py
[2025-05-04T23:20:33.682+0000] {processor.py:830} INFO - Processing file /home/airflow/.local/lib/python3.8/site-packages/airflow/example_dags/example_local_kubernetes_executor.py for tasks to queue
[2025-05-04T23:20:33.683+0000] {logging_mixin.py:188} INFO - [2025-05-04T23:20:33.683+0000] {dagbag.py:538} INFO - Filling up the DagBag from /home/airflow/.local/lib/python3.8/site-packages/airflow/example_dags/example_local_kubernetes_executor.py
[2025-05-04T23:20:33.687+0000] {processor.py:840} INFO - DAG(s) 'example_local_kubernetes_executor' retrieved from /home/airflow/.local/lib/python3.8/site-packages/airflow/example_dags/example_local_kubernetes_executor.py
[2025-05-04T23:20:33.705+0000] {logging_mixin.py:188} INFO - [2025-05-04T23:20:33.705+0000] {dag.py:3033} INFO - Sync 1 DAGs
[2025-05-04T23:20:33.712+0000] {logging_mixin.py:188} INFO - [2025-05-04T23:20:33.712+0000] {dag.py:3820} INFO - Setting next_dagrun for example_local_kubernetes_executor to None, run_after=None
[2025-05-04T23:20:33.726+0000] {processor.py:183} INFO - Processing /home/airflow/.local/lib/python3.8/site-packages/airflow/example_dags/example_local_kubernetes_executor.py took 0.047 seconds
[2025-05-04T23:21:03.821+0000] {processor.py:161} INFO - Started process (PID=340) to work on /home/airflow/.local/lib/python3.8/site-packages/airflow/example_dags/example_local_kubernetes_executor.py
[2025-05-04T23:21:03.822+0000] {processor.py:830} INFO - Processing file /home/airflow/.local/lib/python3.8/site-packages/airflow/example_dags/example_local_kubernetes_executor.py for tasks to queue
[2025-05-04T23:21:03.823+0000] {logging_mixin.py:188} INFO - [2025-05-04T23:21:03.823+0000] {dagbag.py:538} INFO - Filling up the DagBag from /home/airflow/.local/lib/python3.8/site-packages/airflow/example_dags/example_local_kubernetes_executor.py
[2025-05-04T23:21:03.830+0000] {processor.py:840} INFO - DAG(s) 'example_local_kubernetes_executor' retrieved from /home/airflow/.local/lib/python3.8/site-packages/airflow/example_dags/example_local_kubernetes_executor.py
[2025-05-04T23:21:03.852+0000] {logging_mixin.py:188} INFO - [2025-05-04T23:21:03.851+0000] {dag.py:3033} INFO - Sync 1 DAGs
[2025-05-04T23:21:03.857+0000] {logging_mixin.py:188} INFO - [2025-05-04T23:21:03.857+0000] {dag.py:3820} INFO - Setting next_dagrun for example_local_kubernetes_executor to None, run_after=None
[2025-05-04T23:21:03.864+0000] {processor.py:183} INFO - Processing /home/airflow/.local/lib/python3.8/site-packages/airflow/example_dags/example_local_kubernetes_executor.py took 0.046 seconds
[2025-05-04T23:21:34.448+0000] {processor.py:161} INFO - Started process (PID=396) to work on /home/airflow/.local/lib/python3.8/site-packages/airflow/example_dags/example_local_kubernetes_executor.py
[2025-05-04T23:21:34.449+0000] {processor.py:830} INFO - Processing file /home/airflow/.local/lib/python3.8/site-packages/airflow/example_dags/example_local_kubernetes_executor.py for tasks to queue
[2025-05-04T23:21:34.452+0000] {logging_mixin.py:188} INFO - [2025-05-04T23:21:34.451+0000] {dagbag.py:538} INFO - Filling up the DagBag from /home/airflow/.local/lib/python3.8/site-packages/airflow/example_dags/example_local_kubernetes_executor.py
[2025-05-04T23:21:34.460+0000] {processor.py:840} INFO - DAG(s) 'example_local_kubernetes_executor' retrieved from /home/airflow/.local/lib/python3.8/site-packages/airflow/example_dags/example_local_kubernetes_executor.py
[2025-05-04T23:21:34.490+0000] {logging_mixin.py:188} INFO - [2025-05-04T23:21:34.490+0000] {dag.py:3033} INFO - Sync 1 DAGs
[2025-05-04T23:21:34.496+0000] {logging_mixin.py:188} INFO - [2025-05-04T23:21:34.496+0000] {dag.py:3820} INFO - Setting next_dagrun for example_local_kubernetes_executor to None, run_after=None
[2025-05-04T23:21:34.508+0000] {processor.py:183} INFO - Processing /home/airflow/.local/lib/python3.8/site-packages/airflow/example_dags/example_local_kubernetes_executor.py took 0.061 seconds
[2025-05-04T23:22:05.162+0000] {processor.py:161} INFO - Started process (PID=452) to work on /home/airflow/.local/lib/python3.8/site-packages/airflow/example_dags/example_local_kubernetes_executor.py
[2025-05-04T23:22:05.163+0000] {processor.py:830} INFO - Processing file /home/airflow/.local/lib/python3.8/site-packages/airflow/example_dags/example_local_kubernetes_executor.py for tasks to queue
[2025-05-04T23:22:05.164+0000] {logging_mixin.py:188} INFO - [2025-05-04T23:22:05.164+0000] {dagbag.py:538} INFO - Filling up the DagBag from /home/airflow/.local/lib/python3.8/site-packages/airflow/example_dags/example_local_kubernetes_executor.py
[2025-05-04T23:22:05.168+0000] {processor.py:840} INFO - DAG(s) 'example_local_kubernetes_executor' retrieved from /home/airflow/.local/lib/python3.8/site-packages/airflow/example_dags/example_local_kubernetes_executor.py
[2025-05-04T23:22:05.186+0000] {logging_mixin.py:188} INFO - [2025-05-04T23:22:05.186+0000] {dag.py:3033} INFO - Sync 1 DAGs
[2025-05-04T23:22:05.193+0000] {logging_mixin.py:188} INFO - [2025-05-04T23:22:05.193+0000] {dag.py:3820} INFO - Setting next_dagrun for example_local_kubernetes_executor to None, run_after=None
[2025-05-04T23:22:05.206+0000] {processor.py:183} INFO - Processing /home/airflow/.local/lib/python3.8/site-packages/airflow/example_dags/example_local_kubernetes_executor.py took 0.047 seconds
[2025-05-04T23:22:35.699+0000] {processor.py:161} INFO - Started process (PID=508) to work on /home/airflow/.local/lib/python3.8/site-packages/airflow/example_dags/example_local_kubernetes_executor.py
[2025-05-04T23:22:35.701+0000] {processor.py:830} INFO - Processing file /home/airflow/.local/lib/python3.8/site-packages/airflow/example_dags/example_local_kubernetes_executor.py for tasks to queue
[2025-05-04T23:22:35.702+0000] {logging_mixin.py:188} INFO - [2025-05-04T23:22:35.701+0000] {dagbag.py:538} INFO - Filling up the DagBag from /home/airflow/.local/lib/python3.8/site-packages/airflow/example_dags/example_local_kubernetes_executor.py
[2025-05-04T23:22:35.706+0000] {processor.py:840} INFO - DAG(s) 'example_local_kubernetes_executor' retrieved from /home/airflow/.local/lib/python3.8/site-packages/airflow/example_dags/example_local_kubernetes_executor.py
[2025-05-04T23:22:35.722+0000] {logging_mixin.py:188} INFO - [2025-05-04T23:22:35.722+0000] {dag.py:3033} INFO - Sync 1 DAGs
[2025-05-04T23:22:35.728+0000] {logging_mixin.py:188} INFO - [2025-05-04T23:22:35.728+0000] {dag.py:3820} INFO - Setting next_dagrun for example_local_kubernetes_executor to None, run_after=None
[2025-05-04T23:22:35.738+0000] {processor.py:183} INFO - Processing /home/airflow/.local/lib/python3.8/site-packages/airflow/example_dags/example_local_kubernetes_executor.py took 0.041 seconds
[2025-05-04T23:23:06.276+0000] {processor.py:161} INFO - Started process (PID=564) to work on /home/airflow/.local/lib/python3.8/site-packages/airflow/example_dags/example_local_kubernetes_executor.py
[2025-05-04T23:23:06.277+0000] {processor.py:830} INFO - Processing file /home/airflow/.local/lib/python3.8/site-packages/airflow/example_dags/example_local_kubernetes_executor.py for tasks to queue
[2025-05-04T23:23:06.278+0000] {logging_mixin.py:188} INFO - [2025-05-04T23:23:06.278+0000] {dagbag.py:538} INFO - Filling up the DagBag from /home/airflow/.local/lib/python3.8/site-packages/airflow/example_dags/example_local_kubernetes_executor.py
[2025-05-04T23:23:06.282+0000] {processor.py:840} INFO - DAG(s) 'example_local_kubernetes_executor' retrieved from /home/airflow/.local/lib/python3.8/site-packages/airflow/example_dags/example_local_kubernetes_executor.py
[2025-05-04T23:23:06.298+0000] {logging_mixin.py:188} INFO - [2025-05-04T23:23:06.298+0000] {dag.py:3033} INFO - Sync 1 DAGs
[2025-05-04T23:23:06.303+0000] {logging_mixin.py:188} INFO - [2025-05-04T23:23:06.303+0000] {dag.py:3820} INFO - Setting next_dagrun for example_local_kubernetes_executor to None, run_after=None
[2025-05-04T23:23:06.310+0000] {processor.py:183} INFO - Processing /home/airflow/.local/lib/python3.8/site-packages/airflow/example_dags/example_local_kubernetes_executor.py took 0.036 seconds
[2025-05-04T23:24:30.915+0000] {processor.py:161} INFO - Started process (PID=61) to work on /home/airflow/.local/lib/python3.8/site-packages/airflow/example_dags/example_local_kubernetes_executor.py
[2025-05-04T23:24:30.919+0000] {processor.py:830} INFO - Processing file /home/airflow/.local/lib/python3.8/site-packages/airflow/example_dags/example_local_kubernetes_executor.py for tasks to queue
[2025-05-04T23:24:30.924+0000] {logging_mixin.py:188} INFO - [2025-05-04T23:24:30.924+0000] {dagbag.py:538} INFO - Filling up the DagBag from /home/airflow/.local/lib/python3.8/site-packages/airflow/example_dags/example_local_kubernetes_executor.py
[2025-05-04T23:24:30.930+0000] {processor.py:840} INFO - DAG(s) 'example_local_kubernetes_executor' retrieved from /home/airflow/.local/lib/python3.8/site-packages/airflow/example_dags/example_local_kubernetes_executor.py
[2025-05-04T23:24:30.942+0000] {logging_mixin.py:188} INFO - [2025-05-04T23:24:30.942+0000] {dag.py:3033} INFO - Sync 1 DAGs
[2025-05-04T23:24:30.952+0000] {logging_mixin.py:188} INFO - [2025-05-04T23:24:30.952+0000] {dag.py:3820} INFO - Setting next_dagrun for example_local_kubernetes_executor to None, run_after=None
[2025-05-04T23:24:30.970+0000] {processor.py:183} INFO - Processing /home/airflow/.local/lib/python3.8/site-packages/airflow/example_dags/example_local_kubernetes_executor.py took 0.059 seconds
[2025-05-04T23:25:01.260+0000] {processor.py:161} INFO - Started process (PID=117) to work on /home/airflow/.local/lib/python3.8/site-packages/airflow/example_dags/example_local_kubernetes_executor.py
[2025-05-04T23:25:01.261+0000] {processor.py:830} INFO - Processing file /home/airflow/.local/lib/python3.8/site-packages/airflow/example_dags/example_local_kubernetes_executor.py for tasks to queue
[2025-05-04T23:25:01.262+0000] {logging_mixin.py:188} INFO - [2025-05-04T23:25:01.262+0000] {dagbag.py:538} INFO - Filling up the DagBag from /home/airflow/.local/lib/python3.8/site-packages/airflow/example_dags/example_local_kubernetes_executor.py
[2025-05-04T23:25:01.266+0000] {processor.py:840} INFO - DAG(s) 'example_local_kubernetes_executor' retrieved from /home/airflow/.local/lib/python3.8/site-packages/airflow/example_dags/example_local_kubernetes_executor.py
[2025-05-04T23:25:01.317+0000] {logging_mixin.py:188} INFO - [2025-05-04T23:25:01.317+0000] {dag.py:3033} INFO - Sync 1 DAGs
[2025-05-04T23:25:01.323+0000] {logging_mixin.py:188} INFO - [2025-05-04T23:25:01.323+0000] {dag.py:3820} INFO - Setting next_dagrun for example_local_kubernetes_executor to None, run_after=None
[2025-05-04T23:25:01.332+0000] {processor.py:183} INFO - Processing /home/airflow/.local/lib/python3.8/site-packages/airflow/example_dags/example_local_kubernetes_executor.py took 0.074 seconds
[2025-05-04T23:25:31.435+0000] {processor.py:161} INFO - Started process (PID=172) to work on /home/airflow/.local/lib/python3.8/site-packages/airflow/example_dags/example_local_kubernetes_executor.py
[2025-05-04T23:25:31.437+0000] {processor.py:830} INFO - Processing file /home/airflow/.local/lib/python3.8/site-packages/airflow/example_dags/example_local_kubernetes_executor.py for tasks to queue
[2025-05-04T23:25:31.438+0000] {logging_mixin.py:188} INFO - [2025-05-04T23:25:31.438+0000] {dagbag.py:538} INFO - Filling up the DagBag from /home/airflow/.local/lib/python3.8/site-packages/airflow/example_dags/example_local_kubernetes_executor.py
[2025-05-04T23:25:31.441+0000] {processor.py:840} INFO - DAG(s) 'example_local_kubernetes_executor' retrieved from /home/airflow/.local/lib/python3.8/site-packages/airflow/example_dags/example_local_kubernetes_executor.py
[2025-05-04T23:25:31.465+0000] {logging_mixin.py:188} INFO - [2025-05-04T23:25:31.465+0000] {dag.py:3033} INFO - Sync 1 DAGs
[2025-05-04T23:25:31.473+0000] {logging_mixin.py:188} INFO - [2025-05-04T23:25:31.473+0000] {dag.py:3820} INFO - Setting next_dagrun for example_local_kubernetes_executor to None, run_after=None
[2025-05-04T23:25:31.482+0000] {processor.py:183} INFO - Processing /home/airflow/.local/lib/python3.8/site-packages/airflow/example_dags/example_local_kubernetes_executor.py took 0.048 seconds
[2025-05-04T23:26:02.214+0000] {processor.py:161} INFO - Started process (PID=228) to work on /home/airflow/.local/lib/python3.8/site-packages/airflow/example_dags/example_local_kubernetes_executor.py
[2025-05-04T23:26:02.215+0000] {processor.py:830} INFO - Processing file /home/airflow/.local/lib/python3.8/site-packages/airflow/example_dags/example_local_kubernetes_executor.py for tasks to queue
[2025-05-04T23:26:02.218+0000] {logging_mixin.py:188} INFO - [2025-05-04T23:26:02.217+0000] {dagbag.py:538} INFO - Filling up the DagBag from /home/airflow/.local/lib/python3.8/site-packages/airflow/example_dags/example_local_kubernetes_executor.py
[2025-05-04T23:26:02.221+0000] {processor.py:840} INFO - DAG(s) 'example_local_kubernetes_executor' retrieved from /home/airflow/.local/lib/python3.8/site-packages/airflow/example_dags/example_local_kubernetes_executor.py
[2025-05-04T23:26:02.237+0000] {logging_mixin.py:188} INFO - [2025-05-04T23:26:02.237+0000] {dag.py:3033} INFO - Sync 1 DAGs
[2025-05-04T23:26:02.243+0000] {logging_mixin.py:188} INFO - [2025-05-04T23:26:02.243+0000] {dag.py:3820} INFO - Setting next_dagrun for example_local_kubernetes_executor to None, run_after=None
[2025-05-04T23:26:02.255+0000] {processor.py:183} INFO - Processing /home/airflow/.local/lib/python3.8/site-packages/airflow/example_dags/example_local_kubernetes_executor.py took 0.043 seconds
[2025-05-04T23:26:33.015+0000] {processor.py:161} INFO - Started process (PID=284) to work on /home/airflow/.local/lib/python3.8/site-packages/airflow/example_dags/example_local_kubernetes_executor.py
[2025-05-04T23:26:33.016+0000] {processor.py:830} INFO - Processing file /home/airflow/.local/lib/python3.8/site-packages/airflow/example_dags/example_local_kubernetes_executor.py for tasks to queue
[2025-05-04T23:26:33.017+0000] {logging_mixin.py:188} INFO - [2025-05-04T23:26:33.016+0000] {dagbag.py:538} INFO - Filling up the DagBag from /home/airflow/.local/lib/python3.8/site-packages/airflow/example_dags/example_local_kubernetes_executor.py
[2025-05-04T23:26:33.020+0000] {processor.py:840} INFO - DAG(s) 'example_local_kubernetes_executor' retrieved from /home/airflow/.local/lib/python3.8/site-packages/airflow/example_dags/example_local_kubernetes_executor.py
[2025-05-04T23:26:33.039+0000] {logging_mixin.py:188} INFO - [2025-05-04T23:26:33.039+0000] {dag.py:3033} INFO - Sync 1 DAGs
[2025-05-04T23:26:33.045+0000] {logging_mixin.py:188} INFO - [2025-05-04T23:26:33.045+0000] {dag.py:3820} INFO - Setting next_dagrun for example_local_kubernetes_executor to None, run_after=None
[2025-05-04T23:26:33.056+0000] {processor.py:183} INFO - Processing /home/airflow/.local/lib/python3.8/site-packages/airflow/example_dags/example_local_kubernetes_executor.py took 0.043 seconds
[2025-05-04T23:27:03.753+0000] {processor.py:161} INFO - Started process (PID=340) to work on /home/airflow/.local/lib/python3.8/site-packages/airflow/example_dags/example_local_kubernetes_executor.py
[2025-05-04T23:27:03.754+0000] {processor.py:830} INFO - Processing file /home/airflow/.local/lib/python3.8/site-packages/airflow/example_dags/example_local_kubernetes_executor.py for tasks to queue
[2025-05-04T23:27:03.755+0000] {logging_mixin.py:188} INFO - [2025-05-04T23:27:03.755+0000] {dagbag.py:538} INFO - Filling up the DagBag from /home/airflow/.local/lib/python3.8/site-packages/airflow/example_dags/example_local_kubernetes_executor.py
[2025-05-04T23:27:03.759+0000] {processor.py:840} INFO - DAG(s) 'example_local_kubernetes_executor' retrieved from /home/airflow/.local/lib/python3.8/site-packages/airflow/example_dags/example_local_kubernetes_executor.py
[2025-05-04T23:27:03.775+0000] {logging_mixin.py:188} INFO - [2025-05-04T23:27:03.775+0000] {dag.py:3033} INFO - Sync 1 DAGs
[2025-05-04T23:27:03.780+0000] {logging_mixin.py:188} INFO - [2025-05-04T23:27:03.780+0000] {dag.py:3820} INFO - Setting next_dagrun for example_local_kubernetes_executor to None, run_after=None
[2025-05-04T23:27:03.787+0000] {processor.py:183} INFO - Processing /home/airflow/.local/lib/python3.8/site-packages/airflow/example_dags/example_local_kubernetes_executor.py took 0.035 seconds
[2025-05-04T23:27:34.391+0000] {processor.py:161} INFO - Started process (PID=396) to work on /home/airflow/.local/lib/python3.8/site-packages/airflow/example_dags/example_local_kubernetes_executor.py
[2025-05-04T23:27:34.392+0000] {processor.py:830} INFO - Processing file /home/airflow/.local/lib/python3.8/site-packages/airflow/example_dags/example_local_kubernetes_executor.py for tasks to queue
[2025-05-04T23:27:34.393+0000] {logging_mixin.py:188} INFO - [2025-05-04T23:27:34.393+0000] {dagbag.py:538} INFO - Filling up the DagBag from /home/airflow/.local/lib/python3.8/site-packages/airflow/example_dags/example_local_kubernetes_executor.py
[2025-05-04T23:27:34.396+0000] {processor.py:840} INFO - DAG(s) 'example_local_kubernetes_executor' retrieved from /home/airflow/.local/lib/python3.8/site-packages/airflow/example_dags/example_local_kubernetes_executor.py
[2025-05-04T23:27:34.411+0000] {logging_mixin.py:188} INFO - [2025-05-04T23:27:34.411+0000] {dag.py:3033} INFO - Sync 1 DAGs
[2025-05-04T23:27:34.417+0000] {logging_mixin.py:188} INFO - [2025-05-04T23:27:34.417+0000] {dag.py:3820} INFO - Setting next_dagrun for example_local_kubernetes_executor to None, run_after=None
[2025-05-04T23:27:34.426+0000] {processor.py:183} INFO - Processing /home/airflow/.local/lib/python3.8/site-packages/airflow/example_dags/example_local_kubernetes_executor.py took 0.036 seconds
[2025-05-04T23:28:24.254+0000] {processor.py:161} INFO - Started process (PID=61) to work on /home/airflow/.local/lib/python3.8/site-packages/airflow/example_dags/example_local_kubernetes_executor.py
[2025-05-04T23:28:24.257+0000] {processor.py:830} INFO - Processing file /home/airflow/.local/lib/python3.8/site-packages/airflow/example_dags/example_local_kubernetes_executor.py for tasks to queue
[2025-05-04T23:28:24.259+0000] {logging_mixin.py:188} INFO - [2025-05-04T23:28:24.259+0000] {dagbag.py:538} INFO - Filling up the DagBag from /home/airflow/.local/lib/python3.8/site-packages/airflow/example_dags/example_local_kubernetes_executor.py
[2025-05-04T23:28:24.263+0000] {processor.py:840} INFO - DAG(s) 'example_local_kubernetes_executor' retrieved from /home/airflow/.local/lib/python3.8/site-packages/airflow/example_dags/example_local_kubernetes_executor.py
[2025-05-04T23:28:24.272+0000] {logging_mixin.py:188} INFO - [2025-05-04T23:28:24.272+0000] {dag.py:3033} INFO - Sync 1 DAGs
[2025-05-04T23:28:24.283+0000] {logging_mixin.py:188} INFO - [2025-05-04T23:28:24.283+0000] {dag.py:3820} INFO - Setting next_dagrun for example_local_kubernetes_executor to None, run_after=None
[2025-05-04T23:28:24.300+0000] {processor.py:183} INFO - Processing /home/airflow/.local/lib/python3.8/site-packages/airflow/example_dags/example_local_kubernetes_executor.py took 0.049 seconds
[2025-05-04T23:28:55.223+0000] {processor.py:161} INFO - Started process (PID=117) to work on /home/airflow/.local/lib/python3.8/site-packages/airflow/example_dags/example_local_kubernetes_executor.py
[2025-05-04T23:28:55.224+0000] {processor.py:830} INFO - Processing file /home/airflow/.local/lib/python3.8/site-packages/airflow/example_dags/example_local_kubernetes_executor.py for tasks to queue
[2025-05-04T23:28:55.225+0000] {logging_mixin.py:188} INFO - [2025-05-04T23:28:55.225+0000] {dagbag.py:538} INFO - Filling up the DagBag from /home/airflow/.local/lib/python3.8/site-packages/airflow/example_dags/example_local_kubernetes_executor.py
[2025-05-04T23:28:55.231+0000] {processor.py:840} INFO - DAG(s) 'example_local_kubernetes_executor' retrieved from /home/airflow/.local/lib/python3.8/site-packages/airflow/example_dags/example_local_kubernetes_executor.py
[2025-05-04T23:28:55.291+0000] {logging_mixin.py:188} INFO - [2025-05-04T23:28:55.291+0000] {dag.py:3033} INFO - Sync 1 DAGs
[2025-05-04T23:28:55.296+0000] {logging_mixin.py:188} INFO - [2025-05-04T23:28:55.296+0000] {dag.py:3820} INFO - Setting next_dagrun for example_local_kubernetes_executor to None, run_after=None
[2025-05-04T23:28:55.304+0000] {processor.py:183} INFO - Processing /home/airflow/.local/lib/python3.8/site-packages/airflow/example_dags/example_local_kubernetes_executor.py took 0.083 seconds
[2025-05-04T23:29:25.517+0000] {processor.py:161} INFO - Started process (PID=173) to work on /home/airflow/.local/lib/python3.8/site-packages/airflow/example_dags/example_local_kubernetes_executor.py
[2025-05-04T23:29:25.518+0000] {processor.py:830} INFO - Processing file /home/airflow/.local/lib/python3.8/site-packages/airflow/example_dags/example_local_kubernetes_executor.py for tasks to queue
[2025-05-04T23:29:25.520+0000] {logging_mixin.py:188} INFO - [2025-05-04T23:29:25.519+0000] {dagbag.py:538} INFO - Filling up the DagBag from /home/airflow/.local/lib/python3.8/site-packages/airflow/example_dags/example_local_kubernetes_executor.py
[2025-05-04T23:29:25.525+0000] {processor.py:840} INFO - DAG(s) 'example_local_kubernetes_executor' retrieved from /home/airflow/.local/lib/python3.8/site-packages/airflow/example_dags/example_local_kubernetes_executor.py
[2025-05-04T23:29:25.542+0000] {logging_mixin.py:188} INFO - [2025-05-04T23:29:25.542+0000] {dag.py:3033} INFO - Sync 1 DAGs
[2025-05-04T23:29:25.548+0000] {logging_mixin.py:188} INFO - [2025-05-04T23:29:25.548+0000] {dag.py:3820} INFO - Setting next_dagrun for example_local_kubernetes_executor to None, run_after=None
[2025-05-04T23:29:25.558+0000] {processor.py:183} INFO - Processing /home/airflow/.local/lib/python3.8/site-packages/airflow/example_dags/example_local_kubernetes_executor.py took 0.043 seconds
[2025-05-04T23:29:56.232+0000] {processor.py:161} INFO - Started process (PID=229) to work on /home/airflow/.local/lib/python3.8/site-packages/airflow/example_dags/example_local_kubernetes_executor.py
[2025-05-04T23:29:56.233+0000] {processor.py:830} INFO - Processing file /home/airflow/.local/lib/python3.8/site-packages/airflow/example_dags/example_local_kubernetes_executor.py for tasks to queue
[2025-05-04T23:29:56.235+0000] {logging_mixin.py:188} INFO - [2025-05-04T23:29:56.235+0000] {dagbag.py:538} INFO - Filling up the DagBag from /home/airflow/.local/lib/python3.8/site-packages/airflow/example_dags/example_local_kubernetes_executor.py
[2025-05-04T23:29:56.239+0000] {processor.py:840} INFO - DAG(s) 'example_local_kubernetes_executor' retrieved from /home/airflow/.local/lib/python3.8/site-packages/airflow/example_dags/example_local_kubernetes_executor.py
[2025-05-04T23:29:56.254+0000] {logging_mixin.py:188} INFO - [2025-05-04T23:29:56.254+0000] {dag.py:3033} INFO - Sync 1 DAGs
[2025-05-04T23:29:56.260+0000] {logging_mixin.py:188} INFO - [2025-05-04T23:29:56.260+0000] {dag.py:3820} INFO - Setting next_dagrun for example_local_kubernetes_executor to None, run_after=None
[2025-05-04T23:29:56.271+0000] {processor.py:183} INFO - Processing /home/airflow/.local/lib/python3.8/site-packages/airflow/example_dags/example_local_kubernetes_executor.py took 0.041 seconds
[2025-05-04T23:30:27.034+0000] {processor.py:161} INFO - Started process (PID=285) to work on /home/airflow/.local/lib/python3.8/site-packages/airflow/example_dags/example_local_kubernetes_executor.py
[2025-05-04T23:30:27.037+0000] {processor.py:830} INFO - Processing file /home/airflow/.local/lib/python3.8/site-packages/airflow/example_dags/example_local_kubernetes_executor.py for tasks to queue
[2025-05-04T23:30:27.038+0000] {logging_mixin.py:188} INFO - [2025-05-04T23:30:27.037+0000] {dagbag.py:538} INFO - Filling up the DagBag from /home/airflow/.local/lib/python3.8/site-packages/airflow/example_dags/example_local_kubernetes_executor.py
[2025-05-04T23:30:27.041+0000] {processor.py:840} INFO - DAG(s) 'example_local_kubernetes_executor' retrieved from /home/airflow/.local/lib/python3.8/site-packages/airflow/example_dags/example_local_kubernetes_executor.py
[2025-05-04T23:30:27.062+0000] {logging_mixin.py:188} INFO - [2025-05-04T23:30:27.062+0000] {dag.py:3033} INFO - Sync 1 DAGs
[2025-05-04T23:30:27.069+0000] {logging_mixin.py:188} INFO - [2025-05-04T23:30:27.068+0000] {dag.py:3820} INFO - Setting next_dagrun for example_local_kubernetes_executor to None, run_after=None
[2025-05-04T23:30:27.076+0000] {processor.py:183} INFO - Processing /home/airflow/.local/lib/python3.8/site-packages/airflow/example_dags/example_local_kubernetes_executor.py took 0.043 seconds
[2025-05-04T23:30:57.573+0000] {processor.py:161} INFO - Started process (PID=341) to work on /home/airflow/.local/lib/python3.8/site-packages/airflow/example_dags/example_local_kubernetes_executor.py
[2025-05-04T23:30:57.574+0000] {processor.py:830} INFO - Processing file /home/airflow/.local/lib/python3.8/site-packages/airflow/example_dags/example_local_kubernetes_executor.py for tasks to queue
[2025-05-04T23:30:57.576+0000] {logging_mixin.py:188} INFO - [2025-05-04T23:30:57.576+0000] {dagbag.py:538} INFO - Filling up the DagBag from /home/airflow/.local/lib/python3.8/site-packages/airflow/example_dags/example_local_kubernetes_executor.py
[2025-05-04T23:30:57.583+0000] {processor.py:840} INFO - DAG(s) 'example_local_kubernetes_executor' retrieved from /home/airflow/.local/lib/python3.8/site-packages/airflow/example_dags/example_local_kubernetes_executor.py
[2025-05-04T23:30:57.598+0000] {logging_mixin.py:188} INFO - [2025-05-04T23:30:57.598+0000] {dag.py:3033} INFO - Sync 1 DAGs
[2025-05-04T23:30:57.603+0000] {logging_mixin.py:188} INFO - [2025-05-04T23:30:57.603+0000] {dag.py:3820} INFO - Setting next_dagrun for example_local_kubernetes_executor to None, run_after=None
[2025-05-04T23:30:57.616+0000] {processor.py:183} INFO - Processing /home/airflow/.local/lib/python3.8/site-packages/airflow/example_dags/example_local_kubernetes_executor.py took 0.044 seconds
[2025-05-04T23:31:28.225+0000] {processor.py:161} INFO - Started process (PID=402) to work on /home/airflow/.local/lib/python3.8/site-packages/airflow/example_dags/example_local_kubernetes_executor.py
[2025-05-04T23:31:28.226+0000] {processor.py:830} INFO - Processing file /home/airflow/.local/lib/python3.8/site-packages/airflow/example_dags/example_local_kubernetes_executor.py for tasks to queue
[2025-05-04T23:31:28.228+0000] {logging_mixin.py:188} INFO - [2025-05-04T23:31:28.228+0000] {dagbag.py:538} INFO - Filling up the DagBag from /home/airflow/.local/lib/python3.8/site-packages/airflow/example_dags/example_local_kubernetes_executor.py
[2025-05-04T23:31:28.232+0000] {processor.py:840} INFO - DAG(s) 'example_local_kubernetes_executor' retrieved from /home/airflow/.local/lib/python3.8/site-packages/airflow/example_dags/example_local_kubernetes_executor.py
[2025-05-04T23:31:28.248+0000] {logging_mixin.py:188} INFO - [2025-05-04T23:31:28.248+0000] {dag.py:3033} INFO - Sync 1 DAGs
[2025-05-04T23:31:28.254+0000] {logging_mixin.py:188} INFO - [2025-05-04T23:31:28.254+0000] {dag.py:3820} INFO - Setting next_dagrun for example_local_kubernetes_executor to None, run_after=None
[2025-05-04T23:31:28.263+0000] {processor.py:183} INFO - Processing /home/airflow/.local/lib/python3.8/site-packages/airflow/example_dags/example_local_kubernetes_executor.py took 0.039 seconds
[2025-05-04T23:31:58.958+0000] {processor.py:161} INFO - Started process (PID=458) to work on /home/airflow/.local/lib/python3.8/site-packages/airflow/example_dags/example_local_kubernetes_executor.py
[2025-05-04T23:31:58.958+0000] {processor.py:830} INFO - Processing file /home/airflow/.local/lib/python3.8/site-packages/airflow/example_dags/example_local_kubernetes_executor.py for tasks to queue
[2025-05-04T23:31:58.959+0000] {logging_mixin.py:188} INFO - [2025-05-04T23:31:58.959+0000] {dagbag.py:538} INFO - Filling up the DagBag from /home/airflow/.local/lib/python3.8/site-packages/airflow/example_dags/example_local_kubernetes_executor.py
[2025-05-04T23:31:58.962+0000] {processor.py:840} INFO - DAG(s) 'example_local_kubernetes_executor' retrieved from /home/airflow/.local/lib/python3.8/site-packages/airflow/example_dags/example_local_kubernetes_executor.py
[2025-05-04T23:31:58.977+0000] {logging_mixin.py:188} INFO - [2025-05-04T23:31:58.977+0000] {dag.py:3033} INFO - Sync 1 DAGs
[2025-05-04T23:31:58.983+0000] {logging_mixin.py:188} INFO - [2025-05-04T23:31:58.983+0000] {dag.py:3820} INFO - Setting next_dagrun for example_local_kubernetes_executor to None, run_after=None
[2025-05-04T23:31:58.992+0000] {processor.py:183} INFO - Processing /home/airflow/.local/lib/python3.8/site-packages/airflow/example_dags/example_local_kubernetes_executor.py took 0.036 seconds
[2025-05-04T23:32:29.630+0000] {processor.py:161} INFO - Started process (PID=514) to work on /home/airflow/.local/lib/python3.8/site-packages/airflow/example_dags/example_local_kubernetes_executor.py
[2025-05-04T23:32:29.632+0000] {processor.py:830} INFO - Processing file /home/airflow/.local/lib/python3.8/site-packages/airflow/example_dags/example_local_kubernetes_executor.py for tasks to queue
[2025-05-04T23:32:29.633+0000] {logging_mixin.py:188} INFO - [2025-05-04T23:32:29.633+0000] {dagbag.py:538} INFO - Filling up the DagBag from /home/airflow/.local/lib/python3.8/site-packages/airflow/example_dags/example_local_kubernetes_executor.py
[2025-05-04T23:32:29.637+0000] {processor.py:840} INFO - DAG(s) 'example_local_kubernetes_executor' retrieved from /home/airflow/.local/lib/python3.8/site-packages/airflow/example_dags/example_local_kubernetes_executor.py
[2025-05-04T23:32:29.656+0000] {logging_mixin.py:188} INFO - [2025-05-04T23:32:29.656+0000] {dag.py:3033} INFO - Sync 1 DAGs
[2025-05-04T23:32:29.662+0000] {logging_mixin.py:188} INFO - [2025-05-04T23:32:29.662+0000] {dag.py:3820} INFO - Setting next_dagrun for example_local_kubernetes_executor to None, run_after=None
[2025-05-04T23:32:29.676+0000] {processor.py:183} INFO - Processing /home/airflow/.local/lib/python3.8/site-packages/airflow/example_dags/example_local_kubernetes_executor.py took 0.047 seconds
[2025-05-04T23:47:22.400+0000] {processor.py:161} INFO - Started process (PID=61) to work on /home/airflow/.local/lib/python3.8/site-packages/airflow/example_dags/example_local_kubernetes_executor.py
[2025-05-04T23:47:22.402+0000] {processor.py:830} INFO - Processing file /home/airflow/.local/lib/python3.8/site-packages/airflow/example_dags/example_local_kubernetes_executor.py for tasks to queue
[2025-05-04T23:47:22.405+0000] {logging_mixin.py:188} INFO - [2025-05-04T23:47:22.404+0000] {dagbag.py:538} INFO - Filling up the DagBag from /home/airflow/.local/lib/python3.8/site-packages/airflow/example_dags/example_local_kubernetes_executor.py
[2025-05-04T23:47:22.417+0000] {processor.py:840} INFO - DAG(s) 'example_local_kubernetes_executor' retrieved from /home/airflow/.local/lib/python3.8/site-packages/airflow/example_dags/example_local_kubernetes_executor.py
[2025-05-04T23:47:22.434+0000] {logging_mixin.py:188} INFO - [2025-05-04T23:47:22.434+0000] {dag.py:3033} INFO - Sync 1 DAGs
[2025-05-04T23:47:22.448+0000] {logging_mixin.py:188} INFO - [2025-05-04T23:47:22.448+0000] {dag.py:3820} INFO - Setting next_dagrun for example_local_kubernetes_executor to None, run_after=None
[2025-05-04T23:47:22.479+0000] {processor.py:183} INFO - Processing /home/airflow/.local/lib/python3.8/site-packages/airflow/example_dags/example_local_kubernetes_executor.py took 0.086 seconds
[2025-05-04T23:47:52.647+0000] {processor.py:161} INFO - Started process (PID=117) to work on /home/airflow/.local/lib/python3.8/site-packages/airflow/example_dags/example_local_kubernetes_executor.py
[2025-05-04T23:47:52.648+0000] {processor.py:830} INFO - Processing file /home/airflow/.local/lib/python3.8/site-packages/airflow/example_dags/example_local_kubernetes_executor.py for tasks to queue
[2025-05-04T23:47:52.649+0000] {logging_mixin.py:188} INFO - [2025-05-04T23:47:52.649+0000] {dagbag.py:538} INFO - Filling up the DagBag from /home/airflow/.local/lib/python3.8/site-packages/airflow/example_dags/example_local_kubernetes_executor.py
[2025-05-04T23:47:52.653+0000] {processor.py:840} INFO - DAG(s) 'example_local_kubernetes_executor' retrieved from /home/airflow/.local/lib/python3.8/site-packages/airflow/example_dags/example_local_kubernetes_executor.py
[2025-05-04T23:47:52.699+0000] {logging_mixin.py:188} INFO - [2025-05-04T23:47:52.699+0000] {dag.py:3033} INFO - Sync 1 DAGs
[2025-05-04T23:47:52.704+0000] {logging_mixin.py:188} INFO - [2025-05-04T23:47:52.704+0000] {dag.py:3820} INFO - Setting next_dagrun for example_local_kubernetes_executor to None, run_after=None
[2025-05-04T23:47:52.711+0000] {processor.py:183} INFO - Processing /home/airflow/.local/lib/python3.8/site-packages/airflow/example_dags/example_local_kubernetes_executor.py took 0.065 seconds
[2025-05-04T23:48:22.778+0000] {processor.py:161} INFO - Started process (PID=173) to work on /home/airflow/.local/lib/python3.8/site-packages/airflow/example_dags/example_local_kubernetes_executor.py
[2025-05-04T23:48:22.779+0000] {processor.py:830} INFO - Processing file /home/airflow/.local/lib/python3.8/site-packages/airflow/example_dags/example_local_kubernetes_executor.py for tasks to queue
[2025-05-04T23:48:22.780+0000] {logging_mixin.py:188} INFO - [2025-05-04T23:48:22.780+0000] {dagbag.py:538} INFO - Filling up the DagBag from /home/airflow/.local/lib/python3.8/site-packages/airflow/example_dags/example_local_kubernetes_executor.py
[2025-05-04T23:48:22.783+0000] {processor.py:840} INFO - DAG(s) 'example_local_kubernetes_executor' retrieved from /home/airflow/.local/lib/python3.8/site-packages/airflow/example_dags/example_local_kubernetes_executor.py
[2025-05-04T23:48:22.798+0000] {logging_mixin.py:188} INFO - [2025-05-04T23:48:22.798+0000] {dag.py:3033} INFO - Sync 1 DAGs
[2025-05-04T23:48:22.802+0000] {logging_mixin.py:188} INFO - [2025-05-04T23:48:22.802+0000] {dag.py:3820} INFO - Setting next_dagrun for example_local_kubernetes_executor to None, run_after=None
[2025-05-04T23:48:22.811+0000] {processor.py:183} INFO - Processing /home/airflow/.local/lib/python3.8/site-packages/airflow/example_dags/example_local_kubernetes_executor.py took 0.035 seconds
[2025-05-04T23:48:53.458+0000] {processor.py:161} INFO - Started process (PID=229) to work on /home/airflow/.local/lib/python3.8/site-packages/airflow/example_dags/example_local_kubernetes_executor.py
[2025-05-04T23:48:53.459+0000] {processor.py:830} INFO - Processing file /home/airflow/.local/lib/python3.8/site-packages/airflow/example_dags/example_local_kubernetes_executor.py for tasks to queue
[2025-05-04T23:48:53.461+0000] {logging_mixin.py:188} INFO - [2025-05-04T23:48:53.460+0000] {dagbag.py:538} INFO - Filling up the DagBag from /home/airflow/.local/lib/python3.8/site-packages/airflow/example_dags/example_local_kubernetes_executor.py
[2025-05-04T23:48:53.466+0000] {processor.py:840} INFO - DAG(s) 'example_local_kubernetes_executor' retrieved from /home/airflow/.local/lib/python3.8/site-packages/airflow/example_dags/example_local_kubernetes_executor.py
[2025-05-04T23:48:53.482+0000] {logging_mixin.py:188} INFO - [2025-05-04T23:48:53.482+0000] {dag.py:3033} INFO - Sync 1 DAGs
[2025-05-04T23:48:53.487+0000] {logging_mixin.py:188} INFO - [2025-05-04T23:48:53.487+0000] {dag.py:3820} INFO - Setting next_dagrun for example_local_kubernetes_executor to None, run_after=None
[2025-05-04T23:48:53.498+0000] {processor.py:183} INFO - Processing /home/airflow/.local/lib/python3.8/site-packages/airflow/example_dags/example_local_kubernetes_executor.py took 0.042 seconds
[2025-05-04T23:49:24.143+0000] {processor.py:161} INFO - Started process (PID=285) to work on /home/airflow/.local/lib/python3.8/site-packages/airflow/example_dags/example_local_kubernetes_executor.py
[2025-05-04T23:49:24.144+0000] {processor.py:830} INFO - Processing file /home/airflow/.local/lib/python3.8/site-packages/airflow/example_dags/example_local_kubernetes_executor.py for tasks to queue
[2025-05-04T23:49:24.145+0000] {logging_mixin.py:188} INFO - [2025-05-04T23:49:24.144+0000] {dagbag.py:538} INFO - Filling up the DagBag from /home/airflow/.local/lib/python3.8/site-packages/airflow/example_dags/example_local_kubernetes_executor.py
[2025-05-04T23:49:24.148+0000] {processor.py:840} INFO - DAG(s) 'example_local_kubernetes_executor' retrieved from /home/airflow/.local/lib/python3.8/site-packages/airflow/example_dags/example_local_kubernetes_executor.py
[2025-05-04T23:49:24.167+0000] {logging_mixin.py:188} INFO - [2025-05-04T23:49:24.167+0000] {dag.py:3033} INFO - Sync 1 DAGs
[2025-05-04T23:49:24.173+0000] {logging_mixin.py:188} INFO - [2025-05-04T23:49:24.173+0000] {dag.py:3820} INFO - Setting next_dagrun for example_local_kubernetes_executor to None, run_after=None
[2025-05-04T23:49:24.184+0000] {processor.py:183} INFO - Processing /home/airflow/.local/lib/python3.8/site-packages/airflow/example_dags/example_local_kubernetes_executor.py took 0.042 seconds
[2025-05-04T23:49:54.969+0000] {processor.py:161} INFO - Started process (PID=341) to work on /home/airflow/.local/lib/python3.8/site-packages/airflow/example_dags/example_local_kubernetes_executor.py
[2025-05-04T23:49:54.970+0000] {processor.py:830} INFO - Processing file /home/airflow/.local/lib/python3.8/site-packages/airflow/example_dags/example_local_kubernetes_executor.py for tasks to queue
[2025-05-04T23:49:54.971+0000] {logging_mixin.py:188} INFO - [2025-05-04T23:49:54.971+0000] {dagbag.py:538} INFO - Filling up the DagBag from /home/airflow/.local/lib/python3.8/site-packages/airflow/example_dags/example_local_kubernetes_executor.py
[2025-05-04T23:49:54.974+0000] {processor.py:840} INFO - DAG(s) 'example_local_kubernetes_executor' retrieved from /home/airflow/.local/lib/python3.8/site-packages/airflow/example_dags/example_local_kubernetes_executor.py
[2025-05-04T23:49:54.996+0000] {logging_mixin.py:188} INFO - [2025-05-04T23:49:54.996+0000] {dag.py:3033} INFO - Sync 1 DAGs
[2025-05-04T23:49:55.003+0000] {logging_mixin.py:188} INFO - [2025-05-04T23:49:55.003+0000] {dag.py:3820} INFO - Setting next_dagrun for example_local_kubernetes_executor to None, run_after=None
[2025-05-04T23:49:55.014+0000] {processor.py:183} INFO - Processing /home/airflow/.local/lib/python3.8/site-packages/airflow/example_dags/example_local_kubernetes_executor.py took 0.046 seconds
