[2025-05-04T22:22:10.437+0000] {processor.py:161} INFO - Started process (PID=58) to work on /home/airflow/.local/lib/python3.8/site-packages/airflow/example_dags/example_sensors.py
[2025-05-04T22:22:10.440+0000] {processor.py:830} INFO - Processing file /home/airflow/.local/lib/python3.8/site-packages/airflow/example_dags/example_sensors.py for tasks to queue
[2025-05-04T22:22:10.442+0000] {logging_mixin.py:188} INFO - [2025-05-04T22:22:10.442+0000] {dagbag.py:538} INFO - Filling up the DagBag from /home/airflow/.local/lib/python3.8/site-packages/airflow/example_dags/example_sensors.py
[2025-05-04T22:22:10.448+0000] {processor.py:840} INFO - DAG(s) 'example_sensors' retrieved from /home/airflow/.local/lib/python3.8/site-packages/airflow/example_dags/example_sensors.py
[2025-05-04T22:22:10.462+0000] {logging_mixin.py:188} INFO - [2025-05-04T22:22:10.462+0000] {dag.py:3033} INFO - Sync 1 DAGs
[2025-05-04T22:22:10.472+0000] {logging_mixin.py:188} INFO - [2025-05-04T22:22:10.471+0000] {dag.py:3820} INFO - Setting next_dagrun for example_sensors to None, run_after=None
[2025-05-04T22:22:10.486+0000] {processor.py:183} INFO - Processing /home/airflow/.local/lib/python3.8/site-packages/airflow/example_dags/example_sensors.py took 0.055 seconds
[2025-05-04T22:22:41.028+0000] {processor.py:161} INFO - Started process (PID=113) to work on /home/airflow/.local/lib/python3.8/site-packages/airflow/example_dags/example_sensors.py
[2025-05-04T22:22:41.029+0000] {processor.py:830} INFO - Processing file /home/airflow/.local/lib/python3.8/site-packages/airflow/example_dags/example_sensors.py for tasks to queue
[2025-05-04T22:22:41.030+0000] {logging_mixin.py:188} INFO - [2025-05-04T22:22:41.030+0000] {dagbag.py:538} INFO - Filling up the DagBag from /home/airflow/.local/lib/python3.8/site-packages/airflow/example_dags/example_sensors.py
[2025-05-04T22:22:41.035+0000] {processor.py:840} INFO - DAG(s) 'example_sensors' retrieved from /home/airflow/.local/lib/python3.8/site-packages/airflow/example_dags/example_sensors.py
[2025-05-04T22:22:41.097+0000] {logging_mixin.py:188} INFO - [2025-05-04T22:22:41.096+0000] {dag.py:3033} INFO - Sync 1 DAGs
[2025-05-04T22:22:41.101+0000] {logging_mixin.py:188} INFO - [2025-05-04T22:22:41.101+0000] {dag.py:3820} INFO - Setting next_dagrun for example_sensors to None, run_after=None
[2025-05-04T22:22:41.109+0000] {processor.py:183} INFO - Processing /home/airflow/.local/lib/python3.8/site-packages/airflow/example_dags/example_sensors.py took 0.085 seconds
[2025-05-04T22:23:12.064+0000] {processor.py:161} INFO - Started process (PID=168) to work on /home/airflow/.local/lib/python3.8/site-packages/airflow/example_dags/example_sensors.py
[2025-05-04T22:23:12.065+0000] {processor.py:830} INFO - Processing file /home/airflow/.local/lib/python3.8/site-packages/airflow/example_dags/example_sensors.py for tasks to queue
[2025-05-04T22:23:12.066+0000] {logging_mixin.py:188} INFO - [2025-05-04T22:23:12.066+0000] {dagbag.py:538} INFO - Filling up the DagBag from /home/airflow/.local/lib/python3.8/site-packages/airflow/example_dags/example_sensors.py
[2025-05-04T22:23:12.071+0000] {processor.py:840} INFO - DAG(s) 'example_sensors' retrieved from /home/airflow/.local/lib/python3.8/site-packages/airflow/example_dags/example_sensors.py
[2025-05-04T22:23:12.084+0000] {logging_mixin.py:188} INFO - [2025-05-04T22:23:12.084+0000] {dag.py:3033} INFO - Sync 1 DAGs
[2025-05-04T22:23:12.092+0000] {logging_mixin.py:188} INFO - [2025-05-04T22:23:12.092+0000] {dag.py:3820} INFO - Setting next_dagrun for example_sensors to None, run_after=None
[2025-05-04T22:23:12.100+0000] {processor.py:183} INFO - Processing /home/airflow/.local/lib/python3.8/site-packages/airflow/example_dags/example_sensors.py took 0.039 seconds
[2025-05-04T22:23:42.591+0000] {processor.py:161} INFO - Started process (PID=223) to work on /home/airflow/.local/lib/python3.8/site-packages/airflow/example_dags/example_sensors.py
[2025-05-04T22:23:42.594+0000] {processor.py:830} INFO - Processing file /home/airflow/.local/lib/python3.8/site-packages/airflow/example_dags/example_sensors.py for tasks to queue
[2025-05-04T22:23:42.598+0000] {logging_mixin.py:188} INFO - [2025-05-04T22:23:42.598+0000] {dagbag.py:538} INFO - Filling up the DagBag from /home/airflow/.local/lib/python3.8/site-packages/airflow/example_dags/example_sensors.py
[2025-05-04T22:23:42.603+0000] {processor.py:840} INFO - DAG(s) 'example_sensors' retrieved from /home/airflow/.local/lib/python3.8/site-packages/airflow/example_dags/example_sensors.py
[2025-05-04T22:23:42.618+0000] {logging_mixin.py:188} INFO - [2025-05-04T22:23:42.618+0000] {dag.py:3033} INFO - Sync 1 DAGs
[2025-05-04T22:23:42.624+0000] {logging_mixin.py:188} INFO - [2025-05-04T22:23:42.624+0000] {dag.py:3820} INFO - Setting next_dagrun for example_sensors to None, run_after=None
[2025-05-04T22:23:42.633+0000] {processor.py:183} INFO - Processing /home/airflow/.local/lib/python3.8/site-packages/airflow/example_dags/example_sensors.py took 0.046 seconds
[2025-05-04T22:24:13.194+0000] {processor.py:161} INFO - Started process (PID=278) to work on /home/airflow/.local/lib/python3.8/site-packages/airflow/example_dags/example_sensors.py
[2025-05-04T22:24:13.196+0000] {processor.py:830} INFO - Processing file /home/airflow/.local/lib/python3.8/site-packages/airflow/example_dags/example_sensors.py for tasks to queue
[2025-05-04T22:24:13.198+0000] {logging_mixin.py:188} INFO - [2025-05-04T22:24:13.198+0000] {dagbag.py:538} INFO - Filling up the DagBag from /home/airflow/.local/lib/python3.8/site-packages/airflow/example_dags/example_sensors.py
[2025-05-04T22:24:13.207+0000] {processor.py:840} INFO - DAG(s) 'example_sensors' retrieved from /home/airflow/.local/lib/python3.8/site-packages/airflow/example_dags/example_sensors.py
[2025-05-04T22:24:13.223+0000] {logging_mixin.py:188} INFO - [2025-05-04T22:24:13.223+0000] {dag.py:3033} INFO - Sync 1 DAGs
[2025-05-04T22:24:13.229+0000] {logging_mixin.py:188} INFO - [2025-05-04T22:24:13.229+0000] {dag.py:3820} INFO - Setting next_dagrun for example_sensors to None, run_after=None
[2025-05-04T22:24:13.238+0000] {processor.py:183} INFO - Processing /home/airflow/.local/lib/python3.8/site-packages/airflow/example_dags/example_sensors.py took 0.048 seconds
[2025-05-04T22:24:43.832+0000] {processor.py:161} INFO - Started process (PID=333) to work on /home/airflow/.local/lib/python3.8/site-packages/airflow/example_dags/example_sensors.py
[2025-05-04T22:24:43.833+0000] {processor.py:830} INFO - Processing file /home/airflow/.local/lib/python3.8/site-packages/airflow/example_dags/example_sensors.py for tasks to queue
[2025-05-04T22:24:43.836+0000] {logging_mixin.py:188} INFO - [2025-05-04T22:24:43.835+0000] {dagbag.py:538} INFO - Filling up the DagBag from /home/airflow/.local/lib/python3.8/site-packages/airflow/example_dags/example_sensors.py
[2025-05-04T22:24:43.844+0000] {processor.py:840} INFO - DAG(s) 'example_sensors' retrieved from /home/airflow/.local/lib/python3.8/site-packages/airflow/example_dags/example_sensors.py
[2025-05-04T22:24:43.859+0000] {logging_mixin.py:188} INFO - [2025-05-04T22:24:43.859+0000] {dag.py:3033} INFO - Sync 1 DAGs
[2025-05-04T22:24:43.866+0000] {logging_mixin.py:188} INFO - [2025-05-04T22:24:43.866+0000] {dag.py:3820} INFO - Setting next_dagrun for example_sensors to None, run_after=None
[2025-05-04T22:24:43.874+0000] {processor.py:183} INFO - Processing /home/airflow/.local/lib/python3.8/site-packages/airflow/example_dags/example_sensors.py took 0.046 seconds
[2025-05-04T22:25:28.961+0000] {processor.py:161} INFO - Started process (PID=59) to work on /home/airflow/.local/lib/python3.8/site-packages/airflow/example_dags/example_sensors.py
[2025-05-04T22:25:28.962+0000] {processor.py:830} INFO - Processing file /home/airflow/.local/lib/python3.8/site-packages/airflow/example_dags/example_sensors.py for tasks to queue
[2025-05-04T22:25:28.964+0000] {logging_mixin.py:188} INFO - [2025-05-04T22:25:28.964+0000] {dagbag.py:538} INFO - Filling up the DagBag from /home/airflow/.local/lib/python3.8/site-packages/airflow/example_dags/example_sensors.py
[2025-05-04T22:25:28.978+0000] {processor.py:840} INFO - DAG(s) 'example_sensors' retrieved from /home/airflow/.local/lib/python3.8/site-packages/airflow/example_dags/example_sensors.py
[2025-05-04T22:25:29.004+0000] {logging_mixin.py:188} INFO - [2025-05-04T22:25:29.004+0000] {dag.py:3033} INFO - Sync 1 DAGs
[2025-05-04T22:25:29.024+0000] {logging_mixin.py:188} INFO - [2025-05-04T22:25:29.024+0000] {dag.py:3820} INFO - Setting next_dagrun for example_sensors to None, run_after=None
[2025-05-04T22:25:29.054+0000] {processor.py:183} INFO - Processing /home/airflow/.local/lib/python3.8/site-packages/airflow/example_dags/example_sensors.py took 0.099 seconds
[2025-05-04T22:25:59.417+0000] {processor.py:161} INFO - Started process (PID=115) to work on /home/airflow/.local/lib/python3.8/site-packages/airflow/example_dags/example_sensors.py
[2025-05-04T22:25:59.418+0000] {processor.py:830} INFO - Processing file /home/airflow/.local/lib/python3.8/site-packages/airflow/example_dags/example_sensors.py for tasks to queue
[2025-05-04T22:25:59.419+0000] {logging_mixin.py:188} INFO - [2025-05-04T22:25:59.419+0000] {dagbag.py:538} INFO - Filling up the DagBag from /home/airflow/.local/lib/python3.8/site-packages/airflow/example_dags/example_sensors.py
[2025-05-04T22:25:59.424+0000] {processor.py:840} INFO - DAG(s) 'example_sensors' retrieved from /home/airflow/.local/lib/python3.8/site-packages/airflow/example_dags/example_sensors.py
[2025-05-04T22:25:59.473+0000] {logging_mixin.py:188} INFO - [2025-05-04T22:25:59.472+0000] {dag.py:3033} INFO - Sync 1 DAGs
[2025-05-04T22:25:59.477+0000] {logging_mixin.py:188} INFO - [2025-05-04T22:25:59.477+0000] {dag.py:3820} INFO - Setting next_dagrun for example_sensors to None, run_after=None
[2025-05-04T22:25:59.490+0000] {processor.py:183} INFO - Processing /home/airflow/.local/lib/python3.8/site-packages/airflow/example_dags/example_sensors.py took 0.075 seconds
[2025-05-04T22:26:30.517+0000] {processor.py:161} INFO - Started process (PID=171) to work on /home/airflow/.local/lib/python3.8/site-packages/airflow/example_dags/example_sensors.py
[2025-05-04T22:26:30.518+0000] {processor.py:830} INFO - Processing file /home/airflow/.local/lib/python3.8/site-packages/airflow/example_dags/example_sensors.py for tasks to queue
[2025-05-04T22:26:30.521+0000] {logging_mixin.py:188} INFO - [2025-05-04T22:26:30.520+0000] {dagbag.py:538} INFO - Filling up the DagBag from /home/airflow/.local/lib/python3.8/site-packages/airflow/example_dags/example_sensors.py
[2025-05-04T22:26:30.529+0000] {processor.py:840} INFO - DAG(s) 'example_sensors' retrieved from /home/airflow/.local/lib/python3.8/site-packages/airflow/example_dags/example_sensors.py
[2025-05-04T22:26:30.548+0000] {logging_mixin.py:188} INFO - [2025-05-04T22:26:30.548+0000] {dag.py:3033} INFO - Sync 1 DAGs
[2025-05-04T22:26:30.556+0000] {logging_mixin.py:188} INFO - [2025-05-04T22:26:30.555+0000] {dag.py:3820} INFO - Setting next_dagrun for example_sensors to None, run_after=None
[2025-05-04T22:26:30.564+0000] {processor.py:183} INFO - Processing /home/airflow/.local/lib/python3.8/site-packages/airflow/example_dags/example_sensors.py took 0.051 seconds
[2025-05-04T22:27:01.230+0000] {processor.py:161} INFO - Started process (PID=231) to work on /home/airflow/.local/lib/python3.8/site-packages/airflow/example_dags/example_sensors.py
[2025-05-04T22:27:01.231+0000] {processor.py:830} INFO - Processing file /home/airflow/.local/lib/python3.8/site-packages/airflow/example_dags/example_sensors.py for tasks to queue
[2025-05-04T22:27:01.235+0000] {logging_mixin.py:188} INFO - [2025-05-04T22:27:01.235+0000] {dagbag.py:538} INFO - Filling up the DagBag from /home/airflow/.local/lib/python3.8/site-packages/airflow/example_dags/example_sensors.py
[2025-05-04T22:27:01.245+0000] {processor.py:840} INFO - DAG(s) 'example_sensors' retrieved from /home/airflow/.local/lib/python3.8/site-packages/airflow/example_dags/example_sensors.py
[2025-05-04T22:27:01.267+0000] {logging_mixin.py:188} INFO - [2025-05-04T22:27:01.267+0000] {dag.py:3033} INFO - Sync 1 DAGs
[2025-05-04T22:27:01.274+0000] {logging_mixin.py:188} INFO - [2025-05-04T22:27:01.274+0000] {dag.py:3820} INFO - Setting next_dagrun for example_sensors to None, run_after=None
[2025-05-04T22:27:01.286+0000] {processor.py:183} INFO - Processing /home/airflow/.local/lib/python3.8/site-packages/airflow/example_dags/example_sensors.py took 0.061 seconds
[2025-05-04T22:27:31.889+0000] {processor.py:161} INFO - Started process (PID=287) to work on /home/airflow/.local/lib/python3.8/site-packages/airflow/example_dags/example_sensors.py
[2025-05-04T22:27:31.891+0000] {processor.py:830} INFO - Processing file /home/airflow/.local/lib/python3.8/site-packages/airflow/example_dags/example_sensors.py for tasks to queue
[2025-05-04T22:27:31.893+0000] {logging_mixin.py:188} INFO - [2025-05-04T22:27:31.893+0000] {dagbag.py:538} INFO - Filling up the DagBag from /home/airflow/.local/lib/python3.8/site-packages/airflow/example_dags/example_sensors.py
[2025-05-04T22:27:31.902+0000] {processor.py:840} INFO - DAG(s) 'example_sensors' retrieved from /home/airflow/.local/lib/python3.8/site-packages/airflow/example_dags/example_sensors.py
[2025-05-04T22:27:31.922+0000] {logging_mixin.py:188} INFO - [2025-05-04T22:27:31.922+0000] {dag.py:3033} INFO - Sync 1 DAGs
[2025-05-04T22:27:31.929+0000] {logging_mixin.py:188} INFO - [2025-05-04T22:27:31.928+0000] {dag.py:3820} INFO - Setting next_dagrun for example_sensors to None, run_after=None
[2025-05-04T22:27:31.938+0000] {processor.py:183} INFO - Processing /home/airflow/.local/lib/python3.8/site-packages/airflow/example_dags/example_sensors.py took 0.053 seconds
[2025-05-04T22:28:02.540+0000] {processor.py:161} INFO - Started process (PID=343) to work on /home/airflow/.local/lib/python3.8/site-packages/airflow/example_dags/example_sensors.py
[2025-05-04T22:28:02.541+0000] {processor.py:830} INFO - Processing file /home/airflow/.local/lib/python3.8/site-packages/airflow/example_dags/example_sensors.py for tasks to queue
[2025-05-04T22:28:02.542+0000] {logging_mixin.py:188} INFO - [2025-05-04T22:28:02.542+0000] {dagbag.py:538} INFO - Filling up the DagBag from /home/airflow/.local/lib/python3.8/site-packages/airflow/example_dags/example_sensors.py
[2025-05-04T22:28:02.549+0000] {processor.py:840} INFO - DAG(s) 'example_sensors' retrieved from /home/airflow/.local/lib/python3.8/site-packages/airflow/example_dags/example_sensors.py
[2025-05-04T22:28:02.564+0000] {logging_mixin.py:188} INFO - [2025-05-04T22:28:02.564+0000] {dag.py:3033} INFO - Sync 1 DAGs
[2025-05-04T22:28:02.571+0000] {logging_mixin.py:188} INFO - [2025-05-04T22:28:02.571+0000] {dag.py:3820} INFO - Setting next_dagrun for example_sensors to None, run_after=None
[2025-05-04T22:28:02.578+0000] {processor.py:183} INFO - Processing /home/airflow/.local/lib/python3.8/site-packages/airflow/example_dags/example_sensors.py took 0.043 seconds
[2025-05-04T22:28:33.098+0000] {processor.py:161} INFO - Started process (PID=399) to work on /home/airflow/.local/lib/python3.8/site-packages/airflow/example_dags/example_sensors.py
[2025-05-04T22:28:33.098+0000] {processor.py:830} INFO - Processing file /home/airflow/.local/lib/python3.8/site-packages/airflow/example_dags/example_sensors.py for tasks to queue
[2025-05-04T22:28:33.100+0000] {logging_mixin.py:188} INFO - [2025-05-04T22:28:33.100+0000] {dagbag.py:538} INFO - Filling up the DagBag from /home/airflow/.local/lib/python3.8/site-packages/airflow/example_dags/example_sensors.py
[2025-05-04T22:28:33.108+0000] {processor.py:840} INFO - DAG(s) 'example_sensors' retrieved from /home/airflow/.local/lib/python3.8/site-packages/airflow/example_dags/example_sensors.py
[2025-05-04T22:28:33.129+0000] {logging_mixin.py:188} INFO - [2025-05-04T22:28:33.129+0000] {dag.py:3033} INFO - Sync 1 DAGs
[2025-05-04T22:28:33.137+0000] {logging_mixin.py:188} INFO - [2025-05-04T22:28:33.136+0000] {dag.py:3820} INFO - Setting next_dagrun for example_sensors to None, run_after=None
[2025-05-04T22:28:33.153+0000] {processor.py:183} INFO - Processing /home/airflow/.local/lib/python3.8/site-packages/airflow/example_dags/example_sensors.py took 0.059 seconds
[2025-05-04T22:29:03.792+0000] {processor.py:161} INFO - Started process (PID=455) to work on /home/airflow/.local/lib/python3.8/site-packages/airflow/example_dags/example_sensors.py
[2025-05-04T22:29:03.793+0000] {processor.py:830} INFO - Processing file /home/airflow/.local/lib/python3.8/site-packages/airflow/example_dags/example_sensors.py for tasks to queue
[2025-05-04T22:29:03.795+0000] {logging_mixin.py:188} INFO - [2025-05-04T22:29:03.794+0000] {dagbag.py:538} INFO - Filling up the DagBag from /home/airflow/.local/lib/python3.8/site-packages/airflow/example_dags/example_sensors.py
[2025-05-04T22:29:03.800+0000] {processor.py:840} INFO - DAG(s) 'example_sensors' retrieved from /home/airflow/.local/lib/python3.8/site-packages/airflow/example_dags/example_sensors.py
[2025-05-04T22:29:03.820+0000] {logging_mixin.py:188} INFO - [2025-05-04T22:29:03.820+0000] {dag.py:3033} INFO - Sync 1 DAGs
[2025-05-04T22:29:03.827+0000] {logging_mixin.py:188} INFO - [2025-05-04T22:29:03.827+0000] {dag.py:3820} INFO - Setting next_dagrun for example_sensors to None, run_after=None
[2025-05-04T22:29:03.840+0000] {processor.py:183} INFO - Processing /home/airflow/.local/lib/python3.8/site-packages/airflow/example_dags/example_sensors.py took 0.051 seconds
[2025-05-04T22:29:34.617+0000] {processor.py:161} INFO - Started process (PID=511) to work on /home/airflow/.local/lib/python3.8/site-packages/airflow/example_dags/example_sensors.py
[2025-05-04T22:29:34.618+0000] {processor.py:830} INFO - Processing file /home/airflow/.local/lib/python3.8/site-packages/airflow/example_dags/example_sensors.py for tasks to queue
[2025-05-04T22:29:34.620+0000] {logging_mixin.py:188} INFO - [2025-05-04T22:29:34.620+0000] {dagbag.py:538} INFO - Filling up the DagBag from /home/airflow/.local/lib/python3.8/site-packages/airflow/example_dags/example_sensors.py
[2025-05-04T22:29:34.628+0000] {processor.py:840} INFO - DAG(s) 'example_sensors' retrieved from /home/airflow/.local/lib/python3.8/site-packages/airflow/example_dags/example_sensors.py
[2025-05-04T22:29:34.647+0000] {logging_mixin.py:188} INFO - [2025-05-04T22:29:34.647+0000] {dag.py:3033} INFO - Sync 1 DAGs
[2025-05-04T22:29:34.654+0000] {logging_mixin.py:188} INFO - [2025-05-04T22:29:34.654+0000] {dag.py:3820} INFO - Setting next_dagrun for example_sensors to None, run_after=None
[2025-05-04T22:29:34.671+0000] {processor.py:183} INFO - Processing /home/airflow/.local/lib/python3.8/site-packages/airflow/example_dags/example_sensors.py took 0.058 seconds
[2025-05-04T22:30:05.277+0000] {processor.py:161} INFO - Started process (PID=567) to work on /home/airflow/.local/lib/python3.8/site-packages/airflow/example_dags/example_sensors.py
[2025-05-04T22:30:05.278+0000] {processor.py:830} INFO - Processing file /home/airflow/.local/lib/python3.8/site-packages/airflow/example_dags/example_sensors.py for tasks to queue
[2025-05-04T22:30:05.280+0000] {logging_mixin.py:188} INFO - [2025-05-04T22:30:05.280+0000] {dagbag.py:538} INFO - Filling up the DagBag from /home/airflow/.local/lib/python3.8/site-packages/airflow/example_dags/example_sensors.py
[2025-05-04T22:30:05.296+0000] {processor.py:840} INFO - DAG(s) 'example_sensors' retrieved from /home/airflow/.local/lib/python3.8/site-packages/airflow/example_dags/example_sensors.py
[2025-05-04T22:30:05.314+0000] {logging_mixin.py:188} INFO - [2025-05-04T22:30:05.314+0000] {dag.py:3033} INFO - Sync 1 DAGs
[2025-05-04T22:30:05.321+0000] {logging_mixin.py:188} INFO - [2025-05-04T22:30:05.321+0000] {dag.py:3820} INFO - Setting next_dagrun for example_sensors to None, run_after=None
[2025-05-04T22:30:05.333+0000] {processor.py:183} INFO - Processing /home/airflow/.local/lib/python3.8/site-packages/airflow/example_dags/example_sensors.py took 0.061 seconds
[2025-05-04T22:30:35.995+0000] {processor.py:161} INFO - Started process (PID=623) to work on /home/airflow/.local/lib/python3.8/site-packages/airflow/example_dags/example_sensors.py
[2025-05-04T22:30:35.995+0000] {processor.py:830} INFO - Processing file /home/airflow/.local/lib/python3.8/site-packages/airflow/example_dags/example_sensors.py for tasks to queue
[2025-05-04T22:30:35.996+0000] {logging_mixin.py:188} INFO - [2025-05-04T22:30:35.996+0000] {dagbag.py:538} INFO - Filling up the DagBag from /home/airflow/.local/lib/python3.8/site-packages/airflow/example_dags/example_sensors.py
[2025-05-04T22:30:36.005+0000] {processor.py:840} INFO - DAG(s) 'example_sensors' retrieved from /home/airflow/.local/lib/python3.8/site-packages/airflow/example_dags/example_sensors.py
[2025-05-04T22:30:36.022+0000] {logging_mixin.py:188} INFO - [2025-05-04T22:30:36.022+0000] {dag.py:3033} INFO - Sync 1 DAGs
[2025-05-04T22:30:36.031+0000] {logging_mixin.py:188} INFO - [2025-05-04T22:30:36.030+0000] {dag.py:3820} INFO - Setting next_dagrun for example_sensors to None, run_after=None
[2025-05-04T22:30:36.043+0000] {processor.py:183} INFO - Processing /home/airflow/.local/lib/python3.8/site-packages/airflow/example_dags/example_sensors.py took 0.050 seconds
[2025-05-04T22:31:14.252+0000] {processor.py:161} INFO - Started process (PID=60) to work on /home/airflow/.local/lib/python3.8/site-packages/airflow/example_dags/example_sensors.py
[2025-05-04T22:31:14.254+0000] {processor.py:830} INFO - Processing file /home/airflow/.local/lib/python3.8/site-packages/airflow/example_dags/example_sensors.py for tasks to queue
[2025-05-04T22:31:14.256+0000] {logging_mixin.py:188} INFO - [2025-05-04T22:31:14.256+0000] {dagbag.py:538} INFO - Filling up the DagBag from /home/airflow/.local/lib/python3.8/site-packages/airflow/example_dags/example_sensors.py
[2025-05-04T22:31:14.261+0000] {processor.py:840} INFO - DAG(s) 'example_sensors' retrieved from /home/airflow/.local/lib/python3.8/site-packages/airflow/example_dags/example_sensors.py
[2025-05-04T22:31:14.272+0000] {logging_mixin.py:188} INFO - [2025-05-04T22:31:14.272+0000] {dag.py:3033} INFO - Sync 1 DAGs
[2025-05-04T22:31:14.284+0000] {logging_mixin.py:188} INFO - [2025-05-04T22:31:14.284+0000] {dag.py:3820} INFO - Setting next_dagrun for example_sensors to None, run_after=None
[2025-05-04T22:31:14.297+0000] {processor.py:183} INFO - Processing /home/airflow/.local/lib/python3.8/site-packages/airflow/example_dags/example_sensors.py took 0.050 seconds
[2025-05-04T22:31:44.424+0000] {processor.py:161} INFO - Started process (PID=116) to work on /home/airflow/.local/lib/python3.8/site-packages/airflow/example_dags/example_sensors.py
[2025-05-04T22:31:44.425+0000] {processor.py:830} INFO - Processing file /home/airflow/.local/lib/python3.8/site-packages/airflow/example_dags/example_sensors.py for tasks to queue
[2025-05-04T22:31:44.430+0000] {logging_mixin.py:188} INFO - [2025-05-04T22:31:44.430+0000] {dagbag.py:538} INFO - Filling up the DagBag from /home/airflow/.local/lib/python3.8/site-packages/airflow/example_dags/example_sensors.py
[2025-05-04T22:31:44.435+0000] {processor.py:840} INFO - DAG(s) 'example_sensors' retrieved from /home/airflow/.local/lib/python3.8/site-packages/airflow/example_dags/example_sensors.py
[2025-05-04T22:31:44.494+0000] {logging_mixin.py:188} INFO - [2025-05-04T22:31:44.494+0000] {dag.py:3033} INFO - Sync 1 DAGs
[2025-05-04T22:31:44.500+0000] {logging_mixin.py:188} INFO - [2025-05-04T22:31:44.499+0000] {dag.py:3820} INFO - Setting next_dagrun for example_sensors to None, run_after=None
[2025-05-04T22:31:44.516+0000] {processor.py:183} INFO - Processing /home/airflow/.local/lib/python3.8/site-packages/airflow/example_dags/example_sensors.py took 0.094 seconds
[2025-05-04T22:32:14.599+0000] {processor.py:161} INFO - Started process (PID=176) to work on /home/airflow/.local/lib/python3.8/site-packages/airflow/example_dags/example_sensors.py
[2025-05-04T22:32:14.600+0000] {processor.py:830} INFO - Processing file /home/airflow/.local/lib/python3.8/site-packages/airflow/example_dags/example_sensors.py for tasks to queue
[2025-05-04T22:32:14.601+0000] {logging_mixin.py:188} INFO - [2025-05-04T22:32:14.601+0000] {dagbag.py:538} INFO - Filling up the DagBag from /home/airflow/.local/lib/python3.8/site-packages/airflow/example_dags/example_sensors.py
[2025-05-04T22:32:14.605+0000] {processor.py:840} INFO - DAG(s) 'example_sensors' retrieved from /home/airflow/.local/lib/python3.8/site-packages/airflow/example_dags/example_sensors.py
[2025-05-04T22:32:14.622+0000] {logging_mixin.py:188} INFO - [2025-05-04T22:32:14.622+0000] {dag.py:3033} INFO - Sync 1 DAGs
[2025-05-04T22:32:14.627+0000] {logging_mixin.py:188} INFO - [2025-05-04T22:32:14.627+0000] {dag.py:3820} INFO - Setting next_dagrun for example_sensors to None, run_after=None
[2025-05-04T22:32:14.635+0000] {processor.py:183} INFO - Processing /home/airflow/.local/lib/python3.8/site-packages/airflow/example_dags/example_sensors.py took 0.038 seconds
[2025-05-04T22:32:45.425+0000] {processor.py:161} INFO - Started process (PID=232) to work on /home/airflow/.local/lib/python3.8/site-packages/airflow/example_dags/example_sensors.py
[2025-05-04T22:32:45.426+0000] {processor.py:830} INFO - Processing file /home/airflow/.local/lib/python3.8/site-packages/airflow/example_dags/example_sensors.py for tasks to queue
[2025-05-04T22:32:45.427+0000] {logging_mixin.py:188} INFO - [2025-05-04T22:32:45.427+0000] {dagbag.py:538} INFO - Filling up the DagBag from /home/airflow/.local/lib/python3.8/site-packages/airflow/example_dags/example_sensors.py
[2025-05-04T22:32:45.431+0000] {processor.py:840} INFO - DAG(s) 'example_sensors' retrieved from /home/airflow/.local/lib/python3.8/site-packages/airflow/example_dags/example_sensors.py
[2025-05-04T22:32:45.442+0000] {logging_mixin.py:188} INFO - [2025-05-04T22:32:45.442+0000] {dag.py:3033} INFO - Sync 1 DAGs
[2025-05-04T22:32:45.447+0000] {logging_mixin.py:188} INFO - [2025-05-04T22:32:45.447+0000] {dag.py:3820} INFO - Setting next_dagrun for example_sensors to None, run_after=None
[2025-05-04T22:32:45.454+0000] {processor.py:183} INFO - Processing /home/airflow/.local/lib/python3.8/site-packages/airflow/example_dags/example_sensors.py took 0.031 seconds
[2025-05-04T22:33:16.144+0000] {processor.py:161} INFO - Started process (PID=288) to work on /home/airflow/.local/lib/python3.8/site-packages/airflow/example_dags/example_sensors.py
[2025-05-04T22:33:16.145+0000] {processor.py:830} INFO - Processing file /home/airflow/.local/lib/python3.8/site-packages/airflow/example_dags/example_sensors.py for tasks to queue
[2025-05-04T22:33:16.145+0000] {logging_mixin.py:188} INFO - [2025-05-04T22:33:16.145+0000] {dagbag.py:538} INFO - Filling up the DagBag from /home/airflow/.local/lib/python3.8/site-packages/airflow/example_dags/example_sensors.py
[2025-05-04T22:33:16.149+0000] {processor.py:840} INFO - DAG(s) 'example_sensors' retrieved from /home/airflow/.local/lib/python3.8/site-packages/airflow/example_dags/example_sensors.py
[2025-05-04T22:33:16.159+0000] {logging_mixin.py:188} INFO - [2025-05-04T22:33:16.159+0000] {dag.py:3033} INFO - Sync 1 DAGs
[2025-05-04T22:33:16.163+0000] {logging_mixin.py:188} INFO - [2025-05-04T22:33:16.163+0000] {dag.py:3820} INFO - Setting next_dagrun for example_sensors to None, run_after=None
[2025-05-04T22:33:16.169+0000] {processor.py:183} INFO - Processing /home/airflow/.local/lib/python3.8/site-packages/airflow/example_dags/example_sensors.py took 0.026 seconds
[2025-05-04T22:33:46.802+0000] {processor.py:161} INFO - Started process (PID=344) to work on /home/airflow/.local/lib/python3.8/site-packages/airflow/example_dags/example_sensors.py
[2025-05-04T22:33:46.805+0000] {processor.py:830} INFO - Processing file /home/airflow/.local/lib/python3.8/site-packages/airflow/example_dags/example_sensors.py for tasks to queue
[2025-05-04T22:33:46.809+0000] {logging_mixin.py:188} INFO - [2025-05-04T22:33:46.809+0000] {dagbag.py:538} INFO - Filling up the DagBag from /home/airflow/.local/lib/python3.8/site-packages/airflow/example_dags/example_sensors.py
[2025-05-04T22:33:46.813+0000] {processor.py:840} INFO - DAG(s) 'example_sensors' retrieved from /home/airflow/.local/lib/python3.8/site-packages/airflow/example_dags/example_sensors.py
[2025-05-04T22:33:46.826+0000] {logging_mixin.py:188} INFO - [2025-05-04T22:33:46.826+0000] {dag.py:3033} INFO - Sync 1 DAGs
[2025-05-04T22:33:46.832+0000] {logging_mixin.py:188} INFO - [2025-05-04T22:33:46.832+0000] {dag.py:3820} INFO - Setting next_dagrun for example_sensors to None, run_after=None
[2025-05-04T22:33:46.841+0000] {processor.py:183} INFO - Processing /home/airflow/.local/lib/python3.8/site-packages/airflow/example_dags/example_sensors.py took 0.040 seconds
[2025-05-04T22:34:17.477+0000] {processor.py:161} INFO - Started process (PID=400) to work on /home/airflow/.local/lib/python3.8/site-packages/airflow/example_dags/example_sensors.py
[2025-05-04T22:34:17.478+0000] {processor.py:830} INFO - Processing file /home/airflow/.local/lib/python3.8/site-packages/airflow/example_dags/example_sensors.py for tasks to queue
[2025-05-04T22:34:17.479+0000] {logging_mixin.py:188} INFO - [2025-05-04T22:34:17.479+0000] {dagbag.py:538} INFO - Filling up the DagBag from /home/airflow/.local/lib/python3.8/site-packages/airflow/example_dags/example_sensors.py
[2025-05-04T22:34:17.483+0000] {processor.py:840} INFO - DAG(s) 'example_sensors' retrieved from /home/airflow/.local/lib/python3.8/site-packages/airflow/example_dags/example_sensors.py
[2025-05-04T22:34:17.493+0000] {logging_mixin.py:188} INFO - [2025-05-04T22:34:17.493+0000] {dag.py:3033} INFO - Sync 1 DAGs
[2025-05-04T22:34:17.498+0000] {logging_mixin.py:188} INFO - [2025-05-04T22:34:17.498+0000] {dag.py:3820} INFO - Setting next_dagrun for example_sensors to None, run_after=None
[2025-05-04T22:34:17.507+0000] {processor.py:183} INFO - Processing /home/airflow/.local/lib/python3.8/site-packages/airflow/example_dags/example_sensors.py took 0.031 seconds
[2025-05-04T22:36:25.414+0000] {processor.py:161} INFO - Started process (PID=58) to work on /home/airflow/.local/lib/python3.8/site-packages/airflow/example_dags/example_sensors.py
[2025-05-04T22:36:25.416+0000] {processor.py:830} INFO - Processing file /home/airflow/.local/lib/python3.8/site-packages/airflow/example_dags/example_sensors.py for tasks to queue
[2025-05-04T22:36:25.417+0000] {logging_mixin.py:188} INFO - [2025-05-04T22:36:25.417+0000] {dagbag.py:538} INFO - Filling up the DagBag from /home/airflow/.local/lib/python3.8/site-packages/airflow/example_dags/example_sensors.py
[2025-05-04T22:36:25.423+0000] {processor.py:840} INFO - DAG(s) 'example_sensors' retrieved from /home/airflow/.local/lib/python3.8/site-packages/airflow/example_dags/example_sensors.py
[2025-05-04T22:36:25.447+0000] {logging_mixin.py:188} INFO - [2025-05-04T22:36:25.447+0000] {dag.py:3033} INFO - Sync 1 DAGs
[2025-05-04T22:36:25.466+0000] {logging_mixin.py:188} INFO - [2025-05-04T22:36:25.466+0000] {dag.py:3820} INFO - Setting next_dagrun for example_sensors to None, run_after=None
[2025-05-04T22:36:25.492+0000] {processor.py:183} INFO - Processing /home/airflow/.local/lib/python3.8/site-packages/airflow/example_dags/example_sensors.py took 0.080 seconds
[2025-05-04T22:36:55.571+0000] {processor.py:161} INFO - Started process (PID=114) to work on /home/airflow/.local/lib/python3.8/site-packages/airflow/example_dags/example_sensors.py
[2025-05-04T22:36:55.572+0000] {processor.py:830} INFO - Processing file /home/airflow/.local/lib/python3.8/site-packages/airflow/example_dags/example_sensors.py for tasks to queue
[2025-05-04T22:36:55.574+0000] {logging_mixin.py:188} INFO - [2025-05-04T22:36:55.574+0000] {dagbag.py:538} INFO - Filling up the DagBag from /home/airflow/.local/lib/python3.8/site-packages/airflow/example_dags/example_sensors.py
[2025-05-04T22:36:55.579+0000] {processor.py:840} INFO - DAG(s) 'example_sensors' retrieved from /home/airflow/.local/lib/python3.8/site-packages/airflow/example_dags/example_sensors.py
[2025-05-04T22:36:55.629+0000] {logging_mixin.py:188} INFO - [2025-05-04T22:36:55.629+0000] {dag.py:3033} INFO - Sync 1 DAGs
[2025-05-04T22:36:55.637+0000] {logging_mixin.py:188} INFO - [2025-05-04T22:36:55.637+0000] {dag.py:3820} INFO - Setting next_dagrun for example_sensors to None, run_after=None
[2025-05-04T22:36:55.654+0000] {processor.py:183} INFO - Processing /home/airflow/.local/lib/python3.8/site-packages/airflow/example_dags/example_sensors.py took 0.085 seconds
[2025-05-04T22:37:25.846+0000] {processor.py:161} INFO - Started process (PID=170) to work on /home/airflow/.local/lib/python3.8/site-packages/airflow/example_dags/example_sensors.py
[2025-05-04T22:37:25.847+0000] {processor.py:830} INFO - Processing file /home/airflow/.local/lib/python3.8/site-packages/airflow/example_dags/example_sensors.py for tasks to queue
[2025-05-04T22:37:25.850+0000] {logging_mixin.py:188} INFO - [2025-05-04T22:37:25.849+0000] {dagbag.py:538} INFO - Filling up the DagBag from /home/airflow/.local/lib/python3.8/site-packages/airflow/example_dags/example_sensors.py
[2025-05-04T22:37:25.855+0000] {processor.py:840} INFO - DAG(s) 'example_sensors' retrieved from /home/airflow/.local/lib/python3.8/site-packages/airflow/example_dags/example_sensors.py
[2025-05-04T22:37:25.870+0000] {logging_mixin.py:188} INFO - [2025-05-04T22:37:25.869+0000] {dag.py:3033} INFO - Sync 1 DAGs
[2025-05-04T22:37:25.876+0000] {logging_mixin.py:188} INFO - [2025-05-04T22:37:25.876+0000] {dag.py:3820} INFO - Setting next_dagrun for example_sensors to None, run_after=None
[2025-05-04T22:37:25.891+0000] {processor.py:183} INFO - Processing /home/airflow/.local/lib/python3.8/site-packages/airflow/example_dags/example_sensors.py took 0.046 seconds
[2025-05-04T22:37:56.569+0000] {processor.py:161} INFO - Started process (PID=226) to work on /home/airflow/.local/lib/python3.8/site-packages/airflow/example_dags/example_sensors.py
[2025-05-04T22:37:56.570+0000] {processor.py:830} INFO - Processing file /home/airflow/.local/lib/python3.8/site-packages/airflow/example_dags/example_sensors.py for tasks to queue
[2025-05-04T22:37:56.571+0000] {logging_mixin.py:188} INFO - [2025-05-04T22:37:56.571+0000] {dagbag.py:538} INFO - Filling up the DagBag from /home/airflow/.local/lib/python3.8/site-packages/airflow/example_dags/example_sensors.py
[2025-05-04T22:37:56.576+0000] {processor.py:840} INFO - DAG(s) 'example_sensors' retrieved from /home/airflow/.local/lib/python3.8/site-packages/airflow/example_dags/example_sensors.py
[2025-05-04T22:37:56.592+0000] {logging_mixin.py:188} INFO - [2025-05-04T22:37:56.591+0000] {dag.py:3033} INFO - Sync 1 DAGs
[2025-05-04T22:37:56.600+0000] {logging_mixin.py:188} INFO - [2025-05-04T22:37:56.600+0000] {dag.py:3820} INFO - Setting next_dagrun for example_sensors to None, run_after=None
[2025-05-04T22:37:56.608+0000] {processor.py:183} INFO - Processing /home/airflow/.local/lib/python3.8/site-packages/airflow/example_dags/example_sensors.py took 0.041 seconds
[2025-05-04T22:38:27.252+0000] {processor.py:161} INFO - Started process (PID=282) to work on /home/airflow/.local/lib/python3.8/site-packages/airflow/example_dags/example_sensors.py
[2025-05-04T22:38:27.253+0000] {processor.py:830} INFO - Processing file /home/airflow/.local/lib/python3.8/site-packages/airflow/example_dags/example_sensors.py for tasks to queue
[2025-05-04T22:38:27.254+0000] {logging_mixin.py:188} INFO - [2025-05-04T22:38:27.254+0000] {dagbag.py:538} INFO - Filling up the DagBag from /home/airflow/.local/lib/python3.8/site-packages/airflow/example_dags/example_sensors.py
[2025-05-04T22:38:27.257+0000] {processor.py:840} INFO - DAG(s) 'example_sensors' retrieved from /home/airflow/.local/lib/python3.8/site-packages/airflow/example_dags/example_sensors.py
[2025-05-04T22:38:27.267+0000] {logging_mixin.py:188} INFO - [2025-05-04T22:38:27.267+0000] {dag.py:3033} INFO - Sync 1 DAGs
[2025-05-04T22:38:27.273+0000] {logging_mixin.py:188} INFO - [2025-05-04T22:38:27.272+0000] {dag.py:3820} INFO - Setting next_dagrun for example_sensors to None, run_after=None
[2025-05-04T22:38:27.279+0000] {processor.py:183} INFO - Processing /home/airflow/.local/lib/python3.8/site-packages/airflow/example_dags/example_sensors.py took 0.029 seconds
[2025-05-04T22:38:57.993+0000] {processor.py:161} INFO - Started process (PID=338) to work on /home/airflow/.local/lib/python3.8/site-packages/airflow/example_dags/example_sensors.py
[2025-05-04T22:38:57.993+0000] {processor.py:830} INFO - Processing file /home/airflow/.local/lib/python3.8/site-packages/airflow/example_dags/example_sensors.py for tasks to queue
[2025-05-04T22:38:57.994+0000] {logging_mixin.py:188} INFO - [2025-05-04T22:38:57.994+0000] {dagbag.py:538} INFO - Filling up the DagBag from /home/airflow/.local/lib/python3.8/site-packages/airflow/example_dags/example_sensors.py
[2025-05-04T22:38:57.998+0000] {processor.py:840} INFO - DAG(s) 'example_sensors' retrieved from /home/airflow/.local/lib/python3.8/site-packages/airflow/example_dags/example_sensors.py
[2025-05-04T22:38:58.007+0000] {logging_mixin.py:188} INFO - [2025-05-04T22:38:58.007+0000] {dag.py:3033} INFO - Sync 1 DAGs
[2025-05-04T22:38:58.013+0000] {logging_mixin.py:188} INFO - [2025-05-04T22:38:58.013+0000] {dag.py:3820} INFO - Setting next_dagrun for example_sensors to None, run_after=None
[2025-05-04T22:38:58.020+0000] {processor.py:183} INFO - Processing /home/airflow/.local/lib/python3.8/site-packages/airflow/example_dags/example_sensors.py took 0.028 seconds
[2025-05-04T22:39:28.876+0000] {processor.py:161} INFO - Started process (PID=394) to work on /home/airflow/.local/lib/python3.8/site-packages/airflow/example_dags/example_sensors.py
[2025-05-04T22:39:28.877+0000] {processor.py:830} INFO - Processing file /home/airflow/.local/lib/python3.8/site-packages/airflow/example_dags/example_sensors.py for tasks to queue
[2025-05-04T22:39:28.878+0000] {logging_mixin.py:188} INFO - [2025-05-04T22:39:28.878+0000] {dagbag.py:538} INFO - Filling up the DagBag from /home/airflow/.local/lib/python3.8/site-packages/airflow/example_dags/example_sensors.py
[2025-05-04T22:39:28.883+0000] {processor.py:840} INFO - DAG(s) 'example_sensors' retrieved from /home/airflow/.local/lib/python3.8/site-packages/airflow/example_dags/example_sensors.py
[2025-05-04T22:39:28.894+0000] {logging_mixin.py:188} INFO - [2025-05-04T22:39:28.894+0000] {dag.py:3033} INFO - Sync 1 DAGs
[2025-05-04T22:39:28.900+0000] {logging_mixin.py:188} INFO - [2025-05-04T22:39:28.900+0000] {dag.py:3820} INFO - Setting next_dagrun for example_sensors to None, run_after=None
[2025-05-04T22:39:28.917+0000] {processor.py:183} INFO - Processing /home/airflow/.local/lib/python3.8/site-packages/airflow/example_dags/example_sensors.py took 0.042 seconds
[2025-05-04T22:39:59.631+0000] {processor.py:161} INFO - Started process (PID=451) to work on /home/airflow/.local/lib/python3.8/site-packages/airflow/example_dags/example_sensors.py
[2025-05-04T22:39:59.632+0000] {processor.py:830} INFO - Processing file /home/airflow/.local/lib/python3.8/site-packages/airflow/example_dags/example_sensors.py for tasks to queue
[2025-05-04T22:39:59.634+0000] {logging_mixin.py:188} INFO - [2025-05-04T22:39:59.634+0000] {dagbag.py:538} INFO - Filling up the DagBag from /home/airflow/.local/lib/python3.8/site-packages/airflow/example_dags/example_sensors.py
[2025-05-04T22:39:59.640+0000] {processor.py:840} INFO - DAG(s) 'example_sensors' retrieved from /home/airflow/.local/lib/python3.8/site-packages/airflow/example_dags/example_sensors.py
[2025-05-04T22:39:59.675+0000] {logging_mixin.py:188} INFO - [2025-05-04T22:39:59.675+0000] {dag.py:3033} INFO - Sync 1 DAGs
[2025-05-04T22:39:59.688+0000] {logging_mixin.py:188} INFO - [2025-05-04T22:39:59.688+0000] {dag.py:3820} INFO - Setting next_dagrun for example_sensors to None, run_after=None
[2025-05-04T22:39:59.699+0000] {processor.py:183} INFO - Processing /home/airflow/.local/lib/python3.8/site-packages/airflow/example_dags/example_sensors.py took 0.070 seconds
[2025-05-04T22:40:30.673+0000] {processor.py:161} INFO - Started process (PID=507) to work on /home/airflow/.local/lib/python3.8/site-packages/airflow/example_dags/example_sensors.py
[2025-05-04T22:40:30.674+0000] {processor.py:830} INFO - Processing file /home/airflow/.local/lib/python3.8/site-packages/airflow/example_dags/example_sensors.py for tasks to queue
[2025-05-04T22:40:30.675+0000] {logging_mixin.py:188} INFO - [2025-05-04T22:40:30.675+0000] {dagbag.py:538} INFO - Filling up the DagBag from /home/airflow/.local/lib/python3.8/site-packages/airflow/example_dags/example_sensors.py
[2025-05-04T22:40:30.679+0000] {processor.py:840} INFO - DAG(s) 'example_sensors' retrieved from /home/airflow/.local/lib/python3.8/site-packages/airflow/example_dags/example_sensors.py
[2025-05-04T22:40:30.693+0000] {logging_mixin.py:188} INFO - [2025-05-04T22:40:30.693+0000] {dag.py:3033} INFO - Sync 1 DAGs
[2025-05-04T22:40:30.700+0000] {logging_mixin.py:188} INFO - [2025-05-04T22:40:30.700+0000] {dag.py:3820} INFO - Setting next_dagrun for example_sensors to None, run_after=None
[2025-05-04T22:40:30.711+0000] {processor.py:183} INFO - Processing /home/airflow/.local/lib/python3.8/site-packages/airflow/example_dags/example_sensors.py took 0.040 seconds
[2025-05-04T22:41:00.779+0000] {processor.py:161} INFO - Started process (PID=563) to work on /home/airflow/.local/lib/python3.8/site-packages/airflow/example_dags/example_sensors.py
[2025-05-04T22:41:00.779+0000] {processor.py:830} INFO - Processing file /home/airflow/.local/lib/python3.8/site-packages/airflow/example_dags/example_sensors.py for tasks to queue
[2025-05-04T22:41:00.780+0000] {logging_mixin.py:188} INFO - [2025-05-04T22:41:00.780+0000] {dagbag.py:538} INFO - Filling up the DagBag from /home/airflow/.local/lib/python3.8/site-packages/airflow/example_dags/example_sensors.py
[2025-05-04T22:41:00.786+0000] {processor.py:840} INFO - DAG(s) 'example_sensors' retrieved from /home/airflow/.local/lib/python3.8/site-packages/airflow/example_dags/example_sensors.py
[2025-05-04T22:41:00.796+0000] {logging_mixin.py:188} INFO - [2025-05-04T22:41:00.796+0000] {dag.py:3033} INFO - Sync 1 DAGs
[2025-05-04T22:41:00.802+0000] {logging_mixin.py:188} INFO - [2025-05-04T22:41:00.802+0000] {dag.py:3820} INFO - Setting next_dagrun for example_sensors to None, run_after=None
[2025-05-04T22:41:00.815+0000] {processor.py:183} INFO - Processing /home/airflow/.local/lib/python3.8/site-packages/airflow/example_dags/example_sensors.py took 0.038 seconds
[2025-05-04T22:41:31.476+0000] {processor.py:161} INFO - Started process (PID=619) to work on /home/airflow/.local/lib/python3.8/site-packages/airflow/example_dags/example_sensors.py
[2025-05-04T22:41:31.478+0000] {processor.py:830} INFO - Processing file /home/airflow/.local/lib/python3.8/site-packages/airflow/example_dags/example_sensors.py for tasks to queue
[2025-05-04T22:41:31.480+0000] {logging_mixin.py:188} INFO - [2025-05-04T22:41:31.480+0000] {dagbag.py:538} INFO - Filling up the DagBag from /home/airflow/.local/lib/python3.8/site-packages/airflow/example_dags/example_sensors.py
[2025-05-04T22:41:31.487+0000] {processor.py:840} INFO - DAG(s) 'example_sensors' retrieved from /home/airflow/.local/lib/python3.8/site-packages/airflow/example_dags/example_sensors.py
[2025-05-04T22:41:31.499+0000] {logging_mixin.py:188} INFO - [2025-05-04T22:41:31.499+0000] {dag.py:3033} INFO - Sync 1 DAGs
[2025-05-04T22:41:31.505+0000] {logging_mixin.py:188} INFO - [2025-05-04T22:41:31.505+0000] {dag.py:3820} INFO - Setting next_dagrun for example_sensors to None, run_after=None
[2025-05-04T22:41:31.513+0000] {processor.py:183} INFO - Processing /home/airflow/.local/lib/python3.8/site-packages/airflow/example_dags/example_sensors.py took 0.039 seconds
[2025-05-04T22:42:02.341+0000] {processor.py:161} INFO - Started process (PID=675) to work on /home/airflow/.local/lib/python3.8/site-packages/airflow/example_dags/example_sensors.py
[2025-05-04T22:42:02.341+0000] {processor.py:830} INFO - Processing file /home/airflow/.local/lib/python3.8/site-packages/airflow/example_dags/example_sensors.py for tasks to queue
[2025-05-04T22:42:02.342+0000] {logging_mixin.py:188} INFO - [2025-05-04T22:42:02.342+0000] {dagbag.py:538} INFO - Filling up the DagBag from /home/airflow/.local/lib/python3.8/site-packages/airflow/example_dags/example_sensors.py
[2025-05-04T22:42:02.346+0000] {processor.py:840} INFO - DAG(s) 'example_sensors' retrieved from /home/airflow/.local/lib/python3.8/site-packages/airflow/example_dags/example_sensors.py
[2025-05-04T22:42:02.360+0000] {logging_mixin.py:188} INFO - [2025-05-04T22:42:02.360+0000] {dag.py:3033} INFO - Sync 1 DAGs
[2025-05-04T22:42:02.368+0000] {logging_mixin.py:188} INFO - [2025-05-04T22:42:02.368+0000] {dag.py:3820} INFO - Setting next_dagrun for example_sensors to None, run_after=None
[2025-05-04T22:42:02.381+0000] {processor.py:183} INFO - Processing /home/airflow/.local/lib/python3.8/site-packages/airflow/example_dags/example_sensors.py took 0.042 seconds
[2025-05-04T22:42:33.114+0000] {processor.py:161} INFO - Started process (PID=731) to work on /home/airflow/.local/lib/python3.8/site-packages/airflow/example_dags/example_sensors.py
[2025-05-04T22:42:33.115+0000] {processor.py:830} INFO - Processing file /home/airflow/.local/lib/python3.8/site-packages/airflow/example_dags/example_sensors.py for tasks to queue
[2025-05-04T22:42:33.118+0000] {logging_mixin.py:188} INFO - [2025-05-04T22:42:33.118+0000] {dagbag.py:538} INFO - Filling up the DagBag from /home/airflow/.local/lib/python3.8/site-packages/airflow/example_dags/example_sensors.py
[2025-05-04T22:42:33.123+0000] {processor.py:840} INFO - DAG(s) 'example_sensors' retrieved from /home/airflow/.local/lib/python3.8/site-packages/airflow/example_dags/example_sensors.py
[2025-05-04T22:42:33.135+0000] {logging_mixin.py:188} INFO - [2025-05-04T22:42:33.135+0000] {dag.py:3033} INFO - Sync 1 DAGs
[2025-05-04T22:42:33.141+0000] {logging_mixin.py:188} INFO - [2025-05-04T22:42:33.141+0000] {dag.py:3820} INFO - Setting next_dagrun for example_sensors to None, run_after=None
[2025-05-04T22:42:33.152+0000] {processor.py:183} INFO - Processing /home/airflow/.local/lib/python3.8/site-packages/airflow/example_dags/example_sensors.py took 0.040 seconds
[2025-05-04T22:43:03.984+0000] {processor.py:161} INFO - Started process (PID=787) to work on /home/airflow/.local/lib/python3.8/site-packages/airflow/example_dags/example_sensors.py
[2025-05-04T22:43:03.985+0000] {processor.py:830} INFO - Processing file /home/airflow/.local/lib/python3.8/site-packages/airflow/example_dags/example_sensors.py for tasks to queue
[2025-05-04T22:43:03.986+0000] {logging_mixin.py:188} INFO - [2025-05-04T22:43:03.986+0000] {dagbag.py:538} INFO - Filling up the DagBag from /home/airflow/.local/lib/python3.8/site-packages/airflow/example_dags/example_sensors.py
[2025-05-04T22:43:03.989+0000] {processor.py:840} INFO - DAG(s) 'example_sensors' retrieved from /home/airflow/.local/lib/python3.8/site-packages/airflow/example_dags/example_sensors.py
[2025-05-04T22:43:03.999+0000] {logging_mixin.py:188} INFO - [2025-05-04T22:43:03.999+0000] {dag.py:3033} INFO - Sync 1 DAGs
[2025-05-04T22:43:04.005+0000] {logging_mixin.py:188} INFO - [2025-05-04T22:43:04.005+0000] {dag.py:3820} INFO - Setting next_dagrun for example_sensors to None, run_after=None
[2025-05-04T22:43:04.011+0000] {processor.py:183} INFO - Processing /home/airflow/.local/lib/python3.8/site-packages/airflow/example_dags/example_sensors.py took 0.028 seconds
[2025-05-04T22:43:34.980+0000] {processor.py:161} INFO - Started process (PID=843) to work on /home/airflow/.local/lib/python3.8/site-packages/airflow/example_dags/example_sensors.py
[2025-05-04T22:43:34.981+0000] {processor.py:830} INFO - Processing file /home/airflow/.local/lib/python3.8/site-packages/airflow/example_dags/example_sensors.py for tasks to queue
[2025-05-04T22:43:34.983+0000] {logging_mixin.py:188} INFO - [2025-05-04T22:43:34.982+0000] {dagbag.py:538} INFO - Filling up the DagBag from /home/airflow/.local/lib/python3.8/site-packages/airflow/example_dags/example_sensors.py
[2025-05-04T22:43:34.987+0000] {processor.py:840} INFO - DAG(s) 'example_sensors' retrieved from /home/airflow/.local/lib/python3.8/site-packages/airflow/example_dags/example_sensors.py
[2025-05-04T22:43:35.003+0000] {logging_mixin.py:188} INFO - [2025-05-04T22:43:35.003+0000] {dag.py:3033} INFO - Sync 1 DAGs
[2025-05-04T22:43:35.011+0000] {logging_mixin.py:188} INFO - [2025-05-04T22:43:35.010+0000] {dag.py:3820} INFO - Setting next_dagrun for example_sensors to None, run_after=None
[2025-05-04T22:43:35.022+0000] {processor.py:183} INFO - Processing /home/airflow/.local/lib/python3.8/site-packages/airflow/example_dags/example_sensors.py took 0.043 seconds
[2025-05-04T22:44:05.720+0000] {processor.py:161} INFO - Started process (PID=899) to work on /home/airflow/.local/lib/python3.8/site-packages/airflow/example_dags/example_sensors.py
[2025-05-04T22:44:05.722+0000] {processor.py:830} INFO - Processing file /home/airflow/.local/lib/python3.8/site-packages/airflow/example_dags/example_sensors.py for tasks to queue
[2025-05-04T22:44:05.723+0000] {logging_mixin.py:188} INFO - [2025-05-04T22:44:05.723+0000] {dagbag.py:538} INFO - Filling up the DagBag from /home/airflow/.local/lib/python3.8/site-packages/airflow/example_dags/example_sensors.py
[2025-05-04T22:44:05.726+0000] {processor.py:840} INFO - DAG(s) 'example_sensors' retrieved from /home/airflow/.local/lib/python3.8/site-packages/airflow/example_dags/example_sensors.py
[2025-05-04T22:44:05.740+0000] {logging_mixin.py:188} INFO - [2025-05-04T22:44:05.740+0000] {dag.py:3033} INFO - Sync 1 DAGs
[2025-05-04T22:44:05.747+0000] {logging_mixin.py:188} INFO - [2025-05-04T22:44:05.747+0000] {dag.py:3820} INFO - Setting next_dagrun for example_sensors to None, run_after=None
[2025-05-04T22:44:05.760+0000] {processor.py:183} INFO - Processing /home/airflow/.local/lib/python3.8/site-packages/airflow/example_dags/example_sensors.py took 0.041 seconds
[2025-05-04T22:44:36.567+0000] {processor.py:161} INFO - Started process (PID=955) to work on /home/airflow/.local/lib/python3.8/site-packages/airflow/example_dags/example_sensors.py
[2025-05-04T22:44:36.567+0000] {processor.py:830} INFO - Processing file /home/airflow/.local/lib/python3.8/site-packages/airflow/example_dags/example_sensors.py for tasks to queue
[2025-05-04T22:44:36.568+0000] {logging_mixin.py:188} INFO - [2025-05-04T22:44:36.568+0000] {dagbag.py:538} INFO - Filling up the DagBag from /home/airflow/.local/lib/python3.8/site-packages/airflow/example_dags/example_sensors.py
[2025-05-04T22:44:36.572+0000] {processor.py:840} INFO - DAG(s) 'example_sensors' retrieved from /home/airflow/.local/lib/python3.8/site-packages/airflow/example_dags/example_sensors.py
[2025-05-04T22:44:36.582+0000] {logging_mixin.py:188} INFO - [2025-05-04T22:44:36.582+0000] {dag.py:3033} INFO - Sync 1 DAGs
[2025-05-04T22:44:36.588+0000] {logging_mixin.py:188} INFO - [2025-05-04T22:44:36.588+0000] {dag.py:3820} INFO - Setting next_dagrun for example_sensors to None, run_after=None
[2025-05-04T22:44:36.594+0000] {processor.py:183} INFO - Processing /home/airflow/.local/lib/python3.8/site-packages/airflow/example_dags/example_sensors.py took 0.029 seconds
[2025-05-04T22:45:07.349+0000] {processor.py:161} INFO - Started process (PID=1011) to work on /home/airflow/.local/lib/python3.8/site-packages/airflow/example_dags/example_sensors.py
[2025-05-04T22:45:07.350+0000] {processor.py:830} INFO - Processing file /home/airflow/.local/lib/python3.8/site-packages/airflow/example_dags/example_sensors.py for tasks to queue
[2025-05-04T22:45:07.350+0000] {logging_mixin.py:188} INFO - [2025-05-04T22:45:07.350+0000] {dagbag.py:538} INFO - Filling up the DagBag from /home/airflow/.local/lib/python3.8/site-packages/airflow/example_dags/example_sensors.py
[2025-05-04T22:45:07.355+0000] {processor.py:840} INFO - DAG(s) 'example_sensors' retrieved from /home/airflow/.local/lib/python3.8/site-packages/airflow/example_dags/example_sensors.py
[2025-05-04T22:45:07.371+0000] {logging_mixin.py:188} INFO - [2025-05-04T22:45:07.370+0000] {dag.py:3033} INFO - Sync 1 DAGs
[2025-05-04T22:45:07.378+0000] {logging_mixin.py:188} INFO - [2025-05-04T22:45:07.377+0000] {dag.py:3820} INFO - Setting next_dagrun for example_sensors to None, run_after=None
[2025-05-04T22:45:07.387+0000] {processor.py:183} INFO - Processing /home/airflow/.local/lib/python3.8/site-packages/airflow/example_dags/example_sensors.py took 0.040 seconds
[2025-05-04T22:45:38.306+0000] {processor.py:161} INFO - Started process (PID=1067) to work on /home/airflow/.local/lib/python3.8/site-packages/airflow/example_dags/example_sensors.py
[2025-05-04T22:45:38.307+0000] {processor.py:830} INFO - Processing file /home/airflow/.local/lib/python3.8/site-packages/airflow/example_dags/example_sensors.py for tasks to queue
[2025-05-04T22:45:38.307+0000] {logging_mixin.py:188} INFO - [2025-05-04T22:45:38.307+0000] {dagbag.py:538} INFO - Filling up the DagBag from /home/airflow/.local/lib/python3.8/site-packages/airflow/example_dags/example_sensors.py
[2025-05-04T22:45:38.311+0000] {processor.py:840} INFO - DAG(s) 'example_sensors' retrieved from /home/airflow/.local/lib/python3.8/site-packages/airflow/example_dags/example_sensors.py
[2025-05-04T22:45:38.321+0000] {logging_mixin.py:188} INFO - [2025-05-04T22:45:38.321+0000] {dag.py:3033} INFO - Sync 1 DAGs
[2025-05-04T22:45:38.326+0000] {logging_mixin.py:188} INFO - [2025-05-04T22:45:38.326+0000] {dag.py:3820} INFO - Setting next_dagrun for example_sensors to None, run_after=None
[2025-05-04T22:45:38.333+0000] {processor.py:183} INFO - Processing /home/airflow/.local/lib/python3.8/site-packages/airflow/example_dags/example_sensors.py took 0.029 seconds
[2025-05-04T22:46:31.713+0000] {processor.py:161} INFO - Started process (PID=59) to work on /home/airflow/.local/lib/python3.8/site-packages/airflow/example_dags/example_sensors.py
[2025-05-04T22:46:31.720+0000] {processor.py:830} INFO - Processing file /home/airflow/.local/lib/python3.8/site-packages/airflow/example_dags/example_sensors.py for tasks to queue
[2025-05-04T22:46:31.727+0000] {logging_mixin.py:188} INFO - [2025-05-04T22:46:31.727+0000] {dagbag.py:538} INFO - Filling up the DagBag from /home/airflow/.local/lib/python3.8/site-packages/airflow/example_dags/example_sensors.py
[2025-05-04T22:46:31.745+0000] {processor.py:840} INFO - DAG(s) 'example_sensors' retrieved from /home/airflow/.local/lib/python3.8/site-packages/airflow/example_dags/example_sensors.py
[2025-05-04T22:46:31.766+0000] {logging_mixin.py:188} INFO - [2025-05-04T22:46:31.765+0000] {dag.py:3033} INFO - Sync 1 DAGs
[2025-05-04T22:46:31.780+0000] {logging_mixin.py:188} INFO - [2025-05-04T22:46:31.780+0000] {dag.py:3820} INFO - Setting next_dagrun for example_sensors to None, run_after=None
[2025-05-04T22:46:31.809+0000] {processor.py:183} INFO - Processing /home/airflow/.local/lib/python3.8/site-packages/airflow/example_dags/example_sensors.py took 0.100 seconds
[2025-05-04T22:46:56.226+0000] {processor.py:161} INFO - Started process (PID=58) to work on /home/airflow/.local/lib/python3.8/site-packages/airflow/example_dags/example_sensors.py
[2025-05-04T22:46:56.227+0000] {processor.py:830} INFO - Processing file /home/airflow/.local/lib/python3.8/site-packages/airflow/example_dags/example_sensors.py for tasks to queue
[2025-05-04T22:46:56.230+0000] {logging_mixin.py:188} INFO - [2025-05-04T22:46:56.230+0000] {dagbag.py:538} INFO - Filling up the DagBag from /home/airflow/.local/lib/python3.8/site-packages/airflow/example_dags/example_sensors.py
[2025-05-04T22:46:56.236+0000] {processor.py:840} INFO - DAG(s) 'example_sensors' retrieved from /home/airflow/.local/lib/python3.8/site-packages/airflow/example_dags/example_sensors.py
[2025-05-04T22:46:56.250+0000] {logging_mixin.py:188} INFO - [2025-05-04T22:46:56.250+0000] {dag.py:3033} INFO - Sync 1 DAGs
[2025-05-04T22:46:56.258+0000] {logging_mixin.py:188} INFO - [2025-05-04T22:46:56.258+0000] {dag.py:3820} INFO - Setting next_dagrun for example_sensors to None, run_after=None
[2025-05-04T22:46:56.280+0000] {processor.py:183} INFO - Processing /home/airflow/.local/lib/python3.8/site-packages/airflow/example_dags/example_sensors.py took 0.057 seconds
[2025-05-04T22:47:51.939+0000] {processor.py:161} INFO - Started process (PID=59) to work on /home/airflow/.local/lib/python3.8/site-packages/airflow/example_dags/example_sensors.py
[2025-05-04T22:47:51.941+0000] {processor.py:830} INFO - Processing file /home/airflow/.local/lib/python3.8/site-packages/airflow/example_dags/example_sensors.py for tasks to queue
[2025-05-04T22:47:51.943+0000] {logging_mixin.py:188} INFO - [2025-05-04T22:47:51.943+0000] {dagbag.py:538} INFO - Filling up the DagBag from /home/airflow/.local/lib/python3.8/site-packages/airflow/example_dags/example_sensors.py
[2025-05-04T22:47:51.950+0000] {processor.py:840} INFO - DAG(s) 'example_sensors' retrieved from /home/airflow/.local/lib/python3.8/site-packages/airflow/example_dags/example_sensors.py
[2025-05-04T22:47:51.973+0000] {logging_mixin.py:188} INFO - [2025-05-04T22:47:51.972+0000] {dag.py:3033} INFO - Sync 1 DAGs
[2025-05-04T22:47:51.980+0000] {logging_mixin.py:188} INFO - [2025-05-04T22:47:51.980+0000] {dag.py:3820} INFO - Setting next_dagrun for example_sensors to None, run_after=None
[2025-05-04T22:47:52.007+0000] {processor.py:183} INFO - Processing /home/airflow/.local/lib/python3.8/site-packages/airflow/example_dags/example_sensors.py took 0.071 seconds
[2025-05-04T22:48:22.045+0000] {processor.py:161} INFO - Started process (PID=115) to work on /home/airflow/.local/lib/python3.8/site-packages/airflow/example_dags/example_sensors.py
[2025-05-04T22:48:22.045+0000] {processor.py:830} INFO - Processing file /home/airflow/.local/lib/python3.8/site-packages/airflow/example_dags/example_sensors.py for tasks to queue
[2025-05-04T22:48:22.046+0000] {logging_mixin.py:188} INFO - [2025-05-04T22:48:22.046+0000] {dagbag.py:538} INFO - Filling up the DagBag from /home/airflow/.local/lib/python3.8/site-packages/airflow/example_dags/example_sensors.py
[2025-05-04T22:48:22.050+0000] {processor.py:840} INFO - DAG(s) 'example_sensors' retrieved from /home/airflow/.local/lib/python3.8/site-packages/airflow/example_dags/example_sensors.py
[2025-05-04T22:48:22.094+0000] {logging_mixin.py:188} INFO - [2025-05-04T22:48:22.094+0000] {dag.py:3033} INFO - Sync 1 DAGs
[2025-05-04T22:48:22.100+0000] {logging_mixin.py:188} INFO - [2025-05-04T22:48:22.099+0000] {dag.py:3820} INFO - Setting next_dagrun for example_sensors to None, run_after=None
[2025-05-04T22:48:22.115+0000] {processor.py:183} INFO - Processing /home/airflow/.local/lib/python3.8/site-packages/airflow/example_dags/example_sensors.py took 0.071 seconds
[2025-05-04T22:48:52.128+0000] {processor.py:161} INFO - Started process (PID=171) to work on /home/airflow/.local/lib/python3.8/site-packages/airflow/example_dags/example_sensors.py
[2025-05-04T22:48:52.129+0000] {processor.py:830} INFO - Processing file /home/airflow/.local/lib/python3.8/site-packages/airflow/example_dags/example_sensors.py for tasks to queue
[2025-05-04T22:48:52.130+0000] {logging_mixin.py:188} INFO - [2025-05-04T22:48:52.130+0000] {dagbag.py:538} INFO - Filling up the DagBag from /home/airflow/.local/lib/python3.8/site-packages/airflow/example_dags/example_sensors.py
[2025-05-04T22:48:52.133+0000] {processor.py:840} INFO - DAG(s) 'example_sensors' retrieved from /home/airflow/.local/lib/python3.8/site-packages/airflow/example_dags/example_sensors.py
[2025-05-04T22:48:52.143+0000] {logging_mixin.py:188} INFO - [2025-05-04T22:48:52.143+0000] {dag.py:3033} INFO - Sync 1 DAGs
[2025-05-04T22:48:52.147+0000] {logging_mixin.py:188} INFO - [2025-05-04T22:48:52.147+0000] {dag.py:3820} INFO - Setting next_dagrun for example_sensors to None, run_after=None
[2025-05-04T22:48:52.153+0000] {processor.py:183} INFO - Processing /home/airflow/.local/lib/python3.8/site-packages/airflow/example_dags/example_sensors.py took 0.026 seconds
[2025-05-04T22:49:23.104+0000] {processor.py:161} INFO - Started process (PID=227) to work on /home/airflow/.local/lib/python3.8/site-packages/airflow/example_dags/example_sensors.py
[2025-05-04T22:49:23.105+0000] {processor.py:830} INFO - Processing file /home/airflow/.local/lib/python3.8/site-packages/airflow/example_dags/example_sensors.py for tasks to queue
[2025-05-04T22:49:23.106+0000] {logging_mixin.py:188} INFO - [2025-05-04T22:49:23.106+0000] {dagbag.py:538} INFO - Filling up the DagBag from /home/airflow/.local/lib/python3.8/site-packages/airflow/example_dags/example_sensors.py
[2025-05-04T22:49:23.110+0000] {processor.py:840} INFO - DAG(s) 'example_sensors' retrieved from /home/airflow/.local/lib/python3.8/site-packages/airflow/example_dags/example_sensors.py
[2025-05-04T22:49:23.120+0000] {logging_mixin.py:188} INFO - [2025-05-04T22:49:23.120+0000] {dag.py:3033} INFO - Sync 1 DAGs
[2025-05-04T22:49:23.125+0000] {logging_mixin.py:188} INFO - [2025-05-04T22:49:23.125+0000] {dag.py:3820} INFO - Setting next_dagrun for example_sensors to None, run_after=None
[2025-05-04T22:49:23.131+0000] {processor.py:183} INFO - Processing /home/airflow/.local/lib/python3.8/site-packages/airflow/example_dags/example_sensors.py took 0.028 seconds
[2025-05-04T22:49:53.760+0000] {processor.py:161} INFO - Started process (PID=283) to work on /home/airflow/.local/lib/python3.8/site-packages/airflow/example_dags/example_sensors.py
[2025-05-04T22:49:53.760+0000] {processor.py:830} INFO - Processing file /home/airflow/.local/lib/python3.8/site-packages/airflow/example_dags/example_sensors.py for tasks to queue
[2025-05-04T22:49:53.761+0000] {logging_mixin.py:188} INFO - [2025-05-04T22:49:53.761+0000] {dagbag.py:538} INFO - Filling up the DagBag from /home/airflow/.local/lib/python3.8/site-packages/airflow/example_dags/example_sensors.py
[2025-05-04T22:49:53.764+0000] {processor.py:840} INFO - DAG(s) 'example_sensors' retrieved from /home/airflow/.local/lib/python3.8/site-packages/airflow/example_dags/example_sensors.py
[2025-05-04T22:49:53.774+0000] {logging_mixin.py:188} INFO - [2025-05-04T22:49:53.774+0000] {dag.py:3033} INFO - Sync 1 DAGs
[2025-05-04T22:49:53.778+0000] {logging_mixin.py:188} INFO - [2025-05-04T22:49:53.778+0000] {dag.py:3820} INFO - Setting next_dagrun for example_sensors to None, run_after=None
[2025-05-04T22:49:53.784+0000] {processor.py:183} INFO - Processing /home/airflow/.local/lib/python3.8/site-packages/airflow/example_dags/example_sensors.py took 0.026 seconds
[2025-05-04T22:50:24.455+0000] {processor.py:161} INFO - Started process (PID=339) to work on /home/airflow/.local/lib/python3.8/site-packages/airflow/example_dags/example_sensors.py
[2025-05-04T22:50:24.457+0000] {processor.py:830} INFO - Processing file /home/airflow/.local/lib/python3.8/site-packages/airflow/example_dags/example_sensors.py for tasks to queue
[2025-05-04T22:50:24.459+0000] {logging_mixin.py:188} INFO - [2025-05-04T22:50:24.459+0000] {dagbag.py:538} INFO - Filling up the DagBag from /home/airflow/.local/lib/python3.8/site-packages/airflow/example_dags/example_sensors.py
[2025-05-04T22:50:24.465+0000] {processor.py:840} INFO - DAG(s) 'example_sensors' retrieved from /home/airflow/.local/lib/python3.8/site-packages/airflow/example_dags/example_sensors.py
[2025-05-04T22:50:24.480+0000] {logging_mixin.py:188} INFO - [2025-05-04T22:50:24.480+0000] {dag.py:3033} INFO - Sync 1 DAGs
[2025-05-04T22:50:24.485+0000] {logging_mixin.py:188} INFO - [2025-05-04T22:50:24.485+0000] {dag.py:3820} INFO - Setting next_dagrun for example_sensors to None, run_after=None
[2025-05-04T22:50:24.495+0000] {processor.py:183} INFO - Processing /home/airflow/.local/lib/python3.8/site-packages/airflow/example_dags/example_sensors.py took 0.041 seconds
[2025-05-04T22:50:58.445+0000] {processor.py:161} INFO - Started process (PID=59) to work on /home/airflow/.local/lib/python3.8/site-packages/airflow/example_dags/example_sensors.py
[2025-05-04T22:50:58.446+0000] {processor.py:830} INFO - Processing file /home/airflow/.local/lib/python3.8/site-packages/airflow/example_dags/example_sensors.py for tasks to queue
[2025-05-04T22:50:58.447+0000] {logging_mixin.py:188} INFO - [2025-05-04T22:50:58.447+0000] {dagbag.py:538} INFO - Filling up the DagBag from /home/airflow/.local/lib/python3.8/site-packages/airflow/example_dags/example_sensors.py
[2025-05-04T22:50:58.459+0000] {processor.py:840} INFO - DAG(s) 'example_sensors' retrieved from /home/airflow/.local/lib/python3.8/site-packages/airflow/example_dags/example_sensors.py
[2025-05-04T22:50:58.472+0000] {logging_mixin.py:188} INFO - [2025-05-04T22:50:58.472+0000] {dag.py:3033} INFO - Sync 1 DAGs
[2025-05-04T22:50:58.497+0000] {logging_mixin.py:188} INFO - [2025-05-04T22:50:58.496+0000] {dag.py:3820} INFO - Setting next_dagrun for example_sensors to None, run_after=None
[2025-05-04T22:50:58.524+0000] {processor.py:183} INFO - Processing /home/airflow/.local/lib/python3.8/site-packages/airflow/example_dags/example_sensors.py took 0.082 seconds
[2025-05-04T22:51:28.578+0000] {processor.py:161} INFO - Started process (PID=115) to work on /home/airflow/.local/lib/python3.8/site-packages/airflow/example_dags/example_sensors.py
[2025-05-04T22:51:28.580+0000] {processor.py:830} INFO - Processing file /home/airflow/.local/lib/python3.8/site-packages/airflow/example_dags/example_sensors.py for tasks to queue
[2025-05-04T22:51:28.581+0000] {logging_mixin.py:188} INFO - [2025-05-04T22:51:28.581+0000] {dagbag.py:538} INFO - Filling up the DagBag from /home/airflow/.local/lib/python3.8/site-packages/airflow/example_dags/example_sensors.py
[2025-05-04T22:51:28.585+0000] {processor.py:840} INFO - DAG(s) 'example_sensors' retrieved from /home/airflow/.local/lib/python3.8/site-packages/airflow/example_dags/example_sensors.py
[2025-05-04T22:51:28.626+0000] {logging_mixin.py:188} INFO - [2025-05-04T22:51:28.626+0000] {dag.py:3033} INFO - Sync 1 DAGs
[2025-05-04T22:51:28.631+0000] {logging_mixin.py:188} INFO - [2025-05-04T22:51:28.631+0000] {dag.py:3820} INFO - Setting next_dagrun for example_sensors to None, run_after=None
[2025-05-04T22:51:28.639+0000] {processor.py:183} INFO - Processing /home/airflow/.local/lib/python3.8/site-packages/airflow/example_dags/example_sensors.py took 0.063 seconds
[2025-05-04T22:51:58.738+0000] {processor.py:161} INFO - Started process (PID=171) to work on /home/airflow/.local/lib/python3.8/site-packages/airflow/example_dags/example_sensors.py
[2025-05-04T22:51:58.739+0000] {processor.py:830} INFO - Processing file /home/airflow/.local/lib/python3.8/site-packages/airflow/example_dags/example_sensors.py for tasks to queue
[2025-05-04T22:51:58.741+0000] {logging_mixin.py:188} INFO - [2025-05-04T22:51:58.741+0000] {dagbag.py:538} INFO - Filling up the DagBag from /home/airflow/.local/lib/python3.8/site-packages/airflow/example_dags/example_sensors.py
[2025-05-04T22:51:58.745+0000] {processor.py:840} INFO - DAG(s) 'example_sensors' retrieved from /home/airflow/.local/lib/python3.8/site-packages/airflow/example_dags/example_sensors.py
[2025-05-04T22:51:58.758+0000] {logging_mixin.py:188} INFO - [2025-05-04T22:51:58.758+0000] {dag.py:3033} INFO - Sync 1 DAGs
[2025-05-04T22:51:58.765+0000] {logging_mixin.py:188} INFO - [2025-05-04T22:51:58.765+0000] {dag.py:3820} INFO - Setting next_dagrun for example_sensors to None, run_after=None
[2025-05-04T22:51:58.773+0000] {processor.py:183} INFO - Processing /home/airflow/.local/lib/python3.8/site-packages/airflow/example_dags/example_sensors.py took 0.036 seconds
[2025-05-04T22:52:29.583+0000] {processor.py:161} INFO - Started process (PID=227) to work on /home/airflow/.local/lib/python3.8/site-packages/airflow/example_dags/example_sensors.py
[2025-05-04T22:52:29.584+0000] {processor.py:830} INFO - Processing file /home/airflow/.local/lib/python3.8/site-packages/airflow/example_dags/example_sensors.py for tasks to queue
[2025-05-04T22:52:29.585+0000] {logging_mixin.py:188} INFO - [2025-05-04T22:52:29.585+0000] {dagbag.py:538} INFO - Filling up the DagBag from /home/airflow/.local/lib/python3.8/site-packages/airflow/example_dags/example_sensors.py
[2025-05-04T22:52:29.590+0000] {processor.py:840} INFO - DAG(s) 'example_sensors' retrieved from /home/airflow/.local/lib/python3.8/site-packages/airflow/example_dags/example_sensors.py
[2025-05-04T22:52:29.604+0000] {logging_mixin.py:188} INFO - [2025-05-04T22:52:29.604+0000] {dag.py:3033} INFO - Sync 1 DAGs
[2025-05-04T22:52:29.609+0000] {logging_mixin.py:188} INFO - [2025-05-04T22:52:29.609+0000] {dag.py:3820} INFO - Setting next_dagrun for example_sensors to None, run_after=None
[2025-05-04T22:52:29.620+0000] {processor.py:183} INFO - Processing /home/airflow/.local/lib/python3.8/site-packages/airflow/example_dags/example_sensors.py took 0.038 seconds
[2025-05-04T22:53:00.180+0000] {processor.py:161} INFO - Started process (PID=283) to work on /home/airflow/.local/lib/python3.8/site-packages/airflow/example_dags/example_sensors.py
[2025-05-04T22:53:00.180+0000] {processor.py:830} INFO - Processing file /home/airflow/.local/lib/python3.8/site-packages/airflow/example_dags/example_sensors.py for tasks to queue
[2025-05-04T22:53:00.181+0000] {logging_mixin.py:188} INFO - [2025-05-04T22:53:00.181+0000] {dagbag.py:538} INFO - Filling up the DagBag from /home/airflow/.local/lib/python3.8/site-packages/airflow/example_dags/example_sensors.py
[2025-05-04T22:53:00.185+0000] {processor.py:840} INFO - DAG(s) 'example_sensors' retrieved from /home/airflow/.local/lib/python3.8/site-packages/airflow/example_dags/example_sensors.py
[2025-05-04T22:53:00.194+0000] {logging_mixin.py:188} INFO - [2025-05-04T22:53:00.194+0000] {dag.py:3033} INFO - Sync 1 DAGs
[2025-05-04T22:53:00.199+0000] {logging_mixin.py:188} INFO - [2025-05-04T22:53:00.199+0000] {dag.py:3820} INFO - Setting next_dagrun for example_sensors to None, run_after=None
[2025-05-04T22:53:00.205+0000] {processor.py:183} INFO - Processing /home/airflow/.local/lib/python3.8/site-packages/airflow/example_dags/example_sensors.py took 0.026 seconds
[2025-05-04T22:58:00.720+0000] {processor.py:161} INFO - Started process (PID=59) to work on /home/airflow/.local/lib/python3.8/site-packages/airflow/example_dags/example_sensors.py
[2025-05-04T22:58:00.723+0000] {processor.py:830} INFO - Processing file /home/airflow/.local/lib/python3.8/site-packages/airflow/example_dags/example_sensors.py for tasks to queue
[2025-05-04T22:58:00.727+0000] {logging_mixin.py:188} INFO - [2025-05-04T22:58:00.727+0000] {dagbag.py:538} INFO - Filling up the DagBag from /home/airflow/.local/lib/python3.8/site-packages/airflow/example_dags/example_sensors.py
[2025-05-04T22:58:00.734+0000] {processor.py:840} INFO - DAG(s) 'example_sensors' retrieved from /home/airflow/.local/lib/python3.8/site-packages/airflow/example_dags/example_sensors.py
[2025-05-04T22:58:00.746+0000] {logging_mixin.py:188} INFO - [2025-05-04T22:58:00.746+0000] {dag.py:3033} INFO - Sync 1 DAGs
[2025-05-04T22:58:00.758+0000] {logging_mixin.py:188} INFO - [2025-05-04T22:58:00.758+0000] {dag.py:3820} INFO - Setting next_dagrun for example_sensors to None, run_after=None
[2025-05-04T22:58:00.774+0000] {processor.py:183} INFO - Processing /home/airflow/.local/lib/python3.8/site-packages/airflow/example_dags/example_sensors.py took 0.057 seconds
[2025-05-04T22:58:31.218+0000] {processor.py:161} INFO - Started process (PID=115) to work on /home/airflow/.local/lib/python3.8/site-packages/airflow/example_dags/example_sensors.py
[2025-05-04T22:58:31.223+0000] {processor.py:830} INFO - Processing file /home/airflow/.local/lib/python3.8/site-packages/airflow/example_dags/example_sensors.py for tasks to queue
[2025-05-04T22:58:31.224+0000] {logging_mixin.py:188} INFO - [2025-05-04T22:58:31.224+0000] {dagbag.py:538} INFO - Filling up the DagBag from /home/airflow/.local/lib/python3.8/site-packages/airflow/example_dags/example_sensors.py
[2025-05-04T22:58:31.228+0000] {processor.py:840} INFO - DAG(s) 'example_sensors' retrieved from /home/airflow/.local/lib/python3.8/site-packages/airflow/example_dags/example_sensors.py
[2025-05-04T22:58:31.274+0000] {logging_mixin.py:188} INFO - [2025-05-04T22:58:31.274+0000] {dag.py:3033} INFO - Sync 1 DAGs
[2025-05-04T22:58:31.279+0000] {logging_mixin.py:188} INFO - [2025-05-04T22:58:31.279+0000] {dag.py:3820} INFO - Setting next_dagrun for example_sensors to None, run_after=None
[2025-05-04T22:58:31.296+0000] {processor.py:183} INFO - Processing /home/airflow/.local/lib/python3.8/site-packages/airflow/example_dags/example_sensors.py took 0.079 seconds
[2025-05-04T22:59:01.435+0000] {processor.py:161} INFO - Started process (PID=171) to work on /home/airflow/.local/lib/python3.8/site-packages/airflow/example_dags/example_sensors.py
[2025-05-04T22:59:01.436+0000] {processor.py:830} INFO - Processing file /home/airflow/.local/lib/python3.8/site-packages/airflow/example_dags/example_sensors.py for tasks to queue
[2025-05-04T22:59:01.437+0000] {logging_mixin.py:188} INFO - [2025-05-04T22:59:01.437+0000] {dagbag.py:538} INFO - Filling up the DagBag from /home/airflow/.local/lib/python3.8/site-packages/airflow/example_dags/example_sensors.py
[2025-05-04T22:59:01.443+0000] {processor.py:840} INFO - DAG(s) 'example_sensors' retrieved from /home/airflow/.local/lib/python3.8/site-packages/airflow/example_dags/example_sensors.py
[2025-05-04T22:59:01.457+0000] {logging_mixin.py:188} INFO - [2025-05-04T22:59:01.457+0000] {dag.py:3033} INFO - Sync 1 DAGs
[2025-05-04T22:59:01.464+0000] {logging_mixin.py:188} INFO - [2025-05-04T22:59:01.463+0000] {dag.py:3820} INFO - Setting next_dagrun for example_sensors to None, run_after=None
[2025-05-04T22:59:01.475+0000] {processor.py:183} INFO - Processing /home/airflow/.local/lib/python3.8/site-packages/airflow/example_dags/example_sensors.py took 0.041 seconds
[2025-05-04T22:59:32.220+0000] {processor.py:161} INFO - Started process (PID=227) to work on /home/airflow/.local/lib/python3.8/site-packages/airflow/example_dags/example_sensors.py
[2025-05-04T22:59:32.221+0000] {processor.py:830} INFO - Processing file /home/airflow/.local/lib/python3.8/site-packages/airflow/example_dags/example_sensors.py for tasks to queue
[2025-05-04T22:59:32.222+0000] {logging_mixin.py:188} INFO - [2025-05-04T22:59:32.221+0000] {dagbag.py:538} INFO - Filling up the DagBag from /home/airflow/.local/lib/python3.8/site-packages/airflow/example_dags/example_sensors.py
[2025-05-04T22:59:32.226+0000] {processor.py:840} INFO - DAG(s) 'example_sensors' retrieved from /home/airflow/.local/lib/python3.8/site-packages/airflow/example_dags/example_sensors.py
[2025-05-04T22:59:32.237+0000] {logging_mixin.py:188} INFO - [2025-05-04T22:59:32.237+0000] {dag.py:3033} INFO - Sync 1 DAGs
[2025-05-04T22:59:32.245+0000] {logging_mixin.py:188} INFO - [2025-05-04T22:59:32.245+0000] {dag.py:3820} INFO - Setting next_dagrun for example_sensors to None, run_after=None
[2025-05-04T22:59:32.264+0000] {processor.py:183} INFO - Processing /home/airflow/.local/lib/python3.8/site-packages/airflow/example_dags/example_sensors.py took 0.045 seconds
[2025-05-04T23:00:03.030+0000] {processor.py:161} INFO - Started process (PID=283) to work on /home/airflow/.local/lib/python3.8/site-packages/airflow/example_dags/example_sensors.py
[2025-05-04T23:00:03.032+0000] {processor.py:830} INFO - Processing file /home/airflow/.local/lib/python3.8/site-packages/airflow/example_dags/example_sensors.py for tasks to queue
[2025-05-04T23:00:03.034+0000] {logging_mixin.py:188} INFO - [2025-05-04T23:00:03.034+0000] {dagbag.py:538} INFO - Filling up the DagBag from /home/airflow/.local/lib/python3.8/site-packages/airflow/example_dags/example_sensors.py
[2025-05-04T23:00:03.038+0000] {processor.py:840} INFO - DAG(s) 'example_sensors' retrieved from /home/airflow/.local/lib/python3.8/site-packages/airflow/example_dags/example_sensors.py
[2025-05-04T23:00:03.052+0000] {logging_mixin.py:188} INFO - [2025-05-04T23:00:03.052+0000] {dag.py:3033} INFO - Sync 1 DAGs
[2025-05-04T23:00:03.060+0000] {logging_mixin.py:188} INFO - [2025-05-04T23:00:03.060+0000] {dag.py:3820} INFO - Setting next_dagrun for example_sensors to None, run_after=None
[2025-05-04T23:00:03.072+0000] {processor.py:183} INFO - Processing /home/airflow/.local/lib/python3.8/site-packages/airflow/example_dags/example_sensors.py took 0.043 seconds
[2025-05-04T23:00:33.679+0000] {processor.py:161} INFO - Started process (PID=339) to work on /home/airflow/.local/lib/python3.8/site-packages/airflow/example_dags/example_sensors.py
[2025-05-04T23:00:33.680+0000] {processor.py:830} INFO - Processing file /home/airflow/.local/lib/python3.8/site-packages/airflow/example_dags/example_sensors.py for tasks to queue
[2025-05-04T23:00:33.682+0000] {logging_mixin.py:188} INFO - [2025-05-04T23:00:33.682+0000] {dagbag.py:538} INFO - Filling up the DagBag from /home/airflow/.local/lib/python3.8/site-packages/airflow/example_dags/example_sensors.py
[2025-05-04T23:00:33.686+0000] {processor.py:840} INFO - DAG(s) 'example_sensors' retrieved from /home/airflow/.local/lib/python3.8/site-packages/airflow/example_dags/example_sensors.py
[2025-05-04T23:00:33.701+0000] {logging_mixin.py:188} INFO - [2025-05-04T23:00:33.701+0000] {dag.py:3033} INFO - Sync 1 DAGs
[2025-05-04T23:00:33.707+0000] {logging_mixin.py:188} INFO - [2025-05-04T23:00:33.707+0000] {dag.py:3820} INFO - Setting next_dagrun for example_sensors to None, run_after=None
[2025-05-04T23:00:33.718+0000] {processor.py:183} INFO - Processing /home/airflow/.local/lib/python3.8/site-packages/airflow/example_dags/example_sensors.py took 0.041 seconds
[2025-05-04T23:01:04.346+0000] {processor.py:161} INFO - Started process (PID=401) to work on /home/airflow/.local/lib/python3.8/site-packages/airflow/example_dags/example_sensors.py
[2025-05-04T23:01:04.348+0000] {processor.py:830} INFO - Processing file /home/airflow/.local/lib/python3.8/site-packages/airflow/example_dags/example_sensors.py for tasks to queue
[2025-05-04T23:01:04.349+0000] {logging_mixin.py:188} INFO - [2025-05-04T23:01:04.349+0000] {dagbag.py:538} INFO - Filling up the DagBag from /home/airflow/.local/lib/python3.8/site-packages/airflow/example_dags/example_sensors.py
[2025-05-04T23:01:04.354+0000] {processor.py:840} INFO - DAG(s) 'example_sensors' retrieved from /home/airflow/.local/lib/python3.8/site-packages/airflow/example_dags/example_sensors.py
[2025-05-04T23:01:04.369+0000] {logging_mixin.py:188} INFO - [2025-05-04T23:01:04.369+0000] {dag.py:3033} INFO - Sync 1 DAGs
[2025-05-04T23:01:04.378+0000] {logging_mixin.py:188} INFO - [2025-05-04T23:01:04.378+0000] {dag.py:3820} INFO - Setting next_dagrun for example_sensors to None, run_after=None
[2025-05-04T23:01:04.386+0000] {processor.py:183} INFO - Processing /home/airflow/.local/lib/python3.8/site-packages/airflow/example_dags/example_sensors.py took 0.042 seconds
[2025-05-04T23:01:34.946+0000] {processor.py:161} INFO - Started process (PID=457) to work on /home/airflow/.local/lib/python3.8/site-packages/airflow/example_dags/example_sensors.py
[2025-05-04T23:01:34.946+0000] {processor.py:830} INFO - Processing file /home/airflow/.local/lib/python3.8/site-packages/airflow/example_dags/example_sensors.py for tasks to queue
[2025-05-04T23:01:34.947+0000] {logging_mixin.py:188} INFO - [2025-05-04T23:01:34.947+0000] {dagbag.py:538} INFO - Filling up the DagBag from /home/airflow/.local/lib/python3.8/site-packages/airflow/example_dags/example_sensors.py
[2025-05-04T23:01:34.950+0000] {processor.py:840} INFO - DAG(s) 'example_sensors' retrieved from /home/airflow/.local/lib/python3.8/site-packages/airflow/example_dags/example_sensors.py
[2025-05-04T23:01:34.960+0000] {logging_mixin.py:188} INFO - [2025-05-04T23:01:34.959+0000] {dag.py:3033} INFO - Sync 1 DAGs
[2025-05-04T23:01:34.964+0000] {logging_mixin.py:188} INFO - [2025-05-04T23:01:34.964+0000] {dag.py:3820} INFO - Setting next_dagrun for example_sensors to None, run_after=None
[2025-05-04T23:01:34.970+0000] {processor.py:183} INFO - Processing /home/airflow/.local/lib/python3.8/site-packages/airflow/example_dags/example_sensors.py took 0.025 seconds
[2025-05-04T23:02:05.487+0000] {processor.py:161} INFO - Started process (PID=513) to work on /home/airflow/.local/lib/python3.8/site-packages/airflow/example_dags/example_sensors.py
[2025-05-04T23:02:05.489+0000] {processor.py:830} INFO - Processing file /home/airflow/.local/lib/python3.8/site-packages/airflow/example_dags/example_sensors.py for tasks to queue
[2025-05-04T23:02:05.490+0000] {logging_mixin.py:188} INFO - [2025-05-04T23:02:05.490+0000] {dagbag.py:538} INFO - Filling up the DagBag from /home/airflow/.local/lib/python3.8/site-packages/airflow/example_dags/example_sensors.py
[2025-05-04T23:02:05.493+0000] {processor.py:840} INFO - DAG(s) 'example_sensors' retrieved from /home/airflow/.local/lib/python3.8/site-packages/airflow/example_dags/example_sensors.py
[2025-05-04T23:02:05.504+0000] {logging_mixin.py:188} INFO - [2025-05-04T23:02:05.504+0000] {dag.py:3033} INFO - Sync 1 DAGs
[2025-05-04T23:02:05.509+0000] {logging_mixin.py:188} INFO - [2025-05-04T23:02:05.509+0000] {dag.py:3820} INFO - Setting next_dagrun for example_sensors to None, run_after=None
[2025-05-04T23:02:05.515+0000] {processor.py:183} INFO - Processing /home/airflow/.local/lib/python3.8/site-packages/airflow/example_dags/example_sensors.py took 0.030 seconds
[2025-05-04T23:02:36.027+0000] {processor.py:161} INFO - Started process (PID=569) to work on /home/airflow/.local/lib/python3.8/site-packages/airflow/example_dags/example_sensors.py
[2025-05-04T23:02:36.030+0000] {processor.py:830} INFO - Processing file /home/airflow/.local/lib/python3.8/site-packages/airflow/example_dags/example_sensors.py for tasks to queue
[2025-05-04T23:02:36.031+0000] {logging_mixin.py:188} INFO - [2025-05-04T23:02:36.031+0000] {dagbag.py:538} INFO - Filling up the DagBag from /home/airflow/.local/lib/python3.8/site-packages/airflow/example_dags/example_sensors.py
[2025-05-04T23:02:36.035+0000] {processor.py:840} INFO - DAG(s) 'example_sensors' retrieved from /home/airflow/.local/lib/python3.8/site-packages/airflow/example_dags/example_sensors.py
[2025-05-04T23:02:36.048+0000] {logging_mixin.py:188} INFO - [2025-05-04T23:02:36.048+0000] {dag.py:3033} INFO - Sync 1 DAGs
[2025-05-04T23:02:36.054+0000] {logging_mixin.py:188} INFO - [2025-05-04T23:02:36.054+0000] {dag.py:3820} INFO - Setting next_dagrun for example_sensors to None, run_after=None
[2025-05-04T23:02:36.061+0000] {processor.py:183} INFO - Processing /home/airflow/.local/lib/python3.8/site-packages/airflow/example_dags/example_sensors.py took 0.036 seconds
[2025-05-04T23:03:06.842+0000] {processor.py:161} INFO - Started process (PID=625) to work on /home/airflow/.local/lib/python3.8/site-packages/airflow/example_dags/example_sensors.py
[2025-05-04T23:03:06.845+0000] {processor.py:830} INFO - Processing file /home/airflow/.local/lib/python3.8/site-packages/airflow/example_dags/example_sensors.py for tasks to queue
[2025-05-04T23:03:06.845+0000] {logging_mixin.py:188} INFO - [2025-05-04T23:03:06.845+0000] {dagbag.py:538} INFO - Filling up the DagBag from /home/airflow/.local/lib/python3.8/site-packages/airflow/example_dags/example_sensors.py
[2025-05-04T23:03:06.849+0000] {processor.py:840} INFO - DAG(s) 'example_sensors' retrieved from /home/airflow/.local/lib/python3.8/site-packages/airflow/example_dags/example_sensors.py
[2025-05-04T23:03:06.858+0000] {logging_mixin.py:188} INFO - [2025-05-04T23:03:06.858+0000] {dag.py:3033} INFO - Sync 1 DAGs
[2025-05-04T23:03:06.864+0000] {logging_mixin.py:188} INFO - [2025-05-04T23:03:06.864+0000] {dag.py:3820} INFO - Setting next_dagrun for example_sensors to None, run_after=None
[2025-05-04T23:03:06.873+0000] {processor.py:183} INFO - Processing /home/airflow/.local/lib/python3.8/site-packages/airflow/example_dags/example_sensors.py took 0.033 seconds
[2025-05-04T23:03:37.418+0000] {processor.py:161} INFO - Started process (PID=681) to work on /home/airflow/.local/lib/python3.8/site-packages/airflow/example_dags/example_sensors.py
[2025-05-04T23:03:37.419+0000] {processor.py:830} INFO - Processing file /home/airflow/.local/lib/python3.8/site-packages/airflow/example_dags/example_sensors.py for tasks to queue
[2025-05-04T23:03:37.419+0000] {logging_mixin.py:188} INFO - [2025-05-04T23:03:37.419+0000] {dagbag.py:538} INFO - Filling up the DagBag from /home/airflow/.local/lib/python3.8/site-packages/airflow/example_dags/example_sensors.py
[2025-05-04T23:03:37.423+0000] {processor.py:840} INFO - DAG(s) 'example_sensors' retrieved from /home/airflow/.local/lib/python3.8/site-packages/airflow/example_dags/example_sensors.py
[2025-05-04T23:03:37.437+0000] {logging_mixin.py:188} INFO - [2025-05-04T23:03:37.437+0000] {dag.py:3033} INFO - Sync 1 DAGs
[2025-05-04T23:03:37.443+0000] {logging_mixin.py:188} INFO - [2025-05-04T23:03:37.443+0000] {dag.py:3820} INFO - Setting next_dagrun for example_sensors to None, run_after=None
[2025-05-04T23:03:37.455+0000] {processor.py:183} INFO - Processing /home/airflow/.local/lib/python3.8/site-packages/airflow/example_dags/example_sensors.py took 0.038 seconds
[2025-05-04T23:04:28.514+0000] {processor.py:161} INFO - Started process (PID=64) to work on /home/airflow/.local/lib/python3.8/site-packages/airflow/example_dags/example_sensors.py
[2025-05-04T23:04:28.516+0000] {processor.py:830} INFO - Processing file /home/airflow/.local/lib/python3.8/site-packages/airflow/example_dags/example_sensors.py for tasks to queue
[2025-05-04T23:04:28.518+0000] {logging_mixin.py:188} INFO - [2025-05-04T23:04:28.518+0000] {dagbag.py:538} INFO - Filling up the DagBag from /home/airflow/.local/lib/python3.8/site-packages/airflow/example_dags/example_sensors.py
[2025-05-04T23:04:28.524+0000] {processor.py:840} INFO - DAG(s) 'example_sensors' retrieved from /home/airflow/.local/lib/python3.8/site-packages/airflow/example_dags/example_sensors.py
[2025-05-04T23:04:28.536+0000] {logging_mixin.py:188} INFO - [2025-05-04T23:04:28.536+0000] {dag.py:3033} INFO - Sync 1 DAGs
[2025-05-04T23:04:28.546+0000] {logging_mixin.py:188} INFO - [2025-05-04T23:04:28.546+0000] {dag.py:3820} INFO - Setting next_dagrun for example_sensors to None, run_after=None
[2025-05-04T23:04:28.561+0000] {processor.py:183} INFO - Processing /home/airflow/.local/lib/python3.8/site-packages/airflow/example_dags/example_sensors.py took 0.049 seconds
[2025-05-04T23:04:58.661+0000] {processor.py:161} INFO - Started process (PID=120) to work on /home/airflow/.local/lib/python3.8/site-packages/airflow/example_dags/example_sensors.py
[2025-05-04T23:04:58.663+0000] {processor.py:830} INFO - Processing file /home/airflow/.local/lib/python3.8/site-packages/airflow/example_dags/example_sensors.py for tasks to queue
[2025-05-04T23:04:58.664+0000] {logging_mixin.py:188} INFO - [2025-05-04T23:04:58.664+0000] {dagbag.py:538} INFO - Filling up the DagBag from /home/airflow/.local/lib/python3.8/site-packages/airflow/example_dags/example_sensors.py
[2025-05-04T23:04:58.669+0000] {processor.py:840} INFO - DAG(s) 'example_sensors' retrieved from /home/airflow/.local/lib/python3.8/site-packages/airflow/example_dags/example_sensors.py
[2025-05-04T23:04:58.717+0000] {logging_mixin.py:188} INFO - [2025-05-04T23:04:58.717+0000] {dag.py:3033} INFO - Sync 1 DAGs
[2025-05-04T23:04:58.721+0000] {logging_mixin.py:188} INFO - [2025-05-04T23:04:58.721+0000] {dag.py:3820} INFO - Setting next_dagrun for example_sensors to None, run_after=None
[2025-05-04T23:04:58.731+0000] {processor.py:183} INFO - Processing /home/airflow/.local/lib/python3.8/site-packages/airflow/example_dags/example_sensors.py took 0.072 seconds
[2025-05-04T23:05:28.749+0000] {processor.py:161} INFO - Started process (PID=176) to work on /home/airflow/.local/lib/python3.8/site-packages/airflow/example_dags/example_sensors.py
[2025-05-04T23:05:28.750+0000] {processor.py:830} INFO - Processing file /home/airflow/.local/lib/python3.8/site-packages/airflow/example_dags/example_sensors.py for tasks to queue
[2025-05-04T23:05:28.752+0000] {logging_mixin.py:188} INFO - [2025-05-04T23:05:28.752+0000] {dagbag.py:538} INFO - Filling up the DagBag from /home/airflow/.local/lib/python3.8/site-packages/airflow/example_dags/example_sensors.py
[2025-05-04T23:05:28.756+0000] {processor.py:840} INFO - DAG(s) 'example_sensors' retrieved from /home/airflow/.local/lib/python3.8/site-packages/airflow/example_dags/example_sensors.py
[2025-05-04T23:05:28.776+0000] {logging_mixin.py:188} INFO - [2025-05-04T23:05:28.776+0000] {dag.py:3033} INFO - Sync 1 DAGs
[2025-05-04T23:05:28.782+0000] {logging_mixin.py:188} INFO - [2025-05-04T23:05:28.782+0000] {dag.py:3820} INFO - Setting next_dagrun for example_sensors to None, run_after=None
[2025-05-04T23:05:28.790+0000] {processor.py:183} INFO - Processing /home/airflow/.local/lib/python3.8/site-packages/airflow/example_dags/example_sensors.py took 0.043 seconds
[2025-05-04T23:06:31.266+0000] {processor.py:161} INFO - Started process (PID=59) to work on /home/airflow/.local/lib/python3.8/site-packages/airflow/example_dags/example_sensors.py
[2025-05-04T23:06:31.270+0000] {processor.py:830} INFO - Processing file /home/airflow/.local/lib/python3.8/site-packages/airflow/example_dags/example_sensors.py for tasks to queue
[2025-05-04T23:06:31.271+0000] {logging_mixin.py:188} INFO - [2025-05-04T23:06:31.271+0000] {dagbag.py:538} INFO - Filling up the DagBag from /home/airflow/.local/lib/python3.8/site-packages/airflow/example_dags/example_sensors.py
[2025-05-04T23:06:31.278+0000] {processor.py:840} INFO - DAG(s) 'example_sensors' retrieved from /home/airflow/.local/lib/python3.8/site-packages/airflow/example_dags/example_sensors.py
[2025-05-04T23:06:31.288+0000] {logging_mixin.py:188} INFO - [2025-05-04T23:06:31.288+0000] {dag.py:3033} INFO - Sync 1 DAGs
[2025-05-04T23:06:31.296+0000] {logging_mixin.py:188} INFO - [2025-05-04T23:06:31.296+0000] {dag.py:3820} INFO - Setting next_dagrun for example_sensors to None, run_after=None
[2025-05-04T23:06:31.307+0000] {processor.py:183} INFO - Processing /home/airflow/.local/lib/python3.8/site-packages/airflow/example_dags/example_sensors.py took 0.043 seconds
[2025-05-04T23:07:01.571+0000] {processor.py:161} INFO - Started process (PID=115) to work on /home/airflow/.local/lib/python3.8/site-packages/airflow/example_dags/example_sensors.py
[2025-05-04T23:07:01.571+0000] {processor.py:830} INFO - Processing file /home/airflow/.local/lib/python3.8/site-packages/airflow/example_dags/example_sensors.py for tasks to queue
[2025-05-04T23:07:01.572+0000] {logging_mixin.py:188} INFO - [2025-05-04T23:07:01.572+0000] {dagbag.py:538} INFO - Filling up the DagBag from /home/airflow/.local/lib/python3.8/site-packages/airflow/example_dags/example_sensors.py
[2025-05-04T23:07:01.576+0000] {processor.py:840} INFO - DAG(s) 'example_sensors' retrieved from /home/airflow/.local/lib/python3.8/site-packages/airflow/example_dags/example_sensors.py
[2025-05-04T23:07:01.619+0000] {logging_mixin.py:188} INFO - [2025-05-04T23:07:01.619+0000] {dag.py:3033} INFO - Sync 1 DAGs
[2025-05-04T23:07:01.624+0000] {logging_mixin.py:188} INFO - [2025-05-04T23:07:01.624+0000] {dag.py:3820} INFO - Setting next_dagrun for example_sensors to None, run_after=None
[2025-05-04T23:07:01.634+0000] {processor.py:183} INFO - Processing /home/airflow/.local/lib/python3.8/site-packages/airflow/example_dags/example_sensors.py took 0.065 seconds
[2025-05-04T23:07:32.633+0000] {processor.py:161} INFO - Started process (PID=177) to work on /home/airflow/.local/lib/python3.8/site-packages/airflow/example_dags/example_sensors.py
[2025-05-04T23:07:32.633+0000] {processor.py:830} INFO - Processing file /home/airflow/.local/lib/python3.8/site-packages/airflow/example_dags/example_sensors.py for tasks to queue
[2025-05-04T23:07:32.634+0000] {logging_mixin.py:188} INFO - [2025-05-04T23:07:32.634+0000] {dagbag.py:538} INFO - Filling up the DagBag from /home/airflow/.local/lib/python3.8/site-packages/airflow/example_dags/example_sensors.py
[2025-05-04T23:07:32.639+0000] {processor.py:840} INFO - DAG(s) 'example_sensors' retrieved from /home/airflow/.local/lib/python3.8/site-packages/airflow/example_dags/example_sensors.py
[2025-05-04T23:07:32.650+0000] {logging_mixin.py:188} INFO - [2025-05-04T23:07:32.650+0000] {dag.py:3033} INFO - Sync 1 DAGs
[2025-05-04T23:07:32.656+0000] {logging_mixin.py:188} INFO - [2025-05-04T23:07:32.656+0000] {dag.py:3820} INFO - Setting next_dagrun for example_sensors to None, run_after=None
[2025-05-04T23:07:32.663+0000] {processor.py:183} INFO - Processing /home/airflow/.local/lib/python3.8/site-packages/airflow/example_dags/example_sensors.py took 0.033 seconds
[2025-05-04T23:08:03.171+0000] {processor.py:161} INFO - Started process (PID=233) to work on /home/airflow/.local/lib/python3.8/site-packages/airflow/example_dags/example_sensors.py
[2025-05-04T23:08:03.173+0000] {processor.py:830} INFO - Processing file /home/airflow/.local/lib/python3.8/site-packages/airflow/example_dags/example_sensors.py for tasks to queue
[2025-05-04T23:08:03.174+0000] {logging_mixin.py:188} INFO - [2025-05-04T23:08:03.173+0000] {dagbag.py:538} INFO - Filling up the DagBag from /home/airflow/.local/lib/python3.8/site-packages/airflow/example_dags/example_sensors.py
[2025-05-04T23:08:03.178+0000] {processor.py:840} INFO - DAG(s) 'example_sensors' retrieved from /home/airflow/.local/lib/python3.8/site-packages/airflow/example_dags/example_sensors.py
[2025-05-04T23:08:03.193+0000] {logging_mixin.py:188} INFO - [2025-05-04T23:08:03.193+0000] {dag.py:3033} INFO - Sync 1 DAGs
[2025-05-04T23:08:03.198+0000] {logging_mixin.py:188} INFO - [2025-05-04T23:08:03.198+0000] {dag.py:3820} INFO - Setting next_dagrun for example_sensors to None, run_after=None
[2025-05-04T23:08:03.208+0000] {processor.py:183} INFO - Processing /home/airflow/.local/lib/python3.8/site-packages/airflow/example_dags/example_sensors.py took 0.039 seconds
[2025-05-04T23:08:33.756+0000] {processor.py:161} INFO - Started process (PID=289) to work on /home/airflow/.local/lib/python3.8/site-packages/airflow/example_dags/example_sensors.py
[2025-05-04T23:08:33.756+0000] {processor.py:830} INFO - Processing file /home/airflow/.local/lib/python3.8/site-packages/airflow/example_dags/example_sensors.py for tasks to queue
[2025-05-04T23:08:33.757+0000] {logging_mixin.py:188} INFO - [2025-05-04T23:08:33.757+0000] {dagbag.py:538} INFO - Filling up the DagBag from /home/airflow/.local/lib/python3.8/site-packages/airflow/example_dags/example_sensors.py
[2025-05-04T23:08:33.762+0000] {processor.py:840} INFO - DAG(s) 'example_sensors' retrieved from /home/airflow/.local/lib/python3.8/site-packages/airflow/example_dags/example_sensors.py
[2025-05-04T23:08:33.773+0000] {logging_mixin.py:188} INFO - [2025-05-04T23:08:33.773+0000] {dag.py:3033} INFO - Sync 1 DAGs
[2025-05-04T23:08:33.778+0000] {logging_mixin.py:188} INFO - [2025-05-04T23:08:33.778+0000] {dag.py:3820} INFO - Setting next_dagrun for example_sensors to None, run_after=None
[2025-05-04T23:08:33.785+0000] {processor.py:183} INFO - Processing /home/airflow/.local/lib/python3.8/site-packages/airflow/example_dags/example_sensors.py took 0.031 seconds
[2025-05-04T23:09:04.522+0000] {processor.py:161} INFO - Started process (PID=344) to work on /home/airflow/.local/lib/python3.8/site-packages/airflow/example_dags/example_sensors.py
[2025-05-04T23:09:04.524+0000] {processor.py:830} INFO - Processing file /home/airflow/.local/lib/python3.8/site-packages/airflow/example_dags/example_sensors.py for tasks to queue
[2025-05-04T23:09:04.525+0000] {logging_mixin.py:188} INFO - [2025-05-04T23:09:04.525+0000] {dagbag.py:538} INFO - Filling up the DagBag from /home/airflow/.local/lib/python3.8/site-packages/airflow/example_dags/example_sensors.py
[2025-05-04T23:09:04.529+0000] {processor.py:840} INFO - DAG(s) 'example_sensors' retrieved from /home/airflow/.local/lib/python3.8/site-packages/airflow/example_dags/example_sensors.py
[2025-05-04T23:09:04.540+0000] {logging_mixin.py:188} INFO - [2025-05-04T23:09:04.540+0000] {dag.py:3033} INFO - Sync 1 DAGs
[2025-05-04T23:09:04.545+0000] {logging_mixin.py:188} INFO - [2025-05-04T23:09:04.545+0000] {dag.py:3820} INFO - Setting next_dagrun for example_sensors to None, run_after=None
[2025-05-04T23:09:04.552+0000] {processor.py:183} INFO - Processing /home/airflow/.local/lib/python3.8/site-packages/airflow/example_dags/example_sensors.py took 0.031 seconds
[2025-05-04T23:09:34.589+0000] {processor.py:161} INFO - Started process (PID=400) to work on /home/airflow/.local/lib/python3.8/site-packages/airflow/example_dags/example_sensors.py
[2025-05-04T23:09:34.589+0000] {processor.py:830} INFO - Processing file /home/airflow/.local/lib/python3.8/site-packages/airflow/example_dags/example_sensors.py for tasks to queue
[2025-05-04T23:09:34.590+0000] {logging_mixin.py:188} INFO - [2025-05-04T23:09:34.590+0000] {dagbag.py:538} INFO - Filling up the DagBag from /home/airflow/.local/lib/python3.8/site-packages/airflow/example_dags/example_sensors.py
[2025-05-04T23:09:34.594+0000] {processor.py:840} INFO - DAG(s) 'example_sensors' retrieved from /home/airflow/.local/lib/python3.8/site-packages/airflow/example_dags/example_sensors.py
[2025-05-04T23:09:34.605+0000] {logging_mixin.py:188} INFO - [2025-05-04T23:09:34.604+0000] {dag.py:3033} INFO - Sync 1 DAGs
[2025-05-04T23:09:34.609+0000] {logging_mixin.py:188} INFO - [2025-05-04T23:09:34.609+0000] {dag.py:3820} INFO - Setting next_dagrun for example_sensors to None, run_after=None
[2025-05-04T23:09:34.616+0000] {processor.py:183} INFO - Processing /home/airflow/.local/lib/python3.8/site-packages/airflow/example_dags/example_sensors.py took 0.029 seconds
[2025-05-04T23:10:05.389+0000] {processor.py:161} INFO - Started process (PID=456) to work on /home/airflow/.local/lib/python3.8/site-packages/airflow/example_dags/example_sensors.py
[2025-05-04T23:10:05.390+0000] {processor.py:830} INFO - Processing file /home/airflow/.local/lib/python3.8/site-packages/airflow/example_dags/example_sensors.py for tasks to queue
[2025-05-04T23:10:05.391+0000] {logging_mixin.py:188} INFO - [2025-05-04T23:10:05.391+0000] {dagbag.py:538} INFO - Filling up the DagBag from /home/airflow/.local/lib/python3.8/site-packages/airflow/example_dags/example_sensors.py
[2025-05-04T23:10:05.396+0000] {processor.py:840} INFO - DAG(s) 'example_sensors' retrieved from /home/airflow/.local/lib/python3.8/site-packages/airflow/example_dags/example_sensors.py
[2025-05-04T23:10:05.416+0000] {logging_mixin.py:188} INFO - [2025-05-04T23:10:05.416+0000] {dag.py:3033} INFO - Sync 1 DAGs
[2025-05-04T23:10:05.423+0000] {logging_mixin.py:188} INFO - [2025-05-04T23:10:05.423+0000] {dag.py:3820} INFO - Setting next_dagrun for example_sensors to None, run_after=None
[2025-05-04T23:10:05.440+0000] {processor.py:183} INFO - Processing /home/airflow/.local/lib/python3.8/site-packages/airflow/example_dags/example_sensors.py took 0.053 seconds
[2025-05-04T23:10:36.078+0000] {processor.py:161} INFO - Started process (PID=512) to work on /home/airflow/.local/lib/python3.8/site-packages/airflow/example_dags/example_sensors.py
[2025-05-04T23:10:36.079+0000] {processor.py:830} INFO - Processing file /home/airflow/.local/lib/python3.8/site-packages/airflow/example_dags/example_sensors.py for tasks to queue
[2025-05-04T23:10:36.080+0000] {logging_mixin.py:188} INFO - [2025-05-04T23:10:36.080+0000] {dagbag.py:538} INFO - Filling up the DagBag from /home/airflow/.local/lib/python3.8/site-packages/airflow/example_dags/example_sensors.py
[2025-05-04T23:10:36.085+0000] {processor.py:840} INFO - DAG(s) 'example_sensors' retrieved from /home/airflow/.local/lib/python3.8/site-packages/airflow/example_dags/example_sensors.py
[2025-05-04T23:10:36.097+0000] {logging_mixin.py:188} INFO - [2025-05-04T23:10:36.097+0000] {dag.py:3033} INFO - Sync 1 DAGs
[2025-05-04T23:10:36.102+0000] {logging_mixin.py:188} INFO - [2025-05-04T23:10:36.102+0000] {dag.py:3820} INFO - Setting next_dagrun for example_sensors to None, run_after=None
[2025-05-04T23:10:36.116+0000] {processor.py:183} INFO - Processing /home/airflow/.local/lib/python3.8/site-packages/airflow/example_dags/example_sensors.py took 0.040 seconds
[2025-05-04T23:11:06.783+0000] {processor.py:161} INFO - Started process (PID=568) to work on /home/airflow/.local/lib/python3.8/site-packages/airflow/example_dags/example_sensors.py
[2025-05-04T23:11:06.784+0000] {processor.py:830} INFO - Processing file /home/airflow/.local/lib/python3.8/site-packages/airflow/example_dags/example_sensors.py for tasks to queue
[2025-05-04T23:11:06.784+0000] {logging_mixin.py:188} INFO - [2025-05-04T23:11:06.784+0000] {dagbag.py:538} INFO - Filling up the DagBag from /home/airflow/.local/lib/python3.8/site-packages/airflow/example_dags/example_sensors.py
[2025-05-04T23:11:06.789+0000] {processor.py:840} INFO - DAG(s) 'example_sensors' retrieved from /home/airflow/.local/lib/python3.8/site-packages/airflow/example_dags/example_sensors.py
[2025-05-04T23:11:06.799+0000] {logging_mixin.py:188} INFO - [2025-05-04T23:11:06.799+0000] {dag.py:3033} INFO - Sync 1 DAGs
[2025-05-04T23:11:06.804+0000] {logging_mixin.py:188} INFO - [2025-05-04T23:11:06.804+0000] {dag.py:3820} INFO - Setting next_dagrun for example_sensors to None, run_after=None
[2025-05-04T23:11:06.810+0000] {processor.py:183} INFO - Processing /home/airflow/.local/lib/python3.8/site-packages/airflow/example_dags/example_sensors.py took 0.029 seconds
[2025-05-04T23:11:37.423+0000] {processor.py:161} INFO - Started process (PID=624) to work on /home/airflow/.local/lib/python3.8/site-packages/airflow/example_dags/example_sensors.py
[2025-05-04T23:11:37.424+0000] {processor.py:830} INFO - Processing file /home/airflow/.local/lib/python3.8/site-packages/airflow/example_dags/example_sensors.py for tasks to queue
[2025-05-04T23:11:37.425+0000] {logging_mixin.py:188} INFO - [2025-05-04T23:11:37.424+0000] {dagbag.py:538} INFO - Filling up the DagBag from /home/airflow/.local/lib/python3.8/site-packages/airflow/example_dags/example_sensors.py
[2025-05-04T23:11:37.429+0000] {processor.py:840} INFO - DAG(s) 'example_sensors' retrieved from /home/airflow/.local/lib/python3.8/site-packages/airflow/example_dags/example_sensors.py
[2025-05-04T23:11:37.440+0000] {logging_mixin.py:188} INFO - [2025-05-04T23:11:37.439+0000] {dag.py:3033} INFO - Sync 1 DAGs
[2025-05-04T23:11:37.444+0000] {logging_mixin.py:188} INFO - [2025-05-04T23:11:37.444+0000] {dag.py:3820} INFO - Setting next_dagrun for example_sensors to None, run_after=None
[2025-05-04T23:11:37.450+0000] {processor.py:183} INFO - Processing /home/airflow/.local/lib/python3.8/site-packages/airflow/example_dags/example_sensors.py took 0.031 seconds
[2025-05-04T23:12:08.033+0000] {processor.py:161} INFO - Started process (PID=680) to work on /home/airflow/.local/lib/python3.8/site-packages/airflow/example_dags/example_sensors.py
[2025-05-04T23:12:08.034+0000] {processor.py:830} INFO - Processing file /home/airflow/.local/lib/python3.8/site-packages/airflow/example_dags/example_sensors.py for tasks to queue
[2025-05-04T23:12:08.035+0000] {logging_mixin.py:188} INFO - [2025-05-04T23:12:08.035+0000] {dagbag.py:538} INFO - Filling up the DagBag from /home/airflow/.local/lib/python3.8/site-packages/airflow/example_dags/example_sensors.py
[2025-05-04T23:12:08.043+0000] {processor.py:840} INFO - DAG(s) 'example_sensors' retrieved from /home/airflow/.local/lib/python3.8/site-packages/airflow/example_dags/example_sensors.py
[2025-05-04T23:12:08.067+0000] {logging_mixin.py:188} INFO - [2025-05-04T23:12:08.067+0000] {dag.py:3033} INFO - Sync 1 DAGs
[2025-05-04T23:12:08.074+0000] {logging_mixin.py:188} INFO - [2025-05-04T23:12:08.073+0000] {dag.py:3820} INFO - Setting next_dagrun for example_sensors to None, run_after=None
[2025-05-04T23:12:08.083+0000] {processor.py:183} INFO - Processing /home/airflow/.local/lib/python3.8/site-packages/airflow/example_dags/example_sensors.py took 0.052 seconds
[2025-05-04T23:12:38.711+0000] {processor.py:161} INFO - Started process (PID=736) to work on /home/airflow/.local/lib/python3.8/site-packages/airflow/example_dags/example_sensors.py
[2025-05-04T23:12:38.712+0000] {processor.py:830} INFO - Processing file /home/airflow/.local/lib/python3.8/site-packages/airflow/example_dags/example_sensors.py for tasks to queue
[2025-05-04T23:12:38.713+0000] {logging_mixin.py:188} INFO - [2025-05-04T23:12:38.712+0000] {dagbag.py:538} INFO - Filling up the DagBag from /home/airflow/.local/lib/python3.8/site-packages/airflow/example_dags/example_sensors.py
[2025-05-04T23:12:38.717+0000] {processor.py:840} INFO - DAG(s) 'example_sensors' retrieved from /home/airflow/.local/lib/python3.8/site-packages/airflow/example_dags/example_sensors.py
[2025-05-04T23:12:38.728+0000] {logging_mixin.py:188} INFO - [2025-05-04T23:12:38.728+0000] {dag.py:3033} INFO - Sync 1 DAGs
[2025-05-04T23:12:38.733+0000] {logging_mixin.py:188} INFO - [2025-05-04T23:12:38.733+0000] {dag.py:3820} INFO - Setting next_dagrun for example_sensors to None, run_after=None
[2025-05-04T23:12:38.739+0000] {processor.py:183} INFO - Processing /home/airflow/.local/lib/python3.8/site-packages/airflow/example_dags/example_sensors.py took 0.030 seconds
[2025-05-04T23:13:09.338+0000] {processor.py:161} INFO - Started process (PID=792) to work on /home/airflow/.local/lib/python3.8/site-packages/airflow/example_dags/example_sensors.py
[2025-05-04T23:13:09.338+0000] {processor.py:830} INFO - Processing file /home/airflow/.local/lib/python3.8/site-packages/airflow/example_dags/example_sensors.py for tasks to queue
[2025-05-04T23:13:09.339+0000] {logging_mixin.py:188} INFO - [2025-05-04T23:13:09.339+0000] {dagbag.py:538} INFO - Filling up the DagBag from /home/airflow/.local/lib/python3.8/site-packages/airflow/example_dags/example_sensors.py
[2025-05-04T23:13:09.344+0000] {processor.py:840} INFO - DAG(s) 'example_sensors' retrieved from /home/airflow/.local/lib/python3.8/site-packages/airflow/example_dags/example_sensors.py
[2025-05-04T23:13:09.357+0000] {logging_mixin.py:188} INFO - [2025-05-04T23:13:09.357+0000] {dag.py:3033} INFO - Sync 1 DAGs
[2025-05-04T23:13:09.364+0000] {logging_mixin.py:188} INFO - [2025-05-04T23:13:09.364+0000] {dag.py:3820} INFO - Setting next_dagrun for example_sensors to None, run_after=None
[2025-05-04T23:13:09.374+0000] {processor.py:183} INFO - Processing /home/airflow/.local/lib/python3.8/site-packages/airflow/example_dags/example_sensors.py took 0.038 seconds
[2025-05-04T23:13:39.991+0000] {processor.py:161} INFO - Started process (PID=848) to work on /home/airflow/.local/lib/python3.8/site-packages/airflow/example_dags/example_sensors.py
[2025-05-04T23:13:39.992+0000] {processor.py:830} INFO - Processing file /home/airflow/.local/lib/python3.8/site-packages/airflow/example_dags/example_sensors.py for tasks to queue
[2025-05-04T23:13:39.993+0000] {logging_mixin.py:188} INFO - [2025-05-04T23:13:39.993+0000] {dagbag.py:538} INFO - Filling up the DagBag from /home/airflow/.local/lib/python3.8/site-packages/airflow/example_dags/example_sensors.py
[2025-05-04T23:13:39.998+0000] {processor.py:840} INFO - DAG(s) 'example_sensors' retrieved from /home/airflow/.local/lib/python3.8/site-packages/airflow/example_dags/example_sensors.py
[2025-05-04T23:13:40.012+0000] {logging_mixin.py:188} INFO - [2025-05-04T23:13:40.012+0000] {dag.py:3033} INFO - Sync 1 DAGs
[2025-05-04T23:13:40.018+0000] {logging_mixin.py:188} INFO - [2025-05-04T23:13:40.018+0000] {dag.py:3820} INFO - Setting next_dagrun for example_sensors to None, run_after=None
[2025-05-04T23:13:40.025+0000] {processor.py:183} INFO - Processing /home/airflow/.local/lib/python3.8/site-packages/airflow/example_dags/example_sensors.py took 0.036 seconds
[2025-05-04T23:14:10.713+0000] {processor.py:161} INFO - Started process (PID=904) to work on /home/airflow/.local/lib/python3.8/site-packages/airflow/example_dags/example_sensors.py
[2025-05-04T23:14:10.713+0000] {processor.py:830} INFO - Processing file /home/airflow/.local/lib/python3.8/site-packages/airflow/example_dags/example_sensors.py for tasks to queue
[2025-05-04T23:14:10.715+0000] {logging_mixin.py:188} INFO - [2025-05-04T23:14:10.714+0000] {dagbag.py:538} INFO - Filling up the DagBag from /home/airflow/.local/lib/python3.8/site-packages/airflow/example_dags/example_sensors.py
[2025-05-04T23:14:10.719+0000] {processor.py:840} INFO - DAG(s) 'example_sensors' retrieved from /home/airflow/.local/lib/python3.8/site-packages/airflow/example_dags/example_sensors.py
[2025-05-04T23:14:10.738+0000] {logging_mixin.py:188} INFO - [2025-05-04T23:14:10.738+0000] {dag.py:3033} INFO - Sync 1 DAGs
[2025-05-04T23:14:10.743+0000] {logging_mixin.py:188} INFO - [2025-05-04T23:14:10.743+0000] {dag.py:3820} INFO - Setting next_dagrun for example_sensors to None, run_after=None
[2025-05-04T23:14:10.754+0000] {processor.py:183} INFO - Processing /home/airflow/.local/lib/python3.8/site-packages/airflow/example_dags/example_sensors.py took 0.043 seconds
[2025-05-04T23:14:41.663+0000] {processor.py:161} INFO - Started process (PID=960) to work on /home/airflow/.local/lib/python3.8/site-packages/airflow/example_dags/example_sensors.py
[2025-05-04T23:14:41.664+0000] {processor.py:830} INFO - Processing file /home/airflow/.local/lib/python3.8/site-packages/airflow/example_dags/example_sensors.py for tasks to queue
[2025-05-04T23:14:41.664+0000] {logging_mixin.py:188} INFO - [2025-05-04T23:14:41.664+0000] {dagbag.py:538} INFO - Filling up the DagBag from /home/airflow/.local/lib/python3.8/site-packages/airflow/example_dags/example_sensors.py
[2025-05-04T23:14:41.668+0000] {processor.py:840} INFO - DAG(s) 'example_sensors' retrieved from /home/airflow/.local/lib/python3.8/site-packages/airflow/example_dags/example_sensors.py
[2025-05-04T23:14:41.679+0000] {logging_mixin.py:188} INFO - [2025-05-04T23:14:41.679+0000] {dag.py:3033} INFO - Sync 1 DAGs
[2025-05-04T23:14:41.684+0000] {logging_mixin.py:188} INFO - [2025-05-04T23:14:41.684+0000] {dag.py:3820} INFO - Setting next_dagrun for example_sensors to None, run_after=None
[2025-05-04T23:14:41.690+0000] {processor.py:183} INFO - Processing /home/airflow/.local/lib/python3.8/site-packages/airflow/example_dags/example_sensors.py took 0.029 seconds
[2025-05-04T23:15:11.823+0000] {processor.py:161} INFO - Started process (PID=1016) to work on /home/airflow/.local/lib/python3.8/site-packages/airflow/example_dags/example_sensors.py
[2025-05-04T23:15:11.824+0000] {processor.py:830} INFO - Processing file /home/airflow/.local/lib/python3.8/site-packages/airflow/example_dags/example_sensors.py for tasks to queue
[2025-05-04T23:15:11.825+0000] {logging_mixin.py:188} INFO - [2025-05-04T23:15:11.825+0000] {dagbag.py:538} INFO - Filling up the DagBag from /home/airflow/.local/lib/python3.8/site-packages/airflow/example_dags/example_sensors.py
[2025-05-04T23:15:11.829+0000] {processor.py:840} INFO - DAG(s) 'example_sensors' retrieved from /home/airflow/.local/lib/python3.8/site-packages/airflow/example_dags/example_sensors.py
[2025-05-04T23:15:11.841+0000] {logging_mixin.py:188} INFO - [2025-05-04T23:15:11.841+0000] {dag.py:3033} INFO - Sync 1 DAGs
[2025-05-04T23:15:11.846+0000] {logging_mixin.py:188} INFO - [2025-05-04T23:15:11.846+0000] {dag.py:3820} INFO - Setting next_dagrun for example_sensors to None, run_after=None
[2025-05-04T23:15:11.854+0000] {processor.py:183} INFO - Processing /home/airflow/.local/lib/python3.8/site-packages/airflow/example_dags/example_sensors.py took 0.033 seconds
[2025-05-04T23:15:42.400+0000] {processor.py:161} INFO - Started process (PID=1072) to work on /home/airflow/.local/lib/python3.8/site-packages/airflow/example_dags/example_sensors.py
[2025-05-04T23:15:42.400+0000] {processor.py:830} INFO - Processing file /home/airflow/.local/lib/python3.8/site-packages/airflow/example_dags/example_sensors.py for tasks to queue
[2025-05-04T23:15:42.401+0000] {logging_mixin.py:188} INFO - [2025-05-04T23:15:42.401+0000] {dagbag.py:538} INFO - Filling up the DagBag from /home/airflow/.local/lib/python3.8/site-packages/airflow/example_dags/example_sensors.py
[2025-05-04T23:15:42.405+0000] {processor.py:840} INFO - DAG(s) 'example_sensors' retrieved from /home/airflow/.local/lib/python3.8/site-packages/airflow/example_dags/example_sensors.py
[2025-05-04T23:15:42.419+0000] {logging_mixin.py:188} INFO - [2025-05-04T23:15:42.419+0000] {dag.py:3033} INFO - Sync 1 DAGs
[2025-05-04T23:15:42.427+0000] {logging_mixin.py:188} INFO - [2025-05-04T23:15:42.427+0000] {dag.py:3820} INFO - Setting next_dagrun for example_sensors to None, run_after=None
[2025-05-04T23:15:42.436+0000] {processor.py:183} INFO - Processing /home/airflow/.local/lib/python3.8/site-packages/airflow/example_dags/example_sensors.py took 0.037 seconds
[2025-05-04T23:18:31.518+0000] {processor.py:161} INFO - Started process (PID=59) to work on /home/airflow/.local/lib/python3.8/site-packages/airflow/example_dags/example_sensors.py
[2025-05-04T23:18:31.519+0000] {processor.py:830} INFO - Processing file /home/airflow/.local/lib/python3.8/site-packages/airflow/example_dags/example_sensors.py for tasks to queue
[2025-05-04T23:18:31.520+0000] {logging_mixin.py:188} INFO - [2025-05-04T23:18:31.520+0000] {dagbag.py:538} INFO - Filling up the DagBag from /home/airflow/.local/lib/python3.8/site-packages/airflow/example_dags/example_sensors.py
[2025-05-04T23:18:31.524+0000] {processor.py:840} INFO - DAG(s) 'example_sensors' retrieved from /home/airflow/.local/lib/python3.8/site-packages/airflow/example_dags/example_sensors.py
[2025-05-04T23:18:31.531+0000] {logging_mixin.py:188} INFO - [2025-05-04T23:18:31.531+0000] {dag.py:3033} INFO - Sync 1 DAGs
[2025-05-04T23:18:31.538+0000] {logging_mixin.py:188} INFO - [2025-05-04T23:18:31.538+0000] {dag.py:3820} INFO - Setting next_dagrun for example_sensors to None, run_after=None
[2025-05-04T23:18:31.547+0000] {processor.py:183} INFO - Processing /home/airflow/.local/lib/python3.8/site-packages/airflow/example_dags/example_sensors.py took 0.031 seconds
[2025-05-04T23:19:01.744+0000] {processor.py:161} INFO - Started process (PID=115) to work on /home/airflow/.local/lib/python3.8/site-packages/airflow/example_dags/example_sensors.py
[2025-05-04T23:19:01.744+0000] {processor.py:830} INFO - Processing file /home/airflow/.local/lib/python3.8/site-packages/airflow/example_dags/example_sensors.py for tasks to queue
[2025-05-04T23:19:01.745+0000] {logging_mixin.py:188} INFO - [2025-05-04T23:19:01.745+0000] {dagbag.py:538} INFO - Filling up the DagBag from /home/airflow/.local/lib/python3.8/site-packages/airflow/example_dags/example_sensors.py
[2025-05-04T23:19:01.749+0000] {processor.py:840} INFO - DAG(s) 'example_sensors' retrieved from /home/airflow/.local/lib/python3.8/site-packages/airflow/example_dags/example_sensors.py
[2025-05-04T23:19:01.800+0000] {logging_mixin.py:188} INFO - [2025-05-04T23:19:01.800+0000] {dag.py:3033} INFO - Sync 1 DAGs
[2025-05-04T23:19:01.806+0000] {logging_mixin.py:188} INFO - [2025-05-04T23:19:01.806+0000] {dag.py:3820} INFO - Setting next_dagrun for example_sensors to None, run_after=None
[2025-05-04T23:19:01.813+0000] {processor.py:183} INFO - Processing /home/airflow/.local/lib/python3.8/site-packages/airflow/example_dags/example_sensors.py took 0.071 seconds
[2025-05-04T23:19:32.126+0000] {processor.py:161} INFO - Started process (PID=171) to work on /home/airflow/.local/lib/python3.8/site-packages/airflow/example_dags/example_sensors.py
[2025-05-04T23:19:32.129+0000] {processor.py:830} INFO - Processing file /home/airflow/.local/lib/python3.8/site-packages/airflow/example_dags/example_sensors.py for tasks to queue
[2025-05-04T23:19:32.130+0000] {logging_mixin.py:188} INFO - [2025-05-04T23:19:32.130+0000] {dagbag.py:538} INFO - Filling up the DagBag from /home/airflow/.local/lib/python3.8/site-packages/airflow/example_dags/example_sensors.py
[2025-05-04T23:19:32.135+0000] {processor.py:840} INFO - DAG(s) 'example_sensors' retrieved from /home/airflow/.local/lib/python3.8/site-packages/airflow/example_dags/example_sensors.py
[2025-05-04T23:19:32.149+0000] {logging_mixin.py:188} INFO - [2025-05-04T23:19:32.149+0000] {dag.py:3033} INFO - Sync 1 DAGs
[2025-05-04T23:19:32.154+0000] {logging_mixin.py:188} INFO - [2025-05-04T23:19:32.154+0000] {dag.py:3820} INFO - Setting next_dagrun for example_sensors to None, run_after=None
[2025-05-04T23:19:32.161+0000] {processor.py:183} INFO - Processing /home/airflow/.local/lib/python3.8/site-packages/airflow/example_dags/example_sensors.py took 0.037 seconds
[2025-05-04T23:20:02.767+0000] {processor.py:161} INFO - Started process (PID=227) to work on /home/airflow/.local/lib/python3.8/site-packages/airflow/example_dags/example_sensors.py
[2025-05-04T23:20:02.770+0000] {processor.py:830} INFO - Processing file /home/airflow/.local/lib/python3.8/site-packages/airflow/example_dags/example_sensors.py for tasks to queue
[2025-05-04T23:20:02.771+0000] {logging_mixin.py:188} INFO - [2025-05-04T23:20:02.771+0000] {dagbag.py:538} INFO - Filling up the DagBag from /home/airflow/.local/lib/python3.8/site-packages/airflow/example_dags/example_sensors.py
[2025-05-04T23:20:02.777+0000] {processor.py:840} INFO - DAG(s) 'example_sensors' retrieved from /home/airflow/.local/lib/python3.8/site-packages/airflow/example_dags/example_sensors.py
[2025-05-04T23:20:02.791+0000] {logging_mixin.py:188} INFO - [2025-05-04T23:20:02.791+0000] {dag.py:3033} INFO - Sync 1 DAGs
[2025-05-04T23:20:02.797+0000] {logging_mixin.py:188} INFO - [2025-05-04T23:20:02.797+0000] {dag.py:3820} INFO - Setting next_dagrun for example_sensors to None, run_after=None
[2025-05-04T23:20:02.804+0000] {processor.py:183} INFO - Processing /home/airflow/.local/lib/python3.8/site-packages/airflow/example_dags/example_sensors.py took 0.039 seconds
[2025-05-04T23:20:33.628+0000] {processor.py:161} INFO - Started process (PID=282) to work on /home/airflow/.local/lib/python3.8/site-packages/airflow/example_dags/example_sensors.py
[2025-05-04T23:20:33.629+0000] {processor.py:830} INFO - Processing file /home/airflow/.local/lib/python3.8/site-packages/airflow/example_dags/example_sensors.py for tasks to queue
[2025-05-04T23:20:33.630+0000] {logging_mixin.py:188} INFO - [2025-05-04T23:20:33.630+0000] {dagbag.py:538} INFO - Filling up the DagBag from /home/airflow/.local/lib/python3.8/site-packages/airflow/example_dags/example_sensors.py
[2025-05-04T23:20:33.634+0000] {processor.py:840} INFO - DAG(s) 'example_sensors' retrieved from /home/airflow/.local/lib/python3.8/site-packages/airflow/example_dags/example_sensors.py
[2025-05-04T23:20:33.649+0000] {logging_mixin.py:188} INFO - [2025-05-04T23:20:33.649+0000] {dag.py:3033} INFO - Sync 1 DAGs
[2025-05-04T23:20:33.657+0000] {logging_mixin.py:188} INFO - [2025-05-04T23:20:33.657+0000] {dag.py:3820} INFO - Setting next_dagrun for example_sensors to None, run_after=None
[2025-05-04T23:20:33.670+0000] {processor.py:183} INFO - Processing /home/airflow/.local/lib/python3.8/site-packages/airflow/example_dags/example_sensors.py took 0.044 seconds
[2025-05-04T23:21:03.770+0000] {processor.py:161} INFO - Started process (PID=338) to work on /home/airflow/.local/lib/python3.8/site-packages/airflow/example_dags/example_sensors.py
[2025-05-04T23:21:03.771+0000] {processor.py:830} INFO - Processing file /home/airflow/.local/lib/python3.8/site-packages/airflow/example_dags/example_sensors.py for tasks to queue
[2025-05-04T23:21:03.773+0000] {logging_mixin.py:188} INFO - [2025-05-04T23:21:03.773+0000] {dagbag.py:538} INFO - Filling up the DagBag from /home/airflow/.local/lib/python3.8/site-packages/airflow/example_dags/example_sensors.py
[2025-05-04T23:21:03.781+0000] {processor.py:840} INFO - DAG(s) 'example_sensors' retrieved from /home/airflow/.local/lib/python3.8/site-packages/airflow/example_dags/example_sensors.py
[2025-05-04T23:21:03.796+0000] {logging_mixin.py:188} INFO - [2025-05-04T23:21:03.795+0000] {dag.py:3033} INFO - Sync 1 DAGs
[2025-05-04T23:21:03.801+0000] {logging_mixin.py:188} INFO - [2025-05-04T23:21:03.801+0000] {dag.py:3820} INFO - Setting next_dagrun for example_sensors to None, run_after=None
[2025-05-04T23:21:03.810+0000] {processor.py:183} INFO - Processing /home/airflow/.local/lib/python3.8/site-packages/airflow/example_dags/example_sensors.py took 0.041 seconds
[2025-05-04T23:21:34.391+0000] {processor.py:161} INFO - Started process (PID=394) to work on /home/airflow/.local/lib/python3.8/site-packages/airflow/example_dags/example_sensors.py
[2025-05-04T23:21:34.392+0000] {processor.py:830} INFO - Processing file /home/airflow/.local/lib/python3.8/site-packages/airflow/example_dags/example_sensors.py for tasks to queue
[2025-05-04T23:21:34.394+0000] {logging_mixin.py:188} INFO - [2025-05-04T23:21:34.393+0000] {dagbag.py:538} INFO - Filling up the DagBag from /home/airflow/.local/lib/python3.8/site-packages/airflow/example_dags/example_sensors.py
[2025-05-04T23:21:34.398+0000] {processor.py:840} INFO - DAG(s) 'example_sensors' retrieved from /home/airflow/.local/lib/python3.8/site-packages/airflow/example_dags/example_sensors.py
[2025-05-04T23:21:34.412+0000] {logging_mixin.py:188} INFO - [2025-05-04T23:21:34.412+0000] {dag.py:3033} INFO - Sync 1 DAGs
[2025-05-04T23:21:34.421+0000] {logging_mixin.py:188} INFO - [2025-05-04T23:21:34.421+0000] {dag.py:3820} INFO - Setting next_dagrun for example_sensors to None, run_after=None
[2025-05-04T23:21:34.435+0000] {processor.py:183} INFO - Processing /home/airflow/.local/lib/python3.8/site-packages/airflow/example_dags/example_sensors.py took 0.045 seconds
[2025-05-04T23:22:05.107+0000] {processor.py:161} INFO - Started process (PID=450) to work on /home/airflow/.local/lib/python3.8/site-packages/airflow/example_dags/example_sensors.py
[2025-05-04T23:22:05.108+0000] {processor.py:830} INFO - Processing file /home/airflow/.local/lib/python3.8/site-packages/airflow/example_dags/example_sensors.py for tasks to queue
[2025-05-04T23:22:05.109+0000] {logging_mixin.py:188} INFO - [2025-05-04T23:22:05.109+0000] {dagbag.py:538} INFO - Filling up the DagBag from /home/airflow/.local/lib/python3.8/site-packages/airflow/example_dags/example_sensors.py
[2025-05-04T23:22:05.115+0000] {processor.py:840} INFO - DAG(s) 'example_sensors' retrieved from /home/airflow/.local/lib/python3.8/site-packages/airflow/example_dags/example_sensors.py
[2025-05-04T23:22:05.127+0000] {logging_mixin.py:188} INFO - [2025-05-04T23:22:05.127+0000] {dag.py:3033} INFO - Sync 1 DAGs
[2025-05-04T23:22:05.135+0000] {logging_mixin.py:188} INFO - [2025-05-04T23:22:05.135+0000] {dag.py:3820} INFO - Setting next_dagrun for example_sensors to None, run_after=None
[2025-05-04T23:22:05.150+0000] {processor.py:183} INFO - Processing /home/airflow/.local/lib/python3.8/site-packages/airflow/example_dags/example_sensors.py took 0.045 seconds
[2025-05-04T23:22:35.662+0000] {processor.py:161} INFO - Started process (PID=506) to work on /home/airflow/.local/lib/python3.8/site-packages/airflow/example_dags/example_sensors.py
[2025-05-04T23:22:35.663+0000] {processor.py:830} INFO - Processing file /home/airflow/.local/lib/python3.8/site-packages/airflow/example_dags/example_sensors.py for tasks to queue
[2025-05-04T23:22:35.663+0000] {logging_mixin.py:188} INFO - [2025-05-04T23:22:35.663+0000] {dagbag.py:538} INFO - Filling up the DagBag from /home/airflow/.local/lib/python3.8/site-packages/airflow/example_dags/example_sensors.py
[2025-05-04T23:22:35.667+0000] {processor.py:840} INFO - DAG(s) 'example_sensors' retrieved from /home/airflow/.local/lib/python3.8/site-packages/airflow/example_dags/example_sensors.py
[2025-05-04T23:22:35.676+0000] {logging_mixin.py:188} INFO - [2025-05-04T23:22:35.676+0000] {dag.py:3033} INFO - Sync 1 DAGs
[2025-05-04T23:22:35.681+0000] {logging_mixin.py:188} INFO - [2025-05-04T23:22:35.681+0000] {dag.py:3820} INFO - Setting next_dagrun for example_sensors to None, run_after=None
[2025-05-04T23:22:35.687+0000] {processor.py:183} INFO - Processing /home/airflow/.local/lib/python3.8/site-packages/airflow/example_dags/example_sensors.py took 0.027 seconds
[2025-05-04T23:23:06.230+0000] {processor.py:161} INFO - Started process (PID=562) to work on /home/airflow/.local/lib/python3.8/site-packages/airflow/example_dags/example_sensors.py
[2025-05-04T23:23:06.231+0000] {processor.py:830} INFO - Processing file /home/airflow/.local/lib/python3.8/site-packages/airflow/example_dags/example_sensors.py for tasks to queue
[2025-05-04T23:23:06.232+0000] {logging_mixin.py:188} INFO - [2025-05-04T23:23:06.232+0000] {dagbag.py:538} INFO - Filling up the DagBag from /home/airflow/.local/lib/python3.8/site-packages/airflow/example_dags/example_sensors.py
[2025-05-04T23:23:06.239+0000] {processor.py:840} INFO - DAG(s) 'example_sensors' retrieved from /home/airflow/.local/lib/python3.8/site-packages/airflow/example_dags/example_sensors.py
[2025-05-04T23:23:06.252+0000] {logging_mixin.py:188} INFO - [2025-05-04T23:23:06.252+0000] {dag.py:3033} INFO - Sync 1 DAGs
[2025-05-04T23:23:06.257+0000] {logging_mixin.py:188} INFO - [2025-05-04T23:23:06.257+0000] {dag.py:3820} INFO - Setting next_dagrun for example_sensors to None, run_after=None
[2025-05-04T23:23:06.264+0000] {processor.py:183} INFO - Processing /home/airflow/.local/lib/python3.8/site-packages/airflow/example_dags/example_sensors.py took 0.036 seconds
[2025-05-04T23:24:30.840+0000] {processor.py:161} INFO - Started process (PID=59) to work on /home/airflow/.local/lib/python3.8/site-packages/airflow/example_dags/example_sensors.py
[2025-05-04T23:24:30.841+0000] {processor.py:830} INFO - Processing file /home/airflow/.local/lib/python3.8/site-packages/airflow/example_dags/example_sensors.py for tasks to queue
[2025-05-04T23:24:30.843+0000] {logging_mixin.py:188} INFO - [2025-05-04T23:24:30.843+0000] {dagbag.py:538} INFO - Filling up the DagBag from /home/airflow/.local/lib/python3.8/site-packages/airflow/example_dags/example_sensors.py
[2025-05-04T23:24:30.848+0000] {processor.py:840} INFO - DAG(s) 'example_sensors' retrieved from /home/airflow/.local/lib/python3.8/site-packages/airflow/example_dags/example_sensors.py
[2025-05-04T23:24:30.858+0000] {logging_mixin.py:188} INFO - [2025-05-04T23:24:30.858+0000] {dag.py:3033} INFO - Sync 1 DAGs
[2025-05-04T23:24:30.867+0000] {logging_mixin.py:188} INFO - [2025-05-04T23:24:30.867+0000] {dag.py:3820} INFO - Setting next_dagrun for example_sensors to None, run_after=None
[2025-05-04T23:24:30.892+0000] {processor.py:183} INFO - Processing /home/airflow/.local/lib/python3.8/site-packages/airflow/example_dags/example_sensors.py took 0.056 seconds
[2025-05-04T23:25:01.161+0000] {processor.py:161} INFO - Started process (PID=115) to work on /home/airflow/.local/lib/python3.8/site-packages/airflow/example_dags/example_sensors.py
[2025-05-04T23:25:01.163+0000] {processor.py:830} INFO - Processing file /home/airflow/.local/lib/python3.8/site-packages/airflow/example_dags/example_sensors.py for tasks to queue
[2025-05-04T23:25:01.165+0000] {logging_mixin.py:188} INFO - [2025-05-04T23:25:01.165+0000] {dagbag.py:538} INFO - Filling up the DagBag from /home/airflow/.local/lib/python3.8/site-packages/airflow/example_dags/example_sensors.py
[2025-05-04T23:25:01.170+0000] {processor.py:840} INFO - DAG(s) 'example_sensors' retrieved from /home/airflow/.local/lib/python3.8/site-packages/airflow/example_dags/example_sensors.py
[2025-05-04T23:25:01.225+0000] {logging_mixin.py:188} INFO - [2025-05-04T23:25:01.225+0000] {dag.py:3033} INFO - Sync 1 DAGs
[2025-05-04T23:25:01.233+0000] {logging_mixin.py:188} INFO - [2025-05-04T23:25:01.233+0000] {dag.py:3820} INFO - Setting next_dagrun for example_sensors to None, run_after=None
[2025-05-04T23:25:01.247+0000] {processor.py:183} INFO - Processing /home/airflow/.local/lib/python3.8/site-packages/airflow/example_dags/example_sensors.py took 0.088 seconds
[2025-05-04T23:25:31.389+0000] {processor.py:161} INFO - Started process (PID=170) to work on /home/airflow/.local/lib/python3.8/site-packages/airflow/example_dags/example_sensors.py
[2025-05-04T23:25:31.390+0000] {processor.py:830} INFO - Processing file /home/airflow/.local/lib/python3.8/site-packages/airflow/example_dags/example_sensors.py for tasks to queue
[2025-05-04T23:25:31.391+0000] {logging_mixin.py:188} INFO - [2025-05-04T23:25:31.391+0000] {dagbag.py:538} INFO - Filling up the DagBag from /home/airflow/.local/lib/python3.8/site-packages/airflow/example_dags/example_sensors.py
[2025-05-04T23:25:31.395+0000] {processor.py:840} INFO - DAG(s) 'example_sensors' retrieved from /home/airflow/.local/lib/python3.8/site-packages/airflow/example_dags/example_sensors.py
[2025-05-04T23:25:31.408+0000] {logging_mixin.py:188} INFO - [2025-05-04T23:25:31.408+0000] {dag.py:3033} INFO - Sync 1 DAGs
[2025-05-04T23:25:31.413+0000] {logging_mixin.py:188} INFO - [2025-05-04T23:25:31.413+0000] {dag.py:3820} INFO - Setting next_dagrun for example_sensors to None, run_after=None
[2025-05-04T23:25:31.424+0000] {processor.py:183} INFO - Processing /home/airflow/.local/lib/python3.8/site-packages/airflow/example_dags/example_sensors.py took 0.037 seconds
[2025-05-04T23:26:02.161+0000] {processor.py:161} INFO - Started process (PID=226) to work on /home/airflow/.local/lib/python3.8/site-packages/airflow/example_dags/example_sensors.py
[2025-05-04T23:26:02.164+0000] {processor.py:830} INFO - Processing file /home/airflow/.local/lib/python3.8/site-packages/airflow/example_dags/example_sensors.py for tasks to queue
[2025-05-04T23:26:02.165+0000] {logging_mixin.py:188} INFO - [2025-05-04T23:26:02.165+0000] {dagbag.py:538} INFO - Filling up the DagBag from /home/airflow/.local/lib/python3.8/site-packages/airflow/example_dags/example_sensors.py
[2025-05-04T23:26:02.171+0000] {processor.py:840} INFO - DAG(s) 'example_sensors' retrieved from /home/airflow/.local/lib/python3.8/site-packages/airflow/example_dags/example_sensors.py
[2025-05-04T23:26:02.187+0000] {logging_mixin.py:188} INFO - [2025-05-04T23:26:02.187+0000] {dag.py:3033} INFO - Sync 1 DAGs
[2025-05-04T23:26:02.191+0000] {logging_mixin.py:188} INFO - [2025-05-04T23:26:02.191+0000] {dag.py:3820} INFO - Setting next_dagrun for example_sensors to None, run_after=None
[2025-05-04T23:26:02.202+0000] {processor.py:183} INFO - Processing /home/airflow/.local/lib/python3.8/site-packages/airflow/example_dags/example_sensors.py took 0.043 seconds
[2025-05-04T23:26:32.963+0000] {processor.py:161} INFO - Started process (PID=282) to work on /home/airflow/.local/lib/python3.8/site-packages/airflow/example_dags/example_sensors.py
[2025-05-04T23:26:32.964+0000] {processor.py:830} INFO - Processing file /home/airflow/.local/lib/python3.8/site-packages/airflow/example_dags/example_sensors.py for tasks to queue
[2025-05-04T23:26:32.965+0000] {logging_mixin.py:188} INFO - [2025-05-04T23:26:32.965+0000] {dagbag.py:538} INFO - Filling up the DagBag from /home/airflow/.local/lib/python3.8/site-packages/airflow/example_dags/example_sensors.py
[2025-05-04T23:26:32.970+0000] {processor.py:840} INFO - DAG(s) 'example_sensors' retrieved from /home/airflow/.local/lib/python3.8/site-packages/airflow/example_dags/example_sensors.py
[2025-05-04T23:26:32.987+0000] {logging_mixin.py:188} INFO - [2025-05-04T23:26:32.987+0000] {dag.py:3033} INFO - Sync 1 DAGs
[2025-05-04T23:26:32.993+0000] {logging_mixin.py:188} INFO - [2025-05-04T23:26:32.993+0000] {dag.py:3820} INFO - Setting next_dagrun for example_sensors to None, run_after=None
[2025-05-04T23:26:33.004+0000] {processor.py:183} INFO - Processing /home/airflow/.local/lib/python3.8/site-packages/airflow/example_dags/example_sensors.py took 0.042 seconds
[2025-05-04T23:27:03.672+0000] {processor.py:161} INFO - Started process (PID=338) to work on /home/airflow/.local/lib/python3.8/site-packages/airflow/example_dags/example_sensors.py
[2025-05-04T23:27:03.673+0000] {processor.py:830} INFO - Processing file /home/airflow/.local/lib/python3.8/site-packages/airflow/example_dags/example_sensors.py for tasks to queue
[2025-05-04T23:27:03.675+0000] {logging_mixin.py:188} INFO - [2025-05-04T23:27:03.674+0000] {dagbag.py:538} INFO - Filling up the DagBag from /home/airflow/.local/lib/python3.8/site-packages/airflow/example_dags/example_sensors.py
[2025-05-04T23:27:03.678+0000] {processor.py:840} INFO - DAG(s) 'example_sensors' retrieved from /home/airflow/.local/lib/python3.8/site-packages/airflow/example_dags/example_sensors.py
[2025-05-04T23:27:03.696+0000] {logging_mixin.py:188} INFO - [2025-05-04T23:27:03.696+0000] {dag.py:3033} INFO - Sync 1 DAGs
[2025-05-04T23:27:03.702+0000] {logging_mixin.py:188} INFO - [2025-05-04T23:27:03.702+0000] {dag.py:3820} INFO - Setting next_dagrun for example_sensors to None, run_after=None
[2025-05-04T23:27:03.710+0000] {processor.py:183} INFO - Processing /home/airflow/.local/lib/python3.8/site-packages/airflow/example_dags/example_sensors.py took 0.040 seconds
[2025-05-04T23:27:34.342+0000] {processor.py:161} INFO - Started process (PID=394) to work on /home/airflow/.local/lib/python3.8/site-packages/airflow/example_dags/example_sensors.py
[2025-05-04T23:27:34.343+0000] {processor.py:830} INFO - Processing file /home/airflow/.local/lib/python3.8/site-packages/airflow/example_dags/example_sensors.py for tasks to queue
[2025-05-04T23:27:34.344+0000] {logging_mixin.py:188} INFO - [2025-05-04T23:27:34.344+0000] {dagbag.py:538} INFO - Filling up the DagBag from /home/airflow/.local/lib/python3.8/site-packages/airflow/example_dags/example_sensors.py
[2025-05-04T23:27:34.348+0000] {processor.py:840} INFO - DAG(s) 'example_sensors' retrieved from /home/airflow/.local/lib/python3.8/site-packages/airflow/example_dags/example_sensors.py
[2025-05-04T23:27:34.367+0000] {logging_mixin.py:188} INFO - [2025-05-04T23:27:34.366+0000] {dag.py:3033} INFO - Sync 1 DAGs
[2025-05-04T23:27:34.372+0000] {logging_mixin.py:188} INFO - [2025-05-04T23:27:34.372+0000] {dag.py:3820} INFO - Setting next_dagrun for example_sensors to None, run_after=None
[2025-05-04T23:27:34.380+0000] {processor.py:183} INFO - Processing /home/airflow/.local/lib/python3.8/site-packages/airflow/example_dags/example_sensors.py took 0.040 seconds
[2025-05-04T23:28:24.198+0000] {processor.py:161} INFO - Started process (PID=59) to work on /home/airflow/.local/lib/python3.8/site-packages/airflow/example_dags/example_sensors.py
[2025-05-04T23:28:24.201+0000] {processor.py:830} INFO - Processing file /home/airflow/.local/lib/python3.8/site-packages/airflow/example_dags/example_sensors.py for tasks to queue
[2025-05-04T23:28:24.202+0000] {logging_mixin.py:188} INFO - [2025-05-04T23:28:24.202+0000] {dagbag.py:538} INFO - Filling up the DagBag from /home/airflow/.local/lib/python3.8/site-packages/airflow/example_dags/example_sensors.py
[2025-05-04T23:28:24.207+0000] {processor.py:840} INFO - DAG(s) 'example_sensors' retrieved from /home/airflow/.local/lib/python3.8/site-packages/airflow/example_dags/example_sensors.py
[2025-05-04T23:28:24.216+0000] {logging_mixin.py:188} INFO - [2025-05-04T23:28:24.216+0000] {dag.py:3033} INFO - Sync 1 DAGs
[2025-05-04T23:28:24.223+0000] {logging_mixin.py:188} INFO - [2025-05-04T23:28:24.222+0000] {dag.py:3820} INFO - Setting next_dagrun for example_sensors to None, run_after=None
[2025-05-04T23:28:24.240+0000] {processor.py:183} INFO - Processing /home/airflow/.local/lib/python3.8/site-packages/airflow/example_dags/example_sensors.py took 0.045 seconds
[2025-05-04T23:28:55.143+0000] {processor.py:161} INFO - Started process (PID=115) to work on /home/airflow/.local/lib/python3.8/site-packages/airflow/example_dags/example_sensors.py
[2025-05-04T23:28:55.144+0000] {processor.py:830} INFO - Processing file /home/airflow/.local/lib/python3.8/site-packages/airflow/example_dags/example_sensors.py for tasks to queue
[2025-05-04T23:28:55.145+0000] {logging_mixin.py:188} INFO - [2025-05-04T23:28:55.145+0000] {dagbag.py:538} INFO - Filling up the DagBag from /home/airflow/.local/lib/python3.8/site-packages/airflow/example_dags/example_sensors.py
[2025-05-04T23:28:55.150+0000] {processor.py:840} INFO - DAG(s) 'example_sensors' retrieved from /home/airflow/.local/lib/python3.8/site-packages/airflow/example_dags/example_sensors.py
[2025-05-04T23:28:55.196+0000] {logging_mixin.py:188} INFO - [2025-05-04T23:28:55.195+0000] {dag.py:3033} INFO - Sync 1 DAGs
[2025-05-04T23:28:55.200+0000] {logging_mixin.py:188} INFO - [2025-05-04T23:28:55.200+0000] {dag.py:3820} INFO - Setting next_dagrun for example_sensors to None, run_after=None
[2025-05-04T23:28:55.212+0000] {processor.py:183} INFO - Processing /home/airflow/.local/lib/python3.8/site-packages/airflow/example_dags/example_sensors.py took 0.070 seconds
[2025-05-04T23:29:25.468+0000] {processor.py:161} INFO - Started process (PID=171) to work on /home/airflow/.local/lib/python3.8/site-packages/airflow/example_dags/example_sensors.py
[2025-05-04T23:29:25.470+0000] {processor.py:830} INFO - Processing file /home/airflow/.local/lib/python3.8/site-packages/airflow/example_dags/example_sensors.py for tasks to queue
[2025-05-04T23:29:25.471+0000] {logging_mixin.py:188} INFO - [2025-05-04T23:29:25.471+0000] {dagbag.py:538} INFO - Filling up the DagBag from /home/airflow/.local/lib/python3.8/site-packages/airflow/example_dags/example_sensors.py
[2025-05-04T23:29:25.476+0000] {processor.py:840} INFO - DAG(s) 'example_sensors' retrieved from /home/airflow/.local/lib/python3.8/site-packages/airflow/example_dags/example_sensors.py
[2025-05-04T23:29:25.491+0000] {logging_mixin.py:188} INFO - [2025-05-04T23:29:25.490+0000] {dag.py:3033} INFO - Sync 1 DAGs
[2025-05-04T23:29:25.496+0000] {logging_mixin.py:188} INFO - [2025-05-04T23:29:25.496+0000] {dag.py:3820} INFO - Setting next_dagrun for example_sensors to None, run_after=None
[2025-05-04T23:29:25.507+0000] {processor.py:183} INFO - Processing /home/airflow/.local/lib/python3.8/site-packages/airflow/example_dags/example_sensors.py took 0.040 seconds
[2025-05-04T23:29:56.189+0000] {processor.py:161} INFO - Started process (PID=227) to work on /home/airflow/.local/lib/python3.8/site-packages/airflow/example_dags/example_sensors.py
[2025-05-04T23:29:56.191+0000] {processor.py:830} INFO - Processing file /home/airflow/.local/lib/python3.8/site-packages/airflow/example_dags/example_sensors.py for tasks to queue
[2025-05-04T23:29:56.191+0000] {logging_mixin.py:188} INFO - [2025-05-04T23:29:56.191+0000] {dagbag.py:538} INFO - Filling up the DagBag from /home/airflow/.local/lib/python3.8/site-packages/airflow/example_dags/example_sensors.py
[2025-05-04T23:29:56.196+0000] {processor.py:840} INFO - DAG(s) 'example_sensors' retrieved from /home/airflow/.local/lib/python3.8/site-packages/airflow/example_dags/example_sensors.py
[2025-05-04T23:29:56.206+0000] {logging_mixin.py:188} INFO - [2025-05-04T23:29:56.206+0000] {dag.py:3033} INFO - Sync 1 DAGs
[2025-05-04T23:29:56.212+0000] {logging_mixin.py:188} INFO - [2025-05-04T23:29:56.212+0000] {dag.py:3820} INFO - Setting next_dagrun for example_sensors to None, run_after=None
[2025-05-04T23:29:56.221+0000] {processor.py:183} INFO - Processing /home/airflow/.local/lib/python3.8/site-packages/airflow/example_dags/example_sensors.py took 0.034 seconds
[2025-05-04T23:30:26.995+0000] {processor.py:161} INFO - Started process (PID=283) to work on /home/airflow/.local/lib/python3.8/site-packages/airflow/example_dags/example_sensors.py
[2025-05-04T23:30:26.996+0000] {processor.py:830} INFO - Processing file /home/airflow/.local/lib/python3.8/site-packages/airflow/example_dags/example_sensors.py for tasks to queue
[2025-05-04T23:30:26.997+0000] {logging_mixin.py:188} INFO - [2025-05-04T23:30:26.997+0000] {dagbag.py:538} INFO - Filling up the DagBag from /home/airflow/.local/lib/python3.8/site-packages/airflow/example_dags/example_sensors.py
[2025-05-04T23:30:27.001+0000] {processor.py:840} INFO - DAG(s) 'example_sensors' retrieved from /home/airflow/.local/lib/python3.8/site-packages/airflow/example_dags/example_sensors.py
[2025-05-04T23:30:27.012+0000] {logging_mixin.py:188} INFO - [2025-05-04T23:30:27.012+0000] {dag.py:3033} INFO - Sync 1 DAGs
[2025-05-04T23:30:27.017+0000] {logging_mixin.py:188} INFO - [2025-05-04T23:30:27.017+0000] {dag.py:3820} INFO - Setting next_dagrun for example_sensors to None, run_after=None
[2025-05-04T23:30:27.025+0000] {processor.py:183} INFO - Processing /home/airflow/.local/lib/python3.8/site-packages/airflow/example_dags/example_sensors.py took 0.032 seconds
[2025-05-04T23:30:57.525+0000] {processor.py:161} INFO - Started process (PID=339) to work on /home/airflow/.local/lib/python3.8/site-packages/airflow/example_dags/example_sensors.py
[2025-05-04T23:30:57.526+0000] {processor.py:830} INFO - Processing file /home/airflow/.local/lib/python3.8/site-packages/airflow/example_dags/example_sensors.py for tasks to queue
[2025-05-04T23:30:57.528+0000] {logging_mixin.py:188} INFO - [2025-05-04T23:30:57.528+0000] {dagbag.py:538} INFO - Filling up the DagBag from /home/airflow/.local/lib/python3.8/site-packages/airflow/example_dags/example_sensors.py
[2025-05-04T23:30:57.534+0000] {processor.py:840} INFO - DAG(s) 'example_sensors' retrieved from /home/airflow/.local/lib/python3.8/site-packages/airflow/example_dags/example_sensors.py
[2025-05-04T23:30:57.547+0000] {logging_mixin.py:188} INFO - [2025-05-04T23:30:57.547+0000] {dag.py:3033} INFO - Sync 1 DAGs
[2025-05-04T23:30:57.553+0000] {logging_mixin.py:188} INFO - [2025-05-04T23:30:57.553+0000] {dag.py:3820} INFO - Setting next_dagrun for example_sensors to None, run_after=None
[2025-05-04T23:30:57.564+0000] {processor.py:183} INFO - Processing /home/airflow/.local/lib/python3.8/site-packages/airflow/example_dags/example_sensors.py took 0.041 seconds
[2025-05-04T23:31:28.186+0000] {processor.py:161} INFO - Started process (PID=400) to work on /home/airflow/.local/lib/python3.8/site-packages/airflow/example_dags/example_sensors.py
[2025-05-04T23:31:28.187+0000] {processor.py:830} INFO - Processing file /home/airflow/.local/lib/python3.8/site-packages/airflow/example_dags/example_sensors.py for tasks to queue
[2025-05-04T23:31:28.187+0000] {logging_mixin.py:188} INFO - [2025-05-04T23:31:28.187+0000] {dagbag.py:538} INFO - Filling up the DagBag from /home/airflow/.local/lib/python3.8/site-packages/airflow/example_dags/example_sensors.py
[2025-05-04T23:31:28.191+0000] {processor.py:840} INFO - DAG(s) 'example_sensors' retrieved from /home/airflow/.local/lib/python3.8/site-packages/airflow/example_dags/example_sensors.py
[2025-05-04T23:31:28.203+0000] {logging_mixin.py:188} INFO - [2025-05-04T23:31:28.203+0000] {dag.py:3033} INFO - Sync 1 DAGs
[2025-05-04T23:31:28.208+0000] {logging_mixin.py:188} INFO - [2025-05-04T23:31:28.208+0000] {dag.py:3820} INFO - Setting next_dagrun for example_sensors to None, run_after=None
[2025-05-04T23:31:28.216+0000] {processor.py:183} INFO - Processing /home/airflow/.local/lib/python3.8/site-packages/airflow/example_dags/example_sensors.py took 0.031 seconds
[2025-05-04T23:31:58.918+0000] {processor.py:161} INFO - Started process (PID=456) to work on /home/airflow/.local/lib/python3.8/site-packages/airflow/example_dags/example_sensors.py
[2025-05-04T23:31:58.919+0000] {processor.py:830} INFO - Processing file /home/airflow/.local/lib/python3.8/site-packages/airflow/example_dags/example_sensors.py for tasks to queue
[2025-05-04T23:31:58.920+0000] {logging_mixin.py:188} INFO - [2025-05-04T23:31:58.920+0000] {dagbag.py:538} INFO - Filling up the DagBag from /home/airflow/.local/lib/python3.8/site-packages/airflow/example_dags/example_sensors.py
[2025-05-04T23:31:58.924+0000] {processor.py:840} INFO - DAG(s) 'example_sensors' retrieved from /home/airflow/.local/lib/python3.8/site-packages/airflow/example_dags/example_sensors.py
[2025-05-04T23:31:58.933+0000] {logging_mixin.py:188} INFO - [2025-05-04T23:31:58.933+0000] {dag.py:3033} INFO - Sync 1 DAGs
[2025-05-04T23:31:58.938+0000] {logging_mixin.py:188} INFO - [2025-05-04T23:31:58.938+0000] {dag.py:3820} INFO - Setting next_dagrun for example_sensors to None, run_after=None
[2025-05-04T23:31:58.945+0000] {processor.py:183} INFO - Processing /home/airflow/.local/lib/python3.8/site-packages/airflow/example_dags/example_sensors.py took 0.029 seconds
[2025-05-04T23:32:29.584+0000] {processor.py:161} INFO - Started process (PID=512) to work on /home/airflow/.local/lib/python3.8/site-packages/airflow/example_dags/example_sensors.py
[2025-05-04T23:32:29.585+0000] {processor.py:830} INFO - Processing file /home/airflow/.local/lib/python3.8/site-packages/airflow/example_dags/example_sensors.py for tasks to queue
[2025-05-04T23:32:29.587+0000] {logging_mixin.py:188} INFO - [2025-05-04T23:32:29.587+0000] {dagbag.py:538} INFO - Filling up the DagBag from /home/airflow/.local/lib/python3.8/site-packages/airflow/example_dags/example_sensors.py
[2025-05-04T23:32:29.591+0000] {processor.py:840} INFO - DAG(s) 'example_sensors' retrieved from /home/airflow/.local/lib/python3.8/site-packages/airflow/example_dags/example_sensors.py
[2025-05-04T23:32:29.604+0000] {logging_mixin.py:188} INFO - [2025-05-04T23:32:29.604+0000] {dag.py:3033} INFO - Sync 1 DAGs
[2025-05-04T23:32:29.609+0000] {logging_mixin.py:188} INFO - [2025-05-04T23:32:29.609+0000] {dag.py:3820} INFO - Setting next_dagrun for example_sensors to None, run_after=None
[2025-05-04T23:32:29.618+0000] {processor.py:183} INFO - Processing /home/airflow/.local/lib/python3.8/site-packages/airflow/example_dags/example_sensors.py took 0.036 seconds
[2025-05-04T23:47:22.230+0000] {processor.py:161} INFO - Started process (PID=59) to work on /home/airflow/.local/lib/python3.8/site-packages/airflow/example_dags/example_sensors.py
[2025-05-04T23:47:22.233+0000] {processor.py:830} INFO - Processing file /home/airflow/.local/lib/python3.8/site-packages/airflow/example_dags/example_sensors.py for tasks to queue
[2025-05-04T23:47:22.235+0000] {logging_mixin.py:188} INFO - [2025-05-04T23:47:22.234+0000] {dagbag.py:538} INFO - Filling up the DagBag from /home/airflow/.local/lib/python3.8/site-packages/airflow/example_dags/example_sensors.py
[2025-05-04T23:47:22.245+0000] {processor.py:840} INFO - DAG(s) 'example_sensors' retrieved from /home/airflow/.local/lib/python3.8/site-packages/airflow/example_dags/example_sensors.py
[2025-05-04T23:47:22.259+0000] {logging_mixin.py:188} INFO - [2025-05-04T23:47:22.258+0000] {dag.py:3033} INFO - Sync 1 DAGs
[2025-05-04T23:47:22.265+0000] {logging_mixin.py:188} INFO - [2025-05-04T23:47:22.265+0000] {dag.py:3820} INFO - Setting next_dagrun for example_sensors to None, run_after=None
[2025-05-04T23:47:22.287+0000] {processor.py:183} INFO - Processing /home/airflow/.local/lib/python3.8/site-packages/airflow/example_dags/example_sensors.py took 0.059 seconds
[2025-05-04T23:47:52.576+0000] {processor.py:161} INFO - Started process (PID=115) to work on /home/airflow/.local/lib/python3.8/site-packages/airflow/example_dags/example_sensors.py
[2025-05-04T23:47:52.577+0000] {processor.py:830} INFO - Processing file /home/airflow/.local/lib/python3.8/site-packages/airflow/example_dags/example_sensors.py for tasks to queue
[2025-05-04T23:47:52.579+0000] {logging_mixin.py:188} INFO - [2025-05-04T23:47:52.579+0000] {dagbag.py:538} INFO - Filling up the DagBag from /home/airflow/.local/lib/python3.8/site-packages/airflow/example_dags/example_sensors.py
[2025-05-04T23:47:52.583+0000] {processor.py:840} INFO - DAG(s) 'example_sensors' retrieved from /home/airflow/.local/lib/python3.8/site-packages/airflow/example_dags/example_sensors.py
[2025-05-04T23:47:52.625+0000] {logging_mixin.py:188} INFO - [2025-05-04T23:47:52.625+0000] {dag.py:3033} INFO - Sync 1 DAGs
[2025-05-04T23:47:52.630+0000] {logging_mixin.py:188} INFO - [2025-05-04T23:47:52.630+0000] {dag.py:3820} INFO - Setting next_dagrun for example_sensors to None, run_after=None
[2025-05-04T23:47:52.638+0000] {processor.py:183} INFO - Processing /home/airflow/.local/lib/python3.8/site-packages/airflow/example_dags/example_sensors.py took 0.063 seconds
[2025-05-04T23:48:22.707+0000] {processor.py:161} INFO - Started process (PID=171) to work on /home/airflow/.local/lib/python3.8/site-packages/airflow/example_dags/example_sensors.py
[2025-05-04T23:48:22.708+0000] {processor.py:830} INFO - Processing file /home/airflow/.local/lib/python3.8/site-packages/airflow/example_dags/example_sensors.py for tasks to queue
[2025-05-04T23:48:22.709+0000] {logging_mixin.py:188} INFO - [2025-05-04T23:48:22.709+0000] {dagbag.py:538} INFO - Filling up the DagBag from /home/airflow/.local/lib/python3.8/site-packages/airflow/example_dags/example_sensors.py
[2025-05-04T23:48:22.713+0000] {processor.py:840} INFO - DAG(s) 'example_sensors' retrieved from /home/airflow/.local/lib/python3.8/site-packages/airflow/example_dags/example_sensors.py
[2025-05-04T23:48:22.723+0000] {logging_mixin.py:188} INFO - [2025-05-04T23:48:22.723+0000] {dag.py:3033} INFO - Sync 1 DAGs
[2025-05-04T23:48:22.727+0000] {logging_mixin.py:188} INFO - [2025-05-04T23:48:22.727+0000] {dag.py:3820} INFO - Setting next_dagrun for example_sensors to None, run_after=None
[2025-05-04T23:48:22.733+0000] {processor.py:183} INFO - Processing /home/airflow/.local/lib/python3.8/site-packages/airflow/example_dags/example_sensors.py took 0.028 seconds
[2025-05-04T23:48:53.412+0000] {processor.py:161} INFO - Started process (PID=227) to work on /home/airflow/.local/lib/python3.8/site-packages/airflow/example_dags/example_sensors.py
[2025-05-04T23:48:53.414+0000] {processor.py:830} INFO - Processing file /home/airflow/.local/lib/python3.8/site-packages/airflow/example_dags/example_sensors.py for tasks to queue
[2025-05-04T23:48:53.415+0000] {logging_mixin.py:188} INFO - [2025-05-04T23:48:53.415+0000] {dagbag.py:538} INFO - Filling up the DagBag from /home/airflow/.local/lib/python3.8/site-packages/airflow/example_dags/example_sensors.py
[2025-05-04T23:48:53.419+0000] {processor.py:840} INFO - DAG(s) 'example_sensors' retrieved from /home/airflow/.local/lib/python3.8/site-packages/airflow/example_dags/example_sensors.py
[2025-05-04T23:48:53.433+0000] {logging_mixin.py:188} INFO - [2025-05-04T23:48:53.433+0000] {dag.py:3033} INFO - Sync 1 DAGs
[2025-05-04T23:48:53.439+0000] {logging_mixin.py:188} INFO - [2025-05-04T23:48:53.438+0000] {dag.py:3820} INFO - Setting next_dagrun for example_sensors to None, run_after=None
[2025-05-04T23:48:53.448+0000] {processor.py:183} INFO - Processing /home/airflow/.local/lib/python3.8/site-packages/airflow/example_dags/example_sensors.py took 0.037 seconds
[2025-05-04T23:49:24.100+0000] {processor.py:161} INFO - Started process (PID=283) to work on /home/airflow/.local/lib/python3.8/site-packages/airflow/example_dags/example_sensors.py
[2025-05-04T23:49:24.101+0000] {processor.py:830} INFO - Processing file /home/airflow/.local/lib/python3.8/site-packages/airflow/example_dags/example_sensors.py for tasks to queue
[2025-05-04T23:49:24.102+0000] {logging_mixin.py:188} INFO - [2025-05-04T23:49:24.102+0000] {dagbag.py:538} INFO - Filling up the DagBag from /home/airflow/.local/lib/python3.8/site-packages/airflow/example_dags/example_sensors.py
[2025-05-04T23:49:24.105+0000] {processor.py:840} INFO - DAG(s) 'example_sensors' retrieved from /home/airflow/.local/lib/python3.8/site-packages/airflow/example_dags/example_sensors.py
[2025-05-04T23:49:24.117+0000] {logging_mixin.py:188} INFO - [2025-05-04T23:49:24.117+0000] {dag.py:3033} INFO - Sync 1 DAGs
[2025-05-04T23:49:24.122+0000] {logging_mixin.py:188} INFO - [2025-05-04T23:49:24.122+0000] {dag.py:3820} INFO - Setting next_dagrun for example_sensors to None, run_after=None
[2025-05-04T23:49:24.134+0000] {processor.py:183} INFO - Processing /home/airflow/.local/lib/python3.8/site-packages/airflow/example_dags/example_sensors.py took 0.035 seconds
[2025-05-04T23:49:54.923+0000] {processor.py:161} INFO - Started process (PID=339) to work on /home/airflow/.local/lib/python3.8/site-packages/airflow/example_dags/example_sensors.py
[2025-05-04T23:49:54.924+0000] {processor.py:830} INFO - Processing file /home/airflow/.local/lib/python3.8/site-packages/airflow/example_dags/example_sensors.py for tasks to queue
[2025-05-04T23:49:54.926+0000] {logging_mixin.py:188} INFO - [2025-05-04T23:49:54.926+0000] {dagbag.py:538} INFO - Filling up the DagBag from /home/airflow/.local/lib/python3.8/site-packages/airflow/example_dags/example_sensors.py
[2025-05-04T23:49:54.931+0000] {processor.py:840} INFO - DAG(s) 'example_sensors' retrieved from /home/airflow/.local/lib/python3.8/site-packages/airflow/example_dags/example_sensors.py
[2025-05-04T23:49:54.943+0000] {logging_mixin.py:188} INFO - [2025-05-04T23:49:54.943+0000] {dag.py:3033} INFO - Sync 1 DAGs
[2025-05-04T23:49:54.952+0000] {logging_mixin.py:188} INFO - [2025-05-04T23:49:54.952+0000] {dag.py:3820} INFO - Setting next_dagrun for example_sensors to None, run_after=None
[2025-05-04T23:49:54.958+0000] {processor.py:183} INFO - Processing /home/airflow/.local/lib/python3.8/site-packages/airflow/example_dags/example_sensors.py took 0.037 seconds
