[2025-05-04T22:22:10.882+0000] {processor.py:161} INFO - Started process (PID=71) to work on /home/airflow/.local/lib/python3.8/site-packages/airflow/example_dags/example_trigger_controller_dag.py
[2025-05-04T22:22:10.883+0000] {processor.py:830} INFO - Processing file /home/airflow/.local/lib/python3.8/site-packages/airflow/example_dags/example_trigger_controller_dag.py for tasks to queue
[2025-05-04T22:22:10.885+0000] {logging_mixin.py:188} INFO - [2025-05-04T22:22:10.884+0000] {dagbag.py:538} INFO - Filling up the DagBag from /home/airflow/.local/lib/python3.8/site-packages/airflow/example_dags/example_trigger_controller_dag.py
[2025-05-04T22:22:10.888+0000] {processor.py:840} INFO - DAG(s) 'example_trigger_controller_dag' retrieved from /home/airflow/.local/lib/python3.8/site-packages/airflow/example_dags/example_trigger_controller_dag.py
[2025-05-04T22:22:10.896+0000] {logging_mixin.py:188} INFO - [2025-05-04T22:22:10.896+0000] {dag.py:3033} INFO - Sync 1 DAGs
[2025-05-04T22:22:10.908+0000] {logging_mixin.py:188} INFO - [2025-05-04T22:22:10.908+0000] {dag.py:3820} INFO - Setting next_dagrun for example_trigger_controller_dag to 2021-01-01T00:00:00+00:00, run_after=2021-01-01T00:00:00+00:00
[2025-05-04T22:22:10.920+0000] {processor.py:183} INFO - Processing /home/airflow/.local/lib/python3.8/site-packages/airflow/example_dags/example_trigger_controller_dag.py took 0.040 seconds
[2025-05-04T22:22:41.550+0000] {processor.py:161} INFO - Started process (PID=126) to work on /home/airflow/.local/lib/python3.8/site-packages/airflow/example_dags/example_trigger_controller_dag.py
[2025-05-04T22:22:41.550+0000] {processor.py:830} INFO - Processing file /home/airflow/.local/lib/python3.8/site-packages/airflow/example_dags/example_trigger_controller_dag.py for tasks to queue
[2025-05-04T22:22:41.551+0000] {logging_mixin.py:188} INFO - [2025-05-04T22:22:41.551+0000] {dagbag.py:538} INFO - Filling up the DagBag from /home/airflow/.local/lib/python3.8/site-packages/airflow/example_dags/example_trigger_controller_dag.py
[2025-05-04T22:22:41.554+0000] {processor.py:840} INFO - DAG(s) 'example_trigger_controller_dag' retrieved from /home/airflow/.local/lib/python3.8/site-packages/airflow/example_dags/example_trigger_controller_dag.py
[2025-05-04T22:22:41.602+0000] {logging_mixin.py:188} INFO - [2025-05-04T22:22:41.602+0000] {dag.py:3033} INFO - Sync 1 DAGs
[2025-05-04T22:22:41.613+0000] {logging_mixin.py:188} INFO - [2025-05-04T22:22:41.613+0000] {dag.py:3820} INFO - Setting next_dagrun for example_trigger_controller_dag to 2021-01-01T00:00:00+00:00, run_after=2021-01-01T00:00:00+00:00
[2025-05-04T22:22:41.622+0000] {processor.py:183} INFO - Processing /home/airflow/.local/lib/python3.8/site-packages/airflow/example_dags/example_trigger_controller_dag.py took 0.074 seconds
[2025-05-04T22:23:12.378+0000] {processor.py:161} INFO - Started process (PID=181) to work on /home/airflow/.local/lib/python3.8/site-packages/airflow/example_dags/example_trigger_controller_dag.py
[2025-05-04T22:23:12.378+0000] {processor.py:830} INFO - Processing file /home/airflow/.local/lib/python3.8/site-packages/airflow/example_dags/example_trigger_controller_dag.py for tasks to queue
[2025-05-04T22:23:12.379+0000] {logging_mixin.py:188} INFO - [2025-05-04T22:23:12.379+0000] {dagbag.py:538} INFO - Filling up the DagBag from /home/airflow/.local/lib/python3.8/site-packages/airflow/example_dags/example_trigger_controller_dag.py
[2025-05-04T22:23:12.381+0000] {processor.py:840} INFO - DAG(s) 'example_trigger_controller_dag' retrieved from /home/airflow/.local/lib/python3.8/site-packages/airflow/example_dags/example_trigger_controller_dag.py
[2025-05-04T22:23:12.390+0000] {logging_mixin.py:188} INFO - [2025-05-04T22:23:12.390+0000] {dag.py:3033} INFO - Sync 1 DAGs
[2025-05-04T22:23:12.398+0000] {logging_mixin.py:188} INFO - [2025-05-04T22:23:12.398+0000] {dag.py:3820} INFO - Setting next_dagrun for example_trigger_controller_dag to 2021-01-01T00:00:00+00:00, run_after=2021-01-01T00:00:00+00:00
[2025-05-04T22:23:12.405+0000] {processor.py:183} INFO - Processing /home/airflow/.local/lib/python3.8/site-packages/airflow/example_dags/example_trigger_controller_dag.py took 0.029 seconds
[2025-05-04T22:23:42.912+0000] {processor.py:161} INFO - Started process (PID=236) to work on /home/airflow/.local/lib/python3.8/site-packages/airflow/example_dags/example_trigger_controller_dag.py
[2025-05-04T22:23:42.912+0000] {processor.py:830} INFO - Processing file /home/airflow/.local/lib/python3.8/site-packages/airflow/example_dags/example_trigger_controller_dag.py for tasks to queue
[2025-05-04T22:23:42.913+0000] {logging_mixin.py:188} INFO - [2025-05-04T22:23:42.913+0000] {dagbag.py:538} INFO - Filling up the DagBag from /home/airflow/.local/lib/python3.8/site-packages/airflow/example_dags/example_trigger_controller_dag.py
[2025-05-04T22:23:42.915+0000] {processor.py:840} INFO - DAG(s) 'example_trigger_controller_dag' retrieved from /home/airflow/.local/lib/python3.8/site-packages/airflow/example_dags/example_trigger_controller_dag.py
[2025-05-04T22:23:42.924+0000] {logging_mixin.py:188} INFO - [2025-05-04T22:23:42.924+0000] {dag.py:3033} INFO - Sync 1 DAGs
[2025-05-04T22:23:42.935+0000] {logging_mixin.py:188} INFO - [2025-05-04T22:23:42.935+0000] {dag.py:3820} INFO - Setting next_dagrun for example_trigger_controller_dag to 2021-01-01T00:00:00+00:00, run_after=2021-01-01T00:00:00+00:00
[2025-05-04T22:23:42.941+0000] {processor.py:183} INFO - Processing /home/airflow/.local/lib/python3.8/site-packages/airflow/example_dags/example_trigger_controller_dag.py took 0.031 seconds
[2025-05-04T22:24:13.561+0000] {processor.py:161} INFO - Started process (PID=291) to work on /home/airflow/.local/lib/python3.8/site-packages/airflow/example_dags/example_trigger_controller_dag.py
[2025-05-04T22:24:13.563+0000] {processor.py:830} INFO - Processing file /home/airflow/.local/lib/python3.8/site-packages/airflow/example_dags/example_trigger_controller_dag.py for tasks to queue
[2025-05-04T22:24:13.564+0000] {logging_mixin.py:188} INFO - [2025-05-04T22:24:13.564+0000] {dagbag.py:538} INFO - Filling up the DagBag from /home/airflow/.local/lib/python3.8/site-packages/airflow/example_dags/example_trigger_controller_dag.py
[2025-05-04T22:24:13.566+0000] {processor.py:840} INFO - DAG(s) 'example_trigger_controller_dag' retrieved from /home/airflow/.local/lib/python3.8/site-packages/airflow/example_dags/example_trigger_controller_dag.py
[2025-05-04T22:24:13.574+0000] {logging_mixin.py:188} INFO - [2025-05-04T22:24:13.574+0000] {dag.py:3033} INFO - Sync 1 DAGs
[2025-05-04T22:24:13.584+0000] {logging_mixin.py:188} INFO - [2025-05-04T22:24:13.584+0000] {dag.py:3820} INFO - Setting next_dagrun for example_trigger_controller_dag to 2021-01-01T00:00:00+00:00, run_after=2021-01-01T00:00:00+00:00
[2025-05-04T22:24:13.591+0000] {processor.py:183} INFO - Processing /home/airflow/.local/lib/python3.8/site-packages/airflow/example_dags/example_trigger_controller_dag.py took 0.031 seconds
[2025-05-04T22:24:44.155+0000] {processor.py:161} INFO - Started process (PID=346) to work on /home/airflow/.local/lib/python3.8/site-packages/airflow/example_dags/example_trigger_controller_dag.py
[2025-05-04T22:24:44.155+0000] {processor.py:830} INFO - Processing file /home/airflow/.local/lib/python3.8/site-packages/airflow/example_dags/example_trigger_controller_dag.py for tasks to queue
[2025-05-04T22:24:44.156+0000] {logging_mixin.py:188} INFO - [2025-05-04T22:24:44.156+0000] {dagbag.py:538} INFO - Filling up the DagBag from /home/airflow/.local/lib/python3.8/site-packages/airflow/example_dags/example_trigger_controller_dag.py
[2025-05-04T22:24:44.158+0000] {processor.py:840} INFO - DAG(s) 'example_trigger_controller_dag' retrieved from /home/airflow/.local/lib/python3.8/site-packages/airflow/example_dags/example_trigger_controller_dag.py
[2025-05-04T22:24:44.168+0000] {logging_mixin.py:188} INFO - [2025-05-04T22:24:44.168+0000] {dag.py:3033} INFO - Sync 1 DAGs
[2025-05-04T22:24:44.177+0000] {logging_mixin.py:188} INFO - [2025-05-04T22:24:44.177+0000] {dag.py:3820} INFO - Setting next_dagrun for example_trigger_controller_dag to 2021-01-01T00:00:00+00:00, run_after=2021-01-01T00:00:00+00:00
[2025-05-04T22:24:44.183+0000] {processor.py:183} INFO - Processing /home/airflow/.local/lib/python3.8/site-packages/airflow/example_dags/example_trigger_controller_dag.py took 0.030 seconds
[2025-05-04T22:25:29.576+0000] {processor.py:161} INFO - Started process (PID=72) to work on /home/airflow/.local/lib/python3.8/site-packages/airflow/example_dags/example_trigger_controller_dag.py
[2025-05-04T22:25:29.577+0000] {processor.py:830} INFO - Processing file /home/airflow/.local/lib/python3.8/site-packages/airflow/example_dags/example_trigger_controller_dag.py for tasks to queue
[2025-05-04T22:25:29.579+0000] {logging_mixin.py:188} INFO - [2025-05-04T22:25:29.579+0000] {dagbag.py:538} INFO - Filling up the DagBag from /home/airflow/.local/lib/python3.8/site-packages/airflow/example_dags/example_trigger_controller_dag.py
[2025-05-04T22:25:29.581+0000] {processor.py:840} INFO - DAG(s) 'example_trigger_controller_dag' retrieved from /home/airflow/.local/lib/python3.8/site-packages/airflow/example_dags/example_trigger_controller_dag.py
[2025-05-04T22:25:29.596+0000] {logging_mixin.py:188} INFO - [2025-05-04T22:25:29.596+0000] {dag.py:3033} INFO - Sync 1 DAGs
[2025-05-04T22:25:29.613+0000] {logging_mixin.py:188} INFO - [2025-05-04T22:25:29.613+0000] {dag.py:3820} INFO - Setting next_dagrun for example_trigger_controller_dag to 2021-01-01T00:00:00+00:00, run_after=2021-01-01T00:00:00+00:00
[2025-05-04T22:25:29.622+0000] {processor.py:183} INFO - Processing /home/airflow/.local/lib/python3.8/site-packages/airflow/example_dags/example_trigger_controller_dag.py took 0.049 seconds
[2025-05-04T22:25:59.917+0000] {processor.py:161} INFO - Started process (PID=128) to work on /home/airflow/.local/lib/python3.8/site-packages/airflow/example_dags/example_trigger_controller_dag.py
[2025-05-04T22:25:59.918+0000] {processor.py:830} INFO - Processing file /home/airflow/.local/lib/python3.8/site-packages/airflow/example_dags/example_trigger_controller_dag.py for tasks to queue
[2025-05-04T22:25:59.921+0000] {logging_mixin.py:188} INFO - [2025-05-04T22:25:59.921+0000] {dagbag.py:538} INFO - Filling up the DagBag from /home/airflow/.local/lib/python3.8/site-packages/airflow/example_dags/example_trigger_controller_dag.py
[2025-05-04T22:25:59.923+0000] {processor.py:840} INFO - DAG(s) 'example_trigger_controller_dag' retrieved from /home/airflow/.local/lib/python3.8/site-packages/airflow/example_dags/example_trigger_controller_dag.py
[2025-05-04T22:25:59.969+0000] {logging_mixin.py:188} INFO - [2025-05-04T22:25:59.968+0000] {dag.py:3033} INFO - Sync 1 DAGs
[2025-05-04T22:25:59.979+0000] {logging_mixin.py:188} INFO - [2025-05-04T22:25:59.979+0000] {dag.py:3820} INFO - Setting next_dagrun for example_trigger_controller_dag to 2021-01-01T00:00:00+00:00, run_after=2021-01-01T00:00:00+00:00
[2025-05-04T22:25:59.992+0000] {processor.py:183} INFO - Processing /home/airflow/.local/lib/python3.8/site-packages/airflow/example_dags/example_trigger_controller_dag.py took 0.077 seconds
[2025-05-04T22:26:30.943+0000] {processor.py:161} INFO - Started process (PID=184) to work on /home/airflow/.local/lib/python3.8/site-packages/airflow/example_dags/example_trigger_controller_dag.py
[2025-05-04T22:26:30.944+0000] {processor.py:830} INFO - Processing file /home/airflow/.local/lib/python3.8/site-packages/airflow/example_dags/example_trigger_controller_dag.py for tasks to queue
[2025-05-04T22:26:30.947+0000] {logging_mixin.py:188} INFO - [2025-05-04T22:26:30.947+0000] {dagbag.py:538} INFO - Filling up the DagBag from /home/airflow/.local/lib/python3.8/site-packages/airflow/example_dags/example_trigger_controller_dag.py
[2025-05-04T22:26:30.950+0000] {processor.py:840} INFO - DAG(s) 'example_trigger_controller_dag' retrieved from /home/airflow/.local/lib/python3.8/site-packages/airflow/example_dags/example_trigger_controller_dag.py
[2025-05-04T22:26:30.967+0000] {logging_mixin.py:188} INFO - [2025-05-04T22:26:30.967+0000] {dag.py:3033} INFO - Sync 1 DAGs
[2025-05-04T22:26:30.978+0000] {logging_mixin.py:188} INFO - [2025-05-04T22:26:30.978+0000] {dag.py:3820} INFO - Setting next_dagrun for example_trigger_controller_dag to 2021-01-01T00:00:00+00:00, run_after=2021-01-01T00:00:00+00:00
[2025-05-04T22:26:30.994+0000] {processor.py:183} INFO - Processing /home/airflow/.local/lib/python3.8/site-packages/airflow/example_dags/example_trigger_controller_dag.py took 0.053 seconds
[2025-05-04T22:27:01.588+0000] {processor.py:161} INFO - Started process (PID=244) to work on /home/airflow/.local/lib/python3.8/site-packages/airflow/example_dags/example_trigger_controller_dag.py
[2025-05-04T22:27:01.589+0000] {processor.py:830} INFO - Processing file /home/airflow/.local/lib/python3.8/site-packages/airflow/example_dags/example_trigger_controller_dag.py for tasks to queue
[2025-05-04T22:27:01.589+0000] {logging_mixin.py:188} INFO - [2025-05-04T22:27:01.589+0000] {dagbag.py:538} INFO - Filling up the DagBag from /home/airflow/.local/lib/python3.8/site-packages/airflow/example_dags/example_trigger_controller_dag.py
[2025-05-04T22:27:01.591+0000] {processor.py:840} INFO - DAG(s) 'example_trigger_controller_dag' retrieved from /home/airflow/.local/lib/python3.8/site-packages/airflow/example_dags/example_trigger_controller_dag.py
[2025-05-04T22:27:01.600+0000] {logging_mixin.py:188} INFO - [2025-05-04T22:27:01.600+0000] {dag.py:3033} INFO - Sync 1 DAGs
[2025-05-04T22:27:01.613+0000] {logging_mixin.py:188} INFO - [2025-05-04T22:27:01.613+0000] {dag.py:3820} INFO - Setting next_dagrun for example_trigger_controller_dag to 2021-01-01T00:00:00+00:00, run_after=2021-01-01T00:00:00+00:00
[2025-05-04T22:27:01.625+0000] {processor.py:183} INFO - Processing /home/airflow/.local/lib/python3.8/site-packages/airflow/example_dags/example_trigger_controller_dag.py took 0.039 seconds
[2025-05-04T22:27:32.231+0000] {processor.py:161} INFO - Started process (PID=300) to work on /home/airflow/.local/lib/python3.8/site-packages/airflow/example_dags/example_trigger_controller_dag.py
[2025-05-04T22:27:32.232+0000] {processor.py:830} INFO - Processing file /home/airflow/.local/lib/python3.8/site-packages/airflow/example_dags/example_trigger_controller_dag.py for tasks to queue
[2025-05-04T22:27:32.233+0000] {logging_mixin.py:188} INFO - [2025-05-04T22:27:32.233+0000] {dagbag.py:538} INFO - Filling up the DagBag from /home/airflow/.local/lib/python3.8/site-packages/airflow/example_dags/example_trigger_controller_dag.py
[2025-05-04T22:27:32.235+0000] {processor.py:840} INFO - DAG(s) 'example_trigger_controller_dag' retrieved from /home/airflow/.local/lib/python3.8/site-packages/airflow/example_dags/example_trigger_controller_dag.py
[2025-05-04T22:27:32.245+0000] {logging_mixin.py:188} INFO - [2025-05-04T22:27:32.245+0000] {dag.py:3033} INFO - Sync 1 DAGs
[2025-05-04T22:27:32.253+0000] {logging_mixin.py:188} INFO - [2025-05-04T22:27:32.253+0000] {dag.py:3820} INFO - Setting next_dagrun for example_trigger_controller_dag to 2021-01-01T00:00:00+00:00, run_after=2021-01-01T00:00:00+00:00
[2025-05-04T22:27:32.261+0000] {processor.py:183} INFO - Processing /home/airflow/.local/lib/python3.8/site-packages/airflow/example_dags/example_trigger_controller_dag.py took 0.033 seconds
[2025-05-04T22:28:02.860+0000] {processor.py:161} INFO - Started process (PID=356) to work on /home/airflow/.local/lib/python3.8/site-packages/airflow/example_dags/example_trigger_controller_dag.py
[2025-05-04T22:28:02.860+0000] {processor.py:830} INFO - Processing file /home/airflow/.local/lib/python3.8/site-packages/airflow/example_dags/example_trigger_controller_dag.py for tasks to queue
[2025-05-04T22:28:02.861+0000] {logging_mixin.py:188} INFO - [2025-05-04T22:28:02.861+0000] {dagbag.py:538} INFO - Filling up the DagBag from /home/airflow/.local/lib/python3.8/site-packages/airflow/example_dags/example_trigger_controller_dag.py
[2025-05-04T22:28:02.863+0000] {processor.py:840} INFO - DAG(s) 'example_trigger_controller_dag' retrieved from /home/airflow/.local/lib/python3.8/site-packages/airflow/example_dags/example_trigger_controller_dag.py
[2025-05-04T22:28:02.873+0000] {logging_mixin.py:188} INFO - [2025-05-04T22:28:02.872+0000] {dag.py:3033} INFO - Sync 1 DAGs
[2025-05-04T22:28:02.882+0000] {logging_mixin.py:188} INFO - [2025-05-04T22:28:02.882+0000] {dag.py:3820} INFO - Setting next_dagrun for example_trigger_controller_dag to 2021-01-01T00:00:00+00:00, run_after=2021-01-01T00:00:00+00:00
[2025-05-04T22:28:02.893+0000] {processor.py:183} INFO - Processing /home/airflow/.local/lib/python3.8/site-packages/airflow/example_dags/example_trigger_controller_dag.py took 0.034 seconds
[2025-05-04T22:28:33.519+0000] {processor.py:161} INFO - Started process (PID=412) to work on /home/airflow/.local/lib/python3.8/site-packages/airflow/example_dags/example_trigger_controller_dag.py
[2025-05-04T22:28:33.520+0000] {processor.py:830} INFO - Processing file /home/airflow/.local/lib/python3.8/site-packages/airflow/example_dags/example_trigger_controller_dag.py for tasks to queue
[2025-05-04T22:28:33.521+0000] {logging_mixin.py:188} INFO - [2025-05-04T22:28:33.521+0000] {dagbag.py:538} INFO - Filling up the DagBag from /home/airflow/.local/lib/python3.8/site-packages/airflow/example_dags/example_trigger_controller_dag.py
[2025-05-04T22:28:33.523+0000] {processor.py:840} INFO - DAG(s) 'example_trigger_controller_dag' retrieved from /home/airflow/.local/lib/python3.8/site-packages/airflow/example_dags/example_trigger_controller_dag.py
[2025-05-04T22:28:33.532+0000] {logging_mixin.py:188} INFO - [2025-05-04T22:28:33.532+0000] {dag.py:3033} INFO - Sync 1 DAGs
[2025-05-04T22:28:33.542+0000] {logging_mixin.py:188} INFO - [2025-05-04T22:28:33.542+0000] {dag.py:3820} INFO - Setting next_dagrun for example_trigger_controller_dag to 2021-01-01T00:00:00+00:00, run_after=2021-01-01T00:00:00+00:00
[2025-05-04T22:28:33.553+0000] {processor.py:183} INFO - Processing /home/airflow/.local/lib/python3.8/site-packages/airflow/example_dags/example_trigger_controller_dag.py took 0.036 seconds
[2025-05-04T22:29:04.140+0000] {processor.py:161} INFO - Started process (PID=468) to work on /home/airflow/.local/lib/python3.8/site-packages/airflow/example_dags/example_trigger_controller_dag.py
[2025-05-04T22:29:04.140+0000] {processor.py:830} INFO - Processing file /home/airflow/.local/lib/python3.8/site-packages/airflow/example_dags/example_trigger_controller_dag.py for tasks to queue
[2025-05-04T22:29:04.141+0000] {logging_mixin.py:188} INFO - [2025-05-04T22:29:04.141+0000] {dagbag.py:538} INFO - Filling up the DagBag from /home/airflow/.local/lib/python3.8/site-packages/airflow/example_dags/example_trigger_controller_dag.py
[2025-05-04T22:29:04.144+0000] {processor.py:840} INFO - DAG(s) 'example_trigger_controller_dag' retrieved from /home/airflow/.local/lib/python3.8/site-packages/airflow/example_dags/example_trigger_controller_dag.py
[2025-05-04T22:29:04.157+0000] {logging_mixin.py:188} INFO - [2025-05-04T22:29:04.157+0000] {dag.py:3033} INFO - Sync 1 DAGs
[2025-05-04T22:29:04.165+0000] {logging_mixin.py:188} INFO - [2025-05-04T22:29:04.165+0000] {dag.py:3820} INFO - Setting next_dagrun for example_trigger_controller_dag to 2021-01-01T00:00:00+00:00, run_after=2021-01-01T00:00:00+00:00
[2025-05-04T22:29:04.173+0000] {processor.py:183} INFO - Processing /home/airflow/.local/lib/python3.8/site-packages/airflow/example_dags/example_trigger_controller_dag.py took 0.035 seconds
[2025-05-04T22:29:35.008+0000] {processor.py:161} INFO - Started process (PID=524) to work on /home/airflow/.local/lib/python3.8/site-packages/airflow/example_dags/example_trigger_controller_dag.py
[2025-05-04T22:29:35.009+0000] {processor.py:830} INFO - Processing file /home/airflow/.local/lib/python3.8/site-packages/airflow/example_dags/example_trigger_controller_dag.py for tasks to queue
[2025-05-04T22:29:35.010+0000] {logging_mixin.py:188} INFO - [2025-05-04T22:29:35.010+0000] {dagbag.py:538} INFO - Filling up the DagBag from /home/airflow/.local/lib/python3.8/site-packages/airflow/example_dags/example_trigger_controller_dag.py
[2025-05-04T22:29:35.012+0000] {processor.py:840} INFO - DAG(s) 'example_trigger_controller_dag' retrieved from /home/airflow/.local/lib/python3.8/site-packages/airflow/example_dags/example_trigger_controller_dag.py
[2025-05-04T22:29:35.024+0000] {logging_mixin.py:188} INFO - [2025-05-04T22:29:35.023+0000] {dag.py:3033} INFO - Sync 1 DAGs
[2025-05-04T22:29:35.036+0000] {logging_mixin.py:188} INFO - [2025-05-04T22:29:35.036+0000] {dag.py:3820} INFO - Setting next_dagrun for example_trigger_controller_dag to 2021-01-01T00:00:00+00:00, run_after=2021-01-01T00:00:00+00:00
[2025-05-04T22:29:35.046+0000] {processor.py:183} INFO - Processing /home/airflow/.local/lib/python3.8/site-packages/airflow/example_dags/example_trigger_controller_dag.py took 0.040 seconds
[2025-05-04T22:30:05.710+0000] {processor.py:161} INFO - Started process (PID=580) to work on /home/airflow/.local/lib/python3.8/site-packages/airflow/example_dags/example_trigger_controller_dag.py
[2025-05-04T22:30:05.711+0000] {processor.py:830} INFO - Processing file /home/airflow/.local/lib/python3.8/site-packages/airflow/example_dags/example_trigger_controller_dag.py for tasks to queue
[2025-05-04T22:30:05.712+0000] {logging_mixin.py:188} INFO - [2025-05-04T22:30:05.712+0000] {dagbag.py:538} INFO - Filling up the DagBag from /home/airflow/.local/lib/python3.8/site-packages/airflow/example_dags/example_trigger_controller_dag.py
[2025-05-04T22:30:05.713+0000] {processor.py:840} INFO - DAG(s) 'example_trigger_controller_dag' retrieved from /home/airflow/.local/lib/python3.8/site-packages/airflow/example_dags/example_trigger_controller_dag.py
[2025-05-04T22:30:05.722+0000] {logging_mixin.py:188} INFO - [2025-05-04T22:30:05.722+0000] {dag.py:3033} INFO - Sync 1 DAGs
[2025-05-04T22:30:05.731+0000] {logging_mixin.py:188} INFO - [2025-05-04T22:30:05.731+0000] {dag.py:3820} INFO - Setting next_dagrun for example_trigger_controller_dag to 2021-01-01T00:00:00+00:00, run_after=2021-01-01T00:00:00+00:00
[2025-05-04T22:30:05.743+0000] {processor.py:183} INFO - Processing /home/airflow/.local/lib/python3.8/site-packages/airflow/example_dags/example_trigger_controller_dag.py took 0.034 seconds
[2025-05-04T22:30:36.359+0000] {processor.py:161} INFO - Started process (PID=636) to work on /home/airflow/.local/lib/python3.8/site-packages/airflow/example_dags/example_trigger_controller_dag.py
[2025-05-04T22:30:36.360+0000] {processor.py:830} INFO - Processing file /home/airflow/.local/lib/python3.8/site-packages/airflow/example_dags/example_trigger_controller_dag.py for tasks to queue
[2025-05-04T22:30:36.361+0000] {logging_mixin.py:188} INFO - [2025-05-04T22:30:36.361+0000] {dagbag.py:538} INFO - Filling up the DagBag from /home/airflow/.local/lib/python3.8/site-packages/airflow/example_dags/example_trigger_controller_dag.py
[2025-05-04T22:30:36.363+0000] {processor.py:840} INFO - DAG(s) 'example_trigger_controller_dag' retrieved from /home/airflow/.local/lib/python3.8/site-packages/airflow/example_dags/example_trigger_controller_dag.py
[2025-05-04T22:30:36.374+0000] {logging_mixin.py:188} INFO - [2025-05-04T22:30:36.374+0000] {dag.py:3033} INFO - Sync 1 DAGs
[2025-05-04T22:30:36.382+0000] {logging_mixin.py:188} INFO - [2025-05-04T22:30:36.382+0000] {dag.py:3820} INFO - Setting next_dagrun for example_trigger_controller_dag to 2021-01-01T00:00:00+00:00, run_after=2021-01-01T00:00:00+00:00
[2025-05-04T22:30:36.390+0000] {processor.py:183} INFO - Processing /home/airflow/.local/lib/python3.8/site-packages/airflow/example_dags/example_trigger_controller_dag.py took 0.032 seconds
[2025-05-04T22:31:14.860+0000] {processor.py:161} INFO - Started process (PID=73) to work on /home/airflow/.local/lib/python3.8/site-packages/airflow/example_dags/example_trigger_controller_dag.py
[2025-05-04T22:31:14.861+0000] {processor.py:830} INFO - Processing file /home/airflow/.local/lib/python3.8/site-packages/airflow/example_dags/example_trigger_controller_dag.py for tasks to queue
[2025-05-04T22:31:14.862+0000] {logging_mixin.py:188} INFO - [2025-05-04T22:31:14.861+0000] {dagbag.py:538} INFO - Filling up the DagBag from /home/airflow/.local/lib/python3.8/site-packages/airflow/example_dags/example_trigger_controller_dag.py
[2025-05-04T22:31:14.864+0000] {processor.py:840} INFO - DAG(s) 'example_trigger_controller_dag' retrieved from /home/airflow/.local/lib/python3.8/site-packages/airflow/example_dags/example_trigger_controller_dag.py
[2025-05-04T22:31:14.875+0000] {logging_mixin.py:188} INFO - [2025-05-04T22:31:14.875+0000] {dag.py:3033} INFO - Sync 1 DAGs
[2025-05-04T22:31:14.888+0000] {logging_mixin.py:188} INFO - [2025-05-04T22:31:14.888+0000] {dag.py:3820} INFO - Setting next_dagrun for example_trigger_controller_dag to 2021-01-01T00:00:00+00:00, run_after=2021-01-01T00:00:00+00:00
[2025-05-04T22:31:14.901+0000] {processor.py:183} INFO - Processing /home/airflow/.local/lib/python3.8/site-packages/airflow/example_dags/example_trigger_controller_dag.py took 0.043 seconds
[2025-05-04T22:31:45.015+0000] {processor.py:161} INFO - Started process (PID=129) to work on /home/airflow/.local/lib/python3.8/site-packages/airflow/example_dags/example_trigger_controller_dag.py
[2025-05-04T22:31:45.017+0000] {processor.py:830} INFO - Processing file /home/airflow/.local/lib/python3.8/site-packages/airflow/example_dags/example_trigger_controller_dag.py for tasks to queue
[2025-05-04T22:31:45.018+0000] {logging_mixin.py:188} INFO - [2025-05-04T22:31:45.018+0000] {dagbag.py:538} INFO - Filling up the DagBag from /home/airflow/.local/lib/python3.8/site-packages/airflow/example_dags/example_trigger_controller_dag.py
[2025-05-04T22:31:45.020+0000] {processor.py:840} INFO - DAG(s) 'example_trigger_controller_dag' retrieved from /home/airflow/.local/lib/python3.8/site-packages/airflow/example_dags/example_trigger_controller_dag.py
[2025-05-04T22:31:45.069+0000] {logging_mixin.py:188} INFO - [2025-05-04T22:31:45.069+0000] {dag.py:3033} INFO - Sync 1 DAGs
[2025-05-04T22:31:45.080+0000] {logging_mixin.py:188} INFO - [2025-05-04T22:31:45.080+0000] {dag.py:3820} INFO - Setting next_dagrun for example_trigger_controller_dag to 2021-01-01T00:00:00+00:00, run_after=2021-01-01T00:00:00+00:00
[2025-05-04T22:31:45.087+0000] {processor.py:183} INFO - Processing /home/airflow/.local/lib/python3.8/site-packages/airflow/example_dags/example_trigger_controller_dag.py took 0.074 seconds
[2025-05-04T22:32:16.028+0000] {processor.py:161} INFO - Started process (PID=189) to work on /home/airflow/.local/lib/python3.8/site-packages/airflow/example_dags/example_trigger_controller_dag.py
[2025-05-04T22:32:16.044+0000] {processor.py:830} INFO - Processing file /home/airflow/.local/lib/python3.8/site-packages/airflow/example_dags/example_trigger_controller_dag.py for tasks to queue
[2025-05-04T22:32:16.053+0000] {logging_mixin.py:188} INFO - [2025-05-04T22:32:16.053+0000] {dagbag.py:538} INFO - Filling up the DagBag from /home/airflow/.local/lib/python3.8/site-packages/airflow/example_dags/example_trigger_controller_dag.py
[2025-05-04T22:32:16.056+0000] {processor.py:840} INFO - DAG(s) 'example_trigger_controller_dag' retrieved from /home/airflow/.local/lib/python3.8/site-packages/airflow/example_dags/example_trigger_controller_dag.py
[2025-05-04T22:32:16.074+0000] {logging_mixin.py:188} INFO - [2025-05-04T22:32:16.074+0000] {dag.py:3033} INFO - Sync 1 DAGs
[2025-05-04T22:32:16.088+0000] {logging_mixin.py:188} INFO - [2025-05-04T22:32:16.088+0000] {dag.py:3820} INFO - Setting next_dagrun for example_trigger_controller_dag to 2021-01-01T00:00:00+00:00, run_after=2021-01-01T00:00:00+00:00
[2025-05-04T22:32:16.100+0000] {processor.py:183} INFO - Processing /home/airflow/.local/lib/python3.8/site-packages/airflow/example_dags/example_trigger_controller_dag.py took 0.099 seconds
[2025-05-04T22:32:46.768+0000] {processor.py:161} INFO - Started process (PID=245) to work on /home/airflow/.local/lib/python3.8/site-packages/airflow/example_dags/example_trigger_controller_dag.py
[2025-05-04T22:32:46.769+0000] {processor.py:830} INFO - Processing file /home/airflow/.local/lib/python3.8/site-packages/airflow/example_dags/example_trigger_controller_dag.py for tasks to queue
[2025-05-04T22:32:46.770+0000] {logging_mixin.py:188} INFO - [2025-05-04T22:32:46.770+0000] {dagbag.py:538} INFO - Filling up the DagBag from /home/airflow/.local/lib/python3.8/site-packages/airflow/example_dags/example_trigger_controller_dag.py
[2025-05-04T22:32:46.773+0000] {processor.py:840} INFO - DAG(s) 'example_trigger_controller_dag' retrieved from /home/airflow/.local/lib/python3.8/site-packages/airflow/example_dags/example_trigger_controller_dag.py
[2025-05-04T22:32:46.786+0000] {logging_mixin.py:188} INFO - [2025-05-04T22:32:46.785+0000] {dag.py:3033} INFO - Sync 1 DAGs
[2025-05-04T22:32:46.795+0000] {logging_mixin.py:188} INFO - [2025-05-04T22:32:46.795+0000] {dag.py:3820} INFO - Setting next_dagrun for example_trigger_controller_dag to 2021-01-01T00:00:00+00:00, run_after=2021-01-01T00:00:00+00:00
[2025-05-04T22:32:46.804+0000] {processor.py:183} INFO - Processing /home/airflow/.local/lib/python3.8/site-packages/airflow/example_dags/example_trigger_controller_dag.py took 0.038 seconds
[2025-05-04T22:33:17.567+0000] {processor.py:161} INFO - Started process (PID=301) to work on /home/airflow/.local/lib/python3.8/site-packages/airflow/example_dags/example_trigger_controller_dag.py
[2025-05-04T22:33:17.568+0000] {processor.py:830} INFO - Processing file /home/airflow/.local/lib/python3.8/site-packages/airflow/example_dags/example_trigger_controller_dag.py for tasks to queue
[2025-05-04T22:33:17.569+0000] {logging_mixin.py:188} INFO - [2025-05-04T22:33:17.568+0000] {dagbag.py:538} INFO - Filling up the DagBag from /home/airflow/.local/lib/python3.8/site-packages/airflow/example_dags/example_trigger_controller_dag.py
[2025-05-04T22:33:17.571+0000] {processor.py:840} INFO - DAG(s) 'example_trigger_controller_dag' retrieved from /home/airflow/.local/lib/python3.8/site-packages/airflow/example_dags/example_trigger_controller_dag.py
[2025-05-04T22:33:17.582+0000] {logging_mixin.py:188} INFO - [2025-05-04T22:33:17.582+0000] {dag.py:3033} INFO - Sync 1 DAGs
[2025-05-04T22:33:17.593+0000] {logging_mixin.py:188} INFO - [2025-05-04T22:33:17.593+0000] {dag.py:3820} INFO - Setting next_dagrun for example_trigger_controller_dag to 2021-01-01T00:00:00+00:00, run_after=2021-01-01T00:00:00+00:00
[2025-05-04T22:33:17.607+0000] {processor.py:183} INFO - Processing /home/airflow/.local/lib/python3.8/site-packages/airflow/example_dags/example_trigger_controller_dag.py took 0.042 seconds
[2025-05-04T22:33:48.199+0000] {processor.py:161} INFO - Started process (PID=357) to work on /home/airflow/.local/lib/python3.8/site-packages/airflow/example_dags/example_trigger_controller_dag.py
[2025-05-04T22:33:48.199+0000] {processor.py:830} INFO - Processing file /home/airflow/.local/lib/python3.8/site-packages/airflow/example_dags/example_trigger_controller_dag.py for tasks to queue
[2025-05-04T22:33:48.200+0000] {logging_mixin.py:188} INFO - [2025-05-04T22:33:48.200+0000] {dagbag.py:538} INFO - Filling up the DagBag from /home/airflow/.local/lib/python3.8/site-packages/airflow/example_dags/example_trigger_controller_dag.py
[2025-05-04T22:33:48.202+0000] {processor.py:840} INFO - DAG(s) 'example_trigger_controller_dag' retrieved from /home/airflow/.local/lib/python3.8/site-packages/airflow/example_dags/example_trigger_controller_dag.py
[2025-05-04T22:33:48.211+0000] {logging_mixin.py:188} INFO - [2025-05-04T22:33:48.211+0000] {dag.py:3033} INFO - Sync 1 DAGs
[2025-05-04T22:33:48.219+0000] {logging_mixin.py:188} INFO - [2025-05-04T22:33:48.219+0000] {dag.py:3820} INFO - Setting next_dagrun for example_trigger_controller_dag to 2021-01-01T00:00:00+00:00, run_after=2021-01-01T00:00:00+00:00
[2025-05-04T22:33:48.225+0000] {processor.py:183} INFO - Processing /home/airflow/.local/lib/python3.8/site-packages/airflow/example_dags/example_trigger_controller_dag.py took 0.028 seconds
[2025-05-04T22:34:18.840+0000] {processor.py:161} INFO - Started process (PID=413) to work on /home/airflow/.local/lib/python3.8/site-packages/airflow/example_dags/example_trigger_controller_dag.py
[2025-05-04T22:34:18.840+0000] {processor.py:830} INFO - Processing file /home/airflow/.local/lib/python3.8/site-packages/airflow/example_dags/example_trigger_controller_dag.py for tasks to queue
[2025-05-04T22:34:18.842+0000] {logging_mixin.py:188} INFO - [2025-05-04T22:34:18.841+0000] {dagbag.py:538} INFO - Filling up the DagBag from /home/airflow/.local/lib/python3.8/site-packages/airflow/example_dags/example_trigger_controller_dag.py
[2025-05-04T22:34:18.844+0000] {processor.py:840} INFO - DAG(s) 'example_trigger_controller_dag' retrieved from /home/airflow/.local/lib/python3.8/site-packages/airflow/example_dags/example_trigger_controller_dag.py
[2025-05-04T22:34:18.857+0000] {logging_mixin.py:188} INFO - [2025-05-04T22:34:18.856+0000] {dag.py:3033} INFO - Sync 1 DAGs
[2025-05-04T22:34:18.868+0000] {logging_mixin.py:188} INFO - [2025-05-04T22:34:18.868+0000] {dag.py:3820} INFO - Setting next_dagrun for example_trigger_controller_dag to 2021-01-01T00:00:00+00:00, run_after=2021-01-01T00:00:00+00:00
[2025-05-04T22:34:18.878+0000] {processor.py:183} INFO - Processing /home/airflow/.local/lib/python3.8/site-packages/airflow/example_dags/example_trigger_controller_dag.py took 0.040 seconds
[2025-05-04T22:36:26.064+0000] {processor.py:161} INFO - Started process (PID=71) to work on /home/airflow/.local/lib/python3.8/site-packages/airflow/example_dags/example_trigger_controller_dag.py
[2025-05-04T22:36:26.065+0000] {processor.py:830} INFO - Processing file /home/airflow/.local/lib/python3.8/site-packages/airflow/example_dags/example_trigger_controller_dag.py for tasks to queue
[2025-05-04T22:36:26.067+0000] {logging_mixin.py:188} INFO - [2025-05-04T22:36:26.067+0000] {dagbag.py:538} INFO - Filling up the DagBag from /home/airflow/.local/lib/python3.8/site-packages/airflow/example_dags/example_trigger_controller_dag.py
[2025-05-04T22:36:26.069+0000] {processor.py:840} INFO - DAG(s) 'example_trigger_controller_dag' retrieved from /home/airflow/.local/lib/python3.8/site-packages/airflow/example_dags/example_trigger_controller_dag.py
[2025-05-04T22:36:26.077+0000] {logging_mixin.py:188} INFO - [2025-05-04T22:36:26.077+0000] {dag.py:3033} INFO - Sync 1 DAGs
[2025-05-04T22:36:26.094+0000] {logging_mixin.py:188} INFO - [2025-05-04T22:36:26.094+0000] {dag.py:3820} INFO - Setting next_dagrun for example_trigger_controller_dag to 2021-01-01T00:00:00+00:00, run_after=2021-01-01T00:00:00+00:00
[2025-05-04T22:36:26.106+0000] {processor.py:183} INFO - Processing /home/airflow/.local/lib/python3.8/site-packages/airflow/example_dags/example_trigger_controller_dag.py took 0.044 seconds
[2025-05-04T22:36:56.251+0000] {processor.py:161} INFO - Started process (PID=127) to work on /home/airflow/.local/lib/python3.8/site-packages/airflow/example_dags/example_trigger_controller_dag.py
[2025-05-04T22:36:56.251+0000] {processor.py:830} INFO - Processing file /home/airflow/.local/lib/python3.8/site-packages/airflow/example_dags/example_trigger_controller_dag.py for tasks to queue
[2025-05-04T22:36:56.252+0000] {logging_mixin.py:188} INFO - [2025-05-04T22:36:56.252+0000] {dagbag.py:538} INFO - Filling up the DagBag from /home/airflow/.local/lib/python3.8/site-packages/airflow/example_dags/example_trigger_controller_dag.py
[2025-05-04T22:36:56.254+0000] {processor.py:840} INFO - DAG(s) 'example_trigger_controller_dag' retrieved from /home/airflow/.local/lib/python3.8/site-packages/airflow/example_dags/example_trigger_controller_dag.py
[2025-05-04T22:36:56.308+0000] {logging_mixin.py:188} INFO - [2025-05-04T22:36:56.308+0000] {dag.py:3033} INFO - Sync 1 DAGs
[2025-05-04T22:36:56.319+0000] {logging_mixin.py:188} INFO - [2025-05-04T22:36:56.319+0000] {dag.py:3820} INFO - Setting next_dagrun for example_trigger_controller_dag to 2021-01-01T00:00:00+00:00, run_after=2021-01-01T00:00:00+00:00
[2025-05-04T22:36:56.332+0000] {processor.py:183} INFO - Processing /home/airflow/.local/lib/python3.8/site-packages/airflow/example_dags/example_trigger_controller_dag.py took 0.083 seconds
[2025-05-04T22:37:27.184+0000] {processor.py:161} INFO - Started process (PID=183) to work on /home/airflow/.local/lib/python3.8/site-packages/airflow/example_dags/example_trigger_controller_dag.py
[2025-05-04T22:37:27.184+0000] {processor.py:830} INFO - Processing file /home/airflow/.local/lib/python3.8/site-packages/airflow/example_dags/example_trigger_controller_dag.py for tasks to queue
[2025-05-04T22:37:27.186+0000] {logging_mixin.py:188} INFO - [2025-05-04T22:37:27.185+0000] {dagbag.py:538} INFO - Filling up the DagBag from /home/airflow/.local/lib/python3.8/site-packages/airflow/example_dags/example_trigger_controller_dag.py
[2025-05-04T22:37:27.188+0000] {processor.py:840} INFO - DAG(s) 'example_trigger_controller_dag' retrieved from /home/airflow/.local/lib/python3.8/site-packages/airflow/example_dags/example_trigger_controller_dag.py
[2025-05-04T22:37:27.199+0000] {logging_mixin.py:188} INFO - [2025-05-04T22:37:27.199+0000] {dag.py:3033} INFO - Sync 1 DAGs
[2025-05-04T22:37:27.210+0000] {logging_mixin.py:188} INFO - [2025-05-04T22:37:27.210+0000] {dag.py:3820} INFO - Setting next_dagrun for example_trigger_controller_dag to 2021-01-01T00:00:00+00:00, run_after=2021-01-01T00:00:00+00:00
[2025-05-04T22:37:27.230+0000] {processor.py:183} INFO - Processing /home/airflow/.local/lib/python3.8/site-packages/airflow/example_dags/example_trigger_controller_dag.py took 0.048 seconds
[2025-05-04T22:37:57.883+0000] {processor.py:161} INFO - Started process (PID=239) to work on /home/airflow/.local/lib/python3.8/site-packages/airflow/example_dags/example_trigger_controller_dag.py
[2025-05-04T22:37:57.884+0000] {processor.py:830} INFO - Processing file /home/airflow/.local/lib/python3.8/site-packages/airflow/example_dags/example_trigger_controller_dag.py for tasks to queue
[2025-05-04T22:37:57.885+0000] {logging_mixin.py:188} INFO - [2025-05-04T22:37:57.885+0000] {dagbag.py:538} INFO - Filling up the DagBag from /home/airflow/.local/lib/python3.8/site-packages/airflow/example_dags/example_trigger_controller_dag.py
[2025-05-04T22:37:57.888+0000] {processor.py:840} INFO - DAG(s) 'example_trigger_controller_dag' retrieved from /home/airflow/.local/lib/python3.8/site-packages/airflow/example_dags/example_trigger_controller_dag.py
[2025-05-04T22:37:57.901+0000] {logging_mixin.py:188} INFO - [2025-05-04T22:37:57.901+0000] {dag.py:3033} INFO - Sync 1 DAGs
[2025-05-04T22:37:57.914+0000] {logging_mixin.py:188} INFO - [2025-05-04T22:37:57.914+0000] {dag.py:3820} INFO - Setting next_dagrun for example_trigger_controller_dag to 2021-01-01T00:00:00+00:00, run_after=2021-01-01T00:00:00+00:00
[2025-05-04T22:37:57.926+0000] {processor.py:183} INFO - Processing /home/airflow/.local/lib/python3.8/site-packages/airflow/example_dags/example_trigger_controller_dag.py took 0.045 seconds
[2025-05-04T22:38:28.626+0000] {processor.py:161} INFO - Started process (PID=295) to work on /home/airflow/.local/lib/python3.8/site-packages/airflow/example_dags/example_trigger_controller_dag.py
[2025-05-04T22:38:28.627+0000] {processor.py:830} INFO - Processing file /home/airflow/.local/lib/python3.8/site-packages/airflow/example_dags/example_trigger_controller_dag.py for tasks to queue
[2025-05-04T22:38:28.628+0000] {logging_mixin.py:188} INFO - [2025-05-04T22:38:28.628+0000] {dagbag.py:538} INFO - Filling up the DagBag from /home/airflow/.local/lib/python3.8/site-packages/airflow/example_dags/example_trigger_controller_dag.py
[2025-05-04T22:38:28.631+0000] {processor.py:840} INFO - DAG(s) 'example_trigger_controller_dag' retrieved from /home/airflow/.local/lib/python3.8/site-packages/airflow/example_dags/example_trigger_controller_dag.py
[2025-05-04T22:38:28.653+0000] {logging_mixin.py:188} INFO - [2025-05-04T22:38:28.653+0000] {dag.py:3033} INFO - Sync 1 DAGs
[2025-05-04T22:38:28.669+0000] {logging_mixin.py:188} INFO - [2025-05-04T22:38:28.669+0000] {dag.py:3820} INFO - Setting next_dagrun for example_trigger_controller_dag to 2021-01-01T00:00:00+00:00, run_after=2021-01-01T00:00:00+00:00
[2025-05-04T22:38:28.682+0000] {processor.py:183} INFO - Processing /home/airflow/.local/lib/python3.8/site-packages/airflow/example_dags/example_trigger_controller_dag.py took 0.058 seconds
[2025-05-04T22:38:59.409+0000] {processor.py:161} INFO - Started process (PID=351) to work on /home/airflow/.local/lib/python3.8/site-packages/airflow/example_dags/example_trigger_controller_dag.py
[2025-05-04T22:38:59.410+0000] {processor.py:830} INFO - Processing file /home/airflow/.local/lib/python3.8/site-packages/airflow/example_dags/example_trigger_controller_dag.py for tasks to queue
[2025-05-04T22:38:59.412+0000] {logging_mixin.py:188} INFO - [2025-05-04T22:38:59.411+0000] {dagbag.py:538} INFO - Filling up the DagBag from /home/airflow/.local/lib/python3.8/site-packages/airflow/example_dags/example_trigger_controller_dag.py
[2025-05-04T22:38:59.414+0000] {processor.py:840} INFO - DAG(s) 'example_trigger_controller_dag' retrieved from /home/airflow/.local/lib/python3.8/site-packages/airflow/example_dags/example_trigger_controller_dag.py
[2025-05-04T22:38:59.429+0000] {logging_mixin.py:188} INFO - [2025-05-04T22:38:59.429+0000] {dag.py:3033} INFO - Sync 1 DAGs
[2025-05-04T22:38:59.443+0000] {logging_mixin.py:188} INFO - [2025-05-04T22:38:59.443+0000] {dag.py:3820} INFO - Setting next_dagrun for example_trigger_controller_dag to 2021-01-01T00:00:00+00:00, run_after=2021-01-01T00:00:00+00:00
[2025-05-04T22:38:59.453+0000] {processor.py:183} INFO - Processing /home/airflow/.local/lib/python3.8/site-packages/airflow/example_dags/example_trigger_controller_dag.py took 0.046 seconds
[2025-05-04T22:39:30.258+0000] {processor.py:161} INFO - Started process (PID=407) to work on /home/airflow/.local/lib/python3.8/site-packages/airflow/example_dags/example_trigger_controller_dag.py
[2025-05-04T22:39:30.259+0000] {processor.py:830} INFO - Processing file /home/airflow/.local/lib/python3.8/site-packages/airflow/example_dags/example_trigger_controller_dag.py for tasks to queue
[2025-05-04T22:39:30.262+0000] {logging_mixin.py:188} INFO - [2025-05-04T22:39:30.261+0000] {dagbag.py:538} INFO - Filling up the DagBag from /home/airflow/.local/lib/python3.8/site-packages/airflow/example_dags/example_trigger_controller_dag.py
[2025-05-04T22:39:30.264+0000] {processor.py:840} INFO - DAG(s) 'example_trigger_controller_dag' retrieved from /home/airflow/.local/lib/python3.8/site-packages/airflow/example_dags/example_trigger_controller_dag.py
[2025-05-04T22:39:30.283+0000] {logging_mixin.py:188} INFO - [2025-05-04T22:39:30.283+0000] {dag.py:3033} INFO - Sync 1 DAGs
[2025-05-04T22:39:30.296+0000] {logging_mixin.py:188} INFO - [2025-05-04T22:39:30.296+0000] {dag.py:3820} INFO - Setting next_dagrun for example_trigger_controller_dag to 2021-01-01T00:00:00+00:00, run_after=2021-01-01T00:00:00+00:00
[2025-05-04T22:39:30.305+0000] {processor.py:183} INFO - Processing /home/airflow/.local/lib/python3.8/site-packages/airflow/example_dags/example_trigger_controller_dag.py took 0.049 seconds
[2025-05-04T22:40:01.103+0000] {processor.py:161} INFO - Started process (PID=464) to work on /home/airflow/.local/lib/python3.8/site-packages/airflow/example_dags/example_trigger_controller_dag.py
[2025-05-04T22:40:01.103+0000] {processor.py:830} INFO - Processing file /home/airflow/.local/lib/python3.8/site-packages/airflow/example_dags/example_trigger_controller_dag.py for tasks to queue
[2025-05-04T22:40:01.105+0000] {logging_mixin.py:188} INFO - [2025-05-04T22:40:01.104+0000] {dagbag.py:538} INFO - Filling up the DagBag from /home/airflow/.local/lib/python3.8/site-packages/airflow/example_dags/example_trigger_controller_dag.py
[2025-05-04T22:40:01.107+0000] {processor.py:840} INFO - DAG(s) 'example_trigger_controller_dag' retrieved from /home/airflow/.local/lib/python3.8/site-packages/airflow/example_dags/example_trigger_controller_dag.py
[2025-05-04T22:40:01.122+0000] {logging_mixin.py:188} INFO - [2025-05-04T22:40:01.122+0000] {dag.py:3033} INFO - Sync 1 DAGs
[2025-05-04T22:40:01.136+0000] {logging_mixin.py:188} INFO - [2025-05-04T22:40:01.136+0000] {dag.py:3820} INFO - Setting next_dagrun for example_trigger_controller_dag to 2021-01-01T00:00:00+00:00, run_after=2021-01-01T00:00:00+00:00
[2025-05-04T22:40:01.148+0000] {processor.py:183} INFO - Processing /home/airflow/.local/lib/python3.8/site-packages/airflow/example_dags/example_trigger_controller_dag.py took 0.047 seconds
[2025-05-04T22:40:32.079+0000] {processor.py:161} INFO - Started process (PID=520) to work on /home/airflow/.local/lib/python3.8/site-packages/airflow/example_dags/example_trigger_controller_dag.py
[2025-05-04T22:40:32.080+0000] {processor.py:830} INFO - Processing file /home/airflow/.local/lib/python3.8/site-packages/airflow/example_dags/example_trigger_controller_dag.py for tasks to queue
[2025-05-04T22:40:32.082+0000] {logging_mixin.py:188} INFO - [2025-05-04T22:40:32.082+0000] {dagbag.py:538} INFO - Filling up the DagBag from /home/airflow/.local/lib/python3.8/site-packages/airflow/example_dags/example_trigger_controller_dag.py
[2025-05-04T22:40:32.085+0000] {processor.py:840} INFO - DAG(s) 'example_trigger_controller_dag' retrieved from /home/airflow/.local/lib/python3.8/site-packages/airflow/example_dags/example_trigger_controller_dag.py
[2025-05-04T22:40:32.105+0000] {logging_mixin.py:188} INFO - [2025-05-04T22:40:32.104+0000] {dag.py:3033} INFO - Sync 1 DAGs
[2025-05-04T22:40:32.119+0000] {logging_mixin.py:188} INFO - [2025-05-04T22:40:32.119+0000] {dag.py:3820} INFO - Setting next_dagrun for example_trigger_controller_dag to 2021-01-01T00:00:00+00:00, run_after=2021-01-01T00:00:00+00:00
[2025-05-04T22:40:32.130+0000] {processor.py:183} INFO - Processing /home/airflow/.local/lib/python3.8/site-packages/airflow/example_dags/example_trigger_controller_dag.py took 0.053 seconds
[2025-05-04T22:41:02.214+0000] {processor.py:161} INFO - Started process (PID=576) to work on /home/airflow/.local/lib/python3.8/site-packages/airflow/example_dags/example_trigger_controller_dag.py
[2025-05-04T22:41:02.215+0000] {processor.py:830} INFO - Processing file /home/airflow/.local/lib/python3.8/site-packages/airflow/example_dags/example_trigger_controller_dag.py for tasks to queue
[2025-05-04T22:41:02.216+0000] {logging_mixin.py:188} INFO - [2025-05-04T22:41:02.216+0000] {dagbag.py:538} INFO - Filling up the DagBag from /home/airflow/.local/lib/python3.8/site-packages/airflow/example_dags/example_trigger_controller_dag.py
[2025-05-04T22:41:02.218+0000] {processor.py:840} INFO - DAG(s) 'example_trigger_controller_dag' retrieved from /home/airflow/.local/lib/python3.8/site-packages/airflow/example_dags/example_trigger_controller_dag.py
[2025-05-04T22:41:02.227+0000] {logging_mixin.py:188} INFO - [2025-05-04T22:41:02.227+0000] {dag.py:3033} INFO - Sync 1 DAGs
[2025-05-04T22:41:02.237+0000] {logging_mixin.py:188} INFO - [2025-05-04T22:41:02.237+0000] {dag.py:3820} INFO - Setting next_dagrun for example_trigger_controller_dag to 2021-01-01T00:00:00+00:00, run_after=2021-01-01T00:00:00+00:00
[2025-05-04T22:41:02.243+0000] {processor.py:183} INFO - Processing /home/airflow/.local/lib/python3.8/site-packages/airflow/example_dags/example_trigger_controller_dag.py took 0.031 seconds
[2025-05-04T22:41:32.855+0000] {processor.py:161} INFO - Started process (PID=632) to work on /home/airflow/.local/lib/python3.8/site-packages/airflow/example_dags/example_trigger_controller_dag.py
[2025-05-04T22:41:32.855+0000] {processor.py:830} INFO - Processing file /home/airflow/.local/lib/python3.8/site-packages/airflow/example_dags/example_trigger_controller_dag.py for tasks to queue
[2025-05-04T22:41:32.856+0000] {logging_mixin.py:188} INFO - [2025-05-04T22:41:32.856+0000] {dagbag.py:538} INFO - Filling up the DagBag from /home/airflow/.local/lib/python3.8/site-packages/airflow/example_dags/example_trigger_controller_dag.py
[2025-05-04T22:41:32.858+0000] {processor.py:840} INFO - DAG(s) 'example_trigger_controller_dag' retrieved from /home/airflow/.local/lib/python3.8/site-packages/airflow/example_dags/example_trigger_controller_dag.py
[2025-05-04T22:41:32.869+0000] {logging_mixin.py:188} INFO - [2025-05-04T22:41:32.868+0000] {dag.py:3033} INFO - Sync 1 DAGs
[2025-05-04T22:41:32.880+0000] {logging_mixin.py:188} INFO - [2025-05-04T22:41:32.880+0000] {dag.py:3820} INFO - Setting next_dagrun for example_trigger_controller_dag to 2021-01-01T00:00:00+00:00, run_after=2021-01-01T00:00:00+00:00
[2025-05-04T22:41:32.888+0000] {processor.py:183} INFO - Processing /home/airflow/.local/lib/python3.8/site-packages/airflow/example_dags/example_trigger_controller_dag.py took 0.035 seconds
[2025-05-04T22:42:03.743+0000] {processor.py:161} INFO - Started process (PID=688) to work on /home/airflow/.local/lib/python3.8/site-packages/airflow/example_dags/example_trigger_controller_dag.py
[2025-05-04T22:42:03.744+0000] {processor.py:830} INFO - Processing file /home/airflow/.local/lib/python3.8/site-packages/airflow/example_dags/example_trigger_controller_dag.py for tasks to queue
[2025-05-04T22:42:03.746+0000] {logging_mixin.py:188} INFO - [2025-05-04T22:42:03.746+0000] {dagbag.py:538} INFO - Filling up the DagBag from /home/airflow/.local/lib/python3.8/site-packages/airflow/example_dags/example_trigger_controller_dag.py
[2025-05-04T22:42:03.749+0000] {processor.py:840} INFO - DAG(s) 'example_trigger_controller_dag' retrieved from /home/airflow/.local/lib/python3.8/site-packages/airflow/example_dags/example_trigger_controller_dag.py
[2025-05-04T22:42:03.764+0000] {logging_mixin.py:188} INFO - [2025-05-04T22:42:03.764+0000] {dag.py:3033} INFO - Sync 1 DAGs
[2025-05-04T22:42:03.778+0000] {logging_mixin.py:188} INFO - [2025-05-04T22:42:03.778+0000] {dag.py:3820} INFO - Setting next_dagrun for example_trigger_controller_dag to 2021-01-01T00:00:00+00:00, run_after=2021-01-01T00:00:00+00:00
[2025-05-04T22:42:03.788+0000] {processor.py:183} INFO - Processing /home/airflow/.local/lib/python3.8/site-packages/airflow/example_dags/example_trigger_controller_dag.py took 0.047 seconds
[2025-05-04T22:42:34.499+0000] {processor.py:161} INFO - Started process (PID=744) to work on /home/airflow/.local/lib/python3.8/site-packages/airflow/example_dags/example_trigger_controller_dag.py
[2025-05-04T22:42:34.500+0000] {processor.py:830} INFO - Processing file /home/airflow/.local/lib/python3.8/site-packages/airflow/example_dags/example_trigger_controller_dag.py for tasks to queue
[2025-05-04T22:42:34.501+0000] {logging_mixin.py:188} INFO - [2025-05-04T22:42:34.501+0000] {dagbag.py:538} INFO - Filling up the DagBag from /home/airflow/.local/lib/python3.8/site-packages/airflow/example_dags/example_trigger_controller_dag.py
[2025-05-04T22:42:34.503+0000] {processor.py:840} INFO - DAG(s) 'example_trigger_controller_dag' retrieved from /home/airflow/.local/lib/python3.8/site-packages/airflow/example_dags/example_trigger_controller_dag.py
[2025-05-04T22:42:34.514+0000] {logging_mixin.py:188} INFO - [2025-05-04T22:42:34.514+0000] {dag.py:3033} INFO - Sync 1 DAGs
[2025-05-04T22:42:34.527+0000] {logging_mixin.py:188} INFO - [2025-05-04T22:42:34.526+0000] {dag.py:3820} INFO - Setting next_dagrun for example_trigger_controller_dag to 2021-01-01T00:00:00+00:00, run_after=2021-01-01T00:00:00+00:00
[2025-05-04T22:42:34.541+0000] {processor.py:183} INFO - Processing /home/airflow/.local/lib/python3.8/site-packages/airflow/example_dags/example_trigger_controller_dag.py took 0.044 seconds
[2025-05-04T22:43:05.380+0000] {processor.py:161} INFO - Started process (PID=800) to work on /home/airflow/.local/lib/python3.8/site-packages/airflow/example_dags/example_trigger_controller_dag.py
[2025-05-04T22:43:05.381+0000] {processor.py:830} INFO - Processing file /home/airflow/.local/lib/python3.8/site-packages/airflow/example_dags/example_trigger_controller_dag.py for tasks to queue
[2025-05-04T22:43:05.382+0000] {logging_mixin.py:188} INFO - [2025-05-04T22:43:05.382+0000] {dagbag.py:538} INFO - Filling up the DagBag from /home/airflow/.local/lib/python3.8/site-packages/airflow/example_dags/example_trigger_controller_dag.py
[2025-05-04T22:43:05.385+0000] {processor.py:840} INFO - DAG(s) 'example_trigger_controller_dag' retrieved from /home/airflow/.local/lib/python3.8/site-packages/airflow/example_dags/example_trigger_controller_dag.py
[2025-05-04T22:43:05.395+0000] {logging_mixin.py:188} INFO - [2025-05-04T22:43:05.395+0000] {dag.py:3033} INFO - Sync 1 DAGs
[2025-05-04T22:43:05.419+0000] {logging_mixin.py:188} INFO - [2025-05-04T22:43:05.418+0000] {dag.py:3820} INFO - Setting next_dagrun for example_trigger_controller_dag to 2021-01-01T00:00:00+00:00, run_after=2021-01-01T00:00:00+00:00
[2025-05-04T22:43:05.431+0000] {processor.py:183} INFO - Processing /home/airflow/.local/lib/python3.8/site-packages/airflow/example_dags/example_trigger_controller_dag.py took 0.053 seconds
[2025-05-04T22:43:36.337+0000] {processor.py:161} INFO - Started process (PID=856) to work on /home/airflow/.local/lib/python3.8/site-packages/airflow/example_dags/example_trigger_controller_dag.py
[2025-05-04T22:43:36.337+0000] {processor.py:830} INFO - Processing file /home/airflow/.local/lib/python3.8/site-packages/airflow/example_dags/example_trigger_controller_dag.py for tasks to queue
[2025-05-04T22:43:36.338+0000] {logging_mixin.py:188} INFO - [2025-05-04T22:43:36.338+0000] {dagbag.py:538} INFO - Filling up the DagBag from /home/airflow/.local/lib/python3.8/site-packages/airflow/example_dags/example_trigger_controller_dag.py
[2025-05-04T22:43:36.341+0000] {processor.py:840} INFO - DAG(s) 'example_trigger_controller_dag' retrieved from /home/airflow/.local/lib/python3.8/site-packages/airflow/example_dags/example_trigger_controller_dag.py
[2025-05-04T22:43:36.360+0000] {logging_mixin.py:188} INFO - [2025-05-04T22:43:36.359+0000] {dag.py:3033} INFO - Sync 1 DAGs
[2025-05-04T22:43:36.371+0000] {logging_mixin.py:188} INFO - [2025-05-04T22:43:36.370+0000] {dag.py:3820} INFO - Setting next_dagrun for example_trigger_controller_dag to 2021-01-01T00:00:00+00:00, run_after=2021-01-01T00:00:00+00:00
[2025-05-04T22:43:36.381+0000] {processor.py:183} INFO - Processing /home/airflow/.local/lib/python3.8/site-packages/airflow/example_dags/example_trigger_controller_dag.py took 0.046 seconds
[2025-05-04T22:44:07.100+0000] {processor.py:161} INFO - Started process (PID=912) to work on /home/airflow/.local/lib/python3.8/site-packages/airflow/example_dags/example_trigger_controller_dag.py
[2025-05-04T22:44:07.101+0000] {processor.py:830} INFO - Processing file /home/airflow/.local/lib/python3.8/site-packages/airflow/example_dags/example_trigger_controller_dag.py for tasks to queue
[2025-05-04T22:44:07.102+0000] {logging_mixin.py:188} INFO - [2025-05-04T22:44:07.102+0000] {dagbag.py:538} INFO - Filling up the DagBag from /home/airflow/.local/lib/python3.8/site-packages/airflow/example_dags/example_trigger_controller_dag.py
[2025-05-04T22:44:07.105+0000] {processor.py:840} INFO - DAG(s) 'example_trigger_controller_dag' retrieved from /home/airflow/.local/lib/python3.8/site-packages/airflow/example_dags/example_trigger_controller_dag.py
[2025-05-04T22:44:07.124+0000] {logging_mixin.py:188} INFO - [2025-05-04T22:44:07.124+0000] {dag.py:3033} INFO - Sync 1 DAGs
[2025-05-04T22:44:07.135+0000] {logging_mixin.py:188} INFO - [2025-05-04T22:44:07.135+0000] {dag.py:3820} INFO - Setting next_dagrun for example_trigger_controller_dag to 2021-01-01T00:00:00+00:00, run_after=2021-01-01T00:00:00+00:00
[2025-05-04T22:44:07.145+0000] {processor.py:183} INFO - Processing /home/airflow/.local/lib/python3.8/site-packages/airflow/example_dags/example_trigger_controller_dag.py took 0.047 seconds
[2025-05-04T22:44:37.928+0000] {processor.py:161} INFO - Started process (PID=968) to work on /home/airflow/.local/lib/python3.8/site-packages/airflow/example_dags/example_trigger_controller_dag.py
[2025-05-04T22:44:37.928+0000] {processor.py:830} INFO - Processing file /home/airflow/.local/lib/python3.8/site-packages/airflow/example_dags/example_trigger_controller_dag.py for tasks to queue
[2025-05-04T22:44:37.930+0000] {logging_mixin.py:188} INFO - [2025-05-04T22:44:37.930+0000] {dagbag.py:538} INFO - Filling up the DagBag from /home/airflow/.local/lib/python3.8/site-packages/airflow/example_dags/example_trigger_controller_dag.py
[2025-05-04T22:44:37.932+0000] {processor.py:840} INFO - DAG(s) 'example_trigger_controller_dag' retrieved from /home/airflow/.local/lib/python3.8/site-packages/airflow/example_dags/example_trigger_controller_dag.py
[2025-05-04T22:44:37.945+0000] {logging_mixin.py:188} INFO - [2025-05-04T22:44:37.945+0000] {dag.py:3033} INFO - Sync 1 DAGs
[2025-05-04T22:44:37.958+0000] {logging_mixin.py:188} INFO - [2025-05-04T22:44:37.958+0000] {dag.py:3820} INFO - Setting next_dagrun for example_trigger_controller_dag to 2021-01-01T00:00:00+00:00, run_after=2021-01-01T00:00:00+00:00
[2025-05-04T22:44:37.968+0000] {processor.py:183} INFO - Processing /home/airflow/.local/lib/python3.8/site-packages/airflow/example_dags/example_trigger_controller_dag.py took 0.042 seconds
[2025-05-04T22:45:08.796+0000] {processor.py:161} INFO - Started process (PID=1024) to work on /home/airflow/.local/lib/python3.8/site-packages/airflow/example_dags/example_trigger_controller_dag.py
[2025-05-04T22:45:08.797+0000] {processor.py:830} INFO - Processing file /home/airflow/.local/lib/python3.8/site-packages/airflow/example_dags/example_trigger_controller_dag.py for tasks to queue
[2025-05-04T22:45:08.799+0000] {logging_mixin.py:188} INFO - [2025-05-04T22:45:08.799+0000] {dagbag.py:538} INFO - Filling up the DagBag from /home/airflow/.local/lib/python3.8/site-packages/airflow/example_dags/example_trigger_controller_dag.py
[2025-05-04T22:45:08.802+0000] {processor.py:840} INFO - DAG(s) 'example_trigger_controller_dag' retrieved from /home/airflow/.local/lib/python3.8/site-packages/airflow/example_dags/example_trigger_controller_dag.py
[2025-05-04T22:45:08.829+0000] {logging_mixin.py:188} INFO - [2025-05-04T22:45:08.829+0000] {dag.py:3033} INFO - Sync 1 DAGs
[2025-05-04T22:45:08.845+0000] {logging_mixin.py:188} INFO - [2025-05-04T22:45:08.845+0000] {dag.py:3820} INFO - Setting next_dagrun for example_trigger_controller_dag to 2021-01-01T00:00:00+00:00, run_after=2021-01-01T00:00:00+00:00
[2025-05-04T22:45:08.854+0000] {processor.py:183} INFO - Processing /home/airflow/.local/lib/python3.8/site-packages/airflow/example_dags/example_trigger_controller_dag.py took 0.060 seconds
[2025-05-04T22:45:39.714+0000] {processor.py:161} INFO - Started process (PID=1080) to work on /home/airflow/.local/lib/python3.8/site-packages/airflow/example_dags/example_trigger_controller_dag.py
[2025-05-04T22:45:39.715+0000] {processor.py:830} INFO - Processing file /home/airflow/.local/lib/python3.8/site-packages/airflow/example_dags/example_trigger_controller_dag.py for tasks to queue
[2025-05-04T22:45:39.716+0000] {logging_mixin.py:188} INFO - [2025-05-04T22:45:39.716+0000] {dagbag.py:538} INFO - Filling up the DagBag from /home/airflow/.local/lib/python3.8/site-packages/airflow/example_dags/example_trigger_controller_dag.py
[2025-05-04T22:45:39.719+0000] {processor.py:840} INFO - DAG(s) 'example_trigger_controller_dag' retrieved from /home/airflow/.local/lib/python3.8/site-packages/airflow/example_dags/example_trigger_controller_dag.py
[2025-05-04T22:45:39.741+0000] {logging_mixin.py:188} INFO - [2025-05-04T22:45:39.741+0000] {dag.py:3033} INFO - Sync 1 DAGs
[2025-05-04T22:45:39.760+0000] {logging_mixin.py:188} INFO - [2025-05-04T22:45:39.760+0000] {dag.py:3820} INFO - Setting next_dagrun for example_trigger_controller_dag to 2021-01-01T00:00:00+00:00, run_after=2021-01-01T00:00:00+00:00
[2025-05-04T22:45:39.773+0000] {processor.py:183} INFO - Processing /home/airflow/.local/lib/python3.8/site-packages/airflow/example_dags/example_trigger_controller_dag.py took 0.061 seconds
[2025-05-04T22:46:32.283+0000] {processor.py:161} INFO - Started process (PID=72) to work on /home/airflow/.local/lib/python3.8/site-packages/airflow/example_dags/example_trigger_controller_dag.py
[2025-05-04T22:46:32.283+0000] {processor.py:830} INFO - Processing file /home/airflow/.local/lib/python3.8/site-packages/airflow/example_dags/example_trigger_controller_dag.py for tasks to queue
[2025-05-04T22:46:32.284+0000] {logging_mixin.py:188} INFO - [2025-05-04T22:46:32.284+0000] {dagbag.py:538} INFO - Filling up the DagBag from /home/airflow/.local/lib/python3.8/site-packages/airflow/example_dags/example_trigger_controller_dag.py
[2025-05-04T22:46:32.287+0000] {processor.py:840} INFO - DAG(s) 'example_trigger_controller_dag' retrieved from /home/airflow/.local/lib/python3.8/site-packages/airflow/example_dags/example_trigger_controller_dag.py
[2025-05-04T22:46:32.294+0000] {logging_mixin.py:188} INFO - [2025-05-04T22:46:32.294+0000] {dag.py:3033} INFO - Sync 1 DAGs
[2025-05-04T22:46:32.306+0000] {logging_mixin.py:188} INFO - [2025-05-04T22:46:32.306+0000] {dag.py:3820} INFO - Setting next_dagrun for example_trigger_controller_dag to 2021-01-01T00:00:00+00:00, run_after=2021-01-01T00:00:00+00:00
[2025-05-04T22:46:32.315+0000] {processor.py:183} INFO - Processing /home/airflow/.local/lib/python3.8/site-packages/airflow/example_dags/example_trigger_controller_dag.py took 0.034 seconds
[2025-05-04T22:46:56.747+0000] {processor.py:161} INFO - Started process (PID=71) to work on /home/airflow/.local/lib/python3.8/site-packages/airflow/example_dags/example_trigger_controller_dag.py
[2025-05-04T22:46:56.748+0000] {processor.py:830} INFO - Processing file /home/airflow/.local/lib/python3.8/site-packages/airflow/example_dags/example_trigger_controller_dag.py for tasks to queue
[2025-05-04T22:46:56.749+0000] {logging_mixin.py:188} INFO - [2025-05-04T22:46:56.749+0000] {dagbag.py:538} INFO - Filling up the DagBag from /home/airflow/.local/lib/python3.8/site-packages/airflow/example_dags/example_trigger_controller_dag.py
[2025-05-04T22:46:56.752+0000] {processor.py:840} INFO - DAG(s) 'example_trigger_controller_dag' retrieved from /home/airflow/.local/lib/python3.8/site-packages/airflow/example_dags/example_trigger_controller_dag.py
[2025-05-04T22:46:56.766+0000] {logging_mixin.py:188} INFO - [2025-05-04T22:46:56.766+0000] {dag.py:3033} INFO - Sync 1 DAGs
[2025-05-04T22:46:56.781+0000] {logging_mixin.py:188} INFO - [2025-05-04T22:46:56.781+0000] {dag.py:3820} INFO - Setting next_dagrun for example_trigger_controller_dag to 2021-01-01T00:00:00+00:00, run_after=2021-01-01T00:00:00+00:00
[2025-05-04T22:46:56.797+0000] {processor.py:183} INFO - Processing /home/airflow/.local/lib/python3.8/site-packages/airflow/example_dags/example_trigger_controller_dag.py took 0.052 seconds
[2025-05-04T22:47:52.503+0000] {processor.py:161} INFO - Started process (PID=72) to work on /home/airflow/.local/lib/python3.8/site-packages/airflow/example_dags/example_trigger_controller_dag.py
[2025-05-04T22:47:52.504+0000] {processor.py:830} INFO - Processing file /home/airflow/.local/lib/python3.8/site-packages/airflow/example_dags/example_trigger_controller_dag.py for tasks to queue
[2025-05-04T22:47:52.508+0000] {logging_mixin.py:188} INFO - [2025-05-04T22:47:52.508+0000] {dagbag.py:538} INFO - Filling up the DagBag from /home/airflow/.local/lib/python3.8/site-packages/airflow/example_dags/example_trigger_controller_dag.py
[2025-05-04T22:47:52.514+0000] {processor.py:840} INFO - DAG(s) 'example_trigger_controller_dag' retrieved from /home/airflow/.local/lib/python3.8/site-packages/airflow/example_dags/example_trigger_controller_dag.py
[2025-05-04T22:47:52.530+0000] {logging_mixin.py:188} INFO - [2025-05-04T22:47:52.530+0000] {dag.py:3033} INFO - Sync 1 DAGs
[2025-05-04T22:47:52.551+0000] {logging_mixin.py:188} INFO - [2025-05-04T22:47:52.550+0000] {dag.py:3820} INFO - Setting next_dagrun for example_trigger_controller_dag to 2021-01-01T00:00:00+00:00, run_after=2021-01-01T00:00:00+00:00
[2025-05-04T22:47:52.559+0000] {processor.py:183} INFO - Processing /home/airflow/.local/lib/python3.8/site-packages/airflow/example_dags/example_trigger_controller_dag.py took 0.059 seconds
[2025-05-04T22:48:22.650+0000] {processor.py:161} INFO - Started process (PID=128) to work on /home/airflow/.local/lib/python3.8/site-packages/airflow/example_dags/example_trigger_controller_dag.py
[2025-05-04T22:48:22.652+0000] {processor.py:830} INFO - Processing file /home/airflow/.local/lib/python3.8/site-packages/airflow/example_dags/example_trigger_controller_dag.py for tasks to queue
[2025-05-04T22:48:22.654+0000] {logging_mixin.py:188} INFO - [2025-05-04T22:48:22.654+0000] {dagbag.py:538} INFO - Filling up the DagBag from /home/airflow/.local/lib/python3.8/site-packages/airflow/example_dags/example_trigger_controller_dag.py
[2025-05-04T22:48:22.656+0000] {processor.py:840} INFO - DAG(s) 'example_trigger_controller_dag' retrieved from /home/airflow/.local/lib/python3.8/site-packages/airflow/example_dags/example_trigger_controller_dag.py
[2025-05-04T22:48:22.702+0000] {logging_mixin.py:188} INFO - [2025-05-04T22:48:22.702+0000] {dag.py:3033} INFO - Sync 1 DAGs
[2025-05-04T22:48:22.712+0000] {logging_mixin.py:188} INFO - [2025-05-04T22:48:22.712+0000] {dag.py:3820} INFO - Setting next_dagrun for example_trigger_controller_dag to 2021-01-01T00:00:00+00:00, run_after=2021-01-01T00:00:00+00:00
[2025-05-04T22:48:22.720+0000] {processor.py:183} INFO - Processing /home/airflow/.local/lib/python3.8/site-packages/airflow/example_dags/example_trigger_controller_dag.py took 0.072 seconds
[2025-05-04T22:48:53.576+0000] {processor.py:161} INFO - Started process (PID=184) to work on /home/airflow/.local/lib/python3.8/site-packages/airflow/example_dags/example_trigger_controller_dag.py
[2025-05-04T22:48:53.578+0000] {processor.py:830} INFO - Processing file /home/airflow/.local/lib/python3.8/site-packages/airflow/example_dags/example_trigger_controller_dag.py for tasks to queue
[2025-05-04T22:48:53.578+0000] {logging_mixin.py:188} INFO - [2025-05-04T22:48:53.578+0000] {dagbag.py:538} INFO - Filling up the DagBag from /home/airflow/.local/lib/python3.8/site-packages/airflow/example_dags/example_trigger_controller_dag.py
[2025-05-04T22:48:53.581+0000] {processor.py:840} INFO - DAG(s) 'example_trigger_controller_dag' retrieved from /home/airflow/.local/lib/python3.8/site-packages/airflow/example_dags/example_trigger_controller_dag.py
[2025-05-04T22:48:53.591+0000] {logging_mixin.py:188} INFO - [2025-05-04T22:48:53.591+0000] {dag.py:3033} INFO - Sync 1 DAGs
[2025-05-04T22:48:53.601+0000] {logging_mixin.py:188} INFO - [2025-05-04T22:48:53.601+0000] {dag.py:3820} INFO - Setting next_dagrun for example_trigger_controller_dag to 2021-01-01T00:00:00+00:00, run_after=2021-01-01T00:00:00+00:00
[2025-05-04T22:48:53.611+0000] {processor.py:183} INFO - Processing /home/airflow/.local/lib/python3.8/site-packages/airflow/example_dags/example_trigger_controller_dag.py took 0.036 seconds
[2025-05-04T22:49:24.461+0000] {processor.py:161} INFO - Started process (PID=240) to work on /home/airflow/.local/lib/python3.8/site-packages/airflow/example_dags/example_trigger_controller_dag.py
[2025-05-04T22:49:24.462+0000] {processor.py:830} INFO - Processing file /home/airflow/.local/lib/python3.8/site-packages/airflow/example_dags/example_trigger_controller_dag.py for tasks to queue
[2025-05-04T22:49:24.463+0000] {logging_mixin.py:188} INFO - [2025-05-04T22:49:24.463+0000] {dagbag.py:538} INFO - Filling up the DagBag from /home/airflow/.local/lib/python3.8/site-packages/airflow/example_dags/example_trigger_controller_dag.py
[2025-05-04T22:49:24.466+0000] {processor.py:840} INFO - DAG(s) 'example_trigger_controller_dag' retrieved from /home/airflow/.local/lib/python3.8/site-packages/airflow/example_dags/example_trigger_controller_dag.py
[2025-05-04T22:49:24.476+0000] {logging_mixin.py:188} INFO - [2025-05-04T22:49:24.476+0000] {dag.py:3033} INFO - Sync 1 DAGs
[2025-05-04T22:49:24.487+0000] {logging_mixin.py:188} INFO - [2025-05-04T22:49:24.487+0000] {dag.py:3820} INFO - Setting next_dagrun for example_trigger_controller_dag to 2021-01-01T00:00:00+00:00, run_after=2021-01-01T00:00:00+00:00
[2025-05-04T22:49:24.496+0000] {processor.py:183} INFO - Processing /home/airflow/.local/lib/python3.8/site-packages/airflow/example_dags/example_trigger_controller_dag.py took 0.036 seconds
[2025-05-04T22:49:55.116+0000] {processor.py:161} INFO - Started process (PID=296) to work on /home/airflow/.local/lib/python3.8/site-packages/airflow/example_dags/example_trigger_controller_dag.py
[2025-05-04T22:49:55.117+0000] {processor.py:830} INFO - Processing file /home/airflow/.local/lib/python3.8/site-packages/airflow/example_dags/example_trigger_controller_dag.py for tasks to queue
[2025-05-04T22:49:55.118+0000] {logging_mixin.py:188} INFO - [2025-05-04T22:49:55.118+0000] {dagbag.py:538} INFO - Filling up the DagBag from /home/airflow/.local/lib/python3.8/site-packages/airflow/example_dags/example_trigger_controller_dag.py
[2025-05-04T22:49:55.120+0000] {processor.py:840} INFO - DAG(s) 'example_trigger_controller_dag' retrieved from /home/airflow/.local/lib/python3.8/site-packages/airflow/example_dags/example_trigger_controller_dag.py
[2025-05-04T22:49:55.131+0000] {logging_mixin.py:188} INFO - [2025-05-04T22:49:55.131+0000] {dag.py:3033} INFO - Sync 1 DAGs
[2025-05-04T22:49:55.140+0000] {logging_mixin.py:188} INFO - [2025-05-04T22:49:55.139+0000] {dag.py:3820} INFO - Setting next_dagrun for example_trigger_controller_dag to 2021-01-01T00:00:00+00:00, run_after=2021-01-01T00:00:00+00:00
[2025-05-04T22:49:55.152+0000] {processor.py:183} INFO - Processing /home/airflow/.local/lib/python3.8/site-packages/airflow/example_dags/example_trigger_controller_dag.py took 0.038 seconds
[2025-05-04T22:50:25.858+0000] {processor.py:161} INFO - Started process (PID=352) to work on /home/airflow/.local/lib/python3.8/site-packages/airflow/example_dags/example_trigger_controller_dag.py
[2025-05-04T22:50:25.860+0000] {processor.py:830} INFO - Processing file /home/airflow/.local/lib/python3.8/site-packages/airflow/example_dags/example_trigger_controller_dag.py for tasks to queue
[2025-05-04T22:50:25.861+0000] {logging_mixin.py:188} INFO - [2025-05-04T22:50:25.861+0000] {dagbag.py:538} INFO - Filling up the DagBag from /home/airflow/.local/lib/python3.8/site-packages/airflow/example_dags/example_trigger_controller_dag.py
[2025-05-04T22:50:25.864+0000] {processor.py:840} INFO - DAG(s) 'example_trigger_controller_dag' retrieved from /home/airflow/.local/lib/python3.8/site-packages/airflow/example_dags/example_trigger_controller_dag.py
[2025-05-04T22:50:25.875+0000] {logging_mixin.py:188} INFO - [2025-05-04T22:50:25.875+0000] {dag.py:3033} INFO - Sync 1 DAGs
[2025-05-04T22:50:25.885+0000] {logging_mixin.py:188} INFO - [2025-05-04T22:50:25.885+0000] {dag.py:3820} INFO - Setting next_dagrun for example_trigger_controller_dag to 2021-01-01T00:00:00+00:00, run_after=2021-01-01T00:00:00+00:00
[2025-05-04T22:50:25.892+0000] {processor.py:183} INFO - Processing /home/airflow/.local/lib/python3.8/site-packages/airflow/example_dags/example_trigger_controller_dag.py took 0.035 seconds
[2025-05-04T22:50:58.987+0000] {processor.py:161} INFO - Started process (PID=72) to work on /home/airflow/.local/lib/python3.8/site-packages/airflow/example_dags/example_trigger_controller_dag.py
[2025-05-04T22:50:58.988+0000] {processor.py:830} INFO - Processing file /home/airflow/.local/lib/python3.8/site-packages/airflow/example_dags/example_trigger_controller_dag.py for tasks to queue
[2025-05-04T22:50:58.990+0000] {logging_mixin.py:188} INFO - [2025-05-04T22:50:58.990+0000] {dagbag.py:538} INFO - Filling up the DagBag from /home/airflow/.local/lib/python3.8/site-packages/airflow/example_dags/example_trigger_controller_dag.py
[2025-05-04T22:50:58.993+0000] {processor.py:840} INFO - DAG(s) 'example_trigger_controller_dag' retrieved from /home/airflow/.local/lib/python3.8/site-packages/airflow/example_dags/example_trigger_controller_dag.py
[2025-05-04T22:50:59.005+0000] {logging_mixin.py:188} INFO - [2025-05-04T22:50:59.005+0000] {dag.py:3033} INFO - Sync 1 DAGs
[2025-05-04T22:50:59.023+0000] {logging_mixin.py:188} INFO - [2025-05-04T22:50:59.022+0000] {dag.py:3820} INFO - Setting next_dagrun for example_trigger_controller_dag to 2021-01-01T00:00:00+00:00, run_after=2021-01-01T00:00:00+00:00
[2025-05-04T22:50:59.039+0000] {processor.py:183} INFO - Processing /home/airflow/.local/lib/python3.8/site-packages/airflow/example_dags/example_trigger_controller_dag.py took 0.054 seconds
[2025-05-04T22:51:29.166+0000] {processor.py:161} INFO - Started process (PID=128) to work on /home/airflow/.local/lib/python3.8/site-packages/airflow/example_dags/example_trigger_controller_dag.py
[2025-05-04T22:51:29.166+0000] {processor.py:830} INFO - Processing file /home/airflow/.local/lib/python3.8/site-packages/airflow/example_dags/example_trigger_controller_dag.py for tasks to queue
[2025-05-04T22:51:29.168+0000] {logging_mixin.py:188} INFO - [2025-05-04T22:51:29.168+0000] {dagbag.py:538} INFO - Filling up the DagBag from /home/airflow/.local/lib/python3.8/site-packages/airflow/example_dags/example_trigger_controller_dag.py
[2025-05-04T22:51:29.172+0000] {processor.py:840} INFO - DAG(s) 'example_trigger_controller_dag' retrieved from /home/airflow/.local/lib/python3.8/site-packages/airflow/example_dags/example_trigger_controller_dag.py
[2025-05-04T22:51:29.216+0000] {logging_mixin.py:188} INFO - [2025-05-04T22:51:29.216+0000] {dag.py:3033} INFO - Sync 1 DAGs
[2025-05-04T22:51:29.226+0000] {logging_mixin.py:188} INFO - [2025-05-04T22:51:29.226+0000] {dag.py:3820} INFO - Setting next_dagrun for example_trigger_controller_dag to 2021-01-01T00:00:00+00:00, run_after=2021-01-01T00:00:00+00:00
[2025-05-04T22:51:29.240+0000] {processor.py:183} INFO - Processing /home/airflow/.local/lib/python3.8/site-packages/airflow/example_dags/example_trigger_controller_dag.py took 0.076 seconds
[2025-05-04T22:52:00.103+0000] {processor.py:161} INFO - Started process (PID=184) to work on /home/airflow/.local/lib/python3.8/site-packages/airflow/example_dags/example_trigger_controller_dag.py
[2025-05-04T22:52:00.103+0000] {processor.py:830} INFO - Processing file /home/airflow/.local/lib/python3.8/site-packages/airflow/example_dags/example_trigger_controller_dag.py for tasks to queue
[2025-05-04T22:52:00.106+0000] {logging_mixin.py:188} INFO - [2025-05-04T22:52:00.106+0000] {dagbag.py:538} INFO - Filling up the DagBag from /home/airflow/.local/lib/python3.8/site-packages/airflow/example_dags/example_trigger_controller_dag.py
[2025-05-04T22:52:00.109+0000] {processor.py:840} INFO - DAG(s) 'example_trigger_controller_dag' retrieved from /home/airflow/.local/lib/python3.8/site-packages/airflow/example_dags/example_trigger_controller_dag.py
[2025-05-04T22:52:00.120+0000] {logging_mixin.py:188} INFO - [2025-05-04T22:52:00.120+0000] {dag.py:3033} INFO - Sync 1 DAGs
[2025-05-04T22:52:00.129+0000] {logging_mixin.py:188} INFO - [2025-05-04T22:52:00.129+0000] {dag.py:3820} INFO - Setting next_dagrun for example_trigger_controller_dag to 2021-01-01T00:00:00+00:00, run_after=2021-01-01T00:00:00+00:00
[2025-05-04T22:52:00.136+0000] {processor.py:183} INFO - Processing /home/airflow/.local/lib/python3.8/site-packages/airflow/example_dags/example_trigger_controller_dag.py took 0.035 seconds
[2025-05-04T22:52:30.929+0000] {processor.py:161} INFO - Started process (PID=240) to work on /home/airflow/.local/lib/python3.8/site-packages/airflow/example_dags/example_trigger_controller_dag.py
[2025-05-04T22:52:30.930+0000] {processor.py:830} INFO - Processing file /home/airflow/.local/lib/python3.8/site-packages/airflow/example_dags/example_trigger_controller_dag.py for tasks to queue
[2025-05-04T22:52:30.932+0000] {logging_mixin.py:188} INFO - [2025-05-04T22:52:30.932+0000] {dagbag.py:538} INFO - Filling up the DagBag from /home/airflow/.local/lib/python3.8/site-packages/airflow/example_dags/example_trigger_controller_dag.py
[2025-05-04T22:52:30.935+0000] {processor.py:840} INFO - DAG(s) 'example_trigger_controller_dag' retrieved from /home/airflow/.local/lib/python3.8/site-packages/airflow/example_dags/example_trigger_controller_dag.py
[2025-05-04T22:52:30.946+0000] {logging_mixin.py:188} INFO - [2025-05-04T22:52:30.946+0000] {dag.py:3033} INFO - Sync 1 DAGs
[2025-05-04T22:52:30.956+0000] {logging_mixin.py:188} INFO - [2025-05-04T22:52:30.956+0000] {dag.py:3820} INFO - Setting next_dagrun for example_trigger_controller_dag to 2021-01-01T00:00:00+00:00, run_after=2021-01-01T00:00:00+00:00
[2025-05-04T22:52:30.967+0000] {processor.py:183} INFO - Processing /home/airflow/.local/lib/python3.8/site-packages/airflow/example_dags/example_trigger_controller_dag.py took 0.039 seconds
[2025-05-04T22:53:01.578+0000] {processor.py:161} INFO - Started process (PID=296) to work on /home/airflow/.local/lib/python3.8/site-packages/airflow/example_dags/example_trigger_controller_dag.py
[2025-05-04T22:53:01.579+0000] {processor.py:830} INFO - Processing file /home/airflow/.local/lib/python3.8/site-packages/airflow/example_dags/example_trigger_controller_dag.py for tasks to queue
[2025-05-04T22:53:01.580+0000] {logging_mixin.py:188} INFO - [2025-05-04T22:53:01.580+0000] {dagbag.py:538} INFO - Filling up the DagBag from /home/airflow/.local/lib/python3.8/site-packages/airflow/example_dags/example_trigger_controller_dag.py
[2025-05-04T22:53:01.582+0000] {processor.py:840} INFO - DAG(s) 'example_trigger_controller_dag' retrieved from /home/airflow/.local/lib/python3.8/site-packages/airflow/example_dags/example_trigger_controller_dag.py
[2025-05-04T22:53:01.595+0000] {logging_mixin.py:188} INFO - [2025-05-04T22:53:01.594+0000] {dag.py:3033} INFO - Sync 1 DAGs
[2025-05-04T22:53:01.605+0000] {logging_mixin.py:188} INFO - [2025-05-04T22:53:01.605+0000] {dag.py:3820} INFO - Setting next_dagrun for example_trigger_controller_dag to 2021-01-01T00:00:00+00:00, run_after=2021-01-01T00:00:00+00:00
[2025-05-04T22:53:01.615+0000] {processor.py:183} INFO - Processing /home/airflow/.local/lib/python3.8/site-packages/airflow/example_dags/example_trigger_controller_dag.py took 0.039 seconds
[2025-05-04T22:58:01.321+0000] {processor.py:161} INFO - Started process (PID=72) to work on /home/airflow/.local/lib/python3.8/site-packages/airflow/example_dags/example_trigger_controller_dag.py
[2025-05-04T22:58:01.322+0000] {processor.py:830} INFO - Processing file /home/airflow/.local/lib/python3.8/site-packages/airflow/example_dags/example_trigger_controller_dag.py for tasks to queue
[2025-05-04T22:58:01.324+0000] {logging_mixin.py:188} INFO - [2025-05-04T22:58:01.324+0000] {dagbag.py:538} INFO - Filling up the DagBag from /home/airflow/.local/lib/python3.8/site-packages/airflow/example_dags/example_trigger_controller_dag.py
[2025-05-04T22:58:01.327+0000] {processor.py:840} INFO - DAG(s) 'example_trigger_controller_dag' retrieved from /home/airflow/.local/lib/python3.8/site-packages/airflow/example_dags/example_trigger_controller_dag.py
[2025-05-04T22:58:01.335+0000] {logging_mixin.py:188} INFO - [2025-05-04T22:58:01.335+0000] {dag.py:3033} INFO - Sync 1 DAGs
[2025-05-04T22:58:01.351+0000] {logging_mixin.py:188} INFO - [2025-05-04T22:58:01.351+0000] {dag.py:3820} INFO - Setting next_dagrun for example_trigger_controller_dag to 2021-01-01T00:00:00+00:00, run_after=2021-01-01T00:00:00+00:00
[2025-05-04T22:58:01.363+0000] {processor.py:183} INFO - Processing /home/airflow/.local/lib/python3.8/site-packages/airflow/example_dags/example_trigger_controller_dag.py took 0.044 seconds
[2025-05-04T22:58:31.808+0000] {processor.py:161} INFO - Started process (PID=128) to work on /home/airflow/.local/lib/python3.8/site-packages/airflow/example_dags/example_trigger_controller_dag.py
[2025-05-04T22:58:31.808+0000] {processor.py:830} INFO - Processing file /home/airflow/.local/lib/python3.8/site-packages/airflow/example_dags/example_trigger_controller_dag.py for tasks to queue
[2025-05-04T22:58:31.809+0000] {logging_mixin.py:188} INFO - [2025-05-04T22:58:31.809+0000] {dagbag.py:538} INFO - Filling up the DagBag from /home/airflow/.local/lib/python3.8/site-packages/airflow/example_dags/example_trigger_controller_dag.py
[2025-05-04T22:58:31.811+0000] {processor.py:840} INFO - DAG(s) 'example_trigger_controller_dag' retrieved from /home/airflow/.local/lib/python3.8/site-packages/airflow/example_dags/example_trigger_controller_dag.py
[2025-05-04T22:58:31.862+0000] {logging_mixin.py:188} INFO - [2025-05-04T22:58:31.862+0000] {dag.py:3033} INFO - Sync 1 DAGs
[2025-05-04T22:58:31.872+0000] {logging_mixin.py:188} INFO - [2025-05-04T22:58:31.872+0000] {dag.py:3820} INFO - Setting next_dagrun for example_trigger_controller_dag to 2021-01-01T00:00:00+00:00, run_after=2021-01-01T00:00:00+00:00
[2025-05-04T22:58:31.885+0000] {processor.py:183} INFO - Processing /home/airflow/.local/lib/python3.8/site-packages/airflow/example_dags/example_trigger_controller_dag.py took 0.079 seconds
[2025-05-04T22:59:02.866+0000] {processor.py:161} INFO - Started process (PID=184) to work on /home/airflow/.local/lib/python3.8/site-packages/airflow/example_dags/example_trigger_controller_dag.py
[2025-05-04T22:59:02.866+0000] {processor.py:830} INFO - Processing file /home/airflow/.local/lib/python3.8/site-packages/airflow/example_dags/example_trigger_controller_dag.py for tasks to queue
[2025-05-04T22:59:02.867+0000] {logging_mixin.py:188} INFO - [2025-05-04T22:59:02.867+0000] {dagbag.py:538} INFO - Filling up the DagBag from /home/airflow/.local/lib/python3.8/site-packages/airflow/example_dags/example_trigger_controller_dag.py
[2025-05-04T22:59:02.869+0000] {processor.py:840} INFO - DAG(s) 'example_trigger_controller_dag' retrieved from /home/airflow/.local/lib/python3.8/site-packages/airflow/example_dags/example_trigger_controller_dag.py
[2025-05-04T22:59:02.877+0000] {logging_mixin.py:188} INFO - [2025-05-04T22:59:02.877+0000] {dag.py:3033} INFO - Sync 1 DAGs
[2025-05-04T22:59:02.885+0000] {logging_mixin.py:188} INFO - [2025-05-04T22:59:02.885+0000] {dag.py:3820} INFO - Setting next_dagrun for example_trigger_controller_dag to 2021-01-01T00:00:00+00:00, run_after=2021-01-01T00:00:00+00:00
[2025-05-04T22:59:02.891+0000] {processor.py:183} INFO - Processing /home/airflow/.local/lib/python3.8/site-packages/airflow/example_dags/example_trigger_controller_dag.py took 0.027 seconds
[2025-05-04T22:59:33.590+0000] {processor.py:161} INFO - Started process (PID=240) to work on /home/airflow/.local/lib/python3.8/site-packages/airflow/example_dags/example_trigger_controller_dag.py
[2025-05-04T22:59:33.591+0000] {processor.py:830} INFO - Processing file /home/airflow/.local/lib/python3.8/site-packages/airflow/example_dags/example_trigger_controller_dag.py for tasks to queue
[2025-05-04T22:59:33.593+0000] {logging_mixin.py:188} INFO - [2025-05-04T22:59:33.593+0000] {dagbag.py:538} INFO - Filling up the DagBag from /home/airflow/.local/lib/python3.8/site-packages/airflow/example_dags/example_trigger_controller_dag.py
[2025-05-04T22:59:33.596+0000] {processor.py:840} INFO - DAG(s) 'example_trigger_controller_dag' retrieved from /home/airflow/.local/lib/python3.8/site-packages/airflow/example_dags/example_trigger_controller_dag.py
[2025-05-04T22:59:33.616+0000] {logging_mixin.py:188} INFO - [2025-05-04T22:59:33.616+0000] {dag.py:3033} INFO - Sync 1 DAGs
[2025-05-04T22:59:33.633+0000] {logging_mixin.py:188} INFO - [2025-05-04T22:59:33.633+0000] {dag.py:3820} INFO - Setting next_dagrun for example_trigger_controller_dag to 2021-01-01T00:00:00+00:00, run_after=2021-01-01T00:00:00+00:00
[2025-05-04T22:59:33.642+0000] {processor.py:183} INFO - Processing /home/airflow/.local/lib/python3.8/site-packages/airflow/example_dags/example_trigger_controller_dag.py took 0.054 seconds
[2025-05-04T23:00:04.381+0000] {processor.py:161} INFO - Started process (PID=302) to work on /home/airflow/.local/lib/python3.8/site-packages/airflow/example_dags/example_trigger_controller_dag.py
[2025-05-04T23:00:04.381+0000] {processor.py:830} INFO - Processing file /home/airflow/.local/lib/python3.8/site-packages/airflow/example_dags/example_trigger_controller_dag.py for tasks to queue
[2025-05-04T23:00:04.384+0000] {logging_mixin.py:188} INFO - [2025-05-04T23:00:04.384+0000] {dagbag.py:538} INFO - Filling up the DagBag from /home/airflow/.local/lib/python3.8/site-packages/airflow/example_dags/example_trigger_controller_dag.py
[2025-05-04T23:00:04.387+0000] {processor.py:840} INFO - DAG(s) 'example_trigger_controller_dag' retrieved from /home/airflow/.local/lib/python3.8/site-packages/airflow/example_dags/example_trigger_controller_dag.py
[2025-05-04T23:00:04.402+0000] {logging_mixin.py:188} INFO - [2025-05-04T23:00:04.402+0000] {dag.py:3033} INFO - Sync 1 DAGs
[2025-05-04T23:00:04.413+0000] {logging_mixin.py:188} INFO - [2025-05-04T23:00:04.412+0000] {dag.py:3820} INFO - Setting next_dagrun for example_trigger_controller_dag to 2021-01-01T00:00:00+00:00, run_after=2021-01-01T00:00:00+00:00
[2025-05-04T23:00:04.425+0000] {processor.py:183} INFO - Processing /home/airflow/.local/lib/python3.8/site-packages/airflow/example_dags/example_trigger_controller_dag.py took 0.046 seconds
[2025-05-04T23:00:35.070+0000] {processor.py:161} INFO - Started process (PID=358) to work on /home/airflow/.local/lib/python3.8/site-packages/airflow/example_dags/example_trigger_controller_dag.py
[2025-05-04T23:00:35.071+0000] {processor.py:830} INFO - Processing file /home/airflow/.local/lib/python3.8/site-packages/airflow/example_dags/example_trigger_controller_dag.py for tasks to queue
[2025-05-04T23:00:35.072+0000] {logging_mixin.py:188} INFO - [2025-05-04T23:00:35.071+0000] {dagbag.py:538} INFO - Filling up the DagBag from /home/airflow/.local/lib/python3.8/site-packages/airflow/example_dags/example_trigger_controller_dag.py
[2025-05-04T23:00:35.073+0000] {processor.py:840} INFO - DAG(s) 'example_trigger_controller_dag' retrieved from /home/airflow/.local/lib/python3.8/site-packages/airflow/example_dags/example_trigger_controller_dag.py
[2025-05-04T23:00:35.082+0000] {logging_mixin.py:188} INFO - [2025-05-04T23:00:35.082+0000] {dag.py:3033} INFO - Sync 1 DAGs
[2025-05-04T23:00:35.090+0000] {logging_mixin.py:188} INFO - [2025-05-04T23:00:35.090+0000] {dag.py:3820} INFO - Setting next_dagrun for example_trigger_controller_dag to 2021-01-01T00:00:00+00:00, run_after=2021-01-01T00:00:00+00:00
[2025-05-04T23:00:35.097+0000] {processor.py:183} INFO - Processing /home/airflow/.local/lib/python3.8/site-packages/airflow/example_dags/example_trigger_controller_dag.py took 0.028 seconds
[2025-05-04T23:01:05.694+0000] {processor.py:161} INFO - Started process (PID=414) to work on /home/airflow/.local/lib/python3.8/site-packages/airflow/example_dags/example_trigger_controller_dag.py
[2025-05-04T23:01:05.695+0000] {processor.py:830} INFO - Processing file /home/airflow/.local/lib/python3.8/site-packages/airflow/example_dags/example_trigger_controller_dag.py for tasks to queue
[2025-05-04T23:01:05.697+0000] {logging_mixin.py:188} INFO - [2025-05-04T23:01:05.697+0000] {dagbag.py:538} INFO - Filling up the DagBag from /home/airflow/.local/lib/python3.8/site-packages/airflow/example_dags/example_trigger_controller_dag.py
[2025-05-04T23:01:05.700+0000] {processor.py:840} INFO - DAG(s) 'example_trigger_controller_dag' retrieved from /home/airflow/.local/lib/python3.8/site-packages/airflow/example_dags/example_trigger_controller_dag.py
[2025-05-04T23:01:05.712+0000] {logging_mixin.py:188} INFO - [2025-05-04T23:01:05.712+0000] {dag.py:3033} INFO - Sync 1 DAGs
[2025-05-04T23:01:05.724+0000] {logging_mixin.py:188} INFO - [2025-05-04T23:01:05.724+0000] {dag.py:3820} INFO - Setting next_dagrun for example_trigger_controller_dag to 2021-01-01T00:00:00+00:00, run_after=2021-01-01T00:00:00+00:00
[2025-05-04T23:01:05.736+0000] {processor.py:183} INFO - Processing /home/airflow/.local/lib/python3.8/site-packages/airflow/example_dags/example_trigger_controller_dag.py took 0.044 seconds
[2025-05-04T23:01:36.306+0000] {processor.py:161} INFO - Started process (PID=470) to work on /home/airflow/.local/lib/python3.8/site-packages/airflow/example_dags/example_trigger_controller_dag.py
[2025-05-04T23:01:36.306+0000] {processor.py:830} INFO - Processing file /home/airflow/.local/lib/python3.8/site-packages/airflow/example_dags/example_trigger_controller_dag.py for tasks to queue
[2025-05-04T23:01:36.307+0000] {logging_mixin.py:188} INFO - [2025-05-04T23:01:36.307+0000] {dagbag.py:538} INFO - Filling up the DagBag from /home/airflow/.local/lib/python3.8/site-packages/airflow/example_dags/example_trigger_controller_dag.py
[2025-05-04T23:01:36.310+0000] {processor.py:840} INFO - DAG(s) 'example_trigger_controller_dag' retrieved from /home/airflow/.local/lib/python3.8/site-packages/airflow/example_dags/example_trigger_controller_dag.py
[2025-05-04T23:01:36.319+0000] {logging_mixin.py:188} INFO - [2025-05-04T23:01:36.319+0000] {dag.py:3033} INFO - Sync 1 DAGs
[2025-05-04T23:01:36.327+0000] {logging_mixin.py:188} INFO - [2025-05-04T23:01:36.327+0000] {dag.py:3820} INFO - Setting next_dagrun for example_trigger_controller_dag to 2021-01-01T00:00:00+00:00, run_after=2021-01-01T00:00:00+00:00
[2025-05-04T23:01:36.333+0000] {processor.py:183} INFO - Processing /home/airflow/.local/lib/python3.8/site-packages/airflow/example_dags/example_trigger_controller_dag.py took 0.029 seconds
[2025-05-04T23:02:06.821+0000] {processor.py:161} INFO - Started process (PID=526) to work on /home/airflow/.local/lib/python3.8/site-packages/airflow/example_dags/example_trigger_controller_dag.py
[2025-05-04T23:02:06.822+0000] {processor.py:830} INFO - Processing file /home/airflow/.local/lib/python3.8/site-packages/airflow/example_dags/example_trigger_controller_dag.py for tasks to queue
[2025-05-04T23:02:06.823+0000] {logging_mixin.py:188} INFO - [2025-05-04T23:02:06.823+0000] {dagbag.py:538} INFO - Filling up the DagBag from /home/airflow/.local/lib/python3.8/site-packages/airflow/example_dags/example_trigger_controller_dag.py
[2025-05-04T23:02:06.825+0000] {processor.py:840} INFO - DAG(s) 'example_trigger_controller_dag' retrieved from /home/airflow/.local/lib/python3.8/site-packages/airflow/example_dags/example_trigger_controller_dag.py
[2025-05-04T23:02:06.834+0000] {logging_mixin.py:188} INFO - [2025-05-04T23:02:06.834+0000] {dag.py:3033} INFO - Sync 1 DAGs
[2025-05-04T23:02:06.842+0000] {logging_mixin.py:188} INFO - [2025-05-04T23:02:06.842+0000] {dag.py:3820} INFO - Setting next_dagrun for example_trigger_controller_dag to 2021-01-01T00:00:00+00:00, run_after=2021-01-01T00:00:00+00:00
[2025-05-04T23:02:06.849+0000] {processor.py:183} INFO - Processing /home/airflow/.local/lib/python3.8/site-packages/airflow/example_dags/example_trigger_controller_dag.py took 0.029 seconds
[2025-05-04T23:02:37.416+0000] {processor.py:161} INFO - Started process (PID=582) to work on /home/airflow/.local/lib/python3.8/site-packages/airflow/example_dags/example_trigger_controller_dag.py
[2025-05-04T23:02:37.417+0000] {processor.py:830} INFO - Processing file /home/airflow/.local/lib/python3.8/site-packages/airflow/example_dags/example_trigger_controller_dag.py for tasks to queue
[2025-05-04T23:02:37.418+0000] {logging_mixin.py:188} INFO - [2025-05-04T23:02:37.418+0000] {dagbag.py:538} INFO - Filling up the DagBag from /home/airflow/.local/lib/python3.8/site-packages/airflow/example_dags/example_trigger_controller_dag.py
[2025-05-04T23:02:37.421+0000] {processor.py:840} INFO - DAG(s) 'example_trigger_controller_dag' retrieved from /home/airflow/.local/lib/python3.8/site-packages/airflow/example_dags/example_trigger_controller_dag.py
[2025-05-04T23:02:37.442+0000] {logging_mixin.py:188} INFO - [2025-05-04T23:02:37.442+0000] {dag.py:3033} INFO - Sync 1 DAGs
[2025-05-04T23:02:37.459+0000] {logging_mixin.py:188} INFO - [2025-05-04T23:02:37.459+0000] {dag.py:3820} INFO - Setting next_dagrun for example_trigger_controller_dag to 2021-01-01T00:00:00+00:00, run_after=2021-01-01T00:00:00+00:00
[2025-05-04T23:02:37.480+0000] {processor.py:183} INFO - Processing /home/airflow/.local/lib/python3.8/site-packages/airflow/example_dags/example_trigger_controller_dag.py took 0.066 seconds
[2025-05-04T23:03:08.213+0000] {processor.py:161} INFO - Started process (PID=638) to work on /home/airflow/.local/lib/python3.8/site-packages/airflow/example_dags/example_trigger_controller_dag.py
[2025-05-04T23:03:08.214+0000] {processor.py:830} INFO - Processing file /home/airflow/.local/lib/python3.8/site-packages/airflow/example_dags/example_trigger_controller_dag.py for tasks to queue
[2025-05-04T23:03:08.215+0000] {logging_mixin.py:188} INFO - [2025-05-04T23:03:08.215+0000] {dagbag.py:538} INFO - Filling up the DagBag from /home/airflow/.local/lib/python3.8/site-packages/airflow/example_dags/example_trigger_controller_dag.py
[2025-05-04T23:03:08.218+0000] {processor.py:840} INFO - DAG(s) 'example_trigger_controller_dag' retrieved from /home/airflow/.local/lib/python3.8/site-packages/airflow/example_dags/example_trigger_controller_dag.py
[2025-05-04T23:03:08.232+0000] {logging_mixin.py:188} INFO - [2025-05-04T23:03:08.232+0000] {dag.py:3033} INFO - Sync 1 DAGs
[2025-05-04T23:03:08.244+0000] {logging_mixin.py:188} INFO - [2025-05-04T23:03:08.243+0000] {dag.py:3820} INFO - Setting next_dagrun for example_trigger_controller_dag to 2021-01-01T00:00:00+00:00, run_after=2021-01-01T00:00:00+00:00
[2025-05-04T23:03:08.255+0000] {processor.py:183} INFO - Processing /home/airflow/.local/lib/python3.8/site-packages/airflow/example_dags/example_trigger_controller_dag.py took 0.043 seconds
[2025-05-04T23:03:38.780+0000] {processor.py:161} INFO - Started process (PID=694) to work on /home/airflow/.local/lib/python3.8/site-packages/airflow/example_dags/example_trigger_controller_dag.py
[2025-05-04T23:03:38.781+0000] {processor.py:830} INFO - Processing file /home/airflow/.local/lib/python3.8/site-packages/airflow/example_dags/example_trigger_controller_dag.py for tasks to queue
[2025-05-04T23:03:38.782+0000] {logging_mixin.py:188} INFO - [2025-05-04T23:03:38.781+0000] {dagbag.py:538} INFO - Filling up the DagBag from /home/airflow/.local/lib/python3.8/site-packages/airflow/example_dags/example_trigger_controller_dag.py
[2025-05-04T23:03:38.784+0000] {processor.py:840} INFO - DAG(s) 'example_trigger_controller_dag' retrieved from /home/airflow/.local/lib/python3.8/site-packages/airflow/example_dags/example_trigger_controller_dag.py
[2025-05-04T23:03:38.794+0000] {logging_mixin.py:188} INFO - [2025-05-04T23:03:38.794+0000] {dag.py:3033} INFO - Sync 1 DAGs
[2025-05-04T23:03:38.804+0000] {logging_mixin.py:188} INFO - [2025-05-04T23:03:38.804+0000] {dag.py:3820} INFO - Setting next_dagrun for example_trigger_controller_dag to 2021-01-01T00:00:00+00:00, run_after=2021-01-01T00:00:00+00:00
[2025-05-04T23:03:38.813+0000] {processor.py:183} INFO - Processing /home/airflow/.local/lib/python3.8/site-packages/airflow/example_dags/example_trigger_controller_dag.py took 0.034 seconds
[2025-05-04T23:04:28.995+0000] {processor.py:161} INFO - Started process (PID=77) to work on /home/airflow/.local/lib/python3.8/site-packages/airflow/example_dags/example_trigger_controller_dag.py
[2025-05-04T23:04:28.996+0000] {processor.py:830} INFO - Processing file /home/airflow/.local/lib/python3.8/site-packages/airflow/example_dags/example_trigger_controller_dag.py for tasks to queue
[2025-05-04T23:04:28.998+0000] {logging_mixin.py:188} INFO - [2025-05-04T23:04:28.998+0000] {dagbag.py:538} INFO - Filling up the DagBag from /home/airflow/.local/lib/python3.8/site-packages/airflow/example_dags/example_trigger_controller_dag.py
[2025-05-04T23:04:29.004+0000] {processor.py:840} INFO - DAG(s) 'example_trigger_controller_dag' retrieved from /home/airflow/.local/lib/python3.8/site-packages/airflow/example_dags/example_trigger_controller_dag.py
[2025-05-04T23:04:29.017+0000] {logging_mixin.py:188} INFO - [2025-05-04T23:04:29.017+0000] {dag.py:3033} INFO - Sync 1 DAGs
[2025-05-04T23:04:29.038+0000] {logging_mixin.py:188} INFO - [2025-05-04T23:04:29.037+0000] {dag.py:3820} INFO - Setting next_dagrun for example_trigger_controller_dag to 2021-01-01T00:00:00+00:00, run_after=2021-01-01T00:00:00+00:00
[2025-05-04T23:04:29.060+0000] {processor.py:183} INFO - Processing /home/airflow/.local/lib/python3.8/site-packages/airflow/example_dags/example_trigger_controller_dag.py took 0.068 seconds
[2025-05-04T23:04:59.226+0000] {processor.py:161} INFO - Started process (PID=133) to work on /home/airflow/.local/lib/python3.8/site-packages/airflow/example_dags/example_trigger_controller_dag.py
[2025-05-04T23:04:59.227+0000] {processor.py:830} INFO - Processing file /home/airflow/.local/lib/python3.8/site-packages/airflow/example_dags/example_trigger_controller_dag.py for tasks to queue
[2025-05-04T23:04:59.228+0000] {logging_mixin.py:188} INFO - [2025-05-04T23:04:59.228+0000] {dagbag.py:538} INFO - Filling up the DagBag from /home/airflow/.local/lib/python3.8/site-packages/airflow/example_dags/example_trigger_controller_dag.py
[2025-05-04T23:04:59.231+0000] {processor.py:840} INFO - DAG(s) 'example_trigger_controller_dag' retrieved from /home/airflow/.local/lib/python3.8/site-packages/airflow/example_dags/example_trigger_controller_dag.py
[2025-05-04T23:04:59.269+0000] {logging_mixin.py:188} INFO - [2025-05-04T23:04:59.269+0000] {dag.py:3033} INFO - Sync 1 DAGs
[2025-05-04T23:04:59.278+0000] {logging_mixin.py:188} INFO - [2025-05-04T23:04:59.277+0000] {dag.py:3820} INFO - Setting next_dagrun for example_trigger_controller_dag to 2021-01-01T00:00:00+00:00, run_after=2021-01-01T00:00:00+00:00
[2025-05-04T23:04:59.284+0000] {processor.py:183} INFO - Processing /home/airflow/.local/lib/python3.8/site-packages/airflow/example_dags/example_trigger_controller_dag.py took 0.060 seconds
[2025-05-04T23:05:30.200+0000] {processor.py:161} INFO - Started process (PID=189) to work on /home/airflow/.local/lib/python3.8/site-packages/airflow/example_dags/example_trigger_controller_dag.py
[2025-05-04T23:05:30.200+0000] {processor.py:830} INFO - Processing file /home/airflow/.local/lib/python3.8/site-packages/airflow/example_dags/example_trigger_controller_dag.py for tasks to queue
[2025-05-04T23:05:30.202+0000] {logging_mixin.py:188} INFO - [2025-05-04T23:05:30.202+0000] {dagbag.py:538} INFO - Filling up the DagBag from /home/airflow/.local/lib/python3.8/site-packages/airflow/example_dags/example_trigger_controller_dag.py
[2025-05-04T23:05:30.204+0000] {processor.py:840} INFO - DAG(s) 'example_trigger_controller_dag' retrieved from /home/airflow/.local/lib/python3.8/site-packages/airflow/example_dags/example_trigger_controller_dag.py
[2025-05-04T23:05:30.218+0000] {logging_mixin.py:188} INFO - [2025-05-04T23:05:30.218+0000] {dag.py:3033} INFO - Sync 1 DAGs
[2025-05-04T23:05:30.231+0000] {logging_mixin.py:188} INFO - [2025-05-04T23:05:30.231+0000] {dag.py:3820} INFO - Setting next_dagrun for example_trigger_controller_dag to 2021-01-01T00:00:00+00:00, run_after=2021-01-01T00:00:00+00:00
[2025-05-04T23:05:30.247+0000] {processor.py:183} INFO - Processing /home/airflow/.local/lib/python3.8/site-packages/airflow/example_dags/example_trigger_controller_dag.py took 0.049 seconds
[2025-05-04T23:06:31.849+0000] {processor.py:161} INFO - Started process (PID=72) to work on /home/airflow/.local/lib/python3.8/site-packages/airflow/example_dags/example_trigger_controller_dag.py
[2025-05-04T23:06:31.851+0000] {processor.py:830} INFO - Processing file /home/airflow/.local/lib/python3.8/site-packages/airflow/example_dags/example_trigger_controller_dag.py for tasks to queue
[2025-05-04T23:06:31.854+0000] {logging_mixin.py:188} INFO - [2025-05-04T23:06:31.853+0000] {dagbag.py:538} INFO - Filling up the DagBag from /home/airflow/.local/lib/python3.8/site-packages/airflow/example_dags/example_trigger_controller_dag.py
[2025-05-04T23:06:31.857+0000] {processor.py:840} INFO - DAG(s) 'example_trigger_controller_dag' retrieved from /home/airflow/.local/lib/python3.8/site-packages/airflow/example_dags/example_trigger_controller_dag.py
[2025-05-04T23:06:31.870+0000] {logging_mixin.py:188} INFO - [2025-05-04T23:06:31.870+0000] {dag.py:3033} INFO - Sync 1 DAGs
[2025-05-04T23:06:31.888+0000] {logging_mixin.py:188} INFO - [2025-05-04T23:06:31.888+0000] {dag.py:3820} INFO - Setting next_dagrun for example_trigger_controller_dag to 2021-01-01T00:00:00+00:00, run_after=2021-01-01T00:00:00+00:00
[2025-05-04T23:06:31.900+0000] {processor.py:183} INFO - Processing /home/airflow/.local/lib/python3.8/site-packages/airflow/example_dags/example_trigger_controller_dag.py took 0.055 seconds
[2025-05-04T23:07:02.076+0000] {processor.py:161} INFO - Started process (PID=128) to work on /home/airflow/.local/lib/python3.8/site-packages/airflow/example_dags/example_trigger_controller_dag.py
[2025-05-04T23:07:02.079+0000] {processor.py:830} INFO - Processing file /home/airflow/.local/lib/python3.8/site-packages/airflow/example_dags/example_trigger_controller_dag.py for tasks to queue
[2025-05-04T23:07:02.079+0000] {logging_mixin.py:188} INFO - [2025-05-04T23:07:02.079+0000] {dagbag.py:538} INFO - Filling up the DagBag from /home/airflow/.local/lib/python3.8/site-packages/airflow/example_dags/example_trigger_controller_dag.py
[2025-05-04T23:07:02.082+0000] {processor.py:840} INFO - DAG(s) 'example_trigger_controller_dag' retrieved from /home/airflow/.local/lib/python3.8/site-packages/airflow/example_dags/example_trigger_controller_dag.py
[2025-05-04T23:07:02.126+0000] {logging_mixin.py:188} INFO - [2025-05-04T23:07:02.126+0000] {dag.py:3033} INFO - Sync 1 DAGs
[2025-05-04T23:07:02.135+0000] {logging_mixin.py:188} INFO - [2025-05-04T23:07:02.135+0000] {dag.py:3820} INFO - Setting next_dagrun for example_trigger_controller_dag to 2021-01-01T00:00:00+00:00, run_after=2021-01-01T00:00:00+00:00
[2025-05-04T23:07:02.147+0000] {processor.py:183} INFO - Processing /home/airflow/.local/lib/python3.8/site-packages/airflow/example_dags/example_trigger_controller_dag.py took 0.072 seconds
[2025-05-04T23:07:32.987+0000] {processor.py:161} INFO - Started process (PID=190) to work on /home/airflow/.local/lib/python3.8/site-packages/airflow/example_dags/example_trigger_controller_dag.py
[2025-05-04T23:07:32.987+0000] {processor.py:830} INFO - Processing file /home/airflow/.local/lib/python3.8/site-packages/airflow/example_dags/example_trigger_controller_dag.py for tasks to queue
[2025-05-04T23:07:32.988+0000] {logging_mixin.py:188} INFO - [2025-05-04T23:07:32.988+0000] {dagbag.py:538} INFO - Filling up the DagBag from /home/airflow/.local/lib/python3.8/site-packages/airflow/example_dags/example_trigger_controller_dag.py
[2025-05-04T23:07:32.990+0000] {processor.py:840} INFO - DAG(s) 'example_trigger_controller_dag' retrieved from /home/airflow/.local/lib/python3.8/site-packages/airflow/example_dags/example_trigger_controller_dag.py
[2025-05-04T23:07:32.998+0000] {logging_mixin.py:188} INFO - [2025-05-04T23:07:32.998+0000] {dag.py:3033} INFO - Sync 1 DAGs
[2025-05-04T23:07:33.005+0000] {logging_mixin.py:188} INFO - [2025-05-04T23:07:33.005+0000] {dag.py:3820} INFO - Setting next_dagrun for example_trigger_controller_dag to 2021-01-01T00:00:00+00:00, run_after=2021-01-01T00:00:00+00:00
[2025-05-04T23:07:33.011+0000] {processor.py:183} INFO - Processing /home/airflow/.local/lib/python3.8/site-packages/airflow/example_dags/example_trigger_controller_dag.py took 0.026 seconds
[2025-05-04T23:08:03.549+0000] {processor.py:161} INFO - Started process (PID=246) to work on /home/airflow/.local/lib/python3.8/site-packages/airflow/example_dags/example_trigger_controller_dag.py
[2025-05-04T23:08:03.549+0000] {processor.py:830} INFO - Processing file /home/airflow/.local/lib/python3.8/site-packages/airflow/example_dags/example_trigger_controller_dag.py for tasks to queue
[2025-05-04T23:08:03.550+0000] {logging_mixin.py:188} INFO - [2025-05-04T23:08:03.550+0000] {dagbag.py:538} INFO - Filling up the DagBag from /home/airflow/.local/lib/python3.8/site-packages/airflow/example_dags/example_trigger_controller_dag.py
[2025-05-04T23:08:03.553+0000] {processor.py:840} INFO - DAG(s) 'example_trigger_controller_dag' retrieved from /home/airflow/.local/lib/python3.8/site-packages/airflow/example_dags/example_trigger_controller_dag.py
[2025-05-04T23:08:03.569+0000] {logging_mixin.py:188} INFO - [2025-05-04T23:08:03.569+0000] {dag.py:3033} INFO - Sync 1 DAGs
[2025-05-04T23:08:03.581+0000] {logging_mixin.py:188} INFO - [2025-05-04T23:08:03.581+0000] {dag.py:3820} INFO - Setting next_dagrun for example_trigger_controller_dag to 2021-01-01T00:00:00+00:00, run_after=2021-01-01T00:00:00+00:00
[2025-05-04T23:08:03.591+0000] {processor.py:183} INFO - Processing /home/airflow/.local/lib/python3.8/site-packages/airflow/example_dags/example_trigger_controller_dag.py took 0.044 seconds
[2025-05-04T23:08:34.135+0000] {processor.py:161} INFO - Started process (PID=302) to work on /home/airflow/.local/lib/python3.8/site-packages/airflow/example_dags/example_trigger_controller_dag.py
[2025-05-04T23:08:34.136+0000] {processor.py:830} INFO - Processing file /home/airflow/.local/lib/python3.8/site-packages/airflow/example_dags/example_trigger_controller_dag.py for tasks to queue
[2025-05-04T23:08:34.137+0000] {logging_mixin.py:188} INFO - [2025-05-04T23:08:34.137+0000] {dagbag.py:538} INFO - Filling up the DagBag from /home/airflow/.local/lib/python3.8/site-packages/airflow/example_dags/example_trigger_controller_dag.py
[2025-05-04T23:08:34.139+0000] {processor.py:840} INFO - DAG(s) 'example_trigger_controller_dag' retrieved from /home/airflow/.local/lib/python3.8/site-packages/airflow/example_dags/example_trigger_controller_dag.py
[2025-05-04T23:08:34.150+0000] {logging_mixin.py:188} INFO - [2025-05-04T23:08:34.150+0000] {dag.py:3033} INFO - Sync 1 DAGs
[2025-05-04T23:08:34.159+0000] {logging_mixin.py:188} INFO - [2025-05-04T23:08:34.159+0000] {dag.py:3820} INFO - Setting next_dagrun for example_trigger_controller_dag to 2021-01-01T00:00:00+00:00, run_after=2021-01-01T00:00:00+00:00
[2025-05-04T23:08:34.174+0000] {processor.py:183} INFO - Processing /home/airflow/.local/lib/python3.8/site-packages/airflow/example_dags/example_trigger_controller_dag.py took 0.040 seconds
[2025-05-04T23:09:04.862+0000] {processor.py:161} INFO - Started process (PID=357) to work on /home/airflow/.local/lib/python3.8/site-packages/airflow/example_dags/example_trigger_controller_dag.py
[2025-05-04T23:09:04.863+0000] {processor.py:830} INFO - Processing file /home/airflow/.local/lib/python3.8/site-packages/airflow/example_dags/example_trigger_controller_dag.py for tasks to queue
[2025-05-04T23:09:04.864+0000] {logging_mixin.py:188} INFO - [2025-05-04T23:09:04.864+0000] {dagbag.py:538} INFO - Filling up the DagBag from /home/airflow/.local/lib/python3.8/site-packages/airflow/example_dags/example_trigger_controller_dag.py
[2025-05-04T23:09:04.867+0000] {processor.py:840} INFO - DAG(s) 'example_trigger_controller_dag' retrieved from /home/airflow/.local/lib/python3.8/site-packages/airflow/example_dags/example_trigger_controller_dag.py
[2025-05-04T23:09:04.875+0000] {logging_mixin.py:188} INFO - [2025-05-04T23:09:04.875+0000] {dag.py:3033} INFO - Sync 1 DAGs
[2025-05-04T23:09:04.884+0000] {logging_mixin.py:188} INFO - [2025-05-04T23:09:04.884+0000] {dag.py:3820} INFO - Setting next_dagrun for example_trigger_controller_dag to 2021-01-01T00:00:00+00:00, run_after=2021-01-01T00:00:00+00:00
[2025-05-04T23:09:04.893+0000] {processor.py:183} INFO - Processing /home/airflow/.local/lib/python3.8/site-packages/airflow/example_dags/example_trigger_controller_dag.py took 0.033 seconds
[2025-05-04T23:09:34.981+0000] {processor.py:161} INFO - Started process (PID=413) to work on /home/airflow/.local/lib/python3.8/site-packages/airflow/example_dags/example_trigger_controller_dag.py
[2025-05-04T23:09:34.982+0000] {processor.py:830} INFO - Processing file /home/airflow/.local/lib/python3.8/site-packages/airflow/example_dags/example_trigger_controller_dag.py for tasks to queue
[2025-05-04T23:09:34.983+0000] {logging_mixin.py:188} INFO - [2025-05-04T23:09:34.982+0000] {dagbag.py:538} INFO - Filling up the DagBag from /home/airflow/.local/lib/python3.8/site-packages/airflow/example_dags/example_trigger_controller_dag.py
[2025-05-04T23:09:34.985+0000] {processor.py:840} INFO - DAG(s) 'example_trigger_controller_dag' retrieved from /home/airflow/.local/lib/python3.8/site-packages/airflow/example_dags/example_trigger_controller_dag.py
[2025-05-04T23:09:34.997+0000] {logging_mixin.py:188} INFO - [2025-05-04T23:09:34.997+0000] {dag.py:3033} INFO - Sync 1 DAGs
[2025-05-04T23:09:35.007+0000] {logging_mixin.py:188} INFO - [2025-05-04T23:09:35.007+0000] {dag.py:3820} INFO - Setting next_dagrun for example_trigger_controller_dag to 2021-01-01T00:00:00+00:00, run_after=2021-01-01T00:00:00+00:00
[2025-05-04T23:09:35.015+0000] {processor.py:183} INFO - Processing /home/airflow/.local/lib/python3.8/site-packages/airflow/example_dags/example_trigger_controller_dag.py took 0.036 seconds
[2025-05-04T23:10:05.750+0000] {processor.py:161} INFO - Started process (PID=469) to work on /home/airflow/.local/lib/python3.8/site-packages/airflow/example_dags/example_trigger_controller_dag.py
[2025-05-04T23:10:05.753+0000] {processor.py:830} INFO - Processing file /home/airflow/.local/lib/python3.8/site-packages/airflow/example_dags/example_trigger_controller_dag.py for tasks to queue
[2025-05-04T23:10:05.754+0000] {logging_mixin.py:188} INFO - [2025-05-04T23:10:05.754+0000] {dagbag.py:538} INFO - Filling up the DagBag from /home/airflow/.local/lib/python3.8/site-packages/airflow/example_dags/example_trigger_controller_dag.py
[2025-05-04T23:10:05.756+0000] {processor.py:840} INFO - DAG(s) 'example_trigger_controller_dag' retrieved from /home/airflow/.local/lib/python3.8/site-packages/airflow/example_dags/example_trigger_controller_dag.py
[2025-05-04T23:10:05.766+0000] {logging_mixin.py:188} INFO - [2025-05-04T23:10:05.766+0000] {dag.py:3033} INFO - Sync 1 DAGs
[2025-05-04T23:10:05.776+0000] {logging_mixin.py:188} INFO - [2025-05-04T23:10:05.776+0000] {dag.py:3820} INFO - Setting next_dagrun for example_trigger_controller_dag to 2021-01-01T00:00:00+00:00, run_after=2021-01-01T00:00:00+00:00
[2025-05-04T23:10:05.783+0000] {processor.py:183} INFO - Processing /home/airflow/.local/lib/python3.8/site-packages/airflow/example_dags/example_trigger_controller_dag.py took 0.034 seconds
[2025-05-04T23:10:36.425+0000] {processor.py:161} INFO - Started process (PID=525) to work on /home/airflow/.local/lib/python3.8/site-packages/airflow/example_dags/example_trigger_controller_dag.py
[2025-05-04T23:10:36.425+0000] {processor.py:830} INFO - Processing file /home/airflow/.local/lib/python3.8/site-packages/airflow/example_dags/example_trigger_controller_dag.py for tasks to queue
[2025-05-04T23:10:36.426+0000] {logging_mixin.py:188} INFO - [2025-05-04T23:10:36.426+0000] {dagbag.py:538} INFO - Filling up the DagBag from /home/airflow/.local/lib/python3.8/site-packages/airflow/example_dags/example_trigger_controller_dag.py
[2025-05-04T23:10:36.429+0000] {processor.py:840} INFO - DAG(s) 'example_trigger_controller_dag' retrieved from /home/airflow/.local/lib/python3.8/site-packages/airflow/example_dags/example_trigger_controller_dag.py
[2025-05-04T23:10:36.444+0000] {logging_mixin.py:188} INFO - [2025-05-04T23:10:36.444+0000] {dag.py:3033} INFO - Sync 1 DAGs
[2025-05-04T23:10:36.458+0000] {logging_mixin.py:188} INFO - [2025-05-04T23:10:36.458+0000] {dag.py:3820} INFO - Setting next_dagrun for example_trigger_controller_dag to 2021-01-01T00:00:00+00:00, run_after=2021-01-01T00:00:00+00:00
[2025-05-04T23:10:36.470+0000] {processor.py:183} INFO - Processing /home/airflow/.local/lib/python3.8/site-packages/airflow/example_dags/example_trigger_controller_dag.py took 0.047 seconds
[2025-05-04T23:11:07.156+0000] {processor.py:161} INFO - Started process (PID=581) to work on /home/airflow/.local/lib/python3.8/site-packages/airflow/example_dags/example_trigger_controller_dag.py
[2025-05-04T23:11:07.156+0000] {processor.py:830} INFO - Processing file /home/airflow/.local/lib/python3.8/site-packages/airflow/example_dags/example_trigger_controller_dag.py for tasks to queue
[2025-05-04T23:11:07.157+0000] {logging_mixin.py:188} INFO - [2025-05-04T23:11:07.157+0000] {dagbag.py:538} INFO - Filling up the DagBag from /home/airflow/.local/lib/python3.8/site-packages/airflow/example_dags/example_trigger_controller_dag.py
[2025-05-04T23:11:07.159+0000] {processor.py:840} INFO - DAG(s) 'example_trigger_controller_dag' retrieved from /home/airflow/.local/lib/python3.8/site-packages/airflow/example_dags/example_trigger_controller_dag.py
[2025-05-04T23:11:07.168+0000] {logging_mixin.py:188} INFO - [2025-05-04T23:11:07.168+0000] {dag.py:3033} INFO - Sync 1 DAGs
[2025-05-04T23:11:07.176+0000] {logging_mixin.py:188} INFO - [2025-05-04T23:11:07.176+0000] {dag.py:3820} INFO - Setting next_dagrun for example_trigger_controller_dag to 2021-01-01T00:00:00+00:00, run_after=2021-01-01T00:00:00+00:00
[2025-05-04T23:11:07.183+0000] {processor.py:183} INFO - Processing /home/airflow/.local/lib/python3.8/site-packages/airflow/example_dags/example_trigger_controller_dag.py took 0.029 seconds
[2025-05-04T23:11:37.749+0000] {processor.py:161} INFO - Started process (PID=637) to work on /home/airflow/.local/lib/python3.8/site-packages/airflow/example_dags/example_trigger_controller_dag.py
[2025-05-04T23:11:37.753+0000] {processor.py:830} INFO - Processing file /home/airflow/.local/lib/python3.8/site-packages/airflow/example_dags/example_trigger_controller_dag.py for tasks to queue
[2025-05-04T23:11:37.753+0000] {logging_mixin.py:188} INFO - [2025-05-04T23:11:37.753+0000] {dagbag.py:538} INFO - Filling up the DagBag from /home/airflow/.local/lib/python3.8/site-packages/airflow/example_dags/example_trigger_controller_dag.py
[2025-05-04T23:11:37.756+0000] {processor.py:840} INFO - DAG(s) 'example_trigger_controller_dag' retrieved from /home/airflow/.local/lib/python3.8/site-packages/airflow/example_dags/example_trigger_controller_dag.py
[2025-05-04T23:11:37.766+0000] {logging_mixin.py:188} INFO - [2025-05-04T23:11:37.766+0000] {dag.py:3033} INFO - Sync 1 DAGs
[2025-05-04T23:11:37.778+0000] {logging_mixin.py:188} INFO - [2025-05-04T23:11:37.777+0000] {dag.py:3820} INFO - Setting next_dagrun for example_trigger_controller_dag to 2021-01-01T00:00:00+00:00, run_after=2021-01-01T00:00:00+00:00
[2025-05-04T23:11:37.785+0000] {processor.py:183} INFO - Processing /home/airflow/.local/lib/python3.8/site-packages/airflow/example_dags/example_trigger_controller_dag.py took 0.038 seconds
[2025-05-04T23:12:08.386+0000] {processor.py:161} INFO - Started process (PID=693) to work on /home/airflow/.local/lib/python3.8/site-packages/airflow/example_dags/example_trigger_controller_dag.py
[2025-05-04T23:12:08.386+0000] {processor.py:830} INFO - Processing file /home/airflow/.local/lib/python3.8/site-packages/airflow/example_dags/example_trigger_controller_dag.py for tasks to queue
[2025-05-04T23:12:08.387+0000] {logging_mixin.py:188} INFO - [2025-05-04T23:12:08.387+0000] {dagbag.py:538} INFO - Filling up the DagBag from /home/airflow/.local/lib/python3.8/site-packages/airflow/example_dags/example_trigger_controller_dag.py
[2025-05-04T23:12:08.389+0000] {processor.py:840} INFO - DAG(s) 'example_trigger_controller_dag' retrieved from /home/airflow/.local/lib/python3.8/site-packages/airflow/example_dags/example_trigger_controller_dag.py
[2025-05-04T23:12:08.399+0000] {logging_mixin.py:188} INFO - [2025-05-04T23:12:08.399+0000] {dag.py:3033} INFO - Sync 1 DAGs
[2025-05-04T23:12:08.410+0000] {logging_mixin.py:188} INFO - [2025-05-04T23:12:08.410+0000] {dag.py:3820} INFO - Setting next_dagrun for example_trigger_controller_dag to 2021-01-01T00:00:00+00:00, run_after=2021-01-01T00:00:00+00:00
[2025-05-04T23:12:08.419+0000] {processor.py:183} INFO - Processing /home/airflow/.local/lib/python3.8/site-packages/airflow/example_dags/example_trigger_controller_dag.py took 0.035 seconds
[2025-05-04T23:12:39.046+0000] {processor.py:161} INFO - Started process (PID=749) to work on /home/airflow/.local/lib/python3.8/site-packages/airflow/example_dags/example_trigger_controller_dag.py
[2025-05-04T23:12:39.047+0000] {processor.py:830} INFO - Processing file /home/airflow/.local/lib/python3.8/site-packages/airflow/example_dags/example_trigger_controller_dag.py for tasks to queue
[2025-05-04T23:12:39.048+0000] {logging_mixin.py:188} INFO - [2025-05-04T23:12:39.048+0000] {dagbag.py:538} INFO - Filling up the DagBag from /home/airflow/.local/lib/python3.8/site-packages/airflow/example_dags/example_trigger_controller_dag.py
[2025-05-04T23:12:39.050+0000] {processor.py:840} INFO - DAG(s) 'example_trigger_controller_dag' retrieved from /home/airflow/.local/lib/python3.8/site-packages/airflow/example_dags/example_trigger_controller_dag.py
[2025-05-04T23:12:39.060+0000] {logging_mixin.py:188} INFO - [2025-05-04T23:12:39.060+0000] {dag.py:3033} INFO - Sync 1 DAGs
[2025-05-04T23:12:39.068+0000] {logging_mixin.py:188} INFO - [2025-05-04T23:12:39.068+0000] {dag.py:3820} INFO - Setting next_dagrun for example_trigger_controller_dag to 2021-01-01T00:00:00+00:00, run_after=2021-01-01T00:00:00+00:00
[2025-05-04T23:12:39.077+0000] {processor.py:183} INFO - Processing /home/airflow/.local/lib/python3.8/site-packages/airflow/example_dags/example_trigger_controller_dag.py took 0.032 seconds
[2025-05-04T23:13:09.711+0000] {processor.py:161} INFO - Started process (PID=805) to work on /home/airflow/.local/lib/python3.8/site-packages/airflow/example_dags/example_trigger_controller_dag.py
[2025-05-04T23:13:09.712+0000] {processor.py:830} INFO - Processing file /home/airflow/.local/lib/python3.8/site-packages/airflow/example_dags/example_trigger_controller_dag.py for tasks to queue
[2025-05-04T23:13:09.714+0000] {logging_mixin.py:188} INFO - [2025-05-04T23:13:09.714+0000] {dagbag.py:538} INFO - Filling up the DagBag from /home/airflow/.local/lib/python3.8/site-packages/airflow/example_dags/example_trigger_controller_dag.py
[2025-05-04T23:13:09.716+0000] {processor.py:840} INFO - DAG(s) 'example_trigger_controller_dag' retrieved from /home/airflow/.local/lib/python3.8/site-packages/airflow/example_dags/example_trigger_controller_dag.py
[2025-05-04T23:13:09.725+0000] {logging_mixin.py:188} INFO - [2025-05-04T23:13:09.725+0000] {dag.py:3033} INFO - Sync 1 DAGs
[2025-05-04T23:13:09.737+0000] {logging_mixin.py:188} INFO - [2025-05-04T23:13:09.737+0000] {dag.py:3820} INFO - Setting next_dagrun for example_trigger_controller_dag to 2021-01-01T00:00:00+00:00, run_after=2021-01-01T00:00:00+00:00
[2025-05-04T23:13:09.746+0000] {processor.py:183} INFO - Processing /home/airflow/.local/lib/python3.8/site-packages/airflow/example_dags/example_trigger_controller_dag.py took 0.036 seconds
[2025-05-04T23:13:40.373+0000] {processor.py:161} INFO - Started process (PID=861) to work on /home/airflow/.local/lib/python3.8/site-packages/airflow/example_dags/example_trigger_controller_dag.py
[2025-05-04T23:13:40.373+0000] {processor.py:830} INFO - Processing file /home/airflow/.local/lib/python3.8/site-packages/airflow/example_dags/example_trigger_controller_dag.py for tasks to queue
[2025-05-04T23:13:40.374+0000] {logging_mixin.py:188} INFO - [2025-05-04T23:13:40.374+0000] {dagbag.py:538} INFO - Filling up the DagBag from /home/airflow/.local/lib/python3.8/site-packages/airflow/example_dags/example_trigger_controller_dag.py
[2025-05-04T23:13:40.377+0000] {processor.py:840} INFO - DAG(s) 'example_trigger_controller_dag' retrieved from /home/airflow/.local/lib/python3.8/site-packages/airflow/example_dags/example_trigger_controller_dag.py
[2025-05-04T23:13:40.386+0000] {logging_mixin.py:188} INFO - [2025-05-04T23:13:40.386+0000] {dag.py:3033} INFO - Sync 1 DAGs
[2025-05-04T23:13:40.399+0000] {logging_mixin.py:188} INFO - [2025-05-04T23:13:40.399+0000] {dag.py:3820} INFO - Setting next_dagrun for example_trigger_controller_dag to 2021-01-01T00:00:00+00:00, run_after=2021-01-01T00:00:00+00:00
[2025-05-04T23:13:40.413+0000] {processor.py:183} INFO - Processing /home/airflow/.local/lib/python3.8/site-packages/airflow/example_dags/example_trigger_controller_dag.py took 0.042 seconds
[2025-05-04T23:14:11.038+0000] {processor.py:161} INFO - Started process (PID=917) to work on /home/airflow/.local/lib/python3.8/site-packages/airflow/example_dags/example_trigger_controller_dag.py
[2025-05-04T23:14:11.040+0000] {processor.py:830} INFO - Processing file /home/airflow/.local/lib/python3.8/site-packages/airflow/example_dags/example_trigger_controller_dag.py for tasks to queue
[2025-05-04T23:14:11.041+0000] {logging_mixin.py:188} INFO - [2025-05-04T23:14:11.041+0000] {dagbag.py:538} INFO - Filling up the DagBag from /home/airflow/.local/lib/python3.8/site-packages/airflow/example_dags/example_trigger_controller_dag.py
[2025-05-04T23:14:11.043+0000] {processor.py:840} INFO - DAG(s) 'example_trigger_controller_dag' retrieved from /home/airflow/.local/lib/python3.8/site-packages/airflow/example_dags/example_trigger_controller_dag.py
[2025-05-04T23:14:11.061+0000] {logging_mixin.py:188} INFO - [2025-05-04T23:14:11.061+0000] {dag.py:3033} INFO - Sync 1 DAGs
[2025-05-04T23:14:11.124+0000] {logging_mixin.py:188} INFO - [2025-05-04T23:14:11.124+0000] {dag.py:3820} INFO - Setting next_dagrun for example_trigger_controller_dag to 2021-01-01T00:00:00+00:00, run_after=2021-01-01T00:00:00+00:00
[2025-05-04T23:14:11.140+0000] {processor.py:183} INFO - Processing /home/airflow/.local/lib/python3.8/site-packages/airflow/example_dags/example_trigger_controller_dag.py took 0.103 seconds
[2025-05-04T23:14:42.025+0000] {processor.py:161} INFO - Started process (PID=973) to work on /home/airflow/.local/lib/python3.8/site-packages/airflow/example_dags/example_trigger_controller_dag.py
[2025-05-04T23:14:42.027+0000] {processor.py:830} INFO - Processing file /home/airflow/.local/lib/python3.8/site-packages/airflow/example_dags/example_trigger_controller_dag.py for tasks to queue
[2025-05-04T23:14:42.030+0000] {logging_mixin.py:188} INFO - [2025-05-04T23:14:42.029+0000] {dagbag.py:538} INFO - Filling up the DagBag from /home/airflow/.local/lib/python3.8/site-packages/airflow/example_dags/example_trigger_controller_dag.py
[2025-05-04T23:14:42.032+0000] {processor.py:840} INFO - DAG(s) 'example_trigger_controller_dag' retrieved from /home/airflow/.local/lib/python3.8/site-packages/airflow/example_dags/example_trigger_controller_dag.py
[2025-05-04T23:14:42.043+0000] {logging_mixin.py:188} INFO - [2025-05-04T23:14:42.043+0000] {dag.py:3033} INFO - Sync 1 DAGs
[2025-05-04T23:14:42.057+0000] {logging_mixin.py:188} INFO - [2025-05-04T23:14:42.057+0000] {dag.py:3820} INFO - Setting next_dagrun for example_trigger_controller_dag to 2021-01-01T00:00:00+00:00, run_after=2021-01-01T00:00:00+00:00
[2025-05-04T23:14:42.064+0000] {processor.py:183} INFO - Processing /home/airflow/.local/lib/python3.8/site-packages/airflow/example_dags/example_trigger_controller_dag.py took 0.041 seconds
[2025-05-04T23:15:12.189+0000] {processor.py:161} INFO - Started process (PID=1029) to work on /home/airflow/.local/lib/python3.8/site-packages/airflow/example_dags/example_trigger_controller_dag.py
[2025-05-04T23:15:12.190+0000] {processor.py:830} INFO - Processing file /home/airflow/.local/lib/python3.8/site-packages/airflow/example_dags/example_trigger_controller_dag.py for tasks to queue
[2025-05-04T23:15:12.191+0000] {logging_mixin.py:188} INFO - [2025-05-04T23:15:12.190+0000] {dagbag.py:538} INFO - Filling up the DagBag from /home/airflow/.local/lib/python3.8/site-packages/airflow/example_dags/example_trigger_controller_dag.py
[2025-05-04T23:15:12.193+0000] {processor.py:840} INFO - DAG(s) 'example_trigger_controller_dag' retrieved from /home/airflow/.local/lib/python3.8/site-packages/airflow/example_dags/example_trigger_controller_dag.py
[2025-05-04T23:15:12.204+0000] {logging_mixin.py:188} INFO - [2025-05-04T23:15:12.204+0000] {dag.py:3033} INFO - Sync 1 DAGs
[2025-05-04T23:15:12.213+0000] {logging_mixin.py:188} INFO - [2025-05-04T23:15:12.212+0000] {dag.py:3820} INFO - Setting next_dagrun for example_trigger_controller_dag to 2021-01-01T00:00:00+00:00, run_after=2021-01-01T00:00:00+00:00
[2025-05-04T23:15:12.225+0000] {processor.py:183} INFO - Processing /home/airflow/.local/lib/python3.8/site-packages/airflow/example_dags/example_trigger_controller_dag.py took 0.037 seconds
[2025-05-04T23:15:42.731+0000] {processor.py:161} INFO - Started process (PID=1085) to work on /home/airflow/.local/lib/python3.8/site-packages/airflow/example_dags/example_trigger_controller_dag.py
[2025-05-04T23:15:42.732+0000] {processor.py:830} INFO - Processing file /home/airflow/.local/lib/python3.8/site-packages/airflow/example_dags/example_trigger_controller_dag.py for tasks to queue
[2025-05-04T23:15:42.733+0000] {logging_mixin.py:188} INFO - [2025-05-04T23:15:42.733+0000] {dagbag.py:538} INFO - Filling up the DagBag from /home/airflow/.local/lib/python3.8/site-packages/airflow/example_dags/example_trigger_controller_dag.py
[2025-05-04T23:15:42.736+0000] {processor.py:840} INFO - DAG(s) 'example_trigger_controller_dag' retrieved from /home/airflow/.local/lib/python3.8/site-packages/airflow/example_dags/example_trigger_controller_dag.py
[2025-05-04T23:15:42.745+0000] {logging_mixin.py:188} INFO - [2025-05-04T23:15:42.745+0000] {dag.py:3033} INFO - Sync 1 DAGs
[2025-05-04T23:15:42.755+0000] {logging_mixin.py:188} INFO - [2025-05-04T23:15:42.755+0000] {dag.py:3820} INFO - Setting next_dagrun for example_trigger_controller_dag to 2021-01-01T00:00:00+00:00, run_after=2021-01-01T00:00:00+00:00
[2025-05-04T23:15:42.770+0000] {processor.py:183} INFO - Processing /home/airflow/.local/lib/python3.8/site-packages/airflow/example_dags/example_trigger_controller_dag.py took 0.040 seconds
[2025-05-04T23:18:32.036+0000] {processor.py:161} INFO - Started process (PID=72) to work on /home/airflow/.local/lib/python3.8/site-packages/airflow/example_dags/example_trigger_controller_dag.py
[2025-05-04T23:18:32.040+0000] {processor.py:830} INFO - Processing file /home/airflow/.local/lib/python3.8/site-packages/airflow/example_dags/example_trigger_controller_dag.py for tasks to queue
[2025-05-04T23:18:32.041+0000] {logging_mixin.py:188} INFO - [2025-05-04T23:18:32.041+0000] {dagbag.py:538} INFO - Filling up the DagBag from /home/airflow/.local/lib/python3.8/site-packages/airflow/example_dags/example_trigger_controller_dag.py
[2025-05-04T23:18:32.044+0000] {processor.py:840} INFO - DAG(s) 'example_trigger_controller_dag' retrieved from /home/airflow/.local/lib/python3.8/site-packages/airflow/example_dags/example_trigger_controller_dag.py
[2025-05-04T23:18:32.052+0000] {logging_mixin.py:188} INFO - [2025-05-04T23:18:32.051+0000] {dag.py:3033} INFO - Sync 1 DAGs
[2025-05-04T23:18:32.066+0000] {logging_mixin.py:188} INFO - [2025-05-04T23:18:32.066+0000] {dag.py:3820} INFO - Setting next_dagrun for example_trigger_controller_dag to 2021-01-01T00:00:00+00:00, run_after=2021-01-01T00:00:00+00:00
[2025-05-04T23:18:32.083+0000] {processor.py:183} INFO - Processing /home/airflow/.local/lib/python3.8/site-packages/airflow/example_dags/example_trigger_controller_dag.py took 0.049 seconds
[2025-05-04T23:19:02.319+0000] {processor.py:161} INFO - Started process (PID=128) to work on /home/airflow/.local/lib/python3.8/site-packages/airflow/example_dags/example_trigger_controller_dag.py
[2025-05-04T23:19:02.321+0000] {processor.py:830} INFO - Processing file /home/airflow/.local/lib/python3.8/site-packages/airflow/example_dags/example_trigger_controller_dag.py for tasks to queue
[2025-05-04T23:19:02.322+0000] {logging_mixin.py:188} INFO - [2025-05-04T23:19:02.322+0000] {dagbag.py:538} INFO - Filling up the DagBag from /home/airflow/.local/lib/python3.8/site-packages/airflow/example_dags/example_trigger_controller_dag.py
[2025-05-04T23:19:02.325+0000] {processor.py:840} INFO - DAG(s) 'example_trigger_controller_dag' retrieved from /home/airflow/.local/lib/python3.8/site-packages/airflow/example_dags/example_trigger_controller_dag.py
[2025-05-04T23:19:02.383+0000] {logging_mixin.py:188} INFO - [2025-05-04T23:19:02.382+0000] {dag.py:3033} INFO - Sync 1 DAGs
[2025-05-04T23:19:02.394+0000] {logging_mixin.py:188} INFO - [2025-05-04T23:19:02.393+0000] {dag.py:3820} INFO - Setting next_dagrun for example_trigger_controller_dag to 2021-01-01T00:00:00+00:00, run_after=2021-01-01T00:00:00+00:00
[2025-05-04T23:19:02.401+0000] {processor.py:183} INFO - Processing /home/airflow/.local/lib/python3.8/site-packages/airflow/example_dags/example_trigger_controller_dag.py took 0.084 seconds
[2025-05-04T23:19:32.459+0000] {processor.py:161} INFO - Started process (PID=184) to work on /home/airflow/.local/lib/python3.8/site-packages/airflow/example_dags/example_trigger_controller_dag.py
[2025-05-04T23:19:32.460+0000] {processor.py:830} INFO - Processing file /home/airflow/.local/lib/python3.8/site-packages/airflow/example_dags/example_trigger_controller_dag.py for tasks to queue
[2025-05-04T23:19:32.461+0000] {logging_mixin.py:188} INFO - [2025-05-04T23:19:32.461+0000] {dagbag.py:538} INFO - Filling up the DagBag from /home/airflow/.local/lib/python3.8/site-packages/airflow/example_dags/example_trigger_controller_dag.py
[2025-05-04T23:19:32.463+0000] {processor.py:840} INFO - DAG(s) 'example_trigger_controller_dag' retrieved from /home/airflow/.local/lib/python3.8/site-packages/airflow/example_dags/example_trigger_controller_dag.py
[2025-05-04T23:19:32.472+0000] {logging_mixin.py:188} INFO - [2025-05-04T23:19:32.472+0000] {dag.py:3033} INFO - Sync 1 DAGs
[2025-05-04T23:19:32.481+0000] {logging_mixin.py:188} INFO - [2025-05-04T23:19:32.481+0000] {dag.py:3820} INFO - Setting next_dagrun for example_trigger_controller_dag to 2021-01-01T00:00:00+00:00, run_after=2021-01-01T00:00:00+00:00
[2025-05-04T23:19:32.497+0000] {processor.py:183} INFO - Processing /home/airflow/.local/lib/python3.8/site-packages/airflow/example_dags/example_trigger_controller_dag.py took 0.040 seconds
[2025-05-04T23:20:03.096+0000] {processor.py:161} INFO - Started process (PID=240) to work on /home/airflow/.local/lib/python3.8/site-packages/airflow/example_dags/example_trigger_controller_dag.py
[2025-05-04T23:20:03.097+0000] {processor.py:830} INFO - Processing file /home/airflow/.local/lib/python3.8/site-packages/airflow/example_dags/example_trigger_controller_dag.py for tasks to queue
[2025-05-04T23:20:03.099+0000] {logging_mixin.py:188} INFO - [2025-05-04T23:20:03.099+0000] {dagbag.py:538} INFO - Filling up the DagBag from /home/airflow/.local/lib/python3.8/site-packages/airflow/example_dags/example_trigger_controller_dag.py
[2025-05-04T23:20:03.101+0000] {processor.py:840} INFO - DAG(s) 'example_trigger_controller_dag' retrieved from /home/airflow/.local/lib/python3.8/site-packages/airflow/example_dags/example_trigger_controller_dag.py
[2025-05-04T23:20:03.111+0000] {logging_mixin.py:188} INFO - [2025-05-04T23:20:03.111+0000] {dag.py:3033} INFO - Sync 1 DAGs
[2025-05-04T23:20:03.122+0000] {logging_mixin.py:188} INFO - [2025-05-04T23:20:03.122+0000] {dag.py:3820} INFO - Setting next_dagrun for example_trigger_controller_dag to 2021-01-01T00:00:00+00:00, run_after=2021-01-01T00:00:00+00:00
[2025-05-04T23:20:03.134+0000] {processor.py:183} INFO - Processing /home/airflow/.local/lib/python3.8/site-packages/airflow/example_dags/example_trigger_controller_dag.py took 0.039 seconds
[2025-05-04T23:20:33.965+0000] {processor.py:161} INFO - Started process (PID=295) to work on /home/airflow/.local/lib/python3.8/site-packages/airflow/example_dags/example_trigger_controller_dag.py
[2025-05-04T23:20:33.967+0000] {processor.py:830} INFO - Processing file /home/airflow/.local/lib/python3.8/site-packages/airflow/example_dags/example_trigger_controller_dag.py for tasks to queue
[2025-05-04T23:20:33.968+0000] {logging_mixin.py:188} INFO - [2025-05-04T23:20:33.968+0000] {dagbag.py:538} INFO - Filling up the DagBag from /home/airflow/.local/lib/python3.8/site-packages/airflow/example_dags/example_trigger_controller_dag.py
[2025-05-04T23:20:33.970+0000] {processor.py:840} INFO - DAG(s) 'example_trigger_controller_dag' retrieved from /home/airflow/.local/lib/python3.8/site-packages/airflow/example_dags/example_trigger_controller_dag.py
[2025-05-04T23:20:33.978+0000] {logging_mixin.py:188} INFO - [2025-05-04T23:20:33.978+0000] {dag.py:3033} INFO - Sync 1 DAGs
[2025-05-04T23:20:33.990+0000] {logging_mixin.py:188} INFO - [2025-05-04T23:20:33.990+0000] {dag.py:3820} INFO - Setting next_dagrun for example_trigger_controller_dag to 2021-01-01T00:00:00+00:00, run_after=2021-01-01T00:00:00+00:00
[2025-05-04T23:20:34.001+0000] {processor.py:183} INFO - Processing /home/airflow/.local/lib/python3.8/site-packages/airflow/example_dags/example_trigger_controller_dag.py took 0.038 seconds
[2025-05-04T23:21:04.103+0000] {processor.py:161} INFO - Started process (PID=351) to work on /home/airflow/.local/lib/python3.8/site-packages/airflow/example_dags/example_trigger_controller_dag.py
[2025-05-04T23:21:04.105+0000] {processor.py:830} INFO - Processing file /home/airflow/.local/lib/python3.8/site-packages/airflow/example_dags/example_trigger_controller_dag.py for tasks to queue
[2025-05-04T23:21:04.106+0000] {logging_mixin.py:188} INFO - [2025-05-04T23:21:04.106+0000] {dagbag.py:538} INFO - Filling up the DagBag from /home/airflow/.local/lib/python3.8/site-packages/airflow/example_dags/example_trigger_controller_dag.py
[2025-05-04T23:21:04.108+0000] {processor.py:840} INFO - DAG(s) 'example_trigger_controller_dag' retrieved from /home/airflow/.local/lib/python3.8/site-packages/airflow/example_dags/example_trigger_controller_dag.py
[2025-05-04T23:21:04.125+0000] {logging_mixin.py:188} INFO - [2025-05-04T23:21:04.125+0000] {dag.py:3033} INFO - Sync 1 DAGs
[2025-05-04T23:21:04.134+0000] {logging_mixin.py:188} INFO - [2025-05-04T23:21:04.134+0000] {dag.py:3820} INFO - Setting next_dagrun for example_trigger_controller_dag to 2021-01-01T00:00:00+00:00, run_after=2021-01-01T00:00:00+00:00
[2025-05-04T23:21:04.143+0000] {processor.py:183} INFO - Processing /home/airflow/.local/lib/python3.8/site-packages/airflow/example_dags/example_trigger_controller_dag.py took 0.041 seconds
[2025-05-04T23:21:34.745+0000] {processor.py:161} INFO - Started process (PID=407) to work on /home/airflow/.local/lib/python3.8/site-packages/airflow/example_dags/example_trigger_controller_dag.py
[2025-05-04T23:21:34.746+0000] {processor.py:830} INFO - Processing file /home/airflow/.local/lib/python3.8/site-packages/airflow/example_dags/example_trigger_controller_dag.py for tasks to queue
[2025-05-04T23:21:34.749+0000] {logging_mixin.py:188} INFO - [2025-05-04T23:21:34.749+0000] {dagbag.py:538} INFO - Filling up the DagBag from /home/airflow/.local/lib/python3.8/site-packages/airflow/example_dags/example_trigger_controller_dag.py
[2025-05-04T23:21:34.751+0000] {processor.py:840} INFO - DAG(s) 'example_trigger_controller_dag' retrieved from /home/airflow/.local/lib/python3.8/site-packages/airflow/example_dags/example_trigger_controller_dag.py
[2025-05-04T23:21:34.761+0000] {logging_mixin.py:188} INFO - [2025-05-04T23:21:34.761+0000] {dag.py:3033} INFO - Sync 1 DAGs
[2025-05-04T23:21:34.771+0000] {logging_mixin.py:188} INFO - [2025-05-04T23:21:34.771+0000] {dag.py:3820} INFO - Setting next_dagrun for example_trigger_controller_dag to 2021-01-01T00:00:00+00:00, run_after=2021-01-01T00:00:00+00:00
[2025-05-04T23:21:34.782+0000] {processor.py:183} INFO - Processing /home/airflow/.local/lib/python3.8/site-packages/airflow/example_dags/example_trigger_controller_dag.py took 0.038 seconds
[2025-05-04T23:22:05.435+0000] {processor.py:161} INFO - Started process (PID=463) to work on /home/airflow/.local/lib/python3.8/site-packages/airflow/example_dags/example_trigger_controller_dag.py
[2025-05-04T23:22:05.437+0000] {processor.py:830} INFO - Processing file /home/airflow/.local/lib/python3.8/site-packages/airflow/example_dags/example_trigger_controller_dag.py for tasks to queue
[2025-05-04T23:22:05.438+0000] {logging_mixin.py:188} INFO - [2025-05-04T23:22:05.438+0000] {dagbag.py:538} INFO - Filling up the DagBag from /home/airflow/.local/lib/python3.8/site-packages/airflow/example_dags/example_trigger_controller_dag.py
[2025-05-04T23:22:05.440+0000] {processor.py:840} INFO - DAG(s) 'example_trigger_controller_dag' retrieved from /home/airflow/.local/lib/python3.8/site-packages/airflow/example_dags/example_trigger_controller_dag.py
[2025-05-04T23:22:05.452+0000] {logging_mixin.py:188} INFO - [2025-05-04T23:22:05.452+0000] {dag.py:3033} INFO - Sync 1 DAGs
[2025-05-04T23:22:05.464+0000] {logging_mixin.py:188} INFO - [2025-05-04T23:22:05.464+0000] {dag.py:3820} INFO - Setting next_dagrun for example_trigger_controller_dag to 2021-01-01T00:00:00+00:00, run_after=2021-01-01T00:00:00+00:00
[2025-05-04T23:22:05.472+0000] {processor.py:183} INFO - Processing /home/airflow/.local/lib/python3.8/site-packages/airflow/example_dags/example_trigger_controller_dag.py took 0.039 seconds
[2025-05-04T23:22:36.011+0000] {processor.py:161} INFO - Started process (PID=519) to work on /home/airflow/.local/lib/python3.8/site-packages/airflow/example_dags/example_trigger_controller_dag.py
[2025-05-04T23:22:36.012+0000] {processor.py:830} INFO - Processing file /home/airflow/.local/lib/python3.8/site-packages/airflow/example_dags/example_trigger_controller_dag.py for tasks to queue
[2025-05-04T23:22:36.014+0000] {logging_mixin.py:188} INFO - [2025-05-04T23:22:36.014+0000] {dagbag.py:538} INFO - Filling up the DagBag from /home/airflow/.local/lib/python3.8/site-packages/airflow/example_dags/example_trigger_controller_dag.py
[2025-05-04T23:22:36.016+0000] {processor.py:840} INFO - DAG(s) 'example_trigger_controller_dag' retrieved from /home/airflow/.local/lib/python3.8/site-packages/airflow/example_dags/example_trigger_controller_dag.py
[2025-05-04T23:22:36.024+0000] {logging_mixin.py:188} INFO - [2025-05-04T23:22:36.024+0000] {dag.py:3033} INFO - Sync 1 DAGs
[2025-05-04T23:22:36.034+0000] {logging_mixin.py:188} INFO - [2025-05-04T23:22:36.034+0000] {dag.py:3820} INFO - Setting next_dagrun for example_trigger_controller_dag to 2021-01-01T00:00:00+00:00, run_after=2021-01-01T00:00:00+00:00
[2025-05-04T23:22:36.045+0000] {processor.py:183} INFO - Processing /home/airflow/.local/lib/python3.8/site-packages/airflow/example_dags/example_trigger_controller_dag.py took 0.037 seconds
[2025-05-04T23:23:06.543+0000] {processor.py:161} INFO - Started process (PID=575) to work on /home/airflow/.local/lib/python3.8/site-packages/airflow/example_dags/example_trigger_controller_dag.py
[2025-05-04T23:23:06.544+0000] {processor.py:830} INFO - Processing file /home/airflow/.local/lib/python3.8/site-packages/airflow/example_dags/example_trigger_controller_dag.py for tasks to queue
[2025-05-04T23:23:06.545+0000] {logging_mixin.py:188} INFO - [2025-05-04T23:23:06.545+0000] {dagbag.py:538} INFO - Filling up the DagBag from /home/airflow/.local/lib/python3.8/site-packages/airflow/example_dags/example_trigger_controller_dag.py
[2025-05-04T23:23:06.547+0000] {processor.py:840} INFO - DAG(s) 'example_trigger_controller_dag' retrieved from /home/airflow/.local/lib/python3.8/site-packages/airflow/example_dags/example_trigger_controller_dag.py
[2025-05-04T23:23:06.558+0000] {logging_mixin.py:188} INFO - [2025-05-04T23:23:06.558+0000] {dag.py:3033} INFO - Sync 1 DAGs
[2025-05-04T23:23:06.569+0000] {logging_mixin.py:188} INFO - [2025-05-04T23:23:06.568+0000] {dag.py:3820} INFO - Setting next_dagrun for example_trigger_controller_dag to 2021-01-01T00:00:00+00:00, run_after=2021-01-01T00:00:00+00:00
[2025-05-04T23:23:06.579+0000] {processor.py:183} INFO - Processing /home/airflow/.local/lib/python3.8/site-packages/airflow/example_dags/example_trigger_controller_dag.py took 0.037 seconds
[2025-05-04T23:24:31.251+0000] {processor.py:161} INFO - Started process (PID=72) to work on /home/airflow/.local/lib/python3.8/site-packages/airflow/example_dags/example_trigger_controller_dag.py
[2025-05-04T23:24:31.253+0000] {processor.py:830} INFO - Processing file /home/airflow/.local/lib/python3.8/site-packages/airflow/example_dags/example_trigger_controller_dag.py for tasks to queue
[2025-05-04T23:24:31.256+0000] {logging_mixin.py:188} INFO - [2025-05-04T23:24:31.255+0000] {dagbag.py:538} INFO - Filling up the DagBag from /home/airflow/.local/lib/python3.8/site-packages/airflow/example_dags/example_trigger_controller_dag.py
[2025-05-04T23:24:31.260+0000] {processor.py:840} INFO - DAG(s) 'example_trigger_controller_dag' retrieved from /home/airflow/.local/lib/python3.8/site-packages/airflow/example_dags/example_trigger_controller_dag.py
[2025-05-04T23:24:31.270+0000] {logging_mixin.py:188} INFO - [2025-05-04T23:24:31.270+0000] {dag.py:3033} INFO - Sync 1 DAGs
[2025-05-04T23:24:31.281+0000] {logging_mixin.py:188} INFO - [2025-05-04T23:24:31.281+0000] {dag.py:3820} INFO - Setting next_dagrun for example_trigger_controller_dag to 2021-01-01T00:00:00+00:00, run_after=2021-01-01T00:00:00+00:00
[2025-05-04T23:24:31.289+0000] {processor.py:183} INFO - Processing /home/airflow/.local/lib/python3.8/site-packages/airflow/example_dags/example_trigger_controller_dag.py took 0.042 seconds
[2025-05-04T23:25:01.849+0000] {processor.py:161} INFO - Started process (PID=128) to work on /home/airflow/.local/lib/python3.8/site-packages/airflow/example_dags/example_trigger_controller_dag.py
[2025-05-04T23:25:01.852+0000] {processor.py:830} INFO - Processing file /home/airflow/.local/lib/python3.8/site-packages/airflow/example_dags/example_trigger_controller_dag.py for tasks to queue
[2025-05-04T23:25:01.853+0000] {logging_mixin.py:188} INFO - [2025-05-04T23:25:01.853+0000] {dagbag.py:538} INFO - Filling up the DagBag from /home/airflow/.local/lib/python3.8/site-packages/airflow/example_dags/example_trigger_controller_dag.py
[2025-05-04T23:25:01.855+0000] {processor.py:840} INFO - DAG(s) 'example_trigger_controller_dag' retrieved from /home/airflow/.local/lib/python3.8/site-packages/airflow/example_dags/example_trigger_controller_dag.py
[2025-05-04T23:25:01.919+0000] {logging_mixin.py:188} INFO - [2025-05-04T23:25:01.919+0000] {dag.py:3033} INFO - Sync 1 DAGs
[2025-05-04T23:25:01.928+0000] {logging_mixin.py:188} INFO - [2025-05-04T23:25:01.928+0000] {dag.py:3820} INFO - Setting next_dagrun for example_trigger_controller_dag to 2021-01-01T00:00:00+00:00, run_after=2021-01-01T00:00:00+00:00
[2025-05-04T23:25:01.943+0000] {processor.py:183} INFO - Processing /home/airflow/.local/lib/python3.8/site-packages/airflow/example_dags/example_trigger_controller_dag.py took 0.096 seconds
[2025-05-04T23:25:32.757+0000] {processor.py:161} INFO - Started process (PID=183) to work on /home/airflow/.local/lib/python3.8/site-packages/airflow/example_dags/example_trigger_controller_dag.py
[2025-05-04T23:25:32.758+0000] {processor.py:830} INFO - Processing file /home/airflow/.local/lib/python3.8/site-packages/airflow/example_dags/example_trigger_controller_dag.py for tasks to queue
[2025-05-04T23:25:32.758+0000] {logging_mixin.py:188} INFO - [2025-05-04T23:25:32.758+0000] {dagbag.py:538} INFO - Filling up the DagBag from /home/airflow/.local/lib/python3.8/site-packages/airflow/example_dags/example_trigger_controller_dag.py
[2025-05-04T23:25:32.761+0000] {processor.py:840} INFO - DAG(s) 'example_trigger_controller_dag' retrieved from /home/airflow/.local/lib/python3.8/site-packages/airflow/example_dags/example_trigger_controller_dag.py
[2025-05-04T23:25:32.773+0000] {logging_mixin.py:188} INFO - [2025-05-04T23:25:32.773+0000] {dag.py:3033} INFO - Sync 1 DAGs
[2025-05-04T23:25:32.787+0000] {logging_mixin.py:188} INFO - [2025-05-04T23:25:32.787+0000] {dag.py:3820} INFO - Setting next_dagrun for example_trigger_controller_dag to 2021-01-01T00:00:00+00:00, run_after=2021-01-01T00:00:00+00:00
[2025-05-04T23:25:32.805+0000] {processor.py:183} INFO - Processing /home/airflow/.local/lib/python3.8/site-packages/airflow/example_dags/example_trigger_controller_dag.py took 0.049 seconds
[2025-05-04T23:26:03.574+0000] {processor.py:161} INFO - Started process (PID=239) to work on /home/airflow/.local/lib/python3.8/site-packages/airflow/example_dags/example_trigger_controller_dag.py
[2025-05-04T23:26:03.575+0000] {processor.py:830} INFO - Processing file /home/airflow/.local/lib/python3.8/site-packages/airflow/example_dags/example_trigger_controller_dag.py for tasks to queue
[2025-05-04T23:26:03.577+0000] {logging_mixin.py:188} INFO - [2025-05-04T23:26:03.577+0000] {dagbag.py:538} INFO - Filling up the DagBag from /home/airflow/.local/lib/python3.8/site-packages/airflow/example_dags/example_trigger_controller_dag.py
[2025-05-04T23:26:03.580+0000] {processor.py:840} INFO - DAG(s) 'example_trigger_controller_dag' retrieved from /home/airflow/.local/lib/python3.8/site-packages/airflow/example_dags/example_trigger_controller_dag.py
[2025-05-04T23:26:03.591+0000] {logging_mixin.py:188} INFO - [2025-05-04T23:26:03.591+0000] {dag.py:3033} INFO - Sync 1 DAGs
[2025-05-04T23:26:03.603+0000] {logging_mixin.py:188} INFO - [2025-05-04T23:26:03.603+0000] {dag.py:3820} INFO - Setting next_dagrun for example_trigger_controller_dag to 2021-01-01T00:00:00+00:00, run_after=2021-01-01T00:00:00+00:00
[2025-05-04T23:26:03.615+0000] {processor.py:183} INFO - Processing /home/airflow/.local/lib/python3.8/site-packages/airflow/example_dags/example_trigger_controller_dag.py took 0.043 seconds
[2025-05-04T23:26:34.335+0000] {processor.py:161} INFO - Started process (PID=295) to work on /home/airflow/.local/lib/python3.8/site-packages/airflow/example_dags/example_trigger_controller_dag.py
[2025-05-04T23:26:34.337+0000] {processor.py:830} INFO - Processing file /home/airflow/.local/lib/python3.8/site-packages/airflow/example_dags/example_trigger_controller_dag.py for tasks to queue
[2025-05-04T23:26:34.339+0000] {logging_mixin.py:188} INFO - [2025-05-04T23:26:34.338+0000] {dagbag.py:538} INFO - Filling up the DagBag from /home/airflow/.local/lib/python3.8/site-packages/airflow/example_dags/example_trigger_controller_dag.py
[2025-05-04T23:26:34.341+0000] {processor.py:840} INFO - DAG(s) 'example_trigger_controller_dag' retrieved from /home/airflow/.local/lib/python3.8/site-packages/airflow/example_dags/example_trigger_controller_dag.py
[2025-05-04T23:26:34.356+0000] {logging_mixin.py:188} INFO - [2025-05-04T23:26:34.356+0000] {dag.py:3033} INFO - Sync 1 DAGs
[2025-05-04T23:26:34.366+0000] {logging_mixin.py:188} INFO - [2025-05-04T23:26:34.366+0000] {dag.py:3820} INFO - Setting next_dagrun for example_trigger_controller_dag to 2021-01-01T00:00:00+00:00, run_after=2021-01-01T00:00:00+00:00
[2025-05-04T23:26:34.380+0000] {processor.py:183} INFO - Processing /home/airflow/.local/lib/python3.8/site-packages/airflow/example_dags/example_trigger_controller_dag.py took 0.046 seconds
[2025-05-04T23:27:05.086+0000] {processor.py:161} INFO - Started process (PID=357) to work on /home/airflow/.local/lib/python3.8/site-packages/airflow/example_dags/example_trigger_controller_dag.py
[2025-05-04T23:27:05.087+0000] {processor.py:830} INFO - Processing file /home/airflow/.local/lib/python3.8/site-packages/airflow/example_dags/example_trigger_controller_dag.py for tasks to queue
[2025-05-04T23:27:05.088+0000] {logging_mixin.py:188} INFO - [2025-05-04T23:27:05.088+0000] {dagbag.py:538} INFO - Filling up the DagBag from /home/airflow/.local/lib/python3.8/site-packages/airflow/example_dags/example_trigger_controller_dag.py
[2025-05-04T23:27:05.091+0000] {processor.py:840} INFO - DAG(s) 'example_trigger_controller_dag' retrieved from /home/airflow/.local/lib/python3.8/site-packages/airflow/example_dags/example_trigger_controller_dag.py
[2025-05-04T23:27:05.106+0000] {logging_mixin.py:188} INFO - [2025-05-04T23:27:05.106+0000] {dag.py:3033} INFO - Sync 1 DAGs
[2025-05-04T23:27:05.117+0000] {logging_mixin.py:188} INFO - [2025-05-04T23:27:05.117+0000] {dag.py:3820} INFO - Setting next_dagrun for example_trigger_controller_dag to 2021-01-01T00:00:00+00:00, run_after=2021-01-01T00:00:00+00:00
[2025-05-04T23:27:05.136+0000] {processor.py:183} INFO - Processing /home/airflow/.local/lib/python3.8/site-packages/airflow/example_dags/example_trigger_controller_dag.py took 0.052 seconds
[2025-05-04T23:27:35.719+0000] {processor.py:161} INFO - Started process (PID=413) to work on /home/airflow/.local/lib/python3.8/site-packages/airflow/example_dags/example_trigger_controller_dag.py
[2025-05-04T23:27:35.720+0000] {processor.py:830} INFO - Processing file /home/airflow/.local/lib/python3.8/site-packages/airflow/example_dags/example_trigger_controller_dag.py for tasks to queue
[2025-05-04T23:27:35.721+0000] {logging_mixin.py:188} INFO - [2025-05-04T23:27:35.721+0000] {dagbag.py:538} INFO - Filling up the DagBag from /home/airflow/.local/lib/python3.8/site-packages/airflow/example_dags/example_trigger_controller_dag.py
[2025-05-04T23:27:35.723+0000] {processor.py:840} INFO - DAG(s) 'example_trigger_controller_dag' retrieved from /home/airflow/.local/lib/python3.8/site-packages/airflow/example_dags/example_trigger_controller_dag.py
[2025-05-04T23:27:35.732+0000] {logging_mixin.py:188} INFO - [2025-05-04T23:27:35.732+0000] {dag.py:3033} INFO - Sync 1 DAGs
[2025-05-04T23:27:35.741+0000] {logging_mixin.py:188} INFO - [2025-05-04T23:27:35.741+0000] {dag.py:3820} INFO - Setting next_dagrun for example_trigger_controller_dag to 2021-01-01T00:00:00+00:00, run_after=2021-01-01T00:00:00+00:00
[2025-05-04T23:27:35.747+0000] {processor.py:183} INFO - Processing /home/airflow/.local/lib/python3.8/site-packages/airflow/example_dags/example_trigger_controller_dag.py took 0.030 seconds
[2025-05-04T23:28:24.568+0000] {processor.py:161} INFO - Started process (PID=72) to work on /home/airflow/.local/lib/python3.8/site-packages/airflow/example_dags/example_trigger_controller_dag.py
[2025-05-04T23:28:24.570+0000] {processor.py:830} INFO - Processing file /home/airflow/.local/lib/python3.8/site-packages/airflow/example_dags/example_trigger_controller_dag.py for tasks to queue
[2025-05-04T23:28:24.572+0000] {logging_mixin.py:188} INFO - [2025-05-04T23:28:24.572+0000] {dagbag.py:538} INFO - Filling up the DagBag from /home/airflow/.local/lib/python3.8/site-packages/airflow/example_dags/example_trigger_controller_dag.py
[2025-05-04T23:28:24.574+0000] {processor.py:840} INFO - DAG(s) 'example_trigger_controller_dag' retrieved from /home/airflow/.local/lib/python3.8/site-packages/airflow/example_dags/example_trigger_controller_dag.py
[2025-05-04T23:28:24.587+0000] {logging_mixin.py:188} INFO - [2025-05-04T23:28:24.587+0000] {dag.py:3033} INFO - Sync 1 DAGs
[2025-05-04T23:28:24.604+0000] {logging_mixin.py:188} INFO - [2025-05-04T23:28:24.604+0000] {dag.py:3820} INFO - Setting next_dagrun for example_trigger_controller_dag to 2021-01-01T00:00:00+00:00, run_after=2021-01-01T00:00:00+00:00
[2025-05-04T23:28:24.616+0000] {processor.py:183} INFO - Processing /home/airflow/.local/lib/python3.8/site-packages/airflow/example_dags/example_trigger_controller_dag.py took 0.050 seconds
[2025-05-04T23:28:55.717+0000] {processor.py:161} INFO - Started process (PID=128) to work on /home/airflow/.local/lib/python3.8/site-packages/airflow/example_dags/example_trigger_controller_dag.py
[2025-05-04T23:28:55.719+0000] {processor.py:830} INFO - Processing file /home/airflow/.local/lib/python3.8/site-packages/airflow/example_dags/example_trigger_controller_dag.py for tasks to queue
[2025-05-04T23:28:55.720+0000] {logging_mixin.py:188} INFO - [2025-05-04T23:28:55.720+0000] {dagbag.py:538} INFO - Filling up the DagBag from /home/airflow/.local/lib/python3.8/site-packages/airflow/example_dags/example_trigger_controller_dag.py
[2025-05-04T23:28:55.723+0000] {processor.py:840} INFO - DAG(s) 'example_trigger_controller_dag' retrieved from /home/airflow/.local/lib/python3.8/site-packages/airflow/example_dags/example_trigger_controller_dag.py
[2025-05-04T23:28:55.770+0000] {logging_mixin.py:188} INFO - [2025-05-04T23:28:55.770+0000] {dag.py:3033} INFO - Sync 1 DAGs
[2025-05-04T23:28:55.778+0000] {logging_mixin.py:188} INFO - [2025-05-04T23:28:55.778+0000] {dag.py:3820} INFO - Setting next_dagrun for example_trigger_controller_dag to 2021-01-01T00:00:00+00:00, run_after=2021-01-01T00:00:00+00:00
[2025-05-04T23:28:55.786+0000] {processor.py:183} INFO - Processing /home/airflow/.local/lib/python3.8/site-packages/airflow/example_dags/example_trigger_controller_dag.py took 0.070 seconds
[2025-05-04T23:29:26.819+0000] {processor.py:161} INFO - Started process (PID=184) to work on /home/airflow/.local/lib/python3.8/site-packages/airflow/example_dags/example_trigger_controller_dag.py
[2025-05-04T23:29:26.824+0000] {processor.py:830} INFO - Processing file /home/airflow/.local/lib/python3.8/site-packages/airflow/example_dags/example_trigger_controller_dag.py for tasks to queue
[2025-05-04T23:29:26.830+0000] {logging_mixin.py:188} INFO - [2025-05-04T23:29:26.829+0000] {dagbag.py:538} INFO - Filling up the DagBag from /home/airflow/.local/lib/python3.8/site-packages/airflow/example_dags/example_trigger_controller_dag.py
[2025-05-04T23:29:26.833+0000] {processor.py:840} INFO - DAG(s) 'example_trigger_controller_dag' retrieved from /home/airflow/.local/lib/python3.8/site-packages/airflow/example_dags/example_trigger_controller_dag.py
[2025-05-04T23:29:26.848+0000] {logging_mixin.py:188} INFO - [2025-05-04T23:29:26.848+0000] {dag.py:3033} INFO - Sync 1 DAGs
[2025-05-04T23:29:26.859+0000] {logging_mixin.py:188} INFO - [2025-05-04T23:29:26.859+0000] {dag.py:3820} INFO - Setting next_dagrun for example_trigger_controller_dag to 2021-01-01T00:00:00+00:00, run_after=2021-01-01T00:00:00+00:00
[2025-05-04T23:29:26.868+0000] {processor.py:183} INFO - Processing /home/airflow/.local/lib/python3.8/site-packages/airflow/example_dags/example_trigger_controller_dag.py took 0.054 seconds
[2025-05-04T23:29:57.526+0000] {processor.py:161} INFO - Started process (PID=240) to work on /home/airflow/.local/lib/python3.8/site-packages/airflow/example_dags/example_trigger_controller_dag.py
[2025-05-04T23:29:57.529+0000] {processor.py:830} INFO - Processing file /home/airflow/.local/lib/python3.8/site-packages/airflow/example_dags/example_trigger_controller_dag.py for tasks to queue
[2025-05-04T23:29:57.530+0000] {logging_mixin.py:188} INFO - [2025-05-04T23:29:57.530+0000] {dagbag.py:538} INFO - Filling up the DagBag from /home/airflow/.local/lib/python3.8/site-packages/airflow/example_dags/example_trigger_controller_dag.py
[2025-05-04T23:29:57.533+0000] {processor.py:840} INFO - DAG(s) 'example_trigger_controller_dag' retrieved from /home/airflow/.local/lib/python3.8/site-packages/airflow/example_dags/example_trigger_controller_dag.py
[2025-05-04T23:29:57.548+0000] {logging_mixin.py:188} INFO - [2025-05-04T23:29:57.548+0000] {dag.py:3033} INFO - Sync 1 DAGs
[2025-05-04T23:29:57.561+0000] {logging_mixin.py:188} INFO - [2025-05-04T23:29:57.560+0000] {dag.py:3820} INFO - Setting next_dagrun for example_trigger_controller_dag to 2021-01-01T00:00:00+00:00, run_after=2021-01-01T00:00:00+00:00
[2025-05-04T23:29:57.573+0000] {processor.py:183} INFO - Processing /home/airflow/.local/lib/python3.8/site-packages/airflow/example_dags/example_trigger_controller_dag.py took 0.050 seconds
[2025-05-04T23:30:28.304+0000] {processor.py:161} INFO - Started process (PID=302) to work on /home/airflow/.local/lib/python3.8/site-packages/airflow/example_dags/example_trigger_controller_dag.py
[2025-05-04T23:30:28.307+0000] {processor.py:830} INFO - Processing file /home/airflow/.local/lib/python3.8/site-packages/airflow/example_dags/example_trigger_controller_dag.py for tasks to queue
[2025-05-04T23:30:28.309+0000] {logging_mixin.py:188} INFO - [2025-05-04T23:30:28.309+0000] {dagbag.py:538} INFO - Filling up the DagBag from /home/airflow/.local/lib/python3.8/site-packages/airflow/example_dags/example_trigger_controller_dag.py
[2025-05-04T23:30:28.312+0000] {processor.py:840} INFO - DAG(s) 'example_trigger_controller_dag' retrieved from /home/airflow/.local/lib/python3.8/site-packages/airflow/example_dags/example_trigger_controller_dag.py
[2025-05-04T23:30:28.331+0000] {logging_mixin.py:188} INFO - [2025-05-04T23:30:28.331+0000] {dag.py:3033} INFO - Sync 1 DAGs
[2025-05-04T23:30:28.344+0000] {logging_mixin.py:188} INFO - [2025-05-04T23:30:28.344+0000] {dag.py:3820} INFO - Setting next_dagrun for example_trigger_controller_dag to 2021-01-01T00:00:00+00:00, run_after=2021-01-01T00:00:00+00:00
[2025-05-04T23:30:28.352+0000] {processor.py:183} INFO - Processing /home/airflow/.local/lib/python3.8/site-packages/airflow/example_dags/example_trigger_controller_dag.py took 0.051 seconds
[2025-05-04T23:30:58.858+0000] {processor.py:161} INFO - Started process (PID=357) to work on /home/airflow/.local/lib/python3.8/site-packages/airflow/example_dags/example_trigger_controller_dag.py
[2025-05-04T23:30:58.859+0000] {processor.py:830} INFO - Processing file /home/airflow/.local/lib/python3.8/site-packages/airflow/example_dags/example_trigger_controller_dag.py for tasks to queue
[2025-05-04T23:30:58.860+0000] {logging_mixin.py:188} INFO - [2025-05-04T23:30:58.860+0000] {dagbag.py:538} INFO - Filling up the DagBag from /home/airflow/.local/lib/python3.8/site-packages/airflow/example_dags/example_trigger_controller_dag.py
[2025-05-04T23:30:58.863+0000] {processor.py:840} INFO - DAG(s) 'example_trigger_controller_dag' retrieved from /home/airflow/.local/lib/python3.8/site-packages/airflow/example_dags/example_trigger_controller_dag.py
[2025-05-04T23:30:58.875+0000] {logging_mixin.py:188} INFO - [2025-05-04T23:30:58.875+0000] {dag.py:3033} INFO - Sync 1 DAGs
[2025-05-04T23:30:58.886+0000] {logging_mixin.py:188} INFO - [2025-05-04T23:30:58.886+0000] {dag.py:3820} INFO - Setting next_dagrun for example_trigger_controller_dag to 2021-01-01T00:00:00+00:00, run_after=2021-01-01T00:00:00+00:00
[2025-05-04T23:30:58.899+0000] {processor.py:183} INFO - Processing /home/airflow/.local/lib/python3.8/site-packages/airflow/example_dags/example_trigger_controller_dag.py took 0.043 seconds
[2025-05-04T23:31:29.549+0000] {processor.py:161} INFO - Started process (PID=413) to work on /home/airflow/.local/lib/python3.8/site-packages/airflow/example_dags/example_trigger_controller_dag.py
[2025-05-04T23:31:29.552+0000] {processor.py:830} INFO - Processing file /home/airflow/.local/lib/python3.8/site-packages/airflow/example_dags/example_trigger_controller_dag.py for tasks to queue
[2025-05-04T23:31:29.555+0000] {logging_mixin.py:188} INFO - [2025-05-04T23:31:29.555+0000] {dagbag.py:538} INFO - Filling up the DagBag from /home/airflow/.local/lib/python3.8/site-packages/airflow/example_dags/example_trigger_controller_dag.py
[2025-05-04T23:31:29.564+0000] {processor.py:840} INFO - DAG(s) 'example_trigger_controller_dag' retrieved from /home/airflow/.local/lib/python3.8/site-packages/airflow/example_dags/example_trigger_controller_dag.py
[2025-05-04T23:31:29.582+0000] {logging_mixin.py:188} INFO - [2025-05-04T23:31:29.582+0000] {dag.py:3033} INFO - Sync 1 DAGs
[2025-05-04T23:31:29.593+0000] {logging_mixin.py:188} INFO - [2025-05-04T23:31:29.593+0000] {dag.py:3820} INFO - Setting next_dagrun for example_trigger_controller_dag to 2021-01-01T00:00:00+00:00, run_after=2021-01-01T00:00:00+00:00
[2025-05-04T23:31:29.603+0000] {processor.py:183} INFO - Processing /home/airflow/.local/lib/python3.8/site-packages/airflow/example_dags/example_trigger_controller_dag.py took 0.061 seconds
[2025-05-04T23:32:00.266+0000] {processor.py:161} INFO - Started process (PID=469) to work on /home/airflow/.local/lib/python3.8/site-packages/airflow/example_dags/example_trigger_controller_dag.py
[2025-05-04T23:32:00.268+0000] {processor.py:830} INFO - Processing file /home/airflow/.local/lib/python3.8/site-packages/airflow/example_dags/example_trigger_controller_dag.py for tasks to queue
[2025-05-04T23:32:00.270+0000] {logging_mixin.py:188} INFO - [2025-05-04T23:32:00.270+0000] {dagbag.py:538} INFO - Filling up the DagBag from /home/airflow/.local/lib/python3.8/site-packages/airflow/example_dags/example_trigger_controller_dag.py
[2025-05-04T23:32:00.274+0000] {processor.py:840} INFO - DAG(s) 'example_trigger_controller_dag' retrieved from /home/airflow/.local/lib/python3.8/site-packages/airflow/example_dags/example_trigger_controller_dag.py
[2025-05-04T23:32:00.294+0000] {logging_mixin.py:188} INFO - [2025-05-04T23:32:00.294+0000] {dag.py:3033} INFO - Sync 1 DAGs
[2025-05-04T23:32:00.306+0000] {logging_mixin.py:188} INFO - [2025-05-04T23:32:00.305+0000] {dag.py:3820} INFO - Setting next_dagrun for example_trigger_controller_dag to 2021-01-01T00:00:00+00:00, run_after=2021-01-01T00:00:00+00:00
[2025-05-04T23:32:00.315+0000] {processor.py:183} INFO - Processing /home/airflow/.local/lib/python3.8/site-packages/airflow/example_dags/example_trigger_controller_dag.py took 0.055 seconds
[2025-05-04T23:32:30.960+0000] {processor.py:161} INFO - Started process (PID=525) to work on /home/airflow/.local/lib/python3.8/site-packages/airflow/example_dags/example_trigger_controller_dag.py
[2025-05-04T23:32:30.962+0000] {processor.py:830} INFO - Processing file /home/airflow/.local/lib/python3.8/site-packages/airflow/example_dags/example_trigger_controller_dag.py for tasks to queue
[2025-05-04T23:32:30.965+0000] {logging_mixin.py:188} INFO - [2025-05-04T23:32:30.964+0000] {dagbag.py:538} INFO - Filling up the DagBag from /home/airflow/.local/lib/python3.8/site-packages/airflow/example_dags/example_trigger_controller_dag.py
[2025-05-04T23:32:30.970+0000] {processor.py:840} INFO - DAG(s) 'example_trigger_controller_dag' retrieved from /home/airflow/.local/lib/python3.8/site-packages/airflow/example_dags/example_trigger_controller_dag.py
[2025-05-04T23:32:30.987+0000] {logging_mixin.py:188} INFO - [2025-05-04T23:32:30.987+0000] {dag.py:3033} INFO - Sync 1 DAGs
[2025-05-04T23:32:31.000+0000] {logging_mixin.py:188} INFO - [2025-05-04T23:32:31.000+0000] {dag.py:3820} INFO - Setting next_dagrun for example_trigger_controller_dag to 2021-01-01T00:00:00+00:00, run_after=2021-01-01T00:00:00+00:00
[2025-05-04T23:32:31.013+0000] {processor.py:183} INFO - Processing /home/airflow/.local/lib/python3.8/site-packages/airflow/example_dags/example_trigger_controller_dag.py took 0.058 seconds
[2025-05-04T23:47:23.024+0000] {processor.py:161} INFO - Started process (PID=72) to work on /home/airflow/.local/lib/python3.8/site-packages/airflow/example_dags/example_trigger_controller_dag.py
[2025-05-04T23:47:23.025+0000] {processor.py:830} INFO - Processing file /home/airflow/.local/lib/python3.8/site-packages/airflow/example_dags/example_trigger_controller_dag.py for tasks to queue
[2025-05-04T23:47:23.026+0000] {logging_mixin.py:188} INFO - [2025-05-04T23:47:23.026+0000] {dagbag.py:538} INFO - Filling up the DagBag from /home/airflow/.local/lib/python3.8/site-packages/airflow/example_dags/example_trigger_controller_dag.py
[2025-05-04T23:47:23.029+0000] {processor.py:840} INFO - DAG(s) 'example_trigger_controller_dag' retrieved from /home/airflow/.local/lib/python3.8/site-packages/airflow/example_dags/example_trigger_controller_dag.py
[2025-05-04T23:47:23.035+0000] {logging_mixin.py:188} INFO - [2025-05-04T23:47:23.035+0000] {dag.py:3033} INFO - Sync 1 DAGs
[2025-05-04T23:47:23.049+0000] {logging_mixin.py:188} INFO - [2025-05-04T23:47:23.049+0000] {dag.py:3820} INFO - Setting next_dagrun for example_trigger_controller_dag to 2021-01-01T00:00:00+00:00, run_after=2021-01-01T00:00:00+00:00
[2025-05-04T23:47:23.074+0000] {processor.py:183} INFO - Processing /home/airflow/.local/lib/python3.8/site-packages/airflow/example_dags/example_trigger_controller_dag.py took 0.052 seconds
[2025-05-04T23:47:53.149+0000] {processor.py:161} INFO - Started process (PID=128) to work on /home/airflow/.local/lib/python3.8/site-packages/airflow/example_dags/example_trigger_controller_dag.py
[2025-05-04T23:47:53.150+0000] {processor.py:830} INFO - Processing file /home/airflow/.local/lib/python3.8/site-packages/airflow/example_dags/example_trigger_controller_dag.py for tasks to queue
[2025-05-04T23:47:53.151+0000] {logging_mixin.py:188} INFO - [2025-05-04T23:47:53.151+0000] {dagbag.py:538} INFO - Filling up the DagBag from /home/airflow/.local/lib/python3.8/site-packages/airflow/example_dags/example_trigger_controller_dag.py
[2025-05-04T23:47:53.156+0000] {processor.py:840} INFO - DAG(s) 'example_trigger_controller_dag' retrieved from /home/airflow/.local/lib/python3.8/site-packages/airflow/example_dags/example_trigger_controller_dag.py
[2025-05-04T23:47:53.201+0000] {logging_mixin.py:188} INFO - [2025-05-04T23:47:53.201+0000] {dag.py:3033} INFO - Sync 1 DAGs
[2025-05-04T23:47:53.210+0000] {logging_mixin.py:188} INFO - [2025-05-04T23:47:53.209+0000] {dag.py:3820} INFO - Setting next_dagrun for example_trigger_controller_dag to 2021-01-01T00:00:00+00:00, run_after=2021-01-01T00:00:00+00:00
[2025-05-04T23:47:53.217+0000] {processor.py:183} INFO - Processing /home/airflow/.local/lib/python3.8/site-packages/airflow/example_dags/example_trigger_controller_dag.py took 0.070 seconds
[2025-05-04T23:48:24.116+0000] {processor.py:161} INFO - Started process (PID=184) to work on /home/airflow/.local/lib/python3.8/site-packages/airflow/example_dags/example_trigger_controller_dag.py
[2025-05-04T23:48:24.117+0000] {processor.py:830} INFO - Processing file /home/airflow/.local/lib/python3.8/site-packages/airflow/example_dags/example_trigger_controller_dag.py for tasks to queue
[2025-05-04T23:48:24.118+0000] {logging_mixin.py:188} INFO - [2025-05-04T23:48:24.118+0000] {dagbag.py:538} INFO - Filling up the DagBag from /home/airflow/.local/lib/python3.8/site-packages/airflow/example_dags/example_trigger_controller_dag.py
[2025-05-04T23:48:24.120+0000] {processor.py:840} INFO - DAG(s) 'example_trigger_controller_dag' retrieved from /home/airflow/.local/lib/python3.8/site-packages/airflow/example_dags/example_trigger_controller_dag.py
[2025-05-04T23:48:24.133+0000] {logging_mixin.py:188} INFO - [2025-05-04T23:48:24.133+0000] {dag.py:3033} INFO - Sync 1 DAGs
[2025-05-04T23:48:24.146+0000] {logging_mixin.py:188} INFO - [2025-05-04T23:48:24.145+0000] {dag.py:3820} INFO - Setting next_dagrun for example_trigger_controller_dag to 2021-01-01T00:00:00+00:00, run_after=2021-01-01T00:00:00+00:00
[2025-05-04T23:48:24.158+0000] {processor.py:183} INFO - Processing /home/airflow/.local/lib/python3.8/site-packages/airflow/example_dags/example_trigger_controller_dag.py took 0.044 seconds
[2025-05-04T23:48:54.757+0000] {processor.py:161} INFO - Started process (PID=240) to work on /home/airflow/.local/lib/python3.8/site-packages/airflow/example_dags/example_trigger_controller_dag.py
[2025-05-04T23:48:54.758+0000] {processor.py:830} INFO - Processing file /home/airflow/.local/lib/python3.8/site-packages/airflow/example_dags/example_trigger_controller_dag.py for tasks to queue
[2025-05-04T23:48:54.759+0000] {logging_mixin.py:188} INFO - [2025-05-04T23:48:54.758+0000] {dagbag.py:538} INFO - Filling up the DagBag from /home/airflow/.local/lib/python3.8/site-packages/airflow/example_dags/example_trigger_controller_dag.py
[2025-05-04T23:48:54.761+0000] {processor.py:840} INFO - DAG(s) 'example_trigger_controller_dag' retrieved from /home/airflow/.local/lib/python3.8/site-packages/airflow/example_dags/example_trigger_controller_dag.py
[2025-05-04T23:48:54.772+0000] {logging_mixin.py:188} INFO - [2025-05-04T23:48:54.771+0000] {dag.py:3033} INFO - Sync 1 DAGs
[2025-05-04T23:48:54.781+0000] {logging_mixin.py:188} INFO - [2025-05-04T23:48:54.781+0000] {dag.py:3820} INFO - Setting next_dagrun for example_trigger_controller_dag to 2021-01-01T00:00:00+00:00, run_after=2021-01-01T00:00:00+00:00
[2025-05-04T23:48:54.793+0000] {processor.py:183} INFO - Processing /home/airflow/.local/lib/python3.8/site-packages/airflow/example_dags/example_trigger_controller_dag.py took 0.038 seconds
[2025-05-04T23:49:25.453+0000] {processor.py:161} INFO - Started process (PID=296) to work on /home/airflow/.local/lib/python3.8/site-packages/airflow/example_dags/example_trigger_controller_dag.py
[2025-05-04T23:49:25.454+0000] {processor.py:830} INFO - Processing file /home/airflow/.local/lib/python3.8/site-packages/airflow/example_dags/example_trigger_controller_dag.py for tasks to queue
[2025-05-04T23:49:25.455+0000] {logging_mixin.py:188} INFO - [2025-05-04T23:49:25.455+0000] {dagbag.py:538} INFO - Filling up the DagBag from /home/airflow/.local/lib/python3.8/site-packages/airflow/example_dags/example_trigger_controller_dag.py
[2025-05-04T23:49:25.459+0000] {processor.py:840} INFO - DAG(s) 'example_trigger_controller_dag' retrieved from /home/airflow/.local/lib/python3.8/site-packages/airflow/example_dags/example_trigger_controller_dag.py
[2025-05-04T23:49:25.470+0000] {logging_mixin.py:188} INFO - [2025-05-04T23:49:25.470+0000] {dag.py:3033} INFO - Sync 1 DAGs
[2025-05-04T23:49:25.483+0000] {logging_mixin.py:188} INFO - [2025-05-04T23:49:25.483+0000] {dag.py:3820} INFO - Setting next_dagrun for example_trigger_controller_dag to 2021-01-01T00:00:00+00:00, run_after=2021-01-01T00:00:00+00:00
[2025-05-04T23:49:25.492+0000] {processor.py:183} INFO - Processing /home/airflow/.local/lib/python3.8/site-packages/airflow/example_dags/example_trigger_controller_dag.py took 0.041 seconds
[2025-05-04T23:49:56.253+0000] {processor.py:161} INFO - Started process (PID=352) to work on /home/airflow/.local/lib/python3.8/site-packages/airflow/example_dags/example_trigger_controller_dag.py
[2025-05-04T23:49:56.253+0000] {processor.py:830} INFO - Processing file /home/airflow/.local/lib/python3.8/site-packages/airflow/example_dags/example_trigger_controller_dag.py for tasks to queue
[2025-05-04T23:49:56.254+0000] {logging_mixin.py:188} INFO - [2025-05-04T23:49:56.254+0000] {dagbag.py:538} INFO - Filling up the DagBag from /home/airflow/.local/lib/python3.8/site-packages/airflow/example_dags/example_trigger_controller_dag.py
[2025-05-04T23:49:56.257+0000] {processor.py:840} INFO - DAG(s) 'example_trigger_controller_dag' retrieved from /home/airflow/.local/lib/python3.8/site-packages/airflow/example_dags/example_trigger_controller_dag.py
[2025-05-04T23:49:56.267+0000] {logging_mixin.py:188} INFO - [2025-05-04T23:49:56.267+0000] {dag.py:3033} INFO - Sync 1 DAGs
[2025-05-04T23:49:56.277+0000] {logging_mixin.py:188} INFO - [2025-05-04T23:49:56.276+0000] {dag.py:3820} INFO - Setting next_dagrun for example_trigger_controller_dag to 2021-01-01T00:00:00+00:00, run_after=2021-01-01T00:00:00+00:00
[2025-05-04T23:49:56.284+0000] {processor.py:183} INFO - Processing /home/airflow/.local/lib/python3.8/site-packages/airflow/example_dags/example_trigger_controller_dag.py took 0.033 seconds
