[2025-05-04T22:22:11.084+0000] {processor.py:161} INFO - Started process (PID=78) to work on /home/airflow/.local/lib/python3.8/site-packages/airflow/example_dags/example_branch_operator.py
[2025-05-04T22:22:11.085+0000] {processor.py:830} INFO - Processing file /home/airflow/.local/lib/python3.8/site-packages/airflow/example_dags/example_branch_operator.py for tasks to queue
[2025-05-04T22:22:11.086+0000] {logging_mixin.py:188} INFO - [2025-05-04T22:22:11.086+0000] {dagbag.py:538} INFO - Filling up the DagBag from /home/airflow/.local/lib/python3.8/site-packages/airflow/example_dags/example_branch_operator.py
[2025-05-04T22:22:11.096+0000] {processor.py:840} INFO - DAG(s) 'example_branch_operator' retrieved from /home/airflow/.local/lib/python3.8/site-packages/airflow/example_dags/example_branch_operator.py
[2025-05-04T22:22:11.104+0000] {logging_mixin.py:188} INFO - [2025-05-04T22:22:11.104+0000] {dag.py:3033} INFO - Sync 1 DAGs
[2025-05-04T22:22:11.115+0000] {logging_mixin.py:188} INFO - [2025-05-04T22:22:11.114+0000] {dag.py:3820} INFO - Setting next_dagrun for example_branch_operator to 2025-05-03T00:00:00+00:00, run_after=2025-05-04T00:00:00+00:00
[2025-05-04T22:22:11.122+0000] {processor.py:183} INFO - Processing /home/airflow/.local/lib/python3.8/site-packages/airflow/example_dags/example_branch_operator.py took 0.040 seconds
[2025-05-04T22:22:41.842+0000] {processor.py:161} INFO - Started process (PID=133) to work on /home/airflow/.local/lib/python3.8/site-packages/airflow/example_dags/example_branch_operator.py
[2025-05-04T22:22:41.843+0000] {processor.py:830} INFO - Processing file /home/airflow/.local/lib/python3.8/site-packages/airflow/example_dags/example_branch_operator.py for tasks to queue
[2025-05-04T22:22:41.844+0000] {logging_mixin.py:188} INFO - [2025-05-04T22:22:41.844+0000] {dagbag.py:538} INFO - Filling up the DagBag from /home/airflow/.local/lib/python3.8/site-packages/airflow/example_dags/example_branch_operator.py
[2025-05-04T22:22:41.852+0000] {processor.py:840} INFO - DAG(s) 'example_branch_operator' retrieved from /home/airflow/.local/lib/python3.8/site-packages/airflow/example_dags/example_branch_operator.py
[2025-05-04T22:22:41.897+0000] {logging_mixin.py:188} INFO - [2025-05-04T22:22:41.897+0000] {dag.py:3033} INFO - Sync 1 DAGs
[2025-05-04T22:22:41.905+0000] {logging_mixin.py:188} INFO - [2025-05-04T22:22:41.905+0000] {dag.py:3820} INFO - Setting next_dagrun for example_branch_operator to 2025-05-03T00:00:00+00:00, run_after=2025-05-04T00:00:00+00:00
[2025-05-04T22:22:41.912+0000] {processor.py:183} INFO - Processing /home/airflow/.local/lib/python3.8/site-packages/airflow/example_dags/example_branch_operator.py took 0.071 seconds
[2025-05-04T22:23:12.596+0000] {processor.py:161} INFO - Started process (PID=188) to work on /home/airflow/.local/lib/python3.8/site-packages/airflow/example_dags/example_branch_operator.py
[2025-05-04T22:23:12.597+0000] {processor.py:830} INFO - Processing file /home/airflow/.local/lib/python3.8/site-packages/airflow/example_dags/example_branch_operator.py for tasks to queue
[2025-05-04T22:23:12.597+0000] {logging_mixin.py:188} INFO - [2025-05-04T22:23:12.597+0000] {dagbag.py:538} INFO - Filling up the DagBag from /home/airflow/.local/lib/python3.8/site-packages/airflow/example_dags/example_branch_operator.py
[2025-05-04T22:23:12.605+0000] {processor.py:840} INFO - DAG(s) 'example_branch_operator' retrieved from /home/airflow/.local/lib/python3.8/site-packages/airflow/example_dags/example_branch_operator.py
[2025-05-04T22:23:12.616+0000] {logging_mixin.py:188} INFO - [2025-05-04T22:23:12.616+0000] {dag.py:3033} INFO - Sync 1 DAGs
[2025-05-04T22:23:12.625+0000] {logging_mixin.py:188} INFO - [2025-05-04T22:23:12.624+0000] {dag.py:3820} INFO - Setting next_dagrun for example_branch_operator to 2025-05-03T00:00:00+00:00, run_after=2025-05-04T00:00:00+00:00
[2025-05-04T22:23:12.632+0000] {processor.py:183} INFO - Processing /home/airflow/.local/lib/python3.8/site-packages/airflow/example_dags/example_branch_operator.py took 0.038 seconds
[2025-05-04T22:23:43.066+0000] {processor.py:161} INFO - Started process (PID=243) to work on /home/airflow/.local/lib/python3.8/site-packages/airflow/example_dags/example_branch_operator.py
[2025-05-04T22:23:43.066+0000] {processor.py:830} INFO - Processing file /home/airflow/.local/lib/python3.8/site-packages/airflow/example_dags/example_branch_operator.py for tasks to queue
[2025-05-04T22:23:43.067+0000] {logging_mixin.py:188} INFO - [2025-05-04T22:23:43.067+0000] {dagbag.py:538} INFO - Filling up the DagBag from /home/airflow/.local/lib/python3.8/site-packages/airflow/example_dags/example_branch_operator.py
[2025-05-04T22:23:43.074+0000] {processor.py:840} INFO - DAG(s) 'example_branch_operator' retrieved from /home/airflow/.local/lib/python3.8/site-packages/airflow/example_dags/example_branch_operator.py
[2025-05-04T22:23:43.087+0000] {logging_mixin.py:188} INFO - [2025-05-04T22:23:43.087+0000] {dag.py:3033} INFO - Sync 1 DAGs
[2025-05-04T22:23:43.098+0000] {logging_mixin.py:188} INFO - [2025-05-04T22:23:43.097+0000] {dag.py:3820} INFO - Setting next_dagrun for example_branch_operator to 2025-05-03T00:00:00+00:00, run_after=2025-05-04T00:00:00+00:00
[2025-05-04T22:23:43.105+0000] {processor.py:183} INFO - Processing /home/airflow/.local/lib/python3.8/site-packages/airflow/example_dags/example_branch_operator.py took 0.041 seconds
[2025-05-04T22:24:13.709+0000] {processor.py:161} INFO - Started process (PID=298) to work on /home/airflow/.local/lib/python3.8/site-packages/airflow/example_dags/example_branch_operator.py
[2025-05-04T22:24:13.709+0000] {processor.py:830} INFO - Processing file /home/airflow/.local/lib/python3.8/site-packages/airflow/example_dags/example_branch_operator.py for tasks to queue
[2025-05-04T22:24:13.710+0000] {logging_mixin.py:188} INFO - [2025-05-04T22:24:13.710+0000] {dagbag.py:538} INFO - Filling up the DagBag from /home/airflow/.local/lib/python3.8/site-packages/airflow/example_dags/example_branch_operator.py
[2025-05-04T22:24:13.717+0000] {processor.py:840} INFO - DAG(s) 'example_branch_operator' retrieved from /home/airflow/.local/lib/python3.8/site-packages/airflow/example_dags/example_branch_operator.py
[2025-05-04T22:24:13.728+0000] {logging_mixin.py:188} INFO - [2025-05-04T22:24:13.728+0000] {dag.py:3033} INFO - Sync 1 DAGs
[2025-05-04T22:24:13.737+0000] {logging_mixin.py:188} INFO - [2025-05-04T22:24:13.737+0000] {dag.py:3820} INFO - Setting next_dagrun for example_branch_operator to 2025-05-03T00:00:00+00:00, run_after=2025-05-04T00:00:00+00:00
[2025-05-04T22:24:13.745+0000] {processor.py:183} INFO - Processing /home/airflow/.local/lib/python3.8/site-packages/airflow/example_dags/example_branch_operator.py took 0.038 seconds
[2025-05-04T22:24:44.301+0000] {processor.py:161} INFO - Started process (PID=353) to work on /home/airflow/.local/lib/python3.8/site-packages/airflow/example_dags/example_branch_operator.py
[2025-05-04T22:24:44.302+0000] {processor.py:830} INFO - Processing file /home/airflow/.local/lib/python3.8/site-packages/airflow/example_dags/example_branch_operator.py for tasks to queue
[2025-05-04T22:24:44.303+0000] {logging_mixin.py:188} INFO - [2025-05-04T22:24:44.303+0000] {dagbag.py:538} INFO - Filling up the DagBag from /home/airflow/.local/lib/python3.8/site-packages/airflow/example_dags/example_branch_operator.py
[2025-05-04T22:24:44.310+0000] {processor.py:840} INFO - DAG(s) 'example_branch_operator' retrieved from /home/airflow/.local/lib/python3.8/site-packages/airflow/example_dags/example_branch_operator.py
[2025-05-04T22:24:44.321+0000] {logging_mixin.py:188} INFO - [2025-05-04T22:24:44.321+0000] {dag.py:3033} INFO - Sync 1 DAGs
[2025-05-04T22:24:44.330+0000] {logging_mixin.py:188} INFO - [2025-05-04T22:24:44.330+0000] {dag.py:3820} INFO - Setting next_dagrun for example_branch_operator to 2025-05-03T00:00:00+00:00, run_after=2025-05-04T00:00:00+00:00
[2025-05-04T22:24:44.339+0000] {processor.py:183} INFO - Processing /home/airflow/.local/lib/python3.8/site-packages/airflow/example_dags/example_branch_operator.py took 0.039 seconds
[2025-05-04T22:25:29.835+0000] {processor.py:161} INFO - Started process (PID=79) to work on /home/airflow/.local/lib/python3.8/site-packages/airflow/example_dags/example_branch_operator.py
[2025-05-04T22:25:29.837+0000] {processor.py:830} INFO - Processing file /home/airflow/.local/lib/python3.8/site-packages/airflow/example_dags/example_branch_operator.py for tasks to queue
[2025-05-04T22:25:29.839+0000] {logging_mixin.py:188} INFO - [2025-05-04T22:25:29.839+0000] {dagbag.py:538} INFO - Filling up the DagBag from /home/airflow/.local/lib/python3.8/site-packages/airflow/example_dags/example_branch_operator.py
[2025-05-04T22:25:29.846+0000] {processor.py:840} INFO - DAG(s) 'example_branch_operator' retrieved from /home/airflow/.local/lib/python3.8/site-packages/airflow/example_dags/example_branch_operator.py
[2025-05-04T22:25:29.852+0000] {logging_mixin.py:188} INFO - [2025-05-04T22:25:29.852+0000] {dag.py:3033} INFO - Sync 1 DAGs
[2025-05-04T22:25:29.864+0000] {logging_mixin.py:188} INFO - [2025-05-04T22:25:29.864+0000] {dag.py:3820} INFO - Setting next_dagrun for example_branch_operator to 2025-05-03T00:00:00+00:00, run_after=2025-05-04T00:00:00+00:00
[2025-05-04T22:25:29.875+0000] {processor.py:183} INFO - Processing /home/airflow/.local/lib/python3.8/site-packages/airflow/example_dags/example_branch_operator.py took 0.043 seconds
[2025-05-04T22:26:00.232+0000] {processor.py:161} INFO - Started process (PID=135) to work on /home/airflow/.local/lib/python3.8/site-packages/airflow/example_dags/example_branch_operator.py
[2025-05-04T22:26:00.233+0000] {processor.py:830} INFO - Processing file /home/airflow/.local/lib/python3.8/site-packages/airflow/example_dags/example_branch_operator.py for tasks to queue
[2025-05-04T22:26:00.234+0000] {logging_mixin.py:188} INFO - [2025-05-04T22:26:00.234+0000] {dagbag.py:538} INFO - Filling up the DagBag from /home/airflow/.local/lib/python3.8/site-packages/airflow/example_dags/example_branch_operator.py
[2025-05-04T22:26:00.241+0000] {processor.py:840} INFO - DAG(s) 'example_branch_operator' retrieved from /home/airflow/.local/lib/python3.8/site-packages/airflow/example_dags/example_branch_operator.py
[2025-05-04T22:26:00.295+0000] {logging_mixin.py:188} INFO - [2025-05-04T22:26:00.295+0000] {dag.py:3033} INFO - Sync 1 DAGs
[2025-05-04T22:26:00.305+0000] {logging_mixin.py:188} INFO - [2025-05-04T22:26:00.305+0000] {dag.py:3820} INFO - Setting next_dagrun for example_branch_operator to 2025-05-03T00:00:00+00:00, run_after=2025-05-04T00:00:00+00:00
[2025-05-04T22:26:00.324+0000] {processor.py:183} INFO - Processing /home/airflow/.local/lib/python3.8/site-packages/airflow/example_dags/example_branch_operator.py took 0.094 seconds
[2025-05-04T22:26:31.151+0000] {processor.py:161} INFO - Started process (PID=191) to work on /home/airflow/.local/lib/python3.8/site-packages/airflow/example_dags/example_branch_operator.py
[2025-05-04T22:26:31.152+0000] {processor.py:830} INFO - Processing file /home/airflow/.local/lib/python3.8/site-packages/airflow/example_dags/example_branch_operator.py for tasks to queue
[2025-05-04T22:26:31.153+0000] {logging_mixin.py:188} INFO - [2025-05-04T22:26:31.153+0000] {dagbag.py:538} INFO - Filling up the DagBag from /home/airflow/.local/lib/python3.8/site-packages/airflow/example_dags/example_branch_operator.py
[2025-05-04T22:26:31.164+0000] {processor.py:840} INFO - DAG(s) 'example_branch_operator' retrieved from /home/airflow/.local/lib/python3.8/site-packages/airflow/example_dags/example_branch_operator.py
[2025-05-04T22:26:31.180+0000] {logging_mixin.py:188} INFO - [2025-05-04T22:26:31.179+0000] {dag.py:3033} INFO - Sync 1 DAGs
[2025-05-04T22:26:31.191+0000] {logging_mixin.py:188} INFO - [2025-05-04T22:26:31.191+0000] {dag.py:3820} INFO - Setting next_dagrun for example_branch_operator to 2025-05-03T00:00:00+00:00, run_after=2025-05-04T00:00:00+00:00
[2025-05-04T22:26:31.203+0000] {processor.py:183} INFO - Processing /home/airflow/.local/lib/python3.8/site-packages/airflow/example_dags/example_branch_operator.py took 0.053 seconds
[2025-05-04T22:27:01.750+0000] {processor.py:161} INFO - Started process (PID=251) to work on /home/airflow/.local/lib/python3.8/site-packages/airflow/example_dags/example_branch_operator.py
[2025-05-04T22:27:01.750+0000] {processor.py:830} INFO - Processing file /home/airflow/.local/lib/python3.8/site-packages/airflow/example_dags/example_branch_operator.py for tasks to queue
[2025-05-04T22:27:01.751+0000] {logging_mixin.py:188} INFO - [2025-05-04T22:27:01.751+0000] {dagbag.py:538} INFO - Filling up the DagBag from /home/airflow/.local/lib/python3.8/site-packages/airflow/example_dags/example_branch_operator.py
[2025-05-04T22:27:01.758+0000] {processor.py:840} INFO - DAG(s) 'example_branch_operator' retrieved from /home/airflow/.local/lib/python3.8/site-packages/airflow/example_dags/example_branch_operator.py
[2025-05-04T22:27:01.774+0000] {logging_mixin.py:188} INFO - [2025-05-04T22:27:01.773+0000] {dag.py:3033} INFO - Sync 1 DAGs
[2025-05-04T22:27:01.783+0000] {logging_mixin.py:188} INFO - [2025-05-04T22:27:01.783+0000] {dag.py:3820} INFO - Setting next_dagrun for example_branch_operator to 2025-05-03T00:00:00+00:00, run_after=2025-05-04T00:00:00+00:00
[2025-05-04T22:27:01.791+0000] {processor.py:183} INFO - Processing /home/airflow/.local/lib/python3.8/site-packages/airflow/example_dags/example_branch_operator.py took 0.043 seconds
[2025-05-04T22:27:32.384+0000] {processor.py:161} INFO - Started process (PID=307) to work on /home/airflow/.local/lib/python3.8/site-packages/airflow/example_dags/example_branch_operator.py
[2025-05-04T22:27:32.385+0000] {processor.py:830} INFO - Processing file /home/airflow/.local/lib/python3.8/site-packages/airflow/example_dags/example_branch_operator.py for tasks to queue
[2025-05-04T22:27:32.387+0000] {logging_mixin.py:188} INFO - [2025-05-04T22:27:32.387+0000] {dagbag.py:538} INFO - Filling up the DagBag from /home/airflow/.local/lib/python3.8/site-packages/airflow/example_dags/example_branch_operator.py
[2025-05-04T22:27:32.394+0000] {processor.py:840} INFO - DAG(s) 'example_branch_operator' retrieved from /home/airflow/.local/lib/python3.8/site-packages/airflow/example_dags/example_branch_operator.py
[2025-05-04T22:27:32.406+0000] {logging_mixin.py:188} INFO - [2025-05-04T22:27:32.406+0000] {dag.py:3033} INFO - Sync 1 DAGs
[2025-05-04T22:27:32.416+0000] {logging_mixin.py:188} INFO - [2025-05-04T22:27:32.416+0000] {dag.py:3820} INFO - Setting next_dagrun for example_branch_operator to 2025-05-03T00:00:00+00:00, run_after=2025-05-04T00:00:00+00:00
[2025-05-04T22:27:32.423+0000] {processor.py:183} INFO - Processing /home/airflow/.local/lib/python3.8/site-packages/airflow/example_dags/example_branch_operator.py took 0.041 seconds
[2025-05-04T22:28:03.025+0000] {processor.py:161} INFO - Started process (PID=363) to work on /home/airflow/.local/lib/python3.8/site-packages/airflow/example_dags/example_branch_operator.py
[2025-05-04T22:28:03.026+0000] {processor.py:830} INFO - Processing file /home/airflow/.local/lib/python3.8/site-packages/airflow/example_dags/example_branch_operator.py for tasks to queue
[2025-05-04T22:28:03.026+0000] {logging_mixin.py:188} INFO - [2025-05-04T22:28:03.026+0000] {dagbag.py:538} INFO - Filling up the DagBag from /home/airflow/.local/lib/python3.8/site-packages/airflow/example_dags/example_branch_operator.py
[2025-05-04T22:28:03.034+0000] {processor.py:840} INFO - DAG(s) 'example_branch_operator' retrieved from /home/airflow/.local/lib/python3.8/site-packages/airflow/example_dags/example_branch_operator.py
[2025-05-04T22:28:03.047+0000] {logging_mixin.py:188} INFO - [2025-05-04T22:28:03.047+0000] {dag.py:3033} INFO - Sync 1 DAGs
[2025-05-04T22:28:03.061+0000] {logging_mixin.py:188} INFO - [2025-05-04T22:28:03.061+0000] {dag.py:3820} INFO - Setting next_dagrun for example_branch_operator to 2025-05-03T00:00:00+00:00, run_after=2025-05-04T00:00:00+00:00
[2025-05-04T22:28:03.072+0000] {processor.py:183} INFO - Processing /home/airflow/.local/lib/python3.8/site-packages/airflow/example_dags/example_branch_operator.py took 0.049 seconds
[2025-05-04T22:28:33.682+0000] {processor.py:161} INFO - Started process (PID=419) to work on /home/airflow/.local/lib/python3.8/site-packages/airflow/example_dags/example_branch_operator.py
[2025-05-04T22:28:33.683+0000] {processor.py:830} INFO - Processing file /home/airflow/.local/lib/python3.8/site-packages/airflow/example_dags/example_branch_operator.py for tasks to queue
[2025-05-04T22:28:33.684+0000] {logging_mixin.py:188} INFO - [2025-05-04T22:28:33.684+0000] {dagbag.py:538} INFO - Filling up the DagBag from /home/airflow/.local/lib/python3.8/site-packages/airflow/example_dags/example_branch_operator.py
[2025-05-04T22:28:33.691+0000] {processor.py:840} INFO - DAG(s) 'example_branch_operator' retrieved from /home/airflow/.local/lib/python3.8/site-packages/airflow/example_dags/example_branch_operator.py
[2025-05-04T22:28:33.706+0000] {logging_mixin.py:188} INFO - [2025-05-04T22:28:33.706+0000] {dag.py:3033} INFO - Sync 1 DAGs
[2025-05-04T22:28:33.720+0000] {logging_mixin.py:188} INFO - [2025-05-04T22:28:33.719+0000] {dag.py:3820} INFO - Setting next_dagrun for example_branch_operator to 2025-05-03T00:00:00+00:00, run_after=2025-05-04T00:00:00+00:00
[2025-05-04T22:28:33.733+0000] {processor.py:183} INFO - Processing /home/airflow/.local/lib/python3.8/site-packages/airflow/example_dags/example_branch_operator.py took 0.052 seconds
[2025-05-04T22:29:04.322+0000] {processor.py:161} INFO - Started process (PID=475) to work on /home/airflow/.local/lib/python3.8/site-packages/airflow/example_dags/example_branch_operator.py
[2025-05-04T22:29:04.323+0000] {processor.py:830} INFO - Processing file /home/airflow/.local/lib/python3.8/site-packages/airflow/example_dags/example_branch_operator.py for tasks to queue
[2025-05-04T22:29:04.323+0000] {logging_mixin.py:188} INFO - [2025-05-04T22:29:04.323+0000] {dagbag.py:538} INFO - Filling up the DagBag from /home/airflow/.local/lib/python3.8/site-packages/airflow/example_dags/example_branch_operator.py
[2025-05-04T22:29:04.331+0000] {processor.py:840} INFO - DAG(s) 'example_branch_operator' retrieved from /home/airflow/.local/lib/python3.8/site-packages/airflow/example_dags/example_branch_operator.py
[2025-05-04T22:29:04.344+0000] {logging_mixin.py:188} INFO - [2025-05-04T22:29:04.344+0000] {dag.py:3033} INFO - Sync 1 DAGs
[2025-05-04T22:29:04.355+0000] {logging_mixin.py:188} INFO - [2025-05-04T22:29:04.354+0000] {dag.py:3820} INFO - Setting next_dagrun for example_branch_operator to 2025-05-03T00:00:00+00:00, run_after=2025-05-04T00:00:00+00:00
[2025-05-04T22:29:04.364+0000] {processor.py:183} INFO - Processing /home/airflow/.local/lib/python3.8/site-packages/airflow/example_dags/example_branch_operator.py took 0.043 seconds
[2025-05-04T22:29:35.203+0000] {processor.py:161} INFO - Started process (PID=531) to work on /home/airflow/.local/lib/python3.8/site-packages/airflow/example_dags/example_branch_operator.py
[2025-05-04T22:29:35.203+0000] {processor.py:830} INFO - Processing file /home/airflow/.local/lib/python3.8/site-packages/airflow/example_dags/example_branch_operator.py for tasks to queue
[2025-05-04T22:29:35.204+0000] {logging_mixin.py:188} INFO - [2025-05-04T22:29:35.204+0000] {dagbag.py:538} INFO - Filling up the DagBag from /home/airflow/.local/lib/python3.8/site-packages/airflow/example_dags/example_branch_operator.py
[2025-05-04T22:29:35.211+0000] {processor.py:840} INFO - DAG(s) 'example_branch_operator' retrieved from /home/airflow/.local/lib/python3.8/site-packages/airflow/example_dags/example_branch_operator.py
[2025-05-04T22:29:35.223+0000] {logging_mixin.py:188} INFO - [2025-05-04T22:29:35.223+0000] {dag.py:3033} INFO - Sync 1 DAGs
[2025-05-04T22:29:35.233+0000] {logging_mixin.py:188} INFO - [2025-05-04T22:29:35.233+0000] {dag.py:3820} INFO - Setting next_dagrun for example_branch_operator to 2025-05-03T00:00:00+00:00, run_after=2025-05-04T00:00:00+00:00
[2025-05-04T22:29:35.247+0000] {processor.py:183} INFO - Processing /home/airflow/.local/lib/python3.8/site-packages/airflow/example_dags/example_branch_operator.py took 0.045 seconds
[2025-05-04T22:30:05.862+0000] {processor.py:161} INFO - Started process (PID=587) to work on /home/airflow/.local/lib/python3.8/site-packages/airflow/example_dags/example_branch_operator.py
[2025-05-04T22:30:05.863+0000] {processor.py:830} INFO - Processing file /home/airflow/.local/lib/python3.8/site-packages/airflow/example_dags/example_branch_operator.py for tasks to queue
[2025-05-04T22:30:05.864+0000] {logging_mixin.py:188} INFO - [2025-05-04T22:30:05.864+0000] {dagbag.py:538} INFO - Filling up the DagBag from /home/airflow/.local/lib/python3.8/site-packages/airflow/example_dags/example_branch_operator.py
[2025-05-04T22:30:05.873+0000] {processor.py:840} INFO - DAG(s) 'example_branch_operator' retrieved from /home/airflow/.local/lib/python3.8/site-packages/airflow/example_dags/example_branch_operator.py
[2025-05-04T22:30:05.888+0000] {logging_mixin.py:188} INFO - [2025-05-04T22:30:05.888+0000] {dag.py:3033} INFO - Sync 1 DAGs
[2025-05-04T22:30:05.901+0000] {logging_mixin.py:188} INFO - [2025-05-04T22:30:05.901+0000] {dag.py:3820} INFO - Setting next_dagrun for example_branch_operator to 2025-05-03T00:00:00+00:00, run_after=2025-05-04T00:00:00+00:00
[2025-05-04T22:30:05.915+0000] {processor.py:183} INFO - Processing /home/airflow/.local/lib/python3.8/site-packages/airflow/example_dags/example_branch_operator.py took 0.055 seconds
[2025-05-04T22:30:36.552+0000] {processor.py:161} INFO - Started process (PID=643) to work on /home/airflow/.local/lib/python3.8/site-packages/airflow/example_dags/example_branch_operator.py
[2025-05-04T22:30:36.553+0000] {processor.py:830} INFO - Processing file /home/airflow/.local/lib/python3.8/site-packages/airflow/example_dags/example_branch_operator.py for tasks to queue
[2025-05-04T22:30:36.554+0000] {logging_mixin.py:188} INFO - [2025-05-04T22:30:36.554+0000] {dagbag.py:538} INFO - Filling up the DagBag from /home/airflow/.local/lib/python3.8/site-packages/airflow/example_dags/example_branch_operator.py
[2025-05-04T22:30:36.561+0000] {processor.py:840} INFO - DAG(s) 'example_branch_operator' retrieved from /home/airflow/.local/lib/python3.8/site-packages/airflow/example_dags/example_branch_operator.py
[2025-05-04T22:30:36.574+0000] {logging_mixin.py:188} INFO - [2025-05-04T22:30:36.573+0000] {dag.py:3033} INFO - Sync 1 DAGs
[2025-05-04T22:30:36.583+0000] {logging_mixin.py:188} INFO - [2025-05-04T22:30:36.583+0000] {dag.py:3820} INFO - Setting next_dagrun for example_branch_operator to 2025-05-03T00:00:00+00:00, run_after=2025-05-04T00:00:00+00:00
[2025-05-04T22:30:36.600+0000] {processor.py:183} INFO - Processing /home/airflow/.local/lib/python3.8/site-packages/airflow/example_dags/example_branch_operator.py took 0.049 seconds
[2025-05-04T22:31:15.044+0000] {processor.py:161} INFO - Started process (PID=80) to work on /home/airflow/.local/lib/python3.8/site-packages/airflow/example_dags/example_branch_operator.py
[2025-05-04T22:31:15.044+0000] {processor.py:830} INFO - Processing file /home/airflow/.local/lib/python3.8/site-packages/airflow/example_dags/example_branch_operator.py for tasks to queue
[2025-05-04T22:31:15.045+0000] {logging_mixin.py:188} INFO - [2025-05-04T22:31:15.045+0000] {dagbag.py:538} INFO - Filling up the DagBag from /home/airflow/.local/lib/python3.8/site-packages/airflow/example_dags/example_branch_operator.py
[2025-05-04T22:31:15.052+0000] {processor.py:840} INFO - DAG(s) 'example_branch_operator' retrieved from /home/airflow/.local/lib/python3.8/site-packages/airflow/example_dags/example_branch_operator.py
[2025-05-04T22:31:15.059+0000] {logging_mixin.py:188} INFO - [2025-05-04T22:31:15.059+0000] {dag.py:3033} INFO - Sync 1 DAGs
[2025-05-04T22:31:15.073+0000] {logging_mixin.py:188} INFO - [2025-05-04T22:31:15.073+0000] {dag.py:3820} INFO - Setting next_dagrun for example_branch_operator to 2025-05-03T00:00:00+00:00, run_after=2025-05-04T00:00:00+00:00
[2025-05-04T22:31:15.084+0000] {processor.py:183} INFO - Processing /home/airflow/.local/lib/python3.8/site-packages/airflow/example_dags/example_branch_operator.py took 0.042 seconds
[2025-05-04T22:31:45.298+0000] {processor.py:161} INFO - Started process (PID=136) to work on /home/airflow/.local/lib/python3.8/site-packages/airflow/example_dags/example_branch_operator.py
[2025-05-04T22:31:45.298+0000] {processor.py:830} INFO - Processing file /home/airflow/.local/lib/python3.8/site-packages/airflow/example_dags/example_branch_operator.py for tasks to queue
[2025-05-04T22:31:45.299+0000] {logging_mixin.py:188} INFO - [2025-05-04T22:31:45.299+0000] {dagbag.py:538} INFO - Filling up the DagBag from /home/airflow/.local/lib/python3.8/site-packages/airflow/example_dags/example_branch_operator.py
[2025-05-04T22:31:45.307+0000] {processor.py:840} INFO - DAG(s) 'example_branch_operator' retrieved from /home/airflow/.local/lib/python3.8/site-packages/airflow/example_dags/example_branch_operator.py
[2025-05-04T22:31:45.360+0000] {logging_mixin.py:188} INFO - [2025-05-04T22:31:45.360+0000] {dag.py:3033} INFO - Sync 1 DAGs
[2025-05-04T22:31:45.370+0000] {logging_mixin.py:188} INFO - [2025-05-04T22:31:45.370+0000] {dag.py:3820} INFO - Setting next_dagrun for example_branch_operator to 2025-05-03T00:00:00+00:00, run_after=2025-05-04T00:00:00+00:00
[2025-05-04T22:31:45.379+0000] {processor.py:183} INFO - Processing /home/airflow/.local/lib/python3.8/site-packages/airflow/example_dags/example_branch_operator.py took 0.083 seconds
[2025-05-04T22:32:16.287+0000] {processor.py:161} INFO - Started process (PID=196) to work on /home/airflow/.local/lib/python3.8/site-packages/airflow/example_dags/example_branch_operator.py
[2025-05-04T22:32:16.288+0000] {processor.py:830} INFO - Processing file /home/airflow/.local/lib/python3.8/site-packages/airflow/example_dags/example_branch_operator.py for tasks to queue
[2025-05-04T22:32:16.289+0000] {logging_mixin.py:188} INFO - [2025-05-04T22:32:16.289+0000] {dagbag.py:538} INFO - Filling up the DagBag from /home/airflow/.local/lib/python3.8/site-packages/airflow/example_dags/example_branch_operator.py
[2025-05-04T22:32:16.298+0000] {processor.py:840} INFO - DAG(s) 'example_branch_operator' retrieved from /home/airflow/.local/lib/python3.8/site-packages/airflow/example_dags/example_branch_operator.py
[2025-05-04T22:32:16.315+0000] {logging_mixin.py:188} INFO - [2025-05-04T22:32:16.314+0000] {dag.py:3033} INFO - Sync 1 DAGs
[2025-05-04T22:32:16.326+0000] {logging_mixin.py:188} INFO - [2025-05-04T22:32:16.326+0000] {dag.py:3820} INFO - Setting next_dagrun for example_branch_operator to 2025-05-03T00:00:00+00:00, run_after=2025-05-04T00:00:00+00:00
[2025-05-04T22:32:16.335+0000] {processor.py:183} INFO - Processing /home/airflow/.local/lib/python3.8/site-packages/airflow/example_dags/example_branch_operator.py took 0.050 seconds
[2025-05-04T22:32:46.945+0000] {processor.py:161} INFO - Started process (PID=252) to work on /home/airflow/.local/lib/python3.8/site-packages/airflow/example_dags/example_branch_operator.py
[2025-05-04T22:32:46.945+0000] {processor.py:830} INFO - Processing file /home/airflow/.local/lib/python3.8/site-packages/airflow/example_dags/example_branch_operator.py for tasks to queue
[2025-05-04T22:32:46.947+0000] {logging_mixin.py:188} INFO - [2025-05-04T22:32:46.947+0000] {dagbag.py:538} INFO - Filling up the DagBag from /home/airflow/.local/lib/python3.8/site-packages/airflow/example_dags/example_branch_operator.py
[2025-05-04T22:32:46.956+0000] {processor.py:840} INFO - DAG(s) 'example_branch_operator' retrieved from /home/airflow/.local/lib/python3.8/site-packages/airflow/example_dags/example_branch_operator.py
[2025-05-04T22:32:46.968+0000] {logging_mixin.py:188} INFO - [2025-05-04T22:32:46.968+0000] {dag.py:3033} INFO - Sync 1 DAGs
[2025-05-04T22:32:46.980+0000] {logging_mixin.py:188} INFO - [2025-05-04T22:32:46.980+0000] {dag.py:3820} INFO - Setting next_dagrun for example_branch_operator to 2025-05-03T00:00:00+00:00, run_after=2025-05-04T00:00:00+00:00
[2025-05-04T22:32:46.992+0000] {processor.py:183} INFO - Processing /home/airflow/.local/lib/python3.8/site-packages/airflow/example_dags/example_branch_operator.py took 0.049 seconds
[2025-05-04T22:33:17.717+0000] {processor.py:161} INFO - Started process (PID=308) to work on /home/airflow/.local/lib/python3.8/site-packages/airflow/example_dags/example_branch_operator.py
[2025-05-04T22:33:17.718+0000] {processor.py:830} INFO - Processing file /home/airflow/.local/lib/python3.8/site-packages/airflow/example_dags/example_branch_operator.py for tasks to queue
[2025-05-04T22:33:17.719+0000] {logging_mixin.py:188} INFO - [2025-05-04T22:33:17.719+0000] {dagbag.py:538} INFO - Filling up the DagBag from /home/airflow/.local/lib/python3.8/site-packages/airflow/example_dags/example_branch_operator.py
[2025-05-04T22:33:17.726+0000] {processor.py:840} INFO - DAG(s) 'example_branch_operator' retrieved from /home/airflow/.local/lib/python3.8/site-packages/airflow/example_dags/example_branch_operator.py
[2025-05-04T22:33:17.736+0000] {logging_mixin.py:188} INFO - [2025-05-04T22:33:17.736+0000] {dag.py:3033} INFO - Sync 1 DAGs
[2025-05-04T22:33:17.744+0000] {logging_mixin.py:188} INFO - [2025-05-04T22:33:17.744+0000] {dag.py:3820} INFO - Setting next_dagrun for example_branch_operator to 2025-05-03T00:00:00+00:00, run_after=2025-05-04T00:00:00+00:00
[2025-05-04T22:33:17.755+0000] {processor.py:183} INFO - Processing /home/airflow/.local/lib/python3.8/site-packages/airflow/example_dags/example_branch_operator.py took 0.039 seconds
[2025-05-04T22:33:48.368+0000] {processor.py:161} INFO - Started process (PID=364) to work on /home/airflow/.local/lib/python3.8/site-packages/airflow/example_dags/example_branch_operator.py
[2025-05-04T22:33:48.369+0000] {processor.py:830} INFO - Processing file /home/airflow/.local/lib/python3.8/site-packages/airflow/example_dags/example_branch_operator.py for tasks to queue
[2025-05-04T22:33:48.371+0000] {logging_mixin.py:188} INFO - [2025-05-04T22:33:48.371+0000] {dagbag.py:538} INFO - Filling up the DagBag from /home/airflow/.local/lib/python3.8/site-packages/airflow/example_dags/example_branch_operator.py
[2025-05-04T22:33:48.380+0000] {processor.py:840} INFO - DAG(s) 'example_branch_operator' retrieved from /home/airflow/.local/lib/python3.8/site-packages/airflow/example_dags/example_branch_operator.py
[2025-05-04T22:33:48.398+0000] {logging_mixin.py:188} INFO - [2025-05-04T22:33:48.398+0000] {dag.py:3033} INFO - Sync 1 DAGs
[2025-05-04T22:33:48.408+0000] {logging_mixin.py:188} INFO - [2025-05-04T22:33:48.408+0000] {dag.py:3820} INFO - Setting next_dagrun for example_branch_operator to 2025-05-03T00:00:00+00:00, run_after=2025-05-04T00:00:00+00:00
[2025-05-04T22:33:48.419+0000] {processor.py:183} INFO - Processing /home/airflow/.local/lib/python3.8/site-packages/airflow/example_dags/example_branch_operator.py took 0.053 seconds
[2025-05-04T22:34:19.002+0000] {processor.py:161} INFO - Started process (PID=420) to work on /home/airflow/.local/lib/python3.8/site-packages/airflow/example_dags/example_branch_operator.py
[2025-05-04T22:34:19.002+0000] {processor.py:830} INFO - Processing file /home/airflow/.local/lib/python3.8/site-packages/airflow/example_dags/example_branch_operator.py for tasks to queue
[2025-05-04T22:34:19.003+0000] {logging_mixin.py:188} INFO - [2025-05-04T22:34:19.003+0000] {dagbag.py:538} INFO - Filling up the DagBag from /home/airflow/.local/lib/python3.8/site-packages/airflow/example_dags/example_branch_operator.py
[2025-05-04T22:34:19.014+0000] {processor.py:840} INFO - DAG(s) 'example_branch_operator' retrieved from /home/airflow/.local/lib/python3.8/site-packages/airflow/example_dags/example_branch_operator.py
[2025-05-04T22:34:19.031+0000] {logging_mixin.py:188} INFO - [2025-05-04T22:34:19.031+0000] {dag.py:3033} INFO - Sync 1 DAGs
[2025-05-04T22:34:19.042+0000] {logging_mixin.py:188} INFO - [2025-05-04T22:34:19.042+0000] {dag.py:3820} INFO - Setting next_dagrun for example_branch_operator to 2025-05-03T00:00:00+00:00, run_after=2025-05-04T00:00:00+00:00
[2025-05-04T22:34:19.055+0000] {processor.py:183} INFO - Processing /home/airflow/.local/lib/python3.8/site-packages/airflow/example_dags/example_branch_operator.py took 0.055 seconds
[2025-05-04T22:36:26.250+0000] {processor.py:161} INFO - Started process (PID=78) to work on /home/airflow/.local/lib/python3.8/site-packages/airflow/example_dags/example_branch_operator.py
[2025-05-04T22:36:26.251+0000] {processor.py:830} INFO - Processing file /home/airflow/.local/lib/python3.8/site-packages/airflow/example_dags/example_branch_operator.py for tasks to queue
[2025-05-04T22:36:26.252+0000] {logging_mixin.py:188} INFO - [2025-05-04T22:36:26.252+0000] {dagbag.py:538} INFO - Filling up the DagBag from /home/airflow/.local/lib/python3.8/site-packages/airflow/example_dags/example_branch_operator.py
[2025-05-04T22:36:26.259+0000] {processor.py:840} INFO - DAG(s) 'example_branch_operator' retrieved from /home/airflow/.local/lib/python3.8/site-packages/airflow/example_dags/example_branch_operator.py
[2025-05-04T22:36:26.266+0000] {logging_mixin.py:188} INFO - [2025-05-04T22:36:26.266+0000] {dag.py:3033} INFO - Sync 1 DAGs
[2025-05-04T22:36:26.281+0000] {logging_mixin.py:188} INFO - [2025-05-04T22:36:26.280+0000] {dag.py:3820} INFO - Setting next_dagrun for example_branch_operator to 2025-05-03T00:00:00+00:00, run_after=2025-05-04T00:00:00+00:00
[2025-05-04T22:36:26.293+0000] {processor.py:183} INFO - Processing /home/airflow/.local/lib/python3.8/site-packages/airflow/example_dags/example_branch_operator.py took 0.045 seconds
[2025-05-04T22:36:56.536+0000] {processor.py:161} INFO - Started process (PID=134) to work on /home/airflow/.local/lib/python3.8/site-packages/airflow/example_dags/example_branch_operator.py
[2025-05-04T22:36:56.536+0000] {processor.py:830} INFO - Processing file /home/airflow/.local/lib/python3.8/site-packages/airflow/example_dags/example_branch_operator.py for tasks to queue
[2025-05-04T22:36:56.538+0000] {logging_mixin.py:188} INFO - [2025-05-04T22:36:56.537+0000] {dagbag.py:538} INFO - Filling up the DagBag from /home/airflow/.local/lib/python3.8/site-packages/airflow/example_dags/example_branch_operator.py
[2025-05-04T22:36:56.547+0000] {processor.py:840} INFO - DAG(s) 'example_branch_operator' retrieved from /home/airflow/.local/lib/python3.8/site-packages/airflow/example_dags/example_branch_operator.py
[2025-05-04T22:36:56.603+0000] {logging_mixin.py:188} INFO - [2025-05-04T22:36:56.603+0000] {dag.py:3033} INFO - Sync 1 DAGs
[2025-05-04T22:36:56.615+0000] {logging_mixin.py:188} INFO - [2025-05-04T22:36:56.615+0000] {dag.py:3820} INFO - Setting next_dagrun for example_branch_operator to 2025-05-03T00:00:00+00:00, run_after=2025-05-04T00:00:00+00:00
[2025-05-04T22:36:56.629+0000] {processor.py:183} INFO - Processing /home/airflow/.local/lib/python3.8/site-packages/airflow/example_dags/example_branch_operator.py took 0.096 seconds
[2025-05-04T22:37:27.448+0000] {processor.py:161} INFO - Started process (PID=190) to work on /home/airflow/.local/lib/python3.8/site-packages/airflow/example_dags/example_branch_operator.py
[2025-05-04T22:37:27.448+0000] {processor.py:830} INFO - Processing file /home/airflow/.local/lib/python3.8/site-packages/airflow/example_dags/example_branch_operator.py for tasks to queue
[2025-05-04T22:37:27.449+0000] {logging_mixin.py:188} INFO - [2025-05-04T22:37:27.449+0000] {dagbag.py:538} INFO - Filling up the DagBag from /home/airflow/.local/lib/python3.8/site-packages/airflow/example_dags/example_branch_operator.py
[2025-05-04T22:37:27.457+0000] {processor.py:840} INFO - DAG(s) 'example_branch_operator' retrieved from /home/airflow/.local/lib/python3.8/site-packages/airflow/example_dags/example_branch_operator.py
[2025-05-04T22:37:27.468+0000] {logging_mixin.py:188} INFO - [2025-05-04T22:37:27.468+0000] {dag.py:3033} INFO - Sync 1 DAGs
[2025-05-04T22:37:27.481+0000] {logging_mixin.py:188} INFO - [2025-05-04T22:37:27.481+0000] {dag.py:3820} INFO - Setting next_dagrun for example_branch_operator to 2025-05-03T00:00:00+00:00, run_after=2025-05-04T00:00:00+00:00
[2025-05-04T22:37:27.497+0000] {processor.py:183} INFO - Processing /home/airflow/.local/lib/python3.8/site-packages/airflow/example_dags/example_branch_operator.py took 0.051 seconds
[2025-05-04T22:37:58.138+0000] {processor.py:161} INFO - Started process (PID=246) to work on /home/airflow/.local/lib/python3.8/site-packages/airflow/example_dags/example_branch_operator.py
[2025-05-04T22:37:58.139+0000] {processor.py:830} INFO - Processing file /home/airflow/.local/lib/python3.8/site-packages/airflow/example_dags/example_branch_operator.py for tasks to queue
[2025-05-04T22:37:58.140+0000] {logging_mixin.py:188} INFO - [2025-05-04T22:37:58.140+0000] {dagbag.py:538} INFO - Filling up the DagBag from /home/airflow/.local/lib/python3.8/site-packages/airflow/example_dags/example_branch_operator.py
[2025-05-04T22:37:58.149+0000] {processor.py:840} INFO - DAG(s) 'example_branch_operator' retrieved from /home/airflow/.local/lib/python3.8/site-packages/airflow/example_dags/example_branch_operator.py
[2025-05-04T22:37:58.160+0000] {logging_mixin.py:188} INFO - [2025-05-04T22:37:58.160+0000] {dag.py:3033} INFO - Sync 1 DAGs
[2025-05-04T22:37:58.173+0000] {logging_mixin.py:188} INFO - [2025-05-04T22:37:58.173+0000] {dag.py:3820} INFO - Setting next_dagrun for example_branch_operator to 2025-05-03T00:00:00+00:00, run_after=2025-05-04T00:00:00+00:00
[2025-05-04T22:37:58.185+0000] {processor.py:183} INFO - Processing /home/airflow/.local/lib/python3.8/site-packages/airflow/example_dags/example_branch_operator.py took 0.048 seconds
[2025-05-04T22:38:28.847+0000] {processor.py:161} INFO - Started process (PID=302) to work on /home/airflow/.local/lib/python3.8/site-packages/airflow/example_dags/example_branch_operator.py
[2025-05-04T22:38:28.847+0000] {processor.py:830} INFO - Processing file /home/airflow/.local/lib/python3.8/site-packages/airflow/example_dags/example_branch_operator.py for tasks to queue
[2025-05-04T22:38:28.848+0000] {logging_mixin.py:188} INFO - [2025-05-04T22:38:28.848+0000] {dagbag.py:538} INFO - Filling up the DagBag from /home/airflow/.local/lib/python3.8/site-packages/airflow/example_dags/example_branch_operator.py
[2025-05-04T22:38:28.859+0000] {processor.py:840} INFO - DAG(s) 'example_branch_operator' retrieved from /home/airflow/.local/lib/python3.8/site-packages/airflow/example_dags/example_branch_operator.py
[2025-05-04T22:38:28.874+0000] {logging_mixin.py:188} INFO - [2025-05-04T22:38:28.874+0000] {dag.py:3033} INFO - Sync 1 DAGs
[2025-05-04T22:38:28.886+0000] {logging_mixin.py:188} INFO - [2025-05-04T22:38:28.886+0000] {dag.py:3820} INFO - Setting next_dagrun for example_branch_operator to 2025-05-03T00:00:00+00:00, run_after=2025-05-04T00:00:00+00:00
[2025-05-04T22:38:28.899+0000] {processor.py:183} INFO - Processing /home/airflow/.local/lib/python3.8/site-packages/airflow/example_dags/example_branch_operator.py took 0.054 seconds
[2025-05-04T22:38:59.580+0000] {processor.py:161} INFO - Started process (PID=358) to work on /home/airflow/.local/lib/python3.8/site-packages/airflow/example_dags/example_branch_operator.py
[2025-05-04T22:38:59.580+0000] {processor.py:830} INFO - Processing file /home/airflow/.local/lib/python3.8/site-packages/airflow/example_dags/example_branch_operator.py for tasks to queue
[2025-05-04T22:38:59.581+0000] {logging_mixin.py:188} INFO - [2025-05-04T22:38:59.581+0000] {dagbag.py:538} INFO - Filling up the DagBag from /home/airflow/.local/lib/python3.8/site-packages/airflow/example_dags/example_branch_operator.py
[2025-05-04T22:38:59.592+0000] {processor.py:840} INFO - DAG(s) 'example_branch_operator' retrieved from /home/airflow/.local/lib/python3.8/site-packages/airflow/example_dags/example_branch_operator.py
[2025-05-04T22:38:59.606+0000] {logging_mixin.py:188} INFO - [2025-05-04T22:38:59.606+0000] {dag.py:3033} INFO - Sync 1 DAGs
[2025-05-04T22:38:59.618+0000] {logging_mixin.py:188} INFO - [2025-05-04T22:38:59.617+0000] {dag.py:3820} INFO - Setting next_dagrun for example_branch_operator to 2025-05-03T00:00:00+00:00, run_after=2025-05-04T00:00:00+00:00
[2025-05-04T22:38:59.627+0000] {processor.py:183} INFO - Processing /home/airflow/.local/lib/python3.8/site-packages/airflow/example_dags/example_branch_operator.py took 0.050 seconds
[2025-05-04T22:39:30.486+0000] {processor.py:161} INFO - Started process (PID=414) to work on /home/airflow/.local/lib/python3.8/site-packages/airflow/example_dags/example_branch_operator.py
[2025-05-04T22:39:30.487+0000] {processor.py:830} INFO - Processing file /home/airflow/.local/lib/python3.8/site-packages/airflow/example_dags/example_branch_operator.py for tasks to queue
[2025-05-04T22:39:30.488+0000] {logging_mixin.py:188} INFO - [2025-05-04T22:39:30.488+0000] {dagbag.py:538} INFO - Filling up the DagBag from /home/airflow/.local/lib/python3.8/site-packages/airflow/example_dags/example_branch_operator.py
[2025-05-04T22:39:30.498+0000] {processor.py:840} INFO - DAG(s) 'example_branch_operator' retrieved from /home/airflow/.local/lib/python3.8/site-packages/airflow/example_dags/example_branch_operator.py
[2025-05-04T22:39:30.513+0000] {logging_mixin.py:188} INFO - [2025-05-04T22:39:30.513+0000] {dag.py:3033} INFO - Sync 1 DAGs
[2025-05-04T22:39:30.526+0000] {logging_mixin.py:188} INFO - [2025-05-04T22:39:30.526+0000] {dag.py:3820} INFO - Setting next_dagrun for example_branch_operator to 2025-05-03T00:00:00+00:00, run_after=2025-05-04T00:00:00+00:00
[2025-05-04T22:39:30.536+0000] {processor.py:183} INFO - Processing /home/airflow/.local/lib/python3.8/site-packages/airflow/example_dags/example_branch_operator.py took 0.051 seconds
[2025-05-04T22:40:01.309+0000] {processor.py:161} INFO - Started process (PID=471) to work on /home/airflow/.local/lib/python3.8/site-packages/airflow/example_dags/example_branch_operator.py
[2025-05-04T22:40:01.310+0000] {processor.py:830} INFO - Processing file /home/airflow/.local/lib/python3.8/site-packages/airflow/example_dags/example_branch_operator.py for tasks to queue
[2025-05-04T22:40:01.311+0000] {logging_mixin.py:188} INFO - [2025-05-04T22:40:01.311+0000] {dagbag.py:538} INFO - Filling up the DagBag from /home/airflow/.local/lib/python3.8/site-packages/airflow/example_dags/example_branch_operator.py
[2025-05-04T22:40:01.319+0000] {processor.py:840} INFO - DAG(s) 'example_branch_operator' retrieved from /home/airflow/.local/lib/python3.8/site-packages/airflow/example_dags/example_branch_operator.py
[2025-05-04T22:40:01.332+0000] {logging_mixin.py:188} INFO - [2025-05-04T22:40:01.332+0000] {dag.py:3033} INFO - Sync 1 DAGs
[2025-05-04T22:40:01.346+0000] {logging_mixin.py:188} INFO - [2025-05-04T22:40:01.345+0000] {dag.py:3820} INFO - Setting next_dagrun for example_branch_operator to 2025-05-03T00:00:00+00:00, run_after=2025-05-04T00:00:00+00:00
[2025-05-04T22:40:01.360+0000] {processor.py:183} INFO - Processing /home/airflow/.local/lib/python3.8/site-packages/airflow/example_dags/example_branch_operator.py took 0.052 seconds
[2025-05-04T22:40:32.403+0000] {processor.py:161} INFO - Started process (PID=527) to work on /home/airflow/.local/lib/python3.8/site-packages/airflow/example_dags/example_branch_operator.py
[2025-05-04T22:40:32.407+0000] {processor.py:830} INFO - Processing file /home/airflow/.local/lib/python3.8/site-packages/airflow/example_dags/example_branch_operator.py for tasks to queue
[2025-05-04T22:40:32.410+0000] {logging_mixin.py:188} INFO - [2025-05-04T22:40:32.409+0000] {dagbag.py:538} INFO - Filling up the DagBag from /home/airflow/.local/lib/python3.8/site-packages/airflow/example_dags/example_branch_operator.py
[2025-05-04T22:40:32.424+0000] {processor.py:840} INFO - DAG(s) 'example_branch_operator' retrieved from /home/airflow/.local/lib/python3.8/site-packages/airflow/example_dags/example_branch_operator.py
[2025-05-04T22:40:32.443+0000] {logging_mixin.py:188} INFO - [2025-05-04T22:40:32.443+0000] {dag.py:3033} INFO - Sync 1 DAGs
[2025-05-04T22:40:32.459+0000] {logging_mixin.py:188} INFO - [2025-05-04T22:40:32.459+0000] {dag.py:3820} INFO - Setting next_dagrun for example_branch_operator to 2025-05-03T00:00:00+00:00, run_after=2025-05-04T00:00:00+00:00
[2025-05-04T22:40:32.471+0000] {processor.py:183} INFO - Processing /home/airflow/.local/lib/python3.8/site-packages/airflow/example_dags/example_branch_operator.py took 0.071 seconds
[2025-05-04T22:41:03.423+0000] {processor.py:161} INFO - Started process (PID=583) to work on /home/airflow/.local/lib/python3.8/site-packages/airflow/example_dags/example_branch_operator.py
[2025-05-04T22:41:03.424+0000] {processor.py:830} INFO - Processing file /home/airflow/.local/lib/python3.8/site-packages/airflow/example_dags/example_branch_operator.py for tasks to queue
[2025-05-04T22:41:03.426+0000] {logging_mixin.py:188} INFO - [2025-05-04T22:41:03.426+0000] {dagbag.py:538} INFO - Filling up the DagBag from /home/airflow/.local/lib/python3.8/site-packages/airflow/example_dags/example_branch_operator.py
[2025-05-04T22:41:03.440+0000] {processor.py:840} INFO - DAG(s) 'example_branch_operator' retrieved from /home/airflow/.local/lib/python3.8/site-packages/airflow/example_dags/example_branch_operator.py
[2025-05-04T22:41:03.459+0000] {logging_mixin.py:188} INFO - [2025-05-04T22:41:03.459+0000] {dag.py:3033} INFO - Sync 1 DAGs
[2025-05-04T22:41:03.472+0000] {logging_mixin.py:188} INFO - [2025-05-04T22:41:03.472+0000] {dag.py:3820} INFO - Setting next_dagrun for example_branch_operator to 2025-05-03T00:00:00+00:00, run_after=2025-05-04T00:00:00+00:00
[2025-05-04T22:41:03.484+0000] {processor.py:183} INFO - Processing /home/airflow/.local/lib/python3.8/site-packages/airflow/example_dags/example_branch_operator.py took 0.063 seconds
[2025-05-04T22:41:34.010+0000] {processor.py:161} INFO - Started process (PID=639) to work on /home/airflow/.local/lib/python3.8/site-packages/airflow/example_dags/example_branch_operator.py
[2025-05-04T22:41:34.012+0000] {processor.py:830} INFO - Processing file /home/airflow/.local/lib/python3.8/site-packages/airflow/example_dags/example_branch_operator.py for tasks to queue
[2025-05-04T22:41:34.013+0000] {logging_mixin.py:188} INFO - [2025-05-04T22:41:34.013+0000] {dagbag.py:538} INFO - Filling up the DagBag from /home/airflow/.local/lib/python3.8/site-packages/airflow/example_dags/example_branch_operator.py
[2025-05-04T22:41:34.024+0000] {processor.py:840} INFO - DAG(s) 'example_branch_operator' retrieved from /home/airflow/.local/lib/python3.8/site-packages/airflow/example_dags/example_branch_operator.py
[2025-05-04T22:41:34.040+0000] {logging_mixin.py:188} INFO - [2025-05-04T22:41:34.040+0000] {dag.py:3033} INFO - Sync 1 DAGs
[2025-05-04T22:41:34.051+0000] {logging_mixin.py:188} INFO - [2025-05-04T22:41:34.051+0000] {dag.py:3820} INFO - Setting next_dagrun for example_branch_operator to 2025-05-03T00:00:00+00:00, run_after=2025-05-04T00:00:00+00:00
[2025-05-04T22:41:34.064+0000] {processor.py:183} INFO - Processing /home/airflow/.local/lib/python3.8/site-packages/airflow/example_dags/example_branch_operator.py took 0.056 seconds
[2025-05-04T22:42:04.955+0000] {processor.py:161} INFO - Started process (PID=695) to work on /home/airflow/.local/lib/python3.8/site-packages/airflow/example_dags/example_branch_operator.py
[2025-05-04T22:42:04.958+0000] {processor.py:830} INFO - Processing file /home/airflow/.local/lib/python3.8/site-packages/airflow/example_dags/example_branch_operator.py for tasks to queue
[2025-05-04T22:42:04.960+0000] {logging_mixin.py:188} INFO - [2025-05-04T22:42:04.959+0000] {dagbag.py:538} INFO - Filling up the DagBag from /home/airflow/.local/lib/python3.8/site-packages/airflow/example_dags/example_branch_operator.py
[2025-05-04T22:42:04.972+0000] {processor.py:840} INFO - DAG(s) 'example_branch_operator' retrieved from /home/airflow/.local/lib/python3.8/site-packages/airflow/example_dags/example_branch_operator.py
[2025-05-04T22:42:04.989+0000] {logging_mixin.py:188} INFO - [2025-05-04T22:42:04.989+0000] {dag.py:3033} INFO - Sync 1 DAGs
[2025-05-04T22:42:05.001+0000] {logging_mixin.py:188} INFO - [2025-05-04T22:42:05.001+0000] {dag.py:3820} INFO - Setting next_dagrun for example_branch_operator to 2025-05-03T00:00:00+00:00, run_after=2025-05-04T00:00:00+00:00
[2025-05-04T22:42:05.014+0000] {processor.py:183} INFO - Processing /home/airflow/.local/lib/python3.8/site-packages/airflow/example_dags/example_branch_operator.py took 0.062 seconds
[2025-05-04T22:42:35.680+0000] {processor.py:161} INFO - Started process (PID=751) to work on /home/airflow/.local/lib/python3.8/site-packages/airflow/example_dags/example_branch_operator.py
[2025-05-04T22:42:35.681+0000] {processor.py:830} INFO - Processing file /home/airflow/.local/lib/python3.8/site-packages/airflow/example_dags/example_branch_operator.py for tasks to queue
[2025-05-04T22:42:35.685+0000] {logging_mixin.py:188} INFO - [2025-05-04T22:42:35.685+0000] {dagbag.py:538} INFO - Filling up the DagBag from /home/airflow/.local/lib/python3.8/site-packages/airflow/example_dags/example_branch_operator.py
[2025-05-04T22:42:35.695+0000] {processor.py:840} INFO - DAG(s) 'example_branch_operator' retrieved from /home/airflow/.local/lib/python3.8/site-packages/airflow/example_dags/example_branch_operator.py
[2025-05-04T22:42:35.715+0000] {logging_mixin.py:188} INFO - [2025-05-04T22:42:35.715+0000] {dag.py:3033} INFO - Sync 1 DAGs
[2025-05-04T22:42:35.727+0000] {logging_mixin.py:188} INFO - [2025-05-04T22:42:35.727+0000] {dag.py:3820} INFO - Setting next_dagrun for example_branch_operator to 2025-05-03T00:00:00+00:00, run_after=2025-05-04T00:00:00+00:00
[2025-05-04T22:42:35.740+0000] {processor.py:183} INFO - Processing /home/airflow/.local/lib/python3.8/site-packages/airflow/example_dags/example_branch_operator.py took 0.062 seconds
[2025-05-04T22:43:06.676+0000] {processor.py:161} INFO - Started process (PID=807) to work on /home/airflow/.local/lib/python3.8/site-packages/airflow/example_dags/example_branch_operator.py
[2025-05-04T22:43:06.677+0000] {processor.py:830} INFO - Processing file /home/airflow/.local/lib/python3.8/site-packages/airflow/example_dags/example_branch_operator.py for tasks to queue
[2025-05-04T22:43:06.680+0000] {logging_mixin.py:188} INFO - [2025-05-04T22:43:06.679+0000] {dagbag.py:538} INFO - Filling up the DagBag from /home/airflow/.local/lib/python3.8/site-packages/airflow/example_dags/example_branch_operator.py
[2025-05-04T22:43:06.695+0000] {processor.py:840} INFO - DAG(s) 'example_branch_operator' retrieved from /home/airflow/.local/lib/python3.8/site-packages/airflow/example_dags/example_branch_operator.py
[2025-05-04T22:43:06.713+0000] {logging_mixin.py:188} INFO - [2025-05-04T22:43:06.713+0000] {dag.py:3033} INFO - Sync 1 DAGs
[2025-05-04T22:43:06.727+0000] {logging_mixin.py:188} INFO - [2025-05-04T22:43:06.727+0000] {dag.py:3820} INFO - Setting next_dagrun for example_branch_operator to 2025-05-03T00:00:00+00:00, run_after=2025-05-04T00:00:00+00:00
[2025-05-04T22:43:06.739+0000] {processor.py:183} INFO - Processing /home/airflow/.local/lib/python3.8/site-packages/airflow/example_dags/example_branch_operator.py took 0.067 seconds
[2025-05-04T22:43:37.556+0000] {processor.py:161} INFO - Started process (PID=863) to work on /home/airflow/.local/lib/python3.8/site-packages/airflow/example_dags/example_branch_operator.py
[2025-05-04T22:43:37.559+0000] {processor.py:830} INFO - Processing file /home/airflow/.local/lib/python3.8/site-packages/airflow/example_dags/example_branch_operator.py for tasks to queue
[2025-05-04T22:43:37.560+0000] {logging_mixin.py:188} INFO - [2025-05-04T22:43:37.560+0000] {dagbag.py:538} INFO - Filling up the DagBag from /home/airflow/.local/lib/python3.8/site-packages/airflow/example_dags/example_branch_operator.py
[2025-05-04T22:43:37.571+0000] {processor.py:840} INFO - DAG(s) 'example_branch_operator' retrieved from /home/airflow/.local/lib/python3.8/site-packages/airflow/example_dags/example_branch_operator.py
[2025-05-04T22:43:37.587+0000] {logging_mixin.py:188} INFO - [2025-05-04T22:43:37.587+0000] {dag.py:3033} INFO - Sync 1 DAGs
[2025-05-04T22:43:37.600+0000] {logging_mixin.py:188} INFO - [2025-05-04T22:43:37.600+0000] {dag.py:3820} INFO - Setting next_dagrun for example_branch_operator to 2025-05-03T00:00:00+00:00, run_after=2025-05-04T00:00:00+00:00
[2025-05-04T22:43:37.611+0000] {processor.py:183} INFO - Processing /home/airflow/.local/lib/python3.8/site-packages/airflow/example_dags/example_branch_operator.py took 0.058 seconds
[2025-05-04T22:44:08.370+0000] {processor.py:161} INFO - Started process (PID=919) to work on /home/airflow/.local/lib/python3.8/site-packages/airflow/example_dags/example_branch_operator.py
[2025-05-04T22:44:08.371+0000] {processor.py:830} INFO - Processing file /home/airflow/.local/lib/python3.8/site-packages/airflow/example_dags/example_branch_operator.py for tasks to queue
[2025-05-04T22:44:08.372+0000] {logging_mixin.py:188} INFO - [2025-05-04T22:44:08.372+0000] {dagbag.py:538} INFO - Filling up the DagBag from /home/airflow/.local/lib/python3.8/site-packages/airflow/example_dags/example_branch_operator.py
[2025-05-04T22:44:08.383+0000] {processor.py:840} INFO - DAG(s) 'example_branch_operator' retrieved from /home/airflow/.local/lib/python3.8/site-packages/airflow/example_dags/example_branch_operator.py
[2025-05-04T22:44:08.400+0000] {logging_mixin.py:188} INFO - [2025-05-04T22:44:08.400+0000] {dag.py:3033} INFO - Sync 1 DAGs
[2025-05-04T22:44:08.416+0000] {logging_mixin.py:188} INFO - [2025-05-04T22:44:08.416+0000] {dag.py:3820} INFO - Setting next_dagrun for example_branch_operator to 2025-05-03T00:00:00+00:00, run_after=2025-05-04T00:00:00+00:00
[2025-05-04T22:44:08.428+0000] {processor.py:183} INFO - Processing /home/airflow/.local/lib/python3.8/site-packages/airflow/example_dags/example_branch_operator.py took 0.060 seconds
[2025-05-04T22:44:39.167+0000] {processor.py:161} INFO - Started process (PID=975) to work on /home/airflow/.local/lib/python3.8/site-packages/airflow/example_dags/example_branch_operator.py
[2025-05-04T22:44:39.169+0000] {processor.py:830} INFO - Processing file /home/airflow/.local/lib/python3.8/site-packages/airflow/example_dags/example_branch_operator.py for tasks to queue
[2025-05-04T22:44:39.172+0000] {logging_mixin.py:188} INFO - [2025-05-04T22:44:39.172+0000] {dagbag.py:538} INFO - Filling up the DagBag from /home/airflow/.local/lib/python3.8/site-packages/airflow/example_dags/example_branch_operator.py
[2025-05-04T22:44:39.184+0000] {processor.py:840} INFO - DAG(s) 'example_branch_operator' retrieved from /home/airflow/.local/lib/python3.8/site-packages/airflow/example_dags/example_branch_operator.py
[2025-05-04T22:44:39.201+0000] {logging_mixin.py:188} INFO - [2025-05-04T22:44:39.201+0000] {dag.py:3033} INFO - Sync 1 DAGs
[2025-05-04T22:44:39.213+0000] {logging_mixin.py:188} INFO - [2025-05-04T22:44:39.213+0000] {dag.py:3820} INFO - Setting next_dagrun for example_branch_operator to 2025-05-03T00:00:00+00:00, run_after=2025-05-04T00:00:00+00:00
[2025-05-04T22:44:39.225+0000] {processor.py:183} INFO - Processing /home/airflow/.local/lib/python3.8/site-packages/airflow/example_dags/example_branch_operator.py took 0.061 seconds
[2025-05-04T22:45:10.001+0000] {processor.py:161} INFO - Started process (PID=1031) to work on /home/airflow/.local/lib/python3.8/site-packages/airflow/example_dags/example_branch_operator.py
[2025-05-04T22:45:10.002+0000] {processor.py:830} INFO - Processing file /home/airflow/.local/lib/python3.8/site-packages/airflow/example_dags/example_branch_operator.py for tasks to queue
[2025-05-04T22:45:10.005+0000] {logging_mixin.py:188} INFO - [2025-05-04T22:45:10.004+0000] {dagbag.py:538} INFO - Filling up the DagBag from /home/airflow/.local/lib/python3.8/site-packages/airflow/example_dags/example_branch_operator.py
[2025-05-04T22:45:10.015+0000] {processor.py:840} INFO - DAG(s) 'example_branch_operator' retrieved from /home/airflow/.local/lib/python3.8/site-packages/airflow/example_dags/example_branch_operator.py
[2025-05-04T22:45:10.032+0000] {logging_mixin.py:188} INFO - [2025-05-04T22:45:10.031+0000] {dag.py:3033} INFO - Sync 1 DAGs
[2025-05-04T22:45:10.049+0000] {logging_mixin.py:188} INFO - [2025-05-04T22:45:10.049+0000] {dag.py:3820} INFO - Setting next_dagrun for example_branch_operator to 2025-05-03T00:00:00+00:00, run_after=2025-05-04T00:00:00+00:00
[2025-05-04T22:45:10.062+0000] {processor.py:183} INFO - Processing /home/airflow/.local/lib/python3.8/site-packages/airflow/example_dags/example_branch_operator.py took 0.065 seconds
[2025-05-04T22:45:40.933+0000] {processor.py:161} INFO - Started process (PID=1087) to work on /home/airflow/.local/lib/python3.8/site-packages/airflow/example_dags/example_branch_operator.py
[2025-05-04T22:45:40.934+0000] {processor.py:830} INFO - Processing file /home/airflow/.local/lib/python3.8/site-packages/airflow/example_dags/example_branch_operator.py for tasks to queue
[2025-05-04T22:45:40.936+0000] {logging_mixin.py:188} INFO - [2025-05-04T22:45:40.935+0000] {dagbag.py:538} INFO - Filling up the DagBag from /home/airflow/.local/lib/python3.8/site-packages/airflow/example_dags/example_branch_operator.py
[2025-05-04T22:45:40.946+0000] {processor.py:840} INFO - DAG(s) 'example_branch_operator' retrieved from /home/airflow/.local/lib/python3.8/site-packages/airflow/example_dags/example_branch_operator.py
[2025-05-04T22:45:40.968+0000] {logging_mixin.py:188} INFO - [2025-05-04T22:45:40.968+0000] {dag.py:3033} INFO - Sync 1 DAGs
[2025-05-04T22:45:40.983+0000] {logging_mixin.py:188} INFO - [2025-05-04T22:45:40.983+0000] {dag.py:3820} INFO - Setting next_dagrun for example_branch_operator to 2025-05-03T00:00:00+00:00, run_after=2025-05-04T00:00:00+00:00
[2025-05-04T22:45:40.994+0000] {processor.py:183} INFO - Processing /home/airflow/.local/lib/python3.8/site-packages/airflow/example_dags/example_branch_operator.py took 0.063 seconds
[2025-05-04T22:46:32.448+0000] {processor.py:161} INFO - Started process (PID=79) to work on /home/airflow/.local/lib/python3.8/site-packages/airflow/example_dags/example_branch_operator.py
[2025-05-04T22:46:32.451+0000] {processor.py:830} INFO - Processing file /home/airflow/.local/lib/python3.8/site-packages/airflow/example_dags/example_branch_operator.py for tasks to queue
[2025-05-04T22:46:32.452+0000] {logging_mixin.py:188} INFO - [2025-05-04T22:46:32.451+0000] {dagbag.py:538} INFO - Filling up the DagBag from /home/airflow/.local/lib/python3.8/site-packages/airflow/example_dags/example_branch_operator.py
[2025-05-04T22:46:32.460+0000] {processor.py:840} INFO - DAG(s) 'example_branch_operator' retrieved from /home/airflow/.local/lib/python3.8/site-packages/airflow/example_dags/example_branch_operator.py
[2025-05-04T22:46:32.469+0000] {logging_mixin.py:188} INFO - [2025-05-04T22:46:32.469+0000] {dag.py:3033} INFO - Sync 1 DAGs
[2025-05-04T22:46:32.481+0000] {logging_mixin.py:188} INFO - [2025-05-04T22:46:32.481+0000] {dag.py:3820} INFO - Setting next_dagrun for example_branch_operator to 2025-05-03T00:00:00+00:00, run_after=2025-05-04T00:00:00+00:00
[2025-05-04T22:46:32.491+0000] {processor.py:183} INFO - Processing /home/airflow/.local/lib/python3.8/site-packages/airflow/example_dags/example_branch_operator.py took 0.044 seconds
[2025-05-04T22:46:56.936+0000] {processor.py:161} INFO - Started process (PID=78) to work on /home/airflow/.local/lib/python3.8/site-packages/airflow/example_dags/example_branch_operator.py
[2025-05-04T22:46:56.937+0000] {processor.py:830} INFO - Processing file /home/airflow/.local/lib/python3.8/site-packages/airflow/example_dags/example_branch_operator.py for tasks to queue
[2025-05-04T22:46:56.941+0000] {logging_mixin.py:188} INFO - [2025-05-04T22:46:56.941+0000] {dagbag.py:538} INFO - Filling up the DagBag from /home/airflow/.local/lib/python3.8/site-packages/airflow/example_dags/example_branch_operator.py
[2025-05-04T22:46:56.950+0000] {processor.py:840} INFO - DAG(s) 'example_branch_operator' retrieved from /home/airflow/.local/lib/python3.8/site-packages/airflow/example_dags/example_branch_operator.py
[2025-05-04T22:46:56.957+0000] {logging_mixin.py:188} INFO - [2025-05-04T22:46:56.957+0000] {dag.py:3033} INFO - Sync 1 DAGs
[2025-05-04T22:46:56.970+0000] {logging_mixin.py:188} INFO - [2025-05-04T22:46:56.969+0000] {dag.py:3820} INFO - Setting next_dagrun for example_branch_operator to 2025-05-03T00:00:00+00:00, run_after=2025-05-04T00:00:00+00:00
[2025-05-04T22:46:56.980+0000] {processor.py:183} INFO - Processing /home/airflow/.local/lib/python3.8/site-packages/airflow/example_dags/example_branch_operator.py took 0.045 seconds
[2025-05-04T22:47:52.746+0000] {processor.py:161} INFO - Started process (PID=79) to work on /home/airflow/.local/lib/python3.8/site-packages/airflow/example_dags/example_branch_operator.py
[2025-05-04T22:47:52.747+0000] {processor.py:830} INFO - Processing file /home/airflow/.local/lib/python3.8/site-packages/airflow/example_dags/example_branch_operator.py for tasks to queue
[2025-05-04T22:47:52.749+0000] {logging_mixin.py:188} INFO - [2025-05-04T22:47:52.749+0000] {dagbag.py:538} INFO - Filling up the DagBag from /home/airflow/.local/lib/python3.8/site-packages/airflow/example_dags/example_branch_operator.py
[2025-05-04T22:47:52.759+0000] {processor.py:840} INFO - DAG(s) 'example_branch_operator' retrieved from /home/airflow/.local/lib/python3.8/site-packages/airflow/example_dags/example_branch_operator.py
[2025-05-04T22:47:52.767+0000] {logging_mixin.py:188} INFO - [2025-05-04T22:47:52.767+0000] {dag.py:3033} INFO - Sync 1 DAGs
[2025-05-04T22:47:52.777+0000] {logging_mixin.py:188} INFO - [2025-05-04T22:47:52.777+0000] {dag.py:3820} INFO - Setting next_dagrun for example_branch_operator to 2025-05-03T00:00:00+00:00, run_after=2025-05-04T00:00:00+00:00
[2025-05-04T22:47:52.784+0000] {processor.py:183} INFO - Processing /home/airflow/.local/lib/python3.8/site-packages/airflow/example_dags/example_branch_operator.py took 0.040 seconds
[2025-05-04T22:48:22.971+0000] {processor.py:161} INFO - Started process (PID=135) to work on /home/airflow/.local/lib/python3.8/site-packages/airflow/example_dags/example_branch_operator.py
[2025-05-04T22:48:22.971+0000] {processor.py:830} INFO - Processing file /home/airflow/.local/lib/python3.8/site-packages/airflow/example_dags/example_branch_operator.py for tasks to queue
[2025-05-04T22:48:22.972+0000] {logging_mixin.py:188} INFO - [2025-05-04T22:48:22.972+0000] {dagbag.py:538} INFO - Filling up the DagBag from /home/airflow/.local/lib/python3.8/site-packages/airflow/example_dags/example_branch_operator.py
[2025-05-04T22:48:22.980+0000] {processor.py:840} INFO - DAG(s) 'example_branch_operator' retrieved from /home/airflow/.local/lib/python3.8/site-packages/airflow/example_dags/example_branch_operator.py
[2025-05-04T22:48:23.036+0000] {logging_mixin.py:188} INFO - [2025-05-04T22:48:23.035+0000] {dag.py:3033} INFO - Sync 1 DAGs
[2025-05-04T22:48:23.046+0000] {logging_mixin.py:188} INFO - [2025-05-04T22:48:23.046+0000] {dag.py:3820} INFO - Setting next_dagrun for example_branch_operator to 2025-05-03T00:00:00+00:00, run_after=2025-05-04T00:00:00+00:00
[2025-05-04T22:48:23.063+0000] {processor.py:183} INFO - Processing /home/airflow/.local/lib/python3.8/site-packages/airflow/example_dags/example_branch_operator.py took 0.094 seconds
[2025-05-04T22:48:53.747+0000] {processor.py:161} INFO - Started process (PID=191) to work on /home/airflow/.local/lib/python3.8/site-packages/airflow/example_dags/example_branch_operator.py
[2025-05-04T22:48:53.748+0000] {processor.py:830} INFO - Processing file /home/airflow/.local/lib/python3.8/site-packages/airflow/example_dags/example_branch_operator.py for tasks to queue
[2025-05-04T22:48:53.750+0000] {logging_mixin.py:188} INFO - [2025-05-04T22:48:53.750+0000] {dagbag.py:538} INFO - Filling up the DagBag from /home/airflow/.local/lib/python3.8/site-packages/airflow/example_dags/example_branch_operator.py
[2025-05-04T22:48:53.757+0000] {processor.py:840} INFO - DAG(s) 'example_branch_operator' retrieved from /home/airflow/.local/lib/python3.8/site-packages/airflow/example_dags/example_branch_operator.py
[2025-05-04T22:48:53.774+0000] {logging_mixin.py:188} INFO - [2025-05-04T22:48:53.773+0000] {dag.py:3033} INFO - Sync 1 DAGs
[2025-05-04T22:48:53.785+0000] {logging_mixin.py:188} INFO - [2025-05-04T22:48:53.785+0000] {dag.py:3820} INFO - Setting next_dagrun for example_branch_operator to 2025-05-03T00:00:00+00:00, run_after=2025-05-04T00:00:00+00:00
[2025-05-04T22:48:53.792+0000] {processor.py:183} INFO - Processing /home/airflow/.local/lib/python3.8/site-packages/airflow/example_dags/example_branch_operator.py took 0.047 seconds
[2025-05-04T22:49:24.683+0000] {processor.py:161} INFO - Started process (PID=247) to work on /home/airflow/.local/lib/python3.8/site-packages/airflow/example_dags/example_branch_operator.py
[2025-05-04T22:49:24.684+0000] {processor.py:830} INFO - Processing file /home/airflow/.local/lib/python3.8/site-packages/airflow/example_dags/example_branch_operator.py for tasks to queue
[2025-05-04T22:49:24.685+0000] {logging_mixin.py:188} INFO - [2025-05-04T22:49:24.685+0000] {dagbag.py:538} INFO - Filling up the DagBag from /home/airflow/.local/lib/python3.8/site-packages/airflow/example_dags/example_branch_operator.py
[2025-05-04T22:49:24.694+0000] {processor.py:840} INFO - DAG(s) 'example_branch_operator' retrieved from /home/airflow/.local/lib/python3.8/site-packages/airflow/example_dags/example_branch_operator.py
[2025-05-04T22:49:24.708+0000] {logging_mixin.py:188} INFO - [2025-05-04T22:49:24.708+0000] {dag.py:3033} INFO - Sync 1 DAGs
[2025-05-04T22:49:24.719+0000] {logging_mixin.py:188} INFO - [2025-05-04T22:49:24.719+0000] {dag.py:3820} INFO - Setting next_dagrun for example_branch_operator to 2025-05-03T00:00:00+00:00, run_after=2025-05-04T00:00:00+00:00
[2025-05-04T22:49:24.731+0000] {processor.py:183} INFO - Processing /home/airflow/.local/lib/python3.8/site-packages/airflow/example_dags/example_branch_operator.py took 0.050 seconds
[2025-05-04T22:49:55.263+0000] {processor.py:161} INFO - Started process (PID=303) to work on /home/airflow/.local/lib/python3.8/site-packages/airflow/example_dags/example_branch_operator.py
[2025-05-04T22:49:55.264+0000] {processor.py:830} INFO - Processing file /home/airflow/.local/lib/python3.8/site-packages/airflow/example_dags/example_branch_operator.py for tasks to queue
[2025-05-04T22:49:55.265+0000] {logging_mixin.py:188} INFO - [2025-05-04T22:49:55.265+0000] {dagbag.py:538} INFO - Filling up the DagBag from /home/airflow/.local/lib/python3.8/site-packages/airflow/example_dags/example_branch_operator.py
[2025-05-04T22:49:55.274+0000] {processor.py:840} INFO - DAG(s) 'example_branch_operator' retrieved from /home/airflow/.local/lib/python3.8/site-packages/airflow/example_dags/example_branch_operator.py
[2025-05-04T22:49:55.287+0000] {logging_mixin.py:188} INFO - [2025-05-04T22:49:55.287+0000] {dag.py:3033} INFO - Sync 1 DAGs
[2025-05-04T22:49:55.296+0000] {logging_mixin.py:188} INFO - [2025-05-04T22:49:55.296+0000] {dag.py:3820} INFO - Setting next_dagrun for example_branch_operator to 2025-05-03T00:00:00+00:00, run_after=2025-05-04T00:00:00+00:00
[2025-05-04T22:49:55.308+0000] {processor.py:183} INFO - Processing /home/airflow/.local/lib/python3.8/site-packages/airflow/example_dags/example_branch_operator.py took 0.047 seconds
[2025-05-04T22:50:26.072+0000] {processor.py:161} INFO - Started process (PID=359) to work on /home/airflow/.local/lib/python3.8/site-packages/airflow/example_dags/example_branch_operator.py
[2025-05-04T22:50:26.073+0000] {processor.py:830} INFO - Processing file /home/airflow/.local/lib/python3.8/site-packages/airflow/example_dags/example_branch_operator.py for tasks to queue
[2025-05-04T22:50:26.074+0000] {logging_mixin.py:188} INFO - [2025-05-04T22:50:26.074+0000] {dagbag.py:538} INFO - Filling up the DagBag from /home/airflow/.local/lib/python3.8/site-packages/airflow/example_dags/example_branch_operator.py
[2025-05-04T22:50:26.083+0000] {processor.py:840} INFO - DAG(s) 'example_branch_operator' retrieved from /home/airflow/.local/lib/python3.8/site-packages/airflow/example_dags/example_branch_operator.py
[2025-05-04T22:50:26.098+0000] {logging_mixin.py:188} INFO - [2025-05-04T22:50:26.098+0000] {dag.py:3033} INFO - Sync 1 DAGs
[2025-05-04T22:50:26.108+0000] {logging_mixin.py:188} INFO - [2025-05-04T22:50:26.108+0000] {dag.py:3820} INFO - Setting next_dagrun for example_branch_operator to 2025-05-03T00:00:00+00:00, run_after=2025-05-04T00:00:00+00:00
[2025-05-04T22:50:26.115+0000] {processor.py:183} INFO - Processing /home/airflow/.local/lib/python3.8/site-packages/airflow/example_dags/example_branch_operator.py took 0.045 seconds
[2025-05-04T22:50:59.201+0000] {processor.py:161} INFO - Started process (PID=79) to work on /home/airflow/.local/lib/python3.8/site-packages/airflow/example_dags/example_branch_operator.py
[2025-05-04T22:50:59.203+0000] {processor.py:830} INFO - Processing file /home/airflow/.local/lib/python3.8/site-packages/airflow/example_dags/example_branch_operator.py for tasks to queue
[2025-05-04T22:50:59.205+0000] {logging_mixin.py:188} INFO - [2025-05-04T22:50:59.204+0000] {dagbag.py:538} INFO - Filling up the DagBag from /home/airflow/.local/lib/python3.8/site-packages/airflow/example_dags/example_branch_operator.py
[2025-05-04T22:50:59.215+0000] {processor.py:840} INFO - DAG(s) 'example_branch_operator' retrieved from /home/airflow/.local/lib/python3.8/site-packages/airflow/example_dags/example_branch_operator.py
[2025-05-04T22:50:59.223+0000] {logging_mixin.py:188} INFO - [2025-05-04T22:50:59.223+0000] {dag.py:3033} INFO - Sync 1 DAGs
[2025-05-04T22:50:59.240+0000] {logging_mixin.py:188} INFO - [2025-05-04T22:50:59.240+0000] {dag.py:3820} INFO - Setting next_dagrun for example_branch_operator to 2025-05-03T00:00:00+00:00, run_after=2025-05-04T00:00:00+00:00
[2025-05-04T22:50:59.269+0000] {processor.py:183} INFO - Processing /home/airflow/.local/lib/python3.8/site-packages/airflow/example_dags/example_branch_operator.py took 0.071 seconds
[2025-05-04T22:51:29.552+0000] {processor.py:161} INFO - Started process (PID=135) to work on /home/airflow/.local/lib/python3.8/site-packages/airflow/example_dags/example_branch_operator.py
[2025-05-04T22:51:29.553+0000] {processor.py:830} INFO - Processing file /home/airflow/.local/lib/python3.8/site-packages/airflow/example_dags/example_branch_operator.py for tasks to queue
[2025-05-04T22:51:29.554+0000] {logging_mixin.py:188} INFO - [2025-05-04T22:51:29.554+0000] {dagbag.py:538} INFO - Filling up the DagBag from /home/airflow/.local/lib/python3.8/site-packages/airflow/example_dags/example_branch_operator.py
[2025-05-04T22:51:29.563+0000] {processor.py:840} INFO - DAG(s) 'example_branch_operator' retrieved from /home/airflow/.local/lib/python3.8/site-packages/airflow/example_dags/example_branch_operator.py
[2025-05-04T22:51:29.607+0000] {logging_mixin.py:188} INFO - [2025-05-04T22:51:29.607+0000] {dag.py:3033} INFO - Sync 1 DAGs
[2025-05-04T22:51:29.616+0000] {logging_mixin.py:188} INFO - [2025-05-04T22:51:29.616+0000] {dag.py:3820} INFO - Setting next_dagrun for example_branch_operator to 2025-05-03T00:00:00+00:00, run_after=2025-05-04T00:00:00+00:00
[2025-05-04T22:51:29.628+0000] {processor.py:183} INFO - Processing /home/airflow/.local/lib/python3.8/site-packages/airflow/example_dags/example_branch_operator.py took 0.078 seconds
[2025-05-04T22:52:00.286+0000] {processor.py:161} INFO - Started process (PID=191) to work on /home/airflow/.local/lib/python3.8/site-packages/airflow/example_dags/example_branch_operator.py
[2025-05-04T22:52:00.287+0000] {processor.py:830} INFO - Processing file /home/airflow/.local/lib/python3.8/site-packages/airflow/example_dags/example_branch_operator.py for tasks to queue
[2025-05-04T22:52:00.288+0000] {logging_mixin.py:188} INFO - [2025-05-04T22:52:00.287+0000] {dagbag.py:538} INFO - Filling up the DagBag from /home/airflow/.local/lib/python3.8/site-packages/airflow/example_dags/example_branch_operator.py
[2025-05-04T22:52:00.295+0000] {processor.py:840} INFO - DAG(s) 'example_branch_operator' retrieved from /home/airflow/.local/lib/python3.8/site-packages/airflow/example_dags/example_branch_operator.py
[2025-05-04T22:52:00.306+0000] {logging_mixin.py:188} INFO - [2025-05-04T22:52:00.306+0000] {dag.py:3033} INFO - Sync 1 DAGs
[2025-05-04T22:52:00.318+0000] {logging_mixin.py:188} INFO - [2025-05-04T22:52:00.318+0000] {dag.py:3820} INFO - Setting next_dagrun for example_branch_operator to 2025-05-03T00:00:00+00:00, run_after=2025-05-04T00:00:00+00:00
[2025-05-04T22:52:00.332+0000] {processor.py:183} INFO - Processing /home/airflow/.local/lib/python3.8/site-packages/airflow/example_dags/example_branch_operator.py took 0.048 seconds
[2025-05-04T22:52:31.116+0000] {processor.py:161} INFO - Started process (PID=247) to work on /home/airflow/.local/lib/python3.8/site-packages/airflow/example_dags/example_branch_operator.py
[2025-05-04T22:52:31.117+0000] {processor.py:830} INFO - Processing file /home/airflow/.local/lib/python3.8/site-packages/airflow/example_dags/example_branch_operator.py for tasks to queue
[2025-05-04T22:52:31.118+0000] {logging_mixin.py:188} INFO - [2025-05-04T22:52:31.118+0000] {dagbag.py:538} INFO - Filling up the DagBag from /home/airflow/.local/lib/python3.8/site-packages/airflow/example_dags/example_branch_operator.py
[2025-05-04T22:52:31.126+0000] {processor.py:840} INFO - DAG(s) 'example_branch_operator' retrieved from /home/airflow/.local/lib/python3.8/site-packages/airflow/example_dags/example_branch_operator.py
[2025-05-04T22:52:31.139+0000] {logging_mixin.py:188} INFO - [2025-05-04T22:52:31.139+0000] {dag.py:3033} INFO - Sync 1 DAGs
[2025-05-04T22:52:31.149+0000] {logging_mixin.py:188} INFO - [2025-05-04T22:52:31.149+0000] {dag.py:3820} INFO - Setting next_dagrun for example_branch_operator to 2025-05-03T00:00:00+00:00, run_after=2025-05-04T00:00:00+00:00
[2025-05-04T22:52:31.160+0000] {processor.py:183} INFO - Processing /home/airflow/.local/lib/python3.8/site-packages/airflow/example_dags/example_branch_operator.py took 0.046 seconds
[2025-05-04T22:53:01.725+0000] {processor.py:161} INFO - Started process (PID=303) to work on /home/airflow/.local/lib/python3.8/site-packages/airflow/example_dags/example_branch_operator.py
[2025-05-04T22:53:01.727+0000] {processor.py:830} INFO - Processing file /home/airflow/.local/lib/python3.8/site-packages/airflow/example_dags/example_branch_operator.py for tasks to queue
[2025-05-04T22:53:01.728+0000] {logging_mixin.py:188} INFO - [2025-05-04T22:53:01.728+0000] {dagbag.py:538} INFO - Filling up the DagBag from /home/airflow/.local/lib/python3.8/site-packages/airflow/example_dags/example_branch_operator.py
[2025-05-04T22:53:01.736+0000] {processor.py:840} INFO - DAG(s) 'example_branch_operator' retrieved from /home/airflow/.local/lib/python3.8/site-packages/airflow/example_dags/example_branch_operator.py
[2025-05-04T22:53:01.749+0000] {logging_mixin.py:188} INFO - [2025-05-04T22:53:01.749+0000] {dag.py:3033} INFO - Sync 1 DAGs
[2025-05-04T22:53:01.758+0000] {logging_mixin.py:188} INFO - [2025-05-04T22:53:01.758+0000] {dag.py:3820} INFO - Setting next_dagrun for example_branch_operator to 2025-05-03T00:00:00+00:00, run_after=2025-05-04T00:00:00+00:00
[2025-05-04T22:53:01.768+0000] {processor.py:183} INFO - Processing /home/airflow/.local/lib/python3.8/site-packages/airflow/example_dags/example_branch_operator.py took 0.044 seconds
[2025-05-04T22:58:01.544+0000] {processor.py:161} INFO - Started process (PID=79) to work on /home/airflow/.local/lib/python3.8/site-packages/airflow/example_dags/example_branch_operator.py
[2025-05-04T22:58:01.545+0000] {processor.py:830} INFO - Processing file /home/airflow/.local/lib/python3.8/site-packages/airflow/example_dags/example_branch_operator.py for tasks to queue
[2025-05-04T22:58:01.546+0000] {logging_mixin.py:188} INFO - [2025-05-04T22:58:01.546+0000] {dagbag.py:538} INFO - Filling up the DagBag from /home/airflow/.local/lib/python3.8/site-packages/airflow/example_dags/example_branch_operator.py
[2025-05-04T22:58:01.563+0000] {processor.py:840} INFO - DAG(s) 'example_branch_operator' retrieved from /home/airflow/.local/lib/python3.8/site-packages/airflow/example_dags/example_branch_operator.py
[2025-05-04T22:58:01.571+0000] {logging_mixin.py:188} INFO - [2025-05-04T22:58:01.571+0000] {dag.py:3033} INFO - Sync 1 DAGs
[2025-05-04T22:58:01.584+0000] {logging_mixin.py:188} INFO - [2025-05-04T22:58:01.584+0000] {dag.py:3820} INFO - Setting next_dagrun for example_branch_operator to 2025-05-03T00:00:00+00:00, run_after=2025-05-04T00:00:00+00:00
[2025-05-04T22:58:01.602+0000] {processor.py:183} INFO - Processing /home/airflow/.local/lib/python3.8/site-packages/airflow/example_dags/example_branch_operator.py took 0.060 seconds
[2025-05-04T22:58:32.040+0000] {processor.py:161} INFO - Started process (PID=135) to work on /home/airflow/.local/lib/python3.8/site-packages/airflow/example_dags/example_branch_operator.py
[2025-05-04T22:58:32.041+0000] {processor.py:830} INFO - Processing file /home/airflow/.local/lib/python3.8/site-packages/airflow/example_dags/example_branch_operator.py for tasks to queue
[2025-05-04T22:58:32.043+0000] {logging_mixin.py:188} INFO - [2025-05-04T22:58:32.043+0000] {dagbag.py:538} INFO - Filling up the DagBag from /home/airflow/.local/lib/python3.8/site-packages/airflow/example_dags/example_branch_operator.py
[2025-05-04T22:58:32.050+0000] {processor.py:840} INFO - DAG(s) 'example_branch_operator' retrieved from /home/airflow/.local/lib/python3.8/site-packages/airflow/example_dags/example_branch_operator.py
[2025-05-04T22:58:32.099+0000] {logging_mixin.py:188} INFO - [2025-05-04T22:58:32.098+0000] {dag.py:3033} INFO - Sync 1 DAGs
[2025-05-04T22:58:32.112+0000] {logging_mixin.py:188} INFO - [2025-05-04T22:58:32.112+0000] {dag.py:3820} INFO - Setting next_dagrun for example_branch_operator to 2025-05-03T00:00:00+00:00, run_after=2025-05-04T00:00:00+00:00
[2025-05-04T22:58:32.127+0000] {processor.py:183} INFO - Processing /home/airflow/.local/lib/python3.8/site-packages/airflow/example_dags/example_branch_operator.py took 0.088 seconds
[2025-05-04T22:59:03.043+0000] {processor.py:161} INFO - Started process (PID=191) to work on /home/airflow/.local/lib/python3.8/site-packages/airflow/example_dags/example_branch_operator.py
[2025-05-04T22:59:03.044+0000] {processor.py:830} INFO - Processing file /home/airflow/.local/lib/python3.8/site-packages/airflow/example_dags/example_branch_operator.py for tasks to queue
[2025-05-04T22:59:03.045+0000] {logging_mixin.py:188} INFO - [2025-05-04T22:59:03.045+0000] {dagbag.py:538} INFO - Filling up the DagBag from /home/airflow/.local/lib/python3.8/site-packages/airflow/example_dags/example_branch_operator.py
[2025-05-04T22:59:03.057+0000] {processor.py:840} INFO - DAG(s) 'example_branch_operator' retrieved from /home/airflow/.local/lib/python3.8/site-packages/airflow/example_dags/example_branch_operator.py
[2025-05-04T22:59:03.071+0000] {logging_mixin.py:188} INFO - [2025-05-04T22:59:03.071+0000] {dag.py:3033} INFO - Sync 1 DAGs
[2025-05-04T22:59:03.080+0000] {logging_mixin.py:188} INFO - [2025-05-04T22:59:03.080+0000] {dag.py:3820} INFO - Setting next_dagrun for example_branch_operator to 2025-05-03T00:00:00+00:00, run_after=2025-05-04T00:00:00+00:00
[2025-05-04T22:59:03.090+0000] {processor.py:183} INFO - Processing /home/airflow/.local/lib/python3.8/site-packages/airflow/example_dags/example_branch_operator.py took 0.049 seconds
[2025-05-04T22:59:33.827+0000] {processor.py:161} INFO - Started process (PID=253) to work on /home/airflow/.local/lib/python3.8/site-packages/airflow/example_dags/example_branch_operator.py
[2025-05-04T22:59:33.828+0000] {processor.py:830} INFO - Processing file /home/airflow/.local/lib/python3.8/site-packages/airflow/example_dags/example_branch_operator.py for tasks to queue
[2025-05-04T22:59:33.830+0000] {logging_mixin.py:188} INFO - [2025-05-04T22:59:33.830+0000] {dagbag.py:538} INFO - Filling up the DagBag from /home/airflow/.local/lib/python3.8/site-packages/airflow/example_dags/example_branch_operator.py
[2025-05-04T22:59:33.839+0000] {processor.py:840} INFO - DAG(s) 'example_branch_operator' retrieved from /home/airflow/.local/lib/python3.8/site-packages/airflow/example_dags/example_branch_operator.py
[2025-05-04T22:59:33.853+0000] {logging_mixin.py:188} INFO - [2025-05-04T22:59:33.853+0000] {dag.py:3033} INFO - Sync 1 DAGs
[2025-05-04T22:59:33.863+0000] {logging_mixin.py:188} INFO - [2025-05-04T22:59:33.863+0000] {dag.py:3820} INFO - Setting next_dagrun for example_branch_operator to 2025-05-03T00:00:00+00:00, run_after=2025-05-04T00:00:00+00:00
[2025-05-04T22:59:33.874+0000] {processor.py:183} INFO - Processing /home/airflow/.local/lib/python3.8/site-packages/airflow/example_dags/example_branch_operator.py took 0.048 seconds
[2025-05-04T23:00:04.568+0000] {processor.py:161} INFO - Started process (PID=309) to work on /home/airflow/.local/lib/python3.8/site-packages/airflow/example_dags/example_branch_operator.py
[2025-05-04T23:00:04.569+0000] {processor.py:830} INFO - Processing file /home/airflow/.local/lib/python3.8/site-packages/airflow/example_dags/example_branch_operator.py for tasks to queue
[2025-05-04T23:00:04.571+0000] {logging_mixin.py:188} INFO - [2025-05-04T23:00:04.571+0000] {dagbag.py:538} INFO - Filling up the DagBag from /home/airflow/.local/lib/python3.8/site-packages/airflow/example_dags/example_branch_operator.py
[2025-05-04T23:00:04.579+0000] {processor.py:840} INFO - DAG(s) 'example_branch_operator' retrieved from /home/airflow/.local/lib/python3.8/site-packages/airflow/example_dags/example_branch_operator.py
[2025-05-04T23:00:04.595+0000] {logging_mixin.py:188} INFO - [2025-05-04T23:00:04.594+0000] {dag.py:3033} INFO - Sync 1 DAGs
[2025-05-04T23:00:04.604+0000] {logging_mixin.py:188} INFO - [2025-05-04T23:00:04.604+0000] {dag.py:3820} INFO - Setting next_dagrun for example_branch_operator to 2025-05-03T00:00:00+00:00, run_after=2025-05-04T00:00:00+00:00
[2025-05-04T23:00:04.612+0000] {processor.py:183} INFO - Processing /home/airflow/.local/lib/python3.8/site-packages/airflow/example_dags/example_branch_operator.py took 0.046 seconds
[2025-05-04T23:00:35.255+0000] {processor.py:161} INFO - Started process (PID=365) to work on /home/airflow/.local/lib/python3.8/site-packages/airflow/example_dags/example_branch_operator.py
[2025-05-04T23:00:35.256+0000] {processor.py:830} INFO - Processing file /home/airflow/.local/lib/python3.8/site-packages/airflow/example_dags/example_branch_operator.py for tasks to queue
[2025-05-04T23:00:35.257+0000] {logging_mixin.py:188} INFO - [2025-05-04T23:00:35.257+0000] {dagbag.py:538} INFO - Filling up the DagBag from /home/airflow/.local/lib/python3.8/site-packages/airflow/example_dags/example_branch_operator.py
[2025-05-04T23:00:35.265+0000] {processor.py:840} INFO - DAG(s) 'example_branch_operator' retrieved from /home/airflow/.local/lib/python3.8/site-packages/airflow/example_dags/example_branch_operator.py
[2025-05-04T23:00:35.282+0000] {logging_mixin.py:188} INFO - [2025-05-04T23:00:35.282+0000] {dag.py:3033} INFO - Sync 1 DAGs
[2025-05-04T23:00:35.293+0000] {logging_mixin.py:188} INFO - [2025-05-04T23:00:35.293+0000] {dag.py:3820} INFO - Setting next_dagrun for example_branch_operator to 2025-05-03T00:00:00+00:00, run_after=2025-05-04T00:00:00+00:00
[2025-05-04T23:00:35.306+0000] {processor.py:183} INFO - Processing /home/airflow/.local/lib/python3.8/site-packages/airflow/example_dags/example_branch_operator.py took 0.052 seconds
[2025-05-04T23:01:05.941+0000] {processor.py:161} INFO - Started process (PID=421) to work on /home/airflow/.local/lib/python3.8/site-packages/airflow/example_dags/example_branch_operator.py
[2025-05-04T23:01:05.942+0000] {processor.py:830} INFO - Processing file /home/airflow/.local/lib/python3.8/site-packages/airflow/example_dags/example_branch_operator.py for tasks to queue
[2025-05-04T23:01:05.943+0000] {logging_mixin.py:188} INFO - [2025-05-04T23:01:05.943+0000] {dagbag.py:538} INFO - Filling up the DagBag from /home/airflow/.local/lib/python3.8/site-packages/airflow/example_dags/example_branch_operator.py
[2025-05-04T23:01:05.951+0000] {processor.py:840} INFO - DAG(s) 'example_branch_operator' retrieved from /home/airflow/.local/lib/python3.8/site-packages/airflow/example_dags/example_branch_operator.py
[2025-05-04T23:01:05.966+0000] {logging_mixin.py:188} INFO - [2025-05-04T23:01:05.965+0000] {dag.py:3033} INFO - Sync 1 DAGs
[2025-05-04T23:01:05.975+0000] {logging_mixin.py:188} INFO - [2025-05-04T23:01:05.975+0000] {dag.py:3820} INFO - Setting next_dagrun for example_branch_operator to 2025-05-03T00:00:00+00:00, run_after=2025-05-04T00:00:00+00:00
[2025-05-04T23:01:05.986+0000] {processor.py:183} INFO - Processing /home/airflow/.local/lib/python3.8/site-packages/airflow/example_dags/example_branch_operator.py took 0.046 seconds
[2025-05-04T23:01:36.489+0000] {processor.py:161} INFO - Started process (PID=477) to work on /home/airflow/.local/lib/python3.8/site-packages/airflow/example_dags/example_branch_operator.py
[2025-05-04T23:01:36.490+0000] {processor.py:830} INFO - Processing file /home/airflow/.local/lib/python3.8/site-packages/airflow/example_dags/example_branch_operator.py for tasks to queue
[2025-05-04T23:01:36.491+0000] {logging_mixin.py:188} INFO - [2025-05-04T23:01:36.490+0000] {dagbag.py:538} INFO - Filling up the DagBag from /home/airflow/.local/lib/python3.8/site-packages/airflow/example_dags/example_branch_operator.py
[2025-05-04T23:01:36.498+0000] {processor.py:840} INFO - DAG(s) 'example_branch_operator' retrieved from /home/airflow/.local/lib/python3.8/site-packages/airflow/example_dags/example_branch_operator.py
[2025-05-04T23:01:36.512+0000] {logging_mixin.py:188} INFO - [2025-05-04T23:01:36.512+0000] {dag.py:3033} INFO - Sync 1 DAGs
[2025-05-04T23:01:36.521+0000] {logging_mixin.py:188} INFO - [2025-05-04T23:01:36.521+0000] {dag.py:3820} INFO - Setting next_dagrun for example_branch_operator to 2025-05-03T00:00:00+00:00, run_after=2025-05-04T00:00:00+00:00
[2025-05-04T23:01:36.532+0000] {processor.py:183} INFO - Processing /home/airflow/.local/lib/python3.8/site-packages/airflow/example_dags/example_branch_operator.py took 0.045 seconds
[2025-05-04T23:02:07.005+0000] {processor.py:161} INFO - Started process (PID=533) to work on /home/airflow/.local/lib/python3.8/site-packages/airflow/example_dags/example_branch_operator.py
[2025-05-04T23:02:07.005+0000] {processor.py:830} INFO - Processing file /home/airflow/.local/lib/python3.8/site-packages/airflow/example_dags/example_branch_operator.py for tasks to queue
[2025-05-04T23:02:07.007+0000] {logging_mixin.py:188} INFO - [2025-05-04T23:02:07.007+0000] {dagbag.py:538} INFO - Filling up the DagBag from /home/airflow/.local/lib/python3.8/site-packages/airflow/example_dags/example_branch_operator.py
[2025-05-04T23:02:07.016+0000] {processor.py:840} INFO - DAG(s) 'example_branch_operator' retrieved from /home/airflow/.local/lib/python3.8/site-packages/airflow/example_dags/example_branch_operator.py
[2025-05-04T23:02:07.028+0000] {logging_mixin.py:188} INFO - [2025-05-04T23:02:07.028+0000] {dag.py:3033} INFO - Sync 1 DAGs
[2025-05-04T23:02:07.038+0000] {logging_mixin.py:188} INFO - [2025-05-04T23:02:07.038+0000] {dag.py:3820} INFO - Setting next_dagrun for example_branch_operator to 2025-05-03T00:00:00+00:00, run_after=2025-05-04T00:00:00+00:00
[2025-05-04T23:02:07.051+0000] {processor.py:183} INFO - Processing /home/airflow/.local/lib/python3.8/site-packages/airflow/example_dags/example_branch_operator.py took 0.048 seconds
[2025-05-04T23:02:37.706+0000] {processor.py:161} INFO - Started process (PID=589) to work on /home/airflow/.local/lib/python3.8/site-packages/airflow/example_dags/example_branch_operator.py
[2025-05-04T23:02:37.707+0000] {processor.py:830} INFO - Processing file /home/airflow/.local/lib/python3.8/site-packages/airflow/example_dags/example_branch_operator.py for tasks to queue
[2025-05-04T23:02:37.708+0000] {logging_mixin.py:188} INFO - [2025-05-04T23:02:37.708+0000] {dagbag.py:538} INFO - Filling up the DagBag from /home/airflow/.local/lib/python3.8/site-packages/airflow/example_dags/example_branch_operator.py
[2025-05-04T23:02:37.717+0000] {processor.py:840} INFO - DAG(s) 'example_branch_operator' retrieved from /home/airflow/.local/lib/python3.8/site-packages/airflow/example_dags/example_branch_operator.py
[2025-05-04T23:02:37.731+0000] {logging_mixin.py:188} INFO - [2025-05-04T23:02:37.731+0000] {dag.py:3033} INFO - Sync 1 DAGs
[2025-05-04T23:02:37.740+0000] {logging_mixin.py:188} INFO - [2025-05-04T23:02:37.740+0000] {dag.py:3820} INFO - Setting next_dagrun for example_branch_operator to 2025-05-03T00:00:00+00:00, run_after=2025-05-04T00:00:00+00:00
[2025-05-04T23:02:37.752+0000] {processor.py:183} INFO - Processing /home/airflow/.local/lib/python3.8/site-packages/airflow/example_dags/example_branch_operator.py took 0.048 seconds
[2025-05-04T23:03:08.394+0000] {processor.py:161} INFO - Started process (PID=645) to work on /home/airflow/.local/lib/python3.8/site-packages/airflow/example_dags/example_branch_operator.py
[2025-05-04T23:03:08.395+0000] {processor.py:830} INFO - Processing file /home/airflow/.local/lib/python3.8/site-packages/airflow/example_dags/example_branch_operator.py for tasks to queue
[2025-05-04T23:03:08.397+0000] {logging_mixin.py:188} INFO - [2025-05-04T23:03:08.397+0000] {dagbag.py:538} INFO - Filling up the DagBag from /home/airflow/.local/lib/python3.8/site-packages/airflow/example_dags/example_branch_operator.py
[2025-05-04T23:03:08.404+0000] {processor.py:840} INFO - DAG(s) 'example_branch_operator' retrieved from /home/airflow/.local/lib/python3.8/site-packages/airflow/example_dags/example_branch_operator.py
[2025-05-04T23:03:08.420+0000] {logging_mixin.py:188} INFO - [2025-05-04T23:03:08.420+0000] {dag.py:3033} INFO - Sync 1 DAGs
[2025-05-04T23:03:08.431+0000] {logging_mixin.py:188} INFO - [2025-05-04T23:03:08.431+0000] {dag.py:3820} INFO - Setting next_dagrun for example_branch_operator to 2025-05-03T00:00:00+00:00, run_after=2025-05-04T00:00:00+00:00
[2025-05-04T23:03:08.440+0000] {processor.py:183} INFO - Processing /home/airflow/.local/lib/python3.8/site-packages/airflow/example_dags/example_branch_operator.py took 0.048 seconds
[2025-05-04T23:03:38.943+0000] {processor.py:161} INFO - Started process (PID=701) to work on /home/airflow/.local/lib/python3.8/site-packages/airflow/example_dags/example_branch_operator.py
[2025-05-04T23:03:38.946+0000] {processor.py:830} INFO - Processing file /home/airflow/.local/lib/python3.8/site-packages/airflow/example_dags/example_branch_operator.py for tasks to queue
[2025-05-04T23:03:38.947+0000] {logging_mixin.py:188} INFO - [2025-05-04T23:03:38.947+0000] {dagbag.py:538} INFO - Filling up the DagBag from /home/airflow/.local/lib/python3.8/site-packages/airflow/example_dags/example_branch_operator.py
[2025-05-04T23:03:38.956+0000] {processor.py:840} INFO - DAG(s) 'example_branch_operator' retrieved from /home/airflow/.local/lib/python3.8/site-packages/airflow/example_dags/example_branch_operator.py
[2025-05-04T23:03:38.968+0000] {logging_mixin.py:188} INFO - [2025-05-04T23:03:38.968+0000] {dag.py:3033} INFO - Sync 1 DAGs
[2025-05-04T23:03:38.978+0000] {logging_mixin.py:188} INFO - [2025-05-04T23:03:38.978+0000] {dag.py:3820} INFO - Setting next_dagrun for example_branch_operator to 2025-05-03T00:00:00+00:00, run_after=2025-05-04T00:00:00+00:00
[2025-05-04T23:03:38.992+0000] {processor.py:183} INFO - Processing /home/airflow/.local/lib/python3.8/site-packages/airflow/example_dags/example_branch_operator.py took 0.051 seconds
[2025-05-04T23:04:29.239+0000] {processor.py:161} INFO - Started process (PID=84) to work on /home/airflow/.local/lib/python3.8/site-packages/airflow/example_dags/example_branch_operator.py
[2025-05-04T23:04:29.239+0000] {processor.py:830} INFO - Processing file /home/airflow/.local/lib/python3.8/site-packages/airflow/example_dags/example_branch_operator.py for tasks to queue
[2025-05-04T23:04:29.240+0000] {logging_mixin.py:188} INFO - [2025-05-04T23:04:29.240+0000] {dagbag.py:538} INFO - Filling up the DagBag from /home/airflow/.local/lib/python3.8/site-packages/airflow/example_dags/example_branch_operator.py
[2025-05-04T23:04:29.251+0000] {processor.py:840} INFO - DAG(s) 'example_branch_operator' retrieved from /home/airflow/.local/lib/python3.8/site-packages/airflow/example_dags/example_branch_operator.py
[2025-05-04T23:04:29.258+0000] {logging_mixin.py:188} INFO - [2025-05-04T23:04:29.258+0000] {dag.py:3033} INFO - Sync 1 DAGs
[2025-05-04T23:04:29.270+0000] {logging_mixin.py:188} INFO - [2025-05-04T23:04:29.270+0000] {dag.py:3820} INFO - Setting next_dagrun for example_branch_operator to 2025-05-03T00:00:00+00:00, run_after=2025-05-04T00:00:00+00:00
[2025-05-04T23:04:29.280+0000] {processor.py:183} INFO - Processing /home/airflow/.local/lib/python3.8/site-packages/airflow/example_dags/example_branch_operator.py took 0.043 seconds
[2025-05-04T23:04:59.528+0000] {processor.py:161} INFO - Started process (PID=140) to work on /home/airflow/.local/lib/python3.8/site-packages/airflow/example_dags/example_branch_operator.py
[2025-05-04T23:04:59.528+0000] {processor.py:830} INFO - Processing file /home/airflow/.local/lib/python3.8/site-packages/airflow/example_dags/example_branch_operator.py for tasks to queue
[2025-05-04T23:04:59.530+0000] {logging_mixin.py:188} INFO - [2025-05-04T23:04:59.530+0000] {dagbag.py:538} INFO - Filling up the DagBag from /home/airflow/.local/lib/python3.8/site-packages/airflow/example_dags/example_branch_operator.py
[2025-05-04T23:04:59.541+0000] {processor.py:840} INFO - DAG(s) 'example_branch_operator' retrieved from /home/airflow/.local/lib/python3.8/site-packages/airflow/example_dags/example_branch_operator.py
[2025-05-04T23:04:59.590+0000] {logging_mixin.py:188} INFO - [2025-05-04T23:04:59.590+0000] {dag.py:3033} INFO - Sync 1 DAGs
[2025-05-04T23:04:59.599+0000] {logging_mixin.py:188} INFO - [2025-05-04T23:04:59.598+0000] {dag.py:3820} INFO - Setting next_dagrun for example_branch_operator to 2025-05-03T00:00:00+00:00, run_after=2025-05-04T00:00:00+00:00
[2025-05-04T23:04:59.611+0000] {processor.py:183} INFO - Processing /home/airflow/.local/lib/python3.8/site-packages/airflow/example_dags/example_branch_operator.py took 0.085 seconds
[2025-05-04T23:05:30.456+0000] {processor.py:161} INFO - Started process (PID=196) to work on /home/airflow/.local/lib/python3.8/site-packages/airflow/example_dags/example_branch_operator.py
[2025-05-04T23:05:30.457+0000] {processor.py:830} INFO - Processing file /home/airflow/.local/lib/python3.8/site-packages/airflow/example_dags/example_branch_operator.py for tasks to queue
[2025-05-04T23:05:30.458+0000] {logging_mixin.py:188} INFO - [2025-05-04T23:05:30.457+0000] {dagbag.py:538} INFO - Filling up the DagBag from /home/airflow/.local/lib/python3.8/site-packages/airflow/example_dags/example_branch_operator.py
[2025-05-04T23:05:30.466+0000] {processor.py:840} INFO - DAG(s) 'example_branch_operator' retrieved from /home/airflow/.local/lib/python3.8/site-packages/airflow/example_dags/example_branch_operator.py
[2025-05-04T23:05:30.478+0000] {logging_mixin.py:188} INFO - [2025-05-04T23:05:30.478+0000] {dag.py:3033} INFO - Sync 1 DAGs
[2025-05-04T23:05:30.488+0000] {logging_mixin.py:188} INFO - [2025-05-04T23:05:30.487+0000] {dag.py:3820} INFO - Setting next_dagrun for example_branch_operator to 2025-05-03T00:00:00+00:00, run_after=2025-05-04T00:00:00+00:00
[2025-05-04T23:05:30.506+0000] {processor.py:183} INFO - Processing /home/airflow/.local/lib/python3.8/site-packages/airflow/example_dags/example_branch_operator.py took 0.052 seconds
[2025-05-04T23:06:32.173+0000] {processor.py:161} INFO - Started process (PID=85) to work on /home/airflow/.local/lib/python3.8/site-packages/airflow/example_dags/example_branch_operator.py
[2025-05-04T23:06:32.177+0000] {processor.py:830} INFO - Processing file /home/airflow/.local/lib/python3.8/site-packages/airflow/example_dags/example_branch_operator.py for tasks to queue
[2025-05-04T23:06:32.178+0000] {logging_mixin.py:188} INFO - [2025-05-04T23:06:32.178+0000] {dagbag.py:538} INFO - Filling up the DagBag from /home/airflow/.local/lib/python3.8/site-packages/airflow/example_dags/example_branch_operator.py
[2025-05-04T23:06:32.190+0000] {processor.py:840} INFO - DAG(s) 'example_branch_operator' retrieved from /home/airflow/.local/lib/python3.8/site-packages/airflow/example_dags/example_branch_operator.py
[2025-05-04T23:06:32.200+0000] {logging_mixin.py:188} INFO - [2025-05-04T23:06:32.200+0000] {dag.py:3033} INFO - Sync 1 DAGs
[2025-05-04T23:06:32.216+0000] {logging_mixin.py:188} INFO - [2025-05-04T23:06:32.215+0000] {dag.py:3820} INFO - Setting next_dagrun for example_branch_operator to 2025-05-03T00:00:00+00:00, run_after=2025-05-04T00:00:00+00:00
[2025-05-04T23:06:32.227+0000] {processor.py:183} INFO - Processing /home/airflow/.local/lib/python3.8/site-packages/airflow/example_dags/example_branch_operator.py took 0.057 seconds
[2025-05-04T23:07:02.374+0000] {processor.py:161} INFO - Started process (PID=141) to work on /home/airflow/.local/lib/python3.8/site-packages/airflow/example_dags/example_branch_operator.py
[2025-05-04T23:07:02.375+0000] {processor.py:830} INFO - Processing file /home/airflow/.local/lib/python3.8/site-packages/airflow/example_dags/example_branch_operator.py for tasks to queue
[2025-05-04T23:07:02.376+0000] {logging_mixin.py:188} INFO - [2025-05-04T23:07:02.376+0000] {dagbag.py:538} INFO - Filling up the DagBag from /home/airflow/.local/lib/python3.8/site-packages/airflow/example_dags/example_branch_operator.py
[2025-05-04T23:07:02.384+0000] {processor.py:840} INFO - DAG(s) 'example_branch_operator' retrieved from /home/airflow/.local/lib/python3.8/site-packages/airflow/example_dags/example_branch_operator.py
[2025-05-04T23:07:02.430+0000] {logging_mixin.py:188} INFO - [2025-05-04T23:07:02.430+0000] {dag.py:3033} INFO - Sync 1 DAGs
[2025-05-04T23:07:02.441+0000] {logging_mixin.py:188} INFO - [2025-05-04T23:07:02.441+0000] {dag.py:3820} INFO - Setting next_dagrun for example_branch_operator to 2025-05-03T00:00:00+00:00, run_after=2025-05-04T00:00:00+00:00
[2025-05-04T23:07:02.451+0000] {processor.py:183} INFO - Processing /home/airflow/.local/lib/python3.8/site-packages/airflow/example_dags/example_branch_operator.py took 0.079 seconds
[2025-05-04T23:07:33.149+0000] {processor.py:161} INFO - Started process (PID=197) to work on /home/airflow/.local/lib/python3.8/site-packages/airflow/example_dags/example_branch_operator.py
[2025-05-04T23:07:33.149+0000] {processor.py:830} INFO - Processing file /home/airflow/.local/lib/python3.8/site-packages/airflow/example_dags/example_branch_operator.py for tasks to queue
[2025-05-04T23:07:33.151+0000] {logging_mixin.py:188} INFO - [2025-05-04T23:07:33.151+0000] {dagbag.py:538} INFO - Filling up the DagBag from /home/airflow/.local/lib/python3.8/site-packages/airflow/example_dags/example_branch_operator.py
[2025-05-04T23:07:33.161+0000] {processor.py:840} INFO - DAG(s) 'example_branch_operator' retrieved from /home/airflow/.local/lib/python3.8/site-packages/airflow/example_dags/example_branch_operator.py
[2025-05-04T23:07:33.178+0000] {logging_mixin.py:188} INFO - [2025-05-04T23:07:33.178+0000] {dag.py:3033} INFO - Sync 1 DAGs
[2025-05-04T23:07:33.188+0000] {logging_mixin.py:188} INFO - [2025-05-04T23:07:33.188+0000] {dag.py:3820} INFO - Setting next_dagrun for example_branch_operator to 2025-05-03T00:00:00+00:00, run_after=2025-05-04T00:00:00+00:00
[2025-05-04T23:07:33.197+0000] {processor.py:183} INFO - Processing /home/airflow/.local/lib/python3.8/site-packages/airflow/example_dags/example_branch_operator.py took 0.050 seconds
[2025-05-04T23:08:03.747+0000] {processor.py:161} INFO - Started process (PID=253) to work on /home/airflow/.local/lib/python3.8/site-packages/airflow/example_dags/example_branch_operator.py
[2025-05-04T23:08:03.748+0000] {processor.py:830} INFO - Processing file /home/airflow/.local/lib/python3.8/site-packages/airflow/example_dags/example_branch_operator.py for tasks to queue
[2025-05-04T23:08:03.749+0000] {logging_mixin.py:188} INFO - [2025-05-04T23:08:03.749+0000] {dagbag.py:538} INFO - Filling up the DagBag from /home/airflow/.local/lib/python3.8/site-packages/airflow/example_dags/example_branch_operator.py
[2025-05-04T23:08:03.757+0000] {processor.py:840} INFO - DAG(s) 'example_branch_operator' retrieved from /home/airflow/.local/lib/python3.8/site-packages/airflow/example_dags/example_branch_operator.py
[2025-05-04T23:08:03.766+0000] {logging_mixin.py:188} INFO - [2025-05-04T23:08:03.766+0000] {dag.py:3033} INFO - Sync 1 DAGs
[2025-05-04T23:08:03.775+0000] {logging_mixin.py:188} INFO - [2025-05-04T23:08:03.775+0000] {dag.py:3820} INFO - Setting next_dagrun for example_branch_operator to 2025-05-03T00:00:00+00:00, run_after=2025-05-04T00:00:00+00:00
[2025-05-04T23:08:03.785+0000] {processor.py:183} INFO - Processing /home/airflow/.local/lib/python3.8/site-packages/airflow/example_dags/example_branch_operator.py took 0.040 seconds
[2025-05-04T23:08:34.272+0000] {processor.py:161} INFO - Started process (PID=309) to work on /home/airflow/.local/lib/python3.8/site-packages/airflow/example_dags/example_branch_operator.py
[2025-05-04T23:08:34.273+0000] {processor.py:830} INFO - Processing file /home/airflow/.local/lib/python3.8/site-packages/airflow/example_dags/example_branch_operator.py for tasks to queue
[2025-05-04T23:08:34.274+0000] {logging_mixin.py:188} INFO - [2025-05-04T23:08:34.274+0000] {dagbag.py:538} INFO - Filling up the DagBag from /home/airflow/.local/lib/python3.8/site-packages/airflow/example_dags/example_branch_operator.py
[2025-05-04T23:08:34.282+0000] {processor.py:840} INFO - DAG(s) 'example_branch_operator' retrieved from /home/airflow/.local/lib/python3.8/site-packages/airflow/example_dags/example_branch_operator.py
[2025-05-04T23:08:34.296+0000] {logging_mixin.py:188} INFO - [2025-05-04T23:08:34.295+0000] {dag.py:3033} INFO - Sync 1 DAGs
[2025-05-04T23:08:34.304+0000] {logging_mixin.py:188} INFO - [2025-05-04T23:08:34.304+0000] {dag.py:3820} INFO - Setting next_dagrun for example_branch_operator to 2025-05-03T00:00:00+00:00, run_after=2025-05-04T00:00:00+00:00
[2025-05-04T23:08:34.315+0000] {processor.py:183} INFO - Processing /home/airflow/.local/lib/python3.8/site-packages/airflow/example_dags/example_branch_operator.py took 0.045 seconds
[2025-05-04T23:09:05.099+0000] {processor.py:161} INFO - Started process (PID=364) to work on /home/airflow/.local/lib/python3.8/site-packages/airflow/example_dags/example_branch_operator.py
[2025-05-04T23:09:05.100+0000] {processor.py:830} INFO - Processing file /home/airflow/.local/lib/python3.8/site-packages/airflow/example_dags/example_branch_operator.py for tasks to queue
[2025-05-04T23:09:05.103+0000] {logging_mixin.py:188} INFO - [2025-05-04T23:09:05.102+0000] {dagbag.py:538} INFO - Filling up the DagBag from /home/airflow/.local/lib/python3.8/site-packages/airflow/example_dags/example_branch_operator.py
[2025-05-04T23:09:05.115+0000] {processor.py:840} INFO - DAG(s) 'example_branch_operator' retrieved from /home/airflow/.local/lib/python3.8/site-packages/airflow/example_dags/example_branch_operator.py
[2025-05-04T23:09:05.133+0000] {logging_mixin.py:188} INFO - [2025-05-04T23:09:05.133+0000] {dag.py:3033} INFO - Sync 1 DAGs
[2025-05-04T23:09:05.144+0000] {logging_mixin.py:188} INFO - [2025-05-04T23:09:05.144+0000] {dag.py:3820} INFO - Setting next_dagrun for example_branch_operator to 2025-05-03T00:00:00+00:00, run_after=2025-05-04T00:00:00+00:00
[2025-05-04T23:09:05.161+0000] {processor.py:183} INFO - Processing /home/airflow/.local/lib/python3.8/site-packages/airflow/example_dags/example_branch_operator.py took 0.064 seconds
[2025-05-04T23:09:35.224+0000] {processor.py:161} INFO - Started process (PID=420) to work on /home/airflow/.local/lib/python3.8/site-packages/airflow/example_dags/example_branch_operator.py
[2025-05-04T23:09:35.225+0000] {processor.py:830} INFO - Processing file /home/airflow/.local/lib/python3.8/site-packages/airflow/example_dags/example_branch_operator.py for tasks to queue
[2025-05-04T23:09:35.226+0000] {logging_mixin.py:188} INFO - [2025-05-04T23:09:35.226+0000] {dagbag.py:538} INFO - Filling up the DagBag from /home/airflow/.local/lib/python3.8/site-packages/airflow/example_dags/example_branch_operator.py
[2025-05-04T23:09:35.235+0000] {processor.py:840} INFO - DAG(s) 'example_branch_operator' retrieved from /home/airflow/.local/lib/python3.8/site-packages/airflow/example_dags/example_branch_operator.py
[2025-05-04T23:09:35.249+0000] {logging_mixin.py:188} INFO - [2025-05-04T23:09:35.249+0000] {dag.py:3033} INFO - Sync 1 DAGs
[2025-05-04T23:09:35.260+0000] {logging_mixin.py:188} INFO - [2025-05-04T23:09:35.260+0000] {dag.py:3820} INFO - Setting next_dagrun for example_branch_operator to 2025-05-03T00:00:00+00:00, run_after=2025-05-04T00:00:00+00:00
[2025-05-04T23:09:35.271+0000] {processor.py:183} INFO - Processing /home/airflow/.local/lib/python3.8/site-packages/airflow/example_dags/example_branch_operator.py took 0.049 seconds
[2025-05-04T23:10:05.930+0000] {processor.py:161} INFO - Started process (PID=476) to work on /home/airflow/.local/lib/python3.8/site-packages/airflow/example_dags/example_branch_operator.py
[2025-05-04T23:10:05.932+0000] {processor.py:830} INFO - Processing file /home/airflow/.local/lib/python3.8/site-packages/airflow/example_dags/example_branch_operator.py for tasks to queue
[2025-05-04T23:10:05.933+0000] {logging_mixin.py:188} INFO - [2025-05-04T23:10:05.932+0000] {dagbag.py:538} INFO - Filling up the DagBag from /home/airflow/.local/lib/python3.8/site-packages/airflow/example_dags/example_branch_operator.py
[2025-05-04T23:10:05.944+0000] {processor.py:840} INFO - DAG(s) 'example_branch_operator' retrieved from /home/airflow/.local/lib/python3.8/site-packages/airflow/example_dags/example_branch_operator.py
[2025-05-04T23:10:05.961+0000] {logging_mixin.py:188} INFO - [2025-05-04T23:10:05.961+0000] {dag.py:3033} INFO - Sync 1 DAGs
[2025-05-04T23:10:05.970+0000] {logging_mixin.py:188} INFO - [2025-05-04T23:10:05.969+0000] {dag.py:3820} INFO - Setting next_dagrun for example_branch_operator to 2025-05-03T00:00:00+00:00, run_after=2025-05-04T00:00:00+00:00
[2025-05-04T23:10:05.982+0000] {processor.py:183} INFO - Processing /home/airflow/.local/lib/python3.8/site-packages/airflow/example_dags/example_branch_operator.py took 0.053 seconds
[2025-05-04T23:10:36.586+0000] {processor.py:161} INFO - Started process (PID=532) to work on /home/airflow/.local/lib/python3.8/site-packages/airflow/example_dags/example_branch_operator.py
[2025-05-04T23:10:36.587+0000] {processor.py:830} INFO - Processing file /home/airflow/.local/lib/python3.8/site-packages/airflow/example_dags/example_branch_operator.py for tasks to queue
[2025-05-04T23:10:36.588+0000] {logging_mixin.py:188} INFO - [2025-05-04T23:10:36.588+0000] {dagbag.py:538} INFO - Filling up the DagBag from /home/airflow/.local/lib/python3.8/site-packages/airflow/example_dags/example_branch_operator.py
[2025-05-04T23:10:36.596+0000] {processor.py:840} INFO - DAG(s) 'example_branch_operator' retrieved from /home/airflow/.local/lib/python3.8/site-packages/airflow/example_dags/example_branch_operator.py
[2025-05-04T23:10:36.607+0000] {logging_mixin.py:188} INFO - [2025-05-04T23:10:36.607+0000] {dag.py:3033} INFO - Sync 1 DAGs
[2025-05-04T23:10:36.620+0000] {logging_mixin.py:188} INFO - [2025-05-04T23:10:36.620+0000] {dag.py:3820} INFO - Setting next_dagrun for example_branch_operator to 2025-05-03T00:00:00+00:00, run_after=2025-05-04T00:00:00+00:00
[2025-05-04T23:10:36.633+0000] {processor.py:183} INFO - Processing /home/airflow/.local/lib/python3.8/site-packages/airflow/example_dags/example_branch_operator.py took 0.049 seconds
[2025-05-04T23:11:07.350+0000] {processor.py:161} INFO - Started process (PID=588) to work on /home/airflow/.local/lib/python3.8/site-packages/airflow/example_dags/example_branch_operator.py
[2025-05-04T23:11:07.352+0000] {processor.py:830} INFO - Processing file /home/airflow/.local/lib/python3.8/site-packages/airflow/example_dags/example_branch_operator.py for tasks to queue
[2025-05-04T23:11:07.353+0000] {logging_mixin.py:188} INFO - [2025-05-04T23:11:07.353+0000] {dagbag.py:538} INFO - Filling up the DagBag from /home/airflow/.local/lib/python3.8/site-packages/airflow/example_dags/example_branch_operator.py
[2025-05-04T23:11:07.364+0000] {processor.py:840} INFO - DAG(s) 'example_branch_operator' retrieved from /home/airflow/.local/lib/python3.8/site-packages/airflow/example_dags/example_branch_operator.py
[2025-05-04T23:11:07.376+0000] {logging_mixin.py:188} INFO - [2025-05-04T23:11:07.376+0000] {dag.py:3033} INFO - Sync 1 DAGs
[2025-05-04T23:11:07.387+0000] {logging_mixin.py:188} INFO - [2025-05-04T23:11:07.387+0000] {dag.py:3820} INFO - Setting next_dagrun for example_branch_operator to 2025-05-03T00:00:00+00:00, run_after=2025-05-04T00:00:00+00:00
[2025-05-04T23:11:07.397+0000] {processor.py:183} INFO - Processing /home/airflow/.local/lib/python3.8/site-packages/airflow/example_dags/example_branch_operator.py took 0.049 seconds
[2025-05-04T23:11:37.920+0000] {processor.py:161} INFO - Started process (PID=644) to work on /home/airflow/.local/lib/python3.8/site-packages/airflow/example_dags/example_branch_operator.py
[2025-05-04T23:11:37.922+0000] {processor.py:830} INFO - Processing file /home/airflow/.local/lib/python3.8/site-packages/airflow/example_dags/example_branch_operator.py for tasks to queue
[2025-05-04T23:11:37.923+0000] {logging_mixin.py:188} INFO - [2025-05-04T23:11:37.922+0000] {dagbag.py:538} INFO - Filling up the DagBag from /home/airflow/.local/lib/python3.8/site-packages/airflow/example_dags/example_branch_operator.py
[2025-05-04T23:11:37.930+0000] {processor.py:840} INFO - DAG(s) 'example_branch_operator' retrieved from /home/airflow/.local/lib/python3.8/site-packages/airflow/example_dags/example_branch_operator.py
[2025-05-04T23:11:37.943+0000] {logging_mixin.py:188} INFO - [2025-05-04T23:11:37.943+0000] {dag.py:3033} INFO - Sync 1 DAGs
[2025-05-04T23:11:37.952+0000] {logging_mixin.py:188} INFO - [2025-05-04T23:11:37.952+0000] {dag.py:3820} INFO - Setting next_dagrun for example_branch_operator to 2025-05-03T00:00:00+00:00, run_after=2025-05-04T00:00:00+00:00
[2025-05-04T23:11:37.966+0000] {processor.py:183} INFO - Processing /home/airflow/.local/lib/python3.8/site-packages/airflow/example_dags/example_branch_operator.py took 0.047 seconds
[2025-05-04T23:12:08.539+0000] {processor.py:161} INFO - Started process (PID=700) to work on /home/airflow/.local/lib/python3.8/site-packages/airflow/example_dags/example_branch_operator.py
[2025-05-04T23:12:08.540+0000] {processor.py:830} INFO - Processing file /home/airflow/.local/lib/python3.8/site-packages/airflow/example_dags/example_branch_operator.py for tasks to queue
[2025-05-04T23:12:08.541+0000] {logging_mixin.py:188} INFO - [2025-05-04T23:12:08.541+0000] {dagbag.py:538} INFO - Filling up the DagBag from /home/airflow/.local/lib/python3.8/site-packages/airflow/example_dags/example_branch_operator.py
[2025-05-04T23:12:08.549+0000] {processor.py:840} INFO - DAG(s) 'example_branch_operator' retrieved from /home/airflow/.local/lib/python3.8/site-packages/airflow/example_dags/example_branch_operator.py
[2025-05-04T23:12:08.561+0000] {logging_mixin.py:188} INFO - [2025-05-04T23:12:08.561+0000] {dag.py:3033} INFO - Sync 1 DAGs
[2025-05-04T23:12:08.570+0000] {logging_mixin.py:188} INFO - [2025-05-04T23:12:08.570+0000] {dag.py:3820} INFO - Setting next_dagrun for example_branch_operator to 2025-05-03T00:00:00+00:00, run_after=2025-05-04T00:00:00+00:00
[2025-05-04T23:12:08.582+0000] {processor.py:183} INFO - Processing /home/airflow/.local/lib/python3.8/site-packages/airflow/example_dags/example_branch_operator.py took 0.045 seconds
[2025-05-04T23:12:39.249+0000] {processor.py:161} INFO - Started process (PID=756) to work on /home/airflow/.local/lib/python3.8/site-packages/airflow/example_dags/example_branch_operator.py
[2025-05-04T23:12:39.250+0000] {processor.py:830} INFO - Processing file /home/airflow/.local/lib/python3.8/site-packages/airflow/example_dags/example_branch_operator.py for tasks to queue
[2025-05-04T23:12:39.251+0000] {logging_mixin.py:188} INFO - [2025-05-04T23:12:39.250+0000] {dagbag.py:538} INFO - Filling up the DagBag from /home/airflow/.local/lib/python3.8/site-packages/airflow/example_dags/example_branch_operator.py
[2025-05-04T23:12:39.258+0000] {processor.py:840} INFO - DAG(s) 'example_branch_operator' retrieved from /home/airflow/.local/lib/python3.8/site-packages/airflow/example_dags/example_branch_operator.py
[2025-05-04T23:12:39.270+0000] {logging_mixin.py:188} INFO - [2025-05-04T23:12:39.270+0000] {dag.py:3033} INFO - Sync 1 DAGs
[2025-05-04T23:12:39.282+0000] {logging_mixin.py:188} INFO - [2025-05-04T23:12:39.282+0000] {dag.py:3820} INFO - Setting next_dagrun for example_branch_operator to 2025-05-03T00:00:00+00:00, run_after=2025-05-04T00:00:00+00:00
[2025-05-04T23:12:39.292+0000] {processor.py:183} INFO - Processing /home/airflow/.local/lib/python3.8/site-packages/airflow/example_dags/example_branch_operator.py took 0.045 seconds
[2025-05-04T23:13:09.867+0000] {processor.py:161} INFO - Started process (PID=812) to work on /home/airflow/.local/lib/python3.8/site-packages/airflow/example_dags/example_branch_operator.py
[2025-05-04T23:13:09.868+0000] {processor.py:830} INFO - Processing file /home/airflow/.local/lib/python3.8/site-packages/airflow/example_dags/example_branch_operator.py for tasks to queue
[2025-05-04T23:13:09.869+0000] {logging_mixin.py:188} INFO - [2025-05-04T23:13:09.868+0000] {dagbag.py:538} INFO - Filling up the DagBag from /home/airflow/.local/lib/python3.8/site-packages/airflow/example_dags/example_branch_operator.py
[2025-05-04T23:13:09.876+0000] {processor.py:840} INFO - DAG(s) 'example_branch_operator' retrieved from /home/airflow/.local/lib/python3.8/site-packages/airflow/example_dags/example_branch_operator.py
[2025-05-04T23:13:09.887+0000] {logging_mixin.py:188} INFO - [2025-05-04T23:13:09.887+0000] {dag.py:3033} INFO - Sync 1 DAGs
[2025-05-04T23:13:09.896+0000] {logging_mixin.py:188} INFO - [2025-05-04T23:13:09.896+0000] {dag.py:3820} INFO - Setting next_dagrun for example_branch_operator to 2025-05-03T00:00:00+00:00, run_after=2025-05-04T00:00:00+00:00
[2025-05-04T23:13:09.907+0000] {processor.py:183} INFO - Processing /home/airflow/.local/lib/python3.8/site-packages/airflow/example_dags/example_branch_operator.py took 0.042 seconds
[2025-05-04T23:13:40.534+0000] {processor.py:161} INFO - Started process (PID=868) to work on /home/airflow/.local/lib/python3.8/site-packages/airflow/example_dags/example_branch_operator.py
[2025-05-04T23:13:40.535+0000] {processor.py:830} INFO - Processing file /home/airflow/.local/lib/python3.8/site-packages/airflow/example_dags/example_branch_operator.py for tasks to queue
[2025-05-04T23:13:40.537+0000] {logging_mixin.py:188} INFO - [2025-05-04T23:13:40.537+0000] {dagbag.py:538} INFO - Filling up the DagBag from /home/airflow/.local/lib/python3.8/site-packages/airflow/example_dags/example_branch_operator.py
[2025-05-04T23:13:40.545+0000] {processor.py:840} INFO - DAG(s) 'example_branch_operator' retrieved from /home/airflow/.local/lib/python3.8/site-packages/airflow/example_dags/example_branch_operator.py
[2025-05-04T23:13:40.558+0000] {logging_mixin.py:188} INFO - [2025-05-04T23:13:40.558+0000] {dag.py:3033} INFO - Sync 1 DAGs
[2025-05-04T23:13:40.569+0000] {logging_mixin.py:188} INFO - [2025-05-04T23:13:40.569+0000] {dag.py:3820} INFO - Setting next_dagrun for example_branch_operator to 2025-05-03T00:00:00+00:00, run_after=2025-05-04T00:00:00+00:00
[2025-05-04T23:13:40.577+0000] {processor.py:183} INFO - Processing /home/airflow/.local/lib/python3.8/site-packages/airflow/example_dags/example_branch_operator.py took 0.045 seconds
[2025-05-04T23:14:11.266+0000] {processor.py:161} INFO - Started process (PID=924) to work on /home/airflow/.local/lib/python3.8/site-packages/airflow/example_dags/example_branch_operator.py
[2025-05-04T23:14:11.267+0000] {processor.py:830} INFO - Processing file /home/airflow/.local/lib/python3.8/site-packages/airflow/example_dags/example_branch_operator.py for tasks to queue
[2025-05-04T23:14:11.268+0000] {logging_mixin.py:188} INFO - [2025-05-04T23:14:11.268+0000] {dagbag.py:538} INFO - Filling up the DagBag from /home/airflow/.local/lib/python3.8/site-packages/airflow/example_dags/example_branch_operator.py
[2025-05-04T23:14:11.277+0000] {processor.py:840} INFO - DAG(s) 'example_branch_operator' retrieved from /home/airflow/.local/lib/python3.8/site-packages/airflow/example_dags/example_branch_operator.py
[2025-05-04T23:14:11.295+0000] {logging_mixin.py:188} INFO - [2025-05-04T23:14:11.295+0000] {dag.py:3033} INFO - Sync 1 DAGs
[2025-05-04T23:14:11.311+0000] {logging_mixin.py:188} INFO - [2025-05-04T23:14:11.311+0000] {dag.py:3820} INFO - Setting next_dagrun for example_branch_operator to 2025-05-03T00:00:00+00:00, run_after=2025-05-04T00:00:00+00:00
[2025-05-04T23:14:11.325+0000] {processor.py:183} INFO - Processing /home/airflow/.local/lib/python3.8/site-packages/airflow/example_dags/example_branch_operator.py took 0.060 seconds
[2025-05-04T23:14:42.218+0000] {processor.py:161} INFO - Started process (PID=980) to work on /home/airflow/.local/lib/python3.8/site-packages/airflow/example_dags/example_branch_operator.py
[2025-05-04T23:14:42.219+0000] {processor.py:830} INFO - Processing file /home/airflow/.local/lib/python3.8/site-packages/airflow/example_dags/example_branch_operator.py for tasks to queue
[2025-05-04T23:14:42.221+0000] {logging_mixin.py:188} INFO - [2025-05-04T23:14:42.221+0000] {dagbag.py:538} INFO - Filling up the DagBag from /home/airflow/.local/lib/python3.8/site-packages/airflow/example_dags/example_branch_operator.py
[2025-05-04T23:14:42.230+0000] {processor.py:840} INFO - DAG(s) 'example_branch_operator' retrieved from /home/airflow/.local/lib/python3.8/site-packages/airflow/example_dags/example_branch_operator.py
[2025-05-04T23:14:42.245+0000] {logging_mixin.py:188} INFO - [2025-05-04T23:14:42.245+0000] {dag.py:3033} INFO - Sync 1 DAGs
[2025-05-04T23:14:42.256+0000] {logging_mixin.py:188} INFO - [2025-05-04T23:14:42.256+0000] {dag.py:3820} INFO - Setting next_dagrun for example_branch_operator to 2025-05-03T00:00:00+00:00, run_after=2025-05-04T00:00:00+00:00
[2025-05-04T23:14:42.268+0000] {processor.py:183} INFO - Processing /home/airflow/.local/lib/python3.8/site-packages/airflow/example_dags/example_branch_operator.py took 0.052 seconds
[2025-05-04T23:15:12.346+0000] {processor.py:161} INFO - Started process (PID=1036) to work on /home/airflow/.local/lib/python3.8/site-packages/airflow/example_dags/example_branch_operator.py
[2025-05-04T23:15:12.346+0000] {processor.py:830} INFO - Processing file /home/airflow/.local/lib/python3.8/site-packages/airflow/example_dags/example_branch_operator.py for tasks to queue
[2025-05-04T23:15:12.348+0000] {logging_mixin.py:188} INFO - [2025-05-04T23:15:12.348+0000] {dagbag.py:538} INFO - Filling up the DagBag from /home/airflow/.local/lib/python3.8/site-packages/airflow/example_dags/example_branch_operator.py
[2025-05-04T23:15:12.357+0000] {processor.py:840} INFO - DAG(s) 'example_branch_operator' retrieved from /home/airflow/.local/lib/python3.8/site-packages/airflow/example_dags/example_branch_operator.py
[2025-05-04T23:15:12.373+0000] {logging_mixin.py:188} INFO - [2025-05-04T23:15:12.373+0000] {dag.py:3033} INFO - Sync 1 DAGs
[2025-05-04T23:15:12.383+0000] {logging_mixin.py:188} INFO - [2025-05-04T23:15:12.383+0000] {dag.py:3820} INFO - Setting next_dagrun for example_branch_operator to 2025-05-03T00:00:00+00:00, run_after=2025-05-04T00:00:00+00:00
[2025-05-04T23:15:12.395+0000] {processor.py:183} INFO - Processing /home/airflow/.local/lib/python3.8/site-packages/airflow/example_dags/example_branch_operator.py took 0.051 seconds
[2025-05-04T23:15:42.904+0000] {processor.py:161} INFO - Started process (PID=1092) to work on /home/airflow/.local/lib/python3.8/site-packages/airflow/example_dags/example_branch_operator.py
[2025-05-04T23:15:42.906+0000] {processor.py:830} INFO - Processing file /home/airflow/.local/lib/python3.8/site-packages/airflow/example_dags/example_branch_operator.py for tasks to queue
[2025-05-04T23:15:42.907+0000] {logging_mixin.py:188} INFO - [2025-05-04T23:15:42.906+0000] {dagbag.py:538} INFO - Filling up the DagBag from /home/airflow/.local/lib/python3.8/site-packages/airflow/example_dags/example_branch_operator.py
[2025-05-04T23:15:42.915+0000] {processor.py:840} INFO - DAG(s) 'example_branch_operator' retrieved from /home/airflow/.local/lib/python3.8/site-packages/airflow/example_dags/example_branch_operator.py
[2025-05-04T23:15:42.930+0000] {logging_mixin.py:188} INFO - [2025-05-04T23:15:42.930+0000] {dag.py:3033} INFO - Sync 1 DAGs
[2025-05-04T23:15:42.940+0000] {logging_mixin.py:188} INFO - [2025-05-04T23:15:42.940+0000] {dag.py:3820} INFO - Setting next_dagrun for example_branch_operator to 2025-05-03T00:00:00+00:00, run_after=2025-05-04T00:00:00+00:00
[2025-05-04T23:15:42.950+0000] {processor.py:183} INFO - Processing /home/airflow/.local/lib/python3.8/site-packages/airflow/example_dags/example_branch_operator.py took 0.047 seconds
[2025-05-04T23:18:32.288+0000] {processor.py:161} INFO - Started process (PID=79) to work on /home/airflow/.local/lib/python3.8/site-packages/airflow/example_dags/example_branch_operator.py
[2025-05-04T23:18:32.289+0000] {processor.py:830} INFO - Processing file /home/airflow/.local/lib/python3.8/site-packages/airflow/example_dags/example_branch_operator.py for tasks to queue
[2025-05-04T23:18:32.290+0000] {logging_mixin.py:188} INFO - [2025-05-04T23:18:32.290+0000] {dagbag.py:538} INFO - Filling up the DagBag from /home/airflow/.local/lib/python3.8/site-packages/airflow/example_dags/example_branch_operator.py
[2025-05-04T23:18:32.304+0000] {processor.py:840} INFO - DAG(s) 'example_branch_operator' retrieved from /home/airflow/.local/lib/python3.8/site-packages/airflow/example_dags/example_branch_operator.py
[2025-05-04T23:18:32.315+0000] {logging_mixin.py:188} INFO - [2025-05-04T23:18:32.315+0000] {dag.py:3033} INFO - Sync 1 DAGs
[2025-05-04T23:18:32.330+0000] {logging_mixin.py:188} INFO - [2025-05-04T23:18:32.330+0000] {dag.py:3820} INFO - Setting next_dagrun for example_branch_operator to 2025-05-03T00:00:00+00:00, run_after=2025-05-04T00:00:00+00:00
[2025-05-04T23:18:32.346+0000] {processor.py:183} INFO - Processing /home/airflow/.local/lib/python3.8/site-packages/airflow/example_dags/example_branch_operator.py took 0.059 seconds
[2025-05-04T23:19:02.659+0000] {processor.py:161} INFO - Started process (PID=135) to work on /home/airflow/.local/lib/python3.8/site-packages/airflow/example_dags/example_branch_operator.py
[2025-05-04T23:19:02.659+0000] {processor.py:830} INFO - Processing file /home/airflow/.local/lib/python3.8/site-packages/airflow/example_dags/example_branch_operator.py for tasks to queue
[2025-05-04T23:19:02.660+0000] {logging_mixin.py:188} INFO - [2025-05-04T23:19:02.660+0000] {dagbag.py:538} INFO - Filling up the DagBag from /home/airflow/.local/lib/python3.8/site-packages/airflow/example_dags/example_branch_operator.py
[2025-05-04T23:19:02.668+0000] {processor.py:840} INFO - DAG(s) 'example_branch_operator' retrieved from /home/airflow/.local/lib/python3.8/site-packages/airflow/example_dags/example_branch_operator.py
[2025-05-04T23:19:02.725+0000] {logging_mixin.py:188} INFO - [2025-05-04T23:19:02.725+0000] {dag.py:3033} INFO - Sync 1 DAGs
[2025-05-04T23:19:02.739+0000] {logging_mixin.py:188} INFO - [2025-05-04T23:19:02.738+0000] {dag.py:3820} INFO - Setting next_dagrun for example_branch_operator to 2025-05-03T00:00:00+00:00, run_after=2025-05-04T00:00:00+00:00
[2025-05-04T23:19:02.753+0000] {processor.py:183} INFO - Processing /home/airflow/.local/lib/python3.8/site-packages/airflow/example_dags/example_branch_operator.py took 0.096 seconds
[2025-05-04T23:19:33.644+0000] {processor.py:161} INFO - Started process (PID=191) to work on /home/airflow/.local/lib/python3.8/site-packages/airflow/example_dags/example_branch_operator.py
[2025-05-04T23:19:33.645+0000] {processor.py:830} INFO - Processing file /home/airflow/.local/lib/python3.8/site-packages/airflow/example_dags/example_branch_operator.py for tasks to queue
[2025-05-04T23:19:33.646+0000] {logging_mixin.py:188} INFO - [2025-05-04T23:19:33.646+0000] {dagbag.py:538} INFO - Filling up the DagBag from /home/airflow/.local/lib/python3.8/site-packages/airflow/example_dags/example_branch_operator.py
[2025-05-04T23:19:33.657+0000] {processor.py:840} INFO - DAG(s) 'example_branch_operator' retrieved from /home/airflow/.local/lib/python3.8/site-packages/airflow/example_dags/example_branch_operator.py
[2025-05-04T23:19:33.672+0000] {logging_mixin.py:188} INFO - [2025-05-04T23:19:33.672+0000] {dag.py:3033} INFO - Sync 1 DAGs
[2025-05-04T23:19:33.684+0000] {logging_mixin.py:188} INFO - [2025-05-04T23:19:33.684+0000] {dag.py:3820} INFO - Setting next_dagrun for example_branch_operator to 2025-05-03T00:00:00+00:00, run_after=2025-05-04T00:00:00+00:00
[2025-05-04T23:19:33.698+0000] {processor.py:183} INFO - Processing /home/airflow/.local/lib/python3.8/site-packages/airflow/example_dags/example_branch_operator.py took 0.056 seconds
[2025-05-04T23:20:04.321+0000] {processor.py:161} INFO - Started process (PID=247) to work on /home/airflow/.local/lib/python3.8/site-packages/airflow/example_dags/example_branch_operator.py
[2025-05-04T23:20:04.322+0000] {processor.py:830} INFO - Processing file /home/airflow/.local/lib/python3.8/site-packages/airflow/example_dags/example_branch_operator.py for tasks to queue
[2025-05-04T23:20:04.324+0000] {logging_mixin.py:188} INFO - [2025-05-04T23:20:04.323+0000] {dagbag.py:538} INFO - Filling up the DagBag from /home/airflow/.local/lib/python3.8/site-packages/airflow/example_dags/example_branch_operator.py
[2025-05-04T23:20:04.334+0000] {processor.py:840} INFO - DAG(s) 'example_branch_operator' retrieved from /home/airflow/.local/lib/python3.8/site-packages/airflow/example_dags/example_branch_operator.py
[2025-05-04T23:20:04.356+0000] {logging_mixin.py:188} INFO - [2025-05-04T23:20:04.356+0000] {dag.py:3033} INFO - Sync 1 DAGs
[2025-05-04T23:20:04.372+0000] {logging_mixin.py:188} INFO - [2025-05-04T23:20:04.372+0000] {dag.py:3820} INFO - Setting next_dagrun for example_branch_operator to 2025-05-03T00:00:00+00:00, run_after=2025-05-04T00:00:00+00:00
[2025-05-04T23:20:04.386+0000] {processor.py:183} INFO - Processing /home/airflow/.local/lib/python3.8/site-packages/airflow/example_dags/example_branch_operator.py took 0.066 seconds
[2025-05-04T23:20:35.184+0000] {processor.py:161} INFO - Started process (PID=302) to work on /home/airflow/.local/lib/python3.8/site-packages/airflow/example_dags/example_branch_operator.py
[2025-05-04T23:20:35.185+0000] {processor.py:830} INFO - Processing file /home/airflow/.local/lib/python3.8/site-packages/airflow/example_dags/example_branch_operator.py for tasks to queue
[2025-05-04T23:20:35.187+0000] {logging_mixin.py:188} INFO - [2025-05-04T23:20:35.187+0000] {dagbag.py:538} INFO - Filling up the DagBag from /home/airflow/.local/lib/python3.8/site-packages/airflow/example_dags/example_branch_operator.py
[2025-05-04T23:20:35.199+0000] {processor.py:840} INFO - DAG(s) 'example_branch_operator' retrieved from /home/airflow/.local/lib/python3.8/site-packages/airflow/example_dags/example_branch_operator.py
[2025-05-04T23:20:35.218+0000] {logging_mixin.py:188} INFO - [2025-05-04T23:20:35.218+0000] {dag.py:3033} INFO - Sync 1 DAGs
[2025-05-04T23:20:35.228+0000] {logging_mixin.py:188} INFO - [2025-05-04T23:20:35.228+0000] {dag.py:3820} INFO - Setting next_dagrun for example_branch_operator to 2025-05-03T00:00:00+00:00, run_after=2025-05-04T00:00:00+00:00
[2025-05-04T23:20:35.236+0000] {processor.py:183} INFO - Processing /home/airflow/.local/lib/python3.8/site-packages/airflow/example_dags/example_branch_operator.py took 0.054 seconds
[2025-05-04T23:21:05.352+0000] {processor.py:161} INFO - Started process (PID=358) to work on /home/airflow/.local/lib/python3.8/site-packages/airflow/example_dags/example_branch_operator.py
[2025-05-04T23:21:05.352+0000] {processor.py:830} INFO - Processing file /home/airflow/.local/lib/python3.8/site-packages/airflow/example_dags/example_branch_operator.py for tasks to queue
[2025-05-04T23:21:05.353+0000] {logging_mixin.py:188} INFO - [2025-05-04T23:21:05.353+0000] {dagbag.py:538} INFO - Filling up the DagBag from /home/airflow/.local/lib/python3.8/site-packages/airflow/example_dags/example_branch_operator.py
[2025-05-04T23:21:05.361+0000] {processor.py:840} INFO - DAG(s) 'example_branch_operator' retrieved from /home/airflow/.local/lib/python3.8/site-packages/airflow/example_dags/example_branch_operator.py
[2025-05-04T23:21:05.377+0000] {logging_mixin.py:188} INFO - [2025-05-04T23:21:05.376+0000] {dag.py:3033} INFO - Sync 1 DAGs
[2025-05-04T23:21:05.390+0000] {logging_mixin.py:188} INFO - [2025-05-04T23:21:05.390+0000] {dag.py:3820} INFO - Setting next_dagrun for example_branch_operator to 2025-05-03T00:00:00+00:00, run_after=2025-05-04T00:00:00+00:00
[2025-05-04T23:21:05.403+0000] {processor.py:183} INFO - Processing /home/airflow/.local/lib/python3.8/site-packages/airflow/example_dags/example_branch_operator.py took 0.053 seconds
[2025-05-04T23:21:35.973+0000] {processor.py:161} INFO - Started process (PID=414) to work on /home/airflow/.local/lib/python3.8/site-packages/airflow/example_dags/example_branch_operator.py
[2025-05-04T23:21:35.974+0000] {processor.py:830} INFO - Processing file /home/airflow/.local/lib/python3.8/site-packages/airflow/example_dags/example_branch_operator.py for tasks to queue
[2025-05-04T23:21:35.975+0000] {logging_mixin.py:188} INFO - [2025-05-04T23:21:35.975+0000] {dagbag.py:538} INFO - Filling up the DagBag from /home/airflow/.local/lib/python3.8/site-packages/airflow/example_dags/example_branch_operator.py
[2025-05-04T23:21:35.985+0000] {processor.py:840} INFO - DAG(s) 'example_branch_operator' retrieved from /home/airflow/.local/lib/python3.8/site-packages/airflow/example_dags/example_branch_operator.py
[2025-05-04T23:21:36.002+0000] {logging_mixin.py:188} INFO - [2025-05-04T23:21:36.002+0000] {dag.py:3033} INFO - Sync 1 DAGs
[2025-05-04T23:21:36.013+0000] {logging_mixin.py:188} INFO - [2025-05-04T23:21:36.013+0000] {dag.py:3820} INFO - Setting next_dagrun for example_branch_operator to 2025-05-03T00:00:00+00:00, run_after=2025-05-04T00:00:00+00:00
[2025-05-04T23:21:36.027+0000] {processor.py:183} INFO - Processing /home/airflow/.local/lib/python3.8/site-packages/airflow/example_dags/example_branch_operator.py took 0.056 seconds
[2025-05-04T23:22:06.643+0000] {processor.py:161} INFO - Started process (PID=470) to work on /home/airflow/.local/lib/python3.8/site-packages/airflow/example_dags/example_branch_operator.py
[2025-05-04T23:22:06.645+0000] {processor.py:830} INFO - Processing file /home/airflow/.local/lib/python3.8/site-packages/airflow/example_dags/example_branch_operator.py for tasks to queue
[2025-05-04T23:22:06.647+0000] {logging_mixin.py:188} INFO - [2025-05-04T23:22:06.647+0000] {dagbag.py:538} INFO - Filling up the DagBag from /home/airflow/.local/lib/python3.8/site-packages/airflow/example_dags/example_branch_operator.py
[2025-05-04T23:22:06.656+0000] {processor.py:840} INFO - DAG(s) 'example_branch_operator' retrieved from /home/airflow/.local/lib/python3.8/site-packages/airflow/example_dags/example_branch_operator.py
[2025-05-04T23:22:06.671+0000] {logging_mixin.py:188} INFO - [2025-05-04T23:22:06.671+0000] {dag.py:3033} INFO - Sync 1 DAGs
[2025-05-04T23:22:06.682+0000] {logging_mixin.py:188} INFO - [2025-05-04T23:22:06.682+0000] {dag.py:3820} INFO - Setting next_dagrun for example_branch_operator to 2025-05-03T00:00:00+00:00, run_after=2025-05-04T00:00:00+00:00
[2025-05-04T23:22:06.692+0000] {processor.py:183} INFO - Processing /home/airflow/.local/lib/python3.8/site-packages/airflow/example_dags/example_branch_operator.py took 0.050 seconds
[2025-05-04T23:22:37.205+0000] {processor.py:161} INFO - Started process (PID=526) to work on /home/airflow/.local/lib/python3.8/site-packages/airflow/example_dags/example_branch_operator.py
[2025-05-04T23:22:37.206+0000] {processor.py:830} INFO - Processing file /home/airflow/.local/lib/python3.8/site-packages/airflow/example_dags/example_branch_operator.py for tasks to queue
[2025-05-04T23:22:37.207+0000] {logging_mixin.py:188} INFO - [2025-05-04T23:22:37.207+0000] {dagbag.py:538} INFO - Filling up the DagBag from /home/airflow/.local/lib/python3.8/site-packages/airflow/example_dags/example_branch_operator.py
[2025-05-04T23:22:37.215+0000] {processor.py:840} INFO - DAG(s) 'example_branch_operator' retrieved from /home/airflow/.local/lib/python3.8/site-packages/airflow/example_dags/example_branch_operator.py
[2025-05-04T23:22:37.228+0000] {logging_mixin.py:188} INFO - [2025-05-04T23:22:37.227+0000] {dag.py:3033} INFO - Sync 1 DAGs
[2025-05-04T23:22:37.238+0000] {logging_mixin.py:188} INFO - [2025-05-04T23:22:37.238+0000] {dag.py:3820} INFO - Setting next_dagrun for example_branch_operator to 2025-05-03T00:00:00+00:00, run_after=2025-05-04T00:00:00+00:00
[2025-05-04T23:22:37.253+0000] {processor.py:183} INFO - Processing /home/airflow/.local/lib/python3.8/site-packages/airflow/example_dags/example_branch_operator.py took 0.049 seconds
[2025-05-04T23:23:07.804+0000] {processor.py:161} INFO - Started process (PID=582) to work on /home/airflow/.local/lib/python3.8/site-packages/airflow/example_dags/example_branch_operator.py
[2025-05-04T23:23:07.805+0000] {processor.py:830} INFO - Processing file /home/airflow/.local/lib/python3.8/site-packages/airflow/example_dags/example_branch_operator.py for tasks to queue
[2025-05-04T23:23:07.808+0000] {logging_mixin.py:188} INFO - [2025-05-04T23:23:07.807+0000] {dagbag.py:538} INFO - Filling up the DagBag from /home/airflow/.local/lib/python3.8/site-packages/airflow/example_dags/example_branch_operator.py
[2025-05-04T23:23:07.816+0000] {processor.py:840} INFO - DAG(s) 'example_branch_operator' retrieved from /home/airflow/.local/lib/python3.8/site-packages/airflow/example_dags/example_branch_operator.py
[2025-05-04T23:23:07.832+0000] {logging_mixin.py:188} INFO - [2025-05-04T23:23:07.832+0000] {dag.py:3033} INFO - Sync 1 DAGs
[2025-05-04T23:23:07.842+0000] {logging_mixin.py:188} INFO - [2025-05-04T23:23:07.842+0000] {dag.py:3820} INFO - Setting next_dagrun for example_branch_operator to 2025-05-03T00:00:00+00:00, run_after=2025-05-04T00:00:00+00:00
[2025-05-04T23:23:07.857+0000] {processor.py:183} INFO - Processing /home/airflow/.local/lib/python3.8/site-packages/airflow/example_dags/example_branch_operator.py took 0.056 seconds
[2025-05-04T23:24:31.441+0000] {processor.py:161} INFO - Started process (PID=79) to work on /home/airflow/.local/lib/python3.8/site-packages/airflow/example_dags/example_branch_operator.py
[2025-05-04T23:24:31.443+0000] {processor.py:830} INFO - Processing file /home/airflow/.local/lib/python3.8/site-packages/airflow/example_dags/example_branch_operator.py for tasks to queue
[2025-05-04T23:24:31.445+0000] {logging_mixin.py:188} INFO - [2025-05-04T23:24:31.445+0000] {dagbag.py:538} INFO - Filling up the DagBag from /home/airflow/.local/lib/python3.8/site-packages/airflow/example_dags/example_branch_operator.py
[2025-05-04T23:24:31.456+0000] {processor.py:840} INFO - DAG(s) 'example_branch_operator' retrieved from /home/airflow/.local/lib/python3.8/site-packages/airflow/example_dags/example_branch_operator.py
[2025-05-04T23:24:31.464+0000] {logging_mixin.py:188} INFO - [2025-05-04T23:24:31.464+0000] {dag.py:3033} INFO - Sync 1 DAGs
[2025-05-04T23:24:31.477+0000] {logging_mixin.py:188} INFO - [2025-05-04T23:24:31.477+0000] {dag.py:3820} INFO - Setting next_dagrun for example_branch_operator to 2025-05-03T00:00:00+00:00, run_after=2025-05-04T00:00:00+00:00
[2025-05-04T23:24:31.488+0000] {processor.py:183} INFO - Processing /home/airflow/.local/lib/python3.8/site-packages/airflow/example_dags/example_branch_operator.py took 0.049 seconds
[2025-05-04T23:25:02.156+0000] {processor.py:161} INFO - Started process (PID=135) to work on /home/airflow/.local/lib/python3.8/site-packages/airflow/example_dags/example_branch_operator.py
[2025-05-04T23:25:02.159+0000] {processor.py:830} INFO - Processing file /home/airflow/.local/lib/python3.8/site-packages/airflow/example_dags/example_branch_operator.py for tasks to queue
[2025-05-04T23:25:02.160+0000] {logging_mixin.py:188} INFO - [2025-05-04T23:25:02.160+0000] {dagbag.py:538} INFO - Filling up the DagBag from /home/airflow/.local/lib/python3.8/site-packages/airflow/example_dags/example_branch_operator.py
[2025-05-04T23:25:02.167+0000] {processor.py:840} INFO - DAG(s) 'example_branch_operator' retrieved from /home/airflow/.local/lib/python3.8/site-packages/airflow/example_dags/example_branch_operator.py
[2025-05-04T23:25:02.218+0000] {logging_mixin.py:188} INFO - [2025-05-04T23:25:02.218+0000] {dag.py:3033} INFO - Sync 1 DAGs
[2025-05-04T23:25:02.228+0000] {logging_mixin.py:188} INFO - [2025-05-04T23:25:02.228+0000] {dag.py:3820} INFO - Setting next_dagrun for example_branch_operator to 2025-05-03T00:00:00+00:00, run_after=2025-05-04T00:00:00+00:00
[2025-05-04T23:25:02.242+0000] {processor.py:183} INFO - Processing /home/airflow/.local/lib/python3.8/site-packages/airflow/example_dags/example_branch_operator.py took 0.088 seconds
[2025-05-04T23:25:32.931+0000] {processor.py:161} INFO - Started process (PID=190) to work on /home/airflow/.local/lib/python3.8/site-packages/airflow/example_dags/example_branch_operator.py
[2025-05-04T23:25:32.932+0000] {processor.py:830} INFO - Processing file /home/airflow/.local/lib/python3.8/site-packages/airflow/example_dags/example_branch_operator.py for tasks to queue
[2025-05-04T23:25:32.933+0000] {logging_mixin.py:188} INFO - [2025-05-04T23:25:32.933+0000] {dagbag.py:538} INFO - Filling up the DagBag from /home/airflow/.local/lib/python3.8/site-packages/airflow/example_dags/example_branch_operator.py
[2025-05-04T23:25:32.943+0000] {processor.py:840} INFO - DAG(s) 'example_branch_operator' retrieved from /home/airflow/.local/lib/python3.8/site-packages/airflow/example_dags/example_branch_operator.py
[2025-05-04T23:25:32.962+0000] {logging_mixin.py:188} INFO - [2025-05-04T23:25:32.962+0000] {dag.py:3033} INFO - Sync 1 DAGs
[2025-05-04T23:25:32.974+0000] {logging_mixin.py:188} INFO - [2025-05-04T23:25:32.974+0000] {dag.py:3820} INFO - Setting next_dagrun for example_branch_operator to 2025-05-03T00:00:00+00:00, run_after=2025-05-04T00:00:00+00:00
[2025-05-04T23:25:32.986+0000] {processor.py:183} INFO - Processing /home/airflow/.local/lib/python3.8/site-packages/airflow/example_dags/example_branch_operator.py took 0.056 seconds
[2025-05-04T23:26:03.778+0000] {processor.py:161} INFO - Started process (PID=246) to work on /home/airflow/.local/lib/python3.8/site-packages/airflow/example_dags/example_branch_operator.py
[2025-05-04T23:26:03.780+0000] {processor.py:830} INFO - Processing file /home/airflow/.local/lib/python3.8/site-packages/airflow/example_dags/example_branch_operator.py for tasks to queue
[2025-05-04T23:26:03.782+0000] {logging_mixin.py:188} INFO - [2025-05-04T23:26:03.782+0000] {dagbag.py:538} INFO - Filling up the DagBag from /home/airflow/.local/lib/python3.8/site-packages/airflow/example_dags/example_branch_operator.py
[2025-05-04T23:26:03.793+0000] {processor.py:840} INFO - DAG(s) 'example_branch_operator' retrieved from /home/airflow/.local/lib/python3.8/site-packages/airflow/example_dags/example_branch_operator.py
[2025-05-04T23:26:03.808+0000] {logging_mixin.py:188} INFO - [2025-05-04T23:26:03.808+0000] {dag.py:3033} INFO - Sync 1 DAGs
[2025-05-04T23:26:03.819+0000] {logging_mixin.py:188} INFO - [2025-05-04T23:26:03.819+0000] {dag.py:3820} INFO - Setting next_dagrun for example_branch_operator to 2025-05-03T00:00:00+00:00, run_after=2025-05-04T00:00:00+00:00
[2025-05-04T23:26:03.834+0000] {processor.py:183} INFO - Processing /home/airflow/.local/lib/python3.8/site-packages/airflow/example_dags/example_branch_operator.py took 0.057 seconds
[2025-05-04T23:26:34.527+0000] {processor.py:161} INFO - Started process (PID=302) to work on /home/airflow/.local/lib/python3.8/site-packages/airflow/example_dags/example_branch_operator.py
[2025-05-04T23:26:34.528+0000] {processor.py:830} INFO - Processing file /home/airflow/.local/lib/python3.8/site-packages/airflow/example_dags/example_branch_operator.py for tasks to queue
[2025-05-04T23:26:34.530+0000] {logging_mixin.py:188} INFO - [2025-05-04T23:26:34.529+0000] {dagbag.py:538} INFO - Filling up the DagBag from /home/airflow/.local/lib/python3.8/site-packages/airflow/example_dags/example_branch_operator.py
[2025-05-04T23:26:34.541+0000] {processor.py:840} INFO - DAG(s) 'example_branch_operator' retrieved from /home/airflow/.local/lib/python3.8/site-packages/airflow/example_dags/example_branch_operator.py
[2025-05-04T23:26:34.552+0000] {logging_mixin.py:188} INFO - [2025-05-04T23:26:34.552+0000] {dag.py:3033} INFO - Sync 1 DAGs
[2025-05-04T23:26:34.562+0000] {logging_mixin.py:188} INFO - [2025-05-04T23:26:34.562+0000] {dag.py:3820} INFO - Setting next_dagrun for example_branch_operator to 2025-05-03T00:00:00+00:00, run_after=2025-05-04T00:00:00+00:00
[2025-05-04T23:26:34.585+0000] {processor.py:183} INFO - Processing /home/airflow/.local/lib/python3.8/site-packages/airflow/example_dags/example_branch_operator.py took 0.060 seconds
[2025-05-04T23:27:05.256+0000] {processor.py:161} INFO - Started process (PID=364) to work on /home/airflow/.local/lib/python3.8/site-packages/airflow/example_dags/example_branch_operator.py
[2025-05-04T23:27:05.256+0000] {processor.py:830} INFO - Processing file /home/airflow/.local/lib/python3.8/site-packages/airflow/example_dags/example_branch_operator.py for tasks to queue
[2025-05-04T23:27:05.257+0000] {logging_mixin.py:188} INFO - [2025-05-04T23:27:05.257+0000] {dagbag.py:538} INFO - Filling up the DagBag from /home/airflow/.local/lib/python3.8/site-packages/airflow/example_dags/example_branch_operator.py
[2025-05-04T23:27:05.264+0000] {processor.py:840} INFO - DAG(s) 'example_branch_operator' retrieved from /home/airflow/.local/lib/python3.8/site-packages/airflow/example_dags/example_branch_operator.py
[2025-05-04T23:27:05.276+0000] {logging_mixin.py:188} INFO - [2025-05-04T23:27:05.275+0000] {dag.py:3033} INFO - Sync 1 DAGs
[2025-05-04T23:27:05.286+0000] {logging_mixin.py:188} INFO - [2025-05-04T23:27:05.286+0000] {dag.py:3820} INFO - Setting next_dagrun for example_branch_operator to 2025-05-03T00:00:00+00:00, run_after=2025-05-04T00:00:00+00:00
[2025-05-04T23:27:05.296+0000] {processor.py:183} INFO - Processing /home/airflow/.local/lib/python3.8/site-packages/airflow/example_dags/example_branch_operator.py took 0.042 seconds
[2025-05-04T23:27:35.920+0000] {processor.py:161} INFO - Started process (PID=420) to work on /home/airflow/.local/lib/python3.8/site-packages/airflow/example_dags/example_branch_operator.py
[2025-05-04T23:27:35.921+0000] {processor.py:830} INFO - Processing file /home/airflow/.local/lib/python3.8/site-packages/airflow/example_dags/example_branch_operator.py for tasks to queue
[2025-05-04T23:27:35.922+0000] {logging_mixin.py:188} INFO - [2025-05-04T23:27:35.922+0000] {dagbag.py:538} INFO - Filling up the DagBag from /home/airflow/.local/lib/python3.8/site-packages/airflow/example_dags/example_branch_operator.py
[2025-05-04T23:27:35.929+0000] {processor.py:840} INFO - DAG(s) 'example_branch_operator' retrieved from /home/airflow/.local/lib/python3.8/site-packages/airflow/example_dags/example_branch_operator.py
[2025-05-04T23:27:35.942+0000] {logging_mixin.py:188} INFO - [2025-05-04T23:27:35.942+0000] {dag.py:3033} INFO - Sync 1 DAGs
[2025-05-04T23:27:35.954+0000] {logging_mixin.py:188} INFO - [2025-05-04T23:27:35.954+0000] {dag.py:3820} INFO - Setting next_dagrun for example_branch_operator to 2025-05-03T00:00:00+00:00, run_after=2025-05-04T00:00:00+00:00
[2025-05-04T23:27:35.969+0000] {processor.py:183} INFO - Processing /home/airflow/.local/lib/python3.8/site-packages/airflow/example_dags/example_branch_operator.py took 0.051 seconds
[2025-05-04T23:28:24.814+0000] {processor.py:161} INFO - Started process (PID=79) to work on /home/airflow/.local/lib/python3.8/site-packages/airflow/example_dags/example_branch_operator.py
[2025-05-04T23:28:24.815+0000] {processor.py:830} INFO - Processing file /home/airflow/.local/lib/python3.8/site-packages/airflow/example_dags/example_branch_operator.py for tasks to queue
[2025-05-04T23:28:24.817+0000] {logging_mixin.py:188} INFO - [2025-05-04T23:28:24.817+0000] {dagbag.py:538} INFO - Filling up the DagBag from /home/airflow/.local/lib/python3.8/site-packages/airflow/example_dags/example_branch_operator.py
[2025-05-04T23:28:24.826+0000] {processor.py:840} INFO - DAG(s) 'example_branch_operator' retrieved from /home/airflow/.local/lib/python3.8/site-packages/airflow/example_dags/example_branch_operator.py
[2025-05-04T23:28:24.833+0000] {logging_mixin.py:188} INFO - [2025-05-04T23:28:24.833+0000] {dag.py:3033} INFO - Sync 1 DAGs
[2025-05-04T23:28:24.849+0000] {logging_mixin.py:188} INFO - [2025-05-04T23:28:24.849+0000] {dag.py:3820} INFO - Setting next_dagrun for example_branch_operator to 2025-05-03T00:00:00+00:00, run_after=2025-05-04T00:00:00+00:00
[2025-05-04T23:28:24.861+0000] {processor.py:183} INFO - Processing /home/airflow/.local/lib/python3.8/site-packages/airflow/example_dags/example_branch_operator.py took 0.050 seconds
[2025-05-04T23:28:56.008+0000] {processor.py:161} INFO - Started process (PID=135) to work on /home/airflow/.local/lib/python3.8/site-packages/airflow/example_dags/example_branch_operator.py
[2025-05-04T23:28:56.009+0000] {processor.py:830} INFO - Processing file /home/airflow/.local/lib/python3.8/site-packages/airflow/example_dags/example_branch_operator.py for tasks to queue
[2025-05-04T23:28:56.010+0000] {logging_mixin.py:188} INFO - [2025-05-04T23:28:56.010+0000] {dagbag.py:538} INFO - Filling up the DagBag from /home/airflow/.local/lib/python3.8/site-packages/airflow/example_dags/example_branch_operator.py
[2025-05-04T23:28:56.018+0000] {processor.py:840} INFO - DAG(s) 'example_branch_operator' retrieved from /home/airflow/.local/lib/python3.8/site-packages/airflow/example_dags/example_branch_operator.py
[2025-05-04T23:28:56.065+0000] {logging_mixin.py:188} INFO - [2025-05-04T23:28:56.065+0000] {dag.py:3033} INFO - Sync 1 DAGs
[2025-05-04T23:28:56.074+0000] {logging_mixin.py:188} INFO - [2025-05-04T23:28:56.074+0000] {dag.py:3820} INFO - Setting next_dagrun for example_branch_operator to 2025-05-03T00:00:00+00:00, run_after=2025-05-04T00:00:00+00:00
[2025-05-04T23:28:56.084+0000] {processor.py:183} INFO - Processing /home/airflow/.local/lib/python3.8/site-packages/airflow/example_dags/example_branch_operator.py took 0.078 seconds
[2025-05-04T23:29:27.000+0000] {processor.py:161} INFO - Started process (PID=191) to work on /home/airflow/.local/lib/python3.8/site-packages/airflow/example_dags/example_branch_operator.py
[2025-05-04T23:29:27.002+0000] {processor.py:830} INFO - Processing file /home/airflow/.local/lib/python3.8/site-packages/airflow/example_dags/example_branch_operator.py for tasks to queue
[2025-05-04T23:29:27.006+0000] {logging_mixin.py:188} INFO - [2025-05-04T23:29:27.006+0000] {dagbag.py:538} INFO - Filling up the DagBag from /home/airflow/.local/lib/python3.8/site-packages/airflow/example_dags/example_branch_operator.py
[2025-05-04T23:29:27.014+0000] {processor.py:840} INFO - DAG(s) 'example_branch_operator' retrieved from /home/airflow/.local/lib/python3.8/site-packages/airflow/example_dags/example_branch_operator.py
[2025-05-04T23:29:27.026+0000] {logging_mixin.py:188} INFO - [2025-05-04T23:29:27.026+0000] {dag.py:3033} INFO - Sync 1 DAGs
[2025-05-04T23:29:27.036+0000] {logging_mixin.py:188} INFO - [2025-05-04T23:29:27.035+0000] {dag.py:3820} INFO - Setting next_dagrun for example_branch_operator to 2025-05-03T00:00:00+00:00, run_after=2025-05-04T00:00:00+00:00
[2025-05-04T23:29:27.046+0000] {processor.py:183} INFO - Processing /home/airflow/.local/lib/python3.8/site-packages/airflow/example_dags/example_branch_operator.py took 0.049 seconds
[2025-05-04T23:29:57.698+0000] {processor.py:161} INFO - Started process (PID=253) to work on /home/airflow/.local/lib/python3.8/site-packages/airflow/example_dags/example_branch_operator.py
[2025-05-04T23:29:57.699+0000] {processor.py:830} INFO - Processing file /home/airflow/.local/lib/python3.8/site-packages/airflow/example_dags/example_branch_operator.py for tasks to queue
[2025-05-04T23:29:57.700+0000] {logging_mixin.py:188} INFO - [2025-05-04T23:29:57.700+0000] {dagbag.py:538} INFO - Filling up the DagBag from /home/airflow/.local/lib/python3.8/site-packages/airflow/example_dags/example_branch_operator.py
[2025-05-04T23:29:57.709+0000] {processor.py:840} INFO - DAG(s) 'example_branch_operator' retrieved from /home/airflow/.local/lib/python3.8/site-packages/airflow/example_dags/example_branch_operator.py
[2025-05-04T23:29:57.721+0000] {logging_mixin.py:188} INFO - [2025-05-04T23:29:57.721+0000] {dag.py:3033} INFO - Sync 1 DAGs
[2025-05-04T23:29:57.730+0000] {logging_mixin.py:188} INFO - [2025-05-04T23:29:57.730+0000] {dag.py:3820} INFO - Setting next_dagrun for example_branch_operator to 2025-05-03T00:00:00+00:00, run_after=2025-05-04T00:00:00+00:00
[2025-05-04T23:29:57.740+0000] {processor.py:183} INFO - Processing /home/airflow/.local/lib/python3.8/site-packages/airflow/example_dags/example_branch_operator.py took 0.043 seconds
[2025-05-04T23:30:28.474+0000] {processor.py:161} INFO - Started process (PID=309) to work on /home/airflow/.local/lib/python3.8/site-packages/airflow/example_dags/example_branch_operator.py
[2025-05-04T23:30:28.474+0000] {processor.py:830} INFO - Processing file /home/airflow/.local/lib/python3.8/site-packages/airflow/example_dags/example_branch_operator.py for tasks to queue
[2025-05-04T23:30:28.475+0000] {logging_mixin.py:188} INFO - [2025-05-04T23:30:28.475+0000] {dagbag.py:538} INFO - Filling up the DagBag from /home/airflow/.local/lib/python3.8/site-packages/airflow/example_dags/example_branch_operator.py
[2025-05-04T23:30:28.485+0000] {processor.py:840} INFO - DAG(s) 'example_branch_operator' retrieved from /home/airflow/.local/lib/python3.8/site-packages/airflow/example_dags/example_branch_operator.py
[2025-05-04T23:30:28.500+0000] {logging_mixin.py:188} INFO - [2025-05-04T23:30:28.500+0000] {dag.py:3033} INFO - Sync 1 DAGs
[2025-05-04T23:30:28.509+0000] {logging_mixin.py:188} INFO - [2025-05-04T23:30:28.509+0000] {dag.py:3820} INFO - Setting next_dagrun for example_branch_operator to 2025-05-03T00:00:00+00:00, run_after=2025-05-04T00:00:00+00:00
[2025-05-04T23:30:28.523+0000] {processor.py:183} INFO - Processing /home/airflow/.local/lib/python3.8/site-packages/airflow/example_dags/example_branch_operator.py took 0.051 seconds
[2025-05-04T23:30:59.013+0000] {processor.py:161} INFO - Started process (PID=364) to work on /home/airflow/.local/lib/python3.8/site-packages/airflow/example_dags/example_branch_operator.py
[2025-05-04T23:30:59.014+0000] {processor.py:830} INFO - Processing file /home/airflow/.local/lib/python3.8/site-packages/airflow/example_dags/example_branch_operator.py for tasks to queue
[2025-05-04T23:30:59.015+0000] {logging_mixin.py:188} INFO - [2025-05-04T23:30:59.015+0000] {dagbag.py:538} INFO - Filling up the DagBag from /home/airflow/.local/lib/python3.8/site-packages/airflow/example_dags/example_branch_operator.py
[2025-05-04T23:30:59.024+0000] {processor.py:840} INFO - DAG(s) 'example_branch_operator' retrieved from /home/airflow/.local/lib/python3.8/site-packages/airflow/example_dags/example_branch_operator.py
[2025-05-04T23:30:59.038+0000] {logging_mixin.py:188} INFO - [2025-05-04T23:30:59.038+0000] {dag.py:3033} INFO - Sync 1 DAGs
[2025-05-04T23:30:59.048+0000] {logging_mixin.py:188} INFO - [2025-05-04T23:30:59.048+0000] {dag.py:3820} INFO - Setting next_dagrun for example_branch_operator to 2025-05-03T00:00:00+00:00, run_after=2025-05-04T00:00:00+00:00
[2025-05-04T23:30:59.060+0000] {processor.py:183} INFO - Processing /home/airflow/.local/lib/python3.8/site-packages/airflow/example_dags/example_branch_operator.py took 0.048 seconds
[2025-05-04T23:31:29.748+0000] {processor.py:161} INFO - Started process (PID=420) to work on /home/airflow/.local/lib/python3.8/site-packages/airflow/example_dags/example_branch_operator.py
[2025-05-04T23:31:29.749+0000] {processor.py:830} INFO - Processing file /home/airflow/.local/lib/python3.8/site-packages/airflow/example_dags/example_branch_operator.py for tasks to queue
[2025-05-04T23:31:29.751+0000] {logging_mixin.py:188} INFO - [2025-05-04T23:31:29.751+0000] {dagbag.py:538} INFO - Filling up the DagBag from /home/airflow/.local/lib/python3.8/site-packages/airflow/example_dags/example_branch_operator.py
[2025-05-04T23:31:29.759+0000] {processor.py:840} INFO - DAG(s) 'example_branch_operator' retrieved from /home/airflow/.local/lib/python3.8/site-packages/airflow/example_dags/example_branch_operator.py
[2025-05-04T23:31:29.774+0000] {logging_mixin.py:188} INFO - [2025-05-04T23:31:29.774+0000] {dag.py:3033} INFO - Sync 1 DAGs
[2025-05-04T23:31:29.783+0000] {logging_mixin.py:188} INFO - [2025-05-04T23:31:29.783+0000] {dag.py:3820} INFO - Setting next_dagrun for example_branch_operator to 2025-05-03T00:00:00+00:00, run_after=2025-05-04T00:00:00+00:00
[2025-05-04T23:31:29.794+0000] {processor.py:183} INFO - Processing /home/airflow/.local/lib/python3.8/site-packages/airflow/example_dags/example_branch_operator.py took 0.048 seconds
[2025-05-04T23:32:00.448+0000] {processor.py:161} INFO - Started process (PID=476) to work on /home/airflow/.local/lib/python3.8/site-packages/airflow/example_dags/example_branch_operator.py
[2025-05-04T23:32:00.450+0000] {processor.py:830} INFO - Processing file /home/airflow/.local/lib/python3.8/site-packages/airflow/example_dags/example_branch_operator.py for tasks to queue
[2025-05-04T23:32:00.452+0000] {logging_mixin.py:188} INFO - [2025-05-04T23:32:00.452+0000] {dagbag.py:538} INFO - Filling up the DagBag from /home/airflow/.local/lib/python3.8/site-packages/airflow/example_dags/example_branch_operator.py
[2025-05-04T23:32:00.461+0000] {processor.py:840} INFO - DAG(s) 'example_branch_operator' retrieved from /home/airflow/.local/lib/python3.8/site-packages/airflow/example_dags/example_branch_operator.py
[2025-05-04T23:32:00.474+0000] {logging_mixin.py:188} INFO - [2025-05-04T23:32:00.474+0000] {dag.py:3033} INFO - Sync 1 DAGs
[2025-05-04T23:32:00.485+0000] {logging_mixin.py:188} INFO - [2025-05-04T23:32:00.485+0000] {dag.py:3820} INFO - Setting next_dagrun for example_branch_operator to 2025-05-03T00:00:00+00:00, run_after=2025-05-04T00:00:00+00:00
[2025-05-04T23:32:00.494+0000] {processor.py:183} INFO - Processing /home/airflow/.local/lib/python3.8/site-packages/airflow/example_dags/example_branch_operator.py took 0.048 seconds
[2025-05-04T23:32:31.144+0000] {processor.py:161} INFO - Started process (PID=532) to work on /home/airflow/.local/lib/python3.8/site-packages/airflow/example_dags/example_branch_operator.py
[2025-05-04T23:32:31.145+0000] {processor.py:830} INFO - Processing file /home/airflow/.local/lib/python3.8/site-packages/airflow/example_dags/example_branch_operator.py for tasks to queue
[2025-05-04T23:32:31.147+0000] {logging_mixin.py:188} INFO - [2025-05-04T23:32:31.147+0000] {dagbag.py:538} INFO - Filling up the DagBag from /home/airflow/.local/lib/python3.8/site-packages/airflow/example_dags/example_branch_operator.py
[2025-05-04T23:32:31.157+0000] {processor.py:840} INFO - DAG(s) 'example_branch_operator' retrieved from /home/airflow/.local/lib/python3.8/site-packages/airflow/example_dags/example_branch_operator.py
[2025-05-04T23:32:31.174+0000] {logging_mixin.py:188} INFO - [2025-05-04T23:32:31.174+0000] {dag.py:3033} INFO - Sync 1 DAGs
[2025-05-04T23:32:31.188+0000] {logging_mixin.py:188} INFO - [2025-05-04T23:32:31.188+0000] {dag.py:3820} INFO - Setting next_dagrun for example_branch_operator to 2025-05-03T00:00:00+00:00, run_after=2025-05-04T00:00:00+00:00
[2025-05-04T23:32:31.199+0000] {processor.py:183} INFO - Processing /home/airflow/.local/lib/python3.8/site-packages/airflow/example_dags/example_branch_operator.py took 0.058 seconds
[2025-05-04T23:47:23.240+0000] {processor.py:161} INFO - Started process (PID=79) to work on /home/airflow/.local/lib/python3.8/site-packages/airflow/example_dags/example_branch_operator.py
[2025-05-04T23:47:23.242+0000] {processor.py:830} INFO - Processing file /home/airflow/.local/lib/python3.8/site-packages/airflow/example_dags/example_branch_operator.py for tasks to queue
[2025-05-04T23:47:23.244+0000] {logging_mixin.py:188} INFO - [2025-05-04T23:47:23.244+0000] {dagbag.py:538} INFO - Filling up the DagBag from /home/airflow/.local/lib/python3.8/site-packages/airflow/example_dags/example_branch_operator.py
[2025-05-04T23:47:23.254+0000] {processor.py:840} INFO - DAG(s) 'example_branch_operator' retrieved from /home/airflow/.local/lib/python3.8/site-packages/airflow/example_dags/example_branch_operator.py
[2025-05-04T23:47:23.265+0000] {logging_mixin.py:188} INFO - [2025-05-04T23:47:23.264+0000] {dag.py:3033} INFO - Sync 1 DAGs
[2025-05-04T23:47:23.278+0000] {logging_mixin.py:188} INFO - [2025-05-04T23:47:23.278+0000] {dag.py:3820} INFO - Setting next_dagrun for example_branch_operator to 2025-05-03T00:00:00+00:00, run_after=2025-05-04T00:00:00+00:00
[2025-05-04T23:47:23.285+0000] {processor.py:183} INFO - Processing /home/airflow/.local/lib/python3.8/site-packages/airflow/example_dags/example_branch_operator.py took 0.046 seconds
[2025-05-04T23:47:53.423+0000] {processor.py:161} INFO - Started process (PID=135) to work on /home/airflow/.local/lib/python3.8/site-packages/airflow/example_dags/example_branch_operator.py
[2025-05-04T23:47:53.424+0000] {processor.py:830} INFO - Processing file /home/airflow/.local/lib/python3.8/site-packages/airflow/example_dags/example_branch_operator.py for tasks to queue
[2025-05-04T23:47:53.425+0000] {logging_mixin.py:188} INFO - [2025-05-04T23:47:53.424+0000] {dagbag.py:538} INFO - Filling up the DagBag from /home/airflow/.local/lib/python3.8/site-packages/airflow/example_dags/example_branch_operator.py
[2025-05-04T23:47:53.432+0000] {processor.py:840} INFO - DAG(s) 'example_branch_operator' retrieved from /home/airflow/.local/lib/python3.8/site-packages/airflow/example_dags/example_branch_operator.py
[2025-05-04T23:47:53.482+0000] {logging_mixin.py:188} INFO - [2025-05-04T23:47:53.482+0000] {dag.py:3033} INFO - Sync 1 DAGs
[2025-05-04T23:47:53.491+0000] {logging_mixin.py:188} INFO - [2025-05-04T23:47:53.491+0000] {dag.py:3820} INFO - Setting next_dagrun for example_branch_operator to 2025-05-03T00:00:00+00:00, run_after=2025-05-04T00:00:00+00:00
[2025-05-04T23:47:53.502+0000] {processor.py:183} INFO - Processing /home/airflow/.local/lib/python3.8/site-packages/airflow/example_dags/example_branch_operator.py took 0.081 seconds
[2025-05-04T23:48:24.313+0000] {processor.py:161} INFO - Started process (PID=191) to work on /home/airflow/.local/lib/python3.8/site-packages/airflow/example_dags/example_branch_operator.py
[2025-05-04T23:48:24.314+0000] {processor.py:830} INFO - Processing file /home/airflow/.local/lib/python3.8/site-packages/airflow/example_dags/example_branch_operator.py for tasks to queue
[2025-05-04T23:48:24.315+0000] {logging_mixin.py:188} INFO - [2025-05-04T23:48:24.315+0000] {dagbag.py:538} INFO - Filling up the DagBag from /home/airflow/.local/lib/python3.8/site-packages/airflow/example_dags/example_branch_operator.py
[2025-05-04T23:48:24.324+0000] {processor.py:840} INFO - DAG(s) 'example_branch_operator' retrieved from /home/airflow/.local/lib/python3.8/site-packages/airflow/example_dags/example_branch_operator.py
[2025-05-04T23:48:24.339+0000] {logging_mixin.py:188} INFO - [2025-05-04T23:48:24.339+0000] {dag.py:3033} INFO - Sync 1 DAGs
[2025-05-04T23:48:24.350+0000] {logging_mixin.py:188} INFO - [2025-05-04T23:48:24.349+0000] {dag.py:3820} INFO - Setting next_dagrun for example_branch_operator to 2025-05-03T00:00:00+00:00, run_after=2025-05-04T00:00:00+00:00
[2025-05-04T23:48:24.359+0000] {processor.py:183} INFO - Processing /home/airflow/.local/lib/python3.8/site-packages/airflow/example_dags/example_branch_operator.py took 0.048 seconds
[2025-05-04T23:48:54.925+0000] {processor.py:161} INFO - Started process (PID=247) to work on /home/airflow/.local/lib/python3.8/site-packages/airflow/example_dags/example_branch_operator.py
[2025-05-04T23:48:54.925+0000] {processor.py:830} INFO - Processing file /home/airflow/.local/lib/python3.8/site-packages/airflow/example_dags/example_branch_operator.py for tasks to queue
[2025-05-04T23:48:54.926+0000] {logging_mixin.py:188} INFO - [2025-05-04T23:48:54.926+0000] {dagbag.py:538} INFO - Filling up the DagBag from /home/airflow/.local/lib/python3.8/site-packages/airflow/example_dags/example_branch_operator.py
[2025-05-04T23:48:54.934+0000] {processor.py:840} INFO - DAG(s) 'example_branch_operator' retrieved from /home/airflow/.local/lib/python3.8/site-packages/airflow/example_dags/example_branch_operator.py
[2025-05-04T23:48:54.948+0000] {logging_mixin.py:188} INFO - [2025-05-04T23:48:54.948+0000] {dag.py:3033} INFO - Sync 1 DAGs
[2025-05-04T23:48:54.957+0000] {logging_mixin.py:188} INFO - [2025-05-04T23:48:54.957+0000] {dag.py:3820} INFO - Setting next_dagrun for example_branch_operator to 2025-05-03T00:00:00+00:00, run_after=2025-05-04T00:00:00+00:00
[2025-05-04T23:48:54.968+0000] {processor.py:183} INFO - Processing /home/airflow/.local/lib/python3.8/site-packages/airflow/example_dags/example_branch_operator.py took 0.045 seconds
[2025-05-04T23:49:25.667+0000] {processor.py:161} INFO - Started process (PID=303) to work on /home/airflow/.local/lib/python3.8/site-packages/airflow/example_dags/example_branch_operator.py
[2025-05-04T23:49:25.668+0000] {processor.py:830} INFO - Processing file /home/airflow/.local/lib/python3.8/site-packages/airflow/example_dags/example_branch_operator.py for tasks to queue
[2025-05-04T23:49:25.669+0000] {logging_mixin.py:188} INFO - [2025-05-04T23:49:25.669+0000] {dagbag.py:538} INFO - Filling up the DagBag from /home/airflow/.local/lib/python3.8/site-packages/airflow/example_dags/example_branch_operator.py
[2025-05-04T23:49:25.677+0000] {processor.py:840} INFO - DAG(s) 'example_branch_operator' retrieved from /home/airflow/.local/lib/python3.8/site-packages/airflow/example_dags/example_branch_operator.py
[2025-05-04T23:49:25.692+0000] {logging_mixin.py:188} INFO - [2025-05-04T23:49:25.691+0000] {dag.py:3033} INFO - Sync 1 DAGs
[2025-05-04T23:49:25.702+0000] {logging_mixin.py:188} INFO - [2025-05-04T23:49:25.702+0000] {dag.py:3820} INFO - Setting next_dagrun for example_branch_operator to 2025-05-03T00:00:00+00:00, run_after=2025-05-04T00:00:00+00:00
[2025-05-04T23:49:25.712+0000] {processor.py:183} INFO - Processing /home/airflow/.local/lib/python3.8/site-packages/airflow/example_dags/example_branch_operator.py took 0.047 seconds
[2025-05-04T23:49:56.408+0000] {processor.py:161} INFO - Started process (PID=359) to work on /home/airflow/.local/lib/python3.8/site-packages/airflow/example_dags/example_branch_operator.py
[2025-05-04T23:49:56.409+0000] {processor.py:830} INFO - Processing file /home/airflow/.local/lib/python3.8/site-packages/airflow/example_dags/example_branch_operator.py for tasks to queue
[2025-05-04T23:49:56.410+0000] {logging_mixin.py:188} INFO - [2025-05-04T23:49:56.410+0000] {dagbag.py:538} INFO - Filling up the DagBag from /home/airflow/.local/lib/python3.8/site-packages/airflow/example_dags/example_branch_operator.py
[2025-05-04T23:49:56.419+0000] {processor.py:840} INFO - DAG(s) 'example_branch_operator' retrieved from /home/airflow/.local/lib/python3.8/site-packages/airflow/example_dags/example_branch_operator.py
[2025-05-04T23:49:56.436+0000] {logging_mixin.py:188} INFO - [2025-05-04T23:49:56.435+0000] {dag.py:3033} INFO - Sync 1 DAGs
[2025-05-04T23:49:56.446+0000] {logging_mixin.py:188} INFO - [2025-05-04T23:49:56.445+0000] {dag.py:3820} INFO - Setting next_dagrun for example_branch_operator to 2025-05-03T00:00:00+00:00, run_after=2025-05-04T00:00:00+00:00
[2025-05-04T23:49:56.454+0000] {processor.py:183} INFO - Processing /home/airflow/.local/lib/python3.8/site-packages/airflow/example_dags/example_branch_operator.py took 0.047 seconds
