[2025-05-04T22:22:11.151+0000] {processor.py:161} INFO - Started process (PID=81) to work on /home/airflow/.local/lib/python3.8/site-packages/airflow/example_dags/example_params_ui_tutorial.py
[2025-05-04T22:22:11.151+0000] {processor.py:830} INFO - Processing file /home/airflow/.local/lib/python3.8/site-packages/airflow/example_dags/example_params_ui_tutorial.py for tasks to queue
[2025-05-04T22:22:11.152+0000] {logging_mixin.py:188} INFO - [2025-05-04T22:22:11.152+0000] {dagbag.py:538} INFO - Filling up the DagBag from /home/airflow/.local/lib/python3.8/site-packages/airflow/example_dags/example_params_ui_tutorial.py
[2025-05-04T22:22:11.158+0000] {processor.py:840} INFO - DAG(s) 'example_params_ui_tutorial' retrieved from /home/airflow/.local/lib/python3.8/site-packages/airflow/example_dags/example_params_ui_tutorial.py
[2025-05-04T22:22:11.165+0000] {logging_mixin.py:188} INFO - [2025-05-04T22:22:11.165+0000] {dag.py:3033} INFO - Sync 1 DAGs
[2025-05-04T22:22:11.174+0000] {logging_mixin.py:188} INFO - [2025-05-04T22:22:11.174+0000] {dag.py:3820} INFO - Setting next_dagrun for example_params_ui_tutorial to None, run_after=None
[2025-05-04T22:22:11.182+0000] {processor.py:183} INFO - Processing /home/airflow/.local/lib/python3.8/site-packages/airflow/example_dags/example_params_ui_tutorial.py took 0.033 seconds
[2025-05-04T22:22:41.963+0000] {processor.py:161} INFO - Started process (PID=136) to work on /home/airflow/.local/lib/python3.8/site-packages/airflow/example_dags/example_params_ui_tutorial.py
[2025-05-04T22:22:41.964+0000] {processor.py:830} INFO - Processing file /home/airflow/.local/lib/python3.8/site-packages/airflow/example_dags/example_params_ui_tutorial.py for tasks to queue
[2025-05-04T22:22:41.965+0000] {logging_mixin.py:188} INFO - [2025-05-04T22:22:41.965+0000] {dagbag.py:538} INFO - Filling up the DagBag from /home/airflow/.local/lib/python3.8/site-packages/airflow/example_dags/example_params_ui_tutorial.py
[2025-05-04T22:22:41.970+0000] {processor.py:840} INFO - DAG(s) 'example_params_ui_tutorial' retrieved from /home/airflow/.local/lib/python3.8/site-packages/airflow/example_dags/example_params_ui_tutorial.py
[2025-05-04T22:22:42.020+0000] {logging_mixin.py:188} INFO - [2025-05-04T22:22:42.020+0000] {dag.py:3033} INFO - Sync 1 DAGs
[2025-05-04T22:22:42.024+0000] {logging_mixin.py:188} INFO - [2025-05-04T22:22:42.024+0000] {dag.py:3820} INFO - Setting next_dagrun for example_params_ui_tutorial to None, run_after=None
[2025-05-04T22:22:42.031+0000] {processor.py:183} INFO - Processing /home/airflow/.local/lib/python3.8/site-packages/airflow/example_dags/example_params_ui_tutorial.py took 0.070 seconds
[2025-05-04T22:23:12.673+0000] {processor.py:161} INFO - Started process (PID=191) to work on /home/airflow/.local/lib/python3.8/site-packages/airflow/example_dags/example_params_ui_tutorial.py
[2025-05-04T22:23:12.673+0000] {processor.py:830} INFO - Processing file /home/airflow/.local/lib/python3.8/site-packages/airflow/example_dags/example_params_ui_tutorial.py for tasks to queue
[2025-05-04T22:23:12.674+0000] {logging_mixin.py:188} INFO - [2025-05-04T22:23:12.674+0000] {dagbag.py:538} INFO - Filling up the DagBag from /home/airflow/.local/lib/python3.8/site-packages/airflow/example_dags/example_params_ui_tutorial.py
[2025-05-04T22:23:12.681+0000] {processor.py:840} INFO - DAG(s) 'example_params_ui_tutorial' retrieved from /home/airflow/.local/lib/python3.8/site-packages/airflow/example_dags/example_params_ui_tutorial.py
[2025-05-04T22:23:12.707+0000] {logging_mixin.py:188} INFO - [2025-05-04T22:23:12.707+0000] {dag.py:3033} INFO - Sync 1 DAGs
[2025-05-04T22:23:12.713+0000] {logging_mixin.py:188} INFO - [2025-05-04T22:23:12.713+0000] {dag.py:3820} INFO - Setting next_dagrun for example_params_ui_tutorial to None, run_after=None
[2025-05-04T22:23:12.721+0000] {processor.py:183} INFO - Processing /home/airflow/.local/lib/python3.8/site-packages/airflow/example_dags/example_params_ui_tutorial.py took 0.050 seconds
[2025-05-04T22:23:43.135+0000] {processor.py:161} INFO - Started process (PID=246) to work on /home/airflow/.local/lib/python3.8/site-packages/airflow/example_dags/example_params_ui_tutorial.py
[2025-05-04T22:23:43.135+0000] {processor.py:830} INFO - Processing file /home/airflow/.local/lib/python3.8/site-packages/airflow/example_dags/example_params_ui_tutorial.py for tasks to queue
[2025-05-04T22:23:43.136+0000] {logging_mixin.py:188} INFO - [2025-05-04T22:23:43.136+0000] {dagbag.py:538} INFO - Filling up the DagBag from /home/airflow/.local/lib/python3.8/site-packages/airflow/example_dags/example_params_ui_tutorial.py
[2025-05-04T22:23:43.142+0000] {processor.py:840} INFO - DAG(s) 'example_params_ui_tutorial' retrieved from /home/airflow/.local/lib/python3.8/site-packages/airflow/example_dags/example_params_ui_tutorial.py
[2025-05-04T22:23:43.165+0000] {logging_mixin.py:188} INFO - [2025-05-04T22:23:43.165+0000] {dag.py:3033} INFO - Sync 1 DAGs
[2025-05-04T22:23:43.172+0000] {logging_mixin.py:188} INFO - [2025-05-04T22:23:43.172+0000] {dag.py:3820} INFO - Setting next_dagrun for example_params_ui_tutorial to None, run_after=None
[2025-05-04T22:23:43.179+0000] {processor.py:183} INFO - Processing /home/airflow/.local/lib/python3.8/site-packages/airflow/example_dags/example_params_ui_tutorial.py took 0.046 seconds
[2025-05-04T22:24:13.784+0000] {processor.py:161} INFO - Started process (PID=301) to work on /home/airflow/.local/lib/python3.8/site-packages/airflow/example_dags/example_params_ui_tutorial.py
[2025-05-04T22:24:13.784+0000] {processor.py:830} INFO - Processing file /home/airflow/.local/lib/python3.8/site-packages/airflow/example_dags/example_params_ui_tutorial.py for tasks to queue
[2025-05-04T22:24:13.785+0000] {logging_mixin.py:188} INFO - [2025-05-04T22:24:13.785+0000] {dagbag.py:538} INFO - Filling up the DagBag from /home/airflow/.local/lib/python3.8/site-packages/airflow/example_dags/example_params_ui_tutorial.py
[2025-05-04T22:24:13.791+0000] {processor.py:840} INFO - DAG(s) 'example_params_ui_tutorial' retrieved from /home/airflow/.local/lib/python3.8/site-packages/airflow/example_dags/example_params_ui_tutorial.py
[2025-05-04T22:24:13.813+0000] {logging_mixin.py:188} INFO - [2025-05-04T22:24:13.813+0000] {dag.py:3033} INFO - Sync 1 DAGs
[2025-05-04T22:24:13.818+0000] {logging_mixin.py:188} INFO - [2025-05-04T22:24:13.818+0000] {dag.py:3820} INFO - Setting next_dagrun for example_params_ui_tutorial to None, run_after=None
[2025-05-04T22:24:13.827+0000] {processor.py:183} INFO - Processing /home/airflow/.local/lib/python3.8/site-packages/airflow/example_dags/example_params_ui_tutorial.py took 0.045 seconds
[2025-05-04T22:24:44.386+0000] {processor.py:161} INFO - Started process (PID=362) to work on /home/airflow/.local/lib/python3.8/site-packages/airflow/example_dags/example_params_ui_tutorial.py
[2025-05-04T22:24:44.387+0000] {processor.py:830} INFO - Processing file /home/airflow/.local/lib/python3.8/site-packages/airflow/example_dags/example_params_ui_tutorial.py for tasks to queue
[2025-05-04T22:24:44.389+0000] {logging_mixin.py:188} INFO - [2025-05-04T22:24:44.388+0000] {dagbag.py:538} INFO - Filling up the DagBag from /home/airflow/.local/lib/python3.8/site-packages/airflow/example_dags/example_params_ui_tutorial.py
[2025-05-04T22:24:44.395+0000] {processor.py:840} INFO - DAG(s) 'example_params_ui_tutorial' retrieved from /home/airflow/.local/lib/python3.8/site-packages/airflow/example_dags/example_params_ui_tutorial.py
[2025-05-04T22:24:44.422+0000] {logging_mixin.py:188} INFO - [2025-05-04T22:24:44.422+0000] {dag.py:3033} INFO - Sync 1 DAGs
[2025-05-04T22:24:44.427+0000] {logging_mixin.py:188} INFO - [2025-05-04T22:24:44.427+0000] {dag.py:3820} INFO - Setting next_dagrun for example_params_ui_tutorial to None, run_after=None
[2025-05-04T22:24:44.434+0000] {processor.py:183} INFO - Processing /home/airflow/.local/lib/python3.8/site-packages/airflow/example_dags/example_params_ui_tutorial.py took 0.049 seconds
[2025-05-04T22:25:29.890+0000] {processor.py:161} INFO - Started process (PID=82) to work on /home/airflow/.local/lib/python3.8/site-packages/airflow/example_dags/example_params_ui_tutorial.py
[2025-05-04T22:25:29.891+0000] {processor.py:830} INFO - Processing file /home/airflow/.local/lib/python3.8/site-packages/airflow/example_dags/example_params_ui_tutorial.py for tasks to queue
[2025-05-04T22:25:29.891+0000] {logging_mixin.py:188} INFO - [2025-05-04T22:25:29.891+0000] {dagbag.py:538} INFO - Filling up the DagBag from /home/airflow/.local/lib/python3.8/site-packages/airflow/example_dags/example_params_ui_tutorial.py
[2025-05-04T22:25:29.899+0000] {processor.py:840} INFO - DAG(s) 'example_params_ui_tutorial' retrieved from /home/airflow/.local/lib/python3.8/site-packages/airflow/example_dags/example_params_ui_tutorial.py
[2025-05-04T22:25:29.909+0000] {logging_mixin.py:188} INFO - [2025-05-04T22:25:29.908+0000] {dag.py:3033} INFO - Sync 1 DAGs
[2025-05-04T22:25:29.915+0000] {logging_mixin.py:188} INFO - [2025-05-04T22:25:29.915+0000] {dag.py:3820} INFO - Setting next_dagrun for example_params_ui_tutorial to None, run_after=None
[2025-05-04T22:25:29.922+0000] {processor.py:183} INFO - Processing /home/airflow/.local/lib/python3.8/site-packages/airflow/example_dags/example_params_ui_tutorial.py took 0.033 seconds
[2025-05-04T22:26:00.391+0000] {processor.py:161} INFO - Started process (PID=138) to work on /home/airflow/.local/lib/python3.8/site-packages/airflow/example_dags/example_params_ui_tutorial.py
[2025-05-04T22:26:00.392+0000] {processor.py:830} INFO - Processing file /home/airflow/.local/lib/python3.8/site-packages/airflow/example_dags/example_params_ui_tutorial.py for tasks to queue
[2025-05-04T22:26:00.393+0000] {logging_mixin.py:188} INFO - [2025-05-04T22:26:00.393+0000] {dagbag.py:538} INFO - Filling up the DagBag from /home/airflow/.local/lib/python3.8/site-packages/airflow/example_dags/example_params_ui_tutorial.py
[2025-05-04T22:26:00.400+0000] {processor.py:840} INFO - DAG(s) 'example_params_ui_tutorial' retrieved from /home/airflow/.local/lib/python3.8/site-packages/airflow/example_dags/example_params_ui_tutorial.py
[2025-05-04T22:26:00.460+0000] {logging_mixin.py:188} INFO - [2025-05-04T22:26:00.460+0000] {dag.py:3033} INFO - Sync 1 DAGs
[2025-05-04T22:26:00.468+0000] {logging_mixin.py:188} INFO - [2025-05-04T22:26:00.468+0000] {dag.py:3820} INFO - Setting next_dagrun for example_params_ui_tutorial to None, run_after=None
[2025-05-04T22:26:00.484+0000] {processor.py:183} INFO - Processing /home/airflow/.local/lib/python3.8/site-packages/airflow/example_dags/example_params_ui_tutorial.py took 0.094 seconds
[2025-05-04T22:26:31.237+0000] {processor.py:161} INFO - Started process (PID=194) to work on /home/airflow/.local/lib/python3.8/site-packages/airflow/example_dags/example_params_ui_tutorial.py
[2025-05-04T22:26:31.238+0000] {processor.py:830} INFO - Processing file /home/airflow/.local/lib/python3.8/site-packages/airflow/example_dags/example_params_ui_tutorial.py for tasks to queue
[2025-05-04T22:26:31.239+0000] {logging_mixin.py:188} INFO - [2025-05-04T22:26:31.239+0000] {dagbag.py:538} INFO - Filling up the DagBag from /home/airflow/.local/lib/python3.8/site-packages/airflow/example_dags/example_params_ui_tutorial.py
[2025-05-04T22:26:31.245+0000] {processor.py:840} INFO - DAG(s) 'example_params_ui_tutorial' retrieved from /home/airflow/.local/lib/python3.8/site-packages/airflow/example_dags/example_params_ui_tutorial.py
[2025-05-04T22:26:31.277+0000] {logging_mixin.py:188} INFO - [2025-05-04T22:26:31.277+0000] {dag.py:3033} INFO - Sync 1 DAGs
[2025-05-04T22:26:31.282+0000] {logging_mixin.py:188} INFO - [2025-05-04T22:26:31.282+0000] {dag.py:3820} INFO - Setting next_dagrun for example_params_ui_tutorial to None, run_after=None
[2025-05-04T22:26:31.291+0000] {processor.py:183} INFO - Processing /home/airflow/.local/lib/python3.8/site-packages/airflow/example_dags/example_params_ui_tutorial.py took 0.056 seconds
[2025-05-04T22:27:01.838+0000] {processor.py:161} INFO - Started process (PID=254) to work on /home/airflow/.local/lib/python3.8/site-packages/airflow/example_dags/example_params_ui_tutorial.py
[2025-05-04T22:27:01.838+0000] {processor.py:830} INFO - Processing file /home/airflow/.local/lib/python3.8/site-packages/airflow/example_dags/example_params_ui_tutorial.py for tasks to queue
[2025-05-04T22:27:01.839+0000] {logging_mixin.py:188} INFO - [2025-05-04T22:27:01.839+0000] {dagbag.py:538} INFO - Filling up the DagBag from /home/airflow/.local/lib/python3.8/site-packages/airflow/example_dags/example_params_ui_tutorial.py
[2025-05-04T22:27:01.844+0000] {processor.py:840} INFO - DAG(s) 'example_params_ui_tutorial' retrieved from /home/airflow/.local/lib/python3.8/site-packages/airflow/example_dags/example_params_ui_tutorial.py
[2025-05-04T22:27:01.864+0000] {logging_mixin.py:188} INFO - [2025-05-04T22:27:01.864+0000] {dag.py:3033} INFO - Sync 1 DAGs
[2025-05-04T22:27:01.869+0000] {logging_mixin.py:188} INFO - [2025-05-04T22:27:01.869+0000] {dag.py:3820} INFO - Setting next_dagrun for example_params_ui_tutorial to None, run_after=None
[2025-05-04T22:27:01.875+0000] {processor.py:183} INFO - Processing /home/airflow/.local/lib/python3.8/site-packages/airflow/example_dags/example_params_ui_tutorial.py took 0.039 seconds
[2025-05-04T22:27:32.470+0000] {processor.py:161} INFO - Started process (PID=310) to work on /home/airflow/.local/lib/python3.8/site-packages/airflow/example_dags/example_params_ui_tutorial.py
[2025-05-04T22:27:32.471+0000] {processor.py:830} INFO - Processing file /home/airflow/.local/lib/python3.8/site-packages/airflow/example_dags/example_params_ui_tutorial.py for tasks to queue
[2025-05-04T22:27:32.471+0000] {logging_mixin.py:188} INFO - [2025-05-04T22:27:32.471+0000] {dagbag.py:538} INFO - Filling up the DagBag from /home/airflow/.local/lib/python3.8/site-packages/airflow/example_dags/example_params_ui_tutorial.py
[2025-05-04T22:27:32.477+0000] {processor.py:840} INFO - DAG(s) 'example_params_ui_tutorial' retrieved from /home/airflow/.local/lib/python3.8/site-packages/airflow/example_dags/example_params_ui_tutorial.py
[2025-05-04T22:27:32.508+0000] {logging_mixin.py:188} INFO - [2025-05-04T22:27:32.508+0000] {dag.py:3033} INFO - Sync 1 DAGs
[2025-05-04T22:27:32.513+0000] {logging_mixin.py:188} INFO - [2025-05-04T22:27:32.513+0000] {dag.py:3820} INFO - Setting next_dagrun for example_params_ui_tutorial to None, run_after=None
[2025-05-04T22:27:32.521+0000] {processor.py:183} INFO - Processing /home/airflow/.local/lib/python3.8/site-packages/airflow/example_dags/example_params_ui_tutorial.py took 0.052 seconds
[2025-05-04T22:28:03.134+0000] {processor.py:161} INFO - Started process (PID=366) to work on /home/airflow/.local/lib/python3.8/site-packages/airflow/example_dags/example_params_ui_tutorial.py
[2025-05-04T22:28:03.134+0000] {processor.py:830} INFO - Processing file /home/airflow/.local/lib/python3.8/site-packages/airflow/example_dags/example_params_ui_tutorial.py for tasks to queue
[2025-05-04T22:28:03.135+0000] {logging_mixin.py:188} INFO - [2025-05-04T22:28:03.135+0000] {dagbag.py:538} INFO - Filling up the DagBag from /home/airflow/.local/lib/python3.8/site-packages/airflow/example_dags/example_params_ui_tutorial.py
[2025-05-04T22:28:03.141+0000] {processor.py:840} INFO - DAG(s) 'example_params_ui_tutorial' retrieved from /home/airflow/.local/lib/python3.8/site-packages/airflow/example_dags/example_params_ui_tutorial.py
[2025-05-04T22:28:03.164+0000] {logging_mixin.py:188} INFO - [2025-05-04T22:28:03.163+0000] {dag.py:3033} INFO - Sync 1 DAGs
[2025-05-04T22:28:03.169+0000] {logging_mixin.py:188} INFO - [2025-05-04T22:28:03.169+0000] {dag.py:3820} INFO - Setting next_dagrun for example_params_ui_tutorial to None, run_after=None
[2025-05-04T22:28:03.177+0000] {processor.py:183} INFO - Processing /home/airflow/.local/lib/python3.8/site-packages/airflow/example_dags/example_params_ui_tutorial.py took 0.045 seconds
[2025-05-04T22:28:33.768+0000] {processor.py:161} INFO - Started process (PID=422) to work on /home/airflow/.local/lib/python3.8/site-packages/airflow/example_dags/example_params_ui_tutorial.py
[2025-05-04T22:28:33.768+0000] {processor.py:830} INFO - Processing file /home/airflow/.local/lib/python3.8/site-packages/airflow/example_dags/example_params_ui_tutorial.py for tasks to queue
[2025-05-04T22:28:33.770+0000] {logging_mixin.py:188} INFO - [2025-05-04T22:28:33.770+0000] {dagbag.py:538} INFO - Filling up the DagBag from /home/airflow/.local/lib/python3.8/site-packages/airflow/example_dags/example_params_ui_tutorial.py
[2025-05-04T22:28:33.777+0000] {processor.py:840} INFO - DAG(s) 'example_params_ui_tutorial' retrieved from /home/airflow/.local/lib/python3.8/site-packages/airflow/example_dags/example_params_ui_tutorial.py
[2025-05-04T22:28:33.802+0000] {logging_mixin.py:188} INFO - [2025-05-04T22:28:33.802+0000] {dag.py:3033} INFO - Sync 1 DAGs
[2025-05-04T22:28:33.807+0000] {logging_mixin.py:188} INFO - [2025-05-04T22:28:33.807+0000] {dag.py:3820} INFO - Setting next_dagrun for example_params_ui_tutorial to None, run_after=None
[2025-05-04T22:28:33.817+0000] {processor.py:183} INFO - Processing /home/airflow/.local/lib/python3.8/site-packages/airflow/example_dags/example_params_ui_tutorial.py took 0.051 seconds
[2025-05-04T22:29:04.406+0000] {processor.py:161} INFO - Started process (PID=478) to work on /home/airflow/.local/lib/python3.8/site-packages/airflow/example_dags/example_params_ui_tutorial.py
[2025-05-04T22:29:04.407+0000] {processor.py:830} INFO - Processing file /home/airflow/.local/lib/python3.8/site-packages/airflow/example_dags/example_params_ui_tutorial.py for tasks to queue
[2025-05-04T22:29:04.408+0000] {logging_mixin.py:188} INFO - [2025-05-04T22:29:04.408+0000] {dagbag.py:538} INFO - Filling up the DagBag from /home/airflow/.local/lib/python3.8/site-packages/airflow/example_dags/example_params_ui_tutorial.py
[2025-05-04T22:29:04.413+0000] {processor.py:840} INFO - DAG(s) 'example_params_ui_tutorial' retrieved from /home/airflow/.local/lib/python3.8/site-packages/airflow/example_dags/example_params_ui_tutorial.py
[2025-05-04T22:29:04.437+0000] {logging_mixin.py:188} INFO - [2025-05-04T22:29:04.437+0000] {dag.py:3033} INFO - Sync 1 DAGs
[2025-05-04T22:29:04.442+0000] {logging_mixin.py:188} INFO - [2025-05-04T22:29:04.442+0000] {dag.py:3820} INFO - Setting next_dagrun for example_params_ui_tutorial to None, run_after=None
[2025-05-04T22:29:04.455+0000] {processor.py:183} INFO - Processing /home/airflow/.local/lib/python3.8/site-packages/airflow/example_dags/example_params_ui_tutorial.py took 0.051 seconds
[2025-05-04T22:29:35.266+0000] {processor.py:161} INFO - Started process (PID=534) to work on /home/airflow/.local/lib/python3.8/site-packages/airflow/example_dags/example_params_ui_tutorial.py
[2025-05-04T22:29:35.268+0000] {processor.py:830} INFO - Processing file /home/airflow/.local/lib/python3.8/site-packages/airflow/example_dags/example_params_ui_tutorial.py for tasks to queue
[2025-05-04T22:29:35.268+0000] {logging_mixin.py:188} INFO - [2025-05-04T22:29:35.268+0000] {dagbag.py:538} INFO - Filling up the DagBag from /home/airflow/.local/lib/python3.8/site-packages/airflow/example_dags/example_params_ui_tutorial.py
[2025-05-04T22:29:35.275+0000] {processor.py:840} INFO - DAG(s) 'example_params_ui_tutorial' retrieved from /home/airflow/.local/lib/python3.8/site-packages/airflow/example_dags/example_params_ui_tutorial.py
[2025-05-04T22:29:35.306+0000] {logging_mixin.py:188} INFO - [2025-05-04T22:29:35.306+0000] {dag.py:3033} INFO - Sync 1 DAGs
[2025-05-04T22:29:35.311+0000] {logging_mixin.py:188} INFO - [2025-05-04T22:29:35.311+0000] {dag.py:3820} INFO - Setting next_dagrun for example_params_ui_tutorial to None, run_after=None
[2025-05-04T22:29:35.322+0000] {processor.py:183} INFO - Processing /home/airflow/.local/lib/python3.8/site-packages/airflow/example_dags/example_params_ui_tutorial.py took 0.057 seconds
[2025-05-04T22:30:05.981+0000] {processor.py:161} INFO - Started process (PID=590) to work on /home/airflow/.local/lib/python3.8/site-packages/airflow/example_dags/example_params_ui_tutorial.py
[2025-05-04T22:30:05.981+0000] {processor.py:830} INFO - Processing file /home/airflow/.local/lib/python3.8/site-packages/airflow/example_dags/example_params_ui_tutorial.py for tasks to queue
[2025-05-04T22:30:05.982+0000] {logging_mixin.py:188} INFO - [2025-05-04T22:30:05.982+0000] {dagbag.py:538} INFO - Filling up the DagBag from /home/airflow/.local/lib/python3.8/site-packages/airflow/example_dags/example_params_ui_tutorial.py
[2025-05-04T22:30:05.987+0000] {processor.py:840} INFO - DAG(s) 'example_params_ui_tutorial' retrieved from /home/airflow/.local/lib/python3.8/site-packages/airflow/example_dags/example_params_ui_tutorial.py
[2025-05-04T22:30:06.012+0000] {logging_mixin.py:188} INFO - [2025-05-04T22:30:06.012+0000] {dag.py:3033} INFO - Sync 1 DAGs
[2025-05-04T22:30:06.016+0000] {logging_mixin.py:188} INFO - [2025-05-04T22:30:06.016+0000] {dag.py:3820} INFO - Setting next_dagrun for example_params_ui_tutorial to None, run_after=None
[2025-05-04T22:30:06.027+0000] {processor.py:183} INFO - Processing /home/airflow/.local/lib/python3.8/site-packages/airflow/example_dags/example_params_ui_tutorial.py took 0.048 seconds
[2025-05-04T22:30:36.617+0000] {processor.py:161} INFO - Started process (PID=646) to work on /home/airflow/.local/lib/python3.8/site-packages/airflow/example_dags/example_params_ui_tutorial.py
[2025-05-04T22:30:36.618+0000] {processor.py:830} INFO - Processing file /home/airflow/.local/lib/python3.8/site-packages/airflow/example_dags/example_params_ui_tutorial.py for tasks to queue
[2025-05-04T22:30:36.619+0000] {logging_mixin.py:188} INFO - [2025-05-04T22:30:36.618+0000] {dagbag.py:538} INFO - Filling up the DagBag from /home/airflow/.local/lib/python3.8/site-packages/airflow/example_dags/example_params_ui_tutorial.py
[2025-05-04T22:30:36.628+0000] {processor.py:840} INFO - DAG(s) 'example_params_ui_tutorial' retrieved from /home/airflow/.local/lib/python3.8/site-packages/airflow/example_dags/example_params_ui_tutorial.py
[2025-05-04T22:30:36.653+0000] {logging_mixin.py:188} INFO - [2025-05-04T22:30:36.653+0000] {dag.py:3033} INFO - Sync 1 DAGs
[2025-05-04T22:30:36.658+0000] {logging_mixin.py:188} INFO - [2025-05-04T22:30:36.658+0000] {dag.py:3820} INFO - Setting next_dagrun for example_params_ui_tutorial to None, run_after=None
[2025-05-04T22:30:36.669+0000] {processor.py:183} INFO - Processing /home/airflow/.local/lib/python3.8/site-packages/airflow/example_dags/example_params_ui_tutorial.py took 0.054 seconds
[2025-05-04T22:31:15.109+0000] {processor.py:161} INFO - Started process (PID=83) to work on /home/airflow/.local/lib/python3.8/site-packages/airflow/example_dags/example_params_ui_tutorial.py
[2025-05-04T22:31:15.110+0000] {processor.py:830} INFO - Processing file /home/airflow/.local/lib/python3.8/site-packages/airflow/example_dags/example_params_ui_tutorial.py for tasks to queue
[2025-05-04T22:31:15.112+0000] {logging_mixin.py:188} INFO - [2025-05-04T22:31:15.112+0000] {dagbag.py:538} INFO - Filling up the DagBag from /home/airflow/.local/lib/python3.8/site-packages/airflow/example_dags/example_params_ui_tutorial.py
[2025-05-04T22:31:15.119+0000] {processor.py:840} INFO - DAG(s) 'example_params_ui_tutorial' retrieved from /home/airflow/.local/lib/python3.8/site-packages/airflow/example_dags/example_params_ui_tutorial.py
[2025-05-04T22:31:15.127+0000] {logging_mixin.py:188} INFO - [2025-05-04T22:31:15.126+0000] {dag.py:3033} INFO - Sync 1 DAGs
[2025-05-04T22:31:15.133+0000] {logging_mixin.py:188} INFO - [2025-05-04T22:31:15.133+0000] {dag.py:3820} INFO - Setting next_dagrun for example_params_ui_tutorial to None, run_after=None
[2025-05-04T22:31:15.139+0000] {processor.py:183} INFO - Processing /home/airflow/.local/lib/python3.8/site-packages/airflow/example_dags/example_params_ui_tutorial.py took 0.032 seconds
[2025-05-04T22:31:45.460+0000] {processor.py:161} INFO - Started process (PID=139) to work on /home/airflow/.local/lib/python3.8/site-packages/airflow/example_dags/example_params_ui_tutorial.py
[2025-05-04T22:31:45.461+0000] {processor.py:830} INFO - Processing file /home/airflow/.local/lib/python3.8/site-packages/airflow/example_dags/example_params_ui_tutorial.py for tasks to queue
[2025-05-04T22:31:45.462+0000] {logging_mixin.py:188} INFO - [2025-05-04T22:31:45.462+0000] {dagbag.py:538} INFO - Filling up the DagBag from /home/airflow/.local/lib/python3.8/site-packages/airflow/example_dags/example_params_ui_tutorial.py
[2025-05-04T22:31:45.469+0000] {processor.py:840} INFO - DAG(s) 'example_params_ui_tutorial' retrieved from /home/airflow/.local/lib/python3.8/site-packages/airflow/example_dags/example_params_ui_tutorial.py
[2025-05-04T22:31:45.530+0000] {logging_mixin.py:188} INFO - [2025-05-04T22:31:45.530+0000] {dag.py:3033} INFO - Sync 1 DAGs
[2025-05-04T22:31:45.535+0000] {logging_mixin.py:188} INFO - [2025-05-04T22:31:45.535+0000] {dag.py:3820} INFO - Setting next_dagrun for example_params_ui_tutorial to None, run_after=None
[2025-05-04T22:31:45.543+0000] {processor.py:183} INFO - Processing /home/airflow/.local/lib/python3.8/site-packages/airflow/example_dags/example_params_ui_tutorial.py took 0.085 seconds
[2025-05-04T22:32:16.387+0000] {processor.py:161} INFO - Started process (PID=199) to work on /home/airflow/.local/lib/python3.8/site-packages/airflow/example_dags/example_params_ui_tutorial.py
[2025-05-04T22:32:16.387+0000] {processor.py:830} INFO - Processing file /home/airflow/.local/lib/python3.8/site-packages/airflow/example_dags/example_params_ui_tutorial.py for tasks to queue
[2025-05-04T22:32:16.388+0000] {logging_mixin.py:188} INFO - [2025-05-04T22:32:16.388+0000] {dagbag.py:538} INFO - Filling up the DagBag from /home/airflow/.local/lib/python3.8/site-packages/airflow/example_dags/example_params_ui_tutorial.py
[2025-05-04T22:32:16.394+0000] {processor.py:840} INFO - DAG(s) 'example_params_ui_tutorial' retrieved from /home/airflow/.local/lib/python3.8/site-packages/airflow/example_dags/example_params_ui_tutorial.py
[2025-05-04T22:32:16.421+0000] {logging_mixin.py:188} INFO - [2025-05-04T22:32:16.421+0000] {dag.py:3033} INFO - Sync 1 DAGs
[2025-05-04T22:32:16.426+0000] {logging_mixin.py:188} INFO - [2025-05-04T22:32:16.426+0000] {dag.py:3820} INFO - Setting next_dagrun for example_params_ui_tutorial to None, run_after=None
[2025-05-04T22:32:16.437+0000] {processor.py:183} INFO - Processing /home/airflow/.local/lib/python3.8/site-packages/airflow/example_dags/example_params_ui_tutorial.py took 0.053 seconds
[2025-05-04T22:32:47.047+0000] {processor.py:161} INFO - Started process (PID=255) to work on /home/airflow/.local/lib/python3.8/site-packages/airflow/example_dags/example_params_ui_tutorial.py
[2025-05-04T22:32:47.047+0000] {processor.py:830} INFO - Processing file /home/airflow/.local/lib/python3.8/site-packages/airflow/example_dags/example_params_ui_tutorial.py for tasks to queue
[2025-05-04T22:32:47.048+0000] {logging_mixin.py:188} INFO - [2025-05-04T22:32:47.048+0000] {dagbag.py:538} INFO - Filling up the DagBag from /home/airflow/.local/lib/python3.8/site-packages/airflow/example_dags/example_params_ui_tutorial.py
[2025-05-04T22:32:47.053+0000] {processor.py:840} INFO - DAG(s) 'example_params_ui_tutorial' retrieved from /home/airflow/.local/lib/python3.8/site-packages/airflow/example_dags/example_params_ui_tutorial.py
[2025-05-04T22:32:47.074+0000] {logging_mixin.py:188} INFO - [2025-05-04T22:32:47.074+0000] {dag.py:3033} INFO - Sync 1 DAGs
[2025-05-04T22:32:47.079+0000] {logging_mixin.py:188} INFO - [2025-05-04T22:32:47.079+0000] {dag.py:3820} INFO - Setting next_dagrun for example_params_ui_tutorial to None, run_after=None
[2025-05-04T22:32:47.085+0000] {processor.py:183} INFO - Processing /home/airflow/.local/lib/python3.8/site-packages/airflow/example_dags/example_params_ui_tutorial.py took 0.040 seconds
[2025-05-04T22:33:17.810+0000] {processor.py:161} INFO - Started process (PID=311) to work on /home/airflow/.local/lib/python3.8/site-packages/airflow/example_dags/example_params_ui_tutorial.py
[2025-05-04T22:33:17.811+0000] {processor.py:830} INFO - Processing file /home/airflow/.local/lib/python3.8/site-packages/airflow/example_dags/example_params_ui_tutorial.py for tasks to queue
[2025-05-04T22:33:17.812+0000] {logging_mixin.py:188} INFO - [2025-05-04T22:33:17.811+0000] {dagbag.py:538} INFO - Filling up the DagBag from /home/airflow/.local/lib/python3.8/site-packages/airflow/example_dags/example_params_ui_tutorial.py
[2025-05-04T22:33:17.816+0000] {processor.py:840} INFO - DAG(s) 'example_params_ui_tutorial' retrieved from /home/airflow/.local/lib/python3.8/site-packages/airflow/example_dags/example_params_ui_tutorial.py
[2025-05-04T22:33:17.839+0000] {logging_mixin.py:188} INFO - [2025-05-04T22:33:17.839+0000] {dag.py:3033} INFO - Sync 1 DAGs
[2025-05-04T22:33:17.843+0000] {logging_mixin.py:188} INFO - [2025-05-04T22:33:17.843+0000] {dag.py:3820} INFO - Setting next_dagrun for example_params_ui_tutorial to None, run_after=None
[2025-05-04T22:33:17.849+0000] {processor.py:183} INFO - Processing /home/airflow/.local/lib/python3.8/site-packages/airflow/example_dags/example_params_ui_tutorial.py took 0.040 seconds
[2025-05-04T22:33:48.456+0000] {processor.py:161} INFO - Started process (PID=367) to work on /home/airflow/.local/lib/python3.8/site-packages/airflow/example_dags/example_params_ui_tutorial.py
[2025-05-04T22:33:48.457+0000] {processor.py:830} INFO - Processing file /home/airflow/.local/lib/python3.8/site-packages/airflow/example_dags/example_params_ui_tutorial.py for tasks to queue
[2025-05-04T22:33:48.458+0000] {logging_mixin.py:188} INFO - [2025-05-04T22:33:48.458+0000] {dagbag.py:538} INFO - Filling up the DagBag from /home/airflow/.local/lib/python3.8/site-packages/airflow/example_dags/example_params_ui_tutorial.py
[2025-05-04T22:33:48.463+0000] {processor.py:840} INFO - DAG(s) 'example_params_ui_tutorial' retrieved from /home/airflow/.local/lib/python3.8/site-packages/airflow/example_dags/example_params_ui_tutorial.py
[2025-05-04T22:33:48.485+0000] {logging_mixin.py:188} INFO - [2025-05-04T22:33:48.485+0000] {dag.py:3033} INFO - Sync 1 DAGs
[2025-05-04T22:33:48.491+0000] {logging_mixin.py:188} INFO - [2025-05-04T22:33:48.491+0000] {dag.py:3820} INFO - Setting next_dagrun for example_params_ui_tutorial to None, run_after=None
[2025-05-04T22:33:48.500+0000] {processor.py:183} INFO - Processing /home/airflow/.local/lib/python3.8/site-packages/airflow/example_dags/example_params_ui_tutorial.py took 0.046 seconds
[2025-05-04T22:34:19.105+0000] {processor.py:161} INFO - Started process (PID=423) to work on /home/airflow/.local/lib/python3.8/site-packages/airflow/example_dags/example_params_ui_tutorial.py
[2025-05-04T22:34:19.105+0000] {processor.py:830} INFO - Processing file /home/airflow/.local/lib/python3.8/site-packages/airflow/example_dags/example_params_ui_tutorial.py for tasks to queue
[2025-05-04T22:34:19.106+0000] {logging_mixin.py:188} INFO - [2025-05-04T22:34:19.106+0000] {dagbag.py:538} INFO - Filling up the DagBag from /home/airflow/.local/lib/python3.8/site-packages/airflow/example_dags/example_params_ui_tutorial.py
[2025-05-04T22:34:19.111+0000] {processor.py:840} INFO - DAG(s) 'example_params_ui_tutorial' retrieved from /home/airflow/.local/lib/python3.8/site-packages/airflow/example_dags/example_params_ui_tutorial.py
[2025-05-04T22:34:19.134+0000] {logging_mixin.py:188} INFO - [2025-05-04T22:34:19.134+0000] {dag.py:3033} INFO - Sync 1 DAGs
[2025-05-04T22:34:19.139+0000] {logging_mixin.py:188} INFO - [2025-05-04T22:34:19.139+0000] {dag.py:3820} INFO - Setting next_dagrun for example_params_ui_tutorial to None, run_after=None
[2025-05-04T22:34:19.146+0000] {processor.py:183} INFO - Processing /home/airflow/.local/lib/python3.8/site-packages/airflow/example_dags/example_params_ui_tutorial.py took 0.042 seconds
[2025-05-04T22:36:26.304+0000] {processor.py:161} INFO - Started process (PID=81) to work on /home/airflow/.local/lib/python3.8/site-packages/airflow/example_dags/example_params_ui_tutorial.py
[2025-05-04T22:36:26.305+0000] {processor.py:830} INFO - Processing file /home/airflow/.local/lib/python3.8/site-packages/airflow/example_dags/example_params_ui_tutorial.py for tasks to queue
[2025-05-04T22:36:26.306+0000] {logging_mixin.py:188} INFO - [2025-05-04T22:36:26.306+0000] {dagbag.py:538} INFO - Filling up the DagBag from /home/airflow/.local/lib/python3.8/site-packages/airflow/example_dags/example_params_ui_tutorial.py
[2025-05-04T22:36:26.313+0000] {processor.py:840} INFO - DAG(s) 'example_params_ui_tutorial' retrieved from /home/airflow/.local/lib/python3.8/site-packages/airflow/example_dags/example_params_ui_tutorial.py
[2025-05-04T22:36:26.323+0000] {logging_mixin.py:188} INFO - [2025-05-04T22:36:26.323+0000] {dag.py:3033} INFO - Sync 1 DAGs
[2025-05-04T22:36:26.332+0000] {logging_mixin.py:188} INFO - [2025-05-04T22:36:26.332+0000] {dag.py:3820} INFO - Setting next_dagrun for example_params_ui_tutorial to None, run_after=None
[2025-05-04T22:36:26.341+0000] {processor.py:183} INFO - Processing /home/airflow/.local/lib/python3.8/site-packages/airflow/example_dags/example_params_ui_tutorial.py took 0.038 seconds
[2025-05-04T22:36:56.736+0000] {processor.py:161} INFO - Started process (PID=137) to work on /home/airflow/.local/lib/python3.8/site-packages/airflow/example_dags/example_params_ui_tutorial.py
[2025-05-04T22:36:56.737+0000] {processor.py:830} INFO - Processing file /home/airflow/.local/lib/python3.8/site-packages/airflow/example_dags/example_params_ui_tutorial.py for tasks to queue
[2025-05-04T22:36:56.738+0000] {logging_mixin.py:188} INFO - [2025-05-04T22:36:56.738+0000] {dagbag.py:538} INFO - Filling up the DagBag from /home/airflow/.local/lib/python3.8/site-packages/airflow/example_dags/example_params_ui_tutorial.py
[2025-05-04T22:36:56.746+0000] {processor.py:840} INFO - DAG(s) 'example_params_ui_tutorial' retrieved from /home/airflow/.local/lib/python3.8/site-packages/airflow/example_dags/example_params_ui_tutorial.py
[2025-05-04T22:36:56.813+0000] {logging_mixin.py:188} INFO - [2025-05-04T22:36:56.812+0000] {dag.py:3033} INFO - Sync 1 DAGs
[2025-05-04T22:36:56.818+0000] {logging_mixin.py:188} INFO - [2025-05-04T22:36:56.818+0000] {dag.py:3820} INFO - Setting next_dagrun for example_params_ui_tutorial to None, run_after=None
[2025-05-04T22:36:56.827+0000] {processor.py:183} INFO - Processing /home/airflow/.local/lib/python3.8/site-packages/airflow/example_dags/example_params_ui_tutorial.py took 0.095 seconds
[2025-05-04T22:37:27.523+0000] {processor.py:161} INFO - Started process (PID=193) to work on /home/airflow/.local/lib/python3.8/site-packages/airflow/example_dags/example_params_ui_tutorial.py
[2025-05-04T22:37:27.524+0000] {processor.py:830} INFO - Processing file /home/airflow/.local/lib/python3.8/site-packages/airflow/example_dags/example_params_ui_tutorial.py for tasks to queue
[2025-05-04T22:37:27.526+0000] {logging_mixin.py:188} INFO - [2025-05-04T22:37:27.526+0000] {dagbag.py:538} INFO - Filling up the DagBag from /home/airflow/.local/lib/python3.8/site-packages/airflow/example_dags/example_params_ui_tutorial.py
[2025-05-04T22:37:27.532+0000] {processor.py:840} INFO - DAG(s) 'example_params_ui_tutorial' retrieved from /home/airflow/.local/lib/python3.8/site-packages/airflow/example_dags/example_params_ui_tutorial.py
[2025-05-04T22:37:27.561+0000] {logging_mixin.py:188} INFO - [2025-05-04T22:37:27.561+0000] {dag.py:3033} INFO - Sync 1 DAGs
[2025-05-04T22:37:27.570+0000] {logging_mixin.py:188} INFO - [2025-05-04T22:37:27.569+0000] {dag.py:3820} INFO - Setting next_dagrun for example_params_ui_tutorial to None, run_after=None
[2025-05-04T22:37:27.584+0000] {processor.py:183} INFO - Processing /home/airflow/.local/lib/python3.8/site-packages/airflow/example_dags/example_params_ui_tutorial.py took 0.062 seconds
[2025-05-04T22:37:58.195+0000] {processor.py:161} INFO - Started process (PID=249) to work on /home/airflow/.local/lib/python3.8/site-packages/airflow/example_dags/example_params_ui_tutorial.py
[2025-05-04T22:37:58.195+0000] {processor.py:830} INFO - Processing file /home/airflow/.local/lib/python3.8/site-packages/airflow/example_dags/example_params_ui_tutorial.py for tasks to queue
[2025-05-04T22:37:58.197+0000] {logging_mixin.py:188} INFO - [2025-05-04T22:37:58.197+0000] {dagbag.py:538} INFO - Filling up the DagBag from /home/airflow/.local/lib/python3.8/site-packages/airflow/example_dags/example_params_ui_tutorial.py
[2025-05-04T22:37:58.203+0000] {processor.py:840} INFO - DAG(s) 'example_params_ui_tutorial' retrieved from /home/airflow/.local/lib/python3.8/site-packages/airflow/example_dags/example_params_ui_tutorial.py
[2025-05-04T22:37:58.234+0000] {logging_mixin.py:188} INFO - [2025-05-04T22:37:58.234+0000] {dag.py:3033} INFO - Sync 1 DAGs
[2025-05-04T22:37:58.240+0000] {logging_mixin.py:188} INFO - [2025-05-04T22:37:58.240+0000] {dag.py:3820} INFO - Setting next_dagrun for example_params_ui_tutorial to None, run_after=None
[2025-05-04T22:37:58.249+0000] {processor.py:183} INFO - Processing /home/airflow/.local/lib/python3.8/site-packages/airflow/example_dags/example_params_ui_tutorial.py took 0.056 seconds
[2025-05-04T22:38:28.954+0000] {processor.py:161} INFO - Started process (PID=305) to work on /home/airflow/.local/lib/python3.8/site-packages/airflow/example_dags/example_params_ui_tutorial.py
[2025-05-04T22:38:28.954+0000] {processor.py:830} INFO - Processing file /home/airflow/.local/lib/python3.8/site-packages/airflow/example_dags/example_params_ui_tutorial.py for tasks to queue
[2025-05-04T22:38:28.955+0000] {logging_mixin.py:188} INFO - [2025-05-04T22:38:28.955+0000] {dagbag.py:538} INFO - Filling up the DagBag from /home/airflow/.local/lib/python3.8/site-packages/airflow/example_dags/example_params_ui_tutorial.py
[2025-05-04T22:38:28.960+0000] {processor.py:840} INFO - DAG(s) 'example_params_ui_tutorial' retrieved from /home/airflow/.local/lib/python3.8/site-packages/airflow/example_dags/example_params_ui_tutorial.py
[2025-05-04T22:38:28.990+0000] {logging_mixin.py:188} INFO - [2025-05-04T22:38:28.990+0000] {dag.py:3033} INFO - Sync 1 DAGs
[2025-05-04T22:38:28.997+0000] {logging_mixin.py:188} INFO - [2025-05-04T22:38:28.997+0000] {dag.py:3820} INFO - Setting next_dagrun for example_params_ui_tutorial to None, run_after=None
[2025-05-04T22:38:29.008+0000] {processor.py:183} INFO - Processing /home/airflow/.local/lib/python3.8/site-packages/airflow/example_dags/example_params_ui_tutorial.py took 0.056 seconds
[2025-05-04T22:38:59.691+0000] {processor.py:161} INFO - Started process (PID=361) to work on /home/airflow/.local/lib/python3.8/site-packages/airflow/example_dags/example_params_ui_tutorial.py
[2025-05-04T22:38:59.692+0000] {processor.py:830} INFO - Processing file /home/airflow/.local/lib/python3.8/site-packages/airflow/example_dags/example_params_ui_tutorial.py for tasks to queue
[2025-05-04T22:38:59.694+0000] {logging_mixin.py:188} INFO - [2025-05-04T22:38:59.694+0000] {dagbag.py:538} INFO - Filling up the DagBag from /home/airflow/.local/lib/python3.8/site-packages/airflow/example_dags/example_params_ui_tutorial.py
[2025-05-04T22:38:59.699+0000] {processor.py:840} INFO - DAG(s) 'example_params_ui_tutorial' retrieved from /home/airflow/.local/lib/python3.8/site-packages/airflow/example_dags/example_params_ui_tutorial.py
[2025-05-04T22:38:59.726+0000] {logging_mixin.py:188} INFO - [2025-05-04T22:38:59.726+0000] {dag.py:3033} INFO - Sync 1 DAGs
[2025-05-04T22:38:59.733+0000] {logging_mixin.py:188} INFO - [2025-05-04T22:38:59.732+0000] {dag.py:3820} INFO - Setting next_dagrun for example_params_ui_tutorial to None, run_after=None
[2025-05-04T22:38:59.744+0000] {processor.py:183} INFO - Processing /home/airflow/.local/lib/python3.8/site-packages/airflow/example_dags/example_params_ui_tutorial.py took 0.055 seconds
[2025-05-04T22:39:30.547+0000] {processor.py:161} INFO - Started process (PID=417) to work on /home/airflow/.local/lib/python3.8/site-packages/airflow/example_dags/example_params_ui_tutorial.py
[2025-05-04T22:39:30.548+0000] {processor.py:830} INFO - Processing file /home/airflow/.local/lib/python3.8/site-packages/airflow/example_dags/example_params_ui_tutorial.py for tasks to queue
[2025-05-04T22:39:30.548+0000] {logging_mixin.py:188} INFO - [2025-05-04T22:39:30.548+0000] {dagbag.py:538} INFO - Filling up the DagBag from /home/airflow/.local/lib/python3.8/site-packages/airflow/example_dags/example_params_ui_tutorial.py
[2025-05-04T22:39:30.558+0000] {processor.py:840} INFO - DAG(s) 'example_params_ui_tutorial' retrieved from /home/airflow/.local/lib/python3.8/site-packages/airflow/example_dags/example_params_ui_tutorial.py
[2025-05-04T22:39:30.593+0000] {logging_mixin.py:188} INFO - [2025-05-04T22:39:30.593+0000] {dag.py:3033} INFO - Sync 1 DAGs
[2025-05-04T22:39:30.601+0000] {logging_mixin.py:188} INFO - [2025-05-04T22:39:30.601+0000] {dag.py:3820} INFO - Setting next_dagrun for example_params_ui_tutorial to None, run_after=None
[2025-05-04T22:39:30.613+0000] {processor.py:183} INFO - Processing /home/airflow/.local/lib/python3.8/site-packages/airflow/example_dags/example_params_ui_tutorial.py took 0.068 seconds
[2025-05-04T22:40:01.398+0000] {processor.py:161} INFO - Started process (PID=474) to work on /home/airflow/.local/lib/python3.8/site-packages/airflow/example_dags/example_params_ui_tutorial.py
[2025-05-04T22:40:01.400+0000] {processor.py:830} INFO - Processing file /home/airflow/.local/lib/python3.8/site-packages/airflow/example_dags/example_params_ui_tutorial.py for tasks to queue
[2025-05-04T22:40:01.401+0000] {logging_mixin.py:188} INFO - [2025-05-04T22:40:01.400+0000] {dagbag.py:538} INFO - Filling up the DagBag from /home/airflow/.local/lib/python3.8/site-packages/airflow/example_dags/example_params_ui_tutorial.py
[2025-05-04T22:40:01.408+0000] {processor.py:840} INFO - DAG(s) 'example_params_ui_tutorial' retrieved from /home/airflow/.local/lib/python3.8/site-packages/airflow/example_dags/example_params_ui_tutorial.py
[2025-05-04T22:40:01.435+0000] {logging_mixin.py:188} INFO - [2025-05-04T22:40:01.435+0000] {dag.py:3033} INFO - Sync 1 DAGs
[2025-05-04T22:40:01.441+0000] {logging_mixin.py:188} INFO - [2025-05-04T22:40:01.441+0000] {dag.py:3820} INFO - Setting next_dagrun for example_params_ui_tutorial to None, run_after=None
[2025-05-04T22:40:01.449+0000] {processor.py:183} INFO - Processing /home/airflow/.local/lib/python3.8/site-packages/airflow/example_dags/example_params_ui_tutorial.py took 0.052 seconds
[2025-05-04T22:40:32.484+0000] {processor.py:161} INFO - Started process (PID=530) to work on /home/airflow/.local/lib/python3.8/site-packages/airflow/example_dags/example_params_ui_tutorial.py
[2025-05-04T22:40:32.487+0000] {processor.py:830} INFO - Processing file /home/airflow/.local/lib/python3.8/site-packages/airflow/example_dags/example_params_ui_tutorial.py for tasks to queue
[2025-05-04T22:40:32.489+0000] {logging_mixin.py:188} INFO - [2025-05-04T22:40:32.488+0000] {dagbag.py:538} INFO - Filling up the DagBag from /home/airflow/.local/lib/python3.8/site-packages/airflow/example_dags/example_params_ui_tutorial.py
[2025-05-04T22:40:32.494+0000] {processor.py:840} INFO - DAG(s) 'example_params_ui_tutorial' retrieved from /home/airflow/.local/lib/python3.8/site-packages/airflow/example_dags/example_params_ui_tutorial.py
[2025-05-04T22:40:32.526+0000] {logging_mixin.py:188} INFO - [2025-05-04T22:40:32.526+0000] {dag.py:3033} INFO - Sync 1 DAGs
[2025-05-04T22:40:32.535+0000] {logging_mixin.py:188} INFO - [2025-05-04T22:40:32.535+0000] {dag.py:3820} INFO - Setting next_dagrun for example_params_ui_tutorial to None, run_after=None
[2025-05-04T22:40:32.550+0000] {processor.py:183} INFO - Processing /home/airflow/.local/lib/python3.8/site-packages/airflow/example_dags/example_params_ui_tutorial.py took 0.068 seconds
[2025-05-04T22:41:03.558+0000] {processor.py:161} INFO - Started process (PID=586) to work on /home/airflow/.local/lib/python3.8/site-packages/airflow/example_dags/example_params_ui_tutorial.py
[2025-05-04T22:41:03.559+0000] {processor.py:830} INFO - Processing file /home/airflow/.local/lib/python3.8/site-packages/airflow/example_dags/example_params_ui_tutorial.py for tasks to queue
[2025-05-04T22:41:03.561+0000] {logging_mixin.py:188} INFO - [2025-05-04T22:41:03.561+0000] {dagbag.py:538} INFO - Filling up the DagBag from /home/airflow/.local/lib/python3.8/site-packages/airflow/example_dags/example_params_ui_tutorial.py
[2025-05-04T22:41:03.569+0000] {processor.py:840} INFO - DAG(s) 'example_params_ui_tutorial' retrieved from /home/airflow/.local/lib/python3.8/site-packages/airflow/example_dags/example_params_ui_tutorial.py
[2025-05-04T22:41:03.596+0000] {logging_mixin.py:188} INFO - [2025-05-04T22:41:03.596+0000] {dag.py:3033} INFO - Sync 1 DAGs
[2025-05-04T22:41:03.603+0000] {logging_mixin.py:188} INFO - [2025-05-04T22:41:03.602+0000] {dag.py:3820} INFO - Setting next_dagrun for example_params_ui_tutorial to None, run_after=None
[2025-05-04T22:41:03.615+0000] {processor.py:183} INFO - Processing /home/airflow/.local/lib/python3.8/site-packages/airflow/example_dags/example_params_ui_tutorial.py took 0.059 seconds
[2025-05-04T22:41:34.132+0000] {processor.py:161} INFO - Started process (PID=642) to work on /home/airflow/.local/lib/python3.8/site-packages/airflow/example_dags/example_params_ui_tutorial.py
[2025-05-04T22:41:34.133+0000] {processor.py:830} INFO - Processing file /home/airflow/.local/lib/python3.8/site-packages/airflow/example_dags/example_params_ui_tutorial.py for tasks to queue
[2025-05-04T22:41:34.134+0000] {logging_mixin.py:188} INFO - [2025-05-04T22:41:34.134+0000] {dagbag.py:538} INFO - Filling up the DagBag from /home/airflow/.local/lib/python3.8/site-packages/airflow/example_dags/example_params_ui_tutorial.py
[2025-05-04T22:41:34.140+0000] {processor.py:840} INFO - DAG(s) 'example_params_ui_tutorial' retrieved from /home/airflow/.local/lib/python3.8/site-packages/airflow/example_dags/example_params_ui_tutorial.py
[2025-05-04T22:41:34.239+0000] {logging_mixin.py:188} INFO - [2025-05-04T22:41:34.238+0000] {dag.py:3033} INFO - Sync 1 DAGs
[2025-05-04T22:41:34.248+0000] {logging_mixin.py:188} INFO - [2025-05-04T22:41:34.247+0000] {dag.py:3820} INFO - Setting next_dagrun for example_params_ui_tutorial to None, run_after=None
[2025-05-04T22:41:34.262+0000] {processor.py:183} INFO - Processing /home/airflow/.local/lib/python3.8/site-packages/airflow/example_dags/example_params_ui_tutorial.py took 0.131 seconds
[2025-05-04T22:42:05.081+0000] {processor.py:161} INFO - Started process (PID=698) to work on /home/airflow/.local/lib/python3.8/site-packages/airflow/example_dags/example_params_ui_tutorial.py
[2025-05-04T22:42:05.082+0000] {processor.py:830} INFO - Processing file /home/airflow/.local/lib/python3.8/site-packages/airflow/example_dags/example_params_ui_tutorial.py for tasks to queue
[2025-05-04T22:42:05.083+0000] {logging_mixin.py:188} INFO - [2025-05-04T22:42:05.083+0000] {dagbag.py:538} INFO - Filling up the DagBag from /home/airflow/.local/lib/python3.8/site-packages/airflow/example_dags/example_params_ui_tutorial.py
[2025-05-04T22:42:05.089+0000] {processor.py:840} INFO - DAG(s) 'example_params_ui_tutorial' retrieved from /home/airflow/.local/lib/python3.8/site-packages/airflow/example_dags/example_params_ui_tutorial.py
[2025-05-04T22:42:05.119+0000] {logging_mixin.py:188} INFO - [2025-05-04T22:42:05.119+0000] {dag.py:3033} INFO - Sync 1 DAGs
[2025-05-04T22:42:05.128+0000] {logging_mixin.py:188} INFO - [2025-05-04T22:42:05.128+0000] {dag.py:3820} INFO - Setting next_dagrun for example_params_ui_tutorial to None, run_after=None
[2025-05-04T22:42:05.139+0000] {processor.py:183} INFO - Processing /home/airflow/.local/lib/python3.8/site-packages/airflow/example_dags/example_params_ui_tutorial.py took 0.059 seconds
[2025-05-04T22:42:35.810+0000] {processor.py:161} INFO - Started process (PID=754) to work on /home/airflow/.local/lib/python3.8/site-packages/airflow/example_dags/example_params_ui_tutorial.py
[2025-05-04T22:42:35.810+0000] {processor.py:830} INFO - Processing file /home/airflow/.local/lib/python3.8/site-packages/airflow/example_dags/example_params_ui_tutorial.py for tasks to queue
[2025-05-04T22:42:35.811+0000] {logging_mixin.py:188} INFO - [2025-05-04T22:42:35.811+0000] {dagbag.py:538} INFO - Filling up the DagBag from /home/airflow/.local/lib/python3.8/site-packages/airflow/example_dags/example_params_ui_tutorial.py
[2025-05-04T22:42:35.818+0000] {processor.py:840} INFO - DAG(s) 'example_params_ui_tutorial' retrieved from /home/airflow/.local/lib/python3.8/site-packages/airflow/example_dags/example_params_ui_tutorial.py
[2025-05-04T22:42:35.847+0000] {logging_mixin.py:188} INFO - [2025-05-04T22:42:35.847+0000] {dag.py:3033} INFO - Sync 1 DAGs
[2025-05-04T22:42:35.856+0000] {logging_mixin.py:188} INFO - [2025-05-04T22:42:35.856+0000] {dag.py:3820} INFO - Setting next_dagrun for example_params_ui_tutorial to None, run_after=None
[2025-05-04T22:42:35.870+0000] {processor.py:183} INFO - Processing /home/airflow/.local/lib/python3.8/site-packages/airflow/example_dags/example_params_ui_tutorial.py took 0.062 seconds
[2025-05-04T22:43:06.808+0000] {processor.py:161} INFO - Started process (PID=810) to work on /home/airflow/.local/lib/python3.8/site-packages/airflow/example_dags/example_params_ui_tutorial.py
[2025-05-04T22:43:06.809+0000] {processor.py:830} INFO - Processing file /home/airflow/.local/lib/python3.8/site-packages/airflow/example_dags/example_params_ui_tutorial.py for tasks to queue
[2025-05-04T22:43:06.810+0000] {logging_mixin.py:188} INFO - [2025-05-04T22:43:06.810+0000] {dagbag.py:538} INFO - Filling up the DagBag from /home/airflow/.local/lib/python3.8/site-packages/airflow/example_dags/example_params_ui_tutorial.py
[2025-05-04T22:43:06.816+0000] {processor.py:840} INFO - DAG(s) 'example_params_ui_tutorial' retrieved from /home/airflow/.local/lib/python3.8/site-packages/airflow/example_dags/example_params_ui_tutorial.py
[2025-05-04T22:43:06.841+0000] {logging_mixin.py:188} INFO - [2025-05-04T22:43:06.841+0000] {dag.py:3033} INFO - Sync 1 DAGs
[2025-05-04T22:43:06.848+0000] {logging_mixin.py:188} INFO - [2025-05-04T22:43:06.848+0000] {dag.py:3820} INFO - Setting next_dagrun for example_params_ui_tutorial to None, run_after=None
[2025-05-04T22:43:06.855+0000] {processor.py:183} INFO - Processing /home/airflow/.local/lib/python3.8/site-packages/airflow/example_dags/example_params_ui_tutorial.py took 0.050 seconds
[2025-05-04T22:43:37.681+0000] {processor.py:161} INFO - Started process (PID=866) to work on /home/airflow/.local/lib/python3.8/site-packages/airflow/example_dags/example_params_ui_tutorial.py
[2025-05-04T22:43:37.682+0000] {processor.py:830} INFO - Processing file /home/airflow/.local/lib/python3.8/site-packages/airflow/example_dags/example_params_ui_tutorial.py for tasks to queue
[2025-05-04T22:43:37.683+0000] {logging_mixin.py:188} INFO - [2025-05-04T22:43:37.683+0000] {dagbag.py:538} INFO - Filling up the DagBag from /home/airflow/.local/lib/python3.8/site-packages/airflow/example_dags/example_params_ui_tutorial.py
[2025-05-04T22:43:37.689+0000] {processor.py:840} INFO - DAG(s) 'example_params_ui_tutorial' retrieved from /home/airflow/.local/lib/python3.8/site-packages/airflow/example_dags/example_params_ui_tutorial.py
[2025-05-04T22:43:37.714+0000] {logging_mixin.py:188} INFO - [2025-05-04T22:43:37.714+0000] {dag.py:3033} INFO - Sync 1 DAGs
[2025-05-04T22:43:37.724+0000] {logging_mixin.py:188} INFO - [2025-05-04T22:43:37.724+0000] {dag.py:3820} INFO - Setting next_dagrun for example_params_ui_tutorial to None, run_after=None
[2025-05-04T22:43:37.737+0000] {processor.py:183} INFO - Processing /home/airflow/.local/lib/python3.8/site-packages/airflow/example_dags/example_params_ui_tutorial.py took 0.058 seconds
[2025-05-04T22:44:08.490+0000] {processor.py:161} INFO - Started process (PID=922) to work on /home/airflow/.local/lib/python3.8/site-packages/airflow/example_dags/example_params_ui_tutorial.py
[2025-05-04T22:44:08.490+0000] {processor.py:830} INFO - Processing file /home/airflow/.local/lib/python3.8/site-packages/airflow/example_dags/example_params_ui_tutorial.py for tasks to queue
[2025-05-04T22:44:08.491+0000] {logging_mixin.py:188} INFO - [2025-05-04T22:44:08.491+0000] {dagbag.py:538} INFO - Filling up the DagBag from /home/airflow/.local/lib/python3.8/site-packages/airflow/example_dags/example_params_ui_tutorial.py
[2025-05-04T22:44:08.497+0000] {processor.py:840} INFO - DAG(s) 'example_params_ui_tutorial' retrieved from /home/airflow/.local/lib/python3.8/site-packages/airflow/example_dags/example_params_ui_tutorial.py
[2025-05-04T22:44:08.524+0000] {logging_mixin.py:188} INFO - [2025-05-04T22:44:08.524+0000] {dag.py:3033} INFO - Sync 1 DAGs
[2025-05-04T22:44:08.532+0000] {logging_mixin.py:188} INFO - [2025-05-04T22:44:08.532+0000] {dag.py:3820} INFO - Setting next_dagrun for example_params_ui_tutorial to None, run_after=None
[2025-05-04T22:44:08.545+0000] {processor.py:183} INFO - Processing /home/airflow/.local/lib/python3.8/site-packages/airflow/example_dags/example_params_ui_tutorial.py took 0.057 seconds
[2025-05-04T22:44:39.293+0000] {processor.py:161} INFO - Started process (PID=978) to work on /home/airflow/.local/lib/python3.8/site-packages/airflow/example_dags/example_params_ui_tutorial.py
[2025-05-04T22:44:39.294+0000] {processor.py:830} INFO - Processing file /home/airflow/.local/lib/python3.8/site-packages/airflow/example_dags/example_params_ui_tutorial.py for tasks to queue
[2025-05-04T22:44:39.295+0000] {logging_mixin.py:188} INFO - [2025-05-04T22:44:39.295+0000] {dagbag.py:538} INFO - Filling up the DagBag from /home/airflow/.local/lib/python3.8/site-packages/airflow/example_dags/example_params_ui_tutorial.py
[2025-05-04T22:44:39.300+0000] {processor.py:840} INFO - DAG(s) 'example_params_ui_tutorial' retrieved from /home/airflow/.local/lib/python3.8/site-packages/airflow/example_dags/example_params_ui_tutorial.py
[2025-05-04T22:44:39.328+0000] {logging_mixin.py:188} INFO - [2025-05-04T22:44:39.328+0000] {dag.py:3033} INFO - Sync 1 DAGs
[2025-05-04T22:44:39.336+0000] {logging_mixin.py:188} INFO - [2025-05-04T22:44:39.336+0000] {dag.py:3820} INFO - Setting next_dagrun for example_params_ui_tutorial to None, run_after=None
[2025-05-04T22:44:39.347+0000] {processor.py:183} INFO - Processing /home/airflow/.local/lib/python3.8/site-packages/airflow/example_dags/example_params_ui_tutorial.py took 0.056 seconds
[2025-05-04T22:45:10.131+0000] {processor.py:161} INFO - Started process (PID=1034) to work on /home/airflow/.local/lib/python3.8/site-packages/airflow/example_dags/example_params_ui_tutorial.py
[2025-05-04T22:45:10.131+0000] {processor.py:830} INFO - Processing file /home/airflow/.local/lib/python3.8/site-packages/airflow/example_dags/example_params_ui_tutorial.py for tasks to queue
[2025-05-04T22:45:10.132+0000] {logging_mixin.py:188} INFO - [2025-05-04T22:45:10.132+0000] {dagbag.py:538} INFO - Filling up the DagBag from /home/airflow/.local/lib/python3.8/site-packages/airflow/example_dags/example_params_ui_tutorial.py
[2025-05-04T22:45:10.138+0000] {processor.py:840} INFO - DAG(s) 'example_params_ui_tutorial' retrieved from /home/airflow/.local/lib/python3.8/site-packages/airflow/example_dags/example_params_ui_tutorial.py
[2025-05-04T22:45:10.161+0000] {logging_mixin.py:188} INFO - [2025-05-04T22:45:10.161+0000] {dag.py:3033} INFO - Sync 1 DAGs
[2025-05-04T22:45:10.167+0000] {logging_mixin.py:188} INFO - [2025-05-04T22:45:10.167+0000] {dag.py:3820} INFO - Setting next_dagrun for example_params_ui_tutorial to None, run_after=None
[2025-05-04T22:45:10.174+0000] {processor.py:183} INFO - Processing /home/airflow/.local/lib/python3.8/site-packages/airflow/example_dags/example_params_ui_tutorial.py took 0.045 seconds
[2025-05-04T22:45:41.059+0000] {processor.py:161} INFO - Started process (PID=1090) to work on /home/airflow/.local/lib/python3.8/site-packages/airflow/example_dags/example_params_ui_tutorial.py
[2025-05-04T22:45:41.060+0000] {processor.py:830} INFO - Processing file /home/airflow/.local/lib/python3.8/site-packages/airflow/example_dags/example_params_ui_tutorial.py for tasks to queue
[2025-05-04T22:45:41.061+0000] {logging_mixin.py:188} INFO - [2025-05-04T22:45:41.061+0000] {dagbag.py:538} INFO - Filling up the DagBag from /home/airflow/.local/lib/python3.8/site-packages/airflow/example_dags/example_params_ui_tutorial.py
[2025-05-04T22:45:41.069+0000] {processor.py:840} INFO - DAG(s) 'example_params_ui_tutorial' retrieved from /home/airflow/.local/lib/python3.8/site-packages/airflow/example_dags/example_params_ui_tutorial.py
[2025-05-04T22:45:41.094+0000] {logging_mixin.py:188} INFO - [2025-05-04T22:45:41.094+0000] {dag.py:3033} INFO - Sync 1 DAGs
[2025-05-04T22:45:41.101+0000] {logging_mixin.py:188} INFO - [2025-05-04T22:45:41.101+0000] {dag.py:3820} INFO - Setting next_dagrun for example_params_ui_tutorial to None, run_after=None
[2025-05-04T22:45:41.114+0000] {processor.py:183} INFO - Processing /home/airflow/.local/lib/python3.8/site-packages/airflow/example_dags/example_params_ui_tutorial.py took 0.058 seconds
[2025-05-04T22:46:32.541+0000] {processor.py:161} INFO - Started process (PID=82) to work on /home/airflow/.local/lib/python3.8/site-packages/airflow/example_dags/example_params_ui_tutorial.py
[2025-05-04T22:46:32.542+0000] {processor.py:830} INFO - Processing file /home/airflow/.local/lib/python3.8/site-packages/airflow/example_dags/example_params_ui_tutorial.py for tasks to queue
[2025-05-04T22:46:32.542+0000] {logging_mixin.py:188} INFO - [2025-05-04T22:46:32.542+0000] {dagbag.py:538} INFO - Filling up the DagBag from /home/airflow/.local/lib/python3.8/site-packages/airflow/example_dags/example_params_ui_tutorial.py
[2025-05-04T22:46:32.547+0000] {processor.py:840} INFO - DAG(s) 'example_params_ui_tutorial' retrieved from /home/airflow/.local/lib/python3.8/site-packages/airflow/example_dags/example_params_ui_tutorial.py
[2025-05-04T22:46:32.552+0000] {logging_mixin.py:188} INFO - [2025-05-04T22:46:32.552+0000] {dag.py:3033} INFO - Sync 1 DAGs
[2025-05-04T22:46:32.558+0000] {logging_mixin.py:188} INFO - [2025-05-04T22:46:32.558+0000] {dag.py:3820} INFO - Setting next_dagrun for example_params_ui_tutorial to None, run_after=None
[2025-05-04T22:46:32.564+0000] {processor.py:183} INFO - Processing /home/airflow/.local/lib/python3.8/site-packages/airflow/example_dags/example_params_ui_tutorial.py took 0.025 seconds
[2025-05-04T22:46:57.031+0000] {processor.py:161} INFO - Started process (PID=81) to work on /home/airflow/.local/lib/python3.8/site-packages/airflow/example_dags/example_params_ui_tutorial.py
[2025-05-04T22:46:57.031+0000] {processor.py:830} INFO - Processing file /home/airflow/.local/lib/python3.8/site-packages/airflow/example_dags/example_params_ui_tutorial.py for tasks to queue
[2025-05-04T22:46:57.032+0000] {logging_mixin.py:188} INFO - [2025-05-04T22:46:57.032+0000] {dagbag.py:538} INFO - Filling up the DagBag from /home/airflow/.local/lib/python3.8/site-packages/airflow/example_dags/example_params_ui_tutorial.py
[2025-05-04T22:46:57.038+0000] {processor.py:840} INFO - DAG(s) 'example_params_ui_tutorial' retrieved from /home/airflow/.local/lib/python3.8/site-packages/airflow/example_dags/example_params_ui_tutorial.py
[2025-05-04T22:46:57.047+0000] {logging_mixin.py:188} INFO - [2025-05-04T22:46:57.047+0000] {dag.py:3033} INFO - Sync 1 DAGs
[2025-05-04T22:46:57.056+0000] {logging_mixin.py:188} INFO - [2025-05-04T22:46:57.056+0000] {dag.py:3820} INFO - Setting next_dagrun for example_params_ui_tutorial to None, run_after=None
[2025-05-04T22:46:57.075+0000] {processor.py:183} INFO - Processing /home/airflow/.local/lib/python3.8/site-packages/airflow/example_dags/example_params_ui_tutorial.py took 0.046 seconds
[2025-05-04T22:47:52.822+0000] {processor.py:161} INFO - Started process (PID=82) to work on /home/airflow/.local/lib/python3.8/site-packages/airflow/example_dags/example_params_ui_tutorial.py
[2025-05-04T22:47:52.822+0000] {processor.py:830} INFO - Processing file /home/airflow/.local/lib/python3.8/site-packages/airflow/example_dags/example_params_ui_tutorial.py for tasks to queue
[2025-05-04T22:47:52.824+0000] {logging_mixin.py:188} INFO - [2025-05-04T22:47:52.824+0000] {dagbag.py:538} INFO - Filling up the DagBag from /home/airflow/.local/lib/python3.8/site-packages/airflow/example_dags/example_params_ui_tutorial.py
[2025-05-04T22:47:52.831+0000] {processor.py:840} INFO - DAG(s) 'example_params_ui_tutorial' retrieved from /home/airflow/.local/lib/python3.8/site-packages/airflow/example_dags/example_params_ui_tutorial.py
[2025-05-04T22:47:52.836+0000] {logging_mixin.py:188} INFO - [2025-05-04T22:47:52.835+0000] {dag.py:3033} INFO - Sync 1 DAGs
[2025-05-04T22:47:52.843+0000] {logging_mixin.py:188} INFO - [2025-05-04T22:47:52.842+0000] {dag.py:3820} INFO - Setting next_dagrun for example_params_ui_tutorial to None, run_after=None
[2025-05-04T22:47:52.854+0000] {processor.py:183} INFO - Processing /home/airflow/.local/lib/python3.8/site-packages/airflow/example_dags/example_params_ui_tutorial.py took 0.034 seconds
[2025-05-04T22:48:23.108+0000] {processor.py:161} INFO - Started process (PID=138) to work on /home/airflow/.local/lib/python3.8/site-packages/airflow/example_dags/example_params_ui_tutorial.py
[2025-05-04T22:48:23.109+0000] {processor.py:830} INFO - Processing file /home/airflow/.local/lib/python3.8/site-packages/airflow/example_dags/example_params_ui_tutorial.py for tasks to queue
[2025-05-04T22:48:23.110+0000] {logging_mixin.py:188} INFO - [2025-05-04T22:48:23.110+0000] {dagbag.py:538} INFO - Filling up the DagBag from /home/airflow/.local/lib/python3.8/site-packages/airflow/example_dags/example_params_ui_tutorial.py
[2025-05-04T22:48:23.115+0000] {processor.py:840} INFO - DAG(s) 'example_params_ui_tutorial' retrieved from /home/airflow/.local/lib/python3.8/site-packages/airflow/example_dags/example_params_ui_tutorial.py
[2025-05-04T22:48:23.180+0000] {logging_mixin.py:188} INFO - [2025-05-04T22:48:23.179+0000] {dag.py:3033} INFO - Sync 1 DAGs
[2025-05-04T22:48:23.186+0000] {logging_mixin.py:188} INFO - [2025-05-04T22:48:23.186+0000] {dag.py:3820} INFO - Setting next_dagrun for example_params_ui_tutorial to None, run_after=None
[2025-05-04T22:48:23.203+0000] {processor.py:183} INFO - Processing /home/airflow/.local/lib/python3.8/site-packages/airflow/example_dags/example_params_ui_tutorial.py took 0.096 seconds
[2025-05-04T22:48:53.844+0000] {processor.py:161} INFO - Started process (PID=194) to work on /home/airflow/.local/lib/python3.8/site-packages/airflow/example_dags/example_params_ui_tutorial.py
[2025-05-04T22:48:53.844+0000] {processor.py:830} INFO - Processing file /home/airflow/.local/lib/python3.8/site-packages/airflow/example_dags/example_params_ui_tutorial.py for tasks to queue
[2025-05-04T22:48:53.845+0000] {logging_mixin.py:188} INFO - [2025-05-04T22:48:53.845+0000] {dagbag.py:538} INFO - Filling up the DagBag from /home/airflow/.local/lib/python3.8/site-packages/airflow/example_dags/example_params_ui_tutorial.py
[2025-05-04T22:48:53.850+0000] {processor.py:840} INFO - DAG(s) 'example_params_ui_tutorial' retrieved from /home/airflow/.local/lib/python3.8/site-packages/airflow/example_dags/example_params_ui_tutorial.py
[2025-05-04T22:48:53.874+0000] {logging_mixin.py:188} INFO - [2025-05-04T22:48:53.874+0000] {dag.py:3033} INFO - Sync 1 DAGs
[2025-05-04T22:48:53.879+0000] {logging_mixin.py:188} INFO - [2025-05-04T22:48:53.879+0000] {dag.py:3820} INFO - Setting next_dagrun for example_params_ui_tutorial to None, run_after=None
[2025-05-04T22:48:53.885+0000] {processor.py:183} INFO - Processing /home/airflow/.local/lib/python3.8/site-packages/airflow/example_dags/example_params_ui_tutorial.py took 0.044 seconds
[2025-05-04T22:49:24.741+0000] {processor.py:161} INFO - Started process (PID=250) to work on /home/airflow/.local/lib/python3.8/site-packages/airflow/example_dags/example_params_ui_tutorial.py
[2025-05-04T22:49:24.742+0000] {processor.py:830} INFO - Processing file /home/airflow/.local/lib/python3.8/site-packages/airflow/example_dags/example_params_ui_tutorial.py for tasks to queue
[2025-05-04T22:49:24.743+0000] {logging_mixin.py:188} INFO - [2025-05-04T22:49:24.743+0000] {dagbag.py:538} INFO - Filling up the DagBag from /home/airflow/.local/lib/python3.8/site-packages/airflow/example_dags/example_params_ui_tutorial.py
[2025-05-04T22:49:24.752+0000] {processor.py:840} INFO - DAG(s) 'example_params_ui_tutorial' retrieved from /home/airflow/.local/lib/python3.8/site-packages/airflow/example_dags/example_params_ui_tutorial.py
[2025-05-04T22:49:24.781+0000] {logging_mixin.py:188} INFO - [2025-05-04T22:49:24.781+0000] {dag.py:3033} INFO - Sync 1 DAGs
[2025-05-04T22:49:24.787+0000] {logging_mixin.py:188} INFO - [2025-05-04T22:49:24.786+0000] {dag.py:3820} INFO - Setting next_dagrun for example_params_ui_tutorial to None, run_after=None
[2025-05-04T22:49:24.799+0000] {processor.py:183} INFO - Processing /home/airflow/.local/lib/python3.8/site-packages/airflow/example_dags/example_params_ui_tutorial.py took 0.059 seconds
[2025-05-04T22:49:55.362+0000] {processor.py:161} INFO - Started process (PID=306) to work on /home/airflow/.local/lib/python3.8/site-packages/airflow/example_dags/example_params_ui_tutorial.py
[2025-05-04T22:49:55.363+0000] {processor.py:830} INFO - Processing file /home/airflow/.local/lib/python3.8/site-packages/airflow/example_dags/example_params_ui_tutorial.py for tasks to queue
[2025-05-04T22:49:55.365+0000] {logging_mixin.py:188} INFO - [2025-05-04T22:49:55.365+0000] {dagbag.py:538} INFO - Filling up the DagBag from /home/airflow/.local/lib/python3.8/site-packages/airflow/example_dags/example_params_ui_tutorial.py
[2025-05-04T22:49:55.371+0000] {processor.py:840} INFO - DAG(s) 'example_params_ui_tutorial' retrieved from /home/airflow/.local/lib/python3.8/site-packages/airflow/example_dags/example_params_ui_tutorial.py
[2025-05-04T22:49:55.403+0000] {logging_mixin.py:188} INFO - [2025-05-04T22:49:55.403+0000] {dag.py:3033} INFO - Sync 1 DAGs
[2025-05-04T22:49:55.410+0000] {logging_mixin.py:188} INFO - [2025-05-04T22:49:55.410+0000] {dag.py:3820} INFO - Setting next_dagrun for example_params_ui_tutorial to None, run_after=None
[2025-05-04T22:49:55.423+0000] {processor.py:183} INFO - Processing /home/airflow/.local/lib/python3.8/site-packages/airflow/example_dags/example_params_ui_tutorial.py took 0.063 seconds
[2025-05-04T22:50:26.157+0000] {processor.py:161} INFO - Started process (PID=362) to work on /home/airflow/.local/lib/python3.8/site-packages/airflow/example_dags/example_params_ui_tutorial.py
[2025-05-04T22:50:26.158+0000] {processor.py:830} INFO - Processing file /home/airflow/.local/lib/python3.8/site-packages/airflow/example_dags/example_params_ui_tutorial.py for tasks to queue
[2025-05-04T22:50:26.159+0000] {logging_mixin.py:188} INFO - [2025-05-04T22:50:26.159+0000] {dagbag.py:538} INFO - Filling up the DagBag from /home/airflow/.local/lib/python3.8/site-packages/airflow/example_dags/example_params_ui_tutorial.py
[2025-05-04T22:50:26.164+0000] {processor.py:840} INFO - DAG(s) 'example_params_ui_tutorial' retrieved from /home/airflow/.local/lib/python3.8/site-packages/airflow/example_dags/example_params_ui_tutorial.py
[2025-05-04T22:50:26.192+0000] {logging_mixin.py:188} INFO - [2025-05-04T22:50:26.192+0000] {dag.py:3033} INFO - Sync 1 DAGs
[2025-05-04T22:50:26.197+0000] {logging_mixin.py:188} INFO - [2025-05-04T22:50:26.197+0000] {dag.py:3820} INFO - Setting next_dagrun for example_params_ui_tutorial to None, run_after=None
[2025-05-04T22:50:26.205+0000] {processor.py:183} INFO - Processing /home/airflow/.local/lib/python3.8/site-packages/airflow/example_dags/example_params_ui_tutorial.py took 0.049 seconds
[2025-05-04T22:50:59.308+0000] {processor.py:161} INFO - Started process (PID=82) to work on /home/airflow/.local/lib/python3.8/site-packages/airflow/example_dags/example_params_ui_tutorial.py
[2025-05-04T22:50:59.309+0000] {processor.py:830} INFO - Processing file /home/airflow/.local/lib/python3.8/site-packages/airflow/example_dags/example_params_ui_tutorial.py for tasks to queue
[2025-05-04T22:50:59.310+0000] {logging_mixin.py:188} INFO - [2025-05-04T22:50:59.310+0000] {dagbag.py:538} INFO - Filling up the DagBag from /home/airflow/.local/lib/python3.8/site-packages/airflow/example_dags/example_params_ui_tutorial.py
[2025-05-04T22:50:59.315+0000] {processor.py:840} INFO - DAG(s) 'example_params_ui_tutorial' retrieved from /home/airflow/.local/lib/python3.8/site-packages/airflow/example_dags/example_params_ui_tutorial.py
[2025-05-04T22:50:59.320+0000] {logging_mixin.py:188} INFO - [2025-05-04T22:50:59.320+0000] {dag.py:3033} INFO - Sync 1 DAGs
[2025-05-04T22:50:59.327+0000] {logging_mixin.py:188} INFO - [2025-05-04T22:50:59.327+0000] {dag.py:3820} INFO - Setting next_dagrun for example_params_ui_tutorial to None, run_after=None
[2025-05-04T22:50:59.339+0000] {processor.py:183} INFO - Processing /home/airflow/.local/lib/python3.8/site-packages/airflow/example_dags/example_params_ui_tutorial.py took 0.033 seconds
[2025-05-04T22:51:29.646+0000] {processor.py:161} INFO - Started process (PID=138) to work on /home/airflow/.local/lib/python3.8/site-packages/airflow/example_dags/example_params_ui_tutorial.py
[2025-05-04T22:51:29.647+0000] {processor.py:830} INFO - Processing file /home/airflow/.local/lib/python3.8/site-packages/airflow/example_dags/example_params_ui_tutorial.py for tasks to queue
[2025-05-04T22:51:29.648+0000] {logging_mixin.py:188} INFO - [2025-05-04T22:51:29.648+0000] {dagbag.py:538} INFO - Filling up the DagBag from /home/airflow/.local/lib/python3.8/site-packages/airflow/example_dags/example_params_ui_tutorial.py
[2025-05-04T22:51:29.655+0000] {processor.py:840} INFO - DAG(s) 'example_params_ui_tutorial' retrieved from /home/airflow/.local/lib/python3.8/site-packages/airflow/example_dags/example_params_ui_tutorial.py
[2025-05-04T22:51:29.716+0000] {logging_mixin.py:188} INFO - [2025-05-04T22:51:29.716+0000] {dag.py:3033} INFO - Sync 1 DAGs
[2025-05-04T22:51:29.721+0000] {logging_mixin.py:188} INFO - [2025-05-04T22:51:29.721+0000] {dag.py:3820} INFO - Setting next_dagrun for example_params_ui_tutorial to None, run_after=None
[2025-05-04T22:51:29.731+0000] {processor.py:183} INFO - Processing /home/airflow/.local/lib/python3.8/site-packages/airflow/example_dags/example_params_ui_tutorial.py took 0.087 seconds
[2025-05-04T22:52:00.351+0000] {processor.py:161} INFO - Started process (PID=194) to work on /home/airflow/.local/lib/python3.8/site-packages/airflow/example_dags/example_params_ui_tutorial.py
[2025-05-04T22:52:00.352+0000] {processor.py:830} INFO - Processing file /home/airflow/.local/lib/python3.8/site-packages/airflow/example_dags/example_params_ui_tutorial.py for tasks to queue
[2025-05-04T22:52:00.352+0000] {logging_mixin.py:188} INFO - [2025-05-04T22:52:00.352+0000] {dagbag.py:538} INFO - Filling up the DagBag from /home/airflow/.local/lib/python3.8/site-packages/airflow/example_dags/example_params_ui_tutorial.py
[2025-05-04T22:52:00.359+0000] {processor.py:840} INFO - DAG(s) 'example_params_ui_tutorial' retrieved from /home/airflow/.local/lib/python3.8/site-packages/airflow/example_dags/example_params_ui_tutorial.py
[2025-05-04T22:52:00.383+0000] {logging_mixin.py:188} INFO - [2025-05-04T22:52:00.383+0000] {dag.py:3033} INFO - Sync 1 DAGs
[2025-05-04T22:52:00.389+0000] {logging_mixin.py:188} INFO - [2025-05-04T22:52:00.389+0000] {dag.py:3820} INFO - Setting next_dagrun for example_params_ui_tutorial to None, run_after=None
[2025-05-04T22:52:00.402+0000] {processor.py:183} INFO - Processing /home/airflow/.local/lib/python3.8/site-packages/airflow/example_dags/example_params_ui_tutorial.py took 0.052 seconds
[2025-05-04T22:52:31.200+0000] {processor.py:161} INFO - Started process (PID=250) to work on /home/airflow/.local/lib/python3.8/site-packages/airflow/example_dags/example_params_ui_tutorial.py
[2025-05-04T22:52:31.201+0000] {processor.py:830} INFO - Processing file /home/airflow/.local/lib/python3.8/site-packages/airflow/example_dags/example_params_ui_tutorial.py for tasks to queue
[2025-05-04T22:52:31.202+0000] {logging_mixin.py:188} INFO - [2025-05-04T22:52:31.202+0000] {dagbag.py:538} INFO - Filling up the DagBag from /home/airflow/.local/lib/python3.8/site-packages/airflow/example_dags/example_params_ui_tutorial.py
[2025-05-04T22:52:31.208+0000] {processor.py:840} INFO - DAG(s) 'example_params_ui_tutorial' retrieved from /home/airflow/.local/lib/python3.8/site-packages/airflow/example_dags/example_params_ui_tutorial.py
[2025-05-04T22:52:31.230+0000] {logging_mixin.py:188} INFO - [2025-05-04T22:52:31.230+0000] {dag.py:3033} INFO - Sync 1 DAGs
[2025-05-04T22:52:31.235+0000] {logging_mixin.py:188} INFO - [2025-05-04T22:52:31.235+0000] {dag.py:3820} INFO - Setting next_dagrun for example_params_ui_tutorial to None, run_after=None
[2025-05-04T22:52:31.247+0000] {processor.py:183} INFO - Processing /home/airflow/.local/lib/python3.8/site-packages/airflow/example_dags/example_params_ui_tutorial.py took 0.048 seconds
[2025-05-04T22:53:01.821+0000] {processor.py:161} INFO - Started process (PID=306) to work on /home/airflow/.local/lib/python3.8/site-packages/airflow/example_dags/example_params_ui_tutorial.py
[2025-05-04T22:53:01.821+0000] {processor.py:830} INFO - Processing file /home/airflow/.local/lib/python3.8/site-packages/airflow/example_dags/example_params_ui_tutorial.py for tasks to queue
[2025-05-04T22:53:01.822+0000] {logging_mixin.py:188} INFO - [2025-05-04T22:53:01.822+0000] {dagbag.py:538} INFO - Filling up the DagBag from /home/airflow/.local/lib/python3.8/site-packages/airflow/example_dags/example_params_ui_tutorial.py
[2025-05-04T22:53:01.827+0000] {processor.py:840} INFO - DAG(s) 'example_params_ui_tutorial' retrieved from /home/airflow/.local/lib/python3.8/site-packages/airflow/example_dags/example_params_ui_tutorial.py
[2025-05-04T22:53:01.850+0000] {logging_mixin.py:188} INFO - [2025-05-04T22:53:01.850+0000] {dag.py:3033} INFO - Sync 1 DAGs
[2025-05-04T22:53:01.854+0000] {logging_mixin.py:188} INFO - [2025-05-04T22:53:01.854+0000] {dag.py:3820} INFO - Setting next_dagrun for example_params_ui_tutorial to None, run_after=None
[2025-05-04T22:53:01.861+0000] {processor.py:183} INFO - Processing /home/airflow/.local/lib/python3.8/site-packages/airflow/example_dags/example_params_ui_tutorial.py took 0.041 seconds
[2025-05-04T22:58:01.660+0000] {processor.py:161} INFO - Started process (PID=82) to work on /home/airflow/.local/lib/python3.8/site-packages/airflow/example_dags/example_params_ui_tutorial.py
[2025-05-04T22:58:01.662+0000] {processor.py:830} INFO - Processing file /home/airflow/.local/lib/python3.8/site-packages/airflow/example_dags/example_params_ui_tutorial.py for tasks to queue
[2025-05-04T22:58:01.664+0000] {logging_mixin.py:188} INFO - [2025-05-04T22:58:01.664+0000] {dagbag.py:538} INFO - Filling up the DagBag from /home/airflow/.local/lib/python3.8/site-packages/airflow/example_dags/example_params_ui_tutorial.py
[2025-05-04T22:58:01.672+0000] {processor.py:840} INFO - DAG(s) 'example_params_ui_tutorial' retrieved from /home/airflow/.local/lib/python3.8/site-packages/airflow/example_dags/example_params_ui_tutorial.py
[2025-05-04T22:58:01.683+0000] {logging_mixin.py:188} INFO - [2025-05-04T22:58:01.683+0000] {dag.py:3033} INFO - Sync 1 DAGs
[2025-05-04T22:58:01.699+0000] {logging_mixin.py:188} INFO - [2025-05-04T22:58:01.699+0000] {dag.py:3820} INFO - Setting next_dagrun for example_params_ui_tutorial to None, run_after=None
[2025-05-04T22:58:01.708+0000] {processor.py:183} INFO - Processing /home/airflow/.local/lib/python3.8/site-packages/airflow/example_dags/example_params_ui_tutorial.py took 0.050 seconds
[2025-05-04T22:58:32.237+0000] {processor.py:161} INFO - Started process (PID=138) to work on /home/airflow/.local/lib/python3.8/site-packages/airflow/example_dags/example_params_ui_tutorial.py
[2025-05-04T22:58:32.237+0000] {processor.py:830} INFO - Processing file /home/airflow/.local/lib/python3.8/site-packages/airflow/example_dags/example_params_ui_tutorial.py for tasks to queue
[2025-05-04T22:58:32.238+0000] {logging_mixin.py:188} INFO - [2025-05-04T22:58:32.238+0000] {dagbag.py:538} INFO - Filling up the DagBag from /home/airflow/.local/lib/python3.8/site-packages/airflow/example_dags/example_params_ui_tutorial.py
[2025-05-04T22:58:32.244+0000] {processor.py:840} INFO - DAG(s) 'example_params_ui_tutorial' retrieved from /home/airflow/.local/lib/python3.8/site-packages/airflow/example_dags/example_params_ui_tutorial.py
[2025-05-04T22:58:32.319+0000] {logging_mixin.py:188} INFO - [2025-05-04T22:58:32.319+0000] {dag.py:3033} INFO - Sync 1 DAGs
[2025-05-04T22:58:32.324+0000] {logging_mixin.py:188} INFO - [2025-05-04T22:58:32.324+0000] {dag.py:3820} INFO - Setting next_dagrun for example_params_ui_tutorial to None, run_after=None
[2025-05-04T22:58:32.339+0000] {processor.py:183} INFO - Processing /home/airflow/.local/lib/python3.8/site-packages/airflow/example_dags/example_params_ui_tutorial.py took 0.104 seconds
[2025-05-04T22:59:03.127+0000] {processor.py:161} INFO - Started process (PID=194) to work on /home/airflow/.local/lib/python3.8/site-packages/airflow/example_dags/example_params_ui_tutorial.py
[2025-05-04T22:59:03.128+0000] {processor.py:830} INFO - Processing file /home/airflow/.local/lib/python3.8/site-packages/airflow/example_dags/example_params_ui_tutorial.py for tasks to queue
[2025-05-04T22:59:03.132+0000] {logging_mixin.py:188} INFO - [2025-05-04T22:59:03.132+0000] {dagbag.py:538} INFO - Filling up the DagBag from /home/airflow/.local/lib/python3.8/site-packages/airflow/example_dags/example_params_ui_tutorial.py
[2025-05-04T22:59:03.137+0000] {processor.py:840} INFO - DAG(s) 'example_params_ui_tutorial' retrieved from /home/airflow/.local/lib/python3.8/site-packages/airflow/example_dags/example_params_ui_tutorial.py
[2025-05-04T22:59:03.160+0000] {logging_mixin.py:188} INFO - [2025-05-04T22:59:03.160+0000] {dag.py:3033} INFO - Sync 1 DAGs
[2025-05-04T22:59:03.166+0000] {logging_mixin.py:188} INFO - [2025-05-04T22:59:03.166+0000] {dag.py:3820} INFO - Setting next_dagrun for example_params_ui_tutorial to None, run_after=None
[2025-05-04T22:59:03.176+0000] {processor.py:183} INFO - Processing /home/airflow/.local/lib/python3.8/site-packages/airflow/example_dags/example_params_ui_tutorial.py took 0.050 seconds
[2025-05-04T22:59:33.918+0000] {processor.py:161} INFO - Started process (PID=256) to work on /home/airflow/.local/lib/python3.8/site-packages/airflow/example_dags/example_params_ui_tutorial.py
[2025-05-04T22:59:33.918+0000] {processor.py:830} INFO - Processing file /home/airflow/.local/lib/python3.8/site-packages/airflow/example_dags/example_params_ui_tutorial.py for tasks to queue
[2025-05-04T22:59:33.919+0000] {logging_mixin.py:188} INFO - [2025-05-04T22:59:33.919+0000] {dagbag.py:538} INFO - Filling up the DagBag from /home/airflow/.local/lib/python3.8/site-packages/airflow/example_dags/example_params_ui_tutorial.py
[2025-05-04T22:59:33.925+0000] {processor.py:840} INFO - DAG(s) 'example_params_ui_tutorial' retrieved from /home/airflow/.local/lib/python3.8/site-packages/airflow/example_dags/example_params_ui_tutorial.py
[2025-05-04T22:59:33.953+0000] {logging_mixin.py:188} INFO - [2025-05-04T22:59:33.953+0000] {dag.py:3033} INFO - Sync 1 DAGs
[2025-05-04T22:59:33.958+0000] {logging_mixin.py:188} INFO - [2025-05-04T22:59:33.958+0000] {dag.py:3820} INFO - Setting next_dagrun for example_params_ui_tutorial to None, run_after=None
[2025-05-04T22:59:33.968+0000] {processor.py:183} INFO - Processing /home/airflow/.local/lib/python3.8/site-packages/airflow/example_dags/example_params_ui_tutorial.py took 0.051 seconds
[2025-05-04T23:00:04.657+0000] {processor.py:161} INFO - Started process (PID=312) to work on /home/airflow/.local/lib/python3.8/site-packages/airflow/example_dags/example_params_ui_tutorial.py
[2025-05-04T23:00:04.659+0000] {processor.py:830} INFO - Processing file /home/airflow/.local/lib/python3.8/site-packages/airflow/example_dags/example_params_ui_tutorial.py for tasks to queue
[2025-05-04T23:00:04.659+0000] {logging_mixin.py:188} INFO - [2025-05-04T23:00:04.659+0000] {dagbag.py:538} INFO - Filling up the DagBag from /home/airflow/.local/lib/python3.8/site-packages/airflow/example_dags/example_params_ui_tutorial.py
[2025-05-04T23:00:04.665+0000] {processor.py:840} INFO - DAG(s) 'example_params_ui_tutorial' retrieved from /home/airflow/.local/lib/python3.8/site-packages/airflow/example_dags/example_params_ui_tutorial.py
[2025-05-04T23:00:04.689+0000] {logging_mixin.py:188} INFO - [2025-05-04T23:00:04.689+0000] {dag.py:3033} INFO - Sync 1 DAGs
[2025-05-04T23:00:04.693+0000] {logging_mixin.py:188} INFO - [2025-05-04T23:00:04.693+0000] {dag.py:3820} INFO - Setting next_dagrun for example_params_ui_tutorial to None, run_after=None
[2025-05-04T23:00:04.700+0000] {processor.py:183} INFO - Processing /home/airflow/.local/lib/python3.8/site-packages/airflow/example_dags/example_params_ui_tutorial.py took 0.044 seconds
[2025-05-04T23:00:35.370+0000] {processor.py:161} INFO - Started process (PID=368) to work on /home/airflow/.local/lib/python3.8/site-packages/airflow/example_dags/example_params_ui_tutorial.py
[2025-05-04T23:00:35.371+0000] {processor.py:830} INFO - Processing file /home/airflow/.local/lib/python3.8/site-packages/airflow/example_dags/example_params_ui_tutorial.py for tasks to queue
[2025-05-04T23:00:35.372+0000] {logging_mixin.py:188} INFO - [2025-05-04T23:00:35.372+0000] {dagbag.py:538} INFO - Filling up the DagBag from /home/airflow/.local/lib/python3.8/site-packages/airflow/example_dags/example_params_ui_tutorial.py
[2025-05-04T23:00:35.377+0000] {processor.py:840} INFO - DAG(s) 'example_params_ui_tutorial' retrieved from /home/airflow/.local/lib/python3.8/site-packages/airflow/example_dags/example_params_ui_tutorial.py
[2025-05-04T23:00:35.399+0000] {logging_mixin.py:188} INFO - [2025-05-04T23:00:35.399+0000] {dag.py:3033} INFO - Sync 1 DAGs
[2025-05-04T23:00:35.405+0000] {logging_mixin.py:188} INFO - [2025-05-04T23:00:35.405+0000] {dag.py:3820} INFO - Setting next_dagrun for example_params_ui_tutorial to None, run_after=None
[2025-05-04T23:00:35.412+0000] {processor.py:183} INFO - Processing /home/airflow/.local/lib/python3.8/site-packages/airflow/example_dags/example_params_ui_tutorial.py took 0.043 seconds
[2025-05-04T23:01:06.027+0000] {processor.py:161} INFO - Started process (PID=424) to work on /home/airflow/.local/lib/python3.8/site-packages/airflow/example_dags/example_params_ui_tutorial.py
[2025-05-04T23:01:06.027+0000] {processor.py:830} INFO - Processing file /home/airflow/.local/lib/python3.8/site-packages/airflow/example_dags/example_params_ui_tutorial.py for tasks to queue
[2025-05-04T23:01:06.028+0000] {logging_mixin.py:188} INFO - [2025-05-04T23:01:06.028+0000] {dagbag.py:538} INFO - Filling up the DagBag from /home/airflow/.local/lib/python3.8/site-packages/airflow/example_dags/example_params_ui_tutorial.py
[2025-05-04T23:01:06.034+0000] {processor.py:840} INFO - DAG(s) 'example_params_ui_tutorial' retrieved from /home/airflow/.local/lib/python3.8/site-packages/airflow/example_dags/example_params_ui_tutorial.py
[2025-05-04T23:01:06.060+0000] {logging_mixin.py:188} INFO - [2025-05-04T23:01:06.060+0000] {dag.py:3033} INFO - Sync 1 DAGs
[2025-05-04T23:01:06.066+0000] {logging_mixin.py:188} INFO - [2025-05-04T23:01:06.066+0000] {dag.py:3820} INFO - Setting next_dagrun for example_params_ui_tutorial to None, run_after=None
[2025-05-04T23:01:06.075+0000] {processor.py:183} INFO - Processing /home/airflow/.local/lib/python3.8/site-packages/airflow/example_dags/example_params_ui_tutorial.py took 0.050 seconds
[2025-05-04T23:01:36.554+0000] {processor.py:161} INFO - Started process (PID=480) to work on /home/airflow/.local/lib/python3.8/site-packages/airflow/example_dags/example_params_ui_tutorial.py
[2025-05-04T23:01:36.555+0000] {processor.py:830} INFO - Processing file /home/airflow/.local/lib/python3.8/site-packages/airflow/example_dags/example_params_ui_tutorial.py for tasks to queue
[2025-05-04T23:01:36.556+0000] {logging_mixin.py:188} INFO - [2025-05-04T23:01:36.556+0000] {dagbag.py:538} INFO - Filling up the DagBag from /home/airflow/.local/lib/python3.8/site-packages/airflow/example_dags/example_params_ui_tutorial.py
[2025-05-04T23:01:36.563+0000] {processor.py:840} INFO - DAG(s) 'example_params_ui_tutorial' retrieved from /home/airflow/.local/lib/python3.8/site-packages/airflow/example_dags/example_params_ui_tutorial.py
[2025-05-04T23:01:36.594+0000] {logging_mixin.py:188} INFO - [2025-05-04T23:01:36.594+0000] {dag.py:3033} INFO - Sync 1 DAGs
[2025-05-04T23:01:36.600+0000] {logging_mixin.py:188} INFO - [2025-05-04T23:01:36.600+0000] {dag.py:3820} INFO - Setting next_dagrun for example_params_ui_tutorial to None, run_after=None
[2025-05-04T23:01:36.611+0000] {processor.py:183} INFO - Processing /home/airflow/.local/lib/python3.8/site-packages/airflow/example_dags/example_params_ui_tutorial.py took 0.059 seconds
[2025-05-04T23:02:07.085+0000] {processor.py:161} INFO - Started process (PID=536) to work on /home/airflow/.local/lib/python3.8/site-packages/airflow/example_dags/example_params_ui_tutorial.py
[2025-05-04T23:02:07.085+0000] {processor.py:830} INFO - Processing file /home/airflow/.local/lib/python3.8/site-packages/airflow/example_dags/example_params_ui_tutorial.py for tasks to queue
[2025-05-04T23:02:07.086+0000] {logging_mixin.py:188} INFO - [2025-05-04T23:02:07.086+0000] {dagbag.py:538} INFO - Filling up the DagBag from /home/airflow/.local/lib/python3.8/site-packages/airflow/example_dags/example_params_ui_tutorial.py
[2025-05-04T23:02:07.091+0000] {processor.py:840} INFO - DAG(s) 'example_params_ui_tutorial' retrieved from /home/airflow/.local/lib/python3.8/site-packages/airflow/example_dags/example_params_ui_tutorial.py
[2025-05-04T23:02:07.115+0000] {logging_mixin.py:188} INFO - [2025-05-04T23:02:07.115+0000] {dag.py:3033} INFO - Sync 1 DAGs
[2025-05-04T23:02:07.120+0000] {logging_mixin.py:188} INFO - [2025-05-04T23:02:07.120+0000] {dag.py:3820} INFO - Setting next_dagrun for example_params_ui_tutorial to None, run_after=None
[2025-05-04T23:02:07.128+0000] {processor.py:183} INFO - Processing /home/airflow/.local/lib/python3.8/site-packages/airflow/example_dags/example_params_ui_tutorial.py took 0.045 seconds
[2025-05-04T23:02:37.815+0000] {processor.py:161} INFO - Started process (PID=592) to work on /home/airflow/.local/lib/python3.8/site-packages/airflow/example_dags/example_params_ui_tutorial.py
[2025-05-04T23:02:37.816+0000] {processor.py:830} INFO - Processing file /home/airflow/.local/lib/python3.8/site-packages/airflow/example_dags/example_params_ui_tutorial.py for tasks to queue
[2025-05-04T23:02:37.818+0000] {logging_mixin.py:188} INFO - [2025-05-04T23:02:37.817+0000] {dagbag.py:538} INFO - Filling up the DagBag from /home/airflow/.local/lib/python3.8/site-packages/airflow/example_dags/example_params_ui_tutorial.py
[2025-05-04T23:02:37.826+0000] {processor.py:840} INFO - DAG(s) 'example_params_ui_tutorial' retrieved from /home/airflow/.local/lib/python3.8/site-packages/airflow/example_dags/example_params_ui_tutorial.py
[2025-05-04T23:02:37.858+0000] {logging_mixin.py:188} INFO - [2025-05-04T23:02:37.858+0000] {dag.py:3033} INFO - Sync 1 DAGs
[2025-05-04T23:02:37.864+0000] {logging_mixin.py:188} INFO - [2025-05-04T23:02:37.864+0000] {dag.py:3820} INFO - Setting next_dagrun for example_params_ui_tutorial to None, run_after=None
[2025-05-04T23:02:37.876+0000] {processor.py:183} INFO - Processing /home/airflow/.local/lib/python3.8/site-packages/airflow/example_dags/example_params_ui_tutorial.py took 0.063 seconds
[2025-05-04T23:03:08.488+0000] {processor.py:161} INFO - Started process (PID=648) to work on /home/airflow/.local/lib/python3.8/site-packages/airflow/example_dags/example_params_ui_tutorial.py
[2025-05-04T23:03:08.489+0000] {processor.py:830} INFO - Processing file /home/airflow/.local/lib/python3.8/site-packages/airflow/example_dags/example_params_ui_tutorial.py for tasks to queue
[2025-05-04T23:03:08.490+0000] {logging_mixin.py:188} INFO - [2025-05-04T23:03:08.490+0000] {dagbag.py:538} INFO - Filling up the DagBag from /home/airflow/.local/lib/python3.8/site-packages/airflow/example_dags/example_params_ui_tutorial.py
[2025-05-04T23:03:08.495+0000] {processor.py:840} INFO - DAG(s) 'example_params_ui_tutorial' retrieved from /home/airflow/.local/lib/python3.8/site-packages/airflow/example_dags/example_params_ui_tutorial.py
[2025-05-04T23:03:08.522+0000] {logging_mixin.py:188} INFO - [2025-05-04T23:03:08.522+0000] {dag.py:3033} INFO - Sync 1 DAGs
[2025-05-04T23:03:08.526+0000] {logging_mixin.py:188} INFO - [2025-05-04T23:03:08.526+0000] {dag.py:3820} INFO - Setting next_dagrun for example_params_ui_tutorial to None, run_after=None
[2025-05-04T23:03:08.535+0000] {processor.py:183} INFO - Processing /home/airflow/.local/lib/python3.8/site-packages/airflow/example_dags/example_params_ui_tutorial.py took 0.049 seconds
[2025-05-04T23:03:39.040+0000] {processor.py:161} INFO - Started process (PID=704) to work on /home/airflow/.local/lib/python3.8/site-packages/airflow/example_dags/example_params_ui_tutorial.py
[2025-05-04T23:03:39.041+0000] {processor.py:830} INFO - Processing file /home/airflow/.local/lib/python3.8/site-packages/airflow/example_dags/example_params_ui_tutorial.py for tasks to queue
[2025-05-04T23:03:39.042+0000] {logging_mixin.py:188} INFO - [2025-05-04T23:03:39.042+0000] {dagbag.py:538} INFO - Filling up the DagBag from /home/airflow/.local/lib/python3.8/site-packages/airflow/example_dags/example_params_ui_tutorial.py
[2025-05-04T23:03:39.050+0000] {processor.py:840} INFO - DAG(s) 'example_params_ui_tutorial' retrieved from /home/airflow/.local/lib/python3.8/site-packages/airflow/example_dags/example_params_ui_tutorial.py
[2025-05-04T23:03:39.077+0000] {logging_mixin.py:188} INFO - [2025-05-04T23:03:39.077+0000] {dag.py:3033} INFO - Sync 1 DAGs
[2025-05-04T23:03:39.082+0000] {logging_mixin.py:188} INFO - [2025-05-04T23:03:39.082+0000] {dag.py:3820} INFO - Setting next_dagrun for example_params_ui_tutorial to None, run_after=None
[2025-05-04T23:03:39.091+0000] {processor.py:183} INFO - Processing /home/airflow/.local/lib/python3.8/site-packages/airflow/example_dags/example_params_ui_tutorial.py took 0.052 seconds
[2025-05-04T23:04:29.358+0000] {processor.py:161} INFO - Started process (PID=87) to work on /home/airflow/.local/lib/python3.8/site-packages/airflow/example_dags/example_params_ui_tutorial.py
[2025-05-04T23:04:29.358+0000] {processor.py:830} INFO - Processing file /home/airflow/.local/lib/python3.8/site-packages/airflow/example_dags/example_params_ui_tutorial.py for tasks to queue
[2025-05-04T23:04:29.360+0000] {logging_mixin.py:188} INFO - [2025-05-04T23:04:29.360+0000] {dagbag.py:538} INFO - Filling up the DagBag from /home/airflow/.local/lib/python3.8/site-packages/airflow/example_dags/example_params_ui_tutorial.py
[2025-05-04T23:04:29.367+0000] {processor.py:840} INFO - DAG(s) 'example_params_ui_tutorial' retrieved from /home/airflow/.local/lib/python3.8/site-packages/airflow/example_dags/example_params_ui_tutorial.py
[2025-05-04T23:04:29.373+0000] {logging_mixin.py:188} INFO - [2025-05-04T23:04:29.373+0000] {dag.py:3033} INFO - Sync 1 DAGs
[2025-05-04T23:04:29.380+0000] {logging_mixin.py:188} INFO - [2025-05-04T23:04:29.380+0000] {dag.py:3820} INFO - Setting next_dagrun for example_params_ui_tutorial to None, run_after=None
[2025-05-04T23:04:29.395+0000] {processor.py:183} INFO - Processing /home/airflow/.local/lib/python3.8/site-packages/airflow/example_dags/example_params_ui_tutorial.py took 0.040 seconds
[2025-05-04T23:04:59.695+0000] {processor.py:161} INFO - Started process (PID=143) to work on /home/airflow/.local/lib/python3.8/site-packages/airflow/example_dags/example_params_ui_tutorial.py
[2025-05-04T23:04:59.695+0000] {processor.py:830} INFO - Processing file /home/airflow/.local/lib/python3.8/site-packages/airflow/example_dags/example_params_ui_tutorial.py for tasks to queue
[2025-05-04T23:04:59.696+0000] {logging_mixin.py:188} INFO - [2025-05-04T23:04:59.696+0000] {dagbag.py:538} INFO - Filling up the DagBag from /home/airflow/.local/lib/python3.8/site-packages/airflow/example_dags/example_params_ui_tutorial.py
[2025-05-04T23:04:59.703+0000] {processor.py:840} INFO - DAG(s) 'example_params_ui_tutorial' retrieved from /home/airflow/.local/lib/python3.8/site-packages/airflow/example_dags/example_params_ui_tutorial.py
[2025-05-04T23:04:59.758+0000] {logging_mixin.py:188} INFO - [2025-05-04T23:04:59.758+0000] {dag.py:3033} INFO - Sync 1 DAGs
[2025-05-04T23:04:59.762+0000] {logging_mixin.py:188} INFO - [2025-05-04T23:04:59.762+0000] {dag.py:3820} INFO - Setting next_dagrun for example_params_ui_tutorial to None, run_after=None
[2025-05-04T23:04:59.775+0000] {processor.py:183} INFO - Processing /home/airflow/.local/lib/python3.8/site-packages/airflow/example_dags/example_params_ui_tutorial.py took 0.081 seconds
[2025-05-04T23:05:30.524+0000] {processor.py:161} INFO - Started process (PID=199) to work on /home/airflow/.local/lib/python3.8/site-packages/airflow/example_dags/example_params_ui_tutorial.py
[2025-05-04T23:05:30.525+0000] {processor.py:830} INFO - Processing file /home/airflow/.local/lib/python3.8/site-packages/airflow/example_dags/example_params_ui_tutorial.py for tasks to queue
[2025-05-04T23:05:30.527+0000] {logging_mixin.py:188} INFO - [2025-05-04T23:05:30.527+0000] {dagbag.py:538} INFO - Filling up the DagBag from /home/airflow/.local/lib/python3.8/site-packages/airflow/example_dags/example_params_ui_tutorial.py
[2025-05-04T23:05:30.533+0000] {processor.py:840} INFO - DAG(s) 'example_params_ui_tutorial' retrieved from /home/airflow/.local/lib/python3.8/site-packages/airflow/example_dags/example_params_ui_tutorial.py
[2025-05-04T23:05:30.563+0000] {logging_mixin.py:188} INFO - [2025-05-04T23:05:30.563+0000] {dag.py:3033} INFO - Sync 1 DAGs
[2025-05-04T23:05:30.572+0000] {logging_mixin.py:188} INFO - [2025-05-04T23:05:30.572+0000] {dag.py:3820} INFO - Setting next_dagrun for example_params_ui_tutorial to None, run_after=None
[2025-05-04T23:05:30.580+0000] {processor.py:183} INFO - Processing /home/airflow/.local/lib/python3.8/site-packages/airflow/example_dags/example_params_ui_tutorial.py took 0.058 seconds
[2025-05-04T23:06:32.278+0000] {processor.py:161} INFO - Started process (PID=88) to work on /home/airflow/.local/lib/python3.8/site-packages/airflow/example_dags/example_params_ui_tutorial.py
[2025-05-04T23:06:32.279+0000] {processor.py:830} INFO - Processing file /home/airflow/.local/lib/python3.8/site-packages/airflow/example_dags/example_params_ui_tutorial.py for tasks to queue
[2025-05-04T23:06:32.281+0000] {logging_mixin.py:188} INFO - [2025-05-04T23:06:32.281+0000] {dagbag.py:538} INFO - Filling up the DagBag from /home/airflow/.local/lib/python3.8/site-packages/airflow/example_dags/example_params_ui_tutorial.py
[2025-05-04T23:06:32.289+0000] {processor.py:840} INFO - DAG(s) 'example_params_ui_tutorial' retrieved from /home/airflow/.local/lib/python3.8/site-packages/airflow/example_dags/example_params_ui_tutorial.py
[2025-05-04T23:06:32.303+0000] {logging_mixin.py:188} INFO - [2025-05-04T23:06:32.303+0000] {dag.py:3033} INFO - Sync 1 DAGs
[2025-05-04T23:06:32.310+0000] {logging_mixin.py:188} INFO - [2025-05-04T23:06:32.310+0000] {dag.py:3820} INFO - Setting next_dagrun for example_params_ui_tutorial to None, run_after=None
[2025-05-04T23:06:32.320+0000] {processor.py:183} INFO - Processing /home/airflow/.local/lib/python3.8/site-packages/airflow/example_dags/example_params_ui_tutorial.py took 0.044 seconds
[2025-05-04T23:07:02.517+0000] {processor.py:161} INFO - Started process (PID=144) to work on /home/airflow/.local/lib/python3.8/site-packages/airflow/example_dags/example_params_ui_tutorial.py
[2025-05-04T23:07:02.519+0000] {processor.py:830} INFO - Processing file /home/airflow/.local/lib/python3.8/site-packages/airflow/example_dags/example_params_ui_tutorial.py for tasks to queue
[2025-05-04T23:07:02.520+0000] {logging_mixin.py:188} INFO - [2025-05-04T23:07:02.520+0000] {dagbag.py:538} INFO - Filling up the DagBag from /home/airflow/.local/lib/python3.8/site-packages/airflow/example_dags/example_params_ui_tutorial.py
[2025-05-04T23:07:02.526+0000] {processor.py:840} INFO - DAG(s) 'example_params_ui_tutorial' retrieved from /home/airflow/.local/lib/python3.8/site-packages/airflow/example_dags/example_params_ui_tutorial.py
[2025-05-04T23:07:02.580+0000] {logging_mixin.py:188} INFO - [2025-05-04T23:07:02.580+0000] {dag.py:3033} INFO - Sync 1 DAGs
[2025-05-04T23:07:02.584+0000] {logging_mixin.py:188} INFO - [2025-05-04T23:07:02.584+0000] {dag.py:3820} INFO - Setting next_dagrun for example_params_ui_tutorial to None, run_after=None
[2025-05-04T23:07:02.596+0000] {processor.py:183} INFO - Processing /home/airflow/.local/lib/python3.8/site-packages/airflow/example_dags/example_params_ui_tutorial.py took 0.080 seconds
[2025-05-04T23:07:33.236+0000] {processor.py:161} INFO - Started process (PID=200) to work on /home/airflow/.local/lib/python3.8/site-packages/airflow/example_dags/example_params_ui_tutorial.py
[2025-05-04T23:07:33.237+0000] {processor.py:830} INFO - Processing file /home/airflow/.local/lib/python3.8/site-packages/airflow/example_dags/example_params_ui_tutorial.py for tasks to queue
[2025-05-04T23:07:33.239+0000] {logging_mixin.py:188} INFO - [2025-05-04T23:07:33.238+0000] {dagbag.py:538} INFO - Filling up the DagBag from /home/airflow/.local/lib/python3.8/site-packages/airflow/example_dags/example_params_ui_tutorial.py
[2025-05-04T23:07:33.245+0000] {processor.py:840} INFO - DAG(s) 'example_params_ui_tutorial' retrieved from /home/airflow/.local/lib/python3.8/site-packages/airflow/example_dags/example_params_ui_tutorial.py
[2025-05-04T23:07:33.269+0000] {logging_mixin.py:188} INFO - [2025-05-04T23:07:33.269+0000] {dag.py:3033} INFO - Sync 1 DAGs
[2025-05-04T23:07:33.274+0000] {logging_mixin.py:188} INFO - [2025-05-04T23:07:33.274+0000] {dag.py:3820} INFO - Setting next_dagrun for example_params_ui_tutorial to None, run_after=None
[2025-05-04T23:07:33.283+0000] {processor.py:183} INFO - Processing /home/airflow/.local/lib/python3.8/site-packages/airflow/example_dags/example_params_ui_tutorial.py took 0.048 seconds
[2025-05-04T23:08:03.822+0000] {processor.py:161} INFO - Started process (PID=256) to work on /home/airflow/.local/lib/python3.8/site-packages/airflow/example_dags/example_params_ui_tutorial.py
[2025-05-04T23:08:03.823+0000] {processor.py:830} INFO - Processing file /home/airflow/.local/lib/python3.8/site-packages/airflow/example_dags/example_params_ui_tutorial.py for tasks to queue
[2025-05-04T23:08:03.823+0000] {logging_mixin.py:188} INFO - [2025-05-04T23:08:03.823+0000] {dagbag.py:538} INFO - Filling up the DagBag from /home/airflow/.local/lib/python3.8/site-packages/airflow/example_dags/example_params_ui_tutorial.py
[2025-05-04T23:08:03.829+0000] {processor.py:840} INFO - DAG(s) 'example_params_ui_tutorial' retrieved from /home/airflow/.local/lib/python3.8/site-packages/airflow/example_dags/example_params_ui_tutorial.py
[2025-05-04T23:08:03.856+0000] {logging_mixin.py:188} INFO - [2025-05-04T23:08:03.856+0000] {dag.py:3033} INFO - Sync 1 DAGs
[2025-05-04T23:08:03.862+0000] {logging_mixin.py:188} INFO - [2025-05-04T23:08:03.862+0000] {dag.py:3820} INFO - Setting next_dagrun for example_params_ui_tutorial to None, run_after=None
[2025-05-04T23:08:03.873+0000] {processor.py:183} INFO - Processing /home/airflow/.local/lib/python3.8/site-packages/airflow/example_dags/example_params_ui_tutorial.py took 0.052 seconds
[2025-05-04T23:08:34.370+0000] {processor.py:161} INFO - Started process (PID=312) to work on /home/airflow/.local/lib/python3.8/site-packages/airflow/example_dags/example_params_ui_tutorial.py
[2025-05-04T23:08:34.371+0000] {processor.py:830} INFO - Processing file /home/airflow/.local/lib/python3.8/site-packages/airflow/example_dags/example_params_ui_tutorial.py for tasks to queue
[2025-05-04T23:08:34.372+0000] {logging_mixin.py:188} INFO - [2025-05-04T23:08:34.372+0000] {dagbag.py:538} INFO - Filling up the DagBag from /home/airflow/.local/lib/python3.8/site-packages/airflow/example_dags/example_params_ui_tutorial.py
[2025-05-04T23:08:34.377+0000] {processor.py:840} INFO - DAG(s) 'example_params_ui_tutorial' retrieved from /home/airflow/.local/lib/python3.8/site-packages/airflow/example_dags/example_params_ui_tutorial.py
[2025-05-04T23:08:34.404+0000] {logging_mixin.py:188} INFO - [2025-05-04T23:08:34.403+0000] {dag.py:3033} INFO - Sync 1 DAGs
[2025-05-04T23:08:34.408+0000] {logging_mixin.py:188} INFO - [2025-05-04T23:08:34.408+0000] {dag.py:3820} INFO - Setting next_dagrun for example_params_ui_tutorial to None, run_after=None
[2025-05-04T23:08:34.416+0000] {processor.py:183} INFO - Processing /home/airflow/.local/lib/python3.8/site-packages/airflow/example_dags/example_params_ui_tutorial.py took 0.047 seconds
[2025-05-04T23:09:05.196+0000] {processor.py:161} INFO - Started process (PID=367) to work on /home/airflow/.local/lib/python3.8/site-packages/airflow/example_dags/example_params_ui_tutorial.py
[2025-05-04T23:09:05.197+0000] {processor.py:830} INFO - Processing file /home/airflow/.local/lib/python3.8/site-packages/airflow/example_dags/example_params_ui_tutorial.py for tasks to queue
[2025-05-04T23:09:05.199+0000] {logging_mixin.py:188} INFO - [2025-05-04T23:09:05.199+0000] {dagbag.py:538} INFO - Filling up the DagBag from /home/airflow/.local/lib/python3.8/site-packages/airflow/example_dags/example_params_ui_tutorial.py
[2025-05-04T23:09:05.206+0000] {processor.py:840} INFO - DAG(s) 'example_params_ui_tutorial' retrieved from /home/airflow/.local/lib/python3.8/site-packages/airflow/example_dags/example_params_ui_tutorial.py
[2025-05-04T23:09:05.231+0000] {logging_mixin.py:188} INFO - [2025-05-04T23:09:05.231+0000] {dag.py:3033} INFO - Sync 1 DAGs
[2025-05-04T23:09:05.237+0000] {logging_mixin.py:188} INFO - [2025-05-04T23:09:05.237+0000] {dag.py:3820} INFO - Setting next_dagrun for example_params_ui_tutorial to None, run_after=None
[2025-05-04T23:09:05.249+0000] {processor.py:183} INFO - Processing /home/airflow/.local/lib/python3.8/site-packages/airflow/example_dags/example_params_ui_tutorial.py took 0.055 seconds
[2025-05-04T23:09:35.309+0000] {processor.py:161} INFO - Started process (PID=423) to work on /home/airflow/.local/lib/python3.8/site-packages/airflow/example_dags/example_params_ui_tutorial.py
[2025-05-04T23:09:35.311+0000] {processor.py:830} INFO - Processing file /home/airflow/.local/lib/python3.8/site-packages/airflow/example_dags/example_params_ui_tutorial.py for tasks to queue
[2025-05-04T23:09:35.312+0000] {logging_mixin.py:188} INFO - [2025-05-04T23:09:35.312+0000] {dagbag.py:538} INFO - Filling up the DagBag from /home/airflow/.local/lib/python3.8/site-packages/airflow/example_dags/example_params_ui_tutorial.py
[2025-05-04T23:09:35.321+0000] {processor.py:840} INFO - DAG(s) 'example_params_ui_tutorial' retrieved from /home/airflow/.local/lib/python3.8/site-packages/airflow/example_dags/example_params_ui_tutorial.py
[2025-05-04T23:09:35.349+0000] {logging_mixin.py:188} INFO - [2025-05-04T23:09:35.349+0000] {dag.py:3033} INFO - Sync 1 DAGs
[2025-05-04T23:09:35.355+0000] {logging_mixin.py:188} INFO - [2025-05-04T23:09:35.355+0000] {dag.py:3820} INFO - Setting next_dagrun for example_params_ui_tutorial to None, run_after=None
[2025-05-04T23:09:35.364+0000] {processor.py:183} INFO - Processing /home/airflow/.local/lib/python3.8/site-packages/airflow/example_dags/example_params_ui_tutorial.py took 0.057 seconds
[2025-05-04T23:10:06.049+0000] {processor.py:161} INFO - Started process (PID=479) to work on /home/airflow/.local/lib/python3.8/site-packages/airflow/example_dags/example_params_ui_tutorial.py
[2025-05-04T23:10:06.050+0000] {processor.py:830} INFO - Processing file /home/airflow/.local/lib/python3.8/site-packages/airflow/example_dags/example_params_ui_tutorial.py for tasks to queue
[2025-05-04T23:10:06.051+0000] {logging_mixin.py:188} INFO - [2025-05-04T23:10:06.051+0000] {dagbag.py:538} INFO - Filling up the DagBag from /home/airflow/.local/lib/python3.8/site-packages/airflow/example_dags/example_params_ui_tutorial.py
[2025-05-04T23:10:06.057+0000] {processor.py:840} INFO - DAG(s) 'example_params_ui_tutorial' retrieved from /home/airflow/.local/lib/python3.8/site-packages/airflow/example_dags/example_params_ui_tutorial.py
[2025-05-04T23:10:06.090+0000] {logging_mixin.py:188} INFO - [2025-05-04T23:10:06.090+0000] {dag.py:3033} INFO - Sync 1 DAGs
[2025-05-04T23:10:06.098+0000] {logging_mixin.py:188} INFO - [2025-05-04T23:10:06.098+0000] {dag.py:3820} INFO - Setting next_dagrun for example_params_ui_tutorial to None, run_after=None
[2025-05-04T23:10:06.109+0000] {processor.py:183} INFO - Processing /home/airflow/.local/lib/python3.8/site-packages/airflow/example_dags/example_params_ui_tutorial.py took 0.062 seconds
[2025-05-04T23:10:36.682+0000] {processor.py:161} INFO - Started process (PID=535) to work on /home/airflow/.local/lib/python3.8/site-packages/airflow/example_dags/example_params_ui_tutorial.py
[2025-05-04T23:10:36.683+0000] {processor.py:830} INFO - Processing file /home/airflow/.local/lib/python3.8/site-packages/airflow/example_dags/example_params_ui_tutorial.py for tasks to queue
[2025-05-04T23:10:36.684+0000] {logging_mixin.py:188} INFO - [2025-05-04T23:10:36.684+0000] {dagbag.py:538} INFO - Filling up the DagBag from /home/airflow/.local/lib/python3.8/site-packages/airflow/example_dags/example_params_ui_tutorial.py
[2025-05-04T23:10:36.690+0000] {processor.py:840} INFO - DAG(s) 'example_params_ui_tutorial' retrieved from /home/airflow/.local/lib/python3.8/site-packages/airflow/example_dags/example_params_ui_tutorial.py
[2025-05-04T23:10:36.724+0000] {logging_mixin.py:188} INFO - [2025-05-04T23:10:36.724+0000] {dag.py:3033} INFO - Sync 1 DAGs
[2025-05-04T23:10:36.730+0000] {logging_mixin.py:188} INFO - [2025-05-04T23:10:36.730+0000] {dag.py:3820} INFO - Setting next_dagrun for example_params_ui_tutorial to None, run_after=None
[2025-05-04T23:10:36.744+0000] {processor.py:183} INFO - Processing /home/airflow/.local/lib/python3.8/site-packages/airflow/example_dags/example_params_ui_tutorial.py took 0.064 seconds
[2025-05-04T23:11:07.438+0000] {processor.py:161} INFO - Started process (PID=591) to work on /home/airflow/.local/lib/python3.8/site-packages/airflow/example_dags/example_params_ui_tutorial.py
[2025-05-04T23:11:07.439+0000] {processor.py:830} INFO - Processing file /home/airflow/.local/lib/python3.8/site-packages/airflow/example_dags/example_params_ui_tutorial.py for tasks to queue
[2025-05-04T23:11:07.441+0000] {logging_mixin.py:188} INFO - [2025-05-04T23:11:07.441+0000] {dagbag.py:538} INFO - Filling up the DagBag from /home/airflow/.local/lib/python3.8/site-packages/airflow/example_dags/example_params_ui_tutorial.py
[2025-05-04T23:11:07.446+0000] {processor.py:840} INFO - DAG(s) 'example_params_ui_tutorial' retrieved from /home/airflow/.local/lib/python3.8/site-packages/airflow/example_dags/example_params_ui_tutorial.py
[2025-05-04T23:11:07.471+0000] {logging_mixin.py:188} INFO - [2025-05-04T23:11:07.471+0000] {dag.py:3033} INFO - Sync 1 DAGs
[2025-05-04T23:11:07.477+0000] {logging_mixin.py:188} INFO - [2025-05-04T23:11:07.477+0000] {dag.py:3820} INFO - Setting next_dagrun for example_params_ui_tutorial to None, run_after=None
[2025-05-04T23:11:07.487+0000] {processor.py:183} INFO - Processing /home/airflow/.local/lib/python3.8/site-packages/airflow/example_dags/example_params_ui_tutorial.py took 0.050 seconds
[2025-05-04T23:11:37.985+0000] {processor.py:161} INFO - Started process (PID=647) to work on /home/airflow/.local/lib/python3.8/site-packages/airflow/example_dags/example_params_ui_tutorial.py
[2025-05-04T23:11:37.986+0000] {processor.py:830} INFO - Processing file /home/airflow/.local/lib/python3.8/site-packages/airflow/example_dags/example_params_ui_tutorial.py for tasks to queue
[2025-05-04T23:11:37.989+0000] {logging_mixin.py:188} INFO - [2025-05-04T23:11:37.989+0000] {dagbag.py:538} INFO - Filling up the DagBag from /home/airflow/.local/lib/python3.8/site-packages/airflow/example_dags/example_params_ui_tutorial.py
[2025-05-04T23:11:37.997+0000] {processor.py:840} INFO - DAG(s) 'example_params_ui_tutorial' retrieved from /home/airflow/.local/lib/python3.8/site-packages/airflow/example_dags/example_params_ui_tutorial.py
[2025-05-04T23:11:38.025+0000] {logging_mixin.py:188} INFO - [2025-05-04T23:11:38.025+0000] {dag.py:3033} INFO - Sync 1 DAGs
[2025-05-04T23:11:38.031+0000] {logging_mixin.py:188} INFO - [2025-05-04T23:11:38.030+0000] {dag.py:3820} INFO - Setting next_dagrun for example_params_ui_tutorial to None, run_after=None
[2025-05-04T23:11:38.046+0000] {processor.py:183} INFO - Processing /home/airflow/.local/lib/python3.8/site-packages/airflow/example_dags/example_params_ui_tutorial.py took 0.063 seconds
[2025-05-04T23:12:08.638+0000] {processor.py:161} INFO - Started process (PID=703) to work on /home/airflow/.local/lib/python3.8/site-packages/airflow/example_dags/example_params_ui_tutorial.py
[2025-05-04T23:12:08.638+0000] {processor.py:830} INFO - Processing file /home/airflow/.local/lib/python3.8/site-packages/airflow/example_dags/example_params_ui_tutorial.py for tasks to queue
[2025-05-04T23:12:08.639+0000] {logging_mixin.py:188} INFO - [2025-05-04T23:12:08.639+0000] {dagbag.py:538} INFO - Filling up the DagBag from /home/airflow/.local/lib/python3.8/site-packages/airflow/example_dags/example_params_ui_tutorial.py
[2025-05-04T23:12:08.645+0000] {processor.py:840} INFO - DAG(s) 'example_params_ui_tutorial' retrieved from /home/airflow/.local/lib/python3.8/site-packages/airflow/example_dags/example_params_ui_tutorial.py
[2025-05-04T23:12:08.669+0000] {logging_mixin.py:188} INFO - [2025-05-04T23:12:08.669+0000] {dag.py:3033} INFO - Sync 1 DAGs
[2025-05-04T23:12:08.674+0000] {logging_mixin.py:188} INFO - [2025-05-04T23:12:08.674+0000] {dag.py:3820} INFO - Setting next_dagrun for example_params_ui_tutorial to None, run_after=None
[2025-05-04T23:12:08.683+0000] {processor.py:183} INFO - Processing /home/airflow/.local/lib/python3.8/site-packages/airflow/example_dags/example_params_ui_tutorial.py took 0.047 seconds
[2025-05-04T23:12:39.315+0000] {processor.py:161} INFO - Started process (PID=759) to work on /home/airflow/.local/lib/python3.8/site-packages/airflow/example_dags/example_params_ui_tutorial.py
[2025-05-04T23:12:39.316+0000] {processor.py:830} INFO - Processing file /home/airflow/.local/lib/python3.8/site-packages/airflow/example_dags/example_params_ui_tutorial.py for tasks to queue
[2025-05-04T23:12:39.317+0000] {logging_mixin.py:188} INFO - [2025-05-04T23:12:39.317+0000] {dagbag.py:538} INFO - Filling up the DagBag from /home/airflow/.local/lib/python3.8/site-packages/airflow/example_dags/example_params_ui_tutorial.py
[2025-05-04T23:12:39.323+0000] {processor.py:840} INFO - DAG(s) 'example_params_ui_tutorial' retrieved from /home/airflow/.local/lib/python3.8/site-packages/airflow/example_dags/example_params_ui_tutorial.py
[2025-05-04T23:12:39.351+0000] {logging_mixin.py:188} INFO - [2025-05-04T23:12:39.351+0000] {dag.py:3033} INFO - Sync 1 DAGs
[2025-05-04T23:12:39.358+0000] {logging_mixin.py:188} INFO - [2025-05-04T23:12:39.357+0000] {dag.py:3820} INFO - Setting next_dagrun for example_params_ui_tutorial to None, run_after=None
[2025-05-04T23:12:39.369+0000] {processor.py:183} INFO - Processing /home/airflow/.local/lib/python3.8/site-packages/airflow/example_dags/example_params_ui_tutorial.py took 0.055 seconds
[2025-05-04T23:13:09.953+0000] {processor.py:161} INFO - Started process (PID=815) to work on /home/airflow/.local/lib/python3.8/site-packages/airflow/example_dags/example_params_ui_tutorial.py
[2025-05-04T23:13:09.955+0000] {processor.py:830} INFO - Processing file /home/airflow/.local/lib/python3.8/site-packages/airflow/example_dags/example_params_ui_tutorial.py for tasks to queue
[2025-05-04T23:13:09.956+0000] {logging_mixin.py:188} INFO - [2025-05-04T23:13:09.956+0000] {dagbag.py:538} INFO - Filling up the DagBag from /home/airflow/.local/lib/python3.8/site-packages/airflow/example_dags/example_params_ui_tutorial.py
[2025-05-04T23:13:09.962+0000] {processor.py:840} INFO - DAG(s) 'example_params_ui_tutorial' retrieved from /home/airflow/.local/lib/python3.8/site-packages/airflow/example_dags/example_params_ui_tutorial.py
[2025-05-04T23:13:09.986+0000] {logging_mixin.py:188} INFO - [2025-05-04T23:13:09.985+0000] {dag.py:3033} INFO - Sync 1 DAGs
[2025-05-04T23:13:09.990+0000] {logging_mixin.py:188} INFO - [2025-05-04T23:13:09.990+0000] {dag.py:3820} INFO - Setting next_dagrun for example_params_ui_tutorial to None, run_after=None
[2025-05-04T23:13:10.002+0000] {processor.py:183} INFO - Processing /home/airflow/.local/lib/python3.8/site-packages/airflow/example_dags/example_params_ui_tutorial.py took 0.050 seconds
[2025-05-04T23:13:40.635+0000] {processor.py:161} INFO - Started process (PID=871) to work on /home/airflow/.local/lib/python3.8/site-packages/airflow/example_dags/example_params_ui_tutorial.py
[2025-05-04T23:13:40.637+0000] {processor.py:830} INFO - Processing file /home/airflow/.local/lib/python3.8/site-packages/airflow/example_dags/example_params_ui_tutorial.py for tasks to queue
[2025-05-04T23:13:40.638+0000] {logging_mixin.py:188} INFO - [2025-05-04T23:13:40.638+0000] {dagbag.py:538} INFO - Filling up the DagBag from /home/airflow/.local/lib/python3.8/site-packages/airflow/example_dags/example_params_ui_tutorial.py
[2025-05-04T23:13:40.643+0000] {processor.py:840} INFO - DAG(s) 'example_params_ui_tutorial' retrieved from /home/airflow/.local/lib/python3.8/site-packages/airflow/example_dags/example_params_ui_tutorial.py
[2025-05-04T23:13:40.673+0000] {logging_mixin.py:188} INFO - [2025-05-04T23:13:40.673+0000] {dag.py:3033} INFO - Sync 1 DAGs
[2025-05-04T23:13:40.679+0000] {logging_mixin.py:188} INFO - [2025-05-04T23:13:40.679+0000] {dag.py:3820} INFO - Setting next_dagrun for example_params_ui_tutorial to None, run_after=None
[2025-05-04T23:13:40.693+0000] {processor.py:183} INFO - Processing /home/airflow/.local/lib/python3.8/site-packages/airflow/example_dags/example_params_ui_tutorial.py took 0.060 seconds
[2025-05-04T23:14:11.380+0000] {processor.py:161} INFO - Started process (PID=927) to work on /home/airflow/.local/lib/python3.8/site-packages/airflow/example_dags/example_params_ui_tutorial.py
[2025-05-04T23:14:11.381+0000] {processor.py:830} INFO - Processing file /home/airflow/.local/lib/python3.8/site-packages/airflow/example_dags/example_params_ui_tutorial.py for tasks to queue
[2025-05-04T23:14:11.382+0000] {logging_mixin.py:188} INFO - [2025-05-04T23:14:11.382+0000] {dagbag.py:538} INFO - Filling up the DagBag from /home/airflow/.local/lib/python3.8/site-packages/airflow/example_dags/example_params_ui_tutorial.py
[2025-05-04T23:14:11.387+0000] {processor.py:840} INFO - DAG(s) 'example_params_ui_tutorial' retrieved from /home/airflow/.local/lib/python3.8/site-packages/airflow/example_dags/example_params_ui_tutorial.py
[2025-05-04T23:14:11.408+0000] {logging_mixin.py:188} INFO - [2025-05-04T23:14:11.408+0000] {dag.py:3033} INFO - Sync 1 DAGs
[2025-05-04T23:14:11.413+0000] {logging_mixin.py:188} INFO - [2025-05-04T23:14:11.413+0000] {dag.py:3820} INFO - Setting next_dagrun for example_params_ui_tutorial to None, run_after=None
[2025-05-04T23:14:11.420+0000] {processor.py:183} INFO - Processing /home/airflow/.local/lib/python3.8/site-packages/airflow/example_dags/example_params_ui_tutorial.py took 0.041 seconds
[2025-05-04T23:14:42.307+0000] {processor.py:161} INFO - Started process (PID=983) to work on /home/airflow/.local/lib/python3.8/site-packages/airflow/example_dags/example_params_ui_tutorial.py
[2025-05-04T23:14:42.308+0000] {processor.py:830} INFO - Processing file /home/airflow/.local/lib/python3.8/site-packages/airflow/example_dags/example_params_ui_tutorial.py for tasks to queue
[2025-05-04T23:14:42.309+0000] {logging_mixin.py:188} INFO - [2025-05-04T23:14:42.309+0000] {dagbag.py:538} INFO - Filling up the DagBag from /home/airflow/.local/lib/python3.8/site-packages/airflow/example_dags/example_params_ui_tutorial.py
[2025-05-04T23:14:42.315+0000] {processor.py:840} INFO - DAG(s) 'example_params_ui_tutorial' retrieved from /home/airflow/.local/lib/python3.8/site-packages/airflow/example_dags/example_params_ui_tutorial.py
[2025-05-04T23:14:42.338+0000] {logging_mixin.py:188} INFO - [2025-05-04T23:14:42.338+0000] {dag.py:3033} INFO - Sync 1 DAGs
[2025-05-04T23:14:42.344+0000] {logging_mixin.py:188} INFO - [2025-05-04T23:14:42.344+0000] {dag.py:3820} INFO - Setting next_dagrun for example_params_ui_tutorial to None, run_after=None
[2025-05-04T23:14:42.354+0000] {processor.py:183} INFO - Processing /home/airflow/.local/lib/python3.8/site-packages/airflow/example_dags/example_params_ui_tutorial.py took 0.048 seconds
[2025-05-04T23:15:12.471+0000] {processor.py:161} INFO - Started process (PID=1039) to work on /home/airflow/.local/lib/python3.8/site-packages/airflow/example_dags/example_params_ui_tutorial.py
[2025-05-04T23:15:12.472+0000] {processor.py:830} INFO - Processing file /home/airflow/.local/lib/python3.8/site-packages/airflow/example_dags/example_params_ui_tutorial.py for tasks to queue
[2025-05-04T23:15:12.474+0000] {logging_mixin.py:188} INFO - [2025-05-04T23:15:12.474+0000] {dagbag.py:538} INFO - Filling up the DagBag from /home/airflow/.local/lib/python3.8/site-packages/airflow/example_dags/example_params_ui_tutorial.py
[2025-05-04T23:15:12.481+0000] {processor.py:840} INFO - DAG(s) 'example_params_ui_tutorial' retrieved from /home/airflow/.local/lib/python3.8/site-packages/airflow/example_dags/example_params_ui_tutorial.py
[2025-05-04T23:15:12.510+0000] {logging_mixin.py:188} INFO - [2025-05-04T23:15:12.510+0000] {dag.py:3033} INFO - Sync 1 DAGs
[2025-05-04T23:15:12.516+0000] {logging_mixin.py:188} INFO - [2025-05-04T23:15:12.516+0000] {dag.py:3820} INFO - Setting next_dagrun for example_params_ui_tutorial to None, run_after=None
[2025-05-04T23:15:12.524+0000] {processor.py:183} INFO - Processing /home/airflow/.local/lib/python3.8/site-packages/airflow/example_dags/example_params_ui_tutorial.py took 0.054 seconds
[2025-05-04T23:15:43.002+0000] {processor.py:161} INFO - Started process (PID=1095) to work on /home/airflow/.local/lib/python3.8/site-packages/airflow/example_dags/example_params_ui_tutorial.py
[2025-05-04T23:15:43.003+0000] {processor.py:830} INFO - Processing file /home/airflow/.local/lib/python3.8/site-packages/airflow/example_dags/example_params_ui_tutorial.py for tasks to queue
[2025-05-04T23:15:43.004+0000] {logging_mixin.py:188} INFO - [2025-05-04T23:15:43.004+0000] {dagbag.py:538} INFO - Filling up the DagBag from /home/airflow/.local/lib/python3.8/site-packages/airflow/example_dags/example_params_ui_tutorial.py
[2025-05-04T23:15:43.011+0000] {processor.py:840} INFO - DAG(s) 'example_params_ui_tutorial' retrieved from /home/airflow/.local/lib/python3.8/site-packages/airflow/example_dags/example_params_ui_tutorial.py
[2025-05-04T23:15:43.038+0000] {logging_mixin.py:188} INFO - [2025-05-04T23:15:43.038+0000] {dag.py:3033} INFO - Sync 1 DAGs
[2025-05-04T23:15:43.043+0000] {logging_mixin.py:188} INFO - [2025-05-04T23:15:43.043+0000] {dag.py:3820} INFO - Setting next_dagrun for example_params_ui_tutorial to None, run_after=None
[2025-05-04T23:15:43.051+0000] {processor.py:183} INFO - Processing /home/airflow/.local/lib/python3.8/site-packages/airflow/example_dags/example_params_ui_tutorial.py took 0.050 seconds
[2025-05-04T23:18:32.358+0000] {processor.py:161} INFO - Started process (PID=82) to work on /home/airflow/.local/lib/python3.8/site-packages/airflow/example_dags/example_params_ui_tutorial.py
[2025-05-04T23:18:32.358+0000] {processor.py:830} INFO - Processing file /home/airflow/.local/lib/python3.8/site-packages/airflow/example_dags/example_params_ui_tutorial.py for tasks to queue
[2025-05-04T23:18:32.360+0000] {logging_mixin.py:188} INFO - [2025-05-04T23:18:32.360+0000] {dagbag.py:538} INFO - Filling up the DagBag from /home/airflow/.local/lib/python3.8/site-packages/airflow/example_dags/example_params_ui_tutorial.py
[2025-05-04T23:18:32.368+0000] {processor.py:840} INFO - DAG(s) 'example_params_ui_tutorial' retrieved from /home/airflow/.local/lib/python3.8/site-packages/airflow/example_dags/example_params_ui_tutorial.py
[2025-05-04T23:18:32.376+0000] {logging_mixin.py:188} INFO - [2025-05-04T23:18:32.376+0000] {dag.py:3033} INFO - Sync 1 DAGs
[2025-05-04T23:18:32.384+0000] {logging_mixin.py:188} INFO - [2025-05-04T23:18:32.384+0000] {dag.py:3820} INFO - Setting next_dagrun for example_params_ui_tutorial to None, run_after=None
[2025-05-04T23:18:32.392+0000] {processor.py:183} INFO - Processing /home/airflow/.local/lib/python3.8/site-packages/airflow/example_dags/example_params_ui_tutorial.py took 0.036 seconds
[2025-05-04T23:19:02.858+0000] {processor.py:161} INFO - Started process (PID=138) to work on /home/airflow/.local/lib/python3.8/site-packages/airflow/example_dags/example_params_ui_tutorial.py
[2025-05-04T23:19:02.859+0000] {processor.py:830} INFO - Processing file /home/airflow/.local/lib/python3.8/site-packages/airflow/example_dags/example_params_ui_tutorial.py for tasks to queue
[2025-05-04T23:19:02.860+0000] {logging_mixin.py:188} INFO - [2025-05-04T23:19:02.860+0000] {dagbag.py:538} INFO - Filling up the DagBag from /home/airflow/.local/lib/python3.8/site-packages/airflow/example_dags/example_params_ui_tutorial.py
[2025-05-04T23:19:02.866+0000] {processor.py:840} INFO - DAG(s) 'example_params_ui_tutorial' retrieved from /home/airflow/.local/lib/python3.8/site-packages/airflow/example_dags/example_params_ui_tutorial.py
[2025-05-04T23:19:02.936+0000] {logging_mixin.py:188} INFO - [2025-05-04T23:19:02.936+0000] {dag.py:3033} INFO - Sync 1 DAGs
[2025-05-04T23:19:02.945+0000] {logging_mixin.py:188} INFO - [2025-05-04T23:19:02.945+0000] {dag.py:3820} INFO - Setting next_dagrun for example_params_ui_tutorial to None, run_after=None
[2025-05-04T23:19:02.962+0000] {processor.py:183} INFO - Processing /home/airflow/.local/lib/python3.8/site-packages/airflow/example_dags/example_params_ui_tutorial.py took 0.105 seconds
[2025-05-04T23:19:33.718+0000] {processor.py:161} INFO - Started process (PID=194) to work on /home/airflow/.local/lib/python3.8/site-packages/airflow/example_dags/example_params_ui_tutorial.py
[2025-05-04T23:19:33.721+0000] {processor.py:830} INFO - Processing file /home/airflow/.local/lib/python3.8/site-packages/airflow/example_dags/example_params_ui_tutorial.py for tasks to queue
[2025-05-04T23:19:33.722+0000] {logging_mixin.py:188} INFO - [2025-05-04T23:19:33.722+0000] {dagbag.py:538} INFO - Filling up the DagBag from /home/airflow/.local/lib/python3.8/site-packages/airflow/example_dags/example_params_ui_tutorial.py
[2025-05-04T23:19:33.729+0000] {processor.py:840} INFO - DAG(s) 'example_params_ui_tutorial' retrieved from /home/airflow/.local/lib/python3.8/site-packages/airflow/example_dags/example_params_ui_tutorial.py
[2025-05-04T23:19:33.757+0000] {logging_mixin.py:188} INFO - [2025-05-04T23:19:33.757+0000] {dag.py:3033} INFO - Sync 1 DAGs
[2025-05-04T23:19:33.765+0000] {logging_mixin.py:188} INFO - [2025-05-04T23:19:33.765+0000] {dag.py:3820} INFO - Setting next_dagrun for example_params_ui_tutorial to None, run_after=None
[2025-05-04T23:19:33.782+0000] {processor.py:183} INFO - Processing /home/airflow/.local/lib/python3.8/site-packages/airflow/example_dags/example_params_ui_tutorial.py took 0.065 seconds
[2025-05-04T23:20:04.502+0000] {processor.py:161} INFO - Started process (PID=250) to work on /home/airflow/.local/lib/python3.8/site-packages/airflow/example_dags/example_params_ui_tutorial.py
[2025-05-04T23:20:04.503+0000] {processor.py:830} INFO - Processing file /home/airflow/.local/lib/python3.8/site-packages/airflow/example_dags/example_params_ui_tutorial.py for tasks to queue
[2025-05-04T23:20:04.504+0000] {logging_mixin.py:188} INFO - [2025-05-04T23:20:04.504+0000] {dagbag.py:538} INFO - Filling up the DagBag from /home/airflow/.local/lib/python3.8/site-packages/airflow/example_dags/example_params_ui_tutorial.py
[2025-05-04T23:20:04.510+0000] {processor.py:840} INFO - DAG(s) 'example_params_ui_tutorial' retrieved from /home/airflow/.local/lib/python3.8/site-packages/airflow/example_dags/example_params_ui_tutorial.py
[2025-05-04T23:20:04.534+0000] {logging_mixin.py:188} INFO - [2025-05-04T23:20:04.534+0000] {dag.py:3033} INFO - Sync 1 DAGs
[2025-05-04T23:20:04.540+0000] {logging_mixin.py:188} INFO - [2025-05-04T23:20:04.540+0000] {dag.py:3820} INFO - Setting next_dagrun for example_params_ui_tutorial to None, run_after=None
[2025-05-04T23:20:04.549+0000] {processor.py:183} INFO - Processing /home/airflow/.local/lib/python3.8/site-packages/airflow/example_dags/example_params_ui_tutorial.py took 0.050 seconds
[2025-05-04T23:20:35.285+0000] {processor.py:161} INFO - Started process (PID=305) to work on /home/airflow/.local/lib/python3.8/site-packages/airflow/example_dags/example_params_ui_tutorial.py
[2025-05-04T23:20:35.286+0000] {processor.py:830} INFO - Processing file /home/airflow/.local/lib/python3.8/site-packages/airflow/example_dags/example_params_ui_tutorial.py for tasks to queue
[2025-05-04T23:20:35.288+0000] {logging_mixin.py:188} INFO - [2025-05-04T23:20:35.288+0000] {dagbag.py:538} INFO - Filling up the DagBag from /home/airflow/.local/lib/python3.8/site-packages/airflow/example_dags/example_params_ui_tutorial.py
[2025-05-04T23:20:35.294+0000] {processor.py:840} INFO - DAG(s) 'example_params_ui_tutorial' retrieved from /home/airflow/.local/lib/python3.8/site-packages/airflow/example_dags/example_params_ui_tutorial.py
[2025-05-04T23:20:35.332+0000] {logging_mixin.py:188} INFO - [2025-05-04T23:20:35.332+0000] {dag.py:3033} INFO - Sync 1 DAGs
[2025-05-04T23:20:35.338+0000] {logging_mixin.py:188} INFO - [2025-05-04T23:20:35.338+0000] {dag.py:3820} INFO - Setting next_dagrun for example_params_ui_tutorial to None, run_after=None
[2025-05-04T23:20:35.349+0000] {processor.py:183} INFO - Processing /home/airflow/.local/lib/python3.8/site-packages/airflow/example_dags/example_params_ui_tutorial.py took 0.067 seconds
[2025-05-04T23:21:05.433+0000] {processor.py:161} INFO - Started process (PID=361) to work on /home/airflow/.local/lib/python3.8/site-packages/airflow/example_dags/example_params_ui_tutorial.py
[2025-05-04T23:21:05.436+0000] {processor.py:830} INFO - Processing file /home/airflow/.local/lib/python3.8/site-packages/airflow/example_dags/example_params_ui_tutorial.py for tasks to queue
[2025-05-04T23:21:05.437+0000] {logging_mixin.py:188} INFO - [2025-05-04T23:21:05.437+0000] {dagbag.py:538} INFO - Filling up the DagBag from /home/airflow/.local/lib/python3.8/site-packages/airflow/example_dags/example_params_ui_tutorial.py
[2025-05-04T23:21:05.445+0000] {processor.py:840} INFO - DAG(s) 'example_params_ui_tutorial' retrieved from /home/airflow/.local/lib/python3.8/site-packages/airflow/example_dags/example_params_ui_tutorial.py
[2025-05-04T23:21:05.474+0000] {logging_mixin.py:188} INFO - [2025-05-04T23:21:05.474+0000] {dag.py:3033} INFO - Sync 1 DAGs
[2025-05-04T23:21:05.483+0000] {logging_mixin.py:188} INFO - [2025-05-04T23:21:05.483+0000] {dag.py:3820} INFO - Setting next_dagrun for example_params_ui_tutorial to None, run_after=None
[2025-05-04T23:21:05.496+0000] {processor.py:183} INFO - Processing /home/airflow/.local/lib/python3.8/site-packages/airflow/example_dags/example_params_ui_tutorial.py took 0.065 seconds
[2025-05-04T23:21:36.098+0000] {processor.py:161} INFO - Started process (PID=417) to work on /home/airflow/.local/lib/python3.8/site-packages/airflow/example_dags/example_params_ui_tutorial.py
[2025-05-04T23:21:36.098+0000] {processor.py:830} INFO - Processing file /home/airflow/.local/lib/python3.8/site-packages/airflow/example_dags/example_params_ui_tutorial.py for tasks to queue
[2025-05-04T23:21:36.099+0000] {logging_mixin.py:188} INFO - [2025-05-04T23:21:36.099+0000] {dagbag.py:538} INFO - Filling up the DagBag from /home/airflow/.local/lib/python3.8/site-packages/airflow/example_dags/example_params_ui_tutorial.py
[2025-05-04T23:21:36.106+0000] {processor.py:840} INFO - DAG(s) 'example_params_ui_tutorial' retrieved from /home/airflow/.local/lib/python3.8/site-packages/airflow/example_dags/example_params_ui_tutorial.py
[2025-05-04T23:21:36.128+0000] {logging_mixin.py:188} INFO - [2025-05-04T23:21:36.128+0000] {dag.py:3033} INFO - Sync 1 DAGs
[2025-05-04T23:21:36.134+0000] {logging_mixin.py:188} INFO - [2025-05-04T23:21:36.133+0000] {dag.py:3820} INFO - Setting next_dagrun for example_params_ui_tutorial to None, run_after=None
[2025-05-04T23:21:36.145+0000] {processor.py:183} INFO - Processing /home/airflow/.local/lib/python3.8/site-packages/airflow/example_dags/example_params_ui_tutorial.py took 0.050 seconds
[2025-05-04T23:22:06.746+0000] {processor.py:161} INFO - Started process (PID=473) to work on /home/airflow/.local/lib/python3.8/site-packages/airflow/example_dags/example_params_ui_tutorial.py
[2025-05-04T23:22:06.746+0000] {processor.py:830} INFO - Processing file /home/airflow/.local/lib/python3.8/site-packages/airflow/example_dags/example_params_ui_tutorial.py for tasks to queue
[2025-05-04T23:22:06.748+0000] {logging_mixin.py:188} INFO - [2025-05-04T23:22:06.748+0000] {dagbag.py:538} INFO - Filling up the DagBag from /home/airflow/.local/lib/python3.8/site-packages/airflow/example_dags/example_params_ui_tutorial.py
[2025-05-04T23:22:06.753+0000] {processor.py:840} INFO - DAG(s) 'example_params_ui_tutorial' retrieved from /home/airflow/.local/lib/python3.8/site-packages/airflow/example_dags/example_params_ui_tutorial.py
[2025-05-04T23:22:06.776+0000] {logging_mixin.py:188} INFO - [2025-05-04T23:22:06.776+0000] {dag.py:3033} INFO - Sync 1 DAGs
[2025-05-04T23:22:06.783+0000] {logging_mixin.py:188} INFO - [2025-05-04T23:22:06.782+0000] {dag.py:3820} INFO - Setting next_dagrun for example_params_ui_tutorial to None, run_after=None
[2025-05-04T23:22:06.794+0000] {processor.py:183} INFO - Processing /home/airflow/.local/lib/python3.8/site-packages/airflow/example_dags/example_params_ui_tutorial.py took 0.050 seconds
[2025-05-04T23:22:37.281+0000] {processor.py:161} INFO - Started process (PID=529) to work on /home/airflow/.local/lib/python3.8/site-packages/airflow/example_dags/example_params_ui_tutorial.py
[2025-05-04T23:22:37.283+0000] {processor.py:830} INFO - Processing file /home/airflow/.local/lib/python3.8/site-packages/airflow/example_dags/example_params_ui_tutorial.py for tasks to queue
[2025-05-04T23:22:37.284+0000] {logging_mixin.py:188} INFO - [2025-05-04T23:22:37.284+0000] {dagbag.py:538} INFO - Filling up the DagBag from /home/airflow/.local/lib/python3.8/site-packages/airflow/example_dags/example_params_ui_tutorial.py
[2025-05-04T23:22:37.290+0000] {processor.py:840} INFO - DAG(s) 'example_params_ui_tutorial' retrieved from /home/airflow/.local/lib/python3.8/site-packages/airflow/example_dags/example_params_ui_tutorial.py
[2025-05-04T23:22:37.317+0000] {logging_mixin.py:188} INFO - [2025-05-04T23:22:37.317+0000] {dag.py:3033} INFO - Sync 1 DAGs
[2025-05-04T23:22:37.324+0000] {logging_mixin.py:188} INFO - [2025-05-04T23:22:37.324+0000] {dag.py:3820} INFO - Setting next_dagrun for example_params_ui_tutorial to None, run_after=None
[2025-05-04T23:22:37.336+0000] {processor.py:183} INFO - Processing /home/airflow/.local/lib/python3.8/site-packages/airflow/example_dags/example_params_ui_tutorial.py took 0.057 seconds
[2025-05-04T23:23:07.884+0000] {processor.py:161} INFO - Started process (PID=585) to work on /home/airflow/.local/lib/python3.8/site-packages/airflow/example_dags/example_params_ui_tutorial.py
[2025-05-04T23:23:07.885+0000] {processor.py:830} INFO - Processing file /home/airflow/.local/lib/python3.8/site-packages/airflow/example_dags/example_params_ui_tutorial.py for tasks to queue
[2025-05-04T23:23:07.886+0000] {logging_mixin.py:188} INFO - [2025-05-04T23:23:07.886+0000] {dagbag.py:538} INFO - Filling up the DagBag from /home/airflow/.local/lib/python3.8/site-packages/airflow/example_dags/example_params_ui_tutorial.py
[2025-05-04T23:23:07.892+0000] {processor.py:840} INFO - DAG(s) 'example_params_ui_tutorial' retrieved from /home/airflow/.local/lib/python3.8/site-packages/airflow/example_dags/example_params_ui_tutorial.py
[2025-05-04T23:23:07.918+0000] {logging_mixin.py:188} INFO - [2025-05-04T23:23:07.918+0000] {dag.py:3033} INFO - Sync 1 DAGs
[2025-05-04T23:23:07.924+0000] {logging_mixin.py:188} INFO - [2025-05-04T23:23:07.924+0000] {dag.py:3820} INFO - Setting next_dagrun for example_params_ui_tutorial to None, run_after=None
[2025-05-04T23:23:07.934+0000] {processor.py:183} INFO - Processing /home/airflow/.local/lib/python3.8/site-packages/airflow/example_dags/example_params_ui_tutorial.py took 0.052 seconds
[2025-05-04T23:24:31.544+0000] {processor.py:161} INFO - Started process (PID=82) to work on /home/airflow/.local/lib/python3.8/site-packages/airflow/example_dags/example_params_ui_tutorial.py
[2025-05-04T23:24:31.544+0000] {processor.py:830} INFO - Processing file /home/airflow/.local/lib/python3.8/site-packages/airflow/example_dags/example_params_ui_tutorial.py for tasks to queue
[2025-05-04T23:24:31.545+0000] {logging_mixin.py:188} INFO - [2025-05-04T23:24:31.545+0000] {dagbag.py:538} INFO - Filling up the DagBag from /home/airflow/.local/lib/python3.8/site-packages/airflow/example_dags/example_params_ui_tutorial.py
[2025-05-04T23:24:31.550+0000] {processor.py:840} INFO - DAG(s) 'example_params_ui_tutorial' retrieved from /home/airflow/.local/lib/python3.8/site-packages/airflow/example_dags/example_params_ui_tutorial.py
[2025-05-04T23:24:31.554+0000] {logging_mixin.py:188} INFO - [2025-05-04T23:24:31.554+0000] {dag.py:3033} INFO - Sync 1 DAGs
[2025-05-04T23:24:31.560+0000] {logging_mixin.py:188} INFO - [2025-05-04T23:24:31.560+0000] {dag.py:3820} INFO - Setting next_dagrun for example_params_ui_tutorial to None, run_after=None
[2025-05-04T23:24:31.566+0000] {processor.py:183} INFO - Processing /home/airflow/.local/lib/python3.8/site-packages/airflow/example_dags/example_params_ui_tutorial.py took 0.024 seconds
[2025-05-04T23:25:02.336+0000] {processor.py:161} INFO - Started process (PID=138) to work on /home/airflow/.local/lib/python3.8/site-packages/airflow/example_dags/example_params_ui_tutorial.py
[2025-05-04T23:25:02.337+0000] {processor.py:830} INFO - Processing file /home/airflow/.local/lib/python3.8/site-packages/airflow/example_dags/example_params_ui_tutorial.py for tasks to queue
[2025-05-04T23:25:02.338+0000] {logging_mixin.py:188} INFO - [2025-05-04T23:25:02.337+0000] {dagbag.py:538} INFO - Filling up the DagBag from /home/airflow/.local/lib/python3.8/site-packages/airflow/example_dags/example_params_ui_tutorial.py
[2025-05-04T23:25:02.343+0000] {processor.py:840} INFO - DAG(s) 'example_params_ui_tutorial' retrieved from /home/airflow/.local/lib/python3.8/site-packages/airflow/example_dags/example_params_ui_tutorial.py
[2025-05-04T23:25:02.404+0000] {logging_mixin.py:188} INFO - [2025-05-04T23:25:02.404+0000] {dag.py:3033} INFO - Sync 1 DAGs
[2025-05-04T23:25:02.409+0000] {logging_mixin.py:188} INFO - [2025-05-04T23:25:02.409+0000] {dag.py:3820} INFO - Setting next_dagrun for example_params_ui_tutorial to None, run_after=None
[2025-05-04T23:25:02.416+0000] {processor.py:183} INFO - Processing /home/airflow/.local/lib/python3.8/site-packages/airflow/example_dags/example_params_ui_tutorial.py took 0.081 seconds
[2025-05-04T23:25:33.053+0000] {processor.py:161} INFO - Started process (PID=193) to work on /home/airflow/.local/lib/python3.8/site-packages/airflow/example_dags/example_params_ui_tutorial.py
[2025-05-04T23:25:33.054+0000] {processor.py:830} INFO - Processing file /home/airflow/.local/lib/python3.8/site-packages/airflow/example_dags/example_params_ui_tutorial.py for tasks to queue
[2025-05-04T23:25:33.055+0000] {logging_mixin.py:188} INFO - [2025-05-04T23:25:33.055+0000] {dagbag.py:538} INFO - Filling up the DagBag from /home/airflow/.local/lib/python3.8/site-packages/airflow/example_dags/example_params_ui_tutorial.py
[2025-05-04T23:25:33.060+0000] {processor.py:840} INFO - DAG(s) 'example_params_ui_tutorial' retrieved from /home/airflow/.local/lib/python3.8/site-packages/airflow/example_dags/example_params_ui_tutorial.py
[2025-05-04T23:25:33.090+0000] {logging_mixin.py:188} INFO - [2025-05-04T23:25:33.088+0000] {dag.py:3033} INFO - Sync 1 DAGs
[2025-05-04T23:25:33.098+0000] {logging_mixin.py:188} INFO - [2025-05-04T23:25:33.098+0000] {dag.py:3820} INFO - Setting next_dagrun for example_params_ui_tutorial to None, run_after=None
[2025-05-04T23:25:33.109+0000] {processor.py:183} INFO - Processing /home/airflow/.local/lib/python3.8/site-packages/airflow/example_dags/example_params_ui_tutorial.py took 0.057 seconds
[2025-05-04T23:26:03.868+0000] {processor.py:161} INFO - Started process (PID=249) to work on /home/airflow/.local/lib/python3.8/site-packages/airflow/example_dags/example_params_ui_tutorial.py
[2025-05-04T23:26:03.870+0000] {processor.py:830} INFO - Processing file /home/airflow/.local/lib/python3.8/site-packages/airflow/example_dags/example_params_ui_tutorial.py for tasks to queue
[2025-05-04T23:26:03.871+0000] {logging_mixin.py:188} INFO - [2025-05-04T23:26:03.871+0000] {dagbag.py:538} INFO - Filling up the DagBag from /home/airflow/.local/lib/python3.8/site-packages/airflow/example_dags/example_params_ui_tutorial.py
[2025-05-04T23:26:03.880+0000] {processor.py:840} INFO - DAG(s) 'example_params_ui_tutorial' retrieved from /home/airflow/.local/lib/python3.8/site-packages/airflow/example_dags/example_params_ui_tutorial.py
[2025-05-04T23:26:03.911+0000] {logging_mixin.py:188} INFO - [2025-05-04T23:26:03.911+0000] {dag.py:3033} INFO - Sync 1 DAGs
[2025-05-04T23:26:03.918+0000] {logging_mixin.py:188} INFO - [2025-05-04T23:26:03.918+0000] {dag.py:3820} INFO - Setting next_dagrun for example_params_ui_tutorial to None, run_after=None
[2025-05-04T23:26:03.935+0000] {processor.py:183} INFO - Processing /home/airflow/.local/lib/python3.8/site-packages/airflow/example_dags/example_params_ui_tutorial.py took 0.069 seconds
[2025-05-04T23:26:34.637+0000] {processor.py:161} INFO - Started process (PID=311) to work on /home/airflow/.local/lib/python3.8/site-packages/airflow/example_dags/example_params_ui_tutorial.py
[2025-05-04T23:26:34.637+0000] {processor.py:830} INFO - Processing file /home/airflow/.local/lib/python3.8/site-packages/airflow/example_dags/example_params_ui_tutorial.py for tasks to queue
[2025-05-04T23:26:34.638+0000] {logging_mixin.py:188} INFO - [2025-05-04T23:26:34.638+0000] {dagbag.py:538} INFO - Filling up the DagBag from /home/airflow/.local/lib/python3.8/site-packages/airflow/example_dags/example_params_ui_tutorial.py
[2025-05-04T23:26:34.644+0000] {processor.py:840} INFO - DAG(s) 'example_params_ui_tutorial' retrieved from /home/airflow/.local/lib/python3.8/site-packages/airflow/example_dags/example_params_ui_tutorial.py
[2025-05-04T23:26:34.670+0000] {logging_mixin.py:188} INFO - [2025-05-04T23:26:34.670+0000] {dag.py:3033} INFO - Sync 1 DAGs
[2025-05-04T23:26:34.677+0000] {logging_mixin.py:188} INFO - [2025-05-04T23:26:34.677+0000] {dag.py:3820} INFO - Setting next_dagrun for example_params_ui_tutorial to None, run_after=None
[2025-05-04T23:26:34.688+0000] {processor.py:183} INFO - Processing /home/airflow/.local/lib/python3.8/site-packages/airflow/example_dags/example_params_ui_tutorial.py took 0.053 seconds
[2025-05-04T23:27:05.344+0000] {processor.py:161} INFO - Started process (PID=367) to work on /home/airflow/.local/lib/python3.8/site-packages/airflow/example_dags/example_params_ui_tutorial.py
[2025-05-04T23:27:05.346+0000] {processor.py:830} INFO - Processing file /home/airflow/.local/lib/python3.8/site-packages/airflow/example_dags/example_params_ui_tutorial.py for tasks to queue
[2025-05-04T23:27:05.347+0000] {logging_mixin.py:188} INFO - [2025-05-04T23:27:05.347+0000] {dagbag.py:538} INFO - Filling up the DagBag from /home/airflow/.local/lib/python3.8/site-packages/airflow/example_dags/example_params_ui_tutorial.py
[2025-05-04T23:27:05.353+0000] {processor.py:840} INFO - DAG(s) 'example_params_ui_tutorial' retrieved from /home/airflow/.local/lib/python3.8/site-packages/airflow/example_dags/example_params_ui_tutorial.py
[2025-05-04T23:27:05.384+0000] {logging_mixin.py:188} INFO - [2025-05-04T23:27:05.384+0000] {dag.py:3033} INFO - Sync 1 DAGs
[2025-05-04T23:27:05.390+0000] {logging_mixin.py:188} INFO - [2025-05-04T23:27:05.389+0000] {dag.py:3820} INFO - Setting next_dagrun for example_params_ui_tutorial to None, run_after=None
[2025-05-04T23:27:05.401+0000] {processor.py:183} INFO - Processing /home/airflow/.local/lib/python3.8/site-packages/airflow/example_dags/example_params_ui_tutorial.py took 0.058 seconds
[2025-05-04T23:27:35.985+0000] {processor.py:161} INFO - Started process (PID=423) to work on /home/airflow/.local/lib/python3.8/site-packages/airflow/example_dags/example_params_ui_tutorial.py
[2025-05-04T23:27:35.986+0000] {processor.py:830} INFO - Processing file /home/airflow/.local/lib/python3.8/site-packages/airflow/example_dags/example_params_ui_tutorial.py for tasks to queue
[2025-05-04T23:27:35.987+0000] {logging_mixin.py:188} INFO - [2025-05-04T23:27:35.987+0000] {dagbag.py:538} INFO - Filling up the DagBag from /home/airflow/.local/lib/python3.8/site-packages/airflow/example_dags/example_params_ui_tutorial.py
[2025-05-04T23:27:35.996+0000] {processor.py:840} INFO - DAG(s) 'example_params_ui_tutorial' retrieved from /home/airflow/.local/lib/python3.8/site-packages/airflow/example_dags/example_params_ui_tutorial.py
[2025-05-04T23:27:36.025+0000] {logging_mixin.py:188} INFO - [2025-05-04T23:27:36.025+0000] {dag.py:3033} INFO - Sync 1 DAGs
[2025-05-04T23:27:36.031+0000] {logging_mixin.py:188} INFO - [2025-05-04T23:27:36.031+0000] {dag.py:3820} INFO - Setting next_dagrun for example_params_ui_tutorial to None, run_after=None
[2025-05-04T23:27:36.039+0000] {processor.py:183} INFO - Processing /home/airflow/.local/lib/python3.8/site-packages/airflow/example_dags/example_params_ui_tutorial.py took 0.055 seconds
[2025-05-04T23:28:24.887+0000] {processor.py:161} INFO - Started process (PID=82) to work on /home/airflow/.local/lib/python3.8/site-packages/airflow/example_dags/example_params_ui_tutorial.py
[2025-05-04T23:28:24.888+0000] {processor.py:830} INFO - Processing file /home/airflow/.local/lib/python3.8/site-packages/airflow/example_dags/example_params_ui_tutorial.py for tasks to queue
[2025-05-04T23:28:24.890+0000] {logging_mixin.py:188} INFO - [2025-05-04T23:28:24.890+0000] {dagbag.py:538} INFO - Filling up the DagBag from /home/airflow/.local/lib/python3.8/site-packages/airflow/example_dags/example_params_ui_tutorial.py
[2025-05-04T23:28:24.896+0000] {processor.py:840} INFO - DAG(s) 'example_params_ui_tutorial' retrieved from /home/airflow/.local/lib/python3.8/site-packages/airflow/example_dags/example_params_ui_tutorial.py
[2025-05-04T23:28:24.902+0000] {logging_mixin.py:188} INFO - [2025-05-04T23:28:24.902+0000] {dag.py:3033} INFO - Sync 1 DAGs
[2025-05-04T23:28:24.908+0000] {logging_mixin.py:188} INFO - [2025-05-04T23:28:24.908+0000] {dag.py:3820} INFO - Setting next_dagrun for example_params_ui_tutorial to None, run_after=None
[2025-05-04T23:28:24.917+0000] {processor.py:183} INFO - Processing /home/airflow/.local/lib/python3.8/site-packages/airflow/example_dags/example_params_ui_tutorial.py took 0.032 seconds
[2025-05-04T23:28:56.174+0000] {processor.py:161} INFO - Started process (PID=138) to work on /home/airflow/.local/lib/python3.8/site-packages/airflow/example_dags/example_params_ui_tutorial.py
[2025-05-04T23:28:56.175+0000] {processor.py:830} INFO - Processing file /home/airflow/.local/lib/python3.8/site-packages/airflow/example_dags/example_params_ui_tutorial.py for tasks to queue
[2025-05-04T23:28:56.176+0000] {logging_mixin.py:188} INFO - [2025-05-04T23:28:56.176+0000] {dagbag.py:538} INFO - Filling up the DagBag from /home/airflow/.local/lib/python3.8/site-packages/airflow/example_dags/example_params_ui_tutorial.py
[2025-05-04T23:28:56.181+0000] {processor.py:840} INFO - DAG(s) 'example_params_ui_tutorial' retrieved from /home/airflow/.local/lib/python3.8/site-packages/airflow/example_dags/example_params_ui_tutorial.py
[2025-05-04T23:28:56.230+0000] {logging_mixin.py:188} INFO - [2025-05-04T23:28:56.230+0000] {dag.py:3033} INFO - Sync 1 DAGs
[2025-05-04T23:28:56.234+0000] {logging_mixin.py:188} INFO - [2025-05-04T23:28:56.234+0000] {dag.py:3820} INFO - Setting next_dagrun for example_params_ui_tutorial to None, run_after=None
[2025-05-04T23:28:56.241+0000] {processor.py:183} INFO - Processing /home/airflow/.local/lib/python3.8/site-packages/airflow/example_dags/example_params_ui_tutorial.py took 0.069 seconds
[2025-05-04T23:29:27.098+0000] {processor.py:161} INFO - Started process (PID=194) to work on /home/airflow/.local/lib/python3.8/site-packages/airflow/example_dags/example_params_ui_tutorial.py
[2025-05-04T23:29:27.100+0000] {processor.py:830} INFO - Processing file /home/airflow/.local/lib/python3.8/site-packages/airflow/example_dags/example_params_ui_tutorial.py for tasks to queue
[2025-05-04T23:29:27.101+0000] {logging_mixin.py:188} INFO - [2025-05-04T23:29:27.101+0000] {dagbag.py:538} INFO - Filling up the DagBag from /home/airflow/.local/lib/python3.8/site-packages/airflow/example_dags/example_params_ui_tutorial.py
[2025-05-04T23:29:27.107+0000] {processor.py:840} INFO - DAG(s) 'example_params_ui_tutorial' retrieved from /home/airflow/.local/lib/python3.8/site-packages/airflow/example_dags/example_params_ui_tutorial.py
[2025-05-04T23:29:27.130+0000] {logging_mixin.py:188} INFO - [2025-05-04T23:29:27.130+0000] {dag.py:3033} INFO - Sync 1 DAGs
[2025-05-04T23:29:27.135+0000] {logging_mixin.py:188} INFO - [2025-05-04T23:29:27.135+0000] {dag.py:3820} INFO - Setting next_dagrun for example_params_ui_tutorial to None, run_after=None
[2025-05-04T23:29:27.142+0000] {processor.py:183} INFO - Processing /home/airflow/.local/lib/python3.8/site-packages/airflow/example_dags/example_params_ui_tutorial.py took 0.046 seconds
[2025-05-04T23:29:57.796+0000] {processor.py:161} INFO - Started process (PID=256) to work on /home/airflow/.local/lib/python3.8/site-packages/airflow/example_dags/example_params_ui_tutorial.py
[2025-05-04T23:29:57.796+0000] {processor.py:830} INFO - Processing file /home/airflow/.local/lib/python3.8/site-packages/airflow/example_dags/example_params_ui_tutorial.py for tasks to queue
[2025-05-04T23:29:57.797+0000] {logging_mixin.py:188} INFO - [2025-05-04T23:29:57.797+0000] {dagbag.py:538} INFO - Filling up the DagBag from /home/airflow/.local/lib/python3.8/site-packages/airflow/example_dags/example_params_ui_tutorial.py
[2025-05-04T23:29:57.802+0000] {processor.py:840} INFO - DAG(s) 'example_params_ui_tutorial' retrieved from /home/airflow/.local/lib/python3.8/site-packages/airflow/example_dags/example_params_ui_tutorial.py
[2025-05-04T23:29:57.823+0000] {logging_mixin.py:188} INFO - [2025-05-04T23:29:57.822+0000] {dag.py:3033} INFO - Sync 1 DAGs
[2025-05-04T23:29:57.827+0000] {logging_mixin.py:188} INFO - [2025-05-04T23:29:57.827+0000] {dag.py:3820} INFO - Setting next_dagrun for example_params_ui_tutorial to None, run_after=None
[2025-05-04T23:29:57.833+0000] {processor.py:183} INFO - Processing /home/airflow/.local/lib/python3.8/site-packages/airflow/example_dags/example_params_ui_tutorial.py took 0.039 seconds
[2025-05-04T23:30:28.579+0000] {processor.py:161} INFO - Started process (PID=312) to work on /home/airflow/.local/lib/python3.8/site-packages/airflow/example_dags/example_params_ui_tutorial.py
[2025-05-04T23:30:28.579+0000] {processor.py:830} INFO - Processing file /home/airflow/.local/lib/python3.8/site-packages/airflow/example_dags/example_params_ui_tutorial.py for tasks to queue
[2025-05-04T23:30:28.580+0000] {logging_mixin.py:188} INFO - [2025-05-04T23:30:28.580+0000] {dagbag.py:538} INFO - Filling up the DagBag from /home/airflow/.local/lib/python3.8/site-packages/airflow/example_dags/example_params_ui_tutorial.py
[2025-05-04T23:30:28.587+0000] {processor.py:840} INFO - DAG(s) 'example_params_ui_tutorial' retrieved from /home/airflow/.local/lib/python3.8/site-packages/airflow/example_dags/example_params_ui_tutorial.py
[2025-05-04T23:30:28.611+0000] {logging_mixin.py:188} INFO - [2025-05-04T23:30:28.611+0000] {dag.py:3033} INFO - Sync 1 DAGs
[2025-05-04T23:30:28.616+0000] {logging_mixin.py:188} INFO - [2025-05-04T23:30:28.616+0000] {dag.py:3820} INFO - Setting next_dagrun for example_params_ui_tutorial to None, run_after=None
[2025-05-04T23:30:28.624+0000] {processor.py:183} INFO - Processing /home/airflow/.local/lib/python3.8/site-packages/airflow/example_dags/example_params_ui_tutorial.py took 0.047 seconds
[2025-05-04T23:30:59.117+0000] {processor.py:161} INFO - Started process (PID=367) to work on /home/airflow/.local/lib/python3.8/site-packages/airflow/example_dags/example_params_ui_tutorial.py
[2025-05-04T23:30:59.118+0000] {processor.py:830} INFO - Processing file /home/airflow/.local/lib/python3.8/site-packages/airflow/example_dags/example_params_ui_tutorial.py for tasks to queue
[2025-05-04T23:30:59.119+0000] {logging_mixin.py:188} INFO - [2025-05-04T23:30:59.119+0000] {dagbag.py:538} INFO - Filling up the DagBag from /home/airflow/.local/lib/python3.8/site-packages/airflow/example_dags/example_params_ui_tutorial.py
[2025-05-04T23:30:59.124+0000] {processor.py:840} INFO - DAG(s) 'example_params_ui_tutorial' retrieved from /home/airflow/.local/lib/python3.8/site-packages/airflow/example_dags/example_params_ui_tutorial.py
[2025-05-04T23:30:59.147+0000] {logging_mixin.py:188} INFO - [2025-05-04T23:30:59.147+0000] {dag.py:3033} INFO - Sync 1 DAGs
[2025-05-04T23:30:59.152+0000] {logging_mixin.py:188} INFO - [2025-05-04T23:30:59.152+0000] {dag.py:3820} INFO - Setting next_dagrun for example_params_ui_tutorial to None, run_after=None
[2025-05-04T23:30:59.159+0000] {processor.py:183} INFO - Processing /home/airflow/.local/lib/python3.8/site-packages/airflow/example_dags/example_params_ui_tutorial.py took 0.043 seconds
[2025-05-04T23:31:29.855+0000] {processor.py:161} INFO - Started process (PID=423) to work on /home/airflow/.local/lib/python3.8/site-packages/airflow/example_dags/example_params_ui_tutorial.py
[2025-05-04T23:31:29.856+0000] {processor.py:830} INFO - Processing file /home/airflow/.local/lib/python3.8/site-packages/airflow/example_dags/example_params_ui_tutorial.py for tasks to queue
[2025-05-04T23:31:29.858+0000] {logging_mixin.py:188} INFO - [2025-05-04T23:31:29.858+0000] {dagbag.py:538} INFO - Filling up the DagBag from /home/airflow/.local/lib/python3.8/site-packages/airflow/example_dags/example_params_ui_tutorial.py
[2025-05-04T23:31:29.864+0000] {processor.py:840} INFO - DAG(s) 'example_params_ui_tutorial' retrieved from /home/airflow/.local/lib/python3.8/site-packages/airflow/example_dags/example_params_ui_tutorial.py
[2025-05-04T23:31:29.896+0000] {logging_mixin.py:188} INFO - [2025-05-04T23:31:29.895+0000] {dag.py:3033} INFO - Sync 1 DAGs
[2025-05-04T23:31:29.902+0000] {logging_mixin.py:188} INFO - [2025-05-04T23:31:29.902+0000] {dag.py:3820} INFO - Setting next_dagrun for example_params_ui_tutorial to None, run_after=None
[2025-05-04T23:31:29.910+0000] {processor.py:183} INFO - Processing /home/airflow/.local/lib/python3.8/site-packages/airflow/example_dags/example_params_ui_tutorial.py took 0.057 seconds
[2025-05-04T23:32:00.550+0000] {processor.py:161} INFO - Started process (PID=479) to work on /home/airflow/.local/lib/python3.8/site-packages/airflow/example_dags/example_params_ui_tutorial.py
[2025-05-04T23:32:00.551+0000] {processor.py:830} INFO - Processing file /home/airflow/.local/lib/python3.8/site-packages/airflow/example_dags/example_params_ui_tutorial.py for tasks to queue
[2025-05-04T23:32:00.552+0000] {logging_mixin.py:188} INFO - [2025-05-04T23:32:00.552+0000] {dagbag.py:538} INFO - Filling up the DagBag from /home/airflow/.local/lib/python3.8/site-packages/airflow/example_dags/example_params_ui_tutorial.py
[2025-05-04T23:32:00.559+0000] {processor.py:840} INFO - DAG(s) 'example_params_ui_tutorial' retrieved from /home/airflow/.local/lib/python3.8/site-packages/airflow/example_dags/example_params_ui_tutorial.py
[2025-05-04T23:32:00.582+0000] {logging_mixin.py:188} INFO - [2025-05-04T23:32:00.582+0000] {dag.py:3033} INFO - Sync 1 DAGs
[2025-05-04T23:32:00.587+0000] {logging_mixin.py:188} INFO - [2025-05-04T23:32:00.587+0000] {dag.py:3820} INFO - Setting next_dagrun for example_params_ui_tutorial to None, run_after=None
[2025-05-04T23:32:00.595+0000] {processor.py:183} INFO - Processing /home/airflow/.local/lib/python3.8/site-packages/airflow/example_dags/example_params_ui_tutorial.py took 0.046 seconds
[2025-05-04T23:32:31.250+0000] {processor.py:161} INFO - Started process (PID=535) to work on /home/airflow/.local/lib/python3.8/site-packages/airflow/example_dags/example_params_ui_tutorial.py
[2025-05-04T23:32:31.251+0000] {processor.py:830} INFO - Processing file /home/airflow/.local/lib/python3.8/site-packages/airflow/example_dags/example_params_ui_tutorial.py for tasks to queue
[2025-05-04T23:32:31.253+0000] {logging_mixin.py:188} INFO - [2025-05-04T23:32:31.253+0000] {dagbag.py:538} INFO - Filling up the DagBag from /home/airflow/.local/lib/python3.8/site-packages/airflow/example_dags/example_params_ui_tutorial.py
[2025-05-04T23:32:31.258+0000] {processor.py:840} INFO - DAG(s) 'example_params_ui_tutorial' retrieved from /home/airflow/.local/lib/python3.8/site-packages/airflow/example_dags/example_params_ui_tutorial.py
[2025-05-04T23:32:31.284+0000] {logging_mixin.py:188} INFO - [2025-05-04T23:32:31.284+0000] {dag.py:3033} INFO - Sync 1 DAGs
[2025-05-04T23:32:31.290+0000] {logging_mixin.py:188} INFO - [2025-05-04T23:32:31.290+0000] {dag.py:3820} INFO - Setting next_dagrun for example_params_ui_tutorial to None, run_after=None
[2025-05-04T23:32:31.298+0000] {processor.py:183} INFO - Processing /home/airflow/.local/lib/python3.8/site-packages/airflow/example_dags/example_params_ui_tutorial.py took 0.049 seconds
[2025-05-04T23:47:23.323+0000] {processor.py:161} INFO - Started process (PID=82) to work on /home/airflow/.local/lib/python3.8/site-packages/airflow/example_dags/example_params_ui_tutorial.py
[2025-05-04T23:47:23.324+0000] {processor.py:830} INFO - Processing file /home/airflow/.local/lib/python3.8/site-packages/airflow/example_dags/example_params_ui_tutorial.py for tasks to queue
[2025-05-04T23:47:23.326+0000] {logging_mixin.py:188} INFO - [2025-05-04T23:47:23.326+0000] {dagbag.py:538} INFO - Filling up the DagBag from /home/airflow/.local/lib/python3.8/site-packages/airflow/example_dags/example_params_ui_tutorial.py
[2025-05-04T23:47:23.331+0000] {processor.py:840} INFO - DAG(s) 'example_params_ui_tutorial' retrieved from /home/airflow/.local/lib/python3.8/site-packages/airflow/example_dags/example_params_ui_tutorial.py
[2025-05-04T23:47:23.336+0000] {logging_mixin.py:188} INFO - [2025-05-04T23:47:23.336+0000] {dag.py:3033} INFO - Sync 1 DAGs
[2025-05-04T23:47:23.342+0000] {logging_mixin.py:188} INFO - [2025-05-04T23:47:23.342+0000] {dag.py:3820} INFO - Setting next_dagrun for example_params_ui_tutorial to None, run_after=None
[2025-05-04T23:47:23.353+0000] {processor.py:183} INFO - Processing /home/airflow/.local/lib/python3.8/site-packages/airflow/example_dags/example_params_ui_tutorial.py took 0.032 seconds
[2025-05-04T23:47:53.592+0000] {processor.py:161} INFO - Started process (PID=138) to work on /home/airflow/.local/lib/python3.8/site-packages/airflow/example_dags/example_params_ui_tutorial.py
[2025-05-04T23:47:53.593+0000] {processor.py:830} INFO - Processing file /home/airflow/.local/lib/python3.8/site-packages/airflow/example_dags/example_params_ui_tutorial.py for tasks to queue
[2025-05-04T23:47:53.594+0000] {logging_mixin.py:188} INFO - [2025-05-04T23:47:53.594+0000] {dagbag.py:538} INFO - Filling up the DagBag from /home/airflow/.local/lib/python3.8/site-packages/airflow/example_dags/example_params_ui_tutorial.py
[2025-05-04T23:47:53.599+0000] {processor.py:840} INFO - DAG(s) 'example_params_ui_tutorial' retrieved from /home/airflow/.local/lib/python3.8/site-packages/airflow/example_dags/example_params_ui_tutorial.py
[2025-05-04T23:47:53.648+0000] {logging_mixin.py:188} INFO - [2025-05-04T23:47:53.648+0000] {dag.py:3033} INFO - Sync 1 DAGs
[2025-05-04T23:47:53.652+0000] {logging_mixin.py:188} INFO - [2025-05-04T23:47:53.652+0000] {dag.py:3820} INFO - Setting next_dagrun for example_params_ui_tutorial to None, run_after=None
[2025-05-04T23:47:53.659+0000] {processor.py:183} INFO - Processing /home/airflow/.local/lib/python3.8/site-packages/airflow/example_dags/example_params_ui_tutorial.py took 0.068 seconds
[2025-05-04T23:48:24.417+0000] {processor.py:161} INFO - Started process (PID=194) to work on /home/airflow/.local/lib/python3.8/site-packages/airflow/example_dags/example_params_ui_tutorial.py
[2025-05-04T23:48:24.419+0000] {processor.py:830} INFO - Processing file /home/airflow/.local/lib/python3.8/site-packages/airflow/example_dags/example_params_ui_tutorial.py for tasks to queue
[2025-05-04T23:48:24.420+0000] {logging_mixin.py:188} INFO - [2025-05-04T23:48:24.420+0000] {dagbag.py:538} INFO - Filling up the DagBag from /home/airflow/.local/lib/python3.8/site-packages/airflow/example_dags/example_params_ui_tutorial.py
[2025-05-04T23:48:24.426+0000] {processor.py:840} INFO - DAG(s) 'example_params_ui_tutorial' retrieved from /home/airflow/.local/lib/python3.8/site-packages/airflow/example_dags/example_params_ui_tutorial.py
[2025-05-04T23:48:24.456+0000] {logging_mixin.py:188} INFO - [2025-05-04T23:48:24.456+0000] {dag.py:3033} INFO - Sync 1 DAGs
[2025-05-04T23:48:24.462+0000] {logging_mixin.py:188} INFO - [2025-05-04T23:48:24.462+0000] {dag.py:3820} INFO - Setting next_dagrun for example_params_ui_tutorial to None, run_after=None
[2025-05-04T23:48:24.469+0000] {processor.py:183} INFO - Processing /home/airflow/.local/lib/python3.8/site-packages/airflow/example_dags/example_params_ui_tutorial.py took 0.054 seconds
[2025-05-04T23:48:55.014+0000] {processor.py:161} INFO - Started process (PID=250) to work on /home/airflow/.local/lib/python3.8/site-packages/airflow/example_dags/example_params_ui_tutorial.py
[2025-05-04T23:48:55.015+0000] {processor.py:830} INFO - Processing file /home/airflow/.local/lib/python3.8/site-packages/airflow/example_dags/example_params_ui_tutorial.py for tasks to queue
[2025-05-04T23:48:55.016+0000] {logging_mixin.py:188} INFO - [2025-05-04T23:48:55.016+0000] {dagbag.py:538} INFO - Filling up the DagBag from /home/airflow/.local/lib/python3.8/site-packages/airflow/example_dags/example_params_ui_tutorial.py
[2025-05-04T23:48:55.020+0000] {processor.py:840} INFO - DAG(s) 'example_params_ui_tutorial' retrieved from /home/airflow/.local/lib/python3.8/site-packages/airflow/example_dags/example_params_ui_tutorial.py
[2025-05-04T23:48:55.041+0000] {logging_mixin.py:188} INFO - [2025-05-04T23:48:55.041+0000] {dag.py:3033} INFO - Sync 1 DAGs
[2025-05-04T23:48:55.045+0000] {logging_mixin.py:188} INFO - [2025-05-04T23:48:55.045+0000] {dag.py:3820} INFO - Setting next_dagrun for example_params_ui_tutorial to None, run_after=None
[2025-05-04T23:48:55.051+0000] {processor.py:183} INFO - Processing /home/airflow/.local/lib/python3.8/site-packages/airflow/example_dags/example_params_ui_tutorial.py took 0.038 seconds
[2025-05-04T23:49:25.766+0000] {processor.py:161} INFO - Started process (PID=306) to work on /home/airflow/.local/lib/python3.8/site-packages/airflow/example_dags/example_params_ui_tutorial.py
[2025-05-04T23:49:25.767+0000] {processor.py:830} INFO - Processing file /home/airflow/.local/lib/python3.8/site-packages/airflow/example_dags/example_params_ui_tutorial.py for tasks to queue
[2025-05-04T23:49:25.768+0000] {logging_mixin.py:188} INFO - [2025-05-04T23:49:25.768+0000] {dagbag.py:538} INFO - Filling up the DagBag from /home/airflow/.local/lib/python3.8/site-packages/airflow/example_dags/example_params_ui_tutorial.py
[2025-05-04T23:49:25.773+0000] {processor.py:840} INFO - DAG(s) 'example_params_ui_tutorial' retrieved from /home/airflow/.local/lib/python3.8/site-packages/airflow/example_dags/example_params_ui_tutorial.py
[2025-05-04T23:49:25.796+0000] {logging_mixin.py:188} INFO - [2025-05-04T23:49:25.796+0000] {dag.py:3033} INFO - Sync 1 DAGs
[2025-05-04T23:49:25.800+0000] {logging_mixin.py:188} INFO - [2025-05-04T23:49:25.800+0000] {dag.py:3820} INFO - Setting next_dagrun for example_params_ui_tutorial to None, run_after=None
[2025-05-04T23:49:25.807+0000] {processor.py:183} INFO - Processing /home/airflow/.local/lib/python3.8/site-packages/airflow/example_dags/example_params_ui_tutorial.py took 0.042 seconds
[2025-05-04T23:49:56.499+0000] {processor.py:161} INFO - Started process (PID=362) to work on /home/airflow/.local/lib/python3.8/site-packages/airflow/example_dags/example_params_ui_tutorial.py
[2025-05-04T23:49:56.500+0000] {processor.py:830} INFO - Processing file /home/airflow/.local/lib/python3.8/site-packages/airflow/example_dags/example_params_ui_tutorial.py for tasks to queue
[2025-05-04T23:49:56.500+0000] {logging_mixin.py:188} INFO - [2025-05-04T23:49:56.500+0000] {dagbag.py:538} INFO - Filling up the DagBag from /home/airflow/.local/lib/python3.8/site-packages/airflow/example_dags/example_params_ui_tutorial.py
[2025-05-04T23:49:56.505+0000] {processor.py:840} INFO - DAG(s) 'example_params_ui_tutorial' retrieved from /home/airflow/.local/lib/python3.8/site-packages/airflow/example_dags/example_params_ui_tutorial.py
[2025-05-04T23:49:56.526+0000] {logging_mixin.py:188} INFO - [2025-05-04T23:49:56.526+0000] {dag.py:3033} INFO - Sync 1 DAGs
[2025-05-04T23:49:56.531+0000] {logging_mixin.py:188} INFO - [2025-05-04T23:49:56.531+0000] {dag.py:3820} INFO - Setting next_dagrun for example_params_ui_tutorial to None, run_after=None
[2025-05-04T23:49:56.536+0000] {processor.py:183} INFO - Processing /home/airflow/.local/lib/python3.8/site-packages/airflow/example_dags/example_params_ui_tutorial.py took 0.038 seconds
