[2025-05-04T22:22:10.207+0000] {processor.py:161} INFO - Started process (PID=52) to work on /home/airflow/.local/lib/python3.8/site-packages/airflow/example_dags/example_task_group_decorator.py
[2025-05-04T22:22:10.211+0000] {processor.py:830} INFO - Processing file /home/airflow/.local/lib/python3.8/site-packages/airflow/example_dags/example_task_group_decorator.py for tasks to queue
[2025-05-04T22:22:10.213+0000] {logging_mixin.py:188} INFO - [2025-05-04T22:22:10.212+0000] {dagbag.py:538} INFO - Filling up the DagBag from /home/airflow/.local/lib/python3.8/site-packages/airflow/example_dags/example_task_group_decorator.py
[2025-05-04T22:22:10.223+0000] {processor.py:840} INFO - DAG(s) 'example_task_group_decorator' retrieved from /home/airflow/.local/lib/python3.8/site-packages/airflow/example_dags/example_task_group_decorator.py
[2025-05-04T22:22:10.237+0000] {logging_mixin.py:188} INFO - [2025-05-04T22:22:10.236+0000] {dag.py:3033} INFO - Sync 1 DAGs
[2025-05-04T22:22:10.258+0000] {logging_mixin.py:188} INFO - [2025-05-04T22:22:10.257+0000] {dag.py:3820} INFO - Setting next_dagrun for example_task_group_decorator to 2025-05-03T00:00:00+00:00, run_after=2025-05-04T00:00:00+00:00
[2025-05-04T22:22:10.281+0000] {processor.py:183} INFO - Processing /home/airflow/.local/lib/python3.8/site-packages/airflow/example_dags/example_task_group_decorator.py took 0.078 seconds
[2025-05-04T22:22:40.767+0000] {processor.py:161} INFO - Started process (PID=107) to work on /home/airflow/.local/lib/python3.8/site-packages/airflow/example_dags/example_task_group_decorator.py
[2025-05-04T22:22:40.768+0000] {processor.py:830} INFO - Processing file /home/airflow/.local/lib/python3.8/site-packages/airflow/example_dags/example_task_group_decorator.py for tasks to queue
[2025-05-04T22:22:40.769+0000] {logging_mixin.py:188} INFO - [2025-05-04T22:22:40.769+0000] {dagbag.py:538} INFO - Filling up the DagBag from /home/airflow/.local/lib/python3.8/site-packages/airflow/example_dags/example_task_group_decorator.py
[2025-05-04T22:22:40.776+0000] {processor.py:840} INFO - DAG(s) 'example_task_group_decorator' retrieved from /home/airflow/.local/lib/python3.8/site-packages/airflow/example_dags/example_task_group_decorator.py
[2025-05-04T22:22:40.836+0000] {logging_mixin.py:188} INFO - [2025-05-04T22:22:40.835+0000] {dag.py:3033} INFO - Sync 1 DAGs
[2025-05-04T22:22:40.844+0000] {logging_mixin.py:188} INFO - [2025-05-04T22:22:40.844+0000] {dag.py:3820} INFO - Setting next_dagrun for example_task_group_decorator to 2025-05-03T00:00:00+00:00, run_after=2025-05-04T00:00:00+00:00
[2025-05-04T22:22:40.852+0000] {processor.py:183} INFO - Processing /home/airflow/.local/lib/python3.8/site-packages/airflow/example_dags/example_task_group_decorator.py took 0.088 seconds
[2025-05-04T22:23:10.869+0000] {processor.py:161} INFO - Started process (PID=162) to work on /home/airflow/.local/lib/python3.8/site-packages/airflow/example_dags/example_task_group_decorator.py
[2025-05-04T22:23:10.870+0000] {processor.py:830} INFO - Processing file /home/airflow/.local/lib/python3.8/site-packages/airflow/example_dags/example_task_group_decorator.py for tasks to queue
[2025-05-04T22:23:10.871+0000] {logging_mixin.py:188} INFO - [2025-05-04T22:23:10.871+0000] {dagbag.py:538} INFO - Filling up the DagBag from /home/airflow/.local/lib/python3.8/site-packages/airflow/example_dags/example_task_group_decorator.py
[2025-05-04T22:23:10.881+0000] {processor.py:840} INFO - DAG(s) 'example_task_group_decorator' retrieved from /home/airflow/.local/lib/python3.8/site-packages/airflow/example_dags/example_task_group_decorator.py
[2025-05-04T22:23:10.896+0000] {logging_mixin.py:188} INFO - [2025-05-04T22:23:10.896+0000] {dag.py:3033} INFO - Sync 1 DAGs
[2025-05-04T22:23:10.909+0000] {logging_mixin.py:188} INFO - [2025-05-04T22:23:10.909+0000] {dag.py:3820} INFO - Setting next_dagrun for example_task_group_decorator to 2025-05-03T00:00:00+00:00, run_after=2025-05-04T00:00:00+00:00
[2025-05-04T22:23:10.920+0000] {processor.py:183} INFO - Processing /home/airflow/.local/lib/python3.8/site-packages/airflow/example_dags/example_task_group_decorator.py took 0.052 seconds
[2025-05-04T22:23:41.445+0000] {processor.py:161} INFO - Started process (PID=217) to work on /home/airflow/.local/lib/python3.8/site-packages/airflow/example_dags/example_task_group_decorator.py
[2025-05-04T22:23:41.445+0000] {processor.py:830} INFO - Processing file /home/airflow/.local/lib/python3.8/site-packages/airflow/example_dags/example_task_group_decorator.py for tasks to queue
[2025-05-04T22:23:41.447+0000] {logging_mixin.py:188} INFO - [2025-05-04T22:23:41.447+0000] {dagbag.py:538} INFO - Filling up the DagBag from /home/airflow/.local/lib/python3.8/site-packages/airflow/example_dags/example_task_group_decorator.py
[2025-05-04T22:23:41.456+0000] {processor.py:840} INFO - DAG(s) 'example_task_group_decorator' retrieved from /home/airflow/.local/lib/python3.8/site-packages/airflow/example_dags/example_task_group_decorator.py
[2025-05-04T22:23:41.466+0000] {logging_mixin.py:188} INFO - [2025-05-04T22:23:41.465+0000] {dag.py:3033} INFO - Sync 1 DAGs
[2025-05-04T22:23:41.474+0000] {logging_mixin.py:188} INFO - [2025-05-04T22:23:41.474+0000] {dag.py:3820} INFO - Setting next_dagrun for example_task_group_decorator to 2025-05-03T00:00:00+00:00, run_after=2025-05-04T00:00:00+00:00
[2025-05-04T22:23:41.481+0000] {processor.py:183} INFO - Processing /home/airflow/.local/lib/python3.8/site-packages/airflow/example_dags/example_task_group_decorator.py took 0.038 seconds
[2025-05-04T22:24:12.048+0000] {processor.py:161} INFO - Started process (PID=272) to work on /home/airflow/.local/lib/python3.8/site-packages/airflow/example_dags/example_task_group_decorator.py
[2025-05-04T22:24:12.049+0000] {processor.py:830} INFO - Processing file /home/airflow/.local/lib/python3.8/site-packages/airflow/example_dags/example_task_group_decorator.py for tasks to queue
[2025-05-04T22:24:12.050+0000] {logging_mixin.py:188} INFO - [2025-05-04T22:24:12.050+0000] {dagbag.py:538} INFO - Filling up the DagBag from /home/airflow/.local/lib/python3.8/site-packages/airflow/example_dags/example_task_group_decorator.py
[2025-05-04T22:24:12.058+0000] {processor.py:840} INFO - DAG(s) 'example_task_group_decorator' retrieved from /home/airflow/.local/lib/python3.8/site-packages/airflow/example_dags/example_task_group_decorator.py
[2025-05-04T22:24:12.068+0000] {logging_mixin.py:188} INFO - [2025-05-04T22:24:12.068+0000] {dag.py:3033} INFO - Sync 1 DAGs
[2025-05-04T22:24:12.076+0000] {logging_mixin.py:188} INFO - [2025-05-04T22:24:12.076+0000] {dag.py:3820} INFO - Setting next_dagrun for example_task_group_decorator to 2025-05-03T00:00:00+00:00, run_after=2025-05-04T00:00:00+00:00
[2025-05-04T22:24:12.082+0000] {processor.py:183} INFO - Processing /home/airflow/.local/lib/python3.8/site-packages/airflow/example_dags/example_task_group_decorator.py took 0.036 seconds
[2025-05-04T22:24:42.594+0000] {processor.py:161} INFO - Started process (PID=327) to work on /home/airflow/.local/lib/python3.8/site-packages/airflow/example_dags/example_task_group_decorator.py
[2025-05-04T22:24:42.594+0000] {processor.py:830} INFO - Processing file /home/airflow/.local/lib/python3.8/site-packages/airflow/example_dags/example_task_group_decorator.py for tasks to queue
[2025-05-04T22:24:42.595+0000] {logging_mixin.py:188} INFO - [2025-05-04T22:24:42.595+0000] {dagbag.py:538} INFO - Filling up the DagBag from /home/airflow/.local/lib/python3.8/site-packages/airflow/example_dags/example_task_group_decorator.py
[2025-05-04T22:24:42.601+0000] {processor.py:840} INFO - DAG(s) 'example_task_group_decorator' retrieved from /home/airflow/.local/lib/python3.8/site-packages/airflow/example_dags/example_task_group_decorator.py
[2025-05-04T22:24:42.611+0000] {logging_mixin.py:188} INFO - [2025-05-04T22:24:42.611+0000] {dag.py:3033} INFO - Sync 1 DAGs
[2025-05-04T22:24:42.621+0000] {logging_mixin.py:188} INFO - [2025-05-04T22:24:42.621+0000] {dag.py:3820} INFO - Setting next_dagrun for example_task_group_decorator to 2025-05-03T00:00:00+00:00, run_after=2025-05-04T00:00:00+00:00
[2025-05-04T22:24:42.631+0000] {processor.py:183} INFO - Processing /home/airflow/.local/lib/python3.8/site-packages/airflow/example_dags/example_task_group_decorator.py took 0.039 seconds
[2025-05-04T22:25:28.630+0000] {processor.py:161} INFO - Started process (PID=53) to work on /home/airflow/.local/lib/python3.8/site-packages/airflow/example_dags/example_task_group_decorator.py
[2025-05-04T22:25:28.633+0000] {processor.py:830} INFO - Processing file /home/airflow/.local/lib/python3.8/site-packages/airflow/example_dags/example_task_group_decorator.py for tasks to queue
[2025-05-04T22:25:28.636+0000] {logging_mixin.py:188} INFO - [2025-05-04T22:25:28.636+0000] {dagbag.py:538} INFO - Filling up the DagBag from /home/airflow/.local/lib/python3.8/site-packages/airflow/example_dags/example_task_group_decorator.py
[2025-05-04T22:25:28.646+0000] {processor.py:840} INFO - DAG(s) 'example_task_group_decorator' retrieved from /home/airflow/.local/lib/python3.8/site-packages/airflow/example_dags/example_task_group_decorator.py
[2025-05-04T22:25:28.658+0000] {logging_mixin.py:188} INFO - [2025-05-04T22:25:28.657+0000] {dag.py:3033} INFO - Sync 1 DAGs
[2025-05-04T22:25:28.687+0000] {logging_mixin.py:188} INFO - [2025-05-04T22:25:28.687+0000] {dag.py:3820} INFO - Setting next_dagrun for example_task_group_decorator to 2025-05-03T00:00:00+00:00, run_after=2025-05-04T00:00:00+00:00
[2025-05-04T22:25:28.711+0000] {processor.py:183} INFO - Processing /home/airflow/.local/lib/python3.8/site-packages/airflow/example_dags/example_task_group_decorator.py took 0.085 seconds
[2025-05-04T22:25:59.163+0000] {processor.py:161} INFO - Started process (PID=109) to work on /home/airflow/.local/lib/python3.8/site-packages/airflow/example_dags/example_task_group_decorator.py
[2025-05-04T22:25:59.163+0000] {processor.py:830} INFO - Processing file /home/airflow/.local/lib/python3.8/site-packages/airflow/example_dags/example_task_group_decorator.py for tasks to queue
[2025-05-04T22:25:59.164+0000] {logging_mixin.py:188} INFO - [2025-05-04T22:25:59.164+0000] {dagbag.py:538} INFO - Filling up the DagBag from /home/airflow/.local/lib/python3.8/site-packages/airflow/example_dags/example_task_group_decorator.py
[2025-05-04T22:25:59.170+0000] {processor.py:840} INFO - DAG(s) 'example_task_group_decorator' retrieved from /home/airflow/.local/lib/python3.8/site-packages/airflow/example_dags/example_task_group_decorator.py
[2025-05-04T22:25:59.214+0000] {logging_mixin.py:188} INFO - [2025-05-04T22:25:59.214+0000] {dag.py:3033} INFO - Sync 1 DAGs
[2025-05-04T22:25:59.224+0000] {logging_mixin.py:188} INFO - [2025-05-04T22:25:59.224+0000] {dag.py:3820} INFO - Setting next_dagrun for example_task_group_decorator to 2025-05-03T00:00:00+00:00, run_after=2025-05-04T00:00:00+00:00
[2025-05-04T22:25:59.236+0000] {processor.py:183} INFO - Processing /home/airflow/.local/lib/python3.8/site-packages/airflow/example_dags/example_task_group_decorator.py took 0.074 seconds
[2025-05-04T22:26:29.361+0000] {processor.py:161} INFO - Started process (PID=165) to work on /home/airflow/.local/lib/python3.8/site-packages/airflow/example_dags/example_task_group_decorator.py
[2025-05-04T22:26:29.361+0000] {processor.py:830} INFO - Processing file /home/airflow/.local/lib/python3.8/site-packages/airflow/example_dags/example_task_group_decorator.py for tasks to queue
[2025-05-04T22:26:29.362+0000] {logging_mixin.py:188} INFO - [2025-05-04T22:26:29.362+0000] {dagbag.py:538} INFO - Filling up the DagBag from /home/airflow/.local/lib/python3.8/site-packages/airflow/example_dags/example_task_group_decorator.py
[2025-05-04T22:26:29.368+0000] {processor.py:840} INFO - DAG(s) 'example_task_group_decorator' retrieved from /home/airflow/.local/lib/python3.8/site-packages/airflow/example_dags/example_task_group_decorator.py
[2025-05-04T22:26:29.379+0000] {logging_mixin.py:188} INFO - [2025-05-04T22:26:29.378+0000] {dag.py:3033} INFO - Sync 1 DAGs
[2025-05-04T22:26:29.387+0000] {logging_mixin.py:188} INFO - [2025-05-04T22:26:29.387+0000] {dag.py:3820} INFO - Setting next_dagrun for example_task_group_decorator to 2025-05-03T00:00:00+00:00, run_after=2025-05-04T00:00:00+00:00
[2025-05-04T22:26:29.393+0000] {processor.py:183} INFO - Processing /home/airflow/.local/lib/python3.8/site-packages/airflow/example_dags/example_task_group_decorator.py took 0.034 seconds
[2025-05-04T22:27:00.054+0000] {processor.py:161} INFO - Started process (PID=225) to work on /home/airflow/.local/lib/python3.8/site-packages/airflow/example_dags/example_task_group_decorator.py
[2025-05-04T22:27:00.055+0000] {processor.py:830} INFO - Processing file /home/airflow/.local/lib/python3.8/site-packages/airflow/example_dags/example_task_group_decorator.py for tasks to queue
[2025-05-04T22:27:00.056+0000] {logging_mixin.py:188} INFO - [2025-05-04T22:27:00.056+0000] {dagbag.py:538} INFO - Filling up the DagBag from /home/airflow/.local/lib/python3.8/site-packages/airflow/example_dags/example_task_group_decorator.py
[2025-05-04T22:27:00.065+0000] {processor.py:840} INFO - DAG(s) 'example_task_group_decorator' retrieved from /home/airflow/.local/lib/python3.8/site-packages/airflow/example_dags/example_task_group_decorator.py
[2025-05-04T22:27:00.079+0000] {logging_mixin.py:188} INFO - [2025-05-04T22:27:00.079+0000] {dag.py:3033} INFO - Sync 1 DAGs
[2025-05-04T22:27:00.090+0000] {logging_mixin.py:188} INFO - [2025-05-04T22:27:00.090+0000] {dag.py:3820} INFO - Setting next_dagrun for example_task_group_decorator to 2025-05-03T00:00:00+00:00, run_after=2025-05-04T00:00:00+00:00
[2025-05-04T22:27:00.098+0000] {processor.py:183} INFO - Processing /home/airflow/.local/lib/python3.8/site-packages/airflow/example_dags/example_task_group_decorator.py took 0.046 seconds
[2025-05-04T22:27:30.739+0000] {processor.py:161} INFO - Started process (PID=281) to work on /home/airflow/.local/lib/python3.8/site-packages/airflow/example_dags/example_task_group_decorator.py
[2025-05-04T22:27:30.740+0000] {processor.py:830} INFO - Processing file /home/airflow/.local/lib/python3.8/site-packages/airflow/example_dags/example_task_group_decorator.py for tasks to queue
[2025-05-04T22:27:30.741+0000] {logging_mixin.py:188} INFO - [2025-05-04T22:27:30.741+0000] {dagbag.py:538} INFO - Filling up the DagBag from /home/airflow/.local/lib/python3.8/site-packages/airflow/example_dags/example_task_group_decorator.py
[2025-05-04T22:27:30.747+0000] {processor.py:840} INFO - DAG(s) 'example_task_group_decorator' retrieved from /home/airflow/.local/lib/python3.8/site-packages/airflow/example_dags/example_task_group_decorator.py
[2025-05-04T22:27:30.758+0000] {logging_mixin.py:188} INFO - [2025-05-04T22:27:30.758+0000] {dag.py:3033} INFO - Sync 1 DAGs
[2025-05-04T22:27:30.767+0000] {logging_mixin.py:188} INFO - [2025-05-04T22:27:30.767+0000] {dag.py:3820} INFO - Setting next_dagrun for example_task_group_decorator to 2025-05-03T00:00:00+00:00, run_after=2025-05-04T00:00:00+00:00
[2025-05-04T22:27:30.776+0000] {processor.py:183} INFO - Processing /home/airflow/.local/lib/python3.8/site-packages/airflow/example_dags/example_task_group_decorator.py took 0.039 seconds
[2025-05-04T22:28:01.379+0000] {processor.py:161} INFO - Started process (PID=337) to work on /home/airflow/.local/lib/python3.8/site-packages/airflow/example_dags/example_task_group_decorator.py
[2025-05-04T22:28:01.380+0000] {processor.py:830} INFO - Processing file /home/airflow/.local/lib/python3.8/site-packages/airflow/example_dags/example_task_group_decorator.py for tasks to queue
[2025-05-04T22:28:01.381+0000] {logging_mixin.py:188} INFO - [2025-05-04T22:28:01.381+0000] {dagbag.py:538} INFO - Filling up the DagBag from /home/airflow/.local/lib/python3.8/site-packages/airflow/example_dags/example_task_group_decorator.py
[2025-05-04T22:28:01.386+0000] {processor.py:840} INFO - DAG(s) 'example_task_group_decorator' retrieved from /home/airflow/.local/lib/python3.8/site-packages/airflow/example_dags/example_task_group_decorator.py
[2025-05-04T22:28:01.396+0000] {logging_mixin.py:188} INFO - [2025-05-04T22:28:01.396+0000] {dag.py:3033} INFO - Sync 1 DAGs
[2025-05-04T22:28:01.405+0000] {logging_mixin.py:188} INFO - [2025-05-04T22:28:01.405+0000] {dag.py:3820} INFO - Setting next_dagrun for example_task_group_decorator to 2025-05-03T00:00:00+00:00, run_after=2025-05-04T00:00:00+00:00
[2025-05-04T22:28:01.414+0000] {processor.py:183} INFO - Processing /home/airflow/.local/lib/python3.8/site-packages/airflow/example_dags/example_task_group_decorator.py took 0.036 seconds
[2025-05-04T22:28:31.953+0000] {processor.py:161} INFO - Started process (PID=393) to work on /home/airflow/.local/lib/python3.8/site-packages/airflow/example_dags/example_task_group_decorator.py
[2025-05-04T22:28:31.953+0000] {processor.py:830} INFO - Processing file /home/airflow/.local/lib/python3.8/site-packages/airflow/example_dags/example_task_group_decorator.py for tasks to queue
[2025-05-04T22:28:31.954+0000] {logging_mixin.py:188} INFO - [2025-05-04T22:28:31.954+0000] {dagbag.py:538} INFO - Filling up the DagBag from /home/airflow/.local/lib/python3.8/site-packages/airflow/example_dags/example_task_group_decorator.py
[2025-05-04T22:28:31.960+0000] {processor.py:840} INFO - DAG(s) 'example_task_group_decorator' retrieved from /home/airflow/.local/lib/python3.8/site-packages/airflow/example_dags/example_task_group_decorator.py
[2025-05-04T22:28:31.972+0000] {logging_mixin.py:188} INFO - [2025-05-04T22:28:31.972+0000] {dag.py:3033} INFO - Sync 1 DAGs
[2025-05-04T22:28:31.982+0000] {logging_mixin.py:188} INFO - [2025-05-04T22:28:31.981+0000] {dag.py:3820} INFO - Setting next_dagrun for example_task_group_decorator to 2025-05-03T00:00:00+00:00, run_after=2025-05-04T00:00:00+00:00
[2025-05-04T22:28:31.991+0000] {processor.py:183} INFO - Processing /home/airflow/.local/lib/python3.8/site-packages/airflow/example_dags/example_task_group_decorator.py took 0.039 seconds
[2025-05-04T22:29:02.591+0000] {processor.py:161} INFO - Started process (PID=449) to work on /home/airflow/.local/lib/python3.8/site-packages/airflow/example_dags/example_task_group_decorator.py
[2025-05-04T22:29:02.591+0000] {processor.py:830} INFO - Processing file /home/airflow/.local/lib/python3.8/site-packages/airflow/example_dags/example_task_group_decorator.py for tasks to queue
[2025-05-04T22:29:02.593+0000] {logging_mixin.py:188} INFO - [2025-05-04T22:29:02.593+0000] {dagbag.py:538} INFO - Filling up the DagBag from /home/airflow/.local/lib/python3.8/site-packages/airflow/example_dags/example_task_group_decorator.py
[2025-05-04T22:29:02.601+0000] {processor.py:840} INFO - DAG(s) 'example_task_group_decorator' retrieved from /home/airflow/.local/lib/python3.8/site-packages/airflow/example_dags/example_task_group_decorator.py
[2025-05-04T22:29:02.613+0000] {logging_mixin.py:188} INFO - [2025-05-04T22:29:02.613+0000] {dag.py:3033} INFO - Sync 1 DAGs
[2025-05-04T22:29:02.623+0000] {logging_mixin.py:188} INFO - [2025-05-04T22:29:02.622+0000] {dag.py:3820} INFO - Setting next_dagrun for example_task_group_decorator to 2025-05-03T00:00:00+00:00, run_after=2025-05-04T00:00:00+00:00
[2025-05-04T22:29:02.629+0000] {processor.py:183} INFO - Processing /home/airflow/.local/lib/python3.8/site-packages/airflow/example_dags/example_task_group_decorator.py took 0.040 seconds
[2025-05-04T22:29:33.445+0000] {processor.py:161} INFO - Started process (PID=505) to work on /home/airflow/.local/lib/python3.8/site-packages/airflow/example_dags/example_task_group_decorator.py
[2025-05-04T22:29:33.446+0000] {processor.py:830} INFO - Processing file /home/airflow/.local/lib/python3.8/site-packages/airflow/example_dags/example_task_group_decorator.py for tasks to queue
[2025-05-04T22:29:33.447+0000] {logging_mixin.py:188} INFO - [2025-05-04T22:29:33.447+0000] {dagbag.py:538} INFO - Filling up the DagBag from /home/airflow/.local/lib/python3.8/site-packages/airflow/example_dags/example_task_group_decorator.py
[2025-05-04T22:29:33.453+0000] {processor.py:840} INFO - DAG(s) 'example_task_group_decorator' retrieved from /home/airflow/.local/lib/python3.8/site-packages/airflow/example_dags/example_task_group_decorator.py
[2025-05-04T22:29:33.466+0000] {logging_mixin.py:188} INFO - [2025-05-04T22:29:33.466+0000] {dag.py:3033} INFO - Sync 1 DAGs
[2025-05-04T22:29:33.477+0000] {logging_mixin.py:188} INFO - [2025-05-04T22:29:33.477+0000] {dag.py:3820} INFO - Setting next_dagrun for example_task_group_decorator to 2025-05-03T00:00:00+00:00, run_after=2025-05-04T00:00:00+00:00
[2025-05-04T22:29:33.489+0000] {processor.py:183} INFO - Processing /home/airflow/.local/lib/python3.8/site-packages/airflow/example_dags/example_task_group_decorator.py took 0.045 seconds
[2025-05-04T22:30:04.078+0000] {processor.py:161} INFO - Started process (PID=561) to work on /home/airflow/.local/lib/python3.8/site-packages/airflow/example_dags/example_task_group_decorator.py
[2025-05-04T22:30:04.081+0000] {processor.py:830} INFO - Processing file /home/airflow/.local/lib/python3.8/site-packages/airflow/example_dags/example_task_group_decorator.py for tasks to queue
[2025-05-04T22:30:04.082+0000] {logging_mixin.py:188} INFO - [2025-05-04T22:30:04.082+0000] {dagbag.py:538} INFO - Filling up the DagBag from /home/airflow/.local/lib/python3.8/site-packages/airflow/example_dags/example_task_group_decorator.py
[2025-05-04T22:30:04.089+0000] {processor.py:840} INFO - DAG(s) 'example_task_group_decorator' retrieved from /home/airflow/.local/lib/python3.8/site-packages/airflow/example_dags/example_task_group_decorator.py
[2025-05-04T22:30:04.103+0000] {logging_mixin.py:188} INFO - [2025-05-04T22:30:04.103+0000] {dag.py:3033} INFO - Sync 1 DAGs
[2025-05-04T22:30:04.114+0000] {logging_mixin.py:188} INFO - [2025-05-04T22:30:04.114+0000] {dag.py:3820} INFO - Setting next_dagrun for example_task_group_decorator to 2025-05-03T00:00:00+00:00, run_after=2025-05-04T00:00:00+00:00
[2025-05-04T22:30:04.122+0000] {processor.py:183} INFO - Processing /home/airflow/.local/lib/python3.8/site-packages/airflow/example_dags/example_task_group_decorator.py took 0.045 seconds
[2025-05-04T22:30:34.839+0000] {processor.py:161} INFO - Started process (PID=617) to work on /home/airflow/.local/lib/python3.8/site-packages/airflow/example_dags/example_task_group_decorator.py
[2025-05-04T22:30:34.840+0000] {processor.py:830} INFO - Processing file /home/airflow/.local/lib/python3.8/site-packages/airflow/example_dags/example_task_group_decorator.py for tasks to queue
[2025-05-04T22:30:34.841+0000] {logging_mixin.py:188} INFO - [2025-05-04T22:30:34.841+0000] {dagbag.py:538} INFO - Filling up the DagBag from /home/airflow/.local/lib/python3.8/site-packages/airflow/example_dags/example_task_group_decorator.py
[2025-05-04T22:30:34.849+0000] {processor.py:840} INFO - DAG(s) 'example_task_group_decorator' retrieved from /home/airflow/.local/lib/python3.8/site-packages/airflow/example_dags/example_task_group_decorator.py
[2025-05-04T22:30:34.863+0000] {logging_mixin.py:188} INFO - [2025-05-04T22:30:34.863+0000] {dag.py:3033} INFO - Sync 1 DAGs
[2025-05-04T22:30:34.876+0000] {logging_mixin.py:188} INFO - [2025-05-04T22:30:34.876+0000] {dag.py:3820} INFO - Setting next_dagrun for example_task_group_decorator to 2025-05-03T00:00:00+00:00, run_after=2025-05-04T00:00:00+00:00
[2025-05-04T22:30:34.883+0000] {processor.py:183} INFO - Processing /home/airflow/.local/lib/python3.8/site-packages/airflow/example_dags/example_task_group_decorator.py took 0.045 seconds
[2025-05-04T22:31:13.882+0000] {processor.py:161} INFO - Started process (PID=54) to work on /home/airflow/.local/lib/python3.8/site-packages/airflow/example_dags/example_task_group_decorator.py
[2025-05-04T22:31:13.888+0000] {processor.py:830} INFO - Processing file /home/airflow/.local/lib/python3.8/site-packages/airflow/example_dags/example_task_group_decorator.py for tasks to queue
[2025-05-04T22:31:13.889+0000] {logging_mixin.py:188} INFO - [2025-05-04T22:31:13.889+0000] {dagbag.py:538} INFO - Filling up the DagBag from /home/airflow/.local/lib/python3.8/site-packages/airflow/example_dags/example_task_group_decorator.py
[2025-05-04T22:31:13.906+0000] {processor.py:840} INFO - DAG(s) 'example_task_group_decorator' retrieved from /home/airflow/.local/lib/python3.8/site-packages/airflow/example_dags/example_task_group_decorator.py
[2025-05-04T22:31:13.927+0000] {logging_mixin.py:188} INFO - [2025-05-04T22:31:13.927+0000] {dag.py:3033} INFO - Sync 1 DAGs
[2025-05-04T22:31:13.951+0000] {logging_mixin.py:188} INFO - [2025-05-04T22:31:13.951+0000] {dag.py:3820} INFO - Setting next_dagrun for example_task_group_decorator to 2025-05-03T00:00:00+00:00, run_after=2025-05-04T00:00:00+00:00
[2025-05-04T22:31:13.987+0000] {processor.py:183} INFO - Processing /home/airflow/.local/lib/python3.8/site-packages/airflow/example_dags/example_task_group_decorator.py took 0.107 seconds
[2025-05-04T22:31:44.156+0000] {processor.py:161} INFO - Started process (PID=110) to work on /home/airflow/.local/lib/python3.8/site-packages/airflow/example_dags/example_task_group_decorator.py
[2025-05-04T22:31:44.159+0000] {processor.py:830} INFO - Processing file /home/airflow/.local/lib/python3.8/site-packages/airflow/example_dags/example_task_group_decorator.py for tasks to queue
[2025-05-04T22:31:44.160+0000] {logging_mixin.py:188} INFO - [2025-05-04T22:31:44.160+0000] {dagbag.py:538} INFO - Filling up the DagBag from /home/airflow/.local/lib/python3.8/site-packages/airflow/example_dags/example_task_group_decorator.py
[2025-05-04T22:31:44.166+0000] {processor.py:840} INFO - DAG(s) 'example_task_group_decorator' retrieved from /home/airflow/.local/lib/python3.8/site-packages/airflow/example_dags/example_task_group_decorator.py
[2025-05-04T22:31:44.213+0000] {logging_mixin.py:188} INFO - [2025-05-04T22:31:44.213+0000] {dag.py:3033} INFO - Sync 1 DAGs
[2025-05-04T22:31:44.222+0000] {logging_mixin.py:188} INFO - [2025-05-04T22:31:44.222+0000] {dag.py:3820} INFO - Setting next_dagrun for example_task_group_decorator to 2025-05-03T00:00:00+00:00, run_after=2025-05-04T00:00:00+00:00
[2025-05-04T22:31:44.235+0000] {processor.py:183} INFO - Processing /home/airflow/.local/lib/python3.8/site-packages/airflow/example_dags/example_task_group_decorator.py took 0.081 seconds
[2025-05-04T22:32:14.400+0000] {processor.py:161} INFO - Started process (PID=170) to work on /home/airflow/.local/lib/python3.8/site-packages/airflow/example_dags/example_task_group_decorator.py
[2025-05-04T22:32:14.400+0000] {processor.py:830} INFO - Processing file /home/airflow/.local/lib/python3.8/site-packages/airflow/example_dags/example_task_group_decorator.py for tasks to queue
[2025-05-04T22:32:14.401+0000] {logging_mixin.py:188} INFO - [2025-05-04T22:32:14.401+0000] {dagbag.py:538} INFO - Filling up the DagBag from /home/airflow/.local/lib/python3.8/site-packages/airflow/example_dags/example_task_group_decorator.py
[2025-05-04T22:32:14.407+0000] {processor.py:840} INFO - DAG(s) 'example_task_group_decorator' retrieved from /home/airflow/.local/lib/python3.8/site-packages/airflow/example_dags/example_task_group_decorator.py
[2025-05-04T22:32:14.420+0000] {logging_mixin.py:188} INFO - [2025-05-04T22:32:14.420+0000] {dag.py:3033} INFO - Sync 1 DAGs
[2025-05-04T22:32:14.438+0000] {logging_mixin.py:188} INFO - [2025-05-04T22:32:14.438+0000] {dag.py:3820} INFO - Setting next_dagrun for example_task_group_decorator to 2025-05-03T00:00:00+00:00, run_after=2025-05-04T00:00:00+00:00
[2025-05-04T22:32:14.455+0000] {processor.py:183} INFO - Processing /home/airflow/.local/lib/python3.8/site-packages/airflow/example_dags/example_task_group_decorator.py took 0.057 seconds
[2025-05-04T22:32:45.272+0000] {processor.py:161} INFO - Started process (PID=226) to work on /home/airflow/.local/lib/python3.8/site-packages/airflow/example_dags/example_task_group_decorator.py
[2025-05-04T22:32:45.273+0000] {processor.py:830} INFO - Processing file /home/airflow/.local/lib/python3.8/site-packages/airflow/example_dags/example_task_group_decorator.py for tasks to queue
[2025-05-04T22:32:45.275+0000] {logging_mixin.py:188} INFO - [2025-05-04T22:32:45.275+0000] {dagbag.py:538} INFO - Filling up the DagBag from /home/airflow/.local/lib/python3.8/site-packages/airflow/example_dags/example_task_group_decorator.py
[2025-05-04T22:32:45.283+0000] {processor.py:840} INFO - DAG(s) 'example_task_group_decorator' retrieved from /home/airflow/.local/lib/python3.8/site-packages/airflow/example_dags/example_task_group_decorator.py
[2025-05-04T22:32:45.295+0000] {logging_mixin.py:188} INFO - [2025-05-04T22:32:45.295+0000] {dag.py:3033} INFO - Sync 1 DAGs
[2025-05-04T22:32:45.308+0000] {logging_mixin.py:188} INFO - [2025-05-04T22:32:45.308+0000] {dag.py:3820} INFO - Setting next_dagrun for example_task_group_decorator to 2025-05-03T00:00:00+00:00, run_after=2025-05-04T00:00:00+00:00
[2025-05-04T22:32:45.321+0000] {processor.py:183} INFO - Processing /home/airflow/.local/lib/python3.8/site-packages/airflow/example_dags/example_task_group_decorator.py took 0.050 seconds
[2025-05-04T22:33:16.001+0000] {processor.py:161} INFO - Started process (PID=282) to work on /home/airflow/.local/lib/python3.8/site-packages/airflow/example_dags/example_task_group_decorator.py
[2025-05-04T22:33:16.001+0000] {processor.py:830} INFO - Processing file /home/airflow/.local/lib/python3.8/site-packages/airflow/example_dags/example_task_group_decorator.py for tasks to queue
[2025-05-04T22:33:16.002+0000] {logging_mixin.py:188} INFO - [2025-05-04T22:33:16.002+0000] {dagbag.py:538} INFO - Filling up the DagBag from /home/airflow/.local/lib/python3.8/site-packages/airflow/example_dags/example_task_group_decorator.py
[2025-05-04T22:33:16.010+0000] {processor.py:840} INFO - DAG(s) 'example_task_group_decorator' retrieved from /home/airflow/.local/lib/python3.8/site-packages/airflow/example_dags/example_task_group_decorator.py
[2025-05-04T22:33:16.021+0000] {logging_mixin.py:188} INFO - [2025-05-04T22:33:16.021+0000] {dag.py:3033} INFO - Sync 1 DAGs
[2025-05-04T22:33:16.035+0000] {logging_mixin.py:188} INFO - [2025-05-04T22:33:16.035+0000] {dag.py:3820} INFO - Setting next_dagrun for example_task_group_decorator to 2025-05-03T00:00:00+00:00, run_after=2025-05-04T00:00:00+00:00
[2025-05-04T22:33:16.047+0000] {processor.py:183} INFO - Processing /home/airflow/.local/lib/python3.8/site-packages/airflow/example_dags/example_task_group_decorator.py took 0.048 seconds
[2025-05-04T22:33:46.667+0000] {processor.py:161} INFO - Started process (PID=338) to work on /home/airflow/.local/lib/python3.8/site-packages/airflow/example_dags/example_task_group_decorator.py
[2025-05-04T22:33:46.667+0000] {processor.py:830} INFO - Processing file /home/airflow/.local/lib/python3.8/site-packages/airflow/example_dags/example_task_group_decorator.py for tasks to queue
[2025-05-04T22:33:46.668+0000] {logging_mixin.py:188} INFO - [2025-05-04T22:33:46.668+0000] {dagbag.py:538} INFO - Filling up the DagBag from /home/airflow/.local/lib/python3.8/site-packages/airflow/example_dags/example_task_group_decorator.py
[2025-05-04T22:33:46.675+0000] {processor.py:840} INFO - DAG(s) 'example_task_group_decorator' retrieved from /home/airflow/.local/lib/python3.8/site-packages/airflow/example_dags/example_task_group_decorator.py
[2025-05-04T22:33:46.689+0000] {logging_mixin.py:188} INFO - [2025-05-04T22:33:46.689+0000] {dag.py:3033} INFO - Sync 1 DAGs
[2025-05-04T22:33:46.697+0000] {logging_mixin.py:188} INFO - [2025-05-04T22:33:46.697+0000] {dag.py:3820} INFO - Setting next_dagrun for example_task_group_decorator to 2025-05-03T00:00:00+00:00, run_after=2025-05-04T00:00:00+00:00
[2025-05-04T22:33:46.708+0000] {processor.py:183} INFO - Processing /home/airflow/.local/lib/python3.8/site-packages/airflow/example_dags/example_task_group_decorator.py took 0.043 seconds
[2025-05-04T22:34:17.331+0000] {processor.py:161} INFO - Started process (PID=394) to work on /home/airflow/.local/lib/python3.8/site-packages/airflow/example_dags/example_task_group_decorator.py
[2025-05-04T22:34:17.332+0000] {processor.py:830} INFO - Processing file /home/airflow/.local/lib/python3.8/site-packages/airflow/example_dags/example_task_group_decorator.py for tasks to queue
[2025-05-04T22:34:17.333+0000] {logging_mixin.py:188} INFO - [2025-05-04T22:34:17.333+0000] {dagbag.py:538} INFO - Filling up the DagBag from /home/airflow/.local/lib/python3.8/site-packages/airflow/example_dags/example_task_group_decorator.py
[2025-05-04T22:34:17.340+0000] {processor.py:840} INFO - DAG(s) 'example_task_group_decorator' retrieved from /home/airflow/.local/lib/python3.8/site-packages/airflow/example_dags/example_task_group_decorator.py
[2025-05-04T22:34:17.350+0000] {logging_mixin.py:188} INFO - [2025-05-04T22:34:17.350+0000] {dag.py:3033} INFO - Sync 1 DAGs
[2025-05-04T22:34:17.360+0000] {logging_mixin.py:188} INFO - [2025-05-04T22:34:17.360+0000] {dag.py:3820} INFO - Setting next_dagrun for example_task_group_decorator to 2025-05-03T00:00:00+00:00, run_after=2025-05-04T00:00:00+00:00
[2025-05-04T22:34:17.373+0000] {processor.py:183} INFO - Processing /home/airflow/.local/lib/python3.8/site-packages/airflow/example_dags/example_task_group_decorator.py took 0.043 seconds
[2025-05-04T22:36:24.998+0000] {processor.py:161} INFO - Started process (PID=52) to work on /home/airflow/.local/lib/python3.8/site-packages/airflow/example_dags/example_task_group_decorator.py
[2025-05-04T22:36:24.999+0000] {processor.py:830} INFO - Processing file /home/airflow/.local/lib/python3.8/site-packages/airflow/example_dags/example_task_group_decorator.py for tasks to queue
[2025-05-04T22:36:25.002+0000] {logging_mixin.py:188} INFO - [2025-05-04T22:36:25.001+0000] {dagbag.py:538} INFO - Filling up the DagBag from /home/airflow/.local/lib/python3.8/site-packages/airflow/example_dags/example_task_group_decorator.py
[2025-05-04T22:36:25.015+0000] {processor.py:840} INFO - DAG(s) 'example_task_group_decorator' retrieved from /home/airflow/.local/lib/python3.8/site-packages/airflow/example_dags/example_task_group_decorator.py
[2025-05-04T22:36:25.034+0000] {logging_mixin.py:188} INFO - [2025-05-04T22:36:25.034+0000] {dag.py:3033} INFO - Sync 1 DAGs
[2025-05-04T22:36:25.064+0000] {logging_mixin.py:188} INFO - [2025-05-04T22:36:25.064+0000] {dag.py:3820} INFO - Setting next_dagrun for example_task_group_decorator to 2025-05-03T00:00:00+00:00, run_after=2025-05-04T00:00:00+00:00
[2025-05-04T22:36:25.101+0000] {processor.py:183} INFO - Processing /home/airflow/.local/lib/python3.8/site-packages/airflow/example_dags/example_task_group_decorator.py took 0.106 seconds
[2025-05-04T22:36:55.313+0000] {processor.py:161} INFO - Started process (PID=108) to work on /home/airflow/.local/lib/python3.8/site-packages/airflow/example_dags/example_task_group_decorator.py
[2025-05-04T22:36:55.315+0000] {processor.py:830} INFO - Processing file /home/airflow/.local/lib/python3.8/site-packages/airflow/example_dags/example_task_group_decorator.py for tasks to queue
[2025-05-04T22:36:55.316+0000] {logging_mixin.py:188} INFO - [2025-05-04T22:36:55.316+0000] {dagbag.py:538} INFO - Filling up the DagBag from /home/airflow/.local/lib/python3.8/site-packages/airflow/example_dags/example_task_group_decorator.py
[2025-05-04T22:36:55.323+0000] {processor.py:840} INFO - DAG(s) 'example_task_group_decorator' retrieved from /home/airflow/.local/lib/python3.8/site-packages/airflow/example_dags/example_task_group_decorator.py
[2025-05-04T22:36:55.372+0000] {logging_mixin.py:188} INFO - [2025-05-04T22:36:55.372+0000] {dag.py:3033} INFO - Sync 1 DAGs
[2025-05-04T22:36:55.382+0000] {logging_mixin.py:188} INFO - [2025-05-04T22:36:55.382+0000] {dag.py:3820} INFO - Setting next_dagrun for example_task_group_decorator to 2025-05-03T00:00:00+00:00, run_after=2025-05-04T00:00:00+00:00
[2025-05-04T22:36:55.392+0000] {processor.py:183} INFO - Processing /home/airflow/.local/lib/python3.8/site-packages/airflow/example_dags/example_task_group_decorator.py took 0.080 seconds
[2025-05-04T22:37:25.679+0000] {processor.py:161} INFO - Started process (PID=164) to work on /home/airflow/.local/lib/python3.8/site-packages/airflow/example_dags/example_task_group_decorator.py
[2025-05-04T22:37:25.679+0000] {processor.py:830} INFO - Processing file /home/airflow/.local/lib/python3.8/site-packages/airflow/example_dags/example_task_group_decorator.py for tasks to queue
[2025-05-04T22:37:25.680+0000] {logging_mixin.py:188} INFO - [2025-05-04T22:37:25.680+0000] {dagbag.py:538} INFO - Filling up the DagBag from /home/airflow/.local/lib/python3.8/site-packages/airflow/example_dags/example_task_group_decorator.py
[2025-05-04T22:37:25.686+0000] {processor.py:840} INFO - DAG(s) 'example_task_group_decorator' retrieved from /home/airflow/.local/lib/python3.8/site-packages/airflow/example_dags/example_task_group_decorator.py
[2025-05-04T22:37:25.704+0000] {logging_mixin.py:188} INFO - [2025-05-04T22:37:25.704+0000] {dag.py:3033} INFO - Sync 1 DAGs
[2025-05-04T22:37:25.715+0000] {logging_mixin.py:188} INFO - [2025-05-04T22:37:25.715+0000] {dag.py:3820} INFO - Setting next_dagrun for example_task_group_decorator to 2025-05-03T00:00:00+00:00, run_after=2025-05-04T00:00:00+00:00
[2025-05-04T22:37:25.722+0000] {processor.py:183} INFO - Processing /home/airflow/.local/lib/python3.8/site-packages/airflow/example_dags/example_task_group_decorator.py took 0.045 seconds
[2025-05-04T22:37:56.415+0000] {processor.py:161} INFO - Started process (PID=220) to work on /home/airflow/.local/lib/python3.8/site-packages/airflow/example_dags/example_task_group_decorator.py
[2025-05-04T22:37:56.415+0000] {processor.py:830} INFO - Processing file /home/airflow/.local/lib/python3.8/site-packages/airflow/example_dags/example_task_group_decorator.py for tasks to queue
[2025-05-04T22:37:56.416+0000] {logging_mixin.py:188} INFO - [2025-05-04T22:37:56.416+0000] {dagbag.py:538} INFO - Filling up the DagBag from /home/airflow/.local/lib/python3.8/site-packages/airflow/example_dags/example_task_group_decorator.py
[2025-05-04T22:37:56.422+0000] {processor.py:840} INFO - DAG(s) 'example_task_group_decorator' retrieved from /home/airflow/.local/lib/python3.8/site-packages/airflow/example_dags/example_task_group_decorator.py
[2025-05-04T22:37:56.432+0000] {logging_mixin.py:188} INFO - [2025-05-04T22:37:56.432+0000] {dag.py:3033} INFO - Sync 1 DAGs
[2025-05-04T22:37:56.443+0000] {logging_mixin.py:188} INFO - [2025-05-04T22:37:56.443+0000] {dag.py:3820} INFO - Setting next_dagrun for example_task_group_decorator to 2025-05-03T00:00:00+00:00, run_after=2025-05-04T00:00:00+00:00
[2025-05-04T22:37:56.453+0000] {processor.py:183} INFO - Processing /home/airflow/.local/lib/python3.8/site-packages/airflow/example_dags/example_task_group_decorator.py took 0.040 seconds
[2025-05-04T22:38:27.077+0000] {processor.py:161} INFO - Started process (PID=276) to work on /home/airflow/.local/lib/python3.8/site-packages/airflow/example_dags/example_task_group_decorator.py
[2025-05-04T22:38:27.078+0000] {processor.py:830} INFO - Processing file /home/airflow/.local/lib/python3.8/site-packages/airflow/example_dags/example_task_group_decorator.py for tasks to queue
[2025-05-04T22:38:27.079+0000] {logging_mixin.py:188} INFO - [2025-05-04T22:38:27.079+0000] {dagbag.py:538} INFO - Filling up the DagBag from /home/airflow/.local/lib/python3.8/site-packages/airflow/example_dags/example_task_group_decorator.py
[2025-05-04T22:38:27.084+0000] {processor.py:840} INFO - DAG(s) 'example_task_group_decorator' retrieved from /home/airflow/.local/lib/python3.8/site-packages/airflow/example_dags/example_task_group_decorator.py
[2025-05-04T22:38:27.094+0000] {logging_mixin.py:188} INFO - [2025-05-04T22:38:27.094+0000] {dag.py:3033} INFO - Sync 1 DAGs
[2025-05-04T22:38:27.103+0000] {logging_mixin.py:188} INFO - [2025-05-04T22:38:27.103+0000] {dag.py:3820} INFO - Setting next_dagrun for example_task_group_decorator to 2025-05-03T00:00:00+00:00, run_after=2025-05-04T00:00:00+00:00
[2025-05-04T22:38:27.110+0000] {processor.py:183} INFO - Processing /home/airflow/.local/lib/python3.8/site-packages/airflow/example_dags/example_task_group_decorator.py took 0.034 seconds
[2025-05-04T22:38:57.816+0000] {processor.py:161} INFO - Started process (PID=332) to work on /home/airflow/.local/lib/python3.8/site-packages/airflow/example_dags/example_task_group_decorator.py
[2025-05-04T22:38:57.817+0000] {processor.py:830} INFO - Processing file /home/airflow/.local/lib/python3.8/site-packages/airflow/example_dags/example_task_group_decorator.py for tasks to queue
[2025-05-04T22:38:57.818+0000] {logging_mixin.py:188} INFO - [2025-05-04T22:38:57.818+0000] {dagbag.py:538} INFO - Filling up the DagBag from /home/airflow/.local/lib/python3.8/site-packages/airflow/example_dags/example_task_group_decorator.py
[2025-05-04T22:38:57.823+0000] {processor.py:840} INFO - DAG(s) 'example_task_group_decorator' retrieved from /home/airflow/.local/lib/python3.8/site-packages/airflow/example_dags/example_task_group_decorator.py
[2025-05-04T22:38:57.833+0000] {logging_mixin.py:188} INFO - [2025-05-04T22:38:57.833+0000] {dag.py:3033} INFO - Sync 1 DAGs
[2025-05-04T22:38:57.844+0000] {logging_mixin.py:188} INFO - [2025-05-04T22:38:57.844+0000] {dag.py:3820} INFO - Setting next_dagrun for example_task_group_decorator to 2025-05-03T00:00:00+00:00, run_after=2025-05-04T00:00:00+00:00
[2025-05-04T22:38:57.855+0000] {processor.py:183} INFO - Processing /home/airflow/.local/lib/python3.8/site-packages/airflow/example_dags/example_task_group_decorator.py took 0.041 seconds
[2025-05-04T22:39:28.642+0000] {processor.py:161} INFO - Started process (PID=388) to work on /home/airflow/.local/lib/python3.8/site-packages/airflow/example_dags/example_task_group_decorator.py
[2025-05-04T22:39:28.643+0000] {processor.py:830} INFO - Processing file /home/airflow/.local/lib/python3.8/site-packages/airflow/example_dags/example_task_group_decorator.py for tasks to queue
[2025-05-04T22:39:28.646+0000] {logging_mixin.py:188} INFO - [2025-05-04T22:39:28.645+0000] {dagbag.py:538} INFO - Filling up the DagBag from /home/airflow/.local/lib/python3.8/site-packages/airflow/example_dags/example_task_group_decorator.py
[2025-05-04T22:39:28.653+0000] {processor.py:840} INFO - DAG(s) 'example_task_group_decorator' retrieved from /home/airflow/.local/lib/python3.8/site-packages/airflow/example_dags/example_task_group_decorator.py
[2025-05-04T22:39:28.665+0000] {logging_mixin.py:188} INFO - [2025-05-04T22:39:28.665+0000] {dag.py:3033} INFO - Sync 1 DAGs
[2025-05-04T22:39:28.694+0000] {logging_mixin.py:188} INFO - [2025-05-04T22:39:28.686+0000] {dag.py:3820} INFO - Setting next_dagrun for example_task_group_decorator to 2025-05-03T00:00:00+00:00, run_after=2025-05-04T00:00:00+00:00
[2025-05-04T22:39:28.714+0000] {processor.py:183} INFO - Processing /home/airflow/.local/lib/python3.8/site-packages/airflow/example_dags/example_task_group_decorator.py took 0.074 seconds
[2025-05-04T22:39:59.476+0000] {processor.py:161} INFO - Started process (PID=445) to work on /home/airflow/.local/lib/python3.8/site-packages/airflow/example_dags/example_task_group_decorator.py
[2025-05-04T22:39:59.477+0000] {processor.py:830} INFO - Processing file /home/airflow/.local/lib/python3.8/site-packages/airflow/example_dags/example_task_group_decorator.py for tasks to queue
[2025-05-04T22:39:59.478+0000] {logging_mixin.py:188} INFO - [2025-05-04T22:39:59.478+0000] {dagbag.py:538} INFO - Filling up the DagBag from /home/airflow/.local/lib/python3.8/site-packages/airflow/example_dags/example_task_group_decorator.py
[2025-05-04T22:39:59.485+0000] {processor.py:840} INFO - DAG(s) 'example_task_group_decorator' retrieved from /home/airflow/.local/lib/python3.8/site-packages/airflow/example_dags/example_task_group_decorator.py
[2025-05-04T22:39:59.499+0000] {logging_mixin.py:188} INFO - [2025-05-04T22:39:59.499+0000] {dag.py:3033} INFO - Sync 1 DAGs
[2025-05-04T22:39:59.510+0000] {logging_mixin.py:188} INFO - [2025-05-04T22:39:59.510+0000] {dag.py:3820} INFO - Setting next_dagrun for example_task_group_decorator to 2025-05-03T00:00:00+00:00, run_after=2025-05-04T00:00:00+00:00
[2025-05-04T22:39:59.522+0000] {processor.py:183} INFO - Processing /home/airflow/.local/lib/python3.8/site-packages/airflow/example_dags/example_task_group_decorator.py took 0.048 seconds
[2025-05-04T22:40:30.502+0000] {processor.py:161} INFO - Started process (PID=501) to work on /home/airflow/.local/lib/python3.8/site-packages/airflow/example_dags/example_task_group_decorator.py
[2025-05-04T22:40:30.503+0000] {processor.py:830} INFO - Processing file /home/airflow/.local/lib/python3.8/site-packages/airflow/example_dags/example_task_group_decorator.py for tasks to queue
[2025-05-04T22:40:30.504+0000] {logging_mixin.py:188} INFO - [2025-05-04T22:40:30.504+0000] {dagbag.py:538} INFO - Filling up the DagBag from /home/airflow/.local/lib/python3.8/site-packages/airflow/example_dags/example_task_group_decorator.py
[2025-05-04T22:40:30.511+0000] {processor.py:840} INFO - DAG(s) 'example_task_group_decorator' retrieved from /home/airflow/.local/lib/python3.8/site-packages/airflow/example_dags/example_task_group_decorator.py
[2025-05-04T22:40:30.527+0000] {logging_mixin.py:188} INFO - [2025-05-04T22:40:30.527+0000] {dag.py:3033} INFO - Sync 1 DAGs
[2025-05-04T22:40:30.540+0000] {logging_mixin.py:188} INFO - [2025-05-04T22:40:30.540+0000] {dag.py:3820} INFO - Setting next_dagrun for example_task_group_decorator to 2025-05-03T00:00:00+00:00, run_after=2025-05-04T00:00:00+00:00
[2025-05-04T22:40:30.554+0000] {processor.py:183} INFO - Processing /home/airflow/.local/lib/python3.8/site-packages/airflow/example_dags/example_task_group_decorator.py took 0.054 seconds
[2025-05-04T22:41:00.620+0000] {processor.py:161} INFO - Started process (PID=557) to work on /home/airflow/.local/lib/python3.8/site-packages/airflow/example_dags/example_task_group_decorator.py
[2025-05-04T22:41:00.620+0000] {processor.py:830} INFO - Processing file /home/airflow/.local/lib/python3.8/site-packages/airflow/example_dags/example_task_group_decorator.py for tasks to queue
[2025-05-04T22:41:00.621+0000] {logging_mixin.py:188} INFO - [2025-05-04T22:41:00.621+0000] {dagbag.py:538} INFO - Filling up the DagBag from /home/airflow/.local/lib/python3.8/site-packages/airflow/example_dags/example_task_group_decorator.py
[2025-05-04T22:41:00.627+0000] {processor.py:840} INFO - DAG(s) 'example_task_group_decorator' retrieved from /home/airflow/.local/lib/python3.8/site-packages/airflow/example_dags/example_task_group_decorator.py
[2025-05-04T22:41:00.640+0000] {logging_mixin.py:188} INFO - [2025-05-04T22:41:00.640+0000] {dag.py:3033} INFO - Sync 1 DAGs
[2025-05-04T22:41:00.654+0000] {logging_mixin.py:188} INFO - [2025-05-04T22:41:00.654+0000] {dag.py:3820} INFO - Setting next_dagrun for example_task_group_decorator to 2025-05-03T00:00:00+00:00, run_after=2025-05-04T00:00:00+00:00
[2025-05-04T22:41:00.665+0000] {processor.py:183} INFO - Processing /home/airflow/.local/lib/python3.8/site-packages/airflow/example_dags/example_task_group_decorator.py took 0.047 seconds
[2025-05-04T22:41:31.325+0000] {processor.py:161} INFO - Started process (PID=613) to work on /home/airflow/.local/lib/python3.8/site-packages/airflow/example_dags/example_task_group_decorator.py
[2025-05-04T22:41:31.326+0000] {processor.py:830} INFO - Processing file /home/airflow/.local/lib/python3.8/site-packages/airflow/example_dags/example_task_group_decorator.py for tasks to queue
[2025-05-04T22:41:31.327+0000] {logging_mixin.py:188} INFO - [2025-05-04T22:41:31.327+0000] {dagbag.py:538} INFO - Filling up the DagBag from /home/airflow/.local/lib/python3.8/site-packages/airflow/example_dags/example_task_group_decorator.py
[2025-05-04T22:41:31.332+0000] {processor.py:840} INFO - DAG(s) 'example_task_group_decorator' retrieved from /home/airflow/.local/lib/python3.8/site-packages/airflow/example_dags/example_task_group_decorator.py
[2025-05-04T22:41:31.345+0000] {logging_mixin.py:188} INFO - [2025-05-04T22:41:31.345+0000] {dag.py:3033} INFO - Sync 1 DAGs
[2025-05-04T22:41:31.357+0000] {logging_mixin.py:188} INFO - [2025-05-04T22:41:31.357+0000] {dag.py:3820} INFO - Setting next_dagrun for example_task_group_decorator to 2025-05-03T00:00:00+00:00, run_after=2025-05-04T00:00:00+00:00
[2025-05-04T22:41:31.364+0000] {processor.py:183} INFO - Processing /home/airflow/.local/lib/python3.8/site-packages/airflow/example_dags/example_task_group_decorator.py took 0.041 seconds
[2025-05-04T22:42:02.182+0000] {processor.py:161} INFO - Started process (PID=669) to work on /home/airflow/.local/lib/python3.8/site-packages/airflow/example_dags/example_task_group_decorator.py
[2025-05-04T22:42:02.183+0000] {processor.py:830} INFO - Processing file /home/airflow/.local/lib/python3.8/site-packages/airflow/example_dags/example_task_group_decorator.py for tasks to queue
[2025-05-04T22:42:02.184+0000] {logging_mixin.py:188} INFO - [2025-05-04T22:42:02.184+0000] {dagbag.py:538} INFO - Filling up the DagBag from /home/airflow/.local/lib/python3.8/site-packages/airflow/example_dags/example_task_group_decorator.py
[2025-05-04T22:42:02.194+0000] {processor.py:840} INFO - DAG(s) 'example_task_group_decorator' retrieved from /home/airflow/.local/lib/python3.8/site-packages/airflow/example_dags/example_task_group_decorator.py
[2025-05-04T22:42:02.205+0000] {logging_mixin.py:188} INFO - [2025-05-04T22:42:02.205+0000] {dag.py:3033} INFO - Sync 1 DAGs
[2025-05-04T22:42:02.218+0000] {logging_mixin.py:188} INFO - [2025-05-04T22:42:02.217+0000] {dag.py:3820} INFO - Setting next_dagrun for example_task_group_decorator to 2025-05-03T00:00:00+00:00, run_after=2025-05-04T00:00:00+00:00
[2025-05-04T22:42:02.233+0000] {processor.py:183} INFO - Processing /home/airflow/.local/lib/python3.8/site-packages/airflow/example_dags/example_task_group_decorator.py took 0.053 seconds
[2025-05-04T22:42:32.952+0000] {processor.py:161} INFO - Started process (PID=725) to work on /home/airflow/.local/lib/python3.8/site-packages/airflow/example_dags/example_task_group_decorator.py
[2025-05-04T22:42:32.953+0000] {processor.py:830} INFO - Processing file /home/airflow/.local/lib/python3.8/site-packages/airflow/example_dags/example_task_group_decorator.py for tasks to queue
[2025-05-04T22:42:32.954+0000] {logging_mixin.py:188} INFO - [2025-05-04T22:42:32.954+0000] {dagbag.py:538} INFO - Filling up the DagBag from /home/airflow/.local/lib/python3.8/site-packages/airflow/example_dags/example_task_group_decorator.py
[2025-05-04T22:42:32.960+0000] {processor.py:840} INFO - DAG(s) 'example_task_group_decorator' retrieved from /home/airflow/.local/lib/python3.8/site-packages/airflow/example_dags/example_task_group_decorator.py
[2025-05-04T22:42:32.971+0000] {logging_mixin.py:188} INFO - [2025-05-04T22:42:32.971+0000] {dag.py:3033} INFO - Sync 1 DAGs
[2025-05-04T22:42:32.985+0000] {logging_mixin.py:188} INFO - [2025-05-04T22:42:32.985+0000] {dag.py:3820} INFO - Setting next_dagrun for example_task_group_decorator to 2025-05-03T00:00:00+00:00, run_after=2025-05-04T00:00:00+00:00
[2025-05-04T22:42:33.000+0000] {processor.py:183} INFO - Processing /home/airflow/.local/lib/python3.8/site-packages/airflow/example_dags/example_task_group_decorator.py took 0.050 seconds
[2025-05-04T22:43:03.801+0000] {processor.py:161} INFO - Started process (PID=781) to work on /home/airflow/.local/lib/python3.8/site-packages/airflow/example_dags/example_task_group_decorator.py
[2025-05-04T22:43:03.802+0000] {processor.py:830} INFO - Processing file /home/airflow/.local/lib/python3.8/site-packages/airflow/example_dags/example_task_group_decorator.py for tasks to queue
[2025-05-04T22:43:03.803+0000] {logging_mixin.py:188} INFO - [2025-05-04T22:43:03.803+0000] {dagbag.py:538} INFO - Filling up the DagBag from /home/airflow/.local/lib/python3.8/site-packages/airflow/example_dags/example_task_group_decorator.py
[2025-05-04T22:43:03.809+0000] {processor.py:840} INFO - DAG(s) 'example_task_group_decorator' retrieved from /home/airflow/.local/lib/python3.8/site-packages/airflow/example_dags/example_task_group_decorator.py
[2025-05-04T22:43:03.823+0000] {logging_mixin.py:188} INFO - [2025-05-04T22:43:03.823+0000] {dag.py:3033} INFO - Sync 1 DAGs
[2025-05-04T22:43:03.834+0000] {logging_mixin.py:188} INFO - [2025-05-04T22:43:03.834+0000] {dag.py:3820} INFO - Setting next_dagrun for example_task_group_decorator to 2025-05-03T00:00:00+00:00, run_after=2025-05-04T00:00:00+00:00
[2025-05-04T22:43:03.844+0000] {processor.py:183} INFO - Processing /home/airflow/.local/lib/python3.8/site-packages/airflow/example_dags/example_task_group_decorator.py took 0.045 seconds
[2025-05-04T22:43:34.804+0000] {processor.py:161} INFO - Started process (PID=837) to work on /home/airflow/.local/lib/python3.8/site-packages/airflow/example_dags/example_task_group_decorator.py
[2025-05-04T22:43:34.805+0000] {processor.py:830} INFO - Processing file /home/airflow/.local/lib/python3.8/site-packages/airflow/example_dags/example_task_group_decorator.py for tasks to queue
[2025-05-04T22:43:34.805+0000] {logging_mixin.py:188} INFO - [2025-05-04T22:43:34.805+0000] {dagbag.py:538} INFO - Filling up the DagBag from /home/airflow/.local/lib/python3.8/site-packages/airflow/example_dags/example_task_group_decorator.py
[2025-05-04T22:43:34.814+0000] {processor.py:840} INFO - DAG(s) 'example_task_group_decorator' retrieved from /home/airflow/.local/lib/python3.8/site-packages/airflow/example_dags/example_task_group_decorator.py
[2025-05-04T22:43:34.828+0000] {logging_mixin.py:188} INFO - [2025-05-04T22:43:34.828+0000] {dag.py:3033} INFO - Sync 1 DAGs
[2025-05-04T22:43:34.840+0000] {logging_mixin.py:188} INFO - [2025-05-04T22:43:34.840+0000] {dag.py:3820} INFO - Setting next_dagrun for example_task_group_decorator to 2025-05-03T00:00:00+00:00, run_after=2025-05-04T00:00:00+00:00
[2025-05-04T22:43:34.850+0000] {processor.py:183} INFO - Processing /home/airflow/.local/lib/python3.8/site-packages/airflow/example_dags/example_task_group_decorator.py took 0.048 seconds
[2025-05-04T22:44:05.564+0000] {processor.py:161} INFO - Started process (PID=893) to work on /home/airflow/.local/lib/python3.8/site-packages/airflow/example_dags/example_task_group_decorator.py
[2025-05-04T22:44:05.565+0000] {processor.py:830} INFO - Processing file /home/airflow/.local/lib/python3.8/site-packages/airflow/example_dags/example_task_group_decorator.py for tasks to queue
[2025-05-04T22:44:05.568+0000] {logging_mixin.py:188} INFO - [2025-05-04T22:44:05.568+0000] {dagbag.py:538} INFO - Filling up the DagBag from /home/airflow/.local/lib/python3.8/site-packages/airflow/example_dags/example_task_group_decorator.py
[2025-05-04T22:44:05.576+0000] {processor.py:840} INFO - DAG(s) 'example_task_group_decorator' retrieved from /home/airflow/.local/lib/python3.8/site-packages/airflow/example_dags/example_task_group_decorator.py
[2025-05-04T22:44:05.590+0000] {logging_mixin.py:188} INFO - [2025-05-04T22:44:05.590+0000] {dag.py:3033} INFO - Sync 1 DAGs
[2025-05-04T22:44:05.600+0000] {logging_mixin.py:188} INFO - [2025-05-04T22:44:05.600+0000] {dag.py:3820} INFO - Setting next_dagrun for example_task_group_decorator to 2025-05-03T00:00:00+00:00, run_after=2025-05-04T00:00:00+00:00
[2025-05-04T22:44:05.608+0000] {processor.py:183} INFO - Processing /home/airflow/.local/lib/python3.8/site-packages/airflow/example_dags/example_task_group_decorator.py took 0.045 seconds
[2025-05-04T22:44:36.406+0000] {processor.py:161} INFO - Started process (PID=949) to work on /home/airflow/.local/lib/python3.8/site-packages/airflow/example_dags/example_task_group_decorator.py
[2025-05-04T22:44:36.407+0000] {processor.py:830} INFO - Processing file /home/airflow/.local/lib/python3.8/site-packages/airflow/example_dags/example_task_group_decorator.py for tasks to queue
[2025-05-04T22:44:36.408+0000] {logging_mixin.py:188} INFO - [2025-05-04T22:44:36.408+0000] {dagbag.py:538} INFO - Filling up the DagBag from /home/airflow/.local/lib/python3.8/site-packages/airflow/example_dags/example_task_group_decorator.py
[2025-05-04T22:44:36.415+0000] {processor.py:840} INFO - DAG(s) 'example_task_group_decorator' retrieved from /home/airflow/.local/lib/python3.8/site-packages/airflow/example_dags/example_task_group_decorator.py
[2025-05-04T22:44:36.429+0000] {logging_mixin.py:188} INFO - [2025-05-04T22:44:36.428+0000] {dag.py:3033} INFO - Sync 1 DAGs
[2025-05-04T22:44:36.439+0000] {logging_mixin.py:188} INFO - [2025-05-04T22:44:36.439+0000] {dag.py:3820} INFO - Setting next_dagrun for example_task_group_decorator to 2025-05-03T00:00:00+00:00, run_after=2025-05-04T00:00:00+00:00
[2025-05-04T22:44:36.453+0000] {processor.py:183} INFO - Processing /home/airflow/.local/lib/python3.8/site-packages/airflow/example_dags/example_task_group_decorator.py took 0.049 seconds
[2025-05-04T22:45:07.200+0000] {processor.py:161} INFO - Started process (PID=1005) to work on /home/airflow/.local/lib/python3.8/site-packages/airflow/example_dags/example_task_group_decorator.py
[2025-05-04T22:45:07.202+0000] {processor.py:830} INFO - Processing file /home/airflow/.local/lib/python3.8/site-packages/airflow/example_dags/example_task_group_decorator.py for tasks to queue
[2025-05-04T22:45:07.203+0000] {logging_mixin.py:188} INFO - [2025-05-04T22:45:07.203+0000] {dagbag.py:538} INFO - Filling up the DagBag from /home/airflow/.local/lib/python3.8/site-packages/airflow/example_dags/example_task_group_decorator.py
[2025-05-04T22:45:07.210+0000] {processor.py:840} INFO - DAG(s) 'example_task_group_decorator' retrieved from /home/airflow/.local/lib/python3.8/site-packages/airflow/example_dags/example_task_group_decorator.py
[2025-05-04T22:45:07.223+0000] {logging_mixin.py:188} INFO - [2025-05-04T22:45:07.222+0000] {dag.py:3033} INFO - Sync 1 DAGs
[2025-05-04T22:45:07.234+0000] {logging_mixin.py:188} INFO - [2025-05-04T22:45:07.234+0000] {dag.py:3820} INFO - Setting next_dagrun for example_task_group_decorator to 2025-05-03T00:00:00+00:00, run_after=2025-05-04T00:00:00+00:00
[2025-05-04T22:45:07.243+0000] {processor.py:183} INFO - Processing /home/airflow/.local/lib/python3.8/site-packages/airflow/example_dags/example_task_group_decorator.py took 0.044 seconds
[2025-05-04T22:45:38.129+0000] {processor.py:161} INFO - Started process (PID=1061) to work on /home/airflow/.local/lib/python3.8/site-packages/airflow/example_dags/example_task_group_decorator.py
[2025-05-04T22:45:38.130+0000] {processor.py:830} INFO - Processing file /home/airflow/.local/lib/python3.8/site-packages/airflow/example_dags/example_task_group_decorator.py for tasks to queue
[2025-05-04T22:45:38.131+0000] {logging_mixin.py:188} INFO - [2025-05-04T22:45:38.131+0000] {dagbag.py:538} INFO - Filling up the DagBag from /home/airflow/.local/lib/python3.8/site-packages/airflow/example_dags/example_task_group_decorator.py
[2025-05-04T22:45:38.136+0000] {processor.py:840} INFO - DAG(s) 'example_task_group_decorator' retrieved from /home/airflow/.local/lib/python3.8/site-packages/airflow/example_dags/example_task_group_decorator.py
[2025-05-04T22:45:38.145+0000] {logging_mixin.py:188} INFO - [2025-05-04T22:45:38.145+0000] {dag.py:3033} INFO - Sync 1 DAGs
[2025-05-04T22:45:38.154+0000] {logging_mixin.py:188} INFO - [2025-05-04T22:45:38.154+0000] {dag.py:3820} INFO - Setting next_dagrun for example_task_group_decorator to 2025-05-03T00:00:00+00:00, run_after=2025-05-04T00:00:00+00:00
[2025-05-04T22:45:38.160+0000] {processor.py:183} INFO - Processing /home/airflow/.local/lib/python3.8/site-packages/airflow/example_dags/example_task_group_decorator.py took 0.032 seconds
[2025-05-04T22:46:31.301+0000] {processor.py:161} INFO - Started process (PID=53) to work on /home/airflow/.local/lib/python3.8/site-packages/airflow/example_dags/example_task_group_decorator.py
[2025-05-04T22:46:31.307+0000] {processor.py:830} INFO - Processing file /home/airflow/.local/lib/python3.8/site-packages/airflow/example_dags/example_task_group_decorator.py for tasks to queue
[2025-05-04T22:46:31.310+0000] {logging_mixin.py:188} INFO - [2025-05-04T22:46:31.309+0000] {dagbag.py:538} INFO - Filling up the DagBag from /home/airflow/.local/lib/python3.8/site-packages/airflow/example_dags/example_task_group_decorator.py
[2025-05-04T22:46:31.322+0000] {processor.py:840} INFO - DAG(s) 'example_task_group_decorator' retrieved from /home/airflow/.local/lib/python3.8/site-packages/airflow/example_dags/example_task_group_decorator.py
[2025-05-04T22:46:31.344+0000] {logging_mixin.py:188} INFO - [2025-05-04T22:46:31.344+0000] {dag.py:3033} INFO - Sync 1 DAGs
[2025-05-04T22:46:31.384+0000] {logging_mixin.py:188} INFO - [2025-05-04T22:46:31.384+0000] {dag.py:3820} INFO - Setting next_dagrun for example_task_group_decorator to 2025-05-03T00:00:00+00:00, run_after=2025-05-04T00:00:00+00:00
[2025-05-04T22:46:31.403+0000] {processor.py:183} INFO - Processing /home/airflow/.local/lib/python3.8/site-packages/airflow/example_dags/example_task_group_decorator.py took 0.109 seconds
[2025-05-04T22:46:55.943+0000] {processor.py:161} INFO - Started process (PID=52) to work on /home/airflow/.local/lib/python3.8/site-packages/airflow/example_dags/example_task_group_decorator.py
[2025-05-04T22:46:55.944+0000] {processor.py:830} INFO - Processing file /home/airflow/.local/lib/python3.8/site-packages/airflow/example_dags/example_task_group_decorator.py for tasks to queue
[2025-05-04T22:46:55.952+0000] {logging_mixin.py:188} INFO - [2025-05-04T22:46:55.952+0000] {dagbag.py:538} INFO - Filling up the DagBag from /home/airflow/.local/lib/python3.8/site-packages/airflow/example_dags/example_task_group_decorator.py
[2025-05-04T22:46:55.968+0000] {processor.py:840} INFO - DAG(s) 'example_task_group_decorator' retrieved from /home/airflow/.local/lib/python3.8/site-packages/airflow/example_dags/example_task_group_decorator.py
[2025-05-04T22:46:55.993+0000] {logging_mixin.py:188} INFO - [2025-05-04T22:46:55.992+0000] {dag.py:3033} INFO - Sync 1 DAGs
[2025-05-04T22:46:56.008+0000] {logging_mixin.py:188} INFO - [2025-05-04T22:46:56.008+0000] {dag.py:3820} INFO - Setting next_dagrun for example_task_group_decorator to 2025-05-03T00:00:00+00:00, run_after=2025-05-04T00:00:00+00:00
[2025-05-04T22:46:56.027+0000] {processor.py:183} INFO - Processing /home/airflow/.local/lib/python3.8/site-packages/airflow/example_dags/example_task_group_decorator.py took 0.090 seconds
[2025-05-04T22:47:51.510+0000] {processor.py:161} INFO - Started process (PID=53) to work on /home/airflow/.local/lib/python3.8/site-packages/airflow/example_dags/example_task_group_decorator.py
[2025-05-04T22:47:51.512+0000] {processor.py:830} INFO - Processing file /home/airflow/.local/lib/python3.8/site-packages/airflow/example_dags/example_task_group_decorator.py for tasks to queue
[2025-05-04T22:47:51.522+0000] {logging_mixin.py:188} INFO - [2025-05-04T22:47:51.522+0000] {dagbag.py:538} INFO - Filling up the DagBag from /home/airflow/.local/lib/python3.8/site-packages/airflow/example_dags/example_task_group_decorator.py
[2025-05-04T22:47:51.530+0000] {processor.py:840} INFO - DAG(s) 'example_task_group_decorator' retrieved from /home/airflow/.local/lib/python3.8/site-packages/airflow/example_dags/example_task_group_decorator.py
[2025-05-04T22:47:51.551+0000] {logging_mixin.py:188} INFO - [2025-05-04T22:47:51.551+0000] {dag.py:3033} INFO - Sync 1 DAGs
[2025-05-04T22:47:51.584+0000] {logging_mixin.py:188} INFO - [2025-05-04T22:47:51.583+0000] {dag.py:3820} INFO - Setting next_dagrun for example_task_group_decorator to 2025-05-03T00:00:00+00:00, run_after=2025-05-04T00:00:00+00:00
[2025-05-04T22:47:51.607+0000] {processor.py:183} INFO - Processing /home/airflow/.local/lib/python3.8/site-packages/airflow/example_dags/example_task_group_decorator.py took 0.100 seconds
[2025-05-04T22:48:21.766+0000] {processor.py:161} INFO - Started process (PID=108) to work on /home/airflow/.local/lib/python3.8/site-packages/airflow/example_dags/example_task_group_decorator.py
[2025-05-04T22:48:21.767+0000] {processor.py:830} INFO - Processing file /home/airflow/.local/lib/python3.8/site-packages/airflow/example_dags/example_task_group_decorator.py for tasks to queue
[2025-05-04T22:48:21.767+0000] {logging_mixin.py:188} INFO - [2025-05-04T22:48:21.767+0000] {dagbag.py:538} INFO - Filling up the DagBag from /home/airflow/.local/lib/python3.8/site-packages/airflow/example_dags/example_task_group_decorator.py
[2025-05-04T22:48:21.773+0000] {processor.py:840} INFO - DAG(s) 'example_task_group_decorator' retrieved from /home/airflow/.local/lib/python3.8/site-packages/airflow/example_dags/example_task_group_decorator.py
[2025-05-04T22:48:21.813+0000] {logging_mixin.py:188} INFO - [2025-05-04T22:48:21.813+0000] {dag.py:3033} INFO - Sync 1 DAGs
[2025-05-04T22:48:21.825+0000] {logging_mixin.py:188} INFO - [2025-05-04T22:48:21.825+0000] {dag.py:3820} INFO - Setting next_dagrun for example_task_group_decorator to 2025-05-03T00:00:00+00:00, run_after=2025-05-04T00:00:00+00:00
[2025-05-04T22:48:21.832+0000] {processor.py:183} INFO - Processing /home/airflow/.local/lib/python3.8/site-packages/airflow/example_dags/example_task_group_decorator.py took 0.068 seconds
[2025-05-04T22:48:51.951+0000] {processor.py:161} INFO - Started process (PID=165) to work on /home/airflow/.local/lib/python3.8/site-packages/airflow/example_dags/example_task_group_decorator.py
[2025-05-04T22:48:51.952+0000] {processor.py:830} INFO - Processing file /home/airflow/.local/lib/python3.8/site-packages/airflow/example_dags/example_task_group_decorator.py for tasks to queue
[2025-05-04T22:48:51.953+0000] {logging_mixin.py:188} INFO - [2025-05-04T22:48:51.953+0000] {dagbag.py:538} INFO - Filling up the DagBag from /home/airflow/.local/lib/python3.8/site-packages/airflow/example_dags/example_task_group_decorator.py
[2025-05-04T22:48:51.959+0000] {processor.py:840} INFO - DAG(s) 'example_task_group_decorator' retrieved from /home/airflow/.local/lib/python3.8/site-packages/airflow/example_dags/example_task_group_decorator.py
[2025-05-04T22:48:51.973+0000] {logging_mixin.py:188} INFO - [2025-05-04T22:48:51.973+0000] {dag.py:3033} INFO - Sync 1 DAGs
[2025-05-04T22:48:51.984+0000] {logging_mixin.py:188} INFO - [2025-05-04T22:48:51.984+0000] {dag.py:3820} INFO - Setting next_dagrun for example_task_group_decorator to 2025-05-03T00:00:00+00:00, run_after=2025-05-04T00:00:00+00:00
[2025-05-04T22:48:51.992+0000] {processor.py:183} INFO - Processing /home/airflow/.local/lib/python3.8/site-packages/airflow/example_dags/example_task_group_decorator.py took 0.042 seconds
[2025-05-04T22:49:22.933+0000] {processor.py:161} INFO - Started process (PID=221) to work on /home/airflow/.local/lib/python3.8/site-packages/airflow/example_dags/example_task_group_decorator.py
[2025-05-04T22:49:22.934+0000] {processor.py:830} INFO - Processing file /home/airflow/.local/lib/python3.8/site-packages/airflow/example_dags/example_task_group_decorator.py for tasks to queue
[2025-05-04T22:49:22.935+0000] {logging_mixin.py:188} INFO - [2025-05-04T22:49:22.935+0000] {dagbag.py:538} INFO - Filling up the DagBag from /home/airflow/.local/lib/python3.8/site-packages/airflow/example_dags/example_task_group_decorator.py
[2025-05-04T22:49:22.941+0000] {processor.py:840} INFO - DAG(s) 'example_task_group_decorator' retrieved from /home/airflow/.local/lib/python3.8/site-packages/airflow/example_dags/example_task_group_decorator.py
[2025-05-04T22:49:22.960+0000] {logging_mixin.py:188} INFO - [2025-05-04T22:49:22.959+0000] {dag.py:3033} INFO - Sync 1 DAGs
[2025-05-04T22:49:22.974+0000] {logging_mixin.py:188} INFO - [2025-05-04T22:49:22.973+0000] {dag.py:3820} INFO - Setting next_dagrun for example_task_group_decorator to 2025-05-03T00:00:00+00:00, run_after=2025-05-04T00:00:00+00:00
[2025-05-04T22:49:22.987+0000] {processor.py:183} INFO - Processing /home/airflow/.local/lib/python3.8/site-packages/airflow/example_dags/example_task_group_decorator.py took 0.056 seconds
[2025-05-04T22:49:53.603+0000] {processor.py:161} INFO - Started process (PID=277) to work on /home/airflow/.local/lib/python3.8/site-packages/airflow/example_dags/example_task_group_decorator.py
[2025-05-04T22:49:53.603+0000] {processor.py:830} INFO - Processing file /home/airflow/.local/lib/python3.8/site-packages/airflow/example_dags/example_task_group_decorator.py for tasks to queue
[2025-05-04T22:49:53.604+0000] {logging_mixin.py:188} INFO - [2025-05-04T22:49:53.604+0000] {dagbag.py:538} INFO - Filling up the DagBag from /home/airflow/.local/lib/python3.8/site-packages/airflow/example_dags/example_task_group_decorator.py
[2025-05-04T22:49:53.609+0000] {processor.py:840} INFO - DAG(s) 'example_task_group_decorator' retrieved from /home/airflow/.local/lib/python3.8/site-packages/airflow/example_dags/example_task_group_decorator.py
[2025-05-04T22:49:53.618+0000] {logging_mixin.py:188} INFO - [2025-05-04T22:49:53.618+0000] {dag.py:3033} INFO - Sync 1 DAGs
[2025-05-04T22:49:53.626+0000] {logging_mixin.py:188} INFO - [2025-05-04T22:49:53.626+0000] {dag.py:3820} INFO - Setting next_dagrun for example_task_group_decorator to 2025-05-03T00:00:00+00:00, run_after=2025-05-04T00:00:00+00:00
[2025-05-04T22:49:53.632+0000] {processor.py:183} INFO - Processing /home/airflow/.local/lib/python3.8/site-packages/airflow/example_dags/example_task_group_decorator.py took 0.030 seconds
[2025-05-04T22:50:24.279+0000] {processor.py:161} INFO - Started process (PID=333) to work on /home/airflow/.local/lib/python3.8/site-packages/airflow/example_dags/example_task_group_decorator.py
[2025-05-04T22:50:24.282+0000] {processor.py:830} INFO - Processing file /home/airflow/.local/lib/python3.8/site-packages/airflow/example_dags/example_task_group_decorator.py for tasks to queue
[2025-05-04T22:50:24.283+0000] {logging_mixin.py:188} INFO - [2025-05-04T22:50:24.283+0000] {dagbag.py:538} INFO - Filling up the DagBag from /home/airflow/.local/lib/python3.8/site-packages/airflow/example_dags/example_task_group_decorator.py
[2025-05-04T22:50:24.290+0000] {processor.py:840} INFO - DAG(s) 'example_task_group_decorator' retrieved from /home/airflow/.local/lib/python3.8/site-packages/airflow/example_dags/example_task_group_decorator.py
[2025-05-04T22:50:24.304+0000] {logging_mixin.py:188} INFO - [2025-05-04T22:50:24.304+0000] {dag.py:3033} INFO - Sync 1 DAGs
[2025-05-04T22:50:24.313+0000] {logging_mixin.py:188} INFO - [2025-05-04T22:50:24.313+0000] {dag.py:3820} INFO - Setting next_dagrun for example_task_group_decorator to 2025-05-03T00:00:00+00:00, run_after=2025-05-04T00:00:00+00:00
[2025-05-04T22:50:24.323+0000] {processor.py:183} INFO - Processing /home/airflow/.local/lib/python3.8/site-packages/airflow/example_dags/example_task_group_decorator.py took 0.045 seconds
[2025-05-04T22:50:58.111+0000] {processor.py:161} INFO - Started process (PID=53) to work on /home/airflow/.local/lib/python3.8/site-packages/airflow/example_dags/example_task_group_decorator.py
[2025-05-04T22:50:58.113+0000] {processor.py:830} INFO - Processing file /home/airflow/.local/lib/python3.8/site-packages/airflow/example_dags/example_task_group_decorator.py for tasks to queue
[2025-05-04T22:50:58.114+0000] {logging_mixin.py:188} INFO - [2025-05-04T22:50:58.114+0000] {dagbag.py:538} INFO - Filling up the DagBag from /home/airflow/.local/lib/python3.8/site-packages/airflow/example_dags/example_task_group_decorator.py
[2025-05-04T22:50:58.139+0000] {processor.py:840} INFO - DAG(s) 'example_task_group_decorator' retrieved from /home/airflow/.local/lib/python3.8/site-packages/airflow/example_dags/example_task_group_decorator.py
[2025-05-04T22:50:58.160+0000] {logging_mixin.py:188} INFO - [2025-05-04T22:50:58.159+0000] {dag.py:3033} INFO - Sync 1 DAGs
[2025-05-04T22:50:58.194+0000] {logging_mixin.py:188} INFO - [2025-05-04T22:50:58.194+0000] {dag.py:3820} INFO - Setting next_dagrun for example_task_group_decorator to 2025-05-03T00:00:00+00:00, run_after=2025-05-04T00:00:00+00:00
[2025-05-04T22:50:58.217+0000] {processor.py:183} INFO - Processing /home/airflow/.local/lib/python3.8/site-packages/airflow/example_dags/example_task_group_decorator.py took 0.112 seconds
[2025-05-04T22:51:28.319+0000] {processor.py:161} INFO - Started process (PID=109) to work on /home/airflow/.local/lib/python3.8/site-packages/airflow/example_dags/example_task_group_decorator.py
[2025-05-04T22:51:28.321+0000] {processor.py:830} INFO - Processing file /home/airflow/.local/lib/python3.8/site-packages/airflow/example_dags/example_task_group_decorator.py for tasks to queue
[2025-05-04T22:51:28.323+0000] {logging_mixin.py:188} INFO - [2025-05-04T22:51:28.322+0000] {dagbag.py:538} INFO - Filling up the DagBag from /home/airflow/.local/lib/python3.8/site-packages/airflow/example_dags/example_task_group_decorator.py
[2025-05-04T22:51:28.333+0000] {processor.py:840} INFO - DAG(s) 'example_task_group_decorator' retrieved from /home/airflow/.local/lib/python3.8/site-packages/airflow/example_dags/example_task_group_decorator.py
[2025-05-04T22:51:28.382+0000] {logging_mixin.py:188} INFO - [2025-05-04T22:51:28.382+0000] {dag.py:3033} INFO - Sync 1 DAGs
[2025-05-04T22:51:28.392+0000] {logging_mixin.py:188} INFO - [2025-05-04T22:51:28.392+0000] {dag.py:3820} INFO - Setting next_dagrun for example_task_group_decorator to 2025-05-03T00:00:00+00:00, run_after=2025-05-04T00:00:00+00:00
[2025-05-04T22:51:28.401+0000] {processor.py:183} INFO - Processing /home/airflow/.local/lib/python3.8/site-packages/airflow/example_dags/example_task_group_decorator.py took 0.083 seconds
[2025-05-04T22:51:58.590+0000] {processor.py:161} INFO - Started process (PID=165) to work on /home/airflow/.local/lib/python3.8/site-packages/airflow/example_dags/example_task_group_decorator.py
[2025-05-04T22:51:58.591+0000] {processor.py:830} INFO - Processing file /home/airflow/.local/lib/python3.8/site-packages/airflow/example_dags/example_task_group_decorator.py for tasks to queue
[2025-05-04T22:51:58.592+0000] {logging_mixin.py:188} INFO - [2025-05-04T22:51:58.592+0000] {dagbag.py:538} INFO - Filling up the DagBag from /home/airflow/.local/lib/python3.8/site-packages/airflow/example_dags/example_task_group_decorator.py
[2025-05-04T22:51:58.600+0000] {processor.py:840} INFO - DAG(s) 'example_task_group_decorator' retrieved from /home/airflow/.local/lib/python3.8/site-packages/airflow/example_dags/example_task_group_decorator.py
[2025-05-04T22:51:58.615+0000] {logging_mixin.py:188} INFO - [2025-05-04T22:51:58.615+0000] {dag.py:3033} INFO - Sync 1 DAGs
[2025-05-04T22:51:58.624+0000] {logging_mixin.py:188} INFO - [2025-05-04T22:51:58.623+0000] {dag.py:3820} INFO - Setting next_dagrun for example_task_group_decorator to 2025-05-03T00:00:00+00:00, run_after=2025-05-04T00:00:00+00:00
[2025-05-04T22:51:58.635+0000] {processor.py:183} INFO - Processing /home/airflow/.local/lib/python3.8/site-packages/airflow/example_dags/example_task_group_decorator.py took 0.046 seconds
[2025-05-04T22:52:29.409+0000] {processor.py:161} INFO - Started process (PID=221) to work on /home/airflow/.local/lib/python3.8/site-packages/airflow/example_dags/example_task_group_decorator.py
[2025-05-04T22:52:29.409+0000] {processor.py:830} INFO - Processing file /home/airflow/.local/lib/python3.8/site-packages/airflow/example_dags/example_task_group_decorator.py for tasks to queue
[2025-05-04T22:52:29.410+0000] {logging_mixin.py:188} INFO - [2025-05-04T22:52:29.410+0000] {dagbag.py:538} INFO - Filling up the DagBag from /home/airflow/.local/lib/python3.8/site-packages/airflow/example_dags/example_task_group_decorator.py
[2025-05-04T22:52:29.417+0000] {processor.py:840} INFO - DAG(s) 'example_task_group_decorator' retrieved from /home/airflow/.local/lib/python3.8/site-packages/airflow/example_dags/example_task_group_decorator.py
[2025-05-04T22:52:29.429+0000] {logging_mixin.py:188} INFO - [2025-05-04T22:52:29.429+0000] {dag.py:3033} INFO - Sync 1 DAGs
[2025-05-04T22:52:29.439+0000] {logging_mixin.py:188} INFO - [2025-05-04T22:52:29.439+0000] {dag.py:3820} INFO - Setting next_dagrun for example_task_group_decorator to 2025-05-03T00:00:00+00:00, run_after=2025-05-04T00:00:00+00:00
[2025-05-04T22:52:29.451+0000] {processor.py:183} INFO - Processing /home/airflow/.local/lib/python3.8/site-packages/airflow/example_dags/example_task_group_decorator.py took 0.044 seconds
[2025-05-04T22:53:00.010+0000] {processor.py:161} INFO - Started process (PID=277) to work on /home/airflow/.local/lib/python3.8/site-packages/airflow/example_dags/example_task_group_decorator.py
[2025-05-04T22:53:00.011+0000] {processor.py:830} INFO - Processing file /home/airflow/.local/lib/python3.8/site-packages/airflow/example_dags/example_task_group_decorator.py for tasks to queue
[2025-05-04T22:53:00.013+0000] {logging_mixin.py:188} INFO - [2025-05-04T22:53:00.013+0000] {dagbag.py:538} INFO - Filling up the DagBag from /home/airflow/.local/lib/python3.8/site-packages/airflow/example_dags/example_task_group_decorator.py
[2025-05-04T22:53:00.019+0000] {processor.py:840} INFO - DAG(s) 'example_task_group_decorator' retrieved from /home/airflow/.local/lib/python3.8/site-packages/airflow/example_dags/example_task_group_decorator.py
[2025-05-04T22:53:00.036+0000] {logging_mixin.py:188} INFO - [2025-05-04T22:53:00.036+0000] {dag.py:3033} INFO - Sync 1 DAGs
[2025-05-04T22:53:00.044+0000] {logging_mixin.py:188} INFO - [2025-05-04T22:53:00.044+0000] {dag.py:3820} INFO - Setting next_dagrun for example_task_group_decorator to 2025-05-03T00:00:00+00:00, run_after=2025-05-04T00:00:00+00:00
[2025-05-04T22:53:00.052+0000] {processor.py:183} INFO - Processing /home/airflow/.local/lib/python3.8/site-packages/airflow/example_dags/example_task_group_decorator.py took 0.043 seconds
[2025-05-04T22:58:00.438+0000] {processor.py:161} INFO - Started process (PID=53) to work on /home/airflow/.local/lib/python3.8/site-packages/airflow/example_dags/example_task_group_decorator.py
[2025-05-04T22:58:00.441+0000] {processor.py:830} INFO - Processing file /home/airflow/.local/lib/python3.8/site-packages/airflow/example_dags/example_task_group_decorator.py for tasks to queue
[2025-05-04T22:58:00.445+0000] {logging_mixin.py:188} INFO - [2025-05-04T22:58:00.445+0000] {dagbag.py:538} INFO - Filling up the DagBag from /home/airflow/.local/lib/python3.8/site-packages/airflow/example_dags/example_task_group_decorator.py
[2025-05-04T22:58:00.453+0000] {processor.py:840} INFO - DAG(s) 'example_task_group_decorator' retrieved from /home/airflow/.local/lib/python3.8/site-packages/airflow/example_dags/example_task_group_decorator.py
[2025-05-04T22:58:00.466+0000] {logging_mixin.py:188} INFO - [2025-05-04T22:58:00.466+0000] {dag.py:3033} INFO - Sync 1 DAGs
[2025-05-04T22:58:00.483+0000] {logging_mixin.py:188} INFO - [2025-05-04T22:58:00.483+0000] {dag.py:3820} INFO - Setting next_dagrun for example_task_group_decorator to 2025-05-03T00:00:00+00:00, run_after=2025-05-04T00:00:00+00:00
[2025-05-04T22:58:00.502+0000] {processor.py:183} INFO - Processing /home/airflow/.local/lib/python3.8/site-packages/airflow/example_dags/example_task_group_decorator.py took 0.067 seconds
[2025-05-04T22:58:30.919+0000] {processor.py:161} INFO - Started process (PID=109) to work on /home/airflow/.local/lib/python3.8/site-packages/airflow/example_dags/example_task_group_decorator.py
[2025-05-04T22:58:30.921+0000] {processor.py:830} INFO - Processing file /home/airflow/.local/lib/python3.8/site-packages/airflow/example_dags/example_task_group_decorator.py for tasks to queue
[2025-05-04T22:58:30.924+0000] {logging_mixin.py:188} INFO - [2025-05-04T22:58:30.924+0000] {dagbag.py:538} INFO - Filling up the DagBag from /home/airflow/.local/lib/python3.8/site-packages/airflow/example_dags/example_task_group_decorator.py
[2025-05-04T22:58:30.932+0000] {processor.py:840} INFO - DAG(s) 'example_task_group_decorator' retrieved from /home/airflow/.local/lib/python3.8/site-packages/airflow/example_dags/example_task_group_decorator.py
[2025-05-04T22:58:30.978+0000] {logging_mixin.py:188} INFO - [2025-05-04T22:58:30.978+0000] {dag.py:3033} INFO - Sync 1 DAGs
[2025-05-04T22:58:30.988+0000] {logging_mixin.py:188} INFO - [2025-05-04T22:58:30.988+0000] {dag.py:3820} INFO - Setting next_dagrun for example_task_group_decorator to 2025-05-03T00:00:00+00:00, run_after=2025-05-04T00:00:00+00:00
[2025-05-04T22:58:31.006+0000] {processor.py:183} INFO - Processing /home/airflow/.local/lib/python3.8/site-packages/airflow/example_dags/example_task_group_decorator.py took 0.089 seconds
[2025-05-04T22:59:01.251+0000] {processor.py:161} INFO - Started process (PID=165) to work on /home/airflow/.local/lib/python3.8/site-packages/airflow/example_dags/example_task_group_decorator.py
[2025-05-04T22:59:01.252+0000] {processor.py:830} INFO - Processing file /home/airflow/.local/lib/python3.8/site-packages/airflow/example_dags/example_task_group_decorator.py for tasks to queue
[2025-05-04T22:59:01.254+0000] {logging_mixin.py:188} INFO - [2025-05-04T22:59:01.254+0000] {dagbag.py:538} INFO - Filling up the DagBag from /home/airflow/.local/lib/python3.8/site-packages/airflow/example_dags/example_task_group_decorator.py
[2025-05-04T22:59:01.261+0000] {processor.py:840} INFO - DAG(s) 'example_task_group_decorator' retrieved from /home/airflow/.local/lib/python3.8/site-packages/airflow/example_dags/example_task_group_decorator.py
[2025-05-04T22:59:01.280+0000] {logging_mixin.py:188} INFO - [2025-05-04T22:59:01.280+0000] {dag.py:3033} INFO - Sync 1 DAGs
[2025-05-04T22:59:01.292+0000] {logging_mixin.py:188} INFO - [2025-05-04T22:59:01.292+0000] {dag.py:3820} INFO - Setting next_dagrun for example_task_group_decorator to 2025-05-03T00:00:00+00:00, run_after=2025-05-04T00:00:00+00:00
[2025-05-04T22:59:01.303+0000] {processor.py:183} INFO - Processing /home/airflow/.local/lib/python3.8/site-packages/airflow/example_dags/example_task_group_decorator.py took 0.054 seconds
[2025-05-04T22:59:32.039+0000] {processor.py:161} INFO - Started process (PID=221) to work on /home/airflow/.local/lib/python3.8/site-packages/airflow/example_dags/example_task_group_decorator.py
[2025-05-04T22:59:32.039+0000] {processor.py:830} INFO - Processing file /home/airflow/.local/lib/python3.8/site-packages/airflow/example_dags/example_task_group_decorator.py for tasks to queue
[2025-05-04T22:59:32.040+0000] {logging_mixin.py:188} INFO - [2025-05-04T22:59:32.040+0000] {dagbag.py:538} INFO - Filling up the DagBag from /home/airflow/.local/lib/python3.8/site-packages/airflow/example_dags/example_task_group_decorator.py
[2025-05-04T22:59:32.046+0000] {processor.py:840} INFO - DAG(s) 'example_task_group_decorator' retrieved from /home/airflow/.local/lib/python3.8/site-packages/airflow/example_dags/example_task_group_decorator.py
[2025-05-04T22:59:32.055+0000] {logging_mixin.py:188} INFO - [2025-05-04T22:59:32.055+0000] {dag.py:3033} INFO - Sync 1 DAGs
[2025-05-04T22:59:32.063+0000] {logging_mixin.py:188} INFO - [2025-05-04T22:59:32.063+0000] {dag.py:3820} INFO - Setting next_dagrun for example_task_group_decorator to 2025-05-03T00:00:00+00:00, run_after=2025-05-04T00:00:00+00:00
[2025-05-04T22:59:32.069+0000] {processor.py:183} INFO - Processing /home/airflow/.local/lib/python3.8/site-packages/airflow/example_dags/example_task_group_decorator.py took 0.032 seconds
[2025-05-04T23:00:02.890+0000] {processor.py:161} INFO - Started process (PID=277) to work on /home/airflow/.local/lib/python3.8/site-packages/airflow/example_dags/example_task_group_decorator.py
[2025-05-04T23:00:02.891+0000] {processor.py:830} INFO - Processing file /home/airflow/.local/lib/python3.8/site-packages/airflow/example_dags/example_task_group_decorator.py for tasks to queue
[2025-05-04T23:00:02.892+0000] {logging_mixin.py:188} INFO - [2025-05-04T23:00:02.892+0000] {dagbag.py:538} INFO - Filling up the DagBag from /home/airflow/.local/lib/python3.8/site-packages/airflow/example_dags/example_task_group_decorator.py
[2025-05-04T23:00:02.897+0000] {processor.py:840} INFO - DAG(s) 'example_task_group_decorator' retrieved from /home/airflow/.local/lib/python3.8/site-packages/airflow/example_dags/example_task_group_decorator.py
[2025-05-04T23:00:02.907+0000] {logging_mixin.py:188} INFO - [2025-05-04T23:00:02.906+0000] {dag.py:3033} INFO - Sync 1 DAGs
[2025-05-04T23:00:02.914+0000] {logging_mixin.py:188} INFO - [2025-05-04T23:00:02.914+0000] {dag.py:3820} INFO - Setting next_dagrun for example_task_group_decorator to 2025-05-03T00:00:00+00:00, run_after=2025-05-04T00:00:00+00:00
[2025-05-04T23:00:02.920+0000] {processor.py:183} INFO - Processing /home/airflow/.local/lib/python3.8/site-packages/airflow/example_dags/example_task_group_decorator.py took 0.032 seconds
[2025-05-04T23:00:33.541+0000] {processor.py:161} INFO - Started process (PID=333) to work on /home/airflow/.local/lib/python3.8/site-packages/airflow/example_dags/example_task_group_decorator.py
[2025-05-04T23:00:33.542+0000] {processor.py:830} INFO - Processing file /home/airflow/.local/lib/python3.8/site-packages/airflow/example_dags/example_task_group_decorator.py for tasks to queue
[2025-05-04T23:00:33.543+0000] {logging_mixin.py:188} INFO - [2025-05-04T23:00:33.543+0000] {dagbag.py:538} INFO - Filling up the DagBag from /home/airflow/.local/lib/python3.8/site-packages/airflow/example_dags/example_task_group_decorator.py
[2025-05-04T23:00:33.548+0000] {processor.py:840} INFO - DAG(s) 'example_task_group_decorator' retrieved from /home/airflow/.local/lib/python3.8/site-packages/airflow/example_dags/example_task_group_decorator.py
[2025-05-04T23:00:33.558+0000] {logging_mixin.py:188} INFO - [2025-05-04T23:00:33.558+0000] {dag.py:3033} INFO - Sync 1 DAGs
[2025-05-04T23:00:33.568+0000] {logging_mixin.py:188} INFO - [2025-05-04T23:00:33.568+0000] {dag.py:3820} INFO - Setting next_dagrun for example_task_group_decorator to 2025-05-03T00:00:00+00:00, run_after=2025-05-04T00:00:00+00:00
[2025-05-04T23:00:33.577+0000] {processor.py:183} INFO - Processing /home/airflow/.local/lib/python3.8/site-packages/airflow/example_dags/example_task_group_decorator.py took 0.037 seconds
[2025-05-04T23:01:04.217+0000] {processor.py:161} INFO - Started process (PID=395) to work on /home/airflow/.local/lib/python3.8/site-packages/airflow/example_dags/example_task_group_decorator.py
[2025-05-04T23:01:04.217+0000] {processor.py:830} INFO - Processing file /home/airflow/.local/lib/python3.8/site-packages/airflow/example_dags/example_task_group_decorator.py for tasks to queue
[2025-05-04T23:01:04.218+0000] {logging_mixin.py:188} INFO - [2025-05-04T23:01:04.218+0000] {dagbag.py:538} INFO - Filling up the DagBag from /home/airflow/.local/lib/python3.8/site-packages/airflow/example_dags/example_task_group_decorator.py
[2025-05-04T23:01:04.224+0000] {processor.py:840} INFO - DAG(s) 'example_task_group_decorator' retrieved from /home/airflow/.local/lib/python3.8/site-packages/airflow/example_dags/example_task_group_decorator.py
[2025-05-04T23:01:04.234+0000] {logging_mixin.py:188} INFO - [2025-05-04T23:01:04.234+0000] {dag.py:3033} INFO - Sync 1 DAGs
[2025-05-04T23:01:04.245+0000] {logging_mixin.py:188} INFO - [2025-05-04T23:01:04.245+0000] {dag.py:3820} INFO - Setting next_dagrun for example_task_group_decorator to 2025-05-03T00:00:00+00:00, run_after=2025-05-04T00:00:00+00:00
[2025-05-04T23:01:04.257+0000] {processor.py:183} INFO - Processing /home/airflow/.local/lib/python3.8/site-packages/airflow/example_dags/example_task_group_decorator.py took 0.041 seconds
[2025-05-04T23:01:34.812+0000] {processor.py:161} INFO - Started process (PID=451) to work on /home/airflow/.local/lib/python3.8/site-packages/airflow/example_dags/example_task_group_decorator.py
[2025-05-04T23:01:34.812+0000] {processor.py:830} INFO - Processing file /home/airflow/.local/lib/python3.8/site-packages/airflow/example_dags/example_task_group_decorator.py for tasks to queue
[2025-05-04T23:01:34.813+0000] {logging_mixin.py:188} INFO - [2025-05-04T23:01:34.813+0000] {dagbag.py:538} INFO - Filling up the DagBag from /home/airflow/.local/lib/python3.8/site-packages/airflow/example_dags/example_task_group_decorator.py
[2025-05-04T23:01:34.818+0000] {processor.py:840} INFO - DAG(s) 'example_task_group_decorator' retrieved from /home/airflow/.local/lib/python3.8/site-packages/airflow/example_dags/example_task_group_decorator.py
[2025-05-04T23:01:34.834+0000] {logging_mixin.py:188} INFO - [2025-05-04T23:01:34.833+0000] {dag.py:3033} INFO - Sync 1 DAGs
[2025-05-04T23:01:34.842+0000] {logging_mixin.py:188} INFO - [2025-05-04T23:01:34.842+0000] {dag.py:3820} INFO - Setting next_dagrun for example_task_group_decorator to 2025-05-03T00:00:00+00:00, run_after=2025-05-04T00:00:00+00:00
[2025-05-04T23:01:34.850+0000] {processor.py:183} INFO - Processing /home/airflow/.local/lib/python3.8/site-packages/airflow/example_dags/example_task_group_decorator.py took 0.040 seconds
[2025-05-04T23:02:05.349+0000] {processor.py:161} INFO - Started process (PID=507) to work on /home/airflow/.local/lib/python3.8/site-packages/airflow/example_dags/example_task_group_decorator.py
[2025-05-04T23:02:05.351+0000] {processor.py:830} INFO - Processing file /home/airflow/.local/lib/python3.8/site-packages/airflow/example_dags/example_task_group_decorator.py for tasks to queue
[2025-05-04T23:02:05.353+0000] {logging_mixin.py:188} INFO - [2025-05-04T23:02:05.353+0000] {dagbag.py:538} INFO - Filling up the DagBag from /home/airflow/.local/lib/python3.8/site-packages/airflow/example_dags/example_task_group_decorator.py
[2025-05-04T23:02:05.359+0000] {processor.py:840} INFO - DAG(s) 'example_task_group_decorator' retrieved from /home/airflow/.local/lib/python3.8/site-packages/airflow/example_dags/example_task_group_decorator.py
[2025-05-04T23:02:05.370+0000] {logging_mixin.py:188} INFO - [2025-05-04T23:02:05.370+0000] {dag.py:3033} INFO - Sync 1 DAGs
[2025-05-04T23:02:05.379+0000] {logging_mixin.py:188} INFO - [2025-05-04T23:02:05.379+0000] {dag.py:3820} INFO - Setting next_dagrun for example_task_group_decorator to 2025-05-03T00:00:00+00:00, run_after=2025-05-04T00:00:00+00:00
[2025-05-04T23:02:05.393+0000] {processor.py:183} INFO - Processing /home/airflow/.local/lib/python3.8/site-packages/airflow/example_dags/example_task_group_decorator.py took 0.045 seconds
[2025-05-04T23:02:35.887+0000] {processor.py:161} INFO - Started process (PID=563) to work on /home/airflow/.local/lib/python3.8/site-packages/airflow/example_dags/example_task_group_decorator.py
[2025-05-04T23:02:35.888+0000] {processor.py:830} INFO - Processing file /home/airflow/.local/lib/python3.8/site-packages/airflow/example_dags/example_task_group_decorator.py for tasks to queue
[2025-05-04T23:02:35.890+0000] {logging_mixin.py:188} INFO - [2025-05-04T23:02:35.890+0000] {dagbag.py:538} INFO - Filling up the DagBag from /home/airflow/.local/lib/python3.8/site-packages/airflow/example_dags/example_task_group_decorator.py
[2025-05-04T23:02:35.897+0000] {processor.py:840} INFO - DAG(s) 'example_task_group_decorator' retrieved from /home/airflow/.local/lib/python3.8/site-packages/airflow/example_dags/example_task_group_decorator.py
[2025-05-04T23:02:35.909+0000] {logging_mixin.py:188} INFO - [2025-05-04T23:02:35.909+0000] {dag.py:3033} INFO - Sync 1 DAGs
[2025-05-04T23:02:35.918+0000] {logging_mixin.py:188} INFO - [2025-05-04T23:02:35.918+0000] {dag.py:3820} INFO - Setting next_dagrun for example_task_group_decorator to 2025-05-03T00:00:00+00:00, run_after=2025-05-04T00:00:00+00:00
[2025-05-04T23:02:35.926+0000] {processor.py:183} INFO - Processing /home/airflow/.local/lib/python3.8/site-packages/airflow/example_dags/example_task_group_decorator.py took 0.041 seconds
[2025-05-04T23:03:06.711+0000] {processor.py:161} INFO - Started process (PID=619) to work on /home/airflow/.local/lib/python3.8/site-packages/airflow/example_dags/example_task_group_decorator.py
[2025-05-04T23:03:06.712+0000] {processor.py:830} INFO - Processing file /home/airflow/.local/lib/python3.8/site-packages/airflow/example_dags/example_task_group_decorator.py for tasks to queue
[2025-05-04T23:03:06.713+0000] {logging_mixin.py:188} INFO - [2025-05-04T23:03:06.713+0000] {dagbag.py:538} INFO - Filling up the DagBag from /home/airflow/.local/lib/python3.8/site-packages/airflow/example_dags/example_task_group_decorator.py
[2025-05-04T23:03:06.719+0000] {processor.py:840} INFO - DAG(s) 'example_task_group_decorator' retrieved from /home/airflow/.local/lib/python3.8/site-packages/airflow/example_dags/example_task_group_decorator.py
[2025-05-04T23:03:06.733+0000] {logging_mixin.py:188} INFO - [2025-05-04T23:03:06.733+0000] {dag.py:3033} INFO - Sync 1 DAGs
[2025-05-04T23:03:06.744+0000] {logging_mixin.py:188} INFO - [2025-05-04T23:03:06.744+0000] {dag.py:3820} INFO - Setting next_dagrun for example_task_group_decorator to 2025-05-03T00:00:00+00:00, run_after=2025-05-04T00:00:00+00:00
[2025-05-04T23:03:06.753+0000] {processor.py:183} INFO - Processing /home/airflow/.local/lib/python3.8/site-packages/airflow/example_dags/example_task_group_decorator.py took 0.044 seconds
[2025-05-04T23:03:37.280+0000] {processor.py:161} INFO - Started process (PID=675) to work on /home/airflow/.local/lib/python3.8/site-packages/airflow/example_dags/example_task_group_decorator.py
[2025-05-04T23:03:37.281+0000] {processor.py:830} INFO - Processing file /home/airflow/.local/lib/python3.8/site-packages/airflow/example_dags/example_task_group_decorator.py for tasks to queue
[2025-05-04T23:03:37.283+0000] {logging_mixin.py:188} INFO - [2025-05-04T23:03:37.283+0000] {dagbag.py:538} INFO - Filling up the DagBag from /home/airflow/.local/lib/python3.8/site-packages/airflow/example_dags/example_task_group_decorator.py
[2025-05-04T23:03:37.289+0000] {processor.py:840} INFO - DAG(s) 'example_task_group_decorator' retrieved from /home/airflow/.local/lib/python3.8/site-packages/airflow/example_dags/example_task_group_decorator.py
[2025-05-04T23:03:37.300+0000] {logging_mixin.py:188} INFO - [2025-05-04T23:03:37.300+0000] {dag.py:3033} INFO - Sync 1 DAGs
[2025-05-04T23:03:37.309+0000] {logging_mixin.py:188} INFO - [2025-05-04T23:03:37.309+0000] {dag.py:3820} INFO - Setting next_dagrun for example_task_group_decorator to 2025-05-03T00:00:00+00:00, run_after=2025-05-04T00:00:00+00:00
[2025-05-04T23:03:37.322+0000] {processor.py:183} INFO - Processing /home/airflow/.local/lib/python3.8/site-packages/airflow/example_dags/example_task_group_decorator.py took 0.043 seconds
[2025-05-04T23:04:28.301+0000] {processor.py:161} INFO - Started process (PID=58) to work on /home/airflow/.local/lib/python3.8/site-packages/airflow/example_dags/example_task_group_decorator.py
[2025-05-04T23:04:28.303+0000] {processor.py:830} INFO - Processing file /home/airflow/.local/lib/python3.8/site-packages/airflow/example_dags/example_task_group_decorator.py for tasks to queue
[2025-05-04T23:04:28.305+0000] {logging_mixin.py:188} INFO - [2025-05-04T23:04:28.304+0000] {dagbag.py:538} INFO - Filling up the DagBag from /home/airflow/.local/lib/python3.8/site-packages/airflow/example_dags/example_task_group_decorator.py
[2025-05-04T23:04:28.312+0000] {processor.py:840} INFO - DAG(s) 'example_task_group_decorator' retrieved from /home/airflow/.local/lib/python3.8/site-packages/airflow/example_dags/example_task_group_decorator.py
[2025-05-04T23:04:28.325+0000] {logging_mixin.py:188} INFO - [2025-05-04T23:04:28.325+0000] {dag.py:3033} INFO - Sync 1 DAGs
[2025-05-04T23:04:28.353+0000] {logging_mixin.py:188} INFO - [2025-05-04T23:04:28.353+0000] {dag.py:3820} INFO - Setting next_dagrun for example_task_group_decorator to 2025-05-03T00:00:00+00:00, run_after=2025-05-04T00:00:00+00:00
[2025-05-04T23:04:28.368+0000] {processor.py:183} INFO - Processing /home/airflow/.local/lib/python3.8/site-packages/airflow/example_dags/example_task_group_decorator.py took 0.069 seconds
[2025-05-04T23:04:58.396+0000] {processor.py:161} INFO - Started process (PID=114) to work on /home/airflow/.local/lib/python3.8/site-packages/airflow/example_dags/example_task_group_decorator.py
[2025-05-04T23:04:58.397+0000] {processor.py:830} INFO - Processing file /home/airflow/.local/lib/python3.8/site-packages/airflow/example_dags/example_task_group_decorator.py for tasks to queue
[2025-05-04T23:04:58.398+0000] {logging_mixin.py:188} INFO - [2025-05-04T23:04:58.397+0000] {dagbag.py:538} INFO - Filling up the DagBag from /home/airflow/.local/lib/python3.8/site-packages/airflow/example_dags/example_task_group_decorator.py
[2025-05-04T23:04:58.404+0000] {processor.py:840} INFO - DAG(s) 'example_task_group_decorator' retrieved from /home/airflow/.local/lib/python3.8/site-packages/airflow/example_dags/example_task_group_decorator.py
[2025-05-04T23:04:58.450+0000] {logging_mixin.py:188} INFO - [2025-05-04T23:04:58.450+0000] {dag.py:3033} INFO - Sync 1 DAGs
[2025-05-04T23:04:58.458+0000] {logging_mixin.py:188} INFO - [2025-05-04T23:04:58.458+0000] {dag.py:3820} INFO - Setting next_dagrun for example_task_group_decorator to 2025-05-03T00:00:00+00:00, run_after=2025-05-04T00:00:00+00:00
[2025-05-04T23:04:58.467+0000] {processor.py:183} INFO - Processing /home/airflow/.local/lib/python3.8/site-packages/airflow/example_dags/example_task_group_decorator.py took 0.073 seconds
[2025-05-04T23:05:28.606+0000] {processor.py:161} INFO - Started process (PID=170) to work on /home/airflow/.local/lib/python3.8/site-packages/airflow/example_dags/example_task_group_decorator.py
[2025-05-04T23:05:28.608+0000] {processor.py:830} INFO - Processing file /home/airflow/.local/lib/python3.8/site-packages/airflow/example_dags/example_task_group_decorator.py for tasks to queue
[2025-05-04T23:05:28.609+0000] {logging_mixin.py:188} INFO - [2025-05-04T23:05:28.609+0000] {dagbag.py:538} INFO - Filling up the DagBag from /home/airflow/.local/lib/python3.8/site-packages/airflow/example_dags/example_task_group_decorator.py
[2025-05-04T23:05:28.615+0000] {processor.py:840} INFO - DAG(s) 'example_task_group_decorator' retrieved from /home/airflow/.local/lib/python3.8/site-packages/airflow/example_dags/example_task_group_decorator.py
[2025-05-04T23:05:28.626+0000] {logging_mixin.py:188} INFO - [2025-05-04T23:05:28.625+0000] {dag.py:3033} INFO - Sync 1 DAGs
[2025-05-04T23:05:28.637+0000] {logging_mixin.py:188} INFO - [2025-05-04T23:05:28.637+0000] {dag.py:3820} INFO - Setting next_dagrun for example_task_group_decorator to 2025-05-03T00:00:00+00:00, run_after=2025-05-04T00:00:00+00:00
[2025-05-04T23:05:28.649+0000] {processor.py:183} INFO - Processing /home/airflow/.local/lib/python3.8/site-packages/airflow/example_dags/example_task_group_decorator.py took 0.044 seconds
[2025-05-04T23:06:31.063+0000] {processor.py:161} INFO - Started process (PID=53) to work on /home/airflow/.local/lib/python3.8/site-packages/airflow/example_dags/example_task_group_decorator.py
[2025-05-04T23:06:31.064+0000] {processor.py:830} INFO - Processing file /home/airflow/.local/lib/python3.8/site-packages/airflow/example_dags/example_task_group_decorator.py for tasks to queue
[2025-05-04T23:06:31.067+0000] {logging_mixin.py:188} INFO - [2025-05-04T23:06:31.067+0000] {dagbag.py:538} INFO - Filling up the DagBag from /home/airflow/.local/lib/python3.8/site-packages/airflow/example_dags/example_task_group_decorator.py
[2025-05-04T23:06:31.075+0000] {processor.py:840} INFO - DAG(s) 'example_task_group_decorator' retrieved from /home/airflow/.local/lib/python3.8/site-packages/airflow/example_dags/example_task_group_decorator.py
[2025-05-04T23:06:31.082+0000] {logging_mixin.py:188} INFO - [2025-05-04T23:06:31.082+0000] {dag.py:3033} INFO - Sync 1 DAGs
[2025-05-04T23:06:31.100+0000] {logging_mixin.py:188} INFO - [2025-05-04T23:06:31.100+0000] {dag.py:3820} INFO - Setting next_dagrun for example_task_group_decorator to 2025-05-03T00:00:00+00:00, run_after=2025-05-04T00:00:00+00:00
[2025-05-04T23:06:31.126+0000] {processor.py:183} INFO - Processing /home/airflow/.local/lib/python3.8/site-packages/airflow/example_dags/example_task_group_decorator.py took 0.064 seconds
[2025-05-04T23:07:01.334+0000] {processor.py:161} INFO - Started process (PID=109) to work on /home/airflow/.local/lib/python3.8/site-packages/airflow/example_dags/example_task_group_decorator.py
[2025-05-04T23:07:01.335+0000] {processor.py:830} INFO - Processing file /home/airflow/.local/lib/python3.8/site-packages/airflow/example_dags/example_task_group_decorator.py for tasks to queue
[2025-05-04T23:07:01.336+0000] {logging_mixin.py:188} INFO - [2025-05-04T23:07:01.336+0000] {dagbag.py:538} INFO - Filling up the DagBag from /home/airflow/.local/lib/python3.8/site-packages/airflow/example_dags/example_task_group_decorator.py
[2025-05-04T23:07:01.342+0000] {processor.py:840} INFO - DAG(s) 'example_task_group_decorator' retrieved from /home/airflow/.local/lib/python3.8/site-packages/airflow/example_dags/example_task_group_decorator.py
[2025-05-04T23:07:01.389+0000] {logging_mixin.py:188} INFO - [2025-05-04T23:07:01.389+0000] {dag.py:3033} INFO - Sync 1 DAGs
[2025-05-04T23:07:01.397+0000] {logging_mixin.py:188} INFO - [2025-05-04T23:07:01.397+0000] {dag.py:3820} INFO - Setting next_dagrun for example_task_group_decorator to 2025-05-03T00:00:00+00:00, run_after=2025-05-04T00:00:00+00:00
[2025-05-04T23:07:01.407+0000] {processor.py:183} INFO - Processing /home/airflow/.local/lib/python3.8/site-packages/airflow/example_dags/example_task_group_decorator.py took 0.074 seconds
[2025-05-04T23:07:31.442+0000] {processor.py:161} INFO - Started process (PID=165) to work on /home/airflow/.local/lib/python3.8/site-packages/airflow/example_dags/example_task_group_decorator.py
[2025-05-04T23:07:31.443+0000] {processor.py:830} INFO - Processing file /home/airflow/.local/lib/python3.8/site-packages/airflow/example_dags/example_task_group_decorator.py for tasks to queue
[2025-05-04T23:07:31.445+0000] {logging_mixin.py:188} INFO - [2025-05-04T23:07:31.444+0000] {dagbag.py:538} INFO - Filling up the DagBag from /home/airflow/.local/lib/python3.8/site-packages/airflow/example_dags/example_task_group_decorator.py
[2025-05-04T23:07:31.451+0000] {processor.py:840} INFO - DAG(s) 'example_task_group_decorator' retrieved from /home/airflow/.local/lib/python3.8/site-packages/airflow/example_dags/example_task_group_decorator.py
[2025-05-04T23:07:31.463+0000] {logging_mixin.py:188} INFO - [2025-05-04T23:07:31.463+0000] {dag.py:3033} INFO - Sync 1 DAGs
[2025-05-04T23:07:31.472+0000] {logging_mixin.py:188} INFO - [2025-05-04T23:07:31.472+0000] {dag.py:3820} INFO - Setting next_dagrun for example_task_group_decorator to 2025-05-03T00:00:00+00:00, run_after=2025-05-04T00:00:00+00:00
[2025-05-04T23:07:31.483+0000] {processor.py:183} INFO - Processing /home/airflow/.local/lib/python3.8/site-packages/airflow/example_dags/example_task_group_decorator.py took 0.043 seconds
[2025-05-04T23:08:01.991+0000] {processor.py:161} INFO - Started process (PID=221) to work on /home/airflow/.local/lib/python3.8/site-packages/airflow/example_dags/example_task_group_decorator.py
[2025-05-04T23:08:01.993+0000] {processor.py:830} INFO - Processing file /home/airflow/.local/lib/python3.8/site-packages/airflow/example_dags/example_task_group_decorator.py for tasks to queue
[2025-05-04T23:08:01.995+0000] {logging_mixin.py:188} INFO - [2025-05-04T23:08:01.995+0000] {dagbag.py:538} INFO - Filling up the DagBag from /home/airflow/.local/lib/python3.8/site-packages/airflow/example_dags/example_task_group_decorator.py
[2025-05-04T23:08:02.001+0000] {processor.py:840} INFO - DAG(s) 'example_task_group_decorator' retrieved from /home/airflow/.local/lib/python3.8/site-packages/airflow/example_dags/example_task_group_decorator.py
[2025-05-04T23:08:02.012+0000] {logging_mixin.py:188} INFO - [2025-05-04T23:08:02.012+0000] {dag.py:3033} INFO - Sync 1 DAGs
[2025-05-04T23:08:02.020+0000] {logging_mixin.py:188} INFO - [2025-05-04T23:08:02.020+0000] {dag.py:3820} INFO - Setting next_dagrun for example_task_group_decorator to 2025-05-03T00:00:00+00:00, run_after=2025-05-04T00:00:00+00:00
[2025-05-04T23:08:02.030+0000] {processor.py:183} INFO - Processing /home/airflow/.local/lib/python3.8/site-packages/airflow/example_dags/example_task_group_decorator.py took 0.040 seconds
[2025-05-04T23:08:32.607+0000] {processor.py:161} INFO - Started process (PID=283) to work on /home/airflow/.local/lib/python3.8/site-packages/airflow/example_dags/example_task_group_decorator.py
[2025-05-04T23:08:32.607+0000] {processor.py:830} INFO - Processing file /home/airflow/.local/lib/python3.8/site-packages/airflow/example_dags/example_task_group_decorator.py for tasks to queue
[2025-05-04T23:08:32.609+0000] {logging_mixin.py:188} INFO - [2025-05-04T23:08:32.609+0000] {dagbag.py:538} INFO - Filling up the DagBag from /home/airflow/.local/lib/python3.8/site-packages/airflow/example_dags/example_task_group_decorator.py
[2025-05-04T23:08:32.615+0000] {processor.py:840} INFO - DAG(s) 'example_task_group_decorator' retrieved from /home/airflow/.local/lib/python3.8/site-packages/airflow/example_dags/example_task_group_decorator.py
[2025-05-04T23:08:32.626+0000] {logging_mixin.py:188} INFO - [2025-05-04T23:08:32.626+0000] {dag.py:3033} INFO - Sync 1 DAGs
[2025-05-04T23:08:32.637+0000] {logging_mixin.py:188} INFO - [2025-05-04T23:08:32.637+0000] {dag.py:3820} INFO - Setting next_dagrun for example_task_group_decorator to 2025-05-03T00:00:00+00:00, run_after=2025-05-04T00:00:00+00:00
[2025-05-04T23:08:32.649+0000] {processor.py:183} INFO - Processing /home/airflow/.local/lib/python3.8/site-packages/airflow/example_dags/example_task_group_decorator.py took 0.044 seconds
[2025-05-04T23:09:03.278+0000] {processor.py:161} INFO - Started process (PID=338) to work on /home/airflow/.local/lib/python3.8/site-packages/airflow/example_dags/example_task_group_decorator.py
[2025-05-04T23:09:03.278+0000] {processor.py:830} INFO - Processing file /home/airflow/.local/lib/python3.8/site-packages/airflow/example_dags/example_task_group_decorator.py for tasks to queue
[2025-05-04T23:09:03.279+0000] {logging_mixin.py:188} INFO - [2025-05-04T23:09:03.279+0000] {dagbag.py:538} INFO - Filling up the DagBag from /home/airflow/.local/lib/python3.8/site-packages/airflow/example_dags/example_task_group_decorator.py
[2025-05-04T23:09:03.287+0000] {processor.py:840} INFO - DAG(s) 'example_task_group_decorator' retrieved from /home/airflow/.local/lib/python3.8/site-packages/airflow/example_dags/example_task_group_decorator.py
[2025-05-04T23:09:03.348+0000] {logging_mixin.py:188} INFO - [2025-05-04T23:09:03.347+0000] {dag.py:3033} INFO - Sync 1 DAGs
[2025-05-04T23:09:03.365+0000] {logging_mixin.py:188} INFO - [2025-05-04T23:09:03.364+0000] {dag.py:3820} INFO - Setting next_dagrun for example_task_group_decorator to 2025-05-03T00:00:00+00:00, run_after=2025-05-04T00:00:00+00:00
[2025-05-04T23:09:03.378+0000] {processor.py:183} INFO - Processing /home/airflow/.local/lib/python3.8/site-packages/airflow/example_dags/example_task_group_decorator.py took 0.102 seconds
[2025-05-04T23:09:33.440+0000] {processor.py:161} INFO - Started process (PID=394) to work on /home/airflow/.local/lib/python3.8/site-packages/airflow/example_dags/example_task_group_decorator.py
[2025-05-04T23:09:33.441+0000] {processor.py:830} INFO - Processing file /home/airflow/.local/lib/python3.8/site-packages/airflow/example_dags/example_task_group_decorator.py for tasks to queue
[2025-05-04T23:09:33.442+0000] {logging_mixin.py:188} INFO - [2025-05-04T23:09:33.442+0000] {dagbag.py:538} INFO - Filling up the DagBag from /home/airflow/.local/lib/python3.8/site-packages/airflow/example_dags/example_task_group_decorator.py
[2025-05-04T23:09:33.449+0000] {processor.py:840} INFO - DAG(s) 'example_task_group_decorator' retrieved from /home/airflow/.local/lib/python3.8/site-packages/airflow/example_dags/example_task_group_decorator.py
[2025-05-04T23:09:33.462+0000] {logging_mixin.py:188} INFO - [2025-05-04T23:09:33.462+0000] {dag.py:3033} INFO - Sync 1 DAGs
[2025-05-04T23:09:33.473+0000] {logging_mixin.py:188} INFO - [2025-05-04T23:09:33.473+0000] {dag.py:3820} INFO - Setting next_dagrun for example_task_group_decorator to 2025-05-03T00:00:00+00:00, run_after=2025-05-04T00:00:00+00:00
[2025-05-04T23:09:33.484+0000] {processor.py:183} INFO - Processing /home/airflow/.local/lib/python3.8/site-packages/airflow/example_dags/example_task_group_decorator.py took 0.045 seconds
[2025-05-04T23:10:04.210+0000] {processor.py:161} INFO - Started process (PID=450) to work on /home/airflow/.local/lib/python3.8/site-packages/airflow/example_dags/example_task_group_decorator.py
[2025-05-04T23:10:04.210+0000] {processor.py:830} INFO - Processing file /home/airflow/.local/lib/python3.8/site-packages/airflow/example_dags/example_task_group_decorator.py for tasks to queue
[2025-05-04T23:10:04.212+0000] {logging_mixin.py:188} INFO - [2025-05-04T23:10:04.212+0000] {dagbag.py:538} INFO - Filling up the DagBag from /home/airflow/.local/lib/python3.8/site-packages/airflow/example_dags/example_task_group_decorator.py
[2025-05-04T23:10:04.222+0000] {processor.py:840} INFO - DAG(s) 'example_task_group_decorator' retrieved from /home/airflow/.local/lib/python3.8/site-packages/airflow/example_dags/example_task_group_decorator.py
[2025-05-04T23:10:04.236+0000] {logging_mixin.py:188} INFO - [2025-05-04T23:10:04.236+0000] {dag.py:3033} INFO - Sync 1 DAGs
[2025-05-04T23:10:04.244+0000] {logging_mixin.py:188} INFO - [2025-05-04T23:10:04.244+0000] {dag.py:3820} INFO - Setting next_dagrun for example_task_group_decorator to 2025-05-03T00:00:00+00:00, run_after=2025-05-04T00:00:00+00:00
[2025-05-04T23:10:04.256+0000] {processor.py:183} INFO - Processing /home/airflow/.local/lib/python3.8/site-packages/airflow/example_dags/example_task_group_decorator.py took 0.048 seconds
[2025-05-04T23:10:34.899+0000] {processor.py:161} INFO - Started process (PID=506) to work on /home/airflow/.local/lib/python3.8/site-packages/airflow/example_dags/example_task_group_decorator.py
[2025-05-04T23:10:34.900+0000] {processor.py:830} INFO - Processing file /home/airflow/.local/lib/python3.8/site-packages/airflow/example_dags/example_task_group_decorator.py for tasks to queue
[2025-05-04T23:10:34.901+0000] {logging_mixin.py:188} INFO - [2025-05-04T23:10:34.900+0000] {dagbag.py:538} INFO - Filling up the DagBag from /home/airflow/.local/lib/python3.8/site-packages/airflow/example_dags/example_task_group_decorator.py
[2025-05-04T23:10:34.906+0000] {processor.py:840} INFO - DAG(s) 'example_task_group_decorator' retrieved from /home/airflow/.local/lib/python3.8/site-packages/airflow/example_dags/example_task_group_decorator.py
[2025-05-04T23:10:34.919+0000] {logging_mixin.py:188} INFO - [2025-05-04T23:10:34.919+0000] {dag.py:3033} INFO - Sync 1 DAGs
[2025-05-04T23:10:34.930+0000] {logging_mixin.py:188} INFO - [2025-05-04T23:10:34.929+0000] {dag.py:3820} INFO - Setting next_dagrun for example_task_group_decorator to 2025-05-03T00:00:00+00:00, run_after=2025-05-04T00:00:00+00:00
[2025-05-04T23:10:34.939+0000] {processor.py:183} INFO - Processing /home/airflow/.local/lib/python3.8/site-packages/airflow/example_dags/example_task_group_decorator.py took 0.042 seconds
[2025-05-04T23:11:05.598+0000] {processor.py:161} INFO - Started process (PID=562) to work on /home/airflow/.local/lib/python3.8/site-packages/airflow/example_dags/example_task_group_decorator.py
[2025-05-04T23:11:05.599+0000] {processor.py:830} INFO - Processing file /home/airflow/.local/lib/python3.8/site-packages/airflow/example_dags/example_task_group_decorator.py for tasks to queue
[2025-05-04T23:11:05.600+0000] {logging_mixin.py:188} INFO - [2025-05-04T23:11:05.600+0000] {dagbag.py:538} INFO - Filling up the DagBag from /home/airflow/.local/lib/python3.8/site-packages/airflow/example_dags/example_task_group_decorator.py
[2025-05-04T23:11:05.607+0000] {processor.py:840} INFO - DAG(s) 'example_task_group_decorator' retrieved from /home/airflow/.local/lib/python3.8/site-packages/airflow/example_dags/example_task_group_decorator.py
[2025-05-04T23:11:05.620+0000] {logging_mixin.py:188} INFO - [2025-05-04T23:11:05.620+0000] {dag.py:3033} INFO - Sync 1 DAGs
[2025-05-04T23:11:05.629+0000] {logging_mixin.py:188} INFO - [2025-05-04T23:11:05.629+0000] {dag.py:3820} INFO - Setting next_dagrun for example_task_group_decorator to 2025-05-03T00:00:00+00:00, run_after=2025-05-04T00:00:00+00:00
[2025-05-04T23:11:05.640+0000] {processor.py:183} INFO - Processing /home/airflow/.local/lib/python3.8/site-packages/airflow/example_dags/example_task_group_decorator.py took 0.043 seconds
[2025-05-04T23:11:36.252+0000] {processor.py:161} INFO - Started process (PID=618) to work on /home/airflow/.local/lib/python3.8/site-packages/airflow/example_dags/example_task_group_decorator.py
[2025-05-04T23:11:36.252+0000] {processor.py:830} INFO - Processing file /home/airflow/.local/lib/python3.8/site-packages/airflow/example_dags/example_task_group_decorator.py for tasks to queue
[2025-05-04T23:11:36.253+0000] {logging_mixin.py:188} INFO - [2025-05-04T23:11:36.253+0000] {dagbag.py:538} INFO - Filling up the DagBag from /home/airflow/.local/lib/python3.8/site-packages/airflow/example_dags/example_task_group_decorator.py
[2025-05-04T23:11:36.259+0000] {processor.py:840} INFO - DAG(s) 'example_task_group_decorator' retrieved from /home/airflow/.local/lib/python3.8/site-packages/airflow/example_dags/example_task_group_decorator.py
[2025-05-04T23:11:36.274+0000] {logging_mixin.py:188} INFO - [2025-05-04T23:11:36.274+0000] {dag.py:3033} INFO - Sync 1 DAGs
[2025-05-04T23:11:36.283+0000] {logging_mixin.py:188} INFO - [2025-05-04T23:11:36.283+0000] {dag.py:3820} INFO - Setting next_dagrun for example_task_group_decorator to 2025-05-03T00:00:00+00:00, run_after=2025-05-04T00:00:00+00:00
[2025-05-04T23:11:36.292+0000] {processor.py:183} INFO - Processing /home/airflow/.local/lib/python3.8/site-packages/airflow/example_dags/example_task_group_decorator.py took 0.042 seconds
[2025-05-04T23:12:06.836+0000] {processor.py:161} INFO - Started process (PID=674) to work on /home/airflow/.local/lib/python3.8/site-packages/airflow/example_dags/example_task_group_decorator.py
[2025-05-04T23:12:06.836+0000] {processor.py:830} INFO - Processing file /home/airflow/.local/lib/python3.8/site-packages/airflow/example_dags/example_task_group_decorator.py for tasks to queue
[2025-05-04T23:12:06.837+0000] {logging_mixin.py:188} INFO - [2025-05-04T23:12:06.837+0000] {dagbag.py:538} INFO - Filling up the DagBag from /home/airflow/.local/lib/python3.8/site-packages/airflow/example_dags/example_task_group_decorator.py
[2025-05-04T23:12:06.843+0000] {processor.py:840} INFO - DAG(s) 'example_task_group_decorator' retrieved from /home/airflow/.local/lib/python3.8/site-packages/airflow/example_dags/example_task_group_decorator.py
[2025-05-04T23:12:06.855+0000] {logging_mixin.py:188} INFO - [2025-05-04T23:12:06.855+0000] {dag.py:3033} INFO - Sync 1 DAGs
[2025-05-04T23:12:06.865+0000] {logging_mixin.py:188} INFO - [2025-05-04T23:12:06.865+0000] {dag.py:3820} INFO - Setting next_dagrun for example_task_group_decorator to 2025-05-03T00:00:00+00:00, run_after=2025-05-04T00:00:00+00:00
[2025-05-04T23:12:06.872+0000] {processor.py:183} INFO - Processing /home/airflow/.local/lib/python3.8/site-packages/airflow/example_dags/example_task_group_decorator.py took 0.037 seconds
[2025-05-04T23:12:37.521+0000] {processor.py:161} INFO - Started process (PID=730) to work on /home/airflow/.local/lib/python3.8/site-packages/airflow/example_dags/example_task_group_decorator.py
[2025-05-04T23:12:37.522+0000] {processor.py:830} INFO - Processing file /home/airflow/.local/lib/python3.8/site-packages/airflow/example_dags/example_task_group_decorator.py for tasks to queue
[2025-05-04T23:12:37.524+0000] {logging_mixin.py:188} INFO - [2025-05-04T23:12:37.524+0000] {dagbag.py:538} INFO - Filling up the DagBag from /home/airflow/.local/lib/python3.8/site-packages/airflow/example_dags/example_task_group_decorator.py
[2025-05-04T23:12:37.531+0000] {processor.py:840} INFO - DAG(s) 'example_task_group_decorator' retrieved from /home/airflow/.local/lib/python3.8/site-packages/airflow/example_dags/example_task_group_decorator.py
[2025-05-04T23:12:37.544+0000] {logging_mixin.py:188} INFO - [2025-05-04T23:12:37.544+0000] {dag.py:3033} INFO - Sync 1 DAGs
[2025-05-04T23:12:37.555+0000] {logging_mixin.py:188} INFO - [2025-05-04T23:12:37.555+0000] {dag.py:3820} INFO - Setting next_dagrun for example_task_group_decorator to 2025-05-03T00:00:00+00:00, run_after=2025-05-04T00:00:00+00:00
[2025-05-04T23:12:37.568+0000] {processor.py:183} INFO - Processing /home/airflow/.local/lib/python3.8/site-packages/airflow/example_dags/example_task_group_decorator.py took 0.049 seconds
[2025-05-04T23:13:08.160+0000] {processor.py:161} INFO - Started process (PID=786) to work on /home/airflow/.local/lib/python3.8/site-packages/airflow/example_dags/example_task_group_decorator.py
[2025-05-04T23:13:08.161+0000] {processor.py:830} INFO - Processing file /home/airflow/.local/lib/python3.8/site-packages/airflow/example_dags/example_task_group_decorator.py for tasks to queue
[2025-05-04T23:13:08.162+0000] {logging_mixin.py:188} INFO - [2025-05-04T23:13:08.162+0000] {dagbag.py:538} INFO - Filling up the DagBag from /home/airflow/.local/lib/python3.8/site-packages/airflow/example_dags/example_task_group_decorator.py
[2025-05-04T23:13:08.168+0000] {processor.py:840} INFO - DAG(s) 'example_task_group_decorator' retrieved from /home/airflow/.local/lib/python3.8/site-packages/airflow/example_dags/example_task_group_decorator.py
[2025-05-04T23:13:08.179+0000] {logging_mixin.py:188} INFO - [2025-05-04T23:13:08.179+0000] {dag.py:3033} INFO - Sync 1 DAGs
[2025-05-04T23:13:08.191+0000] {logging_mixin.py:188} INFO - [2025-05-04T23:13:08.191+0000] {dag.py:3820} INFO - Setting next_dagrun for example_task_group_decorator to 2025-05-03T00:00:00+00:00, run_after=2025-05-04T00:00:00+00:00
[2025-05-04T23:13:08.205+0000] {processor.py:183} INFO - Processing /home/airflow/.local/lib/python3.8/site-packages/airflow/example_dags/example_task_group_decorator.py took 0.046 seconds
[2025-05-04T23:13:38.784+0000] {processor.py:161} INFO - Started process (PID=842) to work on /home/airflow/.local/lib/python3.8/site-packages/airflow/example_dags/example_task_group_decorator.py
[2025-05-04T23:13:38.785+0000] {processor.py:830} INFO - Processing file /home/airflow/.local/lib/python3.8/site-packages/airflow/example_dags/example_task_group_decorator.py for tasks to queue
[2025-05-04T23:13:38.786+0000] {logging_mixin.py:188} INFO - [2025-05-04T23:13:38.786+0000] {dagbag.py:538} INFO - Filling up the DagBag from /home/airflow/.local/lib/python3.8/site-packages/airflow/example_dags/example_task_group_decorator.py
[2025-05-04T23:13:38.793+0000] {processor.py:840} INFO - DAG(s) 'example_task_group_decorator' retrieved from /home/airflow/.local/lib/python3.8/site-packages/airflow/example_dags/example_task_group_decorator.py
[2025-05-04T23:13:38.807+0000] {logging_mixin.py:188} INFO - [2025-05-04T23:13:38.807+0000] {dag.py:3033} INFO - Sync 1 DAGs
[2025-05-04T23:13:38.818+0000] {logging_mixin.py:188} INFO - [2025-05-04T23:13:38.818+0000] {dag.py:3820} INFO - Setting next_dagrun for example_task_group_decorator to 2025-05-03T00:00:00+00:00, run_after=2025-05-04T00:00:00+00:00
[2025-05-04T23:13:38.832+0000] {processor.py:183} INFO - Processing /home/airflow/.local/lib/python3.8/site-packages/airflow/example_dags/example_task_group_decorator.py took 0.050 seconds
[2025-05-04T23:14:09.539+0000] {processor.py:161} INFO - Started process (PID=898) to work on /home/airflow/.local/lib/python3.8/site-packages/airflow/example_dags/example_task_group_decorator.py
[2025-05-04T23:14:09.543+0000] {processor.py:830} INFO - Processing file /home/airflow/.local/lib/python3.8/site-packages/airflow/example_dags/example_task_group_decorator.py for tasks to queue
[2025-05-04T23:14:09.545+0000] {logging_mixin.py:188} INFO - [2025-05-04T23:14:09.545+0000] {dagbag.py:538} INFO - Filling up the DagBag from /home/airflow/.local/lib/python3.8/site-packages/airflow/example_dags/example_task_group_decorator.py
[2025-05-04T23:14:09.550+0000] {processor.py:840} INFO - DAG(s) 'example_task_group_decorator' retrieved from /home/airflow/.local/lib/python3.8/site-packages/airflow/example_dags/example_task_group_decorator.py
[2025-05-04T23:14:09.561+0000] {logging_mixin.py:188} INFO - [2025-05-04T23:14:09.561+0000] {dag.py:3033} INFO - Sync 1 DAGs
[2025-05-04T23:14:09.572+0000] {logging_mixin.py:188} INFO - [2025-05-04T23:14:09.572+0000] {dag.py:3820} INFO - Setting next_dagrun for example_task_group_decorator to 2025-05-03T00:00:00+00:00, run_after=2025-05-04T00:00:00+00:00
[2025-05-04T23:14:09.580+0000] {processor.py:183} INFO - Processing /home/airflow/.local/lib/python3.8/site-packages/airflow/example_dags/example_task_group_decorator.py took 0.042 seconds
[2025-05-04T23:14:40.389+0000] {processor.py:161} INFO - Started process (PID=954) to work on /home/airflow/.local/lib/python3.8/site-packages/airflow/example_dags/example_task_group_decorator.py
[2025-05-04T23:14:40.389+0000] {processor.py:830} INFO - Processing file /home/airflow/.local/lib/python3.8/site-packages/airflow/example_dags/example_task_group_decorator.py for tasks to queue
[2025-05-04T23:14:40.390+0000] {logging_mixin.py:188} INFO - [2025-05-04T23:14:40.390+0000] {dagbag.py:538} INFO - Filling up the DagBag from /home/airflow/.local/lib/python3.8/site-packages/airflow/example_dags/example_task_group_decorator.py
[2025-05-04T23:14:40.396+0000] {processor.py:840} INFO - DAG(s) 'example_task_group_decorator' retrieved from /home/airflow/.local/lib/python3.8/site-packages/airflow/example_dags/example_task_group_decorator.py
[2025-05-04T23:14:40.409+0000] {logging_mixin.py:188} INFO - [2025-05-04T23:14:40.409+0000] {dag.py:3033} INFO - Sync 1 DAGs
[2025-05-04T23:14:40.435+0000] {logging_mixin.py:188} INFO - [2025-05-04T23:14:40.435+0000] {dag.py:3820} INFO - Setting next_dagrun for example_task_group_decorator to 2025-05-03T00:00:00+00:00, run_after=2025-05-04T00:00:00+00:00
[2025-05-04T23:14:40.495+0000] {processor.py:183} INFO - Processing /home/airflow/.local/lib/python3.8/site-packages/airflow/example_dags/example_task_group_decorator.py took 0.107 seconds
[2025-05-04T23:15:10.599+0000] {processor.py:161} INFO - Started process (PID=1010) to work on /home/airflow/.local/lib/python3.8/site-packages/airflow/example_dags/example_task_group_decorator.py
[2025-05-04T23:15:10.599+0000] {processor.py:830} INFO - Processing file /home/airflow/.local/lib/python3.8/site-packages/airflow/example_dags/example_task_group_decorator.py for tasks to queue
[2025-05-04T23:15:10.600+0000] {logging_mixin.py:188} INFO - [2025-05-04T23:15:10.600+0000] {dagbag.py:538} INFO - Filling up the DagBag from /home/airflow/.local/lib/python3.8/site-packages/airflow/example_dags/example_task_group_decorator.py
[2025-05-04T23:15:10.607+0000] {processor.py:840} INFO - DAG(s) 'example_task_group_decorator' retrieved from /home/airflow/.local/lib/python3.8/site-packages/airflow/example_dags/example_task_group_decorator.py
[2025-05-04T23:15:10.619+0000] {logging_mixin.py:188} INFO - [2025-05-04T23:15:10.618+0000] {dag.py:3033} INFO - Sync 1 DAGs
[2025-05-04T23:15:10.631+0000] {logging_mixin.py:188} INFO - [2025-05-04T23:15:10.631+0000] {dag.py:3820} INFO - Setting next_dagrun for example_task_group_decorator to 2025-05-03T00:00:00+00:00, run_after=2025-05-04T00:00:00+00:00
[2025-05-04T23:15:10.641+0000] {processor.py:183} INFO - Processing /home/airflow/.local/lib/python3.8/site-packages/airflow/example_dags/example_task_group_decorator.py took 0.043 seconds
[2025-05-04T23:15:41.241+0000] {processor.py:161} INFO - Started process (PID=1066) to work on /home/airflow/.local/lib/python3.8/site-packages/airflow/example_dags/example_task_group_decorator.py
[2025-05-04T23:15:41.242+0000] {processor.py:830} INFO - Processing file /home/airflow/.local/lib/python3.8/site-packages/airflow/example_dags/example_task_group_decorator.py for tasks to queue
[2025-05-04T23:15:41.243+0000] {logging_mixin.py:188} INFO - [2025-05-04T23:15:41.243+0000] {dagbag.py:538} INFO - Filling up the DagBag from /home/airflow/.local/lib/python3.8/site-packages/airflow/example_dags/example_task_group_decorator.py
[2025-05-04T23:15:41.249+0000] {processor.py:840} INFO - DAG(s) 'example_task_group_decorator' retrieved from /home/airflow/.local/lib/python3.8/site-packages/airflow/example_dags/example_task_group_decorator.py
[2025-05-04T23:15:41.262+0000] {logging_mixin.py:188} INFO - [2025-05-04T23:15:41.262+0000] {dag.py:3033} INFO - Sync 1 DAGs
[2025-05-04T23:15:41.271+0000] {logging_mixin.py:188} INFO - [2025-05-04T23:15:41.271+0000] {dag.py:3820} INFO - Setting next_dagrun for example_task_group_decorator to 2025-05-03T00:00:00+00:00, run_after=2025-05-04T00:00:00+00:00
[2025-05-04T23:15:41.282+0000] {processor.py:183} INFO - Processing /home/airflow/.local/lib/python3.8/site-packages/airflow/example_dags/example_task_group_decorator.py took 0.042 seconds
[2025-05-04T23:18:31.222+0000] {processor.py:161} INFO - Started process (PID=53) to work on /home/airflow/.local/lib/python3.8/site-packages/airflow/example_dags/example_task_group_decorator.py
[2025-05-04T23:18:31.224+0000] {processor.py:830} INFO - Processing file /home/airflow/.local/lib/python3.8/site-packages/airflow/example_dags/example_task_group_decorator.py for tasks to queue
[2025-05-04T23:18:31.226+0000] {logging_mixin.py:188} INFO - [2025-05-04T23:18:31.226+0000] {dagbag.py:538} INFO - Filling up the DagBag from /home/airflow/.local/lib/python3.8/site-packages/airflow/example_dags/example_task_group_decorator.py
[2025-05-04T23:18:31.238+0000] {processor.py:840} INFO - DAG(s) 'example_task_group_decorator' retrieved from /home/airflow/.local/lib/python3.8/site-packages/airflow/example_dags/example_task_group_decorator.py
[2025-05-04T23:18:31.250+0000] {logging_mixin.py:188} INFO - [2025-05-04T23:18:31.250+0000] {dag.py:3033} INFO - Sync 1 DAGs
[2025-05-04T23:18:31.274+0000] {logging_mixin.py:188} INFO - [2025-05-04T23:18:31.274+0000] {dag.py:3820} INFO - Setting next_dagrun for example_task_group_decorator to 2025-05-03T00:00:00+00:00, run_after=2025-05-04T00:00:00+00:00
[2025-05-04T23:18:31.298+0000] {processor.py:183} INFO - Processing /home/airflow/.local/lib/python3.8/site-packages/airflow/example_dags/example_task_group_decorator.py took 0.080 seconds
[2025-05-04T23:19:01.459+0000] {processor.py:161} INFO - Started process (PID=109) to work on /home/airflow/.local/lib/python3.8/site-packages/airflow/example_dags/example_task_group_decorator.py
[2025-05-04T23:19:01.461+0000] {processor.py:830} INFO - Processing file /home/airflow/.local/lib/python3.8/site-packages/airflow/example_dags/example_task_group_decorator.py for tasks to queue
[2025-05-04T23:19:01.463+0000] {logging_mixin.py:188} INFO - [2025-05-04T23:19:01.463+0000] {dagbag.py:538} INFO - Filling up the DagBag from /home/airflow/.local/lib/python3.8/site-packages/airflow/example_dags/example_task_group_decorator.py
[2025-05-04T23:19:01.472+0000] {processor.py:840} INFO - DAG(s) 'example_task_group_decorator' retrieved from /home/airflow/.local/lib/python3.8/site-packages/airflow/example_dags/example_task_group_decorator.py
[2025-05-04T23:19:01.523+0000] {logging_mixin.py:188} INFO - [2025-05-04T23:19:01.523+0000] {dag.py:3033} INFO - Sync 1 DAGs
[2025-05-04T23:19:01.539+0000] {logging_mixin.py:188} INFO - [2025-05-04T23:19:01.539+0000] {dag.py:3820} INFO - Setting next_dagrun for example_task_group_decorator to 2025-05-03T00:00:00+00:00, run_after=2025-05-04T00:00:00+00:00
[2025-05-04T23:19:01.551+0000] {processor.py:183} INFO - Processing /home/airflow/.local/lib/python3.8/site-packages/airflow/example_dags/example_task_group_decorator.py took 0.094 seconds
[2025-05-04T23:19:31.962+0000] {processor.py:161} INFO - Started process (PID=165) to work on /home/airflow/.local/lib/python3.8/site-packages/airflow/example_dags/example_task_group_decorator.py
[2025-05-04T23:19:31.963+0000] {processor.py:830} INFO - Processing file /home/airflow/.local/lib/python3.8/site-packages/airflow/example_dags/example_task_group_decorator.py for tasks to queue
[2025-05-04T23:19:31.964+0000] {logging_mixin.py:188} INFO - [2025-05-04T23:19:31.964+0000] {dagbag.py:538} INFO - Filling up the DagBag from /home/airflow/.local/lib/python3.8/site-packages/airflow/example_dags/example_task_group_decorator.py
[2025-05-04T23:19:31.971+0000] {processor.py:840} INFO - DAG(s) 'example_task_group_decorator' retrieved from /home/airflow/.local/lib/python3.8/site-packages/airflow/example_dags/example_task_group_decorator.py
[2025-05-04T23:19:31.984+0000] {logging_mixin.py:188} INFO - [2025-05-04T23:19:31.983+0000] {dag.py:3033} INFO - Sync 1 DAGs
[2025-05-04T23:19:31.992+0000] {logging_mixin.py:188} INFO - [2025-05-04T23:19:31.992+0000] {dag.py:3820} INFO - Setting next_dagrun for example_task_group_decorator to 2025-05-03T00:00:00+00:00, run_after=2025-05-04T00:00:00+00:00
[2025-05-04T23:19:32.001+0000] {processor.py:183} INFO - Processing /home/airflow/.local/lib/python3.8/site-packages/airflow/example_dags/example_task_group_decorator.py took 0.043 seconds
[2025-05-04T23:20:02.617+0000] {processor.py:161} INFO - Started process (PID=221) to work on /home/airflow/.local/lib/python3.8/site-packages/airflow/example_dags/example_task_group_decorator.py
[2025-05-04T23:20:02.619+0000] {processor.py:830} INFO - Processing file /home/airflow/.local/lib/python3.8/site-packages/airflow/example_dags/example_task_group_decorator.py for tasks to queue
[2025-05-04T23:20:02.620+0000] {logging_mixin.py:188} INFO - [2025-05-04T23:20:02.620+0000] {dagbag.py:538} INFO - Filling up the DagBag from /home/airflow/.local/lib/python3.8/site-packages/airflow/example_dags/example_task_group_decorator.py
[2025-05-04T23:20:02.626+0000] {processor.py:840} INFO - DAG(s) 'example_task_group_decorator' retrieved from /home/airflow/.local/lib/python3.8/site-packages/airflow/example_dags/example_task_group_decorator.py
[2025-05-04T23:20:02.636+0000] {logging_mixin.py:188} INFO - [2025-05-04T23:20:02.636+0000] {dag.py:3033} INFO - Sync 1 DAGs
[2025-05-04T23:20:02.646+0000] {logging_mixin.py:188} INFO - [2025-05-04T23:20:02.646+0000] {dag.py:3820} INFO - Setting next_dagrun for example_task_group_decorator to 2025-05-03T00:00:00+00:00, run_after=2025-05-04T00:00:00+00:00
[2025-05-04T23:20:02.655+0000] {processor.py:183} INFO - Processing /home/airflow/.local/lib/python3.8/site-packages/airflow/example_dags/example_task_group_decorator.py took 0.039 seconds
[2025-05-04T23:20:33.449+0000] {processor.py:161} INFO - Started process (PID=276) to work on /home/airflow/.local/lib/python3.8/site-packages/airflow/example_dags/example_task_group_decorator.py
[2025-05-04T23:20:33.450+0000] {processor.py:830} INFO - Processing file /home/airflow/.local/lib/python3.8/site-packages/airflow/example_dags/example_task_group_decorator.py for tasks to queue
[2025-05-04T23:20:33.454+0000] {logging_mixin.py:188} INFO - [2025-05-04T23:20:33.454+0000] {dagbag.py:538} INFO - Filling up the DagBag from /home/airflow/.local/lib/python3.8/site-packages/airflow/example_dags/example_task_group_decorator.py
[2025-05-04T23:20:33.460+0000] {processor.py:840} INFO - DAG(s) 'example_task_group_decorator' retrieved from /home/airflow/.local/lib/python3.8/site-packages/airflow/example_dags/example_task_group_decorator.py
[2025-05-04T23:20:33.476+0000] {logging_mixin.py:188} INFO - [2025-05-04T23:20:33.476+0000] {dag.py:3033} INFO - Sync 1 DAGs
[2025-05-04T23:20:33.492+0000] {logging_mixin.py:188} INFO - [2025-05-04T23:20:33.492+0000] {dag.py:3820} INFO - Setting next_dagrun for example_task_group_decorator to 2025-05-03T00:00:00+00:00, run_after=2025-05-04T00:00:00+00:00
[2025-05-04T23:20:33.504+0000] {processor.py:183} INFO - Processing /home/airflow/.local/lib/python3.8/site-packages/airflow/example_dags/example_task_group_decorator.py took 0.057 seconds
[2025-05-04T23:21:03.616+0000] {processor.py:161} INFO - Started process (PID=332) to work on /home/airflow/.local/lib/python3.8/site-packages/airflow/example_dags/example_task_group_decorator.py
[2025-05-04T23:21:03.617+0000] {processor.py:830} INFO - Processing file /home/airflow/.local/lib/python3.8/site-packages/airflow/example_dags/example_task_group_decorator.py for tasks to queue
[2025-05-04T23:21:03.618+0000] {logging_mixin.py:188} INFO - [2025-05-04T23:21:03.618+0000] {dagbag.py:538} INFO - Filling up the DagBag from /home/airflow/.local/lib/python3.8/site-packages/airflow/example_dags/example_task_group_decorator.py
[2025-05-04T23:21:03.624+0000] {processor.py:840} INFO - DAG(s) 'example_task_group_decorator' retrieved from /home/airflow/.local/lib/python3.8/site-packages/airflow/example_dags/example_task_group_decorator.py
[2025-05-04T23:21:03.635+0000] {logging_mixin.py:188} INFO - [2025-05-04T23:21:03.635+0000] {dag.py:3033} INFO - Sync 1 DAGs
[2025-05-04T23:21:03.644+0000] {logging_mixin.py:188} INFO - [2025-05-04T23:21:03.644+0000] {dag.py:3820} INFO - Setting next_dagrun for example_task_group_decorator to 2025-05-03T00:00:00+00:00, run_after=2025-05-04T00:00:00+00:00
[2025-05-04T23:21:03.650+0000] {processor.py:183} INFO - Processing /home/airflow/.local/lib/python3.8/site-packages/airflow/example_dags/example_task_group_decorator.py took 0.037 seconds
[2025-05-04T23:21:34.262+0000] {processor.py:161} INFO - Started process (PID=388) to work on /home/airflow/.local/lib/python3.8/site-packages/airflow/example_dags/example_task_group_decorator.py
[2025-05-04T23:21:34.263+0000] {processor.py:830} INFO - Processing file /home/airflow/.local/lib/python3.8/site-packages/airflow/example_dags/example_task_group_decorator.py for tasks to queue
[2025-05-04T23:21:34.265+0000] {logging_mixin.py:188} INFO - [2025-05-04T23:21:34.265+0000] {dagbag.py:538} INFO - Filling up the DagBag from /home/airflow/.local/lib/python3.8/site-packages/airflow/example_dags/example_task_group_decorator.py
[2025-05-04T23:21:34.272+0000] {processor.py:840} INFO - DAG(s) 'example_task_group_decorator' retrieved from /home/airflow/.local/lib/python3.8/site-packages/airflow/example_dags/example_task_group_decorator.py
[2025-05-04T23:21:34.281+0000] {logging_mixin.py:188} INFO - [2025-05-04T23:21:34.281+0000] {dag.py:3033} INFO - Sync 1 DAGs
[2025-05-04T23:21:34.290+0000] {logging_mixin.py:188} INFO - [2025-05-04T23:21:34.290+0000] {dag.py:3820} INFO - Setting next_dagrun for example_task_group_decorator to 2025-05-03T00:00:00+00:00, run_after=2025-05-04T00:00:00+00:00
[2025-05-04T23:21:34.300+0000] {processor.py:183} INFO - Processing /home/airflow/.local/lib/python3.8/site-packages/airflow/example_dags/example_task_group_decorator.py took 0.039 seconds
[2025-05-04T23:22:04.943+0000] {processor.py:161} INFO - Started process (PID=444) to work on /home/airflow/.local/lib/python3.8/site-packages/airflow/example_dags/example_task_group_decorator.py
[2025-05-04T23:22:04.944+0000] {processor.py:830} INFO - Processing file /home/airflow/.local/lib/python3.8/site-packages/airflow/example_dags/example_task_group_decorator.py for tasks to queue
[2025-05-04T23:22:04.946+0000] {logging_mixin.py:188} INFO - [2025-05-04T23:22:04.945+0000] {dagbag.py:538} INFO - Filling up the DagBag from /home/airflow/.local/lib/python3.8/site-packages/airflow/example_dags/example_task_group_decorator.py
[2025-05-04T23:22:04.954+0000] {processor.py:840} INFO - DAG(s) 'example_task_group_decorator' retrieved from /home/airflow/.local/lib/python3.8/site-packages/airflow/example_dags/example_task_group_decorator.py
[2025-05-04T23:22:04.970+0000] {logging_mixin.py:188} INFO - [2025-05-04T23:22:04.969+0000] {dag.py:3033} INFO - Sync 1 DAGs
[2025-05-04T23:22:04.978+0000] {logging_mixin.py:188} INFO - [2025-05-04T23:22:04.978+0000] {dag.py:3820} INFO - Setting next_dagrun for example_task_group_decorator to 2025-05-03T00:00:00+00:00, run_after=2025-05-04T00:00:00+00:00
[2025-05-04T23:22:04.988+0000] {processor.py:183} INFO - Processing /home/airflow/.local/lib/python3.8/site-packages/airflow/example_dags/example_task_group_decorator.py took 0.047 seconds
[2025-05-04T23:22:35.519+0000] {processor.py:161} INFO - Started process (PID=500) to work on /home/airflow/.local/lib/python3.8/site-packages/airflow/example_dags/example_task_group_decorator.py
[2025-05-04T23:22:35.521+0000] {processor.py:830} INFO - Processing file /home/airflow/.local/lib/python3.8/site-packages/airflow/example_dags/example_task_group_decorator.py for tasks to queue
[2025-05-04T23:22:35.522+0000] {logging_mixin.py:188} INFO - [2025-05-04T23:22:35.522+0000] {dagbag.py:538} INFO - Filling up the DagBag from /home/airflow/.local/lib/python3.8/site-packages/airflow/example_dags/example_task_group_decorator.py
[2025-05-04T23:22:35.527+0000] {processor.py:840} INFO - DAG(s) 'example_task_group_decorator' retrieved from /home/airflow/.local/lib/python3.8/site-packages/airflow/example_dags/example_task_group_decorator.py
[2025-05-04T23:22:35.538+0000] {logging_mixin.py:188} INFO - [2025-05-04T23:22:35.538+0000] {dag.py:3033} INFO - Sync 1 DAGs
[2025-05-04T23:22:35.549+0000] {logging_mixin.py:188} INFO - [2025-05-04T23:22:35.548+0000] {dag.py:3820} INFO - Setting next_dagrun for example_task_group_decorator to 2025-05-03T00:00:00+00:00, run_after=2025-05-04T00:00:00+00:00
[2025-05-04T23:22:35.559+0000] {processor.py:183} INFO - Processing /home/airflow/.local/lib/python3.8/site-packages/airflow/example_dags/example_task_group_decorator.py took 0.042 seconds
[2025-05-04T23:23:06.081+0000] {processor.py:161} INFO - Started process (PID=556) to work on /home/airflow/.local/lib/python3.8/site-packages/airflow/example_dags/example_task_group_decorator.py
[2025-05-04T23:23:06.085+0000] {processor.py:830} INFO - Processing file /home/airflow/.local/lib/python3.8/site-packages/airflow/example_dags/example_task_group_decorator.py for tasks to queue
[2025-05-04T23:23:06.087+0000] {logging_mixin.py:188} INFO - [2025-05-04T23:23:06.087+0000] {dagbag.py:538} INFO - Filling up the DagBag from /home/airflow/.local/lib/python3.8/site-packages/airflow/example_dags/example_task_group_decorator.py
[2025-05-04T23:23:06.093+0000] {processor.py:840} INFO - DAG(s) 'example_task_group_decorator' retrieved from /home/airflow/.local/lib/python3.8/site-packages/airflow/example_dags/example_task_group_decorator.py
[2025-05-04T23:23:06.110+0000] {logging_mixin.py:188} INFO - [2025-05-04T23:23:06.110+0000] {dag.py:3033} INFO - Sync 1 DAGs
[2025-05-04T23:23:06.119+0000] {logging_mixin.py:188} INFO - [2025-05-04T23:23:06.119+0000] {dag.py:3820} INFO - Setting next_dagrun for example_task_group_decorator to 2025-05-03T00:00:00+00:00, run_after=2025-05-04T00:00:00+00:00
[2025-05-04T23:23:06.127+0000] {processor.py:183} INFO - Processing /home/airflow/.local/lib/python3.8/site-packages/airflow/example_dags/example_task_group_decorator.py took 0.047 seconds
[2025-05-04T23:24:30.553+0000] {processor.py:161} INFO - Started process (PID=53) to work on /home/airflow/.local/lib/python3.8/site-packages/airflow/example_dags/example_task_group_decorator.py
[2025-05-04T23:24:30.557+0000] {processor.py:830} INFO - Processing file /home/airflow/.local/lib/python3.8/site-packages/airflow/example_dags/example_task_group_decorator.py for tasks to queue
[2025-05-04T23:24:30.561+0000] {logging_mixin.py:188} INFO - [2025-05-04T23:24:30.561+0000] {dagbag.py:538} INFO - Filling up the DagBag from /home/airflow/.local/lib/python3.8/site-packages/airflow/example_dags/example_task_group_decorator.py
[2025-05-04T23:24:30.572+0000] {processor.py:840} INFO - DAG(s) 'example_task_group_decorator' retrieved from /home/airflow/.local/lib/python3.8/site-packages/airflow/example_dags/example_task_group_decorator.py
[2025-05-04T23:24:30.589+0000] {logging_mixin.py:188} INFO - [2025-05-04T23:24:30.589+0000] {dag.py:3033} INFO - Sync 1 DAGs
[2025-05-04T23:24:30.611+0000] {logging_mixin.py:188} INFO - [2025-05-04T23:24:30.611+0000] {dag.py:3820} INFO - Setting next_dagrun for example_task_group_decorator to 2025-05-03T00:00:00+00:00, run_after=2025-05-04T00:00:00+00:00
[2025-05-04T23:24:30.644+0000] {processor.py:183} INFO - Processing /home/airflow/.local/lib/python3.8/site-packages/airflow/example_dags/example_task_group_decorator.py took 0.095 seconds
[2025-05-04T23:25:00.920+0000] {processor.py:161} INFO - Started process (PID=109) to work on /home/airflow/.local/lib/python3.8/site-packages/airflow/example_dags/example_task_group_decorator.py
[2025-05-04T23:25:00.921+0000] {processor.py:830} INFO - Processing file /home/airflow/.local/lib/python3.8/site-packages/airflow/example_dags/example_task_group_decorator.py for tasks to queue
[2025-05-04T23:25:00.922+0000] {logging_mixin.py:188} INFO - [2025-05-04T23:25:00.922+0000] {dagbag.py:538} INFO - Filling up the DagBag from /home/airflow/.local/lib/python3.8/site-packages/airflow/example_dags/example_task_group_decorator.py
[2025-05-04T23:25:00.928+0000] {processor.py:840} INFO - DAG(s) 'example_task_group_decorator' retrieved from /home/airflow/.local/lib/python3.8/site-packages/airflow/example_dags/example_task_group_decorator.py
[2025-05-04T23:25:00.977+0000] {logging_mixin.py:188} INFO - [2025-05-04T23:25:00.976+0000] {dag.py:3033} INFO - Sync 1 DAGs
[2025-05-04T23:25:00.984+0000] {logging_mixin.py:188} INFO - [2025-05-04T23:25:00.984+0000] {dag.py:3820} INFO - Setting next_dagrun for example_task_group_decorator to 2025-05-03T00:00:00+00:00, run_after=2025-05-04T00:00:00+00:00
[2025-05-04T23:25:00.997+0000] {processor.py:183} INFO - Processing /home/airflow/.local/lib/python3.8/site-packages/airflow/example_dags/example_task_group_decorator.py took 0.079 seconds
[2025-05-04T23:25:31.252+0000] {processor.py:161} INFO - Started process (PID=164) to work on /home/airflow/.local/lib/python3.8/site-packages/airflow/example_dags/example_task_group_decorator.py
[2025-05-04T23:25:31.252+0000] {processor.py:830} INFO - Processing file /home/airflow/.local/lib/python3.8/site-packages/airflow/example_dags/example_task_group_decorator.py for tasks to queue
[2025-05-04T23:25:31.253+0000] {logging_mixin.py:188} INFO - [2025-05-04T23:25:31.253+0000] {dagbag.py:538} INFO - Filling up the DagBag from /home/airflow/.local/lib/python3.8/site-packages/airflow/example_dags/example_task_group_decorator.py
[2025-05-04T23:25:31.259+0000] {processor.py:840} INFO - DAG(s) 'example_task_group_decorator' retrieved from /home/airflow/.local/lib/python3.8/site-packages/airflow/example_dags/example_task_group_decorator.py
[2025-05-04T23:25:31.277+0000] {logging_mixin.py:188} INFO - [2025-05-04T23:25:31.277+0000] {dag.py:3033} INFO - Sync 1 DAGs
[2025-05-04T23:25:31.289+0000] {logging_mixin.py:188} INFO - [2025-05-04T23:25:31.288+0000] {dag.py:3820} INFO - Setting next_dagrun for example_task_group_decorator to 2025-05-03T00:00:00+00:00, run_after=2025-05-04T00:00:00+00:00
[2025-05-04T23:25:31.299+0000] {processor.py:183} INFO - Processing /home/airflow/.local/lib/python3.8/site-packages/airflow/example_dags/example_task_group_decorator.py took 0.048 seconds
[2025-05-04T23:26:02.018+0000] {processor.py:161} INFO - Started process (PID=220) to work on /home/airflow/.local/lib/python3.8/site-packages/airflow/example_dags/example_task_group_decorator.py
[2025-05-04T23:26:02.019+0000] {processor.py:830} INFO - Processing file /home/airflow/.local/lib/python3.8/site-packages/airflow/example_dags/example_task_group_decorator.py for tasks to queue
[2025-05-04T23:26:02.020+0000] {logging_mixin.py:188} INFO - [2025-05-04T23:26:02.020+0000] {dagbag.py:538} INFO - Filling up the DagBag from /home/airflow/.local/lib/python3.8/site-packages/airflow/example_dags/example_task_group_decorator.py
[2025-05-04T23:26:02.025+0000] {processor.py:840} INFO - DAG(s) 'example_task_group_decorator' retrieved from /home/airflow/.local/lib/python3.8/site-packages/airflow/example_dags/example_task_group_decorator.py
[2025-05-04T23:26:02.035+0000] {logging_mixin.py:188} INFO - [2025-05-04T23:26:02.035+0000] {dag.py:3033} INFO - Sync 1 DAGs
[2025-05-04T23:26:02.042+0000] {logging_mixin.py:188} INFO - [2025-05-04T23:26:02.042+0000] {dag.py:3820} INFO - Setting next_dagrun for example_task_group_decorator to 2025-05-03T00:00:00+00:00, run_after=2025-05-04T00:00:00+00:00
[2025-05-04T23:26:02.047+0000] {processor.py:183} INFO - Processing /home/airflow/.local/lib/python3.8/site-packages/airflow/example_dags/example_task_group_decorator.py took 0.031 seconds
[2025-05-04T23:26:32.779+0000] {processor.py:161} INFO - Started process (PID=276) to work on /home/airflow/.local/lib/python3.8/site-packages/airflow/example_dags/example_task_group_decorator.py
[2025-05-04T23:26:32.779+0000] {processor.py:830} INFO - Processing file /home/airflow/.local/lib/python3.8/site-packages/airflow/example_dags/example_task_group_decorator.py for tasks to queue
[2025-05-04T23:26:32.780+0000] {logging_mixin.py:188} INFO - [2025-05-04T23:26:32.780+0000] {dagbag.py:538} INFO - Filling up the DagBag from /home/airflow/.local/lib/python3.8/site-packages/airflow/example_dags/example_task_group_decorator.py
[2025-05-04T23:26:32.786+0000] {processor.py:840} INFO - DAG(s) 'example_task_group_decorator' retrieved from /home/airflow/.local/lib/python3.8/site-packages/airflow/example_dags/example_task_group_decorator.py
[2025-05-04T23:26:32.802+0000] {logging_mixin.py:188} INFO - [2025-05-04T23:26:32.802+0000] {dag.py:3033} INFO - Sync 1 DAGs
[2025-05-04T23:26:32.847+0000] {logging_mixin.py:188} INFO - [2025-05-04T23:26:32.847+0000] {dag.py:3820} INFO - Setting next_dagrun for example_task_group_decorator to 2025-05-03T00:00:00+00:00, run_after=2025-05-04T00:00:00+00:00
[2025-05-04T23:26:32.864+0000] {processor.py:183} INFO - Processing /home/airflow/.local/lib/python3.8/site-packages/airflow/example_dags/example_task_group_decorator.py took 0.087 seconds
[2025-05-04T23:27:03.534+0000] {processor.py:161} INFO - Started process (PID=332) to work on /home/airflow/.local/lib/python3.8/site-packages/airflow/example_dags/example_task_group_decorator.py
[2025-05-04T23:27:03.535+0000] {processor.py:830} INFO - Processing file /home/airflow/.local/lib/python3.8/site-packages/airflow/example_dags/example_task_group_decorator.py for tasks to queue
[2025-05-04T23:27:03.535+0000] {logging_mixin.py:188} INFO - [2025-05-04T23:27:03.535+0000] {dagbag.py:538} INFO - Filling up the DagBag from /home/airflow/.local/lib/python3.8/site-packages/airflow/example_dags/example_task_group_decorator.py
[2025-05-04T23:27:03.542+0000] {processor.py:840} INFO - DAG(s) 'example_task_group_decorator' retrieved from /home/airflow/.local/lib/python3.8/site-packages/airflow/example_dags/example_task_group_decorator.py
[2025-05-04T23:27:03.558+0000] {logging_mixin.py:188} INFO - [2025-05-04T23:27:03.558+0000] {dag.py:3033} INFO - Sync 1 DAGs
[2025-05-04T23:27:03.569+0000] {logging_mixin.py:188} INFO - [2025-05-04T23:27:03.569+0000] {dag.py:3820} INFO - Setting next_dagrun for example_task_group_decorator to 2025-05-03T00:00:00+00:00, run_after=2025-05-04T00:00:00+00:00
[2025-05-04T23:27:03.582+0000] {processor.py:183} INFO - Processing /home/airflow/.local/lib/python3.8/site-packages/airflow/example_dags/example_task_group_decorator.py took 0.049 seconds
[2025-05-04T23:27:34.197+0000] {processor.py:161} INFO - Started process (PID=388) to work on /home/airflow/.local/lib/python3.8/site-packages/airflow/example_dags/example_task_group_decorator.py
[2025-05-04T23:27:34.198+0000] {processor.py:830} INFO - Processing file /home/airflow/.local/lib/python3.8/site-packages/airflow/example_dags/example_task_group_decorator.py for tasks to queue
[2025-05-04T23:27:34.199+0000] {logging_mixin.py:188} INFO - [2025-05-04T23:27:34.198+0000] {dagbag.py:538} INFO - Filling up the DagBag from /home/airflow/.local/lib/python3.8/site-packages/airflow/example_dags/example_task_group_decorator.py
[2025-05-04T23:27:34.204+0000] {processor.py:840} INFO - DAG(s) 'example_task_group_decorator' retrieved from /home/airflow/.local/lib/python3.8/site-packages/airflow/example_dags/example_task_group_decorator.py
[2025-05-04T23:27:34.213+0000] {logging_mixin.py:188} INFO - [2025-05-04T23:27:34.213+0000] {dag.py:3033} INFO - Sync 1 DAGs
[2025-05-04T23:27:34.221+0000] {logging_mixin.py:188} INFO - [2025-05-04T23:27:34.221+0000] {dag.py:3820} INFO - Setting next_dagrun for example_task_group_decorator to 2025-05-03T00:00:00+00:00, run_after=2025-05-04T00:00:00+00:00
[2025-05-04T23:27:34.227+0000] {processor.py:183} INFO - Processing /home/airflow/.local/lib/python3.8/site-packages/airflow/example_dags/example_task_group_decorator.py took 0.031 seconds
[2025-05-04T23:28:23.951+0000] {processor.py:161} INFO - Started process (PID=53) to work on /home/airflow/.local/lib/python3.8/site-packages/airflow/example_dags/example_task_group_decorator.py
[2025-05-04T23:28:23.954+0000] {processor.py:830} INFO - Processing file /home/airflow/.local/lib/python3.8/site-packages/airflow/example_dags/example_task_group_decorator.py for tasks to queue
[2025-05-04T23:28:23.956+0000] {logging_mixin.py:188} INFO - [2025-05-04T23:28:23.955+0000] {dagbag.py:538} INFO - Filling up the DagBag from /home/airflow/.local/lib/python3.8/site-packages/airflow/example_dags/example_task_group_decorator.py
[2025-05-04T23:28:23.975+0000] {processor.py:840} INFO - DAG(s) 'example_task_group_decorator' retrieved from /home/airflow/.local/lib/python3.8/site-packages/airflow/example_dags/example_task_group_decorator.py
[2025-05-04T23:28:23.986+0000] {logging_mixin.py:188} INFO - [2025-05-04T23:28:23.986+0000] {dag.py:3033} INFO - Sync 1 DAGs
[2025-05-04T23:28:24.000+0000] {logging_mixin.py:188} INFO - [2025-05-04T23:28:24.000+0000] {dag.py:3820} INFO - Setting next_dagrun for example_task_group_decorator to 2025-05-03T00:00:00+00:00, run_after=2025-05-04T00:00:00+00:00
[2025-05-04T23:28:24.019+0000] {processor.py:183} INFO - Processing /home/airflow/.local/lib/python3.8/site-packages/airflow/example_dags/example_task_group_decorator.py took 0.072 seconds
[2025-05-04T23:28:54.882+0000] {processor.py:161} INFO - Started process (PID=109) to work on /home/airflow/.local/lib/python3.8/site-packages/airflow/example_dags/example_task_group_decorator.py
[2025-05-04T23:28:54.883+0000] {processor.py:830} INFO - Processing file /home/airflow/.local/lib/python3.8/site-packages/airflow/example_dags/example_task_group_decorator.py for tasks to queue
[2025-05-04T23:28:54.884+0000] {logging_mixin.py:188} INFO - [2025-05-04T23:28:54.884+0000] {dagbag.py:538} INFO - Filling up the DagBag from /home/airflow/.local/lib/python3.8/site-packages/airflow/example_dags/example_task_group_decorator.py
[2025-05-04T23:28:54.890+0000] {processor.py:840} INFO - DAG(s) 'example_task_group_decorator' retrieved from /home/airflow/.local/lib/python3.8/site-packages/airflow/example_dags/example_task_group_decorator.py
[2025-05-04T23:28:54.944+0000] {logging_mixin.py:188} INFO - [2025-05-04T23:28:54.944+0000] {dag.py:3033} INFO - Sync 1 DAGs
[2025-05-04T23:28:54.954+0000] {logging_mixin.py:188} INFO - [2025-05-04T23:28:54.954+0000] {dag.py:3820} INFO - Setting next_dagrun for example_task_group_decorator to 2025-05-03T00:00:00+00:00, run_after=2025-05-04T00:00:00+00:00
[2025-05-04T23:28:54.966+0000] {processor.py:183} INFO - Processing /home/airflow/.local/lib/python3.8/site-packages/airflow/example_dags/example_task_group_decorator.py took 0.086 seconds
[2025-05-04T23:29:25.316+0000] {processor.py:161} INFO - Started process (PID=165) to work on /home/airflow/.local/lib/python3.8/site-packages/airflow/example_dags/example_task_group_decorator.py
[2025-05-04T23:29:25.317+0000] {processor.py:830} INFO - Processing file /home/airflow/.local/lib/python3.8/site-packages/airflow/example_dags/example_task_group_decorator.py for tasks to queue
[2025-05-04T23:29:25.319+0000] {logging_mixin.py:188} INFO - [2025-05-04T23:29:25.319+0000] {dagbag.py:538} INFO - Filling up the DagBag from /home/airflow/.local/lib/python3.8/site-packages/airflow/example_dags/example_task_group_decorator.py
[2025-05-04T23:29:25.326+0000] {processor.py:840} INFO - DAG(s) 'example_task_group_decorator' retrieved from /home/airflow/.local/lib/python3.8/site-packages/airflow/example_dags/example_task_group_decorator.py
[2025-05-04T23:29:25.338+0000] {logging_mixin.py:188} INFO - [2025-05-04T23:29:25.338+0000] {dag.py:3033} INFO - Sync 1 DAGs
[2025-05-04T23:29:25.350+0000] {logging_mixin.py:188} INFO - [2025-05-04T23:29:25.350+0000] {dag.py:3820} INFO - Setting next_dagrun for example_task_group_decorator to 2025-05-03T00:00:00+00:00, run_after=2025-05-04T00:00:00+00:00
[2025-05-04T23:29:25.360+0000] {processor.py:183} INFO - Processing /home/airflow/.local/lib/python3.8/site-packages/airflow/example_dags/example_task_group_decorator.py took 0.047 seconds
[2025-05-04T23:29:56.040+0000] {processor.py:161} INFO - Started process (PID=221) to work on /home/airflow/.local/lib/python3.8/site-packages/airflow/example_dags/example_task_group_decorator.py
[2025-05-04T23:29:56.042+0000] {processor.py:830} INFO - Processing file /home/airflow/.local/lib/python3.8/site-packages/airflow/example_dags/example_task_group_decorator.py for tasks to queue
[2025-05-04T23:29:56.043+0000] {logging_mixin.py:188} INFO - [2025-05-04T23:29:56.043+0000] {dagbag.py:538} INFO - Filling up the DagBag from /home/airflow/.local/lib/python3.8/site-packages/airflow/example_dags/example_task_group_decorator.py
[2025-05-04T23:29:56.054+0000] {processor.py:840} INFO - DAG(s) 'example_task_group_decorator' retrieved from /home/airflow/.local/lib/python3.8/site-packages/airflow/example_dags/example_task_group_decorator.py
[2025-05-04T23:29:56.070+0000] {logging_mixin.py:188} INFO - [2025-05-04T23:29:56.070+0000] {dag.py:3033} INFO - Sync 1 DAGs
[2025-05-04T23:29:56.082+0000] {logging_mixin.py:188} INFO - [2025-05-04T23:29:56.081+0000] {dag.py:3820} INFO - Setting next_dagrun for example_task_group_decorator to 2025-05-03T00:00:00+00:00, run_after=2025-05-04T00:00:00+00:00
[2025-05-04T23:29:56.093+0000] {processor.py:183} INFO - Processing /home/airflow/.local/lib/python3.8/site-packages/airflow/example_dags/example_task_group_decorator.py took 0.055 seconds
[2025-05-04T23:30:26.842+0000] {processor.py:161} INFO - Started process (PID=277) to work on /home/airflow/.local/lib/python3.8/site-packages/airflow/example_dags/example_task_group_decorator.py
[2025-05-04T23:30:26.842+0000] {processor.py:830} INFO - Processing file /home/airflow/.local/lib/python3.8/site-packages/airflow/example_dags/example_task_group_decorator.py for tasks to queue
[2025-05-04T23:30:26.843+0000] {logging_mixin.py:188} INFO - [2025-05-04T23:30:26.843+0000] {dagbag.py:538} INFO - Filling up the DagBag from /home/airflow/.local/lib/python3.8/site-packages/airflow/example_dags/example_task_group_decorator.py
[2025-05-04T23:30:26.850+0000] {processor.py:840} INFO - DAG(s) 'example_task_group_decorator' retrieved from /home/airflow/.local/lib/python3.8/site-packages/airflow/example_dags/example_task_group_decorator.py
[2025-05-04T23:30:26.862+0000] {logging_mixin.py:188} INFO - [2025-05-04T23:30:26.862+0000] {dag.py:3033} INFO - Sync 1 DAGs
[2025-05-04T23:30:26.873+0000] {logging_mixin.py:188} INFO - [2025-05-04T23:30:26.873+0000] {dag.py:3820} INFO - Setting next_dagrun for example_task_group_decorator to 2025-05-03T00:00:00+00:00, run_after=2025-05-04T00:00:00+00:00
[2025-05-04T23:30:26.884+0000] {processor.py:183} INFO - Processing /home/airflow/.local/lib/python3.8/site-packages/airflow/example_dags/example_task_group_decorator.py took 0.043 seconds
[2025-05-04T23:30:57.380+0000] {processor.py:161} INFO - Started process (PID=333) to work on /home/airflow/.local/lib/python3.8/site-packages/airflow/example_dags/example_task_group_decorator.py
[2025-05-04T23:30:57.381+0000] {processor.py:830} INFO - Processing file /home/airflow/.local/lib/python3.8/site-packages/airflow/example_dags/example_task_group_decorator.py for tasks to queue
[2025-05-04T23:30:57.382+0000] {logging_mixin.py:188} INFO - [2025-05-04T23:30:57.382+0000] {dagbag.py:538} INFO - Filling up the DagBag from /home/airflow/.local/lib/python3.8/site-packages/airflow/example_dags/example_task_group_decorator.py
[2025-05-04T23:30:57.388+0000] {processor.py:840} INFO - DAG(s) 'example_task_group_decorator' retrieved from /home/airflow/.local/lib/python3.8/site-packages/airflow/example_dags/example_task_group_decorator.py
[2025-05-04T23:30:57.401+0000] {logging_mixin.py:188} INFO - [2025-05-04T23:30:57.401+0000] {dag.py:3033} INFO - Sync 1 DAGs
[2025-05-04T23:30:57.410+0000] {logging_mixin.py:188} INFO - [2025-05-04T23:30:57.410+0000] {dag.py:3820} INFO - Setting next_dagrun for example_task_group_decorator to 2025-05-03T00:00:00+00:00, run_after=2025-05-04T00:00:00+00:00
[2025-05-04T23:30:57.420+0000] {processor.py:183} INFO - Processing /home/airflow/.local/lib/python3.8/site-packages/airflow/example_dags/example_task_group_decorator.py took 0.042 seconds
[2025-05-04T23:31:28.056+0000] {processor.py:161} INFO - Started process (PID=394) to work on /home/airflow/.local/lib/python3.8/site-packages/airflow/example_dags/example_task_group_decorator.py
[2025-05-04T23:31:28.057+0000] {processor.py:830} INFO - Processing file /home/airflow/.local/lib/python3.8/site-packages/airflow/example_dags/example_task_group_decorator.py for tasks to queue
[2025-05-04T23:31:28.058+0000] {logging_mixin.py:188} INFO - [2025-05-04T23:31:28.057+0000] {dagbag.py:538} INFO - Filling up the DagBag from /home/airflow/.local/lib/python3.8/site-packages/airflow/example_dags/example_task_group_decorator.py
[2025-05-04T23:31:28.064+0000] {processor.py:840} INFO - DAG(s) 'example_task_group_decorator' retrieved from /home/airflow/.local/lib/python3.8/site-packages/airflow/example_dags/example_task_group_decorator.py
[2025-05-04T23:31:28.076+0000] {logging_mixin.py:188} INFO - [2025-05-04T23:31:28.076+0000] {dag.py:3033} INFO - Sync 1 DAGs
[2025-05-04T23:31:28.085+0000] {logging_mixin.py:188} INFO - [2025-05-04T23:31:28.085+0000] {dag.py:3820} INFO - Setting next_dagrun for example_task_group_decorator to 2025-05-03T00:00:00+00:00, run_after=2025-05-04T00:00:00+00:00
[2025-05-04T23:31:28.095+0000] {processor.py:183} INFO - Processing /home/airflow/.local/lib/python3.8/site-packages/airflow/example_dags/example_task_group_decorator.py took 0.040 seconds
[2025-05-04T23:31:58.757+0000] {processor.py:161} INFO - Started process (PID=450) to work on /home/airflow/.local/lib/python3.8/site-packages/airflow/example_dags/example_task_group_decorator.py
[2025-05-04T23:31:58.758+0000] {processor.py:830} INFO - Processing file /home/airflow/.local/lib/python3.8/site-packages/airflow/example_dags/example_task_group_decorator.py for tasks to queue
[2025-05-04T23:31:58.758+0000] {logging_mixin.py:188} INFO - [2025-05-04T23:31:58.758+0000] {dagbag.py:538} INFO - Filling up the DagBag from /home/airflow/.local/lib/python3.8/site-packages/airflow/example_dags/example_task_group_decorator.py
[2025-05-04T23:31:58.764+0000] {processor.py:840} INFO - DAG(s) 'example_task_group_decorator' retrieved from /home/airflow/.local/lib/python3.8/site-packages/airflow/example_dags/example_task_group_decorator.py
[2025-05-04T23:31:58.774+0000] {logging_mixin.py:188} INFO - [2025-05-04T23:31:58.773+0000] {dag.py:3033} INFO - Sync 1 DAGs
[2025-05-04T23:31:58.781+0000] {logging_mixin.py:188} INFO - [2025-05-04T23:31:58.781+0000] {dag.py:3820} INFO - Setting next_dagrun for example_task_group_decorator to 2025-05-03T00:00:00+00:00, run_after=2025-05-04T00:00:00+00:00
[2025-05-04T23:31:58.787+0000] {processor.py:183} INFO - Processing /home/airflow/.local/lib/python3.8/site-packages/airflow/example_dags/example_task_group_decorator.py took 0.032 seconds
[2025-05-04T23:32:29.440+0000] {processor.py:161} INFO - Started process (PID=506) to work on /home/airflow/.local/lib/python3.8/site-packages/airflow/example_dags/example_task_group_decorator.py
[2025-05-04T23:32:29.440+0000] {processor.py:830} INFO - Processing file /home/airflow/.local/lib/python3.8/site-packages/airflow/example_dags/example_task_group_decorator.py for tasks to queue
[2025-05-04T23:32:29.441+0000] {logging_mixin.py:188} INFO - [2025-05-04T23:32:29.441+0000] {dagbag.py:538} INFO - Filling up the DagBag from /home/airflow/.local/lib/python3.8/site-packages/airflow/example_dags/example_task_group_decorator.py
[2025-05-04T23:32:29.448+0000] {processor.py:840} INFO - DAG(s) 'example_task_group_decorator' retrieved from /home/airflow/.local/lib/python3.8/site-packages/airflow/example_dags/example_task_group_decorator.py
[2025-05-04T23:32:29.459+0000] {logging_mixin.py:188} INFO - [2025-05-04T23:32:29.459+0000] {dag.py:3033} INFO - Sync 1 DAGs
[2025-05-04T23:32:29.471+0000] {logging_mixin.py:188} INFO - [2025-05-04T23:32:29.471+0000] {dag.py:3820} INFO - Setting next_dagrun for example_task_group_decorator to 2025-05-03T00:00:00+00:00, run_after=2025-05-04T00:00:00+00:00
[2025-05-04T23:32:29.478+0000] {processor.py:183} INFO - Processing /home/airflow/.local/lib/python3.8/site-packages/airflow/example_dags/example_task_group_decorator.py took 0.040 seconds
[2025-05-04T23:47:21.822+0000] {processor.py:161} INFO - Started process (PID=53) to work on /home/airflow/.local/lib/python3.8/site-packages/airflow/example_dags/example_task_group_decorator.py
[2025-05-04T23:47:21.824+0000] {processor.py:830} INFO - Processing file /home/airflow/.local/lib/python3.8/site-packages/airflow/example_dags/example_task_group_decorator.py for tasks to queue
[2025-05-04T23:47:21.826+0000] {logging_mixin.py:188} INFO - [2025-05-04T23:47:21.826+0000] {dagbag.py:538} INFO - Filling up the DagBag from /home/airflow/.local/lib/python3.8/site-packages/airflow/example_dags/example_task_group_decorator.py
[2025-05-04T23:47:21.834+0000] {processor.py:840} INFO - DAG(s) 'example_task_group_decorator' retrieved from /home/airflow/.local/lib/python3.8/site-packages/airflow/example_dags/example_task_group_decorator.py
[2025-05-04T23:47:21.848+0000] {logging_mixin.py:188} INFO - [2025-05-04T23:47:21.848+0000] {dag.py:3033} INFO - Sync 1 DAGs
[2025-05-04T23:47:21.883+0000] {logging_mixin.py:188} INFO - [2025-05-04T23:47:21.883+0000] {dag.py:3820} INFO - Setting next_dagrun for example_task_group_decorator to 2025-05-03T00:00:00+00:00, run_after=2025-05-04T00:00:00+00:00
[2025-05-04T23:47:21.908+0000] {processor.py:183} INFO - Processing /home/airflow/.local/lib/python3.8/site-packages/airflow/example_dags/example_task_group_decorator.py took 0.090 seconds
[2025-05-04T23:47:52.294+0000] {processor.py:161} INFO - Started process (PID=109) to work on /home/airflow/.local/lib/python3.8/site-packages/airflow/example_dags/example_task_group_decorator.py
[2025-05-04T23:47:52.294+0000] {processor.py:830} INFO - Processing file /home/airflow/.local/lib/python3.8/site-packages/airflow/example_dags/example_task_group_decorator.py for tasks to queue
[2025-05-04T23:47:52.295+0000] {logging_mixin.py:188} INFO - [2025-05-04T23:47:52.295+0000] {dagbag.py:538} INFO - Filling up the DagBag from /home/airflow/.local/lib/python3.8/site-packages/airflow/example_dags/example_task_group_decorator.py
[2025-05-04T23:47:52.301+0000] {processor.py:840} INFO - DAG(s) 'example_task_group_decorator' retrieved from /home/airflow/.local/lib/python3.8/site-packages/airflow/example_dags/example_task_group_decorator.py
[2025-05-04T23:47:52.344+0000] {logging_mixin.py:188} INFO - [2025-05-04T23:47:52.344+0000] {dag.py:3033} INFO - Sync 1 DAGs
[2025-05-04T23:47:52.352+0000] {logging_mixin.py:188} INFO - [2025-05-04T23:47:52.352+0000] {dag.py:3820} INFO - Setting next_dagrun for example_task_group_decorator to 2025-05-03T00:00:00+00:00, run_after=2025-05-04T00:00:00+00:00
[2025-05-04T23:47:52.364+0000] {processor.py:183} INFO - Processing /home/airflow/.local/lib/python3.8/site-packages/airflow/example_dags/example_task_group_decorator.py took 0.072 seconds
[2025-05-04T23:48:22.564+0000] {processor.py:161} INFO - Started process (PID=165) to work on /home/airflow/.local/lib/python3.8/site-packages/airflow/example_dags/example_task_group_decorator.py
[2025-05-04T23:48:22.565+0000] {processor.py:830} INFO - Processing file /home/airflow/.local/lib/python3.8/site-packages/airflow/example_dags/example_task_group_decorator.py for tasks to queue
[2025-05-04T23:48:22.566+0000] {logging_mixin.py:188} INFO - [2025-05-04T23:48:22.566+0000] {dagbag.py:538} INFO - Filling up the DagBag from /home/airflow/.local/lib/python3.8/site-packages/airflow/example_dags/example_task_group_decorator.py
[2025-05-04T23:48:22.572+0000] {processor.py:840} INFO - DAG(s) 'example_task_group_decorator' retrieved from /home/airflow/.local/lib/python3.8/site-packages/airflow/example_dags/example_task_group_decorator.py
[2025-05-04T23:48:22.584+0000] {logging_mixin.py:188} INFO - [2025-05-04T23:48:22.584+0000] {dag.py:3033} INFO - Sync 1 DAGs
[2025-05-04T23:48:22.595+0000] {logging_mixin.py:188} INFO - [2025-05-04T23:48:22.595+0000] {dag.py:3820} INFO - Setting next_dagrun for example_task_group_decorator to 2025-05-03T00:00:00+00:00, run_after=2025-05-04T00:00:00+00:00
[2025-05-04T23:48:22.605+0000] {processor.py:183} INFO - Processing /home/airflow/.local/lib/python3.8/site-packages/airflow/example_dags/example_task_group_decorator.py took 0.042 seconds
[2025-05-04T23:48:53.260+0000] {processor.py:161} INFO - Started process (PID=221) to work on /home/airflow/.local/lib/python3.8/site-packages/airflow/example_dags/example_task_group_decorator.py
[2025-05-04T23:48:53.261+0000] {processor.py:830} INFO - Processing file /home/airflow/.local/lib/python3.8/site-packages/airflow/example_dags/example_task_group_decorator.py for tasks to queue
[2025-05-04T23:48:53.262+0000] {logging_mixin.py:188} INFO - [2025-05-04T23:48:53.262+0000] {dagbag.py:538} INFO - Filling up the DagBag from /home/airflow/.local/lib/python3.8/site-packages/airflow/example_dags/example_task_group_decorator.py
[2025-05-04T23:48:53.269+0000] {processor.py:840} INFO - DAG(s) 'example_task_group_decorator' retrieved from /home/airflow/.local/lib/python3.8/site-packages/airflow/example_dags/example_task_group_decorator.py
[2025-05-04T23:48:53.281+0000] {logging_mixin.py:188} INFO - [2025-05-04T23:48:53.281+0000] {dag.py:3033} INFO - Sync 1 DAGs
[2025-05-04T23:48:53.289+0000] {logging_mixin.py:188} INFO - [2025-05-04T23:48:53.289+0000] {dag.py:3820} INFO - Setting next_dagrun for example_task_group_decorator to 2025-05-03T00:00:00+00:00, run_after=2025-05-04T00:00:00+00:00
[2025-05-04T23:48:53.296+0000] {processor.py:183} INFO - Processing /home/airflow/.local/lib/python3.8/site-packages/airflow/example_dags/example_task_group_decorator.py took 0.037 seconds
[2025-05-04T23:49:23.938+0000] {processor.py:161} INFO - Started process (PID=277) to work on /home/airflow/.local/lib/python3.8/site-packages/airflow/example_dags/example_task_group_decorator.py
[2025-05-04T23:49:23.939+0000] {processor.py:830} INFO - Processing file /home/airflow/.local/lib/python3.8/site-packages/airflow/example_dags/example_task_group_decorator.py for tasks to queue
[2025-05-04T23:49:23.941+0000] {logging_mixin.py:188} INFO - [2025-05-04T23:49:23.940+0000] {dagbag.py:538} INFO - Filling up the DagBag from /home/airflow/.local/lib/python3.8/site-packages/airflow/example_dags/example_task_group_decorator.py
[2025-05-04T23:49:23.947+0000] {processor.py:840} INFO - DAG(s) 'example_task_group_decorator' retrieved from /home/airflow/.local/lib/python3.8/site-packages/airflow/example_dags/example_task_group_decorator.py
[2025-05-04T23:49:23.957+0000] {logging_mixin.py:188} INFO - [2025-05-04T23:49:23.956+0000] {dag.py:3033} INFO - Sync 1 DAGs
[2025-05-04T23:49:23.964+0000] {logging_mixin.py:188} INFO - [2025-05-04T23:49:23.964+0000] {dag.py:3820} INFO - Setting next_dagrun for example_task_group_decorator to 2025-05-03T00:00:00+00:00, run_after=2025-05-04T00:00:00+00:00
[2025-05-04T23:49:23.970+0000] {processor.py:183} INFO - Processing /home/airflow/.local/lib/python3.8/site-packages/airflow/example_dags/example_task_group_decorator.py took 0.034 seconds
[2025-05-04T23:49:54.785+0000] {processor.py:161} INFO - Started process (PID=333) to work on /home/airflow/.local/lib/python3.8/site-packages/airflow/example_dags/example_task_group_decorator.py
[2025-05-04T23:49:54.785+0000] {processor.py:830} INFO - Processing file /home/airflow/.local/lib/python3.8/site-packages/airflow/example_dags/example_task_group_decorator.py for tasks to queue
[2025-05-04T23:49:54.786+0000] {logging_mixin.py:188} INFO - [2025-05-04T23:49:54.786+0000] {dagbag.py:538} INFO - Filling up the DagBag from /home/airflow/.local/lib/python3.8/site-packages/airflow/example_dags/example_task_group_decorator.py
[2025-05-04T23:49:54.792+0000] {processor.py:840} INFO - DAG(s) 'example_task_group_decorator' retrieved from /home/airflow/.local/lib/python3.8/site-packages/airflow/example_dags/example_task_group_decorator.py
[2025-05-04T23:49:54.807+0000] {logging_mixin.py:188} INFO - [2025-05-04T23:49:54.807+0000] {dag.py:3033} INFO - Sync 1 DAGs
[2025-05-04T23:49:54.817+0000] {logging_mixin.py:188} INFO - [2025-05-04T23:49:54.817+0000] {dag.py:3820} INFO - Setting next_dagrun for example_task_group_decorator to 2025-05-03T00:00:00+00:00, run_after=2025-05-04T00:00:00+00:00
[2025-05-04T23:49:54.829+0000] {processor.py:183} INFO - Processing /home/airflow/.local/lib/python3.8/site-packages/airflow/example_dags/example_task_group_decorator.py took 0.046 seconds
