[2025-05-04T22:22:10.663+0000] {processor.py:161} INFO - Started process (PID=64) to work on /home/airflow/.local/lib/python3.8/site-packages/airflow/example_dags/example_setup_teardown.py
[2025-05-04T22:22:10.664+0000] {processor.py:830} INFO - Processing file /home/airflow/.local/lib/python3.8/site-packages/airflow/example_dags/example_setup_teardown.py for tasks to queue
[2025-05-04T22:22:10.666+0000] {logging_mixin.py:188} INFO - [2025-05-04T22:22:10.666+0000] {dagbag.py:538} INFO - Filling up the DagBag from /home/airflow/.local/lib/python3.8/site-packages/airflow/example_dags/example_setup_teardown.py
[2025-05-04T22:22:10.678+0000] {processor.py:840} INFO - DAG(s) 'example_setup_teardown' retrieved from /home/airflow/.local/lib/python3.8/site-packages/airflow/example_dags/example_setup_teardown.py
[2025-05-04T22:22:10.691+0000] {logging_mixin.py:188} INFO - [2025-05-04T22:22:10.691+0000] {dag.py:3033} INFO - Sync 1 DAGs
[2025-05-04T22:22:10.706+0000] {logging_mixin.py:188} INFO - [2025-05-04T22:22:10.706+0000] {dag.py:3820} INFO - Setting next_dagrun for example_setup_teardown to 2025-05-03T00:00:00+00:00, run_after=2025-05-04T00:00:00+00:00
[2025-05-04T22:22:10.720+0000] {processor.py:183} INFO - Processing /home/airflow/.local/lib/python3.8/site-packages/airflow/example_dags/example_setup_teardown.py took 0.059 seconds
[2025-05-04T22:22:41.274+0000] {processor.py:161} INFO - Started process (PID=119) to work on /home/airflow/.local/lib/python3.8/site-packages/airflow/example_dags/example_setup_teardown.py
[2025-05-04T22:22:41.274+0000] {processor.py:830} INFO - Processing file /home/airflow/.local/lib/python3.8/site-packages/airflow/example_dags/example_setup_teardown.py for tasks to queue
[2025-05-04T22:22:41.275+0000] {logging_mixin.py:188} INFO - [2025-05-04T22:22:41.275+0000] {dagbag.py:538} INFO - Filling up the DagBag from /home/airflow/.local/lib/python3.8/site-packages/airflow/example_dags/example_setup_teardown.py
[2025-05-04T22:22:41.278+0000] {processor.py:840} INFO - DAG(s) 'example_setup_teardown' retrieved from /home/airflow/.local/lib/python3.8/site-packages/airflow/example_dags/example_setup_teardown.py
[2025-05-04T22:22:41.322+0000] {logging_mixin.py:188} INFO - [2025-05-04T22:22:41.322+0000] {dag.py:3033} INFO - Sync 1 DAGs
[2025-05-04T22:22:41.329+0000] {logging_mixin.py:188} INFO - [2025-05-04T22:22:41.329+0000] {dag.py:3820} INFO - Setting next_dagrun for example_setup_teardown to 2025-05-03T00:00:00+00:00, run_after=2025-05-04T00:00:00+00:00
[2025-05-04T22:22:41.336+0000] {processor.py:183} INFO - Processing /home/airflow/.local/lib/python3.8/site-packages/airflow/example_dags/example_setup_teardown.py took 0.064 seconds
[2025-05-04T22:23:12.210+0000] {processor.py:161} INFO - Started process (PID=174) to work on /home/airflow/.local/lib/python3.8/site-packages/airflow/example_dags/example_setup_teardown.py
[2025-05-04T22:23:12.210+0000] {processor.py:830} INFO - Processing file /home/airflow/.local/lib/python3.8/site-packages/airflow/example_dags/example_setup_teardown.py for tasks to queue
[2025-05-04T22:23:12.211+0000] {logging_mixin.py:188} INFO - [2025-05-04T22:23:12.211+0000] {dagbag.py:538} INFO - Filling up the DagBag from /home/airflow/.local/lib/python3.8/site-packages/airflow/example_dags/example_setup_teardown.py
[2025-05-04T22:23:12.214+0000] {processor.py:840} INFO - DAG(s) 'example_setup_teardown' retrieved from /home/airflow/.local/lib/python3.8/site-packages/airflow/example_dags/example_setup_teardown.py
[2025-05-04T22:23:12.222+0000] {logging_mixin.py:188} INFO - [2025-05-04T22:23:12.222+0000] {dag.py:3033} INFO - Sync 1 DAGs
[2025-05-04T22:23:12.231+0000] {logging_mixin.py:188} INFO - [2025-05-04T22:23:12.231+0000] {dag.py:3820} INFO - Setting next_dagrun for example_setup_teardown to 2025-05-03T00:00:00+00:00, run_after=2025-05-04T00:00:00+00:00
[2025-05-04T22:23:12.239+0000] {processor.py:183} INFO - Processing /home/airflow/.local/lib/python3.8/site-packages/airflow/example_dags/example_setup_teardown.py took 0.031 seconds
[2025-05-04T22:23:42.746+0000] {processor.py:161} INFO - Started process (PID=229) to work on /home/airflow/.local/lib/python3.8/site-packages/airflow/example_dags/example_setup_teardown.py
[2025-05-04T22:23:42.747+0000] {processor.py:830} INFO - Processing file /home/airflow/.local/lib/python3.8/site-packages/airflow/example_dags/example_setup_teardown.py for tasks to queue
[2025-05-04T22:23:42.749+0000] {logging_mixin.py:188} INFO - [2025-05-04T22:23:42.749+0000] {dagbag.py:538} INFO - Filling up the DagBag from /home/airflow/.local/lib/python3.8/site-packages/airflow/example_dags/example_setup_teardown.py
[2025-05-04T22:23:42.753+0000] {processor.py:840} INFO - DAG(s) 'example_setup_teardown' retrieved from /home/airflow/.local/lib/python3.8/site-packages/airflow/example_dags/example_setup_teardown.py
[2025-05-04T22:23:42.767+0000] {logging_mixin.py:188} INFO - [2025-05-04T22:23:42.767+0000] {dag.py:3033} INFO - Sync 1 DAGs
[2025-05-04T22:23:42.777+0000] {logging_mixin.py:188} INFO - [2025-05-04T22:23:42.777+0000] {dag.py:3820} INFO - Setting next_dagrun for example_setup_teardown to 2025-05-03T00:00:00+00:00, run_after=2025-05-04T00:00:00+00:00
[2025-05-04T22:23:42.784+0000] {processor.py:183} INFO - Processing /home/airflow/.local/lib/python3.8/site-packages/airflow/example_dags/example_setup_teardown.py took 0.040 seconds
[2025-05-04T22:24:13.360+0000] {processor.py:161} INFO - Started process (PID=284) to work on /home/airflow/.local/lib/python3.8/site-packages/airflow/example_dags/example_setup_teardown.py
[2025-05-04T22:24:13.361+0000] {processor.py:830} INFO - Processing file /home/airflow/.local/lib/python3.8/site-packages/airflow/example_dags/example_setup_teardown.py for tasks to queue
[2025-05-04T22:24:13.363+0000] {logging_mixin.py:188} INFO - [2025-05-04T22:24:13.363+0000] {dagbag.py:538} INFO - Filling up the DagBag from /home/airflow/.local/lib/python3.8/site-packages/airflow/example_dags/example_setup_teardown.py
[2025-05-04T22:24:13.368+0000] {processor.py:840} INFO - DAG(s) 'example_setup_teardown' retrieved from /home/airflow/.local/lib/python3.8/site-packages/airflow/example_dags/example_setup_teardown.py
[2025-05-04T22:24:13.383+0000] {logging_mixin.py:188} INFO - [2025-05-04T22:24:13.383+0000] {dag.py:3033} INFO - Sync 1 DAGs
[2025-05-04T22:24:13.396+0000] {logging_mixin.py:188} INFO - [2025-05-04T22:24:13.396+0000] {dag.py:3820} INFO - Setting next_dagrun for example_setup_teardown to 2025-05-03T00:00:00+00:00, run_after=2025-05-04T00:00:00+00:00
[2025-05-04T22:24:13.405+0000] {processor.py:183} INFO - Processing /home/airflow/.local/lib/python3.8/site-packages/airflow/example_dags/example_setup_teardown.py took 0.047 seconds
[2025-05-04T22:24:43.978+0000] {processor.py:161} INFO - Started process (PID=339) to work on /home/airflow/.local/lib/python3.8/site-packages/airflow/example_dags/example_setup_teardown.py
[2025-05-04T22:24:43.979+0000] {processor.py:830} INFO - Processing file /home/airflow/.local/lib/python3.8/site-packages/airflow/example_dags/example_setup_teardown.py for tasks to queue
[2025-05-04T22:24:43.980+0000] {logging_mixin.py:188} INFO - [2025-05-04T22:24:43.980+0000] {dagbag.py:538} INFO - Filling up the DagBag from /home/airflow/.local/lib/python3.8/site-packages/airflow/example_dags/example_setup_teardown.py
[2025-05-04T22:24:43.985+0000] {processor.py:840} INFO - DAG(s) 'example_setup_teardown' retrieved from /home/airflow/.local/lib/python3.8/site-packages/airflow/example_dags/example_setup_teardown.py
[2025-05-04T22:24:43.996+0000] {logging_mixin.py:188} INFO - [2025-05-04T22:24:43.995+0000] {dag.py:3033} INFO - Sync 1 DAGs
[2025-05-04T22:24:44.005+0000] {logging_mixin.py:188} INFO - [2025-05-04T22:24:44.005+0000] {dag.py:3820} INFO - Setting next_dagrun for example_setup_teardown to 2025-05-03T00:00:00+00:00, run_after=2025-05-04T00:00:00+00:00
[2025-05-04T22:24:44.013+0000] {processor.py:183} INFO - Processing /home/airflow/.local/lib/python3.8/site-packages/airflow/example_dags/example_setup_teardown.py took 0.037 seconds
[2025-05-04T22:25:29.295+0000] {processor.py:161} INFO - Started process (PID=65) to work on /home/airflow/.local/lib/python3.8/site-packages/airflow/example_dags/example_setup_teardown.py
[2025-05-04T22:25:29.296+0000] {processor.py:830} INFO - Processing file /home/airflow/.local/lib/python3.8/site-packages/airflow/example_dags/example_setup_teardown.py for tasks to queue
[2025-05-04T22:25:29.297+0000] {logging_mixin.py:188} INFO - [2025-05-04T22:25:29.297+0000] {dagbag.py:538} INFO - Filling up the DagBag from /home/airflow/.local/lib/python3.8/site-packages/airflow/example_dags/example_setup_teardown.py
[2025-05-04T22:25:29.301+0000] {processor.py:840} INFO - DAG(s) 'example_setup_teardown' retrieved from /home/airflow/.local/lib/python3.8/site-packages/airflow/example_dags/example_setup_teardown.py
[2025-05-04T22:25:29.316+0000] {logging_mixin.py:188} INFO - [2025-05-04T22:25:29.315+0000] {dag.py:3033} INFO - Sync 1 DAGs
[2025-05-04T22:25:29.338+0000] {logging_mixin.py:188} INFO - [2025-05-04T22:25:29.338+0000] {dag.py:3820} INFO - Setting next_dagrun for example_setup_teardown to 2025-05-03T00:00:00+00:00, run_after=2025-05-04T00:00:00+00:00
[2025-05-04T22:25:29.369+0000] {processor.py:183} INFO - Processing /home/airflow/.local/lib/python3.8/site-packages/airflow/example_dags/example_setup_teardown.py took 0.076 seconds
[2025-05-04T22:25:59.660+0000] {processor.py:161} INFO - Started process (PID=121) to work on /home/airflow/.local/lib/python3.8/site-packages/airflow/example_dags/example_setup_teardown.py
[2025-05-04T22:25:59.661+0000] {processor.py:830} INFO - Processing file /home/airflow/.local/lib/python3.8/site-packages/airflow/example_dags/example_setup_teardown.py for tasks to queue
[2025-05-04T22:25:59.662+0000] {logging_mixin.py:188} INFO - [2025-05-04T22:25:59.662+0000] {dagbag.py:538} INFO - Filling up the DagBag from /home/airflow/.local/lib/python3.8/site-packages/airflow/example_dags/example_setup_teardown.py
[2025-05-04T22:25:59.664+0000] {processor.py:840} INFO - DAG(s) 'example_setup_teardown' retrieved from /home/airflow/.local/lib/python3.8/site-packages/airflow/example_dags/example_setup_teardown.py
[2025-05-04T22:25:59.703+0000] {logging_mixin.py:188} INFO - [2025-05-04T22:25:59.703+0000] {dag.py:3033} INFO - Sync 1 DAGs
[2025-05-04T22:25:59.712+0000] {logging_mixin.py:188} INFO - [2025-05-04T22:25:59.712+0000] {dag.py:3820} INFO - Setting next_dagrun for example_setup_teardown to 2025-05-03T00:00:00+00:00, run_after=2025-05-04T00:00:00+00:00
[2025-05-04T22:25:59.721+0000] {processor.py:183} INFO - Processing /home/airflow/.local/lib/python3.8/site-packages/airflow/example_dags/example_setup_teardown.py took 0.062 seconds
[2025-05-04T22:26:30.719+0000] {processor.py:161} INFO - Started process (PID=177) to work on /home/airflow/.local/lib/python3.8/site-packages/airflow/example_dags/example_setup_teardown.py
[2025-05-04T22:26:30.720+0000] {processor.py:830} INFO - Processing file /home/airflow/.local/lib/python3.8/site-packages/airflow/example_dags/example_setup_teardown.py for tasks to queue
[2025-05-04T22:26:30.721+0000] {logging_mixin.py:188} INFO - [2025-05-04T22:26:30.721+0000] {dagbag.py:538} INFO - Filling up the DagBag from /home/airflow/.local/lib/python3.8/site-packages/airflow/example_dags/example_setup_teardown.py
[2025-05-04T22:26:30.726+0000] {processor.py:840} INFO - DAG(s) 'example_setup_teardown' retrieved from /home/airflow/.local/lib/python3.8/site-packages/airflow/example_dags/example_setup_teardown.py
[2025-05-04T22:26:30.741+0000] {logging_mixin.py:188} INFO - [2025-05-04T22:26:30.741+0000] {dag.py:3033} INFO - Sync 1 DAGs
[2025-05-04T22:26:30.752+0000] {logging_mixin.py:188} INFO - [2025-05-04T22:26:30.752+0000] {dag.py:3820} INFO - Setting next_dagrun for example_setup_teardown to 2025-05-03T00:00:00+00:00, run_after=2025-05-04T00:00:00+00:00
[2025-05-04T22:26:30.767+0000] {processor.py:183} INFO - Processing /home/airflow/.local/lib/python3.8/site-packages/airflow/example_dags/example_setup_teardown.py took 0.051 seconds
[2025-05-04T22:27:01.405+0000] {processor.py:161} INFO - Started process (PID=237) to work on /home/airflow/.local/lib/python3.8/site-packages/airflow/example_dags/example_setup_teardown.py
[2025-05-04T22:27:01.407+0000] {processor.py:830} INFO - Processing file /home/airflow/.local/lib/python3.8/site-packages/airflow/example_dags/example_setup_teardown.py for tasks to queue
[2025-05-04T22:27:01.408+0000] {logging_mixin.py:188} INFO - [2025-05-04T22:27:01.408+0000] {dagbag.py:538} INFO - Filling up the DagBag from /home/airflow/.local/lib/python3.8/site-packages/airflow/example_dags/example_setup_teardown.py
[2025-05-04T22:27:01.412+0000] {processor.py:840} INFO - DAG(s) 'example_setup_teardown' retrieved from /home/airflow/.local/lib/python3.8/site-packages/airflow/example_dags/example_setup_teardown.py
[2025-05-04T22:27:01.423+0000] {logging_mixin.py:188} INFO - [2025-05-04T22:27:01.423+0000] {dag.py:3033} INFO - Sync 1 DAGs
[2025-05-04T22:27:01.433+0000] {logging_mixin.py:188} INFO - [2025-05-04T22:27:01.433+0000] {dag.py:3820} INFO - Setting next_dagrun for example_setup_teardown to 2025-05-03T00:00:00+00:00, run_after=2025-05-04T00:00:00+00:00
[2025-05-04T22:27:01.446+0000] {processor.py:183} INFO - Processing /home/airflow/.local/lib/python3.8/site-packages/airflow/example_dags/example_setup_teardown.py took 0.043 seconds
[2025-05-04T22:27:32.055+0000] {processor.py:161} INFO - Started process (PID=293) to work on /home/airflow/.local/lib/python3.8/site-packages/airflow/example_dags/example_setup_teardown.py
[2025-05-04T22:27:32.056+0000] {processor.py:830} INFO - Processing file /home/airflow/.local/lib/python3.8/site-packages/airflow/example_dags/example_setup_teardown.py for tasks to queue
[2025-05-04T22:27:32.057+0000] {logging_mixin.py:188} INFO - [2025-05-04T22:27:32.057+0000] {dagbag.py:538} INFO - Filling up the DagBag from /home/airflow/.local/lib/python3.8/site-packages/airflow/example_dags/example_setup_teardown.py
[2025-05-04T22:27:32.061+0000] {processor.py:840} INFO - DAG(s) 'example_setup_teardown' retrieved from /home/airflow/.local/lib/python3.8/site-packages/airflow/example_dags/example_setup_teardown.py
[2025-05-04T22:27:32.071+0000] {logging_mixin.py:188} INFO - [2025-05-04T22:27:32.071+0000] {dag.py:3033} INFO - Sync 1 DAGs
[2025-05-04T22:27:32.081+0000] {logging_mixin.py:188} INFO - [2025-05-04T22:27:32.081+0000] {dag.py:3820} INFO - Setting next_dagrun for example_setup_teardown to 2025-05-03T00:00:00+00:00, run_after=2025-05-04T00:00:00+00:00
[2025-05-04T22:27:32.091+0000] {processor.py:183} INFO - Processing /home/airflow/.local/lib/python3.8/site-packages/airflow/example_dags/example_setup_teardown.py took 0.037 seconds
[2025-05-04T22:28:02.683+0000] {processor.py:161} INFO - Started process (PID=349) to work on /home/airflow/.local/lib/python3.8/site-packages/airflow/example_dags/example_setup_teardown.py
[2025-05-04T22:28:02.684+0000] {processor.py:830} INFO - Processing file /home/airflow/.local/lib/python3.8/site-packages/airflow/example_dags/example_setup_teardown.py for tasks to queue
[2025-05-04T22:28:02.685+0000] {logging_mixin.py:188} INFO - [2025-05-04T22:28:02.685+0000] {dagbag.py:538} INFO - Filling up the DagBag from /home/airflow/.local/lib/python3.8/site-packages/airflow/example_dags/example_setup_teardown.py
[2025-05-04T22:28:02.689+0000] {processor.py:840} INFO - DAG(s) 'example_setup_teardown' retrieved from /home/airflow/.local/lib/python3.8/site-packages/airflow/example_dags/example_setup_teardown.py
[2025-05-04T22:28:02.700+0000] {logging_mixin.py:188} INFO - [2025-05-04T22:28:02.700+0000] {dag.py:3033} INFO - Sync 1 DAGs
[2025-05-04T22:28:02.710+0000] {logging_mixin.py:188} INFO - [2025-05-04T22:28:02.710+0000] {dag.py:3820} INFO - Setting next_dagrun for example_setup_teardown to 2025-05-03T00:00:00+00:00, run_after=2025-05-04T00:00:00+00:00
[2025-05-04T22:28:02.720+0000] {processor.py:183} INFO - Processing /home/airflow/.local/lib/python3.8/site-packages/airflow/example_dags/example_setup_teardown.py took 0.038 seconds
[2025-05-04T22:28:33.296+0000] {processor.py:161} INFO - Started process (PID=405) to work on /home/airflow/.local/lib/python3.8/site-packages/airflow/example_dags/example_setup_teardown.py
[2025-05-04T22:28:33.297+0000] {processor.py:830} INFO - Processing file /home/airflow/.local/lib/python3.8/site-packages/airflow/example_dags/example_setup_teardown.py for tasks to queue
[2025-05-04T22:28:33.298+0000] {logging_mixin.py:188} INFO - [2025-05-04T22:28:33.298+0000] {dagbag.py:538} INFO - Filling up the DagBag from /home/airflow/.local/lib/python3.8/site-packages/airflow/example_dags/example_setup_teardown.py
[2025-05-04T22:28:33.302+0000] {processor.py:840} INFO - DAG(s) 'example_setup_teardown' retrieved from /home/airflow/.local/lib/python3.8/site-packages/airflow/example_dags/example_setup_teardown.py
[2025-05-04T22:28:33.312+0000] {logging_mixin.py:188} INFO - [2025-05-04T22:28:33.312+0000] {dag.py:3033} INFO - Sync 1 DAGs
[2025-05-04T22:28:33.327+0000] {logging_mixin.py:188} INFO - [2025-05-04T22:28:33.327+0000] {dag.py:3820} INFO - Setting next_dagrun for example_setup_teardown to 2025-05-03T00:00:00+00:00, run_after=2025-05-04T00:00:00+00:00
[2025-05-04T22:28:33.337+0000] {processor.py:183} INFO - Processing /home/airflow/.local/lib/python3.8/site-packages/airflow/example_dags/example_setup_teardown.py took 0.043 seconds
[2025-05-04T22:29:03.950+0000] {processor.py:161} INFO - Started process (PID=461) to work on /home/airflow/.local/lib/python3.8/site-packages/airflow/example_dags/example_setup_teardown.py
[2025-05-04T22:29:03.950+0000] {processor.py:830} INFO - Processing file /home/airflow/.local/lib/python3.8/site-packages/airflow/example_dags/example_setup_teardown.py for tasks to queue
[2025-05-04T22:29:03.952+0000] {logging_mixin.py:188} INFO - [2025-05-04T22:29:03.951+0000] {dagbag.py:538} INFO - Filling up the DagBag from /home/airflow/.local/lib/python3.8/site-packages/airflow/example_dags/example_setup_teardown.py
[2025-05-04T22:29:03.955+0000] {processor.py:840} INFO - DAG(s) 'example_setup_teardown' retrieved from /home/airflow/.local/lib/python3.8/site-packages/airflow/example_dags/example_setup_teardown.py
[2025-05-04T22:29:03.967+0000] {logging_mixin.py:188} INFO - [2025-05-04T22:29:03.967+0000] {dag.py:3033} INFO - Sync 1 DAGs
[2025-05-04T22:29:03.978+0000] {logging_mixin.py:188} INFO - [2025-05-04T22:29:03.978+0000] {dag.py:3820} INFO - Setting next_dagrun for example_setup_teardown to 2025-05-03T00:00:00+00:00, run_after=2025-05-04T00:00:00+00:00
[2025-05-04T22:29:03.991+0000] {processor.py:183} INFO - Processing /home/airflow/.local/lib/python3.8/site-packages/airflow/example_dags/example_setup_teardown.py took 0.043 seconds
[2025-05-04T22:29:34.804+0000] {processor.py:161} INFO - Started process (PID=517) to work on /home/airflow/.local/lib/python3.8/site-packages/airflow/example_dags/example_setup_teardown.py
[2025-05-04T22:29:34.804+0000] {processor.py:830} INFO - Processing file /home/airflow/.local/lib/python3.8/site-packages/airflow/example_dags/example_setup_teardown.py for tasks to queue
[2025-05-04T22:29:34.805+0000] {logging_mixin.py:188} INFO - [2025-05-04T22:29:34.805+0000] {dagbag.py:538} INFO - Filling up the DagBag from /home/airflow/.local/lib/python3.8/site-packages/airflow/example_dags/example_setup_teardown.py
[2025-05-04T22:29:34.809+0000] {processor.py:840} INFO - DAG(s) 'example_setup_teardown' retrieved from /home/airflow/.local/lib/python3.8/site-packages/airflow/example_dags/example_setup_teardown.py
[2025-05-04T22:29:34.819+0000] {logging_mixin.py:188} INFO - [2025-05-04T22:29:34.819+0000] {dag.py:3033} INFO - Sync 1 DAGs
[2025-05-04T22:29:34.828+0000] {logging_mixin.py:188} INFO - [2025-05-04T22:29:34.828+0000] {dag.py:3820} INFO - Setting next_dagrun for example_setup_teardown to 2025-05-03T00:00:00+00:00, run_after=2025-05-04T00:00:00+00:00
[2025-05-04T22:29:34.836+0000] {processor.py:183} INFO - Processing /home/airflow/.local/lib/python3.8/site-packages/airflow/example_dags/example_setup_teardown.py took 0.033 seconds
[2025-05-04T22:30:05.516+0000] {processor.py:161} INFO - Started process (PID=573) to work on /home/airflow/.local/lib/python3.8/site-packages/airflow/example_dags/example_setup_teardown.py
[2025-05-04T22:30:05.516+0000] {processor.py:830} INFO - Processing file /home/airflow/.local/lib/python3.8/site-packages/airflow/example_dags/example_setup_teardown.py for tasks to queue
[2025-05-04T22:30:05.518+0000] {logging_mixin.py:188} INFO - [2025-05-04T22:30:05.518+0000] {dagbag.py:538} INFO - Filling up the DagBag from /home/airflow/.local/lib/python3.8/site-packages/airflow/example_dags/example_setup_teardown.py
[2025-05-04T22:30:05.521+0000] {processor.py:840} INFO - DAG(s) 'example_setup_teardown' retrieved from /home/airflow/.local/lib/python3.8/site-packages/airflow/example_dags/example_setup_teardown.py
[2025-05-04T22:30:05.536+0000] {logging_mixin.py:188} INFO - [2025-05-04T22:30:05.536+0000] {dag.py:3033} INFO - Sync 1 DAGs
[2025-05-04T22:30:05.549+0000] {logging_mixin.py:188} INFO - [2025-05-04T22:30:05.549+0000] {dag.py:3820} INFO - Setting next_dagrun for example_setup_teardown to 2025-05-03T00:00:00+00:00, run_after=2025-05-04T00:00:00+00:00
[2025-05-04T22:30:05.557+0000] {processor.py:183} INFO - Processing /home/airflow/.local/lib/python3.8/site-packages/airflow/example_dags/example_setup_teardown.py took 0.044 seconds
[2025-05-04T22:30:36.158+0000] {processor.py:161} INFO - Started process (PID=629) to work on /home/airflow/.local/lib/python3.8/site-packages/airflow/example_dags/example_setup_teardown.py
[2025-05-04T22:30:36.158+0000] {processor.py:830} INFO - Processing file /home/airflow/.local/lib/python3.8/site-packages/airflow/example_dags/example_setup_teardown.py for tasks to queue
[2025-05-04T22:30:36.159+0000] {logging_mixin.py:188} INFO - [2025-05-04T22:30:36.159+0000] {dagbag.py:538} INFO - Filling up the DagBag from /home/airflow/.local/lib/python3.8/site-packages/airflow/example_dags/example_setup_teardown.py
[2025-05-04T22:30:36.162+0000] {processor.py:840} INFO - DAG(s) 'example_setup_teardown' retrieved from /home/airflow/.local/lib/python3.8/site-packages/airflow/example_dags/example_setup_teardown.py
[2025-05-04T22:30:36.178+0000] {logging_mixin.py:188} INFO - [2025-05-04T22:30:36.178+0000] {dag.py:3033} INFO - Sync 1 DAGs
[2025-05-04T22:30:36.190+0000] {logging_mixin.py:188} INFO - [2025-05-04T22:30:36.190+0000] {dag.py:3820} INFO - Setting next_dagrun for example_setup_teardown to 2025-05-03T00:00:00+00:00, run_after=2025-05-04T00:00:00+00:00
[2025-05-04T22:30:36.203+0000] {processor.py:183} INFO - Processing /home/airflow/.local/lib/python3.8/site-packages/airflow/example_dags/example_setup_teardown.py took 0.047 seconds
[2025-05-04T22:31:14.566+0000] {processor.py:161} INFO - Started process (PID=66) to work on /home/airflow/.local/lib/python3.8/site-packages/airflow/example_dags/example_setup_teardown.py
[2025-05-04T22:31:14.567+0000] {processor.py:830} INFO - Processing file /home/airflow/.local/lib/python3.8/site-packages/airflow/example_dags/example_setup_teardown.py for tasks to queue
[2025-05-04T22:31:14.568+0000] {logging_mixin.py:188} INFO - [2025-05-04T22:31:14.568+0000] {dagbag.py:538} INFO - Filling up the DagBag from /home/airflow/.local/lib/python3.8/site-packages/airflow/example_dags/example_setup_teardown.py
[2025-05-04T22:31:14.573+0000] {processor.py:840} INFO - DAG(s) 'example_setup_teardown' retrieved from /home/airflow/.local/lib/python3.8/site-packages/airflow/example_dags/example_setup_teardown.py
[2025-05-04T22:31:14.590+0000] {logging_mixin.py:188} INFO - [2025-05-04T22:31:14.589+0000] {dag.py:3033} INFO - Sync 1 DAGs
[2025-05-04T22:31:14.618+0000] {logging_mixin.py:188} INFO - [2025-05-04T22:31:14.614+0000] {dag.py:3820} INFO - Setting next_dagrun for example_setup_teardown to 2025-05-03T00:00:00+00:00, run_after=2025-05-04T00:00:00+00:00
[2025-05-04T22:31:14.638+0000] {processor.py:183} INFO - Processing /home/airflow/.local/lib/python3.8/site-packages/airflow/example_dags/example_setup_teardown.py took 0.075 seconds
[2025-05-04T22:31:44.708+0000] {processor.py:161} INFO - Started process (PID=122) to work on /home/airflow/.local/lib/python3.8/site-packages/airflow/example_dags/example_setup_teardown.py
[2025-05-04T22:31:44.709+0000] {processor.py:830} INFO - Processing file /home/airflow/.local/lib/python3.8/site-packages/airflow/example_dags/example_setup_teardown.py for tasks to queue
[2025-05-04T22:31:44.710+0000] {logging_mixin.py:188} INFO - [2025-05-04T22:31:44.710+0000] {dagbag.py:538} INFO - Filling up the DagBag from /home/airflow/.local/lib/python3.8/site-packages/airflow/example_dags/example_setup_teardown.py
[2025-05-04T22:31:44.713+0000] {processor.py:840} INFO - DAG(s) 'example_setup_teardown' retrieved from /home/airflow/.local/lib/python3.8/site-packages/airflow/example_dags/example_setup_teardown.py
[2025-05-04T22:31:44.756+0000] {logging_mixin.py:188} INFO - [2025-05-04T22:31:44.756+0000] {dag.py:3033} INFO - Sync 1 DAGs
[2025-05-04T22:31:44.765+0000] {logging_mixin.py:188} INFO - [2025-05-04T22:31:44.765+0000] {dag.py:3820} INFO - Setting next_dagrun for example_setup_teardown to 2025-05-03T00:00:00+00:00, run_after=2025-05-04T00:00:00+00:00
[2025-05-04T22:31:44.775+0000] {processor.py:183} INFO - Processing /home/airflow/.local/lib/python3.8/site-packages/airflow/example_dags/example_setup_teardown.py took 0.069 seconds
[2025-05-04T22:32:15.758+0000] {processor.py:161} INFO - Started process (PID=182) to work on /home/airflow/.local/lib/python3.8/site-packages/airflow/example_dags/example_setup_teardown.py
[2025-05-04T22:32:15.762+0000] {processor.py:830} INFO - Processing file /home/airflow/.local/lib/python3.8/site-packages/airflow/example_dags/example_setup_teardown.py for tasks to queue
[2025-05-04T22:32:15.767+0000] {logging_mixin.py:188} INFO - [2025-05-04T22:32:15.767+0000] {dagbag.py:538} INFO - Filling up the DagBag from /home/airflow/.local/lib/python3.8/site-packages/airflow/example_dags/example_setup_teardown.py
[2025-05-04T22:32:15.771+0000] {processor.py:840} INFO - DAG(s) 'example_setup_teardown' retrieved from /home/airflow/.local/lib/python3.8/site-packages/airflow/example_dags/example_setup_teardown.py
[2025-05-04T22:32:15.786+0000] {logging_mixin.py:188} INFO - [2025-05-04T22:32:15.786+0000] {dag.py:3033} INFO - Sync 1 DAGs
[2025-05-04T22:32:15.799+0000] {logging_mixin.py:188} INFO - [2025-05-04T22:32:15.799+0000] {dag.py:3820} INFO - Setting next_dagrun for example_setup_teardown to 2025-05-03T00:00:00+00:00, run_after=2025-05-04T00:00:00+00:00
[2025-05-04T22:32:15.809+0000] {processor.py:183} INFO - Processing /home/airflow/.local/lib/python3.8/site-packages/airflow/example_dags/example_setup_teardown.py took 0.053 seconds
[2025-05-04T22:32:46.550+0000] {processor.py:161} INFO - Started process (PID=238) to work on /home/airflow/.local/lib/python3.8/site-packages/airflow/example_dags/example_setup_teardown.py
[2025-05-04T22:32:46.552+0000] {processor.py:830} INFO - Processing file /home/airflow/.local/lib/python3.8/site-packages/airflow/example_dags/example_setup_teardown.py for tasks to queue
[2025-05-04T22:32:46.553+0000] {logging_mixin.py:188} INFO - [2025-05-04T22:32:46.553+0000] {dagbag.py:538} INFO - Filling up the DagBag from /home/airflow/.local/lib/python3.8/site-packages/airflow/example_dags/example_setup_teardown.py
[2025-05-04T22:32:46.559+0000] {processor.py:840} INFO - DAG(s) 'example_setup_teardown' retrieved from /home/airflow/.local/lib/python3.8/site-packages/airflow/example_dags/example_setup_teardown.py
[2025-05-04T22:32:46.576+0000] {logging_mixin.py:188} INFO - [2025-05-04T22:32:46.575+0000] {dag.py:3033} INFO - Sync 1 DAGs
[2025-05-04T22:32:46.589+0000] {logging_mixin.py:188} INFO - [2025-05-04T22:32:46.589+0000] {dag.py:3820} INFO - Setting next_dagrun for example_setup_teardown to 2025-05-03T00:00:00+00:00, run_after=2025-05-04T00:00:00+00:00
[2025-05-04T22:32:46.602+0000] {processor.py:183} INFO - Processing /home/airflow/.local/lib/python3.8/site-packages/airflow/example_dags/example_setup_teardown.py took 0.055 seconds
[2025-05-04T22:33:17.284+0000] {processor.py:161} INFO - Started process (PID=294) to work on /home/airflow/.local/lib/python3.8/site-packages/airflow/example_dags/example_setup_teardown.py
[2025-05-04T22:33:17.286+0000] {processor.py:830} INFO - Processing file /home/airflow/.local/lib/python3.8/site-packages/airflow/example_dags/example_setup_teardown.py for tasks to queue
[2025-05-04T22:33:17.290+0000] {logging_mixin.py:188} INFO - [2025-05-04T22:33:17.290+0000] {dagbag.py:538} INFO - Filling up the DagBag from /home/airflow/.local/lib/python3.8/site-packages/airflow/example_dags/example_setup_teardown.py
[2025-05-04T22:33:17.297+0000] {processor.py:840} INFO - DAG(s) 'example_setup_teardown' retrieved from /home/airflow/.local/lib/python3.8/site-packages/airflow/example_dags/example_setup_teardown.py
[2025-05-04T22:33:17.318+0000] {logging_mixin.py:188} INFO - [2025-05-04T22:33:17.318+0000] {dag.py:3033} INFO - Sync 1 DAGs
[2025-05-04T22:33:17.330+0000] {logging_mixin.py:188} INFO - [2025-05-04T22:33:17.330+0000] {dag.py:3820} INFO - Setting next_dagrun for example_setup_teardown to 2025-05-03T00:00:00+00:00, run_after=2025-05-04T00:00:00+00:00
[2025-05-04T22:33:17.342+0000] {processor.py:183} INFO - Processing /home/airflow/.local/lib/python3.8/site-packages/airflow/example_dags/example_setup_teardown.py took 0.061 seconds
[2025-05-04T22:33:47.969+0000] {processor.py:161} INFO - Started process (PID=350) to work on /home/airflow/.local/lib/python3.8/site-packages/airflow/example_dags/example_setup_teardown.py
[2025-05-04T22:33:47.970+0000] {processor.py:830} INFO - Processing file /home/airflow/.local/lib/python3.8/site-packages/airflow/example_dags/example_setup_teardown.py for tasks to queue
[2025-05-04T22:33:47.971+0000] {logging_mixin.py:188} INFO - [2025-05-04T22:33:47.971+0000] {dagbag.py:538} INFO - Filling up the DagBag from /home/airflow/.local/lib/python3.8/site-packages/airflow/example_dags/example_setup_teardown.py
[2025-05-04T22:33:47.975+0000] {processor.py:840} INFO - DAG(s) 'example_setup_teardown' retrieved from /home/airflow/.local/lib/python3.8/site-packages/airflow/example_dags/example_setup_teardown.py
[2025-05-04T22:33:47.990+0000] {logging_mixin.py:188} INFO - [2025-05-04T22:33:47.990+0000] {dag.py:3033} INFO - Sync 1 DAGs
[2025-05-04T22:33:48.004+0000] {logging_mixin.py:188} INFO - [2025-05-04T22:33:48.004+0000] {dag.py:3820} INFO - Setting next_dagrun for example_setup_teardown to 2025-05-03T00:00:00+00:00, run_after=2025-05-04T00:00:00+00:00
[2025-05-04T22:33:48.021+0000] {processor.py:183} INFO - Processing /home/airflow/.local/lib/python3.8/site-packages/airflow/example_dags/example_setup_teardown.py took 0.055 seconds
[2025-05-04T22:34:18.602+0000] {processor.py:161} INFO - Started process (PID=406) to work on /home/airflow/.local/lib/python3.8/site-packages/airflow/example_dags/example_setup_teardown.py
[2025-05-04T22:34:18.603+0000] {processor.py:830} INFO - Processing file /home/airflow/.local/lib/python3.8/site-packages/airflow/example_dags/example_setup_teardown.py for tasks to queue
[2025-05-04T22:34:18.608+0000] {logging_mixin.py:188} INFO - [2025-05-04T22:34:18.608+0000] {dagbag.py:538} INFO - Filling up the DagBag from /home/airflow/.local/lib/python3.8/site-packages/airflow/example_dags/example_setup_teardown.py
[2025-05-04T22:34:18.614+0000] {processor.py:840} INFO - DAG(s) 'example_setup_teardown' retrieved from /home/airflow/.local/lib/python3.8/site-packages/airflow/example_dags/example_setup_teardown.py
[2025-05-04T22:34:18.633+0000] {logging_mixin.py:188} INFO - [2025-05-04T22:34:18.633+0000] {dag.py:3033} INFO - Sync 1 DAGs
[2025-05-04T22:34:18.645+0000] {logging_mixin.py:188} INFO - [2025-05-04T22:34:18.645+0000] {dag.py:3820} INFO - Setting next_dagrun for example_setup_teardown to 2025-05-03T00:00:00+00:00, run_after=2025-05-04T00:00:00+00:00
[2025-05-04T22:34:18.657+0000] {processor.py:183} INFO - Processing /home/airflow/.local/lib/python3.8/site-packages/airflow/example_dags/example_setup_teardown.py took 0.058 seconds
[2025-05-04T22:36:25.745+0000] {processor.py:161} INFO - Started process (PID=64) to work on /home/airflow/.local/lib/python3.8/site-packages/airflow/example_dags/example_setup_teardown.py
[2025-05-04T22:36:25.746+0000] {processor.py:830} INFO - Processing file /home/airflow/.local/lib/python3.8/site-packages/airflow/example_dags/example_setup_teardown.py for tasks to queue
[2025-05-04T22:36:25.749+0000] {logging_mixin.py:188} INFO - [2025-05-04T22:36:25.749+0000] {dagbag.py:538} INFO - Filling up the DagBag from /home/airflow/.local/lib/python3.8/site-packages/airflow/example_dags/example_setup_teardown.py
[2025-05-04T22:36:25.755+0000] {processor.py:840} INFO - DAG(s) 'example_setup_teardown' retrieved from /home/airflow/.local/lib/python3.8/site-packages/airflow/example_dags/example_setup_teardown.py
[2025-05-04T22:36:25.777+0000] {logging_mixin.py:188} INFO - [2025-05-04T22:36:25.777+0000] {dag.py:3033} INFO - Sync 1 DAGs
[2025-05-04T22:36:25.800+0000] {logging_mixin.py:188} INFO - [2025-05-04T22:36:25.800+0000] {dag.py:3820} INFO - Setting next_dagrun for example_setup_teardown to 2025-05-03T00:00:00+00:00, run_after=2025-05-04T00:00:00+00:00
[2025-05-04T22:36:25.817+0000] {processor.py:183} INFO - Processing /home/airflow/.local/lib/python3.8/site-packages/airflow/example_dags/example_setup_teardown.py took 0.074 seconds
[2025-05-04T22:36:55.834+0000] {processor.py:161} INFO - Started process (PID=120) to work on /home/airflow/.local/lib/python3.8/site-packages/airflow/example_dags/example_setup_teardown.py
[2025-05-04T22:36:55.836+0000] {processor.py:830} INFO - Processing file /home/airflow/.local/lib/python3.8/site-packages/airflow/example_dags/example_setup_teardown.py for tasks to queue
[2025-05-04T22:36:55.837+0000] {logging_mixin.py:188} INFO - [2025-05-04T22:36:55.837+0000] {dagbag.py:538} INFO - Filling up the DagBag from /home/airflow/.local/lib/python3.8/site-packages/airflow/example_dags/example_setup_teardown.py
[2025-05-04T22:36:55.841+0000] {processor.py:840} INFO - DAG(s) 'example_setup_teardown' retrieved from /home/airflow/.local/lib/python3.8/site-packages/airflow/example_dags/example_setup_teardown.py
[2025-05-04T22:36:55.891+0000] {logging_mixin.py:188} INFO - [2025-05-04T22:36:55.891+0000] {dag.py:3033} INFO - Sync 1 DAGs
[2025-05-04T22:36:55.900+0000] {logging_mixin.py:188} INFO - [2025-05-04T22:36:55.900+0000] {dag.py:3820} INFO - Setting next_dagrun for example_setup_teardown to 2025-05-03T00:00:00+00:00, run_after=2025-05-04T00:00:00+00:00
[2025-05-04T22:36:55.906+0000] {processor.py:183} INFO - Processing /home/airflow/.local/lib/python3.8/site-packages/airflow/example_dags/example_setup_teardown.py took 0.073 seconds
[2025-05-04T22:37:25.998+0000] {processor.py:161} INFO - Started process (PID=176) to work on /home/airflow/.local/lib/python3.8/site-packages/airflow/example_dags/example_setup_teardown.py
[2025-05-04T22:37:25.999+0000] {processor.py:830} INFO - Processing file /home/airflow/.local/lib/python3.8/site-packages/airflow/example_dags/example_setup_teardown.py for tasks to queue
[2025-05-04T22:37:26.000+0000] {logging_mixin.py:188} INFO - [2025-05-04T22:37:26.000+0000] {dagbag.py:538} INFO - Filling up the DagBag from /home/airflow/.local/lib/python3.8/site-packages/airflow/example_dags/example_setup_teardown.py
[2025-05-04T22:37:26.003+0000] {processor.py:840} INFO - DAG(s) 'example_setup_teardown' retrieved from /home/airflow/.local/lib/python3.8/site-packages/airflow/example_dags/example_setup_teardown.py
[2025-05-04T22:37:26.017+0000] {logging_mixin.py:188} INFO - [2025-05-04T22:37:26.017+0000] {dag.py:3033} INFO - Sync 1 DAGs
[2025-05-04T22:37:26.028+0000] {logging_mixin.py:188} INFO - [2025-05-04T22:37:26.028+0000] {dag.py:3820} INFO - Setting next_dagrun for example_setup_teardown to 2025-05-03T00:00:00+00:00, run_after=2025-05-04T00:00:00+00:00
[2025-05-04T22:37:26.036+0000] {processor.py:183} INFO - Processing /home/airflow/.local/lib/python3.8/site-packages/airflow/example_dags/example_setup_teardown.py took 0.039 seconds
[2025-05-04T22:37:56.708+0000] {processor.py:161} INFO - Started process (PID=232) to work on /home/airflow/.local/lib/python3.8/site-packages/airflow/example_dags/example_setup_teardown.py
[2025-05-04T22:37:56.709+0000] {processor.py:830} INFO - Processing file /home/airflow/.local/lib/python3.8/site-packages/airflow/example_dags/example_setup_teardown.py for tasks to queue
[2025-05-04T22:37:56.711+0000] {logging_mixin.py:188} INFO - [2025-05-04T22:37:56.711+0000] {dagbag.py:538} INFO - Filling up the DagBag from /home/airflow/.local/lib/python3.8/site-packages/airflow/example_dags/example_setup_teardown.py
[2025-05-04T22:37:56.714+0000] {processor.py:840} INFO - DAG(s) 'example_setup_teardown' retrieved from /home/airflow/.local/lib/python3.8/site-packages/airflow/example_dags/example_setup_teardown.py
[2025-05-04T22:37:56.727+0000] {logging_mixin.py:188} INFO - [2025-05-04T22:37:56.727+0000] {dag.py:3033} INFO - Sync 1 DAGs
[2025-05-04T22:37:56.737+0000] {logging_mixin.py:188} INFO - [2025-05-04T22:37:56.737+0000] {dag.py:3820} INFO - Setting next_dagrun for example_setup_teardown to 2025-05-03T00:00:00+00:00, run_after=2025-05-04T00:00:00+00:00
[2025-05-04T22:37:56.748+0000] {processor.py:183} INFO - Processing /home/airflow/.local/lib/python3.8/site-packages/airflow/example_dags/example_setup_teardown.py took 0.042 seconds
[2025-05-04T22:38:27.398+0000] {processor.py:161} INFO - Started process (PID=288) to work on /home/airflow/.local/lib/python3.8/site-packages/airflow/example_dags/example_setup_teardown.py
[2025-05-04T22:38:27.399+0000] {processor.py:830} INFO - Processing file /home/airflow/.local/lib/python3.8/site-packages/airflow/example_dags/example_setup_teardown.py for tasks to queue
[2025-05-04T22:38:27.400+0000] {logging_mixin.py:188} INFO - [2025-05-04T22:38:27.400+0000] {dagbag.py:538} INFO - Filling up the DagBag from /home/airflow/.local/lib/python3.8/site-packages/airflow/example_dags/example_setup_teardown.py
[2025-05-04T22:38:27.403+0000] {processor.py:840} INFO - DAG(s) 'example_setup_teardown' retrieved from /home/airflow/.local/lib/python3.8/site-packages/airflow/example_dags/example_setup_teardown.py
[2025-05-04T22:38:27.414+0000] {logging_mixin.py:188} INFO - [2025-05-04T22:38:27.414+0000] {dag.py:3033} INFO - Sync 1 DAGs
[2025-05-04T22:38:27.425+0000] {logging_mixin.py:188} INFO - [2025-05-04T22:38:27.425+0000] {dag.py:3820} INFO - Setting next_dagrun for example_setup_teardown to 2025-05-03T00:00:00+00:00, run_after=2025-05-04T00:00:00+00:00
[2025-05-04T22:38:27.436+0000] {processor.py:183} INFO - Processing /home/airflow/.local/lib/python3.8/site-packages/airflow/example_dags/example_setup_teardown.py took 0.039 seconds
[2025-05-04T22:38:58.170+0000] {processor.py:161} INFO - Started process (PID=344) to work on /home/airflow/.local/lib/python3.8/site-packages/airflow/example_dags/example_setup_teardown.py
[2025-05-04T22:38:58.171+0000] {processor.py:830} INFO - Processing file /home/airflow/.local/lib/python3.8/site-packages/airflow/example_dags/example_setup_teardown.py for tasks to queue
[2025-05-04T22:38:58.171+0000] {logging_mixin.py:188} INFO - [2025-05-04T22:38:58.171+0000] {dagbag.py:538} INFO - Filling up the DagBag from /home/airflow/.local/lib/python3.8/site-packages/airflow/example_dags/example_setup_teardown.py
[2025-05-04T22:38:58.174+0000] {processor.py:840} INFO - DAG(s) 'example_setup_teardown' retrieved from /home/airflow/.local/lib/python3.8/site-packages/airflow/example_dags/example_setup_teardown.py
[2025-05-04T22:38:58.188+0000] {logging_mixin.py:188} INFO - [2025-05-04T22:38:58.188+0000] {dag.py:3033} INFO - Sync 1 DAGs
[2025-05-04T22:38:58.202+0000] {logging_mixin.py:188} INFO - [2025-05-04T22:38:58.202+0000] {dag.py:3820} INFO - Setting next_dagrun for example_setup_teardown to 2025-05-03T00:00:00+00:00, run_after=2025-05-04T00:00:00+00:00
[2025-05-04T22:38:58.213+0000] {processor.py:183} INFO - Processing /home/airflow/.local/lib/python3.8/site-packages/airflow/example_dags/example_setup_teardown.py took 0.045 seconds
[2025-05-04T22:39:29.029+0000] {processor.py:161} INFO - Started process (PID=400) to work on /home/airflow/.local/lib/python3.8/site-packages/airflow/example_dags/example_setup_teardown.py
[2025-05-04T22:39:29.030+0000] {processor.py:830} INFO - Processing file /home/airflow/.local/lib/python3.8/site-packages/airflow/example_dags/example_setup_teardown.py for tasks to queue
[2025-05-04T22:39:29.031+0000] {logging_mixin.py:188} INFO - [2025-05-04T22:39:29.031+0000] {dagbag.py:538} INFO - Filling up the DagBag from /home/airflow/.local/lib/python3.8/site-packages/airflow/example_dags/example_setup_teardown.py
[2025-05-04T22:39:29.036+0000] {processor.py:840} INFO - DAG(s) 'example_setup_teardown' retrieved from /home/airflow/.local/lib/python3.8/site-packages/airflow/example_dags/example_setup_teardown.py
[2025-05-04T22:39:29.047+0000] {logging_mixin.py:188} INFO - [2025-05-04T22:39:29.047+0000] {dag.py:3033} INFO - Sync 1 DAGs
[2025-05-04T22:39:29.061+0000] {logging_mixin.py:188} INFO - [2025-05-04T22:39:29.061+0000] {dag.py:3820} INFO - Setting next_dagrun for example_setup_teardown to 2025-05-03T00:00:00+00:00, run_after=2025-05-04T00:00:00+00:00
[2025-05-04T22:39:29.068+0000] {processor.py:183} INFO - Processing /home/airflow/.local/lib/python3.8/site-packages/airflow/example_dags/example_setup_teardown.py took 0.041 seconds
[2025-05-04T22:39:59.871+0000] {processor.py:161} INFO - Started process (PID=457) to work on /home/airflow/.local/lib/python3.8/site-packages/airflow/example_dags/example_setup_teardown.py
[2025-05-04T22:39:59.872+0000] {processor.py:830} INFO - Processing file /home/airflow/.local/lib/python3.8/site-packages/airflow/example_dags/example_setup_teardown.py for tasks to queue
[2025-05-04T22:39:59.873+0000] {logging_mixin.py:188} INFO - [2025-05-04T22:39:59.873+0000] {dagbag.py:538} INFO - Filling up the DagBag from /home/airflow/.local/lib/python3.8/site-packages/airflow/example_dags/example_setup_teardown.py
[2025-05-04T22:39:59.877+0000] {processor.py:840} INFO - DAG(s) 'example_setup_teardown' retrieved from /home/airflow/.local/lib/python3.8/site-packages/airflow/example_dags/example_setup_teardown.py
[2025-05-04T22:39:59.892+0000] {logging_mixin.py:188} INFO - [2025-05-04T22:39:59.891+0000] {dag.py:3033} INFO - Sync 1 DAGs
[2025-05-04T22:39:59.907+0000] {logging_mixin.py:188} INFO - [2025-05-04T22:39:59.907+0000] {dag.py:3820} INFO - Setting next_dagrun for example_setup_teardown to 2025-05-03T00:00:00+00:00, run_after=2025-05-04T00:00:00+00:00
[2025-05-04T22:39:59.922+0000] {processor.py:183} INFO - Processing /home/airflow/.local/lib/python3.8/site-packages/airflow/example_dags/example_setup_teardown.py took 0.052 seconds
[2025-05-04T22:40:30.894+0000] {processor.py:161} INFO - Started process (PID=513) to work on /home/airflow/.local/lib/python3.8/site-packages/airflow/example_dags/example_setup_teardown.py
[2025-05-04T22:40:30.895+0000] {processor.py:830} INFO - Processing file /home/airflow/.local/lib/python3.8/site-packages/airflow/example_dags/example_setup_teardown.py for tasks to queue
[2025-05-04T22:40:30.895+0000] {logging_mixin.py:188} INFO - [2025-05-04T22:40:30.895+0000] {dagbag.py:538} INFO - Filling up the DagBag from /home/airflow/.local/lib/python3.8/site-packages/airflow/example_dags/example_setup_teardown.py
[2025-05-04T22:40:30.899+0000] {processor.py:840} INFO - DAG(s) 'example_setup_teardown' retrieved from /home/airflow/.local/lib/python3.8/site-packages/airflow/example_dags/example_setup_teardown.py
[2025-05-04T22:40:30.911+0000] {logging_mixin.py:188} INFO - [2025-05-04T22:40:30.910+0000] {dag.py:3033} INFO - Sync 1 DAGs
[2025-05-04T22:40:30.923+0000] {logging_mixin.py:188} INFO - [2025-05-04T22:40:30.923+0000] {dag.py:3820} INFO - Setting next_dagrun for example_setup_teardown to 2025-05-03T00:00:00+00:00, run_after=2025-05-04T00:00:00+00:00
[2025-05-04T22:40:30.934+0000] {processor.py:183} INFO - Processing /home/airflow/.local/lib/python3.8/site-packages/airflow/example_dags/example_setup_teardown.py took 0.042 seconds
[2025-05-04T22:41:00.953+0000] {processor.py:161} INFO - Started process (PID=569) to work on /home/airflow/.local/lib/python3.8/site-packages/airflow/example_dags/example_setup_teardown.py
[2025-05-04T22:41:00.954+0000] {processor.py:830} INFO - Processing file /home/airflow/.local/lib/python3.8/site-packages/airflow/example_dags/example_setup_teardown.py for tasks to queue
[2025-05-04T22:41:00.956+0000] {logging_mixin.py:188} INFO - [2025-05-04T22:41:00.956+0000] {dagbag.py:538} INFO - Filling up the DagBag from /home/airflow/.local/lib/python3.8/site-packages/airflow/example_dags/example_setup_teardown.py
[2025-05-04T22:41:00.959+0000] {processor.py:840} INFO - DAG(s) 'example_setup_teardown' retrieved from /home/airflow/.local/lib/python3.8/site-packages/airflow/example_dags/example_setup_teardown.py
[2025-05-04T22:41:00.970+0000] {logging_mixin.py:188} INFO - [2025-05-04T22:41:00.969+0000] {dag.py:3033} INFO - Sync 1 DAGs
[2025-05-04T22:41:00.979+0000] {logging_mixin.py:188} INFO - [2025-05-04T22:41:00.979+0000] {dag.py:3820} INFO - Setting next_dagrun for example_setup_teardown to 2025-05-03T00:00:00+00:00, run_after=2025-05-04T00:00:00+00:00
[2025-05-04T22:41:00.988+0000] {processor.py:183} INFO - Processing /home/airflow/.local/lib/python3.8/site-packages/airflow/example_dags/example_setup_teardown.py took 0.036 seconds
[2025-05-04T22:41:31.633+0000] {processor.py:161} INFO - Started process (PID=625) to work on /home/airflow/.local/lib/python3.8/site-packages/airflow/example_dags/example_setup_teardown.py
[2025-05-04T22:41:31.633+0000] {processor.py:830} INFO - Processing file /home/airflow/.local/lib/python3.8/site-packages/airflow/example_dags/example_setup_teardown.py for tasks to queue
[2025-05-04T22:41:31.634+0000] {logging_mixin.py:188} INFO - [2025-05-04T22:41:31.634+0000] {dagbag.py:538} INFO - Filling up the DagBag from /home/airflow/.local/lib/python3.8/site-packages/airflow/example_dags/example_setup_teardown.py
[2025-05-04T22:41:31.637+0000] {processor.py:840} INFO - DAG(s) 'example_setup_teardown' retrieved from /home/airflow/.local/lib/python3.8/site-packages/airflow/example_dags/example_setup_teardown.py
[2025-05-04T22:41:31.648+0000] {logging_mixin.py:188} INFO - [2025-05-04T22:41:31.648+0000] {dag.py:3033} INFO - Sync 1 DAGs
[2025-05-04T22:41:31.661+0000] {logging_mixin.py:188} INFO - [2025-05-04T22:41:31.661+0000] {dag.py:3820} INFO - Setting next_dagrun for example_setup_teardown to 2025-05-03T00:00:00+00:00, run_after=2025-05-04T00:00:00+00:00
[2025-05-04T22:41:31.670+0000] {processor.py:183} INFO - Processing /home/airflow/.local/lib/python3.8/site-packages/airflow/example_dags/example_setup_teardown.py took 0.039 seconds
[2025-05-04T22:42:02.496+0000] {processor.py:161} INFO - Started process (PID=681) to work on /home/airflow/.local/lib/python3.8/site-packages/airflow/example_dags/example_setup_teardown.py
[2025-05-04T22:42:02.497+0000] {processor.py:830} INFO - Processing file /home/airflow/.local/lib/python3.8/site-packages/airflow/example_dags/example_setup_teardown.py for tasks to queue
[2025-05-04T22:42:02.498+0000] {logging_mixin.py:188} INFO - [2025-05-04T22:42:02.498+0000] {dagbag.py:538} INFO - Filling up the DagBag from /home/airflow/.local/lib/python3.8/site-packages/airflow/example_dags/example_setup_teardown.py
[2025-05-04T22:42:02.501+0000] {processor.py:840} INFO - DAG(s) 'example_setup_teardown' retrieved from /home/airflow/.local/lib/python3.8/site-packages/airflow/example_dags/example_setup_teardown.py
[2025-05-04T22:42:02.511+0000] {logging_mixin.py:188} INFO - [2025-05-04T22:42:02.511+0000] {dag.py:3033} INFO - Sync 1 DAGs
[2025-05-04T22:42:02.522+0000] {logging_mixin.py:188} INFO - [2025-05-04T22:42:02.522+0000] {dag.py:3820} INFO - Setting next_dagrun for example_setup_teardown to 2025-05-03T00:00:00+00:00, run_after=2025-05-04T00:00:00+00:00
[2025-05-04T22:42:02.533+0000] {processor.py:183} INFO - Processing /home/airflow/.local/lib/python3.8/site-packages/airflow/example_dags/example_setup_teardown.py took 0.039 seconds
[2025-05-04T22:42:33.262+0000] {processor.py:161} INFO - Started process (PID=737) to work on /home/airflow/.local/lib/python3.8/site-packages/airflow/example_dags/example_setup_teardown.py
[2025-05-04T22:42:33.264+0000] {processor.py:830} INFO - Processing file /home/airflow/.local/lib/python3.8/site-packages/airflow/example_dags/example_setup_teardown.py for tasks to queue
[2025-05-04T22:42:33.266+0000] {logging_mixin.py:188} INFO - [2025-05-04T22:42:33.266+0000] {dagbag.py:538} INFO - Filling up the DagBag from /home/airflow/.local/lib/python3.8/site-packages/airflow/example_dags/example_setup_teardown.py
[2025-05-04T22:42:33.269+0000] {processor.py:840} INFO - DAG(s) 'example_setup_teardown' retrieved from /home/airflow/.local/lib/python3.8/site-packages/airflow/example_dags/example_setup_teardown.py
[2025-05-04T22:42:33.282+0000] {logging_mixin.py:188} INFO - [2025-05-04T22:42:33.282+0000] {dag.py:3033} INFO - Sync 1 DAGs
[2025-05-04T22:42:33.293+0000] {logging_mixin.py:188} INFO - [2025-05-04T22:42:33.293+0000] {dag.py:3820} INFO - Setting next_dagrun for example_setup_teardown to 2025-05-03T00:00:00+00:00, run_after=2025-05-04T00:00:00+00:00
[2025-05-04T22:42:33.306+0000] {processor.py:183} INFO - Processing /home/airflow/.local/lib/python3.8/site-packages/airflow/example_dags/example_setup_teardown.py took 0.045 seconds
[2025-05-04T22:43:04.128+0000] {processor.py:161} INFO - Started process (PID=793) to work on /home/airflow/.local/lib/python3.8/site-packages/airflow/example_dags/example_setup_teardown.py
[2025-05-04T22:43:04.131+0000] {processor.py:830} INFO - Processing file /home/airflow/.local/lib/python3.8/site-packages/airflow/example_dags/example_setup_teardown.py for tasks to queue
[2025-05-04T22:43:04.132+0000] {logging_mixin.py:188} INFO - [2025-05-04T22:43:04.132+0000] {dagbag.py:538} INFO - Filling up the DagBag from /home/airflow/.local/lib/python3.8/site-packages/airflow/example_dags/example_setup_teardown.py
[2025-05-04T22:43:04.137+0000] {processor.py:840} INFO - DAG(s) 'example_setup_teardown' retrieved from /home/airflow/.local/lib/python3.8/site-packages/airflow/example_dags/example_setup_teardown.py
[2025-05-04T22:43:04.160+0000] {logging_mixin.py:188} INFO - [2025-05-04T22:43:04.160+0000] {dag.py:3033} INFO - Sync 1 DAGs
[2025-05-04T22:43:04.177+0000] {logging_mixin.py:188} INFO - [2025-05-04T22:43:04.176+0000] {dag.py:3820} INFO - Setting next_dagrun for example_setup_teardown to 2025-05-03T00:00:00+00:00, run_after=2025-05-04T00:00:00+00:00
[2025-05-04T22:43:04.190+0000] {processor.py:183} INFO - Processing /home/airflow/.local/lib/python3.8/site-packages/airflow/example_dags/example_setup_teardown.py took 0.068 seconds
[2025-05-04T22:43:35.116+0000] {processor.py:161} INFO - Started process (PID=849) to work on /home/airflow/.local/lib/python3.8/site-packages/airflow/example_dags/example_setup_teardown.py
[2025-05-04T22:43:35.118+0000] {processor.py:830} INFO - Processing file /home/airflow/.local/lib/python3.8/site-packages/airflow/example_dags/example_setup_teardown.py for tasks to queue
[2025-05-04T22:43:35.120+0000] {logging_mixin.py:188} INFO - [2025-05-04T22:43:35.119+0000] {dagbag.py:538} INFO - Filling up the DagBag from /home/airflow/.local/lib/python3.8/site-packages/airflow/example_dags/example_setup_teardown.py
[2025-05-04T22:43:35.122+0000] {processor.py:840} INFO - DAG(s) 'example_setup_teardown' retrieved from /home/airflow/.local/lib/python3.8/site-packages/airflow/example_dags/example_setup_teardown.py
[2025-05-04T22:43:35.134+0000] {logging_mixin.py:188} INFO - [2025-05-04T22:43:35.134+0000] {dag.py:3033} INFO - Sync 1 DAGs
[2025-05-04T22:43:35.148+0000] {logging_mixin.py:188} INFO - [2025-05-04T22:43:35.147+0000] {dag.py:3820} INFO - Setting next_dagrun for example_setup_teardown to 2025-05-03T00:00:00+00:00, run_after=2025-05-04T00:00:00+00:00
[2025-05-04T22:43:35.158+0000] {processor.py:183} INFO - Processing /home/airflow/.local/lib/python3.8/site-packages/airflow/example_dags/example_setup_teardown.py took 0.044 seconds
[2025-05-04T22:44:05.901+0000] {processor.py:161} INFO - Started process (PID=905) to work on /home/airflow/.local/lib/python3.8/site-packages/airflow/example_dags/example_setup_teardown.py
[2025-05-04T22:44:05.901+0000] {processor.py:830} INFO - Processing file /home/airflow/.local/lib/python3.8/site-packages/airflow/example_dags/example_setup_teardown.py for tasks to queue
[2025-05-04T22:44:05.902+0000] {logging_mixin.py:188} INFO - [2025-05-04T22:44:05.902+0000] {dagbag.py:538} INFO - Filling up the DagBag from /home/airflow/.local/lib/python3.8/site-packages/airflow/example_dags/example_setup_teardown.py
[2025-05-04T22:44:05.905+0000] {processor.py:840} INFO - DAG(s) 'example_setup_teardown' retrieved from /home/airflow/.local/lib/python3.8/site-packages/airflow/example_dags/example_setup_teardown.py
[2025-05-04T22:44:05.913+0000] {logging_mixin.py:188} INFO - [2025-05-04T22:44:05.913+0000] {dag.py:3033} INFO - Sync 1 DAGs
[2025-05-04T22:44:05.923+0000] {logging_mixin.py:188} INFO - [2025-05-04T22:44:05.923+0000] {dag.py:3820} INFO - Setting next_dagrun for example_setup_teardown to 2025-05-03T00:00:00+00:00, run_after=2025-05-04T00:00:00+00:00
[2025-05-04T22:44:05.930+0000] {processor.py:183} INFO - Processing /home/airflow/.local/lib/python3.8/site-packages/airflow/example_dags/example_setup_teardown.py took 0.030 seconds
[2025-05-04T22:44:36.712+0000] {processor.py:161} INFO - Started process (PID=961) to work on /home/airflow/.local/lib/python3.8/site-packages/airflow/example_dags/example_setup_teardown.py
[2025-05-04T22:44:36.713+0000] {processor.py:830} INFO - Processing file /home/airflow/.local/lib/python3.8/site-packages/airflow/example_dags/example_setup_teardown.py for tasks to queue
[2025-05-04T22:44:36.714+0000] {logging_mixin.py:188} INFO - [2025-05-04T22:44:36.714+0000] {dagbag.py:538} INFO - Filling up the DagBag from /home/airflow/.local/lib/python3.8/site-packages/airflow/example_dags/example_setup_teardown.py
[2025-05-04T22:44:36.718+0000] {processor.py:840} INFO - DAG(s) 'example_setup_teardown' retrieved from /home/airflow/.local/lib/python3.8/site-packages/airflow/example_dags/example_setup_teardown.py
[2025-05-04T22:44:36.730+0000] {logging_mixin.py:188} INFO - [2025-05-04T22:44:36.730+0000] {dag.py:3033} INFO - Sync 1 DAGs
[2025-05-04T22:44:36.743+0000] {logging_mixin.py:188} INFO - [2025-05-04T22:44:36.743+0000] {dag.py:3820} INFO - Setting next_dagrun for example_setup_teardown to 2025-05-03T00:00:00+00:00, run_after=2025-05-04T00:00:00+00:00
[2025-05-04T22:44:36.755+0000] {processor.py:183} INFO - Processing /home/airflow/.local/lib/python3.8/site-packages/airflow/example_dags/example_setup_teardown.py took 0.044 seconds
[2025-05-04T22:45:07.536+0000] {processor.py:161} INFO - Started process (PID=1017) to work on /home/airflow/.local/lib/python3.8/site-packages/airflow/example_dags/example_setup_teardown.py
[2025-05-04T22:45:07.536+0000] {processor.py:830} INFO - Processing file /home/airflow/.local/lib/python3.8/site-packages/airflow/example_dags/example_setup_teardown.py for tasks to queue
[2025-05-04T22:45:07.537+0000] {logging_mixin.py:188} INFO - [2025-05-04T22:45:07.537+0000] {dagbag.py:538} INFO - Filling up the DagBag from /home/airflow/.local/lib/python3.8/site-packages/airflow/example_dags/example_setup_teardown.py
[2025-05-04T22:45:07.540+0000] {processor.py:840} INFO - DAG(s) 'example_setup_teardown' retrieved from /home/airflow/.local/lib/python3.8/site-packages/airflow/example_dags/example_setup_teardown.py
[2025-05-04T22:45:07.548+0000] {logging_mixin.py:188} INFO - [2025-05-04T22:45:07.548+0000] {dag.py:3033} INFO - Sync 1 DAGs
[2025-05-04T22:45:07.558+0000] {logging_mixin.py:188} INFO - [2025-05-04T22:45:07.558+0000] {dag.py:3820} INFO - Setting next_dagrun for example_setup_teardown to 2025-05-03T00:00:00+00:00, run_after=2025-05-04T00:00:00+00:00
[2025-05-04T22:45:07.564+0000] {processor.py:183} INFO - Processing /home/airflow/.local/lib/python3.8/site-packages/airflow/example_dags/example_setup_teardown.py took 0.030 seconds
[2025-05-04T22:45:38.482+0000] {processor.py:161} INFO - Started process (PID=1073) to work on /home/airflow/.local/lib/python3.8/site-packages/airflow/example_dags/example_setup_teardown.py
[2025-05-04T22:45:38.483+0000] {processor.py:830} INFO - Processing file /home/airflow/.local/lib/python3.8/site-packages/airflow/example_dags/example_setup_teardown.py for tasks to queue
[2025-05-04T22:45:38.484+0000] {logging_mixin.py:188} INFO - [2025-05-04T22:45:38.484+0000] {dagbag.py:538} INFO - Filling up the DagBag from /home/airflow/.local/lib/python3.8/site-packages/airflow/example_dags/example_setup_teardown.py
[2025-05-04T22:45:38.487+0000] {processor.py:840} INFO - DAG(s) 'example_setup_teardown' retrieved from /home/airflow/.local/lib/python3.8/site-packages/airflow/example_dags/example_setup_teardown.py
[2025-05-04T22:45:38.497+0000] {logging_mixin.py:188} INFO - [2025-05-04T22:45:38.496+0000] {dag.py:3033} INFO - Sync 1 DAGs
[2025-05-04T22:45:38.510+0000] {logging_mixin.py:188} INFO - [2025-05-04T22:45:38.510+0000] {dag.py:3820} INFO - Setting next_dagrun for example_setup_teardown to 2025-05-03T00:00:00+00:00, run_after=2025-05-04T00:00:00+00:00
[2025-05-04T22:45:38.520+0000] {processor.py:183} INFO - Processing /home/airflow/.local/lib/python3.8/site-packages/airflow/example_dags/example_setup_teardown.py took 0.039 seconds
[2025-05-04T22:46:31.997+0000] {processor.py:161} INFO - Started process (PID=65) to work on /home/airflow/.local/lib/python3.8/site-packages/airflow/example_dags/example_setup_teardown.py
[2025-05-04T22:46:31.998+0000] {processor.py:830} INFO - Processing file /home/airflow/.local/lib/python3.8/site-packages/airflow/example_dags/example_setup_teardown.py for tasks to queue
[2025-05-04T22:46:32.000+0000] {logging_mixin.py:188} INFO - [2025-05-04T22:46:32.000+0000] {dagbag.py:538} INFO - Filling up the DagBag from /home/airflow/.local/lib/python3.8/site-packages/airflow/example_dags/example_setup_teardown.py
[2025-05-04T22:46:32.006+0000] {processor.py:840} INFO - DAG(s) 'example_setup_teardown' retrieved from /home/airflow/.local/lib/python3.8/site-packages/airflow/example_dags/example_setup_teardown.py
[2025-05-04T22:46:32.017+0000] {logging_mixin.py:188} INFO - [2025-05-04T22:46:32.017+0000] {dag.py:3033} INFO - Sync 1 DAGs
[2025-05-04T22:46:32.032+0000] {logging_mixin.py:188} INFO - [2025-05-04T22:46:32.032+0000] {dag.py:3820} INFO - Setting next_dagrun for example_setup_teardown to 2025-05-03T00:00:00+00:00, run_after=2025-05-04T00:00:00+00:00
[2025-05-04T22:46:32.061+0000] {processor.py:183} INFO - Processing /home/airflow/.local/lib/python3.8/site-packages/airflow/example_dags/example_setup_teardown.py took 0.067 seconds
[2025-05-04T22:46:56.448+0000] {processor.py:161} INFO - Started process (PID=64) to work on /home/airflow/.local/lib/python3.8/site-packages/airflow/example_dags/example_setup_teardown.py
[2025-05-04T22:46:56.449+0000] {processor.py:830} INFO - Processing file /home/airflow/.local/lib/python3.8/site-packages/airflow/example_dags/example_setup_teardown.py for tasks to queue
[2025-05-04T22:46:56.451+0000] {logging_mixin.py:188} INFO - [2025-05-04T22:46:56.450+0000] {dagbag.py:538} INFO - Filling up the DagBag from /home/airflow/.local/lib/python3.8/site-packages/airflow/example_dags/example_setup_teardown.py
[2025-05-04T22:46:56.455+0000] {processor.py:840} INFO - DAG(s) 'example_setup_teardown' retrieved from /home/airflow/.local/lib/python3.8/site-packages/airflow/example_dags/example_setup_teardown.py
[2025-05-04T22:46:56.473+0000] {logging_mixin.py:188} INFO - [2025-05-04T22:46:56.472+0000] {dag.py:3033} INFO - Sync 1 DAGs
[2025-05-04T22:46:56.494+0000] {logging_mixin.py:188} INFO - [2025-05-04T22:46:56.493+0000] {dag.py:3820} INFO - Setting next_dagrun for example_setup_teardown to 2025-05-03T00:00:00+00:00, run_after=2025-05-04T00:00:00+00:00
[2025-05-04T22:46:56.517+0000] {processor.py:183} INFO - Processing /home/airflow/.local/lib/python3.8/site-packages/airflow/example_dags/example_setup_teardown.py took 0.072 seconds
[2025-05-04T22:47:52.249+0000] {processor.py:161} INFO - Started process (PID=65) to work on /home/airflow/.local/lib/python3.8/site-packages/airflow/example_dags/example_setup_teardown.py
[2025-05-04T22:47:52.250+0000] {processor.py:830} INFO - Processing file /home/airflow/.local/lib/python3.8/site-packages/airflow/example_dags/example_setup_teardown.py for tasks to queue
[2025-05-04T22:47:52.252+0000] {logging_mixin.py:188} INFO - [2025-05-04T22:47:52.252+0000] {dagbag.py:538} INFO - Filling up the DagBag from /home/airflow/.local/lib/python3.8/site-packages/airflow/example_dags/example_setup_teardown.py
[2025-05-04T22:47:52.257+0000] {processor.py:840} INFO - DAG(s) 'example_setup_teardown' retrieved from /home/airflow/.local/lib/python3.8/site-packages/airflow/example_dags/example_setup_teardown.py
[2025-05-04T22:47:52.268+0000] {logging_mixin.py:188} INFO - [2025-05-04T22:47:52.268+0000] {dag.py:3033} INFO - Sync 1 DAGs
[2025-05-04T22:47:52.284+0000] {logging_mixin.py:188} INFO - [2025-05-04T22:47:52.284+0000] {dag.py:3820} INFO - Setting next_dagrun for example_setup_teardown to 2025-05-03T00:00:00+00:00, run_after=2025-05-04T00:00:00+00:00
[2025-05-04T22:47:52.308+0000] {processor.py:183} INFO - Processing /home/airflow/.local/lib/python3.8/site-packages/airflow/example_dags/example_setup_teardown.py took 0.062 seconds
[2025-05-04T22:48:22.389+0000] {processor.py:161} INFO - Started process (PID=121) to work on /home/airflow/.local/lib/python3.8/site-packages/airflow/example_dags/example_setup_teardown.py
[2025-05-04T22:48:22.390+0000] {processor.py:830} INFO - Processing file /home/airflow/.local/lib/python3.8/site-packages/airflow/example_dags/example_setup_teardown.py for tasks to queue
[2025-05-04T22:48:22.391+0000] {logging_mixin.py:188} INFO - [2025-05-04T22:48:22.391+0000] {dagbag.py:538} INFO - Filling up the DagBag from /home/airflow/.local/lib/python3.8/site-packages/airflow/example_dags/example_setup_teardown.py
[2025-05-04T22:48:22.395+0000] {processor.py:840} INFO - DAG(s) 'example_setup_teardown' retrieved from /home/airflow/.local/lib/python3.8/site-packages/airflow/example_dags/example_setup_teardown.py
[2025-05-04T22:48:22.440+0000] {logging_mixin.py:188} INFO - [2025-05-04T22:48:22.440+0000] {dag.py:3033} INFO - Sync 1 DAGs
[2025-05-04T22:48:22.452+0000] {logging_mixin.py:188} INFO - [2025-05-04T22:48:22.452+0000] {dag.py:3820} INFO - Setting next_dagrun for example_setup_teardown to 2025-05-03T00:00:00+00:00, run_after=2025-05-04T00:00:00+00:00
[2025-05-04T22:48:22.465+0000] {processor.py:183} INFO - Processing /home/airflow/.local/lib/python3.8/site-packages/airflow/example_dags/example_setup_teardown.py took 0.078 seconds
[2025-05-04T22:48:53.395+0000] {processor.py:161} INFO - Started process (PID=177) to work on /home/airflow/.local/lib/python3.8/site-packages/airflow/example_dags/example_setup_teardown.py
[2025-05-04T22:48:53.395+0000] {processor.py:830} INFO - Processing file /home/airflow/.local/lib/python3.8/site-packages/airflow/example_dags/example_setup_teardown.py for tasks to queue
[2025-05-04T22:48:53.397+0000] {logging_mixin.py:188} INFO - [2025-05-04T22:48:53.397+0000] {dagbag.py:538} INFO - Filling up the DagBag from /home/airflow/.local/lib/python3.8/site-packages/airflow/example_dags/example_setup_teardown.py
[2025-05-04T22:48:53.401+0000] {processor.py:840} INFO - DAG(s) 'example_setup_teardown' retrieved from /home/airflow/.local/lib/python3.8/site-packages/airflow/example_dags/example_setup_teardown.py
[2025-05-04T22:48:53.413+0000] {logging_mixin.py:188} INFO - [2025-05-04T22:48:53.413+0000] {dag.py:3033} INFO - Sync 1 DAGs
[2025-05-04T22:48:53.424+0000] {logging_mixin.py:188} INFO - [2025-05-04T22:48:53.423+0000] {dag.py:3820} INFO - Setting next_dagrun for example_setup_teardown to 2025-05-03T00:00:00+00:00, run_after=2025-05-04T00:00:00+00:00
[2025-05-04T22:48:53.435+0000] {processor.py:183} INFO - Processing /home/airflow/.local/lib/python3.8/site-packages/airflow/example_dags/example_setup_teardown.py took 0.042 seconds
[2025-05-04T22:49:24.264+0000] {processor.py:161} INFO - Started process (PID=233) to work on /home/airflow/.local/lib/python3.8/site-packages/airflow/example_dags/example_setup_teardown.py
[2025-05-04T22:49:24.265+0000] {processor.py:830} INFO - Processing file /home/airflow/.local/lib/python3.8/site-packages/airflow/example_dags/example_setup_teardown.py for tasks to queue
[2025-05-04T22:49:24.267+0000] {logging_mixin.py:188} INFO - [2025-05-04T22:49:24.267+0000] {dagbag.py:538} INFO - Filling up the DagBag from /home/airflow/.local/lib/python3.8/site-packages/airflow/example_dags/example_setup_teardown.py
[2025-05-04T22:49:24.270+0000] {processor.py:840} INFO - DAG(s) 'example_setup_teardown' retrieved from /home/airflow/.local/lib/python3.8/site-packages/airflow/example_dags/example_setup_teardown.py
[2025-05-04T22:49:24.285+0000] {logging_mixin.py:188} INFO - [2025-05-04T22:49:24.285+0000] {dag.py:3033} INFO - Sync 1 DAGs
[2025-05-04T22:49:24.295+0000] {logging_mixin.py:188} INFO - [2025-05-04T22:49:24.294+0000] {dag.py:3820} INFO - Setting next_dagrun for example_setup_teardown to 2025-05-03T00:00:00+00:00, run_after=2025-05-04T00:00:00+00:00
[2025-05-04T22:49:24.304+0000] {processor.py:183} INFO - Processing /home/airflow/.local/lib/python3.8/site-packages/airflow/example_dags/example_setup_teardown.py took 0.043 seconds
[2025-05-04T22:49:54.941+0000] {processor.py:161} INFO - Started process (PID=289) to work on /home/airflow/.local/lib/python3.8/site-packages/airflow/example_dags/example_setup_teardown.py
[2025-05-04T22:49:54.942+0000] {processor.py:830} INFO - Processing file /home/airflow/.local/lib/python3.8/site-packages/airflow/example_dags/example_setup_teardown.py for tasks to queue
[2025-05-04T22:49:54.944+0000] {logging_mixin.py:188} INFO - [2025-05-04T22:49:54.943+0000] {dagbag.py:538} INFO - Filling up the DagBag from /home/airflow/.local/lib/python3.8/site-packages/airflow/example_dags/example_setup_teardown.py
[2025-05-04T22:49:54.947+0000] {processor.py:840} INFO - DAG(s) 'example_setup_teardown' retrieved from /home/airflow/.local/lib/python3.8/site-packages/airflow/example_dags/example_setup_teardown.py
[2025-05-04T22:49:54.959+0000] {logging_mixin.py:188} INFO - [2025-05-04T22:49:54.959+0000] {dag.py:3033} INFO - Sync 1 DAGs
[2025-05-04T22:49:54.969+0000] {logging_mixin.py:188} INFO - [2025-05-04T22:49:54.969+0000] {dag.py:3820} INFO - Setting next_dagrun for example_setup_teardown to 2025-05-03T00:00:00+00:00, run_after=2025-05-04T00:00:00+00:00
[2025-05-04T22:49:54.981+0000] {processor.py:183} INFO - Processing /home/airflow/.local/lib/python3.8/site-packages/airflow/example_dags/example_setup_teardown.py took 0.041 seconds
[2025-05-04T22:50:25.677+0000] {processor.py:161} INFO - Started process (PID=345) to work on /home/airflow/.local/lib/python3.8/site-packages/airflow/example_dags/example_setup_teardown.py
[2025-05-04T22:50:25.679+0000] {processor.py:830} INFO - Processing file /home/airflow/.local/lib/python3.8/site-packages/airflow/example_dags/example_setup_teardown.py for tasks to queue
[2025-05-04T22:50:25.680+0000] {logging_mixin.py:188} INFO - [2025-05-04T22:50:25.679+0000] {dagbag.py:538} INFO - Filling up the DagBag from /home/airflow/.local/lib/python3.8/site-packages/airflow/example_dags/example_setup_teardown.py
[2025-05-04T22:50:25.683+0000] {processor.py:840} INFO - DAG(s) 'example_setup_teardown' retrieved from /home/airflow/.local/lib/python3.8/site-packages/airflow/example_dags/example_setup_teardown.py
[2025-05-04T22:50:25.698+0000] {logging_mixin.py:188} INFO - [2025-05-04T22:50:25.698+0000] {dag.py:3033} INFO - Sync 1 DAGs
[2025-05-04T22:50:25.709+0000] {logging_mixin.py:188} INFO - [2025-05-04T22:50:25.709+0000] {dag.py:3820} INFO - Setting next_dagrun for example_setup_teardown to 2025-05-03T00:00:00+00:00, run_after=2025-05-04T00:00:00+00:00
[2025-05-04T22:50:25.724+0000] {processor.py:183} INFO - Processing /home/airflow/.local/lib/python3.8/site-packages/airflow/example_dags/example_setup_teardown.py took 0.049 seconds
[2025-05-04T22:50:58.695+0000] {processor.py:161} INFO - Started process (PID=65) to work on /home/airflow/.local/lib/python3.8/site-packages/airflow/example_dags/example_setup_teardown.py
[2025-05-04T22:50:58.696+0000] {processor.py:830} INFO - Processing file /home/airflow/.local/lib/python3.8/site-packages/airflow/example_dags/example_setup_teardown.py for tasks to queue
[2025-05-04T22:50:58.698+0000] {logging_mixin.py:188} INFO - [2025-05-04T22:50:58.698+0000] {dagbag.py:538} INFO - Filling up the DagBag from /home/airflow/.local/lib/python3.8/site-packages/airflow/example_dags/example_setup_teardown.py
[2025-05-04T22:50:58.703+0000] {processor.py:840} INFO - DAG(s) 'example_setup_teardown' retrieved from /home/airflow/.local/lib/python3.8/site-packages/airflow/example_dags/example_setup_teardown.py
[2025-05-04T22:50:58.717+0000] {logging_mixin.py:188} INFO - [2025-05-04T22:50:58.716+0000] {dag.py:3033} INFO - Sync 1 DAGs
[2025-05-04T22:50:58.734+0000] {logging_mixin.py:188} INFO - [2025-05-04T22:50:58.734+0000] {dag.py:3820} INFO - Setting next_dagrun for example_setup_teardown to 2025-05-03T00:00:00+00:00, run_after=2025-05-04T00:00:00+00:00
[2025-05-04T22:50:58.758+0000] {processor.py:183} INFO - Processing /home/airflow/.local/lib/python3.8/site-packages/airflow/example_dags/example_setup_teardown.py took 0.067 seconds
[2025-05-04T22:51:28.815+0000] {processor.py:161} INFO - Started process (PID=121) to work on /home/airflow/.local/lib/python3.8/site-packages/airflow/example_dags/example_setup_teardown.py
[2025-05-04T22:51:28.815+0000] {processor.py:830} INFO - Processing file /home/airflow/.local/lib/python3.8/site-packages/airflow/example_dags/example_setup_teardown.py for tasks to queue
[2025-05-04T22:51:28.817+0000] {logging_mixin.py:188} INFO - [2025-05-04T22:51:28.817+0000] {dagbag.py:538} INFO - Filling up the DagBag from /home/airflow/.local/lib/python3.8/site-packages/airflow/example_dags/example_setup_teardown.py
[2025-05-04T22:51:28.822+0000] {processor.py:840} INFO - DAG(s) 'example_setup_teardown' retrieved from /home/airflow/.local/lib/python3.8/site-packages/airflow/example_dags/example_setup_teardown.py
[2025-05-04T22:51:28.872+0000] {logging_mixin.py:188} INFO - [2025-05-04T22:51:28.872+0000] {dag.py:3033} INFO - Sync 1 DAGs
[2025-05-04T22:51:28.881+0000] {logging_mixin.py:188} INFO - [2025-05-04T22:51:28.881+0000] {dag.py:3820} INFO - Setting next_dagrun for example_setup_teardown to 2025-05-03T00:00:00+00:00, run_after=2025-05-04T00:00:00+00:00
[2025-05-04T22:51:28.888+0000] {processor.py:183} INFO - Processing /home/airflow/.local/lib/python3.8/site-packages/airflow/example_dags/example_setup_teardown.py took 0.075 seconds
[2025-05-04T22:51:59.898+0000] {processor.py:161} INFO - Started process (PID=177) to work on /home/airflow/.local/lib/python3.8/site-packages/airflow/example_dags/example_setup_teardown.py
[2025-05-04T22:51:59.900+0000] {processor.py:830} INFO - Processing file /home/airflow/.local/lib/python3.8/site-packages/airflow/example_dags/example_setup_teardown.py for tasks to queue
[2025-05-04T22:51:59.901+0000] {logging_mixin.py:188} INFO - [2025-05-04T22:51:59.901+0000] {dagbag.py:538} INFO - Filling up the DagBag from /home/airflow/.local/lib/python3.8/site-packages/airflow/example_dags/example_setup_teardown.py
[2025-05-04T22:51:59.905+0000] {processor.py:840} INFO - DAG(s) 'example_setup_teardown' retrieved from /home/airflow/.local/lib/python3.8/site-packages/airflow/example_dags/example_setup_teardown.py
[2025-05-04T22:51:59.917+0000] {logging_mixin.py:188} INFO - [2025-05-04T22:51:59.917+0000] {dag.py:3033} INFO - Sync 1 DAGs
[2025-05-04T22:51:59.927+0000] {logging_mixin.py:188} INFO - [2025-05-04T22:51:59.927+0000] {dag.py:3820} INFO - Setting next_dagrun for example_setup_teardown to 2025-05-03T00:00:00+00:00, run_after=2025-05-04T00:00:00+00:00
[2025-05-04T22:51:59.938+0000] {processor.py:183} INFO - Processing /home/airflow/.local/lib/python3.8/site-packages/airflow/example_dags/example_setup_teardown.py took 0.043 seconds
[2025-05-04T22:52:30.713+0000] {processor.py:161} INFO - Started process (PID=233) to work on /home/airflow/.local/lib/python3.8/site-packages/airflow/example_dags/example_setup_teardown.py
[2025-05-04T22:52:30.715+0000] {processor.py:830} INFO - Processing file /home/airflow/.local/lib/python3.8/site-packages/airflow/example_dags/example_setup_teardown.py for tasks to queue
[2025-05-04T22:52:30.716+0000] {logging_mixin.py:188} INFO - [2025-05-04T22:52:30.716+0000] {dagbag.py:538} INFO - Filling up the DagBag from /home/airflow/.local/lib/python3.8/site-packages/airflow/example_dags/example_setup_teardown.py
[2025-05-04T22:52:30.722+0000] {processor.py:840} INFO - DAG(s) 'example_setup_teardown' retrieved from /home/airflow/.local/lib/python3.8/site-packages/airflow/example_dags/example_setup_teardown.py
[2025-05-04T22:52:30.738+0000] {logging_mixin.py:188} INFO - [2025-05-04T22:52:30.738+0000] {dag.py:3033} INFO - Sync 1 DAGs
[2025-05-04T22:52:30.751+0000] {logging_mixin.py:188} INFO - [2025-05-04T22:52:30.751+0000] {dag.py:3820} INFO - Setting next_dagrun for example_setup_teardown to 2025-05-03T00:00:00+00:00, run_after=2025-05-04T00:00:00+00:00
[2025-05-04T22:52:30.763+0000] {processor.py:183} INFO - Processing /home/airflow/.local/lib/python3.8/site-packages/airflow/example_dags/example_setup_teardown.py took 0.053 seconds
[2025-05-04T22:53:01.337+0000] {processor.py:161} INFO - Started process (PID=289) to work on /home/airflow/.local/lib/python3.8/site-packages/airflow/example_dags/example_setup_teardown.py
[2025-05-04T22:53:01.340+0000] {processor.py:830} INFO - Processing file /home/airflow/.local/lib/python3.8/site-packages/airflow/example_dags/example_setup_teardown.py for tasks to queue
[2025-05-04T22:53:01.341+0000] {logging_mixin.py:188} INFO - [2025-05-04T22:53:01.341+0000] {dagbag.py:538} INFO - Filling up the DagBag from /home/airflow/.local/lib/python3.8/site-packages/airflow/example_dags/example_setup_teardown.py
[2025-05-04T22:53:01.347+0000] {processor.py:840} INFO - DAG(s) 'example_setup_teardown' retrieved from /home/airflow/.local/lib/python3.8/site-packages/airflow/example_dags/example_setup_teardown.py
[2025-05-04T22:53:01.361+0000] {logging_mixin.py:188} INFO - [2025-05-04T22:53:01.361+0000] {dag.py:3033} INFO - Sync 1 DAGs
[2025-05-04T22:53:01.374+0000] {logging_mixin.py:188} INFO - [2025-05-04T22:53:01.374+0000] {dag.py:3820} INFO - Setting next_dagrun for example_setup_teardown to 2025-05-03T00:00:00+00:00, run_after=2025-05-04T00:00:00+00:00
[2025-05-04T22:53:01.384+0000] {processor.py:183} INFO - Processing /home/airflow/.local/lib/python3.8/site-packages/airflow/example_dags/example_setup_teardown.py took 0.051 seconds
[2025-05-04T22:58:01.028+0000] {processor.py:161} INFO - Started process (PID=65) to work on /home/airflow/.local/lib/python3.8/site-packages/airflow/example_dags/example_setup_teardown.py
[2025-05-04T22:58:01.030+0000] {processor.py:830} INFO - Processing file /home/airflow/.local/lib/python3.8/site-packages/airflow/example_dags/example_setup_teardown.py for tasks to queue
[2025-05-04T22:58:01.035+0000] {logging_mixin.py:188} INFO - [2025-05-04T22:58:01.034+0000] {dagbag.py:538} INFO - Filling up the DagBag from /home/airflow/.local/lib/python3.8/site-packages/airflow/example_dags/example_setup_teardown.py
[2025-05-04T22:58:01.038+0000] {processor.py:840} INFO - DAG(s) 'example_setup_teardown' retrieved from /home/airflow/.local/lib/python3.8/site-packages/airflow/example_dags/example_setup_teardown.py
[2025-05-04T22:58:01.061+0000] {logging_mixin.py:188} INFO - [2025-05-04T22:58:01.061+0000] {dag.py:3033} INFO - Sync 1 DAGs
[2025-05-04T22:58:01.084+0000] {logging_mixin.py:188} INFO - [2025-05-04T22:58:01.084+0000] {dag.py:3820} INFO - Setting next_dagrun for example_setup_teardown to 2025-05-03T00:00:00+00:00, run_after=2025-05-04T00:00:00+00:00
[2025-05-04T22:58:01.112+0000] {processor.py:183} INFO - Processing /home/airflow/.local/lib/python3.8/site-packages/airflow/example_dags/example_setup_teardown.py took 0.086 seconds
[2025-05-04T22:58:31.472+0000] {processor.py:161} INFO - Started process (PID=121) to work on /home/airflow/.local/lib/python3.8/site-packages/airflow/example_dags/example_setup_teardown.py
[2025-05-04T22:58:31.473+0000] {processor.py:830} INFO - Processing file /home/airflow/.local/lib/python3.8/site-packages/airflow/example_dags/example_setup_teardown.py for tasks to queue
[2025-05-04T22:58:31.474+0000] {logging_mixin.py:188} INFO - [2025-05-04T22:58:31.474+0000] {dagbag.py:538} INFO - Filling up the DagBag from /home/airflow/.local/lib/python3.8/site-packages/airflow/example_dags/example_setup_teardown.py
[2025-05-04T22:58:31.480+0000] {processor.py:840} INFO - DAG(s) 'example_setup_teardown' retrieved from /home/airflow/.local/lib/python3.8/site-packages/airflow/example_dags/example_setup_teardown.py
[2025-05-04T22:58:31.526+0000] {logging_mixin.py:188} INFO - [2025-05-04T22:58:31.526+0000] {dag.py:3033} INFO - Sync 1 DAGs
[2025-05-04T22:58:31.536+0000] {logging_mixin.py:188} INFO - [2025-05-04T22:58:31.536+0000] {dag.py:3820} INFO - Setting next_dagrun for example_setup_teardown to 2025-05-03T00:00:00+00:00, run_after=2025-05-04T00:00:00+00:00
[2025-05-04T22:58:31.543+0000] {processor.py:183} INFO - Processing /home/airflow/.local/lib/python3.8/site-packages/airflow/example_dags/example_setup_teardown.py took 0.072 seconds
[2025-05-04T22:59:01.622+0000] {processor.py:161} INFO - Started process (PID=177) to work on /home/airflow/.local/lib/python3.8/site-packages/airflow/example_dags/example_setup_teardown.py
[2025-05-04T22:59:01.623+0000] {processor.py:830} INFO - Processing file /home/airflow/.local/lib/python3.8/site-packages/airflow/example_dags/example_setup_teardown.py for tasks to queue
[2025-05-04T22:59:01.624+0000] {logging_mixin.py:188} INFO - [2025-05-04T22:59:01.624+0000] {dagbag.py:538} INFO - Filling up the DagBag from /home/airflow/.local/lib/python3.8/site-packages/airflow/example_dags/example_setup_teardown.py
[2025-05-04T22:59:01.627+0000] {processor.py:840} INFO - DAG(s) 'example_setup_teardown' retrieved from /home/airflow/.local/lib/python3.8/site-packages/airflow/example_dags/example_setup_teardown.py
[2025-05-04T22:59:01.635+0000] {logging_mixin.py:188} INFO - [2025-05-04T22:59:01.635+0000] {dag.py:3033} INFO - Sync 1 DAGs
[2025-05-04T22:59:01.643+0000] {logging_mixin.py:188} INFO - [2025-05-04T22:59:01.643+0000] {dag.py:3820} INFO - Setting next_dagrun for example_setup_teardown to 2025-05-03T00:00:00+00:00, run_after=2025-05-04T00:00:00+00:00
[2025-05-04T22:59:01.650+0000] {processor.py:183} INFO - Processing /home/airflow/.local/lib/python3.8/site-packages/airflow/example_dags/example_setup_teardown.py took 0.029 seconds
[2025-05-04T22:59:32.381+0000] {processor.py:161} INFO - Started process (PID=233) to work on /home/airflow/.local/lib/python3.8/site-packages/airflow/example_dags/example_setup_teardown.py
[2025-05-04T22:59:32.382+0000] {processor.py:830} INFO - Processing file /home/airflow/.local/lib/python3.8/site-packages/airflow/example_dags/example_setup_teardown.py for tasks to queue
[2025-05-04T22:59:32.383+0000] {logging_mixin.py:188} INFO - [2025-05-04T22:59:32.383+0000] {dagbag.py:538} INFO - Filling up the DagBag from /home/airflow/.local/lib/python3.8/site-packages/airflow/example_dags/example_setup_teardown.py
[2025-05-04T22:59:32.386+0000] {processor.py:840} INFO - DAG(s) 'example_setup_teardown' retrieved from /home/airflow/.local/lib/python3.8/site-packages/airflow/example_dags/example_setup_teardown.py
[2025-05-04T22:59:32.397+0000] {logging_mixin.py:188} INFO - [2025-05-04T22:59:32.397+0000] {dag.py:3033} INFO - Sync 1 DAGs
[2025-05-04T22:59:32.411+0000] {logging_mixin.py:188} INFO - [2025-05-04T22:59:32.410+0000] {dag.py:3820} INFO - Setting next_dagrun for example_setup_teardown to 2025-05-03T00:00:00+00:00, run_after=2025-05-04T00:00:00+00:00
[2025-05-04T22:59:32.423+0000] {processor.py:183} INFO - Processing /home/airflow/.local/lib/python3.8/site-packages/airflow/example_dags/example_setup_teardown.py took 0.043 seconds
[2025-05-04T23:00:03.175+0000] {processor.py:161} INFO - Started process (PID=289) to work on /home/airflow/.local/lib/python3.8/site-packages/airflow/example_dags/example_setup_teardown.py
[2025-05-04T23:00:03.176+0000] {processor.py:830} INFO - Processing file /home/airflow/.local/lib/python3.8/site-packages/airflow/example_dags/example_setup_teardown.py for tasks to queue
[2025-05-04T23:00:03.177+0000] {logging_mixin.py:188} INFO - [2025-05-04T23:00:03.176+0000] {dagbag.py:538} INFO - Filling up the DagBag from /home/airflow/.local/lib/python3.8/site-packages/airflow/example_dags/example_setup_teardown.py
[2025-05-04T23:00:03.180+0000] {processor.py:840} INFO - DAG(s) 'example_setup_teardown' retrieved from /home/airflow/.local/lib/python3.8/site-packages/airflow/example_dags/example_setup_teardown.py
[2025-05-04T23:00:03.194+0000] {logging_mixin.py:188} INFO - [2025-05-04T23:00:03.193+0000] {dag.py:3033} INFO - Sync 1 DAGs
[2025-05-04T23:00:03.205+0000] {logging_mixin.py:188} INFO - [2025-05-04T23:00:03.205+0000] {dag.py:3820} INFO - Setting next_dagrun for example_setup_teardown to 2025-05-03T00:00:00+00:00, run_after=2025-05-04T00:00:00+00:00
[2025-05-04T23:00:03.219+0000] {processor.py:183} INFO - Processing /home/airflow/.local/lib/python3.8/site-packages/airflow/example_dags/example_setup_teardown.py took 0.046 seconds
[2025-05-04T23:00:33.843+0000] {processor.py:161} INFO - Started process (PID=351) to work on /home/airflow/.local/lib/python3.8/site-packages/airflow/example_dags/example_setup_teardown.py
[2025-05-04T23:00:33.844+0000] {processor.py:830} INFO - Processing file /home/airflow/.local/lib/python3.8/site-packages/airflow/example_dags/example_setup_teardown.py for tasks to queue
[2025-05-04T23:00:33.847+0000] {logging_mixin.py:188} INFO - [2025-05-04T23:00:33.847+0000] {dagbag.py:538} INFO - Filling up the DagBag from /home/airflow/.local/lib/python3.8/site-packages/airflow/example_dags/example_setup_teardown.py
[2025-05-04T23:00:33.850+0000] {processor.py:840} INFO - DAG(s) 'example_setup_teardown' retrieved from /home/airflow/.local/lib/python3.8/site-packages/airflow/example_dags/example_setup_teardown.py
[2025-05-04T23:00:33.863+0000] {logging_mixin.py:188} INFO - [2025-05-04T23:00:33.863+0000] {dag.py:3033} INFO - Sync 1 DAGs
[2025-05-04T23:00:33.872+0000] {logging_mixin.py:188} INFO - [2025-05-04T23:00:33.872+0000] {dag.py:3820} INFO - Setting next_dagrun for example_setup_teardown to 2025-05-03T00:00:00+00:00, run_after=2025-05-04T00:00:00+00:00
[2025-05-04T23:00:33.880+0000] {processor.py:183} INFO - Processing /home/airflow/.local/lib/python3.8/site-packages/airflow/example_dags/example_setup_teardown.py took 0.039 seconds
[2025-05-04T23:01:04.484+0000] {processor.py:161} INFO - Started process (PID=407) to work on /home/airflow/.local/lib/python3.8/site-packages/airflow/example_dags/example_setup_teardown.py
[2025-05-04T23:01:04.485+0000] {processor.py:830} INFO - Processing file /home/airflow/.local/lib/python3.8/site-packages/airflow/example_dags/example_setup_teardown.py for tasks to queue
[2025-05-04T23:01:04.486+0000] {logging_mixin.py:188} INFO - [2025-05-04T23:01:04.486+0000] {dagbag.py:538} INFO - Filling up the DagBag from /home/airflow/.local/lib/python3.8/site-packages/airflow/example_dags/example_setup_teardown.py
[2025-05-04T23:01:04.489+0000] {processor.py:840} INFO - DAG(s) 'example_setup_teardown' retrieved from /home/airflow/.local/lib/python3.8/site-packages/airflow/example_dags/example_setup_teardown.py
[2025-05-04T23:01:04.502+0000] {logging_mixin.py:188} INFO - [2025-05-04T23:01:04.502+0000] {dag.py:3033} INFO - Sync 1 DAGs
[2025-05-04T23:01:04.513+0000] {logging_mixin.py:188} INFO - [2025-05-04T23:01:04.513+0000] {dag.py:3820} INFO - Setting next_dagrun for example_setup_teardown to 2025-05-03T00:00:00+00:00, run_after=2025-05-04T00:00:00+00:00
[2025-05-04T23:01:04.519+0000] {processor.py:183} INFO - Processing /home/airflow/.local/lib/python3.8/site-packages/airflow/example_dags/example_setup_teardown.py took 0.037 seconds
[2025-05-04T23:01:35.105+0000] {processor.py:161} INFO - Started process (PID=463) to work on /home/airflow/.local/lib/python3.8/site-packages/airflow/example_dags/example_setup_teardown.py
[2025-05-04T23:01:35.106+0000] {processor.py:830} INFO - Processing file /home/airflow/.local/lib/python3.8/site-packages/airflow/example_dags/example_setup_teardown.py for tasks to queue
[2025-05-04T23:01:35.107+0000] {logging_mixin.py:188} INFO - [2025-05-04T23:01:35.107+0000] {dagbag.py:538} INFO - Filling up the DagBag from /home/airflow/.local/lib/python3.8/site-packages/airflow/example_dags/example_setup_teardown.py
[2025-05-04T23:01:35.110+0000] {processor.py:840} INFO - DAG(s) 'example_setup_teardown' retrieved from /home/airflow/.local/lib/python3.8/site-packages/airflow/example_dags/example_setup_teardown.py
[2025-05-04T23:01:35.119+0000] {logging_mixin.py:188} INFO - [2025-05-04T23:01:35.119+0000] {dag.py:3033} INFO - Sync 1 DAGs
[2025-05-04T23:01:35.129+0000] {logging_mixin.py:188} INFO - [2025-05-04T23:01:35.129+0000] {dag.py:3820} INFO - Setting next_dagrun for example_setup_teardown to 2025-05-03T00:00:00+00:00, run_after=2025-05-04T00:00:00+00:00
[2025-05-04T23:01:35.142+0000] {processor.py:183} INFO - Processing /home/airflow/.local/lib/python3.8/site-packages/airflow/example_dags/example_setup_teardown.py took 0.038 seconds
[2025-05-04T23:02:05.617+0000] {processor.py:161} INFO - Started process (PID=519) to work on /home/airflow/.local/lib/python3.8/site-packages/airflow/example_dags/example_setup_teardown.py
[2025-05-04T23:02:05.617+0000] {processor.py:830} INFO - Processing file /home/airflow/.local/lib/python3.8/site-packages/airflow/example_dags/example_setup_teardown.py for tasks to queue
[2025-05-04T23:02:05.618+0000] {logging_mixin.py:188} INFO - [2025-05-04T23:02:05.618+0000] {dagbag.py:538} INFO - Filling up the DagBag from /home/airflow/.local/lib/python3.8/site-packages/airflow/example_dags/example_setup_teardown.py
[2025-05-04T23:02:05.624+0000] {processor.py:840} INFO - DAG(s) 'example_setup_teardown' retrieved from /home/airflow/.local/lib/python3.8/site-packages/airflow/example_dags/example_setup_teardown.py
[2025-05-04T23:02:05.633+0000] {logging_mixin.py:188} INFO - [2025-05-04T23:02:05.633+0000] {dag.py:3033} INFO - Sync 1 DAGs
[2025-05-04T23:02:05.642+0000] {logging_mixin.py:188} INFO - [2025-05-04T23:02:05.642+0000] {dag.py:3820} INFO - Setting next_dagrun for example_setup_teardown to 2025-05-03T00:00:00+00:00, run_after=2025-05-04T00:00:00+00:00
[2025-05-04T23:02:05.652+0000] {processor.py:183} INFO - Processing /home/airflow/.local/lib/python3.8/site-packages/airflow/example_dags/example_setup_teardown.py took 0.037 seconds
[2025-05-04T23:02:36.164+0000] {processor.py:161} INFO - Started process (PID=575) to work on /home/airflow/.local/lib/python3.8/site-packages/airflow/example_dags/example_setup_teardown.py
[2025-05-04T23:02:36.165+0000] {processor.py:830} INFO - Processing file /home/airflow/.local/lib/python3.8/site-packages/airflow/example_dags/example_setup_teardown.py for tasks to queue
[2025-05-04T23:02:36.167+0000] {logging_mixin.py:188} INFO - [2025-05-04T23:02:36.166+0000] {dagbag.py:538} INFO - Filling up the DagBag from /home/airflow/.local/lib/python3.8/site-packages/airflow/example_dags/example_setup_teardown.py
[2025-05-04T23:02:36.170+0000] {processor.py:840} INFO - DAG(s) 'example_setup_teardown' retrieved from /home/airflow/.local/lib/python3.8/site-packages/airflow/example_dags/example_setup_teardown.py
[2025-05-04T23:02:36.184+0000] {logging_mixin.py:188} INFO - [2025-05-04T23:02:36.184+0000] {dag.py:3033} INFO - Sync 1 DAGs
[2025-05-04T23:02:36.194+0000] {logging_mixin.py:188} INFO - [2025-05-04T23:02:36.194+0000] {dag.py:3820} INFO - Setting next_dagrun for example_setup_teardown to 2025-05-03T00:00:00+00:00, run_after=2025-05-04T00:00:00+00:00
[2025-05-04T23:02:36.203+0000] {processor.py:183} INFO - Processing /home/airflow/.local/lib/python3.8/site-packages/airflow/example_dags/example_setup_teardown.py took 0.040 seconds
[2025-05-04T23:03:06.974+0000] {processor.py:161} INFO - Started process (PID=631) to work on /home/airflow/.local/lib/python3.8/site-packages/airflow/example_dags/example_setup_teardown.py
[2025-05-04T23:03:06.975+0000] {processor.py:830} INFO - Processing file /home/airflow/.local/lib/python3.8/site-packages/airflow/example_dags/example_setup_teardown.py for tasks to queue
[2025-05-04T23:03:06.976+0000] {logging_mixin.py:188} INFO - [2025-05-04T23:03:06.976+0000] {dagbag.py:538} INFO - Filling up the DagBag from /home/airflow/.local/lib/python3.8/site-packages/airflow/example_dags/example_setup_teardown.py
[2025-05-04T23:03:06.979+0000] {processor.py:840} INFO - DAG(s) 'example_setup_teardown' retrieved from /home/airflow/.local/lib/python3.8/site-packages/airflow/example_dags/example_setup_teardown.py
[2025-05-04T23:03:06.990+0000] {logging_mixin.py:188} INFO - [2025-05-04T23:03:06.990+0000] {dag.py:3033} INFO - Sync 1 DAGs
[2025-05-04T23:03:06.999+0000] {logging_mixin.py:188} INFO - [2025-05-04T23:03:06.999+0000] {dag.py:3820} INFO - Setting next_dagrun for example_setup_teardown to 2025-05-03T00:00:00+00:00, run_after=2025-05-04T00:00:00+00:00
[2025-05-04T23:03:07.010+0000] {processor.py:183} INFO - Processing /home/airflow/.local/lib/python3.8/site-packages/airflow/example_dags/example_setup_teardown.py took 0.038 seconds
[2025-05-04T23:03:37.554+0000] {processor.py:161} INFO - Started process (PID=687) to work on /home/airflow/.local/lib/python3.8/site-packages/airflow/example_dags/example_setup_teardown.py
[2025-05-04T23:03:37.556+0000] {processor.py:830} INFO - Processing file /home/airflow/.local/lib/python3.8/site-packages/airflow/example_dags/example_setup_teardown.py for tasks to queue
[2025-05-04T23:03:37.557+0000] {logging_mixin.py:188} INFO - [2025-05-04T23:03:37.556+0000] {dagbag.py:538} INFO - Filling up the DagBag from /home/airflow/.local/lib/python3.8/site-packages/airflow/example_dags/example_setup_teardown.py
[2025-05-04T23:03:37.559+0000] {processor.py:840} INFO - DAG(s) 'example_setup_teardown' retrieved from /home/airflow/.local/lib/python3.8/site-packages/airflow/example_dags/example_setup_teardown.py
[2025-05-04T23:03:37.572+0000] {logging_mixin.py:188} INFO - [2025-05-04T23:03:37.572+0000] {dag.py:3033} INFO - Sync 1 DAGs
[2025-05-04T23:03:37.580+0000] {logging_mixin.py:188} INFO - [2025-05-04T23:03:37.580+0000] {dag.py:3820} INFO - Setting next_dagrun for example_setup_teardown to 2025-05-03T00:00:00+00:00, run_after=2025-05-04T00:00:00+00:00
[2025-05-04T23:03:37.588+0000] {processor.py:183} INFO - Processing /home/airflow/.local/lib/python3.8/site-packages/airflow/example_dags/example_setup_teardown.py took 0.035 seconds
[2025-05-04T23:04:28.689+0000] {processor.py:161} INFO - Started process (PID=70) to work on /home/airflow/.local/lib/python3.8/site-packages/airflow/example_dags/example_setup_teardown.py
[2025-05-04T23:04:28.690+0000] {processor.py:830} INFO - Processing file /home/airflow/.local/lib/python3.8/site-packages/airflow/example_dags/example_setup_teardown.py for tasks to queue
[2025-05-04T23:04:28.693+0000] {logging_mixin.py:188} INFO - [2025-05-04T23:04:28.693+0000] {dagbag.py:538} INFO - Filling up the DagBag from /home/airflow/.local/lib/python3.8/site-packages/airflow/example_dags/example_setup_teardown.py
[2025-05-04T23:04:28.699+0000] {processor.py:840} INFO - DAG(s) 'example_setup_teardown' retrieved from /home/airflow/.local/lib/python3.8/site-packages/airflow/example_dags/example_setup_teardown.py
[2025-05-04T23:04:28.706+0000] {logging_mixin.py:188} INFO - [2025-05-04T23:04:28.706+0000] {dag.py:3033} INFO - Sync 1 DAGs
[2025-05-04T23:04:28.719+0000] {logging_mixin.py:188} INFO - [2025-05-04T23:04:28.719+0000] {dag.py:3820} INFO - Setting next_dagrun for example_setup_teardown to 2025-05-03T00:00:00+00:00, run_after=2025-05-04T00:00:00+00:00
[2025-05-04T23:04:28.740+0000] {processor.py:183} INFO - Processing /home/airflow/.local/lib/python3.8/site-packages/airflow/example_dags/example_setup_teardown.py took 0.053 seconds
[2025-05-04T23:04:58.977+0000] {processor.py:161} INFO - Started process (PID=126) to work on /home/airflow/.local/lib/python3.8/site-packages/airflow/example_dags/example_setup_teardown.py
[2025-05-04T23:04:58.977+0000] {processor.py:830} INFO - Processing file /home/airflow/.local/lib/python3.8/site-packages/airflow/example_dags/example_setup_teardown.py for tasks to queue
[2025-05-04T23:04:58.978+0000] {logging_mixin.py:188} INFO - [2025-05-04T23:04:58.978+0000] {dagbag.py:538} INFO - Filling up the DagBag from /home/airflow/.local/lib/python3.8/site-packages/airflow/example_dags/example_setup_teardown.py
[2025-05-04T23:04:58.981+0000] {processor.py:840} INFO - DAG(s) 'example_setup_teardown' retrieved from /home/airflow/.local/lib/python3.8/site-packages/airflow/example_dags/example_setup_teardown.py
[2025-05-04T23:04:59.023+0000] {logging_mixin.py:188} INFO - [2025-05-04T23:04:59.023+0000] {dag.py:3033} INFO - Sync 1 DAGs
[2025-05-04T23:04:59.031+0000] {logging_mixin.py:188} INFO - [2025-05-04T23:04:59.031+0000] {dag.py:3820} INFO - Setting next_dagrun for example_setup_teardown to 2025-05-03T00:00:00+00:00, run_after=2025-05-04T00:00:00+00:00
[2025-05-04T23:04:59.043+0000] {processor.py:183} INFO - Processing /home/airflow/.local/lib/python3.8/site-packages/airflow/example_dags/example_setup_teardown.py took 0.068 seconds
[2025-05-04T23:05:29.976+0000] {processor.py:161} INFO - Started process (PID=182) to work on /home/airflow/.local/lib/python3.8/site-packages/airflow/example_dags/example_setup_teardown.py
[2025-05-04T23:05:29.978+0000] {processor.py:830} INFO - Processing file /home/airflow/.local/lib/python3.8/site-packages/airflow/example_dags/example_setup_teardown.py for tasks to queue
[2025-05-04T23:05:29.980+0000] {logging_mixin.py:188} INFO - [2025-05-04T23:05:29.979+0000] {dagbag.py:538} INFO - Filling up the DagBag from /home/airflow/.local/lib/python3.8/site-packages/airflow/example_dags/example_setup_teardown.py
[2025-05-04T23:05:29.989+0000] {processor.py:840} INFO - DAG(s) 'example_setup_teardown' retrieved from /home/airflow/.local/lib/python3.8/site-packages/airflow/example_dags/example_setup_teardown.py
[2025-05-04T23:05:30.005+0000] {logging_mixin.py:188} INFO - [2025-05-04T23:05:30.005+0000] {dag.py:3033} INFO - Sync 1 DAGs
[2025-05-04T23:05:30.018+0000] {logging_mixin.py:188} INFO - [2025-05-04T23:05:30.018+0000] {dag.py:3820} INFO - Setting next_dagrun for example_setup_teardown to 2025-05-03T00:00:00+00:00, run_after=2025-05-04T00:00:00+00:00
[2025-05-04T23:05:30.028+0000] {processor.py:183} INFO - Processing /home/airflow/.local/lib/python3.8/site-packages/airflow/example_dags/example_setup_teardown.py took 0.056 seconds
[2025-05-04T23:06:31.507+0000] {processor.py:161} INFO - Started process (PID=65) to work on /home/airflow/.local/lib/python3.8/site-packages/airflow/example_dags/example_setup_teardown.py
[2025-05-04T23:06:31.508+0000] {processor.py:830} INFO - Processing file /home/airflow/.local/lib/python3.8/site-packages/airflow/example_dags/example_setup_teardown.py for tasks to queue
[2025-05-04T23:06:31.510+0000] {logging_mixin.py:188} INFO - [2025-05-04T23:06:31.510+0000] {dagbag.py:538} INFO - Filling up the DagBag from /home/airflow/.local/lib/python3.8/site-packages/airflow/example_dags/example_setup_teardown.py
[2025-05-04T23:06:31.515+0000] {processor.py:840} INFO - DAG(s) 'example_setup_teardown' retrieved from /home/airflow/.local/lib/python3.8/site-packages/airflow/example_dags/example_setup_teardown.py
[2025-05-04T23:06:31.527+0000] {logging_mixin.py:188} INFO - [2025-05-04T23:06:31.527+0000] {dag.py:3033} INFO - Sync 1 DAGs
[2025-05-04T23:06:31.551+0000] {logging_mixin.py:188} INFO - [2025-05-04T23:06:31.551+0000] {dag.py:3820} INFO - Setting next_dagrun for example_setup_teardown to 2025-05-03T00:00:00+00:00, run_after=2025-05-04T00:00:00+00:00
[2025-05-04T23:06:31.566+0000] {processor.py:183} INFO - Processing /home/airflow/.local/lib/python3.8/site-packages/airflow/example_dags/example_setup_teardown.py took 0.061 seconds
[2025-05-04T23:07:01.795+0000] {processor.py:161} INFO - Started process (PID=121) to work on /home/airflow/.local/lib/python3.8/site-packages/airflow/example_dags/example_setup_teardown.py
[2025-05-04T23:07:01.796+0000] {processor.py:830} INFO - Processing file /home/airflow/.local/lib/python3.8/site-packages/airflow/example_dags/example_setup_teardown.py for tasks to queue
[2025-05-04T23:07:01.797+0000] {logging_mixin.py:188} INFO - [2025-05-04T23:07:01.797+0000] {dagbag.py:538} INFO - Filling up the DagBag from /home/airflow/.local/lib/python3.8/site-packages/airflow/example_dags/example_setup_teardown.py
[2025-05-04T23:07:01.801+0000] {processor.py:840} INFO - DAG(s) 'example_setup_teardown' retrieved from /home/airflow/.local/lib/python3.8/site-packages/airflow/example_dags/example_setup_teardown.py
[2025-05-04T23:07:01.844+0000] {logging_mixin.py:188} INFO - [2025-05-04T23:07:01.844+0000] {dag.py:3033} INFO - Sync 1 DAGs
[2025-05-04T23:07:01.853+0000] {logging_mixin.py:188} INFO - [2025-05-04T23:07:01.853+0000] {dag.py:3820} INFO - Setting next_dagrun for example_setup_teardown to 2025-05-03T00:00:00+00:00, run_after=2025-05-04T00:00:00+00:00
[2025-05-04T23:07:01.863+0000] {processor.py:183} INFO - Processing /home/airflow/.local/lib/python3.8/site-packages/airflow/example_dags/example_setup_teardown.py took 0.071 seconds
[2025-05-04T23:07:32.817+0000] {processor.py:161} INFO - Started process (PID=183) to work on /home/airflow/.local/lib/python3.8/site-packages/airflow/example_dags/example_setup_teardown.py
[2025-05-04T23:07:32.818+0000] {processor.py:830} INFO - Processing file /home/airflow/.local/lib/python3.8/site-packages/airflow/example_dags/example_setup_teardown.py for tasks to queue
[2025-05-04T23:07:32.819+0000] {logging_mixin.py:188} INFO - [2025-05-04T23:07:32.819+0000] {dagbag.py:538} INFO - Filling up the DagBag from /home/airflow/.local/lib/python3.8/site-packages/airflow/example_dags/example_setup_teardown.py
[2025-05-04T23:07:32.823+0000] {processor.py:840} INFO - DAG(s) 'example_setup_teardown' retrieved from /home/airflow/.local/lib/python3.8/site-packages/airflow/example_dags/example_setup_teardown.py
[2025-05-04T23:07:32.832+0000] {logging_mixin.py:188} INFO - [2025-05-04T23:07:32.832+0000] {dag.py:3033} INFO - Sync 1 DAGs
[2025-05-04T23:07:32.843+0000] {logging_mixin.py:188} INFO - [2025-05-04T23:07:32.843+0000] {dag.py:3820} INFO - Setting next_dagrun for example_setup_teardown to 2025-05-03T00:00:00+00:00, run_after=2025-05-04T00:00:00+00:00
[2025-05-04T23:07:32.854+0000] {processor.py:183} INFO - Processing /home/airflow/.local/lib/python3.8/site-packages/airflow/example_dags/example_setup_teardown.py took 0.039 seconds
[2025-05-04T23:08:03.360+0000] {processor.py:161} INFO - Started process (PID=239) to work on /home/airflow/.local/lib/python3.8/site-packages/airflow/example_dags/example_setup_teardown.py
[2025-05-04T23:08:03.362+0000] {processor.py:830} INFO - Processing file /home/airflow/.local/lib/python3.8/site-packages/airflow/example_dags/example_setup_teardown.py for tasks to queue
[2025-05-04T23:08:03.363+0000] {logging_mixin.py:188} INFO - [2025-05-04T23:08:03.363+0000] {dagbag.py:538} INFO - Filling up the DagBag from /home/airflow/.local/lib/python3.8/site-packages/airflow/example_dags/example_setup_teardown.py
[2025-05-04T23:08:03.366+0000] {processor.py:840} INFO - DAG(s) 'example_setup_teardown' retrieved from /home/airflow/.local/lib/python3.8/site-packages/airflow/example_dags/example_setup_teardown.py
[2025-05-04T23:08:03.379+0000] {logging_mixin.py:188} INFO - [2025-05-04T23:08:03.379+0000] {dag.py:3033} INFO - Sync 1 DAGs
[2025-05-04T23:08:03.392+0000] {logging_mixin.py:188} INFO - [2025-05-04T23:08:03.392+0000] {dag.py:3820} INFO - Setting next_dagrun for example_setup_teardown to 2025-05-03T00:00:00+00:00, run_after=2025-05-04T00:00:00+00:00
[2025-05-04T23:08:03.401+0000] {processor.py:183} INFO - Processing /home/airflow/.local/lib/python3.8/site-packages/airflow/example_dags/example_setup_teardown.py took 0.043 seconds
[2025-05-04T23:08:33.940+0000] {processor.py:161} INFO - Started process (PID=295) to work on /home/airflow/.local/lib/python3.8/site-packages/airflow/example_dags/example_setup_teardown.py
[2025-05-04T23:08:33.941+0000] {processor.py:830} INFO - Processing file /home/airflow/.local/lib/python3.8/site-packages/airflow/example_dags/example_setup_teardown.py for tasks to queue
[2025-05-04T23:08:33.942+0000] {logging_mixin.py:188} INFO - [2025-05-04T23:08:33.942+0000] {dagbag.py:538} INFO - Filling up the DagBag from /home/airflow/.local/lib/python3.8/site-packages/airflow/example_dags/example_setup_teardown.py
[2025-05-04T23:08:33.948+0000] {processor.py:840} INFO - DAG(s) 'example_setup_teardown' retrieved from /home/airflow/.local/lib/python3.8/site-packages/airflow/example_dags/example_setup_teardown.py
[2025-05-04T23:08:33.964+0000] {logging_mixin.py:188} INFO - [2025-05-04T23:08:33.964+0000] {dag.py:3033} INFO - Sync 1 DAGs
[2025-05-04T23:08:33.976+0000] {logging_mixin.py:188} INFO - [2025-05-04T23:08:33.976+0000] {dag.py:3820} INFO - Setting next_dagrun for example_setup_teardown to 2025-05-03T00:00:00+00:00, run_after=2025-05-04T00:00:00+00:00
[2025-05-04T23:08:33.990+0000] {processor.py:183} INFO - Processing /home/airflow/.local/lib/python3.8/site-packages/airflow/example_dags/example_setup_teardown.py took 0.051 seconds
[2025-05-04T23:09:04.673+0000] {processor.py:161} INFO - Started process (PID=350) to work on /home/airflow/.local/lib/python3.8/site-packages/airflow/example_dags/example_setup_teardown.py
[2025-05-04T23:09:04.674+0000] {processor.py:830} INFO - Processing file /home/airflow/.local/lib/python3.8/site-packages/airflow/example_dags/example_setup_teardown.py for tasks to queue
[2025-05-04T23:09:04.676+0000] {logging_mixin.py:188} INFO - [2025-05-04T23:09:04.675+0000] {dagbag.py:538} INFO - Filling up the DagBag from /home/airflow/.local/lib/python3.8/site-packages/airflow/example_dags/example_setup_teardown.py
[2025-05-04T23:09:04.679+0000] {processor.py:840} INFO - DAG(s) 'example_setup_teardown' retrieved from /home/airflow/.local/lib/python3.8/site-packages/airflow/example_dags/example_setup_teardown.py
[2025-05-04T23:09:04.691+0000] {logging_mixin.py:188} INFO - [2025-05-04T23:09:04.691+0000] {dag.py:3033} INFO - Sync 1 DAGs
[2025-05-04T23:09:04.701+0000] {logging_mixin.py:188} INFO - [2025-05-04T23:09:04.701+0000] {dag.py:3820} INFO - Setting next_dagrun for example_setup_teardown to 2025-05-03T00:00:00+00:00, run_after=2025-05-04T00:00:00+00:00
[2025-05-04T23:09:04.711+0000] {processor.py:183} INFO - Processing /home/airflow/.local/lib/python3.8/site-packages/airflow/example_dags/example_setup_teardown.py took 0.040 seconds
[2025-05-04T23:09:34.749+0000] {processor.py:161} INFO - Started process (PID=406) to work on /home/airflow/.local/lib/python3.8/site-packages/airflow/example_dags/example_setup_teardown.py
[2025-05-04T23:09:34.749+0000] {processor.py:830} INFO - Processing file /home/airflow/.local/lib/python3.8/site-packages/airflow/example_dags/example_setup_teardown.py for tasks to queue
[2025-05-04T23:09:34.751+0000] {logging_mixin.py:188} INFO - [2025-05-04T23:09:34.751+0000] {dagbag.py:538} INFO - Filling up the DagBag from /home/airflow/.local/lib/python3.8/site-packages/airflow/example_dags/example_setup_teardown.py
[2025-05-04T23:09:34.755+0000] {processor.py:840} INFO - DAG(s) 'example_setup_teardown' retrieved from /home/airflow/.local/lib/python3.8/site-packages/airflow/example_dags/example_setup_teardown.py
[2025-05-04T23:09:34.765+0000] {logging_mixin.py:188} INFO - [2025-05-04T23:09:34.765+0000] {dag.py:3033} INFO - Sync 1 DAGs
[2025-05-04T23:09:34.778+0000] {logging_mixin.py:188} INFO - [2025-05-04T23:09:34.778+0000] {dag.py:3820} INFO - Setting next_dagrun for example_setup_teardown to 2025-05-03T00:00:00+00:00, run_after=2025-05-04T00:00:00+00:00
[2025-05-04T23:09:34.788+0000] {processor.py:183} INFO - Processing /home/airflow/.local/lib/python3.8/site-packages/airflow/example_dags/example_setup_teardown.py took 0.041 seconds
[2025-05-04T23:10:05.579+0000] {processor.py:161} INFO - Started process (PID=462) to work on /home/airflow/.local/lib/python3.8/site-packages/airflow/example_dags/example_setup_teardown.py
[2025-05-04T23:10:05.580+0000] {processor.py:830} INFO - Processing file /home/airflow/.local/lib/python3.8/site-packages/airflow/example_dags/example_setup_teardown.py for tasks to queue
[2025-05-04T23:10:05.582+0000] {logging_mixin.py:188} INFO - [2025-05-04T23:10:05.582+0000] {dagbag.py:538} INFO - Filling up the DagBag from /home/airflow/.local/lib/python3.8/site-packages/airflow/example_dags/example_setup_teardown.py
[2025-05-04T23:10:05.585+0000] {processor.py:840} INFO - DAG(s) 'example_setup_teardown' retrieved from /home/airflow/.local/lib/python3.8/site-packages/airflow/example_dags/example_setup_teardown.py
[2025-05-04T23:10:05.596+0000] {logging_mixin.py:188} INFO - [2025-05-04T23:10:05.596+0000] {dag.py:3033} INFO - Sync 1 DAGs
[2025-05-04T23:10:05.610+0000] {logging_mixin.py:188} INFO - [2025-05-04T23:10:05.610+0000] {dag.py:3820} INFO - Setting next_dagrun for example_setup_teardown to 2025-05-03T00:00:00+00:00, run_after=2025-05-04T00:00:00+00:00
[2025-05-04T23:10:05.618+0000] {processor.py:183} INFO - Processing /home/airflow/.local/lib/python3.8/site-packages/airflow/example_dags/example_setup_teardown.py took 0.041 seconds
[2025-05-04T23:10:36.228+0000] {processor.py:161} INFO - Started process (PID=518) to work on /home/airflow/.local/lib/python3.8/site-packages/airflow/example_dags/example_setup_teardown.py
[2025-05-04T23:10:36.229+0000] {processor.py:830} INFO - Processing file /home/airflow/.local/lib/python3.8/site-packages/airflow/example_dags/example_setup_teardown.py for tasks to queue
[2025-05-04T23:10:36.230+0000] {logging_mixin.py:188} INFO - [2025-05-04T23:10:36.230+0000] {dagbag.py:538} INFO - Filling up the DagBag from /home/airflow/.local/lib/python3.8/site-packages/airflow/example_dags/example_setup_teardown.py
[2025-05-04T23:10:36.233+0000] {processor.py:840} INFO - DAG(s) 'example_setup_teardown' retrieved from /home/airflow/.local/lib/python3.8/site-packages/airflow/example_dags/example_setup_teardown.py
[2025-05-04T23:10:36.242+0000] {logging_mixin.py:188} INFO - [2025-05-04T23:10:36.242+0000] {dag.py:3033} INFO - Sync 1 DAGs
[2025-05-04T23:10:36.252+0000] {logging_mixin.py:188} INFO - [2025-05-04T23:10:36.252+0000] {dag.py:3820} INFO - Setting next_dagrun for example_setup_teardown to 2025-05-03T00:00:00+00:00, run_after=2025-05-04T00:00:00+00:00
[2025-05-04T23:10:36.260+0000] {processor.py:183} INFO - Processing /home/airflow/.local/lib/python3.8/site-packages/airflow/example_dags/example_setup_teardown.py took 0.033 seconds
[2025-05-04T23:11:06.964+0000] {processor.py:161} INFO - Started process (PID=574) to work on /home/airflow/.local/lib/python3.8/site-packages/airflow/example_dags/example_setup_teardown.py
[2025-05-04T23:11:06.964+0000] {processor.py:830} INFO - Processing file /home/airflow/.local/lib/python3.8/site-packages/airflow/example_dags/example_setup_teardown.py for tasks to queue
[2025-05-04T23:11:06.965+0000] {logging_mixin.py:188} INFO - [2025-05-04T23:11:06.965+0000] {dagbag.py:538} INFO - Filling up the DagBag from /home/airflow/.local/lib/python3.8/site-packages/airflow/example_dags/example_setup_teardown.py
[2025-05-04T23:11:06.969+0000] {processor.py:840} INFO - DAG(s) 'example_setup_teardown' retrieved from /home/airflow/.local/lib/python3.8/site-packages/airflow/example_dags/example_setup_teardown.py
[2025-05-04T23:11:06.981+0000] {logging_mixin.py:188} INFO - [2025-05-04T23:11:06.981+0000] {dag.py:3033} INFO - Sync 1 DAGs
[2025-05-04T23:11:06.993+0000] {logging_mixin.py:188} INFO - [2025-05-04T23:11:06.993+0000] {dag.py:3820} INFO - Setting next_dagrun for example_setup_teardown to 2025-05-03T00:00:00+00:00, run_after=2025-05-04T00:00:00+00:00
[2025-05-04T23:11:07.003+0000] {processor.py:183} INFO - Processing /home/airflow/.local/lib/python3.8/site-packages/airflow/example_dags/example_setup_teardown.py took 0.041 seconds
[2025-05-04T23:11:37.574+0000] {processor.py:161} INFO - Started process (PID=630) to work on /home/airflow/.local/lib/python3.8/site-packages/airflow/example_dags/example_setup_teardown.py
[2025-05-04T23:11:37.575+0000] {processor.py:830} INFO - Processing file /home/airflow/.local/lib/python3.8/site-packages/airflow/example_dags/example_setup_teardown.py for tasks to queue
[2025-05-04T23:11:37.577+0000] {logging_mixin.py:188} INFO - [2025-05-04T23:11:37.576+0000] {dagbag.py:538} INFO - Filling up the DagBag from /home/airflow/.local/lib/python3.8/site-packages/airflow/example_dags/example_setup_teardown.py
[2025-05-04T23:11:37.579+0000] {processor.py:840} INFO - DAG(s) 'example_setup_teardown' retrieved from /home/airflow/.local/lib/python3.8/site-packages/airflow/example_dags/example_setup_teardown.py
[2025-05-04T23:11:37.588+0000] {logging_mixin.py:188} INFO - [2025-05-04T23:11:37.588+0000] {dag.py:3033} INFO - Sync 1 DAGs
[2025-05-04T23:11:37.596+0000] {logging_mixin.py:188} INFO - [2025-05-04T23:11:37.596+0000] {dag.py:3820} INFO - Setting next_dagrun for example_setup_teardown to 2025-05-03T00:00:00+00:00, run_after=2025-05-04T00:00:00+00:00
[2025-05-04T23:11:37.605+0000] {processor.py:183} INFO - Processing /home/airflow/.local/lib/python3.8/site-packages/airflow/example_dags/example_setup_teardown.py took 0.033 seconds
[2025-05-04T23:12:08.208+0000] {processor.py:161} INFO - Started process (PID=686) to work on /home/airflow/.local/lib/python3.8/site-packages/airflow/example_dags/example_setup_teardown.py
[2025-05-04T23:12:08.209+0000] {processor.py:830} INFO - Processing file /home/airflow/.local/lib/python3.8/site-packages/airflow/example_dags/example_setup_teardown.py for tasks to queue
[2025-05-04T23:12:08.210+0000] {logging_mixin.py:188} INFO - [2025-05-04T23:12:08.210+0000] {dagbag.py:538} INFO - Filling up the DagBag from /home/airflow/.local/lib/python3.8/site-packages/airflow/example_dags/example_setup_teardown.py
[2025-05-04T23:12:08.214+0000] {processor.py:840} INFO - DAG(s) 'example_setup_teardown' retrieved from /home/airflow/.local/lib/python3.8/site-packages/airflow/example_dags/example_setup_teardown.py
[2025-05-04T23:12:08.225+0000] {logging_mixin.py:188} INFO - [2025-05-04T23:12:08.225+0000] {dag.py:3033} INFO - Sync 1 DAGs
[2025-05-04T23:12:08.238+0000] {logging_mixin.py:188} INFO - [2025-05-04T23:12:08.238+0000] {dag.py:3820} INFO - Setting next_dagrun for example_setup_teardown to 2025-05-03T00:00:00+00:00, run_after=2025-05-04T00:00:00+00:00
[2025-05-04T23:12:08.253+0000] {processor.py:183} INFO - Processing /home/airflow/.local/lib/python3.8/site-packages/airflow/example_dags/example_setup_teardown.py took 0.047 seconds
[2025-05-04T23:12:38.861+0000] {processor.py:161} INFO - Started process (PID=742) to work on /home/airflow/.local/lib/python3.8/site-packages/airflow/example_dags/example_setup_teardown.py
[2025-05-04T23:12:38.863+0000] {processor.py:830} INFO - Processing file /home/airflow/.local/lib/python3.8/site-packages/airflow/example_dags/example_setup_teardown.py for tasks to queue
[2025-05-04T23:12:38.865+0000] {logging_mixin.py:188} INFO - [2025-05-04T23:12:38.865+0000] {dagbag.py:538} INFO - Filling up the DagBag from /home/airflow/.local/lib/python3.8/site-packages/airflow/example_dags/example_setup_teardown.py
[2025-05-04T23:12:38.869+0000] {processor.py:840} INFO - DAG(s) 'example_setup_teardown' retrieved from /home/airflow/.local/lib/python3.8/site-packages/airflow/example_dags/example_setup_teardown.py
[2025-05-04T23:12:38.885+0000] {logging_mixin.py:188} INFO - [2025-05-04T23:12:38.885+0000] {dag.py:3033} INFO - Sync 1 DAGs
[2025-05-04T23:12:38.894+0000] {logging_mixin.py:188} INFO - [2025-05-04T23:12:38.894+0000] {dag.py:3820} INFO - Setting next_dagrun for example_setup_teardown to 2025-05-03T00:00:00+00:00, run_after=2025-05-04T00:00:00+00:00
[2025-05-04T23:12:38.905+0000] {processor.py:183} INFO - Processing /home/airflow/.local/lib/python3.8/site-packages/airflow/example_dags/example_setup_teardown.py took 0.047 seconds
[2025-05-04T23:13:09.539+0000] {processor.py:161} INFO - Started process (PID=798) to work on /home/airflow/.local/lib/python3.8/site-packages/airflow/example_dags/example_setup_teardown.py
[2025-05-04T23:13:09.540+0000] {processor.py:830} INFO - Processing file /home/airflow/.local/lib/python3.8/site-packages/airflow/example_dags/example_setup_teardown.py for tasks to queue
[2025-05-04T23:13:09.542+0000] {logging_mixin.py:188} INFO - [2025-05-04T23:13:09.541+0000] {dagbag.py:538} INFO - Filling up the DagBag from /home/airflow/.local/lib/python3.8/site-packages/airflow/example_dags/example_setup_teardown.py
[2025-05-04T23:13:09.546+0000] {processor.py:840} INFO - DAG(s) 'example_setup_teardown' retrieved from /home/airflow/.local/lib/python3.8/site-packages/airflow/example_dags/example_setup_teardown.py
[2025-05-04T23:13:09.557+0000] {logging_mixin.py:188} INFO - [2025-05-04T23:13:09.557+0000] {dag.py:3033} INFO - Sync 1 DAGs
[2025-05-04T23:13:09.569+0000] {logging_mixin.py:188} INFO - [2025-05-04T23:13:09.569+0000] {dag.py:3820} INFO - Setting next_dagrun for example_setup_teardown to 2025-05-03T00:00:00+00:00, run_after=2025-05-04T00:00:00+00:00
[2025-05-04T23:13:09.576+0000] {processor.py:183} INFO - Processing /home/airflow/.local/lib/python3.8/site-packages/airflow/example_dags/example_setup_teardown.py took 0.039 seconds
[2025-05-04T23:13:40.201+0000] {processor.py:161} INFO - Started process (PID=854) to work on /home/airflow/.local/lib/python3.8/site-packages/airflow/example_dags/example_setup_teardown.py
[2025-05-04T23:13:40.202+0000] {processor.py:830} INFO - Processing file /home/airflow/.local/lib/python3.8/site-packages/airflow/example_dags/example_setup_teardown.py for tasks to queue
[2025-05-04T23:13:40.203+0000] {logging_mixin.py:188} INFO - [2025-05-04T23:13:40.202+0000] {dagbag.py:538} INFO - Filling up the DagBag from /home/airflow/.local/lib/python3.8/site-packages/airflow/example_dags/example_setup_teardown.py
[2025-05-04T23:13:40.205+0000] {processor.py:840} INFO - DAG(s) 'example_setup_teardown' retrieved from /home/airflow/.local/lib/python3.8/site-packages/airflow/example_dags/example_setup_teardown.py
[2025-05-04T23:13:40.216+0000] {logging_mixin.py:188} INFO - [2025-05-04T23:13:40.216+0000] {dag.py:3033} INFO - Sync 1 DAGs
[2025-05-04T23:13:40.227+0000] {logging_mixin.py:188} INFO - [2025-05-04T23:13:40.227+0000] {dag.py:3820} INFO - Setting next_dagrun for example_setup_teardown to 2025-05-03T00:00:00+00:00, run_after=2025-05-04T00:00:00+00:00
[2025-05-04T23:13:40.240+0000] {processor.py:183} INFO - Processing /home/airflow/.local/lib/python3.8/site-packages/airflow/example_dags/example_setup_teardown.py took 0.041 seconds
[2025-05-04T23:14:10.869+0000] {processor.py:161} INFO - Started process (PID=910) to work on /home/airflow/.local/lib/python3.8/site-packages/airflow/example_dags/example_setup_teardown.py
[2025-05-04T23:14:10.870+0000] {processor.py:830} INFO - Processing file /home/airflow/.local/lib/python3.8/site-packages/airflow/example_dags/example_setup_teardown.py for tasks to queue
[2025-05-04T23:14:10.871+0000] {logging_mixin.py:188} INFO - [2025-05-04T23:14:10.870+0000] {dagbag.py:538} INFO - Filling up the DagBag from /home/airflow/.local/lib/python3.8/site-packages/airflow/example_dags/example_setup_teardown.py
[2025-05-04T23:14:10.873+0000] {processor.py:840} INFO - DAG(s) 'example_setup_teardown' retrieved from /home/airflow/.local/lib/python3.8/site-packages/airflow/example_dags/example_setup_teardown.py
[2025-05-04T23:14:10.884+0000] {logging_mixin.py:188} INFO - [2025-05-04T23:14:10.884+0000] {dag.py:3033} INFO - Sync 1 DAGs
[2025-05-04T23:14:10.893+0000] {logging_mixin.py:188} INFO - [2025-05-04T23:14:10.893+0000] {dag.py:3820} INFO - Setting next_dagrun for example_setup_teardown to 2025-05-03T00:00:00+00:00, run_after=2025-05-04T00:00:00+00:00
[2025-05-04T23:14:10.902+0000] {processor.py:183} INFO - Processing /home/airflow/.local/lib/python3.8/site-packages/airflow/example_dags/example_setup_teardown.py took 0.035 seconds
[2025-05-04T23:14:41.852+0000] {processor.py:161} INFO - Started process (PID=966) to work on /home/airflow/.local/lib/python3.8/site-packages/airflow/example_dags/example_setup_teardown.py
[2025-05-04T23:14:41.853+0000] {processor.py:830} INFO - Processing file /home/airflow/.local/lib/python3.8/site-packages/airflow/example_dags/example_setup_teardown.py for tasks to queue
[2025-05-04T23:14:41.854+0000] {logging_mixin.py:188} INFO - [2025-05-04T23:14:41.854+0000] {dagbag.py:538} INFO - Filling up the DagBag from /home/airflow/.local/lib/python3.8/site-packages/airflow/example_dags/example_setup_teardown.py
[2025-05-04T23:14:41.858+0000] {processor.py:840} INFO - DAG(s) 'example_setup_teardown' retrieved from /home/airflow/.local/lib/python3.8/site-packages/airflow/example_dags/example_setup_teardown.py
[2025-05-04T23:14:41.868+0000] {logging_mixin.py:188} INFO - [2025-05-04T23:14:41.868+0000] {dag.py:3033} INFO - Sync 1 DAGs
[2025-05-04T23:14:41.879+0000] {logging_mixin.py:188} INFO - [2025-05-04T23:14:41.879+0000] {dag.py:3820} INFO - Setting next_dagrun for example_setup_teardown to 2025-05-03T00:00:00+00:00, run_after=2025-05-04T00:00:00+00:00
[2025-05-04T23:14:41.893+0000] {processor.py:183} INFO - Processing /home/airflow/.local/lib/python3.8/site-packages/airflow/example_dags/example_setup_teardown.py took 0.042 seconds
[2025-05-04T23:15:12.017+0000] {processor.py:161} INFO - Started process (PID=1022) to work on /home/airflow/.local/lib/python3.8/site-packages/airflow/example_dags/example_setup_teardown.py
[2025-05-04T23:15:12.019+0000] {processor.py:830} INFO - Processing file /home/airflow/.local/lib/python3.8/site-packages/airflow/example_dags/example_setup_teardown.py for tasks to queue
[2025-05-04T23:15:12.020+0000] {logging_mixin.py:188} INFO - [2025-05-04T23:15:12.019+0000] {dagbag.py:538} INFO - Filling up the DagBag from /home/airflow/.local/lib/python3.8/site-packages/airflow/example_dags/example_setup_teardown.py
[2025-05-04T23:15:12.024+0000] {processor.py:840} INFO - DAG(s) 'example_setup_teardown' retrieved from /home/airflow/.local/lib/python3.8/site-packages/airflow/example_dags/example_setup_teardown.py
[2025-05-04T23:15:12.037+0000] {logging_mixin.py:188} INFO - [2025-05-04T23:15:12.037+0000] {dag.py:3033} INFO - Sync 1 DAGs
[2025-05-04T23:15:12.046+0000] {logging_mixin.py:188} INFO - [2025-05-04T23:15:12.046+0000] {dag.py:3820} INFO - Setting next_dagrun for example_setup_teardown to 2025-05-03T00:00:00+00:00, run_after=2025-05-04T00:00:00+00:00
[2025-05-04T23:15:12.057+0000] {processor.py:183} INFO - Processing /home/airflow/.local/lib/python3.8/site-packages/airflow/example_dags/example_setup_teardown.py took 0.041 seconds
[2025-05-04T23:15:42.546+0000] {processor.py:161} INFO - Started process (PID=1078) to work on /home/airflow/.local/lib/python3.8/site-packages/airflow/example_dags/example_setup_teardown.py
[2025-05-04T23:15:42.547+0000] {processor.py:830} INFO - Processing file /home/airflow/.local/lib/python3.8/site-packages/airflow/example_dags/example_setup_teardown.py for tasks to queue
[2025-05-04T23:15:42.548+0000] {logging_mixin.py:188} INFO - [2025-05-04T23:15:42.548+0000] {dagbag.py:538} INFO - Filling up the DagBag from /home/airflow/.local/lib/python3.8/site-packages/airflow/example_dags/example_setup_teardown.py
[2025-05-04T23:15:42.551+0000] {processor.py:840} INFO - DAG(s) 'example_setup_teardown' retrieved from /home/airflow/.local/lib/python3.8/site-packages/airflow/example_dags/example_setup_teardown.py
[2025-05-04T23:15:42.560+0000] {logging_mixin.py:188} INFO - [2025-05-04T23:15:42.560+0000] {dag.py:3033} INFO - Sync 1 DAGs
[2025-05-04T23:15:42.570+0000] {logging_mixin.py:188} INFO - [2025-05-04T23:15:42.570+0000] {dag.py:3820} INFO - Setting next_dagrun for example_setup_teardown to 2025-05-03T00:00:00+00:00, run_after=2025-05-04T00:00:00+00:00
[2025-05-04T23:15:42.585+0000] {processor.py:183} INFO - Processing /home/airflow/.local/lib/python3.8/site-packages/airflow/example_dags/example_setup_teardown.py took 0.041 seconds
[2025-05-04T23:18:31.779+0000] {processor.py:161} INFO - Started process (PID=65) to work on /home/airflow/.local/lib/python3.8/site-packages/airflow/example_dags/example_setup_teardown.py
[2025-05-04T23:18:31.781+0000] {processor.py:830} INFO - Processing file /home/airflow/.local/lib/python3.8/site-packages/airflow/example_dags/example_setup_teardown.py for tasks to queue
[2025-05-04T23:18:31.783+0000] {logging_mixin.py:188} INFO - [2025-05-04T23:18:31.783+0000] {dagbag.py:538} INFO - Filling up the DagBag from /home/airflow/.local/lib/python3.8/site-packages/airflow/example_dags/example_setup_teardown.py
[2025-05-04T23:18:31.788+0000] {processor.py:840} INFO - DAG(s) 'example_setup_teardown' retrieved from /home/airflow/.local/lib/python3.8/site-packages/airflow/example_dags/example_setup_teardown.py
[2025-05-04T23:18:31.804+0000] {logging_mixin.py:188} INFO - [2025-05-04T23:18:31.804+0000] {dag.py:3033} INFO - Sync 1 DAGs
[2025-05-04T23:18:31.822+0000] {logging_mixin.py:188} INFO - [2025-05-04T23:18:31.822+0000] {dag.py:3820} INFO - Setting next_dagrun for example_setup_teardown to 2025-05-03T00:00:00+00:00, run_after=2025-05-04T00:00:00+00:00
[2025-05-04T23:18:31.844+0000] {processor.py:183} INFO - Processing /home/airflow/.local/lib/python3.8/site-packages/airflow/example_dags/example_setup_teardown.py took 0.067 seconds
[2025-05-04T23:19:01.988+0000] {processor.py:161} INFO - Started process (PID=121) to work on /home/airflow/.local/lib/python3.8/site-packages/airflow/example_dags/example_setup_teardown.py
[2025-05-04T23:19:01.989+0000] {processor.py:830} INFO - Processing file /home/airflow/.local/lib/python3.8/site-packages/airflow/example_dags/example_setup_teardown.py for tasks to queue
[2025-05-04T23:19:01.990+0000] {logging_mixin.py:188} INFO - [2025-05-04T23:19:01.990+0000] {dagbag.py:538} INFO - Filling up the DagBag from /home/airflow/.local/lib/python3.8/site-packages/airflow/example_dags/example_setup_teardown.py
[2025-05-04T23:19:01.993+0000] {processor.py:840} INFO - DAG(s) 'example_setup_teardown' retrieved from /home/airflow/.local/lib/python3.8/site-packages/airflow/example_dags/example_setup_teardown.py
[2025-05-04T23:19:02.038+0000] {logging_mixin.py:188} INFO - [2025-05-04T23:19:02.038+0000] {dag.py:3033} INFO - Sync 1 DAGs
[2025-05-04T23:19:02.049+0000] {logging_mixin.py:188} INFO - [2025-05-04T23:19:02.049+0000] {dag.py:3820} INFO - Setting next_dagrun for example_setup_teardown to 2025-05-03T00:00:00+00:00, run_after=2025-05-04T00:00:00+00:00
[2025-05-04T23:19:02.056+0000] {processor.py:183} INFO - Processing /home/airflow/.local/lib/python3.8/site-packages/airflow/example_dags/example_setup_teardown.py took 0.070 seconds
[2025-05-04T23:19:32.268+0000] {processor.py:161} INFO - Started process (PID=177) to work on /home/airflow/.local/lib/python3.8/site-packages/airflow/example_dags/example_setup_teardown.py
[2025-05-04T23:19:32.270+0000] {processor.py:830} INFO - Processing file /home/airflow/.local/lib/python3.8/site-packages/airflow/example_dags/example_setup_teardown.py for tasks to queue
[2025-05-04T23:19:32.271+0000] {logging_mixin.py:188} INFO - [2025-05-04T23:19:32.271+0000] {dagbag.py:538} INFO - Filling up the DagBag from /home/airflow/.local/lib/python3.8/site-packages/airflow/example_dags/example_setup_teardown.py
[2025-05-04T23:19:32.274+0000] {processor.py:840} INFO - DAG(s) 'example_setup_teardown' retrieved from /home/airflow/.local/lib/python3.8/site-packages/airflow/example_dags/example_setup_teardown.py
[2025-05-04T23:19:32.282+0000] {logging_mixin.py:188} INFO - [2025-05-04T23:19:32.282+0000] {dag.py:3033} INFO - Sync 1 DAGs
[2025-05-04T23:19:32.291+0000] {logging_mixin.py:188} INFO - [2025-05-04T23:19:32.291+0000] {dag.py:3820} INFO - Setting next_dagrun for example_setup_teardown to 2025-05-03T00:00:00+00:00, run_after=2025-05-04T00:00:00+00:00
[2025-05-04T23:19:32.301+0000] {processor.py:183} INFO - Processing /home/airflow/.local/lib/python3.8/site-packages/airflow/example_dags/example_setup_teardown.py took 0.035 seconds
[2025-05-04T23:20:02.905+0000] {processor.py:161} INFO - Started process (PID=233) to work on /home/airflow/.local/lib/python3.8/site-packages/airflow/example_dags/example_setup_teardown.py
[2025-05-04T23:20:02.906+0000] {processor.py:830} INFO - Processing file /home/airflow/.local/lib/python3.8/site-packages/airflow/example_dags/example_setup_teardown.py for tasks to queue
[2025-05-04T23:20:02.907+0000] {logging_mixin.py:188} INFO - [2025-05-04T23:20:02.907+0000] {dagbag.py:538} INFO - Filling up the DagBag from /home/airflow/.local/lib/python3.8/site-packages/airflow/example_dags/example_setup_teardown.py
[2025-05-04T23:20:02.910+0000] {processor.py:840} INFO - DAG(s) 'example_setup_teardown' retrieved from /home/airflow/.local/lib/python3.8/site-packages/airflow/example_dags/example_setup_teardown.py
[2025-05-04T23:20:02.924+0000] {logging_mixin.py:188} INFO - [2025-05-04T23:20:02.924+0000] {dag.py:3033} INFO - Sync 1 DAGs
[2025-05-04T23:20:02.934+0000] {logging_mixin.py:188} INFO - [2025-05-04T23:20:02.934+0000] {dag.py:3820} INFO - Setting next_dagrun for example_setup_teardown to 2025-05-03T00:00:00+00:00, run_after=2025-05-04T00:00:00+00:00
[2025-05-04T23:20:02.946+0000] {processor.py:183} INFO - Processing /home/airflow/.local/lib/python3.8/site-packages/airflow/example_dags/example_setup_teardown.py took 0.043 seconds
[2025-05-04T23:20:33.780+0000] {processor.py:161} INFO - Started process (PID=288) to work on /home/airflow/.local/lib/python3.8/site-packages/airflow/example_dags/example_setup_teardown.py
[2025-05-04T23:20:33.781+0000] {processor.py:830} INFO - Processing file /home/airflow/.local/lib/python3.8/site-packages/airflow/example_dags/example_setup_teardown.py for tasks to queue
[2025-05-04T23:20:33.783+0000] {logging_mixin.py:188} INFO - [2025-05-04T23:20:33.782+0000] {dagbag.py:538} INFO - Filling up the DagBag from /home/airflow/.local/lib/python3.8/site-packages/airflow/example_dags/example_setup_teardown.py
[2025-05-04T23:20:33.788+0000] {processor.py:840} INFO - DAG(s) 'example_setup_teardown' retrieved from /home/airflow/.local/lib/python3.8/site-packages/airflow/example_dags/example_setup_teardown.py
[2025-05-04T23:20:33.800+0000] {logging_mixin.py:188} INFO - [2025-05-04T23:20:33.800+0000] {dag.py:3033} INFO - Sync 1 DAGs
[2025-05-04T23:20:33.808+0000] {logging_mixin.py:188} INFO - [2025-05-04T23:20:33.808+0000] {dag.py:3820} INFO - Setting next_dagrun for example_setup_teardown to 2025-05-03T00:00:00+00:00, run_after=2025-05-04T00:00:00+00:00
[2025-05-04T23:20:33.815+0000] {processor.py:183} INFO - Processing /home/airflow/.local/lib/python3.8/site-packages/airflow/example_dags/example_setup_teardown.py took 0.037 seconds
[2025-05-04T23:21:03.919+0000] {processor.py:161} INFO - Started process (PID=344) to work on /home/airflow/.local/lib/python3.8/site-packages/airflow/example_dags/example_setup_teardown.py
[2025-05-04T23:21:03.919+0000] {processor.py:830} INFO - Processing file /home/airflow/.local/lib/python3.8/site-packages/airflow/example_dags/example_setup_teardown.py for tasks to queue
[2025-05-04T23:21:03.920+0000] {logging_mixin.py:188} INFO - [2025-05-04T23:21:03.920+0000] {dagbag.py:538} INFO - Filling up the DagBag from /home/airflow/.local/lib/python3.8/site-packages/airflow/example_dags/example_setup_teardown.py
[2025-05-04T23:21:03.923+0000] {processor.py:840} INFO - DAG(s) 'example_setup_teardown' retrieved from /home/airflow/.local/lib/python3.8/site-packages/airflow/example_dags/example_setup_teardown.py
[2025-05-04T23:21:03.931+0000] {logging_mixin.py:188} INFO - [2025-05-04T23:21:03.930+0000] {dag.py:3033} INFO - Sync 1 DAGs
[2025-05-04T23:21:03.941+0000] {logging_mixin.py:188} INFO - [2025-05-04T23:21:03.941+0000] {dag.py:3820} INFO - Setting next_dagrun for example_setup_teardown to 2025-05-03T00:00:00+00:00, run_after=2025-05-04T00:00:00+00:00
[2025-05-04T23:21:03.950+0000] {processor.py:183} INFO - Processing /home/airflow/.local/lib/python3.8/site-packages/airflow/example_dags/example_setup_teardown.py took 0.033 seconds
[2025-05-04T23:21:34.559+0000] {processor.py:161} INFO - Started process (PID=400) to work on /home/airflow/.local/lib/python3.8/site-packages/airflow/example_dags/example_setup_teardown.py
[2025-05-04T23:21:34.560+0000] {processor.py:830} INFO - Processing file /home/airflow/.local/lib/python3.8/site-packages/airflow/example_dags/example_setup_teardown.py for tasks to queue
[2025-05-04T23:21:34.562+0000] {logging_mixin.py:188} INFO - [2025-05-04T23:21:34.562+0000] {dagbag.py:538} INFO - Filling up the DagBag from /home/airflow/.local/lib/python3.8/site-packages/airflow/example_dags/example_setup_teardown.py
[2025-05-04T23:21:34.565+0000] {processor.py:840} INFO - DAG(s) 'example_setup_teardown' retrieved from /home/airflow/.local/lib/python3.8/site-packages/airflow/example_dags/example_setup_teardown.py
[2025-05-04T23:21:34.577+0000] {logging_mixin.py:188} INFO - [2025-05-04T23:21:34.577+0000] {dag.py:3033} INFO - Sync 1 DAGs
[2025-05-04T23:21:34.586+0000] {logging_mixin.py:188} INFO - [2025-05-04T23:21:34.586+0000] {dag.py:3820} INFO - Setting next_dagrun for example_setup_teardown to 2025-05-03T00:00:00+00:00, run_after=2025-05-04T00:00:00+00:00
[2025-05-04T23:21:34.596+0000] {processor.py:183} INFO - Processing /home/airflow/.local/lib/python3.8/site-packages/airflow/example_dags/example_setup_teardown.py took 0.039 seconds
[2025-05-04T23:22:05.263+0000] {processor.py:161} INFO - Started process (PID=456) to work on /home/airflow/.local/lib/python3.8/site-packages/airflow/example_dags/example_setup_teardown.py
[2025-05-04T23:22:05.264+0000] {processor.py:830} INFO - Processing file /home/airflow/.local/lib/python3.8/site-packages/airflow/example_dags/example_setup_teardown.py for tasks to queue
[2025-05-04T23:22:05.265+0000] {logging_mixin.py:188} INFO - [2025-05-04T23:22:05.265+0000] {dagbag.py:538} INFO - Filling up the DagBag from /home/airflow/.local/lib/python3.8/site-packages/airflow/example_dags/example_setup_teardown.py
[2025-05-04T23:22:05.268+0000] {processor.py:840} INFO - DAG(s) 'example_setup_teardown' retrieved from /home/airflow/.local/lib/python3.8/site-packages/airflow/example_dags/example_setup_teardown.py
[2025-05-04T23:22:05.277+0000] {logging_mixin.py:188} INFO - [2025-05-04T23:22:05.277+0000] {dag.py:3033} INFO - Sync 1 DAGs
[2025-05-04T23:22:05.288+0000] {logging_mixin.py:188} INFO - [2025-05-04T23:22:05.288+0000] {dag.py:3820} INFO - Setting next_dagrun for example_setup_teardown to 2025-05-03T00:00:00+00:00, run_after=2025-05-04T00:00:00+00:00
[2025-05-04T23:22:05.303+0000] {processor.py:183} INFO - Processing /home/airflow/.local/lib/python3.8/site-packages/airflow/example_dags/example_setup_teardown.py took 0.041 seconds
[2025-05-04T23:22:35.799+0000] {processor.py:161} INFO - Started process (PID=512) to work on /home/airflow/.local/lib/python3.8/site-packages/airflow/example_dags/example_setup_teardown.py
[2025-05-04T23:22:35.801+0000] {processor.py:830} INFO - Processing file /home/airflow/.local/lib/python3.8/site-packages/airflow/example_dags/example_setup_teardown.py for tasks to queue
[2025-05-04T23:22:35.802+0000] {logging_mixin.py:188} INFO - [2025-05-04T23:22:35.802+0000] {dagbag.py:538} INFO - Filling up the DagBag from /home/airflow/.local/lib/python3.8/site-packages/airflow/example_dags/example_setup_teardown.py
[2025-05-04T23:22:35.806+0000] {processor.py:840} INFO - DAG(s) 'example_setup_teardown' retrieved from /home/airflow/.local/lib/python3.8/site-packages/airflow/example_dags/example_setup_teardown.py
[2025-05-04T23:22:35.818+0000] {logging_mixin.py:188} INFO - [2025-05-04T23:22:35.818+0000] {dag.py:3033} INFO - Sync 1 DAGs
[2025-05-04T23:22:35.833+0000] {logging_mixin.py:188} INFO - [2025-05-04T23:22:35.833+0000] {dag.py:3820} INFO - Setting next_dagrun for example_setup_teardown to 2025-05-03T00:00:00+00:00, run_after=2025-05-04T00:00:00+00:00
[2025-05-04T23:22:35.844+0000] {processor.py:183} INFO - Processing /home/airflow/.local/lib/python3.8/site-packages/airflow/example_dags/example_setup_teardown.py took 0.047 seconds
[2025-05-04T23:23:06.362+0000] {processor.py:161} INFO - Started process (PID=568) to work on /home/airflow/.local/lib/python3.8/site-packages/airflow/example_dags/example_setup_teardown.py
[2025-05-04T23:23:06.364+0000] {processor.py:830} INFO - Processing file /home/airflow/.local/lib/python3.8/site-packages/airflow/example_dags/example_setup_teardown.py for tasks to queue
[2025-05-04T23:23:06.365+0000] {logging_mixin.py:188} INFO - [2025-05-04T23:23:06.365+0000] {dagbag.py:538} INFO - Filling up the DagBag from /home/airflow/.local/lib/python3.8/site-packages/airflow/example_dags/example_setup_teardown.py
[2025-05-04T23:23:06.368+0000] {processor.py:840} INFO - DAG(s) 'example_setup_teardown' retrieved from /home/airflow/.local/lib/python3.8/site-packages/airflow/example_dags/example_setup_teardown.py
[2025-05-04T23:23:06.379+0000] {logging_mixin.py:188} INFO - [2025-05-04T23:23:06.379+0000] {dag.py:3033} INFO - Sync 1 DAGs
[2025-05-04T23:23:06.390+0000] {logging_mixin.py:188} INFO - [2025-05-04T23:23:06.390+0000] {dag.py:3820} INFO - Setting next_dagrun for example_setup_teardown to 2025-05-03T00:00:00+00:00, run_after=2025-05-04T00:00:00+00:00
[2025-05-04T23:23:06.399+0000] {processor.py:183} INFO - Processing /home/airflow/.local/lib/python3.8/site-packages/airflow/example_dags/example_setup_teardown.py took 0.039 seconds
[2025-05-04T23:24:31.050+0000] {processor.py:161} INFO - Started process (PID=65) to work on /home/airflow/.local/lib/python3.8/site-packages/airflow/example_dags/example_setup_teardown.py
[2025-05-04T23:24:31.052+0000] {processor.py:830} INFO - Processing file /home/airflow/.local/lib/python3.8/site-packages/airflow/example_dags/example_setup_teardown.py for tasks to queue
[2025-05-04T23:24:31.053+0000] {logging_mixin.py:188} INFO - [2025-05-04T23:24:31.053+0000] {dagbag.py:538} INFO - Filling up the DagBag from /home/airflow/.local/lib/python3.8/site-packages/airflow/example_dags/example_setup_teardown.py
[2025-05-04T23:24:31.056+0000] {processor.py:840} INFO - DAG(s) 'example_setup_teardown' retrieved from /home/airflow/.local/lib/python3.8/site-packages/airflow/example_dags/example_setup_teardown.py
[2025-05-04T23:24:31.066+0000] {logging_mixin.py:188} INFO - [2025-05-04T23:24:31.066+0000] {dag.py:3033} INFO - Sync 1 DAGs
[2025-05-04T23:24:31.090+0000] {logging_mixin.py:188} INFO - [2025-05-04T23:24:31.090+0000] {dag.py:3820} INFO - Setting next_dagrun for example_setup_teardown to 2025-05-03T00:00:00+00:00, run_after=2025-05-04T00:00:00+00:00
[2025-05-04T23:24:31.101+0000] {processor.py:183} INFO - Processing /home/airflow/.local/lib/python3.8/site-packages/airflow/example_dags/example_setup_teardown.py took 0.054 seconds
[2025-05-04T23:25:01.501+0000] {processor.py:161} INFO - Started process (PID=121) to work on /home/airflow/.local/lib/python3.8/site-packages/airflow/example_dags/example_setup_teardown.py
[2025-05-04T23:25:01.502+0000] {processor.py:830} INFO - Processing file /home/airflow/.local/lib/python3.8/site-packages/airflow/example_dags/example_setup_teardown.py for tasks to queue
[2025-05-04T23:25:01.503+0000] {logging_mixin.py:188} INFO - [2025-05-04T23:25:01.503+0000] {dagbag.py:538} INFO - Filling up the DagBag from /home/airflow/.local/lib/python3.8/site-packages/airflow/example_dags/example_setup_teardown.py
[2025-05-04T23:25:01.506+0000] {processor.py:840} INFO - DAG(s) 'example_setup_teardown' retrieved from /home/airflow/.local/lib/python3.8/site-packages/airflow/example_dags/example_setup_teardown.py
[2025-05-04T23:25:01.556+0000] {logging_mixin.py:188} INFO - [2025-05-04T23:25:01.556+0000] {dag.py:3033} INFO - Sync 1 DAGs
[2025-05-04T23:25:01.565+0000] {logging_mixin.py:188} INFO - [2025-05-04T23:25:01.565+0000] {dag.py:3820} INFO - Setting next_dagrun for example_setup_teardown to 2025-05-03T00:00:00+00:00, run_after=2025-05-04T00:00:00+00:00
[2025-05-04T23:25:01.575+0000] {processor.py:183} INFO - Processing /home/airflow/.local/lib/python3.8/site-packages/airflow/example_dags/example_setup_teardown.py took 0.076 seconds
[2025-05-04T23:25:32.543+0000] {processor.py:161} INFO - Started process (PID=176) to work on /home/airflow/.local/lib/python3.8/site-packages/airflow/example_dags/example_setup_teardown.py
[2025-05-04T23:25:32.545+0000] {processor.py:830} INFO - Processing file /home/airflow/.local/lib/python3.8/site-packages/airflow/example_dags/example_setup_teardown.py for tasks to queue
[2025-05-04T23:25:32.546+0000] {logging_mixin.py:188} INFO - [2025-05-04T23:25:32.546+0000] {dagbag.py:538} INFO - Filling up the DagBag from /home/airflow/.local/lib/python3.8/site-packages/airflow/example_dags/example_setup_teardown.py
[2025-05-04T23:25:32.553+0000] {processor.py:840} INFO - DAG(s) 'example_setup_teardown' retrieved from /home/airflow/.local/lib/python3.8/site-packages/airflow/example_dags/example_setup_teardown.py
[2025-05-04T23:25:32.577+0000] {logging_mixin.py:188} INFO - [2025-05-04T23:25:32.577+0000] {dag.py:3033} INFO - Sync 1 DAGs
[2025-05-04T23:25:32.589+0000] {logging_mixin.py:188} INFO - [2025-05-04T23:25:32.589+0000] {dag.py:3820} INFO - Setting next_dagrun for example_setup_teardown to 2025-05-03T00:00:00+00:00, run_after=2025-05-04T00:00:00+00:00
[2025-05-04T23:25:32.602+0000] {processor.py:183} INFO - Processing /home/airflow/.local/lib/python3.8/site-packages/airflow/example_dags/example_setup_teardown.py took 0.060 seconds
[2025-05-04T23:26:03.326+0000] {processor.py:161} INFO - Started process (PID=232) to work on /home/airflow/.local/lib/python3.8/site-packages/airflow/example_dags/example_setup_teardown.py
[2025-05-04T23:26:03.327+0000] {processor.py:830} INFO - Processing file /home/airflow/.local/lib/python3.8/site-packages/airflow/example_dags/example_setup_teardown.py for tasks to queue
[2025-05-04T23:26:03.329+0000] {logging_mixin.py:188} INFO - [2025-05-04T23:26:03.329+0000] {dagbag.py:538} INFO - Filling up the DagBag from /home/airflow/.local/lib/python3.8/site-packages/airflow/example_dags/example_setup_teardown.py
[2025-05-04T23:26:03.335+0000] {processor.py:840} INFO - DAG(s) 'example_setup_teardown' retrieved from /home/airflow/.local/lib/python3.8/site-packages/airflow/example_dags/example_setup_teardown.py
[2025-05-04T23:26:03.358+0000] {logging_mixin.py:188} INFO - [2025-05-04T23:26:03.358+0000] {dag.py:3033} INFO - Sync 1 DAGs
[2025-05-04T23:26:03.377+0000] {logging_mixin.py:188} INFO - [2025-05-04T23:26:03.377+0000] {dag.py:3820} INFO - Setting next_dagrun for example_setup_teardown to 2025-05-03T00:00:00+00:00, run_after=2025-05-04T00:00:00+00:00
[2025-05-04T23:26:03.392+0000] {processor.py:183} INFO - Processing /home/airflow/.local/lib/python3.8/site-packages/airflow/example_dags/example_setup_teardown.py took 0.069 seconds
[2025-05-04T23:26:34.132+0000] {processor.py:161} INFO - Started process (PID=288) to work on /home/airflow/.local/lib/python3.8/site-packages/airflow/example_dags/example_setup_teardown.py
[2025-05-04T23:26:34.133+0000] {processor.py:830} INFO - Processing file /home/airflow/.local/lib/python3.8/site-packages/airflow/example_dags/example_setup_teardown.py for tasks to queue
[2025-05-04T23:26:34.135+0000] {logging_mixin.py:188} INFO - [2025-05-04T23:26:34.135+0000] {dagbag.py:538} INFO - Filling up the DagBag from /home/airflow/.local/lib/python3.8/site-packages/airflow/example_dags/example_setup_teardown.py
[2025-05-04T23:26:34.141+0000] {processor.py:840} INFO - DAG(s) 'example_setup_teardown' retrieved from /home/airflow/.local/lib/python3.8/site-packages/airflow/example_dags/example_setup_teardown.py
[2025-05-04T23:26:34.163+0000] {logging_mixin.py:188} INFO - [2025-05-04T23:26:34.163+0000] {dag.py:3033} INFO - Sync 1 DAGs
[2025-05-04T23:26:34.180+0000] {logging_mixin.py:188} INFO - [2025-05-04T23:26:34.180+0000] {dag.py:3820} INFO - Setting next_dagrun for example_setup_teardown to 2025-05-03T00:00:00+00:00, run_after=2025-05-04T00:00:00+00:00
[2025-05-04T23:26:34.193+0000] {processor.py:183} INFO - Processing /home/airflow/.local/lib/python3.8/site-packages/airflow/example_dags/example_setup_teardown.py took 0.064 seconds
[2025-05-04T23:27:04.863+0000] {processor.py:161} INFO - Started process (PID=350) to work on /home/airflow/.local/lib/python3.8/site-packages/airflow/example_dags/example_setup_teardown.py
[2025-05-04T23:27:04.864+0000] {processor.py:830} INFO - Processing file /home/airflow/.local/lib/python3.8/site-packages/airflow/example_dags/example_setup_teardown.py for tasks to queue
[2025-05-04T23:27:04.866+0000] {logging_mixin.py:188} INFO - [2025-05-04T23:27:04.866+0000] {dagbag.py:538} INFO - Filling up the DagBag from /home/airflow/.local/lib/python3.8/site-packages/airflow/example_dags/example_setup_teardown.py
[2025-05-04T23:27:04.871+0000] {processor.py:840} INFO - DAG(s) 'example_setup_teardown' retrieved from /home/airflow/.local/lib/python3.8/site-packages/airflow/example_dags/example_setup_teardown.py
[2025-05-04T23:27:04.890+0000] {logging_mixin.py:188} INFO - [2025-05-04T23:27:04.890+0000] {dag.py:3033} INFO - Sync 1 DAGs
[2025-05-04T23:27:04.906+0000] {logging_mixin.py:188} INFO - [2025-05-04T23:27:04.905+0000] {dag.py:3820} INFO - Setting next_dagrun for example_setup_teardown to 2025-05-03T00:00:00+00:00, run_after=2025-05-04T00:00:00+00:00
[2025-05-04T23:27:04.918+0000] {processor.py:183} INFO - Processing /home/airflow/.local/lib/python3.8/site-packages/airflow/example_dags/example_setup_teardown.py took 0.059 seconds
[2025-05-04T23:27:35.505+0000] {processor.py:161} INFO - Started process (PID=406) to work on /home/airflow/.local/lib/python3.8/site-packages/airflow/example_dags/example_setup_teardown.py
[2025-05-04T23:27:35.507+0000] {processor.py:830} INFO - Processing file /home/airflow/.local/lib/python3.8/site-packages/airflow/example_dags/example_setup_teardown.py for tasks to queue
[2025-05-04T23:27:35.508+0000] {logging_mixin.py:188} INFO - [2025-05-04T23:27:35.508+0000] {dagbag.py:538} INFO - Filling up the DagBag from /home/airflow/.local/lib/python3.8/site-packages/airflow/example_dags/example_setup_teardown.py
[2025-05-04T23:27:35.515+0000] {processor.py:840} INFO - DAG(s) 'example_setup_teardown' retrieved from /home/airflow/.local/lib/python3.8/site-packages/airflow/example_dags/example_setup_teardown.py
[2025-05-04T23:27:35.529+0000] {logging_mixin.py:188} INFO - [2025-05-04T23:27:35.529+0000] {dag.py:3033} INFO - Sync 1 DAGs
[2025-05-04T23:27:35.543+0000] {logging_mixin.py:188} INFO - [2025-05-04T23:27:35.543+0000] {dag.py:3820} INFO - Setting next_dagrun for example_setup_teardown to 2025-05-03T00:00:00+00:00, run_after=2025-05-04T00:00:00+00:00
[2025-05-04T23:27:35.555+0000] {processor.py:183} INFO - Processing /home/airflow/.local/lib/python3.8/site-packages/airflow/example_dags/example_setup_teardown.py took 0.053 seconds
[2025-05-04T23:28:24.357+0000] {processor.py:161} INFO - Started process (PID=65) to work on /home/airflow/.local/lib/python3.8/site-packages/airflow/example_dags/example_setup_teardown.py
[2025-05-04T23:28:24.359+0000] {processor.py:830} INFO - Processing file /home/airflow/.local/lib/python3.8/site-packages/airflow/example_dags/example_setup_teardown.py for tasks to queue
[2025-05-04T23:28:24.360+0000] {logging_mixin.py:188} INFO - [2025-05-04T23:28:24.360+0000] {dagbag.py:538} INFO - Filling up the DagBag from /home/airflow/.local/lib/python3.8/site-packages/airflow/example_dags/example_setup_teardown.py
[2025-05-04T23:28:24.364+0000] {processor.py:840} INFO - DAG(s) 'example_setup_teardown' retrieved from /home/airflow/.local/lib/python3.8/site-packages/airflow/example_dags/example_setup_teardown.py
[2025-05-04T23:28:24.374+0000] {logging_mixin.py:188} INFO - [2025-05-04T23:28:24.374+0000] {dag.py:3033} INFO - Sync 1 DAGs
[2025-05-04T23:28:24.388+0000] {logging_mixin.py:188} INFO - [2025-05-04T23:28:24.388+0000] {dag.py:3820} INFO - Setting next_dagrun for example_setup_teardown to 2025-05-03T00:00:00+00:00, run_after=2025-05-04T00:00:00+00:00
[2025-05-04T23:28:24.411+0000] {processor.py:183} INFO - Processing /home/airflow/.local/lib/python3.8/site-packages/airflow/example_dags/example_setup_teardown.py took 0.056 seconds
[2025-05-04T23:28:55.395+0000] {processor.py:161} INFO - Started process (PID=121) to work on /home/airflow/.local/lib/python3.8/site-packages/airflow/example_dags/example_setup_teardown.py
[2025-05-04T23:28:55.395+0000] {processor.py:830} INFO - Processing file /home/airflow/.local/lib/python3.8/site-packages/airflow/example_dags/example_setup_teardown.py for tasks to queue
[2025-05-04T23:28:55.396+0000] {logging_mixin.py:188} INFO - [2025-05-04T23:28:55.396+0000] {dagbag.py:538} INFO - Filling up the DagBag from /home/airflow/.local/lib/python3.8/site-packages/airflow/example_dags/example_setup_teardown.py
[2025-05-04T23:28:55.399+0000] {processor.py:840} INFO - DAG(s) 'example_setup_teardown' retrieved from /home/airflow/.local/lib/python3.8/site-packages/airflow/example_dags/example_setup_teardown.py
[2025-05-04T23:28:55.439+0000] {logging_mixin.py:188} INFO - [2025-05-04T23:28:55.439+0000] {dag.py:3033} INFO - Sync 1 DAGs
[2025-05-04T23:28:55.455+0000] {logging_mixin.py:188} INFO - [2025-05-04T23:28:55.455+0000] {dag.py:3820} INFO - Setting next_dagrun for example_setup_teardown to 2025-05-03T00:00:00+00:00, run_after=2025-05-04T00:00:00+00:00
[2025-05-04T23:28:55.473+0000] {processor.py:183} INFO - Processing /home/airflow/.local/lib/python3.8/site-packages/airflow/example_dags/example_setup_teardown.py took 0.080 seconds
[2025-05-04T23:29:25.610+0000] {processor.py:161} INFO - Started process (PID=177) to work on /home/airflow/.local/lib/python3.8/site-packages/airflow/example_dags/example_setup_teardown.py
[2025-05-04T23:29:25.610+0000] {processor.py:830} INFO - Processing file /home/airflow/.local/lib/python3.8/site-packages/airflow/example_dags/example_setup_teardown.py for tasks to queue
[2025-05-04T23:29:25.611+0000] {logging_mixin.py:188} INFO - [2025-05-04T23:29:25.611+0000] {dagbag.py:538} INFO - Filling up the DagBag from /home/airflow/.local/lib/python3.8/site-packages/airflow/example_dags/example_setup_teardown.py
[2025-05-04T23:29:25.614+0000] {processor.py:840} INFO - DAG(s) 'example_setup_teardown' retrieved from /home/airflow/.local/lib/python3.8/site-packages/airflow/example_dags/example_setup_teardown.py
[2025-05-04T23:29:25.625+0000] {logging_mixin.py:188} INFO - [2025-05-04T23:29:25.625+0000] {dag.py:3033} INFO - Sync 1 DAGs
[2025-05-04T23:29:25.638+0000] {logging_mixin.py:188} INFO - [2025-05-04T23:29:25.638+0000] {dag.py:3820} INFO - Setting next_dagrun for example_setup_teardown to 2025-05-03T00:00:00+00:00, run_after=2025-05-04T00:00:00+00:00
[2025-05-04T23:29:25.650+0000] {processor.py:183} INFO - Processing /home/airflow/.local/lib/python3.8/site-packages/airflow/example_dags/example_setup_teardown.py took 0.041 seconds
[2025-05-04T23:29:56.327+0000] {processor.py:161} INFO - Started process (PID=233) to work on /home/airflow/.local/lib/python3.8/site-packages/airflow/example_dags/example_setup_teardown.py
[2025-05-04T23:29:56.328+0000] {processor.py:830} INFO - Processing file /home/airflow/.local/lib/python3.8/site-packages/airflow/example_dags/example_setup_teardown.py for tasks to queue
[2025-05-04T23:29:56.330+0000] {logging_mixin.py:188} INFO - [2025-05-04T23:29:56.330+0000] {dagbag.py:538} INFO - Filling up the DagBag from /home/airflow/.local/lib/python3.8/site-packages/airflow/example_dags/example_setup_teardown.py
[2025-05-04T23:29:56.333+0000] {processor.py:840} INFO - DAG(s) 'example_setup_teardown' retrieved from /home/airflow/.local/lib/python3.8/site-packages/airflow/example_dags/example_setup_teardown.py
[2025-05-04T23:29:56.346+0000] {logging_mixin.py:188} INFO - [2025-05-04T23:29:56.346+0000] {dag.py:3033} INFO - Sync 1 DAGs
[2025-05-04T23:29:56.356+0000] {logging_mixin.py:188} INFO - [2025-05-04T23:29:56.356+0000] {dag.py:3820} INFO - Setting next_dagrun for example_setup_teardown to 2025-05-03T00:00:00+00:00, run_after=2025-05-04T00:00:00+00:00
[2025-05-04T23:29:56.362+0000] {processor.py:183} INFO - Processing /home/airflow/.local/lib/python3.8/site-packages/airflow/example_dags/example_setup_teardown.py took 0.037 seconds
[2025-05-04T23:30:27.135+0000] {processor.py:161} INFO - Started process (PID=289) to work on /home/airflow/.local/lib/python3.8/site-packages/airflow/example_dags/example_setup_teardown.py
[2025-05-04T23:30:27.136+0000] {processor.py:830} INFO - Processing file /home/airflow/.local/lib/python3.8/site-packages/airflow/example_dags/example_setup_teardown.py for tasks to queue
[2025-05-04T23:30:27.137+0000] {logging_mixin.py:188} INFO - [2025-05-04T23:30:27.137+0000] {dagbag.py:538} INFO - Filling up the DagBag from /home/airflow/.local/lib/python3.8/site-packages/airflow/example_dags/example_setup_teardown.py
[2025-05-04T23:30:27.140+0000] {processor.py:840} INFO - DAG(s) 'example_setup_teardown' retrieved from /home/airflow/.local/lib/python3.8/site-packages/airflow/example_dags/example_setup_teardown.py
[2025-05-04T23:30:27.149+0000] {logging_mixin.py:188} INFO - [2025-05-04T23:30:27.149+0000] {dag.py:3033} INFO - Sync 1 DAGs
[2025-05-04T23:30:27.158+0000] {logging_mixin.py:188} INFO - [2025-05-04T23:30:27.158+0000] {dag.py:3820} INFO - Setting next_dagrun for example_setup_teardown to 2025-05-03T00:00:00+00:00, run_after=2025-05-04T00:00:00+00:00
[2025-05-04T23:30:27.169+0000] {processor.py:183} INFO - Processing /home/airflow/.local/lib/python3.8/site-packages/airflow/example_dags/example_setup_teardown.py took 0.035 seconds
[2025-05-04T23:30:57.674+0000] {processor.py:161} INFO - Started process (PID=350) to work on /home/airflow/.local/lib/python3.8/site-packages/airflow/example_dags/example_setup_teardown.py
[2025-05-04T23:30:57.675+0000] {processor.py:830} INFO - Processing file /home/airflow/.local/lib/python3.8/site-packages/airflow/example_dags/example_setup_teardown.py for tasks to queue
[2025-05-04T23:30:57.677+0000] {logging_mixin.py:188} INFO - [2025-05-04T23:30:57.677+0000] {dagbag.py:538} INFO - Filling up the DagBag from /home/airflow/.local/lib/python3.8/site-packages/airflow/example_dags/example_setup_teardown.py
[2025-05-04T23:30:57.682+0000] {processor.py:840} INFO - DAG(s) 'example_setup_teardown' retrieved from /home/airflow/.local/lib/python3.8/site-packages/airflow/example_dags/example_setup_teardown.py
[2025-05-04T23:30:57.698+0000] {logging_mixin.py:188} INFO - [2025-05-04T23:30:57.698+0000] {dag.py:3033} INFO - Sync 1 DAGs
[2025-05-04T23:30:57.711+0000] {logging_mixin.py:188} INFO - [2025-05-04T23:30:57.711+0000] {dag.py:3820} INFO - Setting next_dagrun for example_setup_teardown to 2025-05-03T00:00:00+00:00, run_after=2025-05-04T00:00:00+00:00
[2025-05-04T23:30:57.719+0000] {processor.py:183} INFO - Processing /home/airflow/.local/lib/python3.8/site-packages/airflow/example_dags/example_setup_teardown.py took 0.047 seconds
[2025-05-04T23:31:28.351+0000] {processor.py:161} INFO - Started process (PID=406) to work on /home/airflow/.local/lib/python3.8/site-packages/airflow/example_dags/example_setup_teardown.py
[2025-05-04T23:31:28.352+0000] {processor.py:830} INFO - Processing file /home/airflow/.local/lib/python3.8/site-packages/airflow/example_dags/example_setup_teardown.py for tasks to queue
[2025-05-04T23:31:28.353+0000] {logging_mixin.py:188} INFO - [2025-05-04T23:31:28.352+0000] {dagbag.py:538} INFO - Filling up the DagBag from /home/airflow/.local/lib/python3.8/site-packages/airflow/example_dags/example_setup_teardown.py
[2025-05-04T23:31:28.355+0000] {processor.py:840} INFO - DAG(s) 'example_setup_teardown' retrieved from /home/airflow/.local/lib/python3.8/site-packages/airflow/example_dags/example_setup_teardown.py
[2025-05-04T23:31:28.367+0000] {logging_mixin.py:188} INFO - [2025-05-04T23:31:28.367+0000] {dag.py:3033} INFO - Sync 1 DAGs
[2025-05-04T23:31:28.376+0000] {logging_mixin.py:188} INFO - [2025-05-04T23:31:28.376+0000] {dag.py:3820} INFO - Setting next_dagrun for example_setup_teardown to 2025-05-03T00:00:00+00:00, run_after=2025-05-04T00:00:00+00:00
[2025-05-04T23:31:28.385+0000] {processor.py:183} INFO - Processing /home/airflow/.local/lib/python3.8/site-packages/airflow/example_dags/example_setup_teardown.py took 0.035 seconds
[2025-05-04T23:31:59.076+0000] {processor.py:161} INFO - Started process (PID=462) to work on /home/airflow/.local/lib/python3.8/site-packages/airflow/example_dags/example_setup_teardown.py
[2025-05-04T23:31:59.077+0000] {processor.py:830} INFO - Processing file /home/airflow/.local/lib/python3.8/site-packages/airflow/example_dags/example_setup_teardown.py for tasks to queue
[2025-05-04T23:31:59.078+0000] {logging_mixin.py:188} INFO - [2025-05-04T23:31:59.078+0000] {dagbag.py:538} INFO - Filling up the DagBag from /home/airflow/.local/lib/python3.8/site-packages/airflow/example_dags/example_setup_teardown.py
[2025-05-04T23:31:59.081+0000] {processor.py:840} INFO - DAG(s) 'example_setup_teardown' retrieved from /home/airflow/.local/lib/python3.8/site-packages/airflow/example_dags/example_setup_teardown.py
[2025-05-04T23:31:59.090+0000] {logging_mixin.py:188} INFO - [2025-05-04T23:31:59.090+0000] {dag.py:3033} INFO - Sync 1 DAGs
[2025-05-04T23:31:59.100+0000] {logging_mixin.py:188} INFO - [2025-05-04T23:31:59.099+0000] {dag.py:3820} INFO - Setting next_dagrun for example_setup_teardown to 2025-05-03T00:00:00+00:00, run_after=2025-05-04T00:00:00+00:00
[2025-05-04T23:31:59.110+0000] {processor.py:183} INFO - Processing /home/airflow/.local/lib/python3.8/site-packages/airflow/example_dags/example_setup_teardown.py took 0.036 seconds
[2025-05-04T23:32:29.729+0000] {processor.py:161} INFO - Started process (PID=518) to work on /home/airflow/.local/lib/python3.8/site-packages/airflow/example_dags/example_setup_teardown.py
[2025-05-04T23:32:29.729+0000] {processor.py:830} INFO - Processing file /home/airflow/.local/lib/python3.8/site-packages/airflow/example_dags/example_setup_teardown.py for tasks to queue
[2025-05-04T23:32:29.730+0000] {logging_mixin.py:188} INFO - [2025-05-04T23:32:29.730+0000] {dagbag.py:538} INFO - Filling up the DagBag from /home/airflow/.local/lib/python3.8/site-packages/airflow/example_dags/example_setup_teardown.py
[2025-05-04T23:32:29.735+0000] {processor.py:840} INFO - DAG(s) 'example_setup_teardown' retrieved from /home/airflow/.local/lib/python3.8/site-packages/airflow/example_dags/example_setup_teardown.py
[2025-05-04T23:32:29.745+0000] {logging_mixin.py:188} INFO - [2025-05-04T23:32:29.745+0000] {dag.py:3033} INFO - Sync 1 DAGs
[2025-05-04T23:32:29.753+0000] {logging_mixin.py:188} INFO - [2025-05-04T23:32:29.753+0000] {dag.py:3820} INFO - Setting next_dagrun for example_setup_teardown to 2025-05-03T00:00:00+00:00, run_after=2025-05-04T00:00:00+00:00
[2025-05-04T23:32:29.764+0000] {processor.py:183} INFO - Processing /home/airflow/.local/lib/python3.8/site-packages/airflow/example_dags/example_setup_teardown.py took 0.037 seconds
[2025-05-04T23:47:22.627+0000] {processor.py:161} INFO - Started process (PID=65) to work on /home/airflow/.local/lib/python3.8/site-packages/airflow/example_dags/example_setup_teardown.py
[2025-05-04T23:47:22.629+0000] {processor.py:830} INFO - Processing file /home/airflow/.local/lib/python3.8/site-packages/airflow/example_dags/example_setup_teardown.py for tasks to queue
[2025-05-04T23:47:22.633+0000] {logging_mixin.py:188} INFO - [2025-05-04T23:47:22.633+0000] {dagbag.py:538} INFO - Filling up the DagBag from /home/airflow/.local/lib/python3.8/site-packages/airflow/example_dags/example_setup_teardown.py
[2025-05-04T23:47:22.639+0000] {processor.py:840} INFO - DAG(s) 'example_setup_teardown' retrieved from /home/airflow/.local/lib/python3.8/site-packages/airflow/example_dags/example_setup_teardown.py
[2025-05-04T23:47:22.658+0000] {logging_mixin.py:188} INFO - [2025-05-04T23:47:22.658+0000] {dag.py:3033} INFO - Sync 1 DAGs
[2025-05-04T23:47:22.678+0000] {logging_mixin.py:188} INFO - [2025-05-04T23:47:22.678+0000] {dag.py:3820} INFO - Setting next_dagrun for example_setup_teardown to 2025-05-03T00:00:00+00:00, run_after=2025-05-04T00:00:00+00:00
[2025-05-04T23:47:22.706+0000] {processor.py:183} INFO - Processing /home/airflow/.local/lib/python3.8/site-packages/airflow/example_dags/example_setup_teardown.py took 0.082 seconds
[2025-05-04T23:47:52.792+0000] {processor.py:161} INFO - Started process (PID=121) to work on /home/airflow/.local/lib/python3.8/site-packages/airflow/example_dags/example_setup_teardown.py
[2025-05-04T23:47:52.793+0000] {processor.py:830} INFO - Processing file /home/airflow/.local/lib/python3.8/site-packages/airflow/example_dags/example_setup_teardown.py for tasks to queue
[2025-05-04T23:47:52.794+0000] {logging_mixin.py:188} INFO - [2025-05-04T23:47:52.794+0000] {dagbag.py:538} INFO - Filling up the DagBag from /home/airflow/.local/lib/python3.8/site-packages/airflow/example_dags/example_setup_teardown.py
[2025-05-04T23:47:52.799+0000] {processor.py:840} INFO - DAG(s) 'example_setup_teardown' retrieved from /home/airflow/.local/lib/python3.8/site-packages/airflow/example_dags/example_setup_teardown.py
[2025-05-04T23:47:52.840+0000] {logging_mixin.py:188} INFO - [2025-05-04T23:47:52.840+0000] {dag.py:3033} INFO - Sync 1 DAGs
[2025-05-04T23:47:52.850+0000] {logging_mixin.py:188} INFO - [2025-05-04T23:47:52.850+0000] {dag.py:3820} INFO - Setting next_dagrun for example_setup_teardown to 2025-05-03T00:00:00+00:00, run_after=2025-05-04T00:00:00+00:00
[2025-05-04T23:47:52.857+0000] {processor.py:183} INFO - Processing /home/airflow/.local/lib/python3.8/site-packages/airflow/example_dags/example_setup_teardown.py took 0.067 seconds
[2025-05-04T23:48:22.886+0000] {processor.py:161} INFO - Started process (PID=177) to work on /home/airflow/.local/lib/python3.8/site-packages/airflow/example_dags/example_setup_teardown.py
[2025-05-04T23:48:22.887+0000] {processor.py:830} INFO - Processing file /home/airflow/.local/lib/python3.8/site-packages/airflow/example_dags/example_setup_teardown.py for tasks to queue
[2025-05-04T23:48:22.888+0000] {logging_mixin.py:188} INFO - [2025-05-04T23:48:22.887+0000] {dagbag.py:538} INFO - Filling up the DagBag from /home/airflow/.local/lib/python3.8/site-packages/airflow/example_dags/example_setup_teardown.py
[2025-05-04T23:48:22.890+0000] {processor.py:840} INFO - DAG(s) 'example_setup_teardown' retrieved from /home/airflow/.local/lib/python3.8/site-packages/airflow/example_dags/example_setup_teardown.py
[2025-05-04T23:48:22.898+0000] {logging_mixin.py:188} INFO - [2025-05-04T23:48:22.898+0000] {dag.py:3033} INFO - Sync 1 DAGs
[2025-05-04T23:48:22.905+0000] {logging_mixin.py:188} INFO - [2025-05-04T23:48:22.905+0000] {dag.py:3820} INFO - Setting next_dagrun for example_setup_teardown to 2025-05-03T00:00:00+00:00, run_after=2025-05-04T00:00:00+00:00
[2025-05-04T23:48:22.910+0000] {processor.py:183} INFO - Processing /home/airflow/.local/lib/python3.8/site-packages/airflow/example_dags/example_setup_teardown.py took 0.026 seconds
[2025-05-04T23:48:53.549+0000] {processor.py:161} INFO - Started process (PID=233) to work on /home/airflow/.local/lib/python3.8/site-packages/airflow/example_dags/example_setup_teardown.py
[2025-05-04T23:48:53.550+0000] {processor.py:830} INFO - Processing file /home/airflow/.local/lib/python3.8/site-packages/airflow/example_dags/example_setup_teardown.py for tasks to queue
[2025-05-04T23:48:53.551+0000] {logging_mixin.py:188} INFO - [2025-05-04T23:48:53.550+0000] {dagbag.py:538} INFO - Filling up the DagBag from /home/airflow/.local/lib/python3.8/site-packages/airflow/example_dags/example_setup_teardown.py
[2025-05-04T23:48:53.554+0000] {processor.py:840} INFO - DAG(s) 'example_setup_teardown' retrieved from /home/airflow/.local/lib/python3.8/site-packages/airflow/example_dags/example_setup_teardown.py
[2025-05-04T23:48:53.564+0000] {logging_mixin.py:188} INFO - [2025-05-04T23:48:53.564+0000] {dag.py:3033} INFO - Sync 1 DAGs
[2025-05-04T23:48:53.574+0000] {logging_mixin.py:188} INFO - [2025-05-04T23:48:53.574+0000] {dag.py:3820} INFO - Setting next_dagrun for example_setup_teardown to 2025-05-03T00:00:00+00:00, run_after=2025-05-04T00:00:00+00:00
[2025-05-04T23:48:53.581+0000] {processor.py:183} INFO - Processing /home/airflow/.local/lib/python3.8/site-packages/airflow/example_dags/example_setup_teardown.py took 0.033 seconds
[2025-05-04T23:49:24.241+0000] {processor.py:161} INFO - Started process (PID=289) to work on /home/airflow/.local/lib/python3.8/site-packages/airflow/example_dags/example_setup_teardown.py
[2025-05-04T23:49:24.242+0000] {processor.py:830} INFO - Processing file /home/airflow/.local/lib/python3.8/site-packages/airflow/example_dags/example_setup_teardown.py for tasks to queue
[2025-05-04T23:49:24.244+0000] {logging_mixin.py:188} INFO - [2025-05-04T23:49:24.243+0000] {dagbag.py:538} INFO - Filling up the DagBag from /home/airflow/.local/lib/python3.8/site-packages/airflow/example_dags/example_setup_teardown.py
[2025-05-04T23:49:24.247+0000] {processor.py:840} INFO - DAG(s) 'example_setup_teardown' retrieved from /home/airflow/.local/lib/python3.8/site-packages/airflow/example_dags/example_setup_teardown.py
[2025-05-04T23:49:24.257+0000] {logging_mixin.py:188} INFO - [2025-05-04T23:49:24.257+0000] {dag.py:3033} INFO - Sync 1 DAGs
[2025-05-04T23:49:24.267+0000] {logging_mixin.py:188} INFO - [2025-05-04T23:49:24.267+0000] {dag.py:3820} INFO - Setting next_dagrun for example_setup_teardown to 2025-05-03T00:00:00+00:00, run_after=2025-05-04T00:00:00+00:00
[2025-05-04T23:49:24.277+0000] {processor.py:183} INFO - Processing /home/airflow/.local/lib/python3.8/site-packages/airflow/example_dags/example_setup_teardown.py took 0.038 seconds
[2025-05-04T23:49:55.064+0000] {processor.py:161} INFO - Started process (PID=345) to work on /home/airflow/.local/lib/python3.8/site-packages/airflow/example_dags/example_setup_teardown.py
[2025-05-04T23:49:55.066+0000] {processor.py:830} INFO - Processing file /home/airflow/.local/lib/python3.8/site-packages/airflow/example_dags/example_setup_teardown.py for tasks to queue
[2025-05-04T23:49:55.067+0000] {logging_mixin.py:188} INFO - [2025-05-04T23:49:55.066+0000] {dagbag.py:538} INFO - Filling up the DagBag from /home/airflow/.local/lib/python3.8/site-packages/airflow/example_dags/example_setup_teardown.py
[2025-05-04T23:49:55.072+0000] {processor.py:840} INFO - DAG(s) 'example_setup_teardown' retrieved from /home/airflow/.local/lib/python3.8/site-packages/airflow/example_dags/example_setup_teardown.py
[2025-05-04T23:49:55.084+0000] {logging_mixin.py:188} INFO - [2025-05-04T23:49:55.084+0000] {dag.py:3033} INFO - Sync 1 DAGs
[2025-05-04T23:49:55.093+0000] {logging_mixin.py:188} INFO - [2025-05-04T23:49:55.093+0000] {dag.py:3820} INFO - Setting next_dagrun for example_setup_teardown to 2025-05-03T00:00:00+00:00, run_after=2025-05-04T00:00:00+00:00
[2025-05-04T23:49:55.103+0000] {processor.py:183} INFO - Processing /home/airflow/.local/lib/python3.8/site-packages/airflow/example_dags/example_setup_teardown.py took 0.040 seconds
