[2025-05-04T22:22:10.021+0000] {processor.py:161} INFO - Started process (PID=48) to work on /home/airflow/.local/lib/python3.8/site-packages/airflow/example_dags/example_dynamic_task_mapping.py
[2025-05-04T22:22:10.024+0000] {processor.py:830} INFO - Processing file /home/airflow/.local/lib/python3.8/site-packages/airflow/example_dags/example_dynamic_task_mapping.py for tasks to queue
[2025-05-04T22:22:10.026+0000] {logging_mixin.py:188} INFO - [2025-05-04T22:22:10.026+0000] {dagbag.py:538} INFO - Filling up the DagBag from /home/airflow/.local/lib/python3.8/site-packages/airflow/example_dags/example_dynamic_task_mapping.py
[2025-05-04T22:22:10.031+0000] {processor.py:840} INFO - DAG(s) 'example_dynamic_task_mapping' retrieved from /home/airflow/.local/lib/python3.8/site-packages/airflow/example_dags/example_dynamic_task_mapping.py
[2025-05-04T22:22:10.048+0000] {logging_mixin.py:188} INFO - [2025-05-04T22:22:10.048+0000] {dag.py:3033} INFO - Sync 1 DAGs
[2025-05-04T22:22:10.067+0000] {logging_mixin.py:188} INFO - [2025-05-04T22:22:10.067+0000] {dag.py:3820} INFO - Setting next_dagrun for example_dynamic_task_mapping to 2022-03-04T00:00:00+00:00, run_after=2022-03-05T00:00:00+00:00
[2025-05-04T22:22:10.085+0000] {processor.py:183} INFO - Processing /home/airflow/.local/lib/python3.8/site-packages/airflow/example_dags/example_dynamic_task_mapping.py took 0.065 seconds
[2025-05-04T22:22:40.588+0000] {processor.py:161} INFO - Started process (PID=103) to work on /home/airflow/.local/lib/python3.8/site-packages/airflow/example_dags/example_dynamic_task_mapping.py
[2025-05-04T22:22:40.589+0000] {processor.py:830} INFO - Processing file /home/airflow/.local/lib/python3.8/site-packages/airflow/example_dags/example_dynamic_task_mapping.py for tasks to queue
[2025-05-04T22:22:40.590+0000] {logging_mixin.py:188} INFO - [2025-05-04T22:22:40.590+0000] {dagbag.py:538} INFO - Filling up the DagBag from /home/airflow/.local/lib/python3.8/site-packages/airflow/example_dags/example_dynamic_task_mapping.py
[2025-05-04T22:22:40.593+0000] {processor.py:840} INFO - DAG(s) 'example_dynamic_task_mapping' retrieved from /home/airflow/.local/lib/python3.8/site-packages/airflow/example_dags/example_dynamic_task_mapping.py
[2025-05-04T22:22:40.636+0000] {logging_mixin.py:188} INFO - [2025-05-04T22:22:40.636+0000] {dag.py:3033} INFO - Sync 1 DAGs
[2025-05-04T22:22:40.645+0000] {logging_mixin.py:188} INFO - [2025-05-04T22:22:40.645+0000] {dag.py:3820} INFO - Setting next_dagrun for example_dynamic_task_mapping to 2022-03-04T00:00:00+00:00, run_after=2022-03-05T00:00:00+00:00
[2025-05-04T22:22:40.658+0000] {processor.py:183} INFO - Processing /home/airflow/.local/lib/python3.8/site-packages/airflow/example_dags/example_dynamic_task_mapping.py took 0.072 seconds
[2025-05-04T22:23:10.758+0000] {processor.py:161} INFO - Started process (PID=158) to work on /home/airflow/.local/lib/python3.8/site-packages/airflow/example_dags/example_dynamic_task_mapping.py
[2025-05-04T22:23:10.758+0000] {processor.py:830} INFO - Processing file /home/airflow/.local/lib/python3.8/site-packages/airflow/example_dags/example_dynamic_task_mapping.py for tasks to queue
[2025-05-04T22:23:10.759+0000] {logging_mixin.py:188} INFO - [2025-05-04T22:23:10.759+0000] {dagbag.py:538} INFO - Filling up the DagBag from /home/airflow/.local/lib/python3.8/site-packages/airflow/example_dags/example_dynamic_task_mapping.py
[2025-05-04T22:23:10.762+0000] {processor.py:840} INFO - DAG(s) 'example_dynamic_task_mapping' retrieved from /home/airflow/.local/lib/python3.8/site-packages/airflow/example_dags/example_dynamic_task_mapping.py
[2025-05-04T22:23:10.772+0000] {logging_mixin.py:188} INFO - [2025-05-04T22:23:10.771+0000] {dag.py:3033} INFO - Sync 1 DAGs
[2025-05-04T22:23:10.781+0000] {logging_mixin.py:188} INFO - [2025-05-04T22:23:10.781+0000] {dag.py:3820} INFO - Setting next_dagrun for example_dynamic_task_mapping to 2022-03-04T00:00:00+00:00, run_after=2022-03-05T00:00:00+00:00
[2025-05-04T22:23:10.792+0000] {processor.py:183} INFO - Processing /home/airflow/.local/lib/python3.8/site-packages/airflow/example_dags/example_dynamic_task_mapping.py took 0.035 seconds
[2025-05-04T22:23:41.352+0000] {processor.py:161} INFO - Started process (PID=213) to work on /home/airflow/.local/lib/python3.8/site-packages/airflow/example_dags/example_dynamic_task_mapping.py
[2025-05-04T22:23:41.352+0000] {processor.py:830} INFO - Processing file /home/airflow/.local/lib/python3.8/site-packages/airflow/example_dags/example_dynamic_task_mapping.py for tasks to queue
[2025-05-04T22:23:41.355+0000] {logging_mixin.py:188} INFO - [2025-05-04T22:23:41.355+0000] {dagbag.py:538} INFO - Filling up the DagBag from /home/airflow/.local/lib/python3.8/site-packages/airflow/example_dags/example_dynamic_task_mapping.py
[2025-05-04T22:23:41.359+0000] {processor.py:840} INFO - DAG(s) 'example_dynamic_task_mapping' retrieved from /home/airflow/.local/lib/python3.8/site-packages/airflow/example_dags/example_dynamic_task_mapping.py
[2025-05-04T22:23:41.368+0000] {logging_mixin.py:188} INFO - [2025-05-04T22:23:41.368+0000] {dag.py:3033} INFO - Sync 1 DAGs
[2025-05-04T22:23:41.377+0000] {logging_mixin.py:188} INFO - [2025-05-04T22:23:41.377+0000] {dag.py:3820} INFO - Setting next_dagrun for example_dynamic_task_mapping to 2022-03-04T00:00:00+00:00, run_after=2022-03-05T00:00:00+00:00
[2025-05-04T22:23:41.383+0000] {processor.py:183} INFO - Processing /home/airflow/.local/lib/python3.8/site-packages/airflow/example_dags/example_dynamic_task_mapping.py took 0.033 seconds
[2025-05-04T22:24:11.956+0000] {processor.py:161} INFO - Started process (PID=268) to work on /home/airflow/.local/lib/python3.8/site-packages/airflow/example_dags/example_dynamic_task_mapping.py
[2025-05-04T22:24:11.957+0000] {processor.py:830} INFO - Processing file /home/airflow/.local/lib/python3.8/site-packages/airflow/example_dags/example_dynamic_task_mapping.py for tasks to queue
[2025-05-04T22:24:11.960+0000] {logging_mixin.py:188} INFO - [2025-05-04T22:24:11.960+0000] {dagbag.py:538} INFO - Filling up the DagBag from /home/airflow/.local/lib/python3.8/site-packages/airflow/example_dags/example_dynamic_task_mapping.py
[2025-05-04T22:24:11.963+0000] {processor.py:840} INFO - DAG(s) 'example_dynamic_task_mapping' retrieved from /home/airflow/.local/lib/python3.8/site-packages/airflow/example_dags/example_dynamic_task_mapping.py
[2025-05-04T22:24:11.972+0000] {logging_mixin.py:188} INFO - [2025-05-04T22:24:11.972+0000] {dag.py:3033} INFO - Sync 1 DAGs
[2025-05-04T22:24:11.981+0000] {logging_mixin.py:188} INFO - [2025-05-04T22:24:11.981+0000] {dag.py:3820} INFO - Setting next_dagrun for example_dynamic_task_mapping to 2022-03-04T00:00:00+00:00, run_after=2022-03-05T00:00:00+00:00
[2025-05-04T22:24:11.988+0000] {processor.py:183} INFO - Processing /home/airflow/.local/lib/python3.8/site-packages/airflow/example_dags/example_dynamic_task_mapping.py took 0.033 seconds
[2025-05-04T22:24:42.505+0000] {processor.py:161} INFO - Started process (PID=323) to work on /home/airflow/.local/lib/python3.8/site-packages/airflow/example_dags/example_dynamic_task_mapping.py
[2025-05-04T22:24:42.505+0000] {processor.py:830} INFO - Processing file /home/airflow/.local/lib/python3.8/site-packages/airflow/example_dags/example_dynamic_task_mapping.py for tasks to queue
[2025-05-04T22:24:42.507+0000] {logging_mixin.py:188} INFO - [2025-05-04T22:24:42.507+0000] {dagbag.py:538} INFO - Filling up the DagBag from /home/airflow/.local/lib/python3.8/site-packages/airflow/example_dags/example_dynamic_task_mapping.py
[2025-05-04T22:24:42.510+0000] {processor.py:840} INFO - DAG(s) 'example_dynamic_task_mapping' retrieved from /home/airflow/.local/lib/python3.8/site-packages/airflow/example_dags/example_dynamic_task_mapping.py
[2025-05-04T22:24:42.519+0000] {logging_mixin.py:188} INFO - [2025-05-04T22:24:42.518+0000] {dag.py:3033} INFO - Sync 1 DAGs
[2025-05-04T22:24:42.527+0000] {logging_mixin.py:188} INFO - [2025-05-04T22:24:42.527+0000] {dag.py:3820} INFO - Setting next_dagrun for example_dynamic_task_mapping to 2022-03-04T00:00:00+00:00, run_after=2022-03-05T00:00:00+00:00
[2025-05-04T22:24:42.533+0000] {processor.py:183} INFO - Processing /home/airflow/.local/lib/python3.8/site-packages/airflow/example_dags/example_dynamic_task_mapping.py took 0.031 seconds
[2025-05-04T22:25:28.404+0000] {processor.py:161} INFO - Started process (PID=49) to work on /home/airflow/.local/lib/python3.8/site-packages/airflow/example_dags/example_dynamic_task_mapping.py
[2025-05-04T22:25:28.408+0000] {processor.py:830} INFO - Processing file /home/airflow/.local/lib/python3.8/site-packages/airflow/example_dags/example_dynamic_task_mapping.py for tasks to queue
[2025-05-04T22:25:28.410+0000] {logging_mixin.py:188} INFO - [2025-05-04T22:25:28.410+0000] {dagbag.py:538} INFO - Filling up the DagBag from /home/airflow/.local/lib/python3.8/site-packages/airflow/example_dags/example_dynamic_task_mapping.py
[2025-05-04T22:25:28.417+0000] {processor.py:840} INFO - DAG(s) 'example_dynamic_task_mapping' retrieved from /home/airflow/.local/lib/python3.8/site-packages/airflow/example_dags/example_dynamic_task_mapping.py
[2025-05-04T22:25:28.432+0000] {logging_mixin.py:188} INFO - [2025-05-04T22:25:28.432+0000] {dag.py:3033} INFO - Sync 1 DAGs
[2025-05-04T22:25:28.463+0000] {logging_mixin.py:188} INFO - [2025-05-04T22:25:28.463+0000] {dag.py:3820} INFO - Setting next_dagrun for example_dynamic_task_mapping to 2022-03-04T00:00:00+00:00, run_after=2022-03-05T00:00:00+00:00
[2025-05-04T22:25:28.496+0000] {processor.py:183} INFO - Processing /home/airflow/.local/lib/python3.8/site-packages/airflow/example_dags/example_dynamic_task_mapping.py took 0.096 seconds
[2025-05-04T22:25:58.993+0000] {processor.py:161} INFO - Started process (PID=105) to work on /home/airflow/.local/lib/python3.8/site-packages/airflow/example_dags/example_dynamic_task_mapping.py
[2025-05-04T22:25:58.994+0000] {processor.py:830} INFO - Processing file /home/airflow/.local/lib/python3.8/site-packages/airflow/example_dags/example_dynamic_task_mapping.py for tasks to queue
[2025-05-04T22:25:58.995+0000] {logging_mixin.py:188} INFO - [2025-05-04T22:25:58.994+0000] {dagbag.py:538} INFO - Filling up the DagBag from /home/airflow/.local/lib/python3.8/site-packages/airflow/example_dags/example_dynamic_task_mapping.py
[2025-05-04T22:25:58.998+0000] {processor.py:840} INFO - DAG(s) 'example_dynamic_task_mapping' retrieved from /home/airflow/.local/lib/python3.8/site-packages/airflow/example_dags/example_dynamic_task_mapping.py
[2025-05-04T22:25:59.043+0000] {logging_mixin.py:188} INFO - [2025-05-04T22:25:59.042+0000] {dag.py:3033} INFO - Sync 1 DAGs
[2025-05-04T22:25:59.051+0000] {logging_mixin.py:188} INFO - [2025-05-04T22:25:59.051+0000] {dag.py:3820} INFO - Setting next_dagrun for example_dynamic_task_mapping to 2022-03-04T00:00:00+00:00, run_after=2022-03-05T00:00:00+00:00
[2025-05-04T22:25:59.063+0000] {processor.py:183} INFO - Processing /home/airflow/.local/lib/python3.8/site-packages/airflow/example_dags/example_dynamic_task_mapping.py took 0.072 seconds
[2025-05-04T22:26:29.253+0000] {processor.py:161} INFO - Started process (PID=161) to work on /home/airflow/.local/lib/python3.8/site-packages/airflow/example_dags/example_dynamic_task_mapping.py
[2025-05-04T22:26:29.253+0000] {processor.py:830} INFO - Processing file /home/airflow/.local/lib/python3.8/site-packages/airflow/example_dags/example_dynamic_task_mapping.py for tasks to queue
[2025-05-04T22:26:29.255+0000] {logging_mixin.py:188} INFO - [2025-05-04T22:26:29.255+0000] {dagbag.py:538} INFO - Filling up the DagBag from /home/airflow/.local/lib/python3.8/site-packages/airflow/example_dags/example_dynamic_task_mapping.py
[2025-05-04T22:26:29.258+0000] {processor.py:840} INFO - DAG(s) 'example_dynamic_task_mapping' retrieved from /home/airflow/.local/lib/python3.8/site-packages/airflow/example_dags/example_dynamic_task_mapping.py
[2025-05-04T22:26:29.267+0000] {logging_mixin.py:188} INFO - [2025-05-04T22:26:29.267+0000] {dag.py:3033} INFO - Sync 1 DAGs
[2025-05-04T22:26:29.277+0000] {logging_mixin.py:188} INFO - [2025-05-04T22:26:29.277+0000] {dag.py:3820} INFO - Setting next_dagrun for example_dynamic_task_mapping to 2022-03-04T00:00:00+00:00, run_after=2022-03-05T00:00:00+00:00
[2025-05-04T22:26:29.290+0000] {processor.py:183} INFO - Processing /home/airflow/.local/lib/python3.8/site-packages/airflow/example_dags/example_dynamic_task_mapping.py took 0.039 seconds
[2025-05-04T22:26:59.944+0000] {processor.py:161} INFO - Started process (PID=221) to work on /home/airflow/.local/lib/python3.8/site-packages/airflow/example_dags/example_dynamic_task_mapping.py
[2025-05-04T22:26:59.944+0000] {processor.py:830} INFO - Processing file /home/airflow/.local/lib/python3.8/site-packages/airflow/example_dags/example_dynamic_task_mapping.py for tasks to queue
[2025-05-04T22:26:59.945+0000] {logging_mixin.py:188} INFO - [2025-05-04T22:26:59.945+0000] {dagbag.py:538} INFO - Filling up the DagBag from /home/airflow/.local/lib/python3.8/site-packages/airflow/example_dags/example_dynamic_task_mapping.py
[2025-05-04T22:26:59.949+0000] {processor.py:840} INFO - DAG(s) 'example_dynamic_task_mapping' retrieved from /home/airflow/.local/lib/python3.8/site-packages/airflow/example_dags/example_dynamic_task_mapping.py
[2025-05-04T22:26:59.958+0000] {logging_mixin.py:188} INFO - [2025-05-04T22:26:59.958+0000] {dag.py:3033} INFO - Sync 1 DAGs
[2025-05-04T22:26:59.969+0000] {logging_mixin.py:188} INFO - [2025-05-04T22:26:59.968+0000] {dag.py:3820} INFO - Setting next_dagrun for example_dynamic_task_mapping to 2022-03-04T00:00:00+00:00, run_after=2022-03-05T00:00:00+00:00
[2025-05-04T22:26:59.979+0000] {processor.py:183} INFO - Processing /home/airflow/.local/lib/python3.8/site-packages/airflow/example_dags/example_dynamic_task_mapping.py took 0.037 seconds
[2025-05-04T22:27:30.650+0000] {processor.py:161} INFO - Started process (PID=277) to work on /home/airflow/.local/lib/python3.8/site-packages/airflow/example_dags/example_dynamic_task_mapping.py
[2025-05-04T22:27:30.651+0000] {processor.py:830} INFO - Processing file /home/airflow/.local/lib/python3.8/site-packages/airflow/example_dags/example_dynamic_task_mapping.py for tasks to queue
[2025-05-04T22:27:30.652+0000] {logging_mixin.py:188} INFO - [2025-05-04T22:27:30.652+0000] {dagbag.py:538} INFO - Filling up the DagBag from /home/airflow/.local/lib/python3.8/site-packages/airflow/example_dags/example_dynamic_task_mapping.py
[2025-05-04T22:27:30.655+0000] {processor.py:840} INFO - DAG(s) 'example_dynamic_task_mapping' retrieved from /home/airflow/.local/lib/python3.8/site-packages/airflow/example_dags/example_dynamic_task_mapping.py
[2025-05-04T22:27:30.667+0000] {logging_mixin.py:188} INFO - [2025-05-04T22:27:30.667+0000] {dag.py:3033} INFO - Sync 1 DAGs
[2025-05-04T22:27:30.675+0000] {logging_mixin.py:188} INFO - [2025-05-04T22:27:30.675+0000] {dag.py:3820} INFO - Setting next_dagrun for example_dynamic_task_mapping to 2022-03-04T00:00:00+00:00, run_after=2022-03-05T00:00:00+00:00
[2025-05-04T22:27:30.685+0000] {processor.py:183} INFO - Processing /home/airflow/.local/lib/python3.8/site-packages/airflow/example_dags/example_dynamic_task_mapping.py took 0.036 seconds
[2025-05-04T22:28:01.277+0000] {processor.py:161} INFO - Started process (PID=333) to work on /home/airflow/.local/lib/python3.8/site-packages/airflow/example_dags/example_dynamic_task_mapping.py
[2025-05-04T22:28:01.278+0000] {processor.py:830} INFO - Processing file /home/airflow/.local/lib/python3.8/site-packages/airflow/example_dags/example_dynamic_task_mapping.py for tasks to queue
[2025-05-04T22:28:01.280+0000] {logging_mixin.py:188} INFO - [2025-05-04T22:28:01.280+0000] {dagbag.py:538} INFO - Filling up the DagBag from /home/airflow/.local/lib/python3.8/site-packages/airflow/example_dags/example_dynamic_task_mapping.py
[2025-05-04T22:28:01.284+0000] {processor.py:840} INFO - DAG(s) 'example_dynamic_task_mapping' retrieved from /home/airflow/.local/lib/python3.8/site-packages/airflow/example_dags/example_dynamic_task_mapping.py
[2025-05-04T22:28:01.298+0000] {logging_mixin.py:188} INFO - [2025-05-04T22:28:01.297+0000] {dag.py:3033} INFO - Sync 1 DAGs
[2025-05-04T22:28:01.308+0000] {logging_mixin.py:188} INFO - [2025-05-04T22:28:01.308+0000] {dag.py:3820} INFO - Setting next_dagrun for example_dynamic_task_mapping to 2022-03-04T00:00:00+00:00, run_after=2022-03-05T00:00:00+00:00
[2025-05-04T22:28:01.317+0000] {processor.py:183} INFO - Processing /home/airflow/.local/lib/python3.8/site-packages/airflow/example_dags/example_dynamic_task_mapping.py took 0.042 seconds
[2025-05-04T22:28:31.859+0000] {processor.py:161} INFO - Started process (PID=389) to work on /home/airflow/.local/lib/python3.8/site-packages/airflow/example_dags/example_dynamic_task_mapping.py
[2025-05-04T22:28:31.860+0000] {processor.py:830} INFO - Processing file /home/airflow/.local/lib/python3.8/site-packages/airflow/example_dags/example_dynamic_task_mapping.py for tasks to queue
[2025-05-04T22:28:31.861+0000] {logging_mixin.py:188} INFO - [2025-05-04T22:28:31.860+0000] {dagbag.py:538} INFO - Filling up the DagBag from /home/airflow/.local/lib/python3.8/site-packages/airflow/example_dags/example_dynamic_task_mapping.py
[2025-05-04T22:28:31.864+0000] {processor.py:840} INFO - DAG(s) 'example_dynamic_task_mapping' retrieved from /home/airflow/.local/lib/python3.8/site-packages/airflow/example_dags/example_dynamic_task_mapping.py
[2025-05-04T22:28:31.874+0000] {logging_mixin.py:188} INFO - [2025-05-04T22:28:31.874+0000] {dag.py:3033} INFO - Sync 1 DAGs
[2025-05-04T22:28:31.884+0000] {logging_mixin.py:188} INFO - [2025-05-04T22:28:31.884+0000] {dag.py:3820} INFO - Setting next_dagrun for example_dynamic_task_mapping to 2022-03-04T00:00:00+00:00, run_after=2022-03-05T00:00:00+00:00
[2025-05-04T22:28:31.890+0000] {processor.py:183} INFO - Processing /home/airflow/.local/lib/python3.8/site-packages/airflow/example_dags/example_dynamic_task_mapping.py took 0.032 seconds
[2025-05-04T22:29:02.498+0000] {processor.py:161} INFO - Started process (PID=445) to work on /home/airflow/.local/lib/python3.8/site-packages/airflow/example_dags/example_dynamic_task_mapping.py
[2025-05-04T22:29:02.499+0000] {processor.py:830} INFO - Processing file /home/airflow/.local/lib/python3.8/site-packages/airflow/example_dags/example_dynamic_task_mapping.py for tasks to queue
[2025-05-04T22:29:02.500+0000] {logging_mixin.py:188} INFO - [2025-05-04T22:29:02.500+0000] {dagbag.py:538} INFO - Filling up the DagBag from /home/airflow/.local/lib/python3.8/site-packages/airflow/example_dags/example_dynamic_task_mapping.py
[2025-05-04T22:29:02.504+0000] {processor.py:840} INFO - DAG(s) 'example_dynamic_task_mapping' retrieved from /home/airflow/.local/lib/python3.8/site-packages/airflow/example_dags/example_dynamic_task_mapping.py
[2025-05-04T22:29:02.516+0000] {logging_mixin.py:188} INFO - [2025-05-04T22:29:02.516+0000] {dag.py:3033} INFO - Sync 1 DAGs
[2025-05-04T22:29:02.526+0000] {logging_mixin.py:188} INFO - [2025-05-04T22:29:02.526+0000] {dag.py:3820} INFO - Setting next_dagrun for example_dynamic_task_mapping to 2022-03-04T00:00:00+00:00, run_after=2022-03-05T00:00:00+00:00
[2025-05-04T22:29:02.533+0000] {processor.py:183} INFO - Processing /home/airflow/.local/lib/python3.8/site-packages/airflow/example_dags/example_dynamic_task_mapping.py took 0.036 seconds
[2025-05-04T22:29:33.343+0000] {processor.py:161} INFO - Started process (PID=501) to work on /home/airflow/.local/lib/python3.8/site-packages/airflow/example_dags/example_dynamic_task_mapping.py
[2025-05-04T22:29:33.344+0000] {processor.py:830} INFO - Processing file /home/airflow/.local/lib/python3.8/site-packages/airflow/example_dags/example_dynamic_task_mapping.py for tasks to queue
[2025-05-04T22:29:33.345+0000] {logging_mixin.py:188} INFO - [2025-05-04T22:29:33.345+0000] {dagbag.py:538} INFO - Filling up the DagBag from /home/airflow/.local/lib/python3.8/site-packages/airflow/example_dags/example_dynamic_task_mapping.py
[2025-05-04T22:29:33.348+0000] {processor.py:840} INFO - DAG(s) 'example_dynamic_task_mapping' retrieved from /home/airflow/.local/lib/python3.8/site-packages/airflow/example_dags/example_dynamic_task_mapping.py
[2025-05-04T22:29:33.359+0000] {logging_mixin.py:188} INFO - [2025-05-04T22:29:33.359+0000] {dag.py:3033} INFO - Sync 1 DAGs
[2025-05-04T22:29:33.368+0000] {logging_mixin.py:188} INFO - [2025-05-04T22:29:33.367+0000] {dag.py:3820} INFO - Setting next_dagrun for example_dynamic_task_mapping to 2022-03-04T00:00:00+00:00, run_after=2022-03-05T00:00:00+00:00
[2025-05-04T22:29:33.380+0000] {processor.py:183} INFO - Processing /home/airflow/.local/lib/python3.8/site-packages/airflow/example_dags/example_dynamic_task_mapping.py took 0.038 seconds
[2025-05-04T22:30:03.978+0000] {processor.py:161} INFO - Started process (PID=557) to work on /home/airflow/.local/lib/python3.8/site-packages/airflow/example_dags/example_dynamic_task_mapping.py
[2025-05-04T22:30:03.979+0000] {processor.py:830} INFO - Processing file /home/airflow/.local/lib/python3.8/site-packages/airflow/example_dags/example_dynamic_task_mapping.py for tasks to queue
[2025-05-04T22:30:03.980+0000] {logging_mixin.py:188} INFO - [2025-05-04T22:30:03.979+0000] {dagbag.py:538} INFO - Filling up the DagBag from /home/airflow/.local/lib/python3.8/site-packages/airflow/example_dags/example_dynamic_task_mapping.py
[2025-05-04T22:30:03.983+0000] {processor.py:840} INFO - DAG(s) 'example_dynamic_task_mapping' retrieved from /home/airflow/.local/lib/python3.8/site-packages/airflow/example_dags/example_dynamic_task_mapping.py
[2025-05-04T22:30:03.991+0000] {logging_mixin.py:188} INFO - [2025-05-04T22:30:03.991+0000] {dag.py:3033} INFO - Sync 1 DAGs
[2025-05-04T22:30:03.999+0000] {logging_mixin.py:188} INFO - [2025-05-04T22:30:03.999+0000] {dag.py:3820} INFO - Setting next_dagrun for example_dynamic_task_mapping to 2022-03-04T00:00:00+00:00, run_after=2022-03-05T00:00:00+00:00
[2025-05-04T22:30:04.005+0000] {processor.py:183} INFO - Processing /home/airflow/.local/lib/python3.8/site-packages/airflow/example_dags/example_dynamic_task_mapping.py took 0.028 seconds
[2025-05-04T22:30:34.744+0000] {processor.py:161} INFO - Started process (PID=613) to work on /home/airflow/.local/lib/python3.8/site-packages/airflow/example_dags/example_dynamic_task_mapping.py
[2025-05-04T22:30:34.744+0000] {processor.py:830} INFO - Processing file /home/airflow/.local/lib/python3.8/site-packages/airflow/example_dags/example_dynamic_task_mapping.py for tasks to queue
[2025-05-04T22:30:34.745+0000] {logging_mixin.py:188} INFO - [2025-05-04T22:30:34.745+0000] {dagbag.py:538} INFO - Filling up the DagBag from /home/airflow/.local/lib/python3.8/site-packages/airflow/example_dags/example_dynamic_task_mapping.py
[2025-05-04T22:30:34.748+0000] {processor.py:840} INFO - DAG(s) 'example_dynamic_task_mapping' retrieved from /home/airflow/.local/lib/python3.8/site-packages/airflow/example_dags/example_dynamic_task_mapping.py
[2025-05-04T22:30:34.756+0000] {logging_mixin.py:188} INFO - [2025-05-04T22:30:34.756+0000] {dag.py:3033} INFO - Sync 1 DAGs
[2025-05-04T22:30:34.764+0000] {logging_mixin.py:188} INFO - [2025-05-04T22:30:34.764+0000] {dag.py:3820} INFO - Setting next_dagrun for example_dynamic_task_mapping to 2022-03-04T00:00:00+00:00, run_after=2022-03-05T00:00:00+00:00
[2025-05-04T22:30:34.770+0000] {processor.py:183} INFO - Processing /home/airflow/.local/lib/python3.8/site-packages/airflow/example_dags/example_dynamic_task_mapping.py took 0.028 seconds
[2025-05-04T22:31:13.651+0000] {processor.py:161} INFO - Started process (PID=50) to work on /home/airflow/.local/lib/python3.8/site-packages/airflow/example_dags/example_dynamic_task_mapping.py
[2025-05-04T22:31:13.653+0000] {processor.py:830} INFO - Processing file /home/airflow/.local/lib/python3.8/site-packages/airflow/example_dags/example_dynamic_task_mapping.py for tasks to queue
[2025-05-04T22:31:13.656+0000] {logging_mixin.py:188} INFO - [2025-05-04T22:31:13.656+0000] {dagbag.py:538} INFO - Filling up the DagBag from /home/airflow/.local/lib/python3.8/site-packages/airflow/example_dags/example_dynamic_task_mapping.py
[2025-05-04T22:31:13.665+0000] {processor.py:840} INFO - DAG(s) 'example_dynamic_task_mapping' retrieved from /home/airflow/.local/lib/python3.8/site-packages/airflow/example_dags/example_dynamic_task_mapping.py
[2025-05-04T22:31:13.686+0000] {logging_mixin.py:188} INFO - [2025-05-04T22:31:13.686+0000] {dag.py:3033} INFO - Sync 1 DAGs
[2025-05-04T22:31:13.716+0000] {logging_mixin.py:188} INFO - [2025-05-04T22:31:13.715+0000] {dag.py:3820} INFO - Setting next_dagrun for example_dynamic_task_mapping to 2022-03-04T00:00:00+00:00, run_after=2022-03-05T00:00:00+00:00
[2025-05-04T22:31:13.757+0000] {processor.py:183} INFO - Processing /home/airflow/.local/lib/python3.8/site-packages/airflow/example_dags/example_dynamic_task_mapping.py took 0.109 seconds
[2025-05-04T22:31:43.975+0000] {processor.py:161} INFO - Started process (PID=106) to work on /home/airflow/.local/lib/python3.8/site-packages/airflow/example_dags/example_dynamic_task_mapping.py
[2025-05-04T22:31:43.978+0000] {processor.py:830} INFO - Processing file /home/airflow/.local/lib/python3.8/site-packages/airflow/example_dags/example_dynamic_task_mapping.py for tasks to queue
[2025-05-04T22:31:43.981+0000] {logging_mixin.py:188} INFO - [2025-05-04T22:31:43.980+0000] {dagbag.py:538} INFO - Filling up the DagBag from /home/airflow/.local/lib/python3.8/site-packages/airflow/example_dags/example_dynamic_task_mapping.py
[2025-05-04T22:31:43.984+0000] {processor.py:840} INFO - DAG(s) 'example_dynamic_task_mapping' retrieved from /home/airflow/.local/lib/python3.8/site-packages/airflow/example_dags/example_dynamic_task_mapping.py
[2025-05-04T22:31:44.026+0000] {logging_mixin.py:188} INFO - [2025-05-04T22:31:44.026+0000] {dag.py:3033} INFO - Sync 1 DAGs
[2025-05-04T22:31:44.035+0000] {logging_mixin.py:188} INFO - [2025-05-04T22:31:44.034+0000] {dag.py:3820} INFO - Setting next_dagrun for example_dynamic_task_mapping to 2022-03-04T00:00:00+00:00, run_after=2022-03-05T00:00:00+00:00
[2025-05-04T22:31:44.043+0000] {processor.py:183} INFO - Processing /home/airflow/.local/lib/python3.8/site-packages/airflow/example_dags/example_dynamic_task_mapping.py took 0.070 seconds
[2025-05-04T22:32:14.308+0000] {processor.py:161} INFO - Started process (PID=166) to work on /home/airflow/.local/lib/python3.8/site-packages/airflow/example_dags/example_dynamic_task_mapping.py
[2025-05-04T22:32:14.309+0000] {processor.py:830} INFO - Processing file /home/airflow/.local/lib/python3.8/site-packages/airflow/example_dags/example_dynamic_task_mapping.py for tasks to queue
[2025-05-04T22:32:14.310+0000] {logging_mixin.py:188} INFO - [2025-05-04T22:32:14.310+0000] {dagbag.py:538} INFO - Filling up the DagBag from /home/airflow/.local/lib/python3.8/site-packages/airflow/example_dags/example_dynamic_task_mapping.py
[2025-05-04T22:32:14.312+0000] {processor.py:840} INFO - DAG(s) 'example_dynamic_task_mapping' retrieved from /home/airflow/.local/lib/python3.8/site-packages/airflow/example_dags/example_dynamic_task_mapping.py
[2025-05-04T22:32:14.320+0000] {logging_mixin.py:188} INFO - [2025-05-04T22:32:14.320+0000] {dag.py:3033} INFO - Sync 1 DAGs
[2025-05-04T22:32:14.328+0000] {logging_mixin.py:188} INFO - [2025-05-04T22:32:14.328+0000] {dag.py:3820} INFO - Setting next_dagrun for example_dynamic_task_mapping to 2022-03-04T00:00:00+00:00, run_after=2022-03-05T00:00:00+00:00
[2025-05-04T22:32:14.334+0000] {processor.py:183} INFO - Processing /home/airflow/.local/lib/python3.8/site-packages/airflow/example_dags/example_dynamic_task_mapping.py took 0.027 seconds
[2025-05-04T22:32:45.156+0000] {processor.py:161} INFO - Started process (PID=222) to work on /home/airflow/.local/lib/python3.8/site-packages/airflow/example_dags/example_dynamic_task_mapping.py
[2025-05-04T22:32:45.158+0000] {processor.py:830} INFO - Processing file /home/airflow/.local/lib/python3.8/site-packages/airflow/example_dags/example_dynamic_task_mapping.py for tasks to queue
[2025-05-04T22:32:45.160+0000] {logging_mixin.py:188} INFO - [2025-05-04T22:32:45.160+0000] {dagbag.py:538} INFO - Filling up the DagBag from /home/airflow/.local/lib/python3.8/site-packages/airflow/example_dags/example_dynamic_task_mapping.py
[2025-05-04T22:32:45.163+0000] {processor.py:840} INFO - DAG(s) 'example_dynamic_task_mapping' retrieved from /home/airflow/.local/lib/python3.8/site-packages/airflow/example_dags/example_dynamic_task_mapping.py
[2025-05-04T22:32:45.175+0000] {logging_mixin.py:188} INFO - [2025-05-04T22:32:45.175+0000] {dag.py:3033} INFO - Sync 1 DAGs
[2025-05-04T22:32:45.187+0000] {logging_mixin.py:188} INFO - [2025-05-04T22:32:45.186+0000] {dag.py:3820} INFO - Setting next_dagrun for example_dynamic_task_mapping to 2022-03-04T00:00:00+00:00, run_after=2022-03-05T00:00:00+00:00
[2025-05-04T22:32:45.195+0000] {processor.py:183} INFO - Processing /home/airflow/.local/lib/python3.8/site-packages/airflow/example_dags/example_dynamic_task_mapping.py took 0.041 seconds
[2025-05-04T22:33:15.891+0000] {processor.py:161} INFO - Started process (PID=278) to work on /home/airflow/.local/lib/python3.8/site-packages/airflow/example_dags/example_dynamic_task_mapping.py
[2025-05-04T22:33:15.892+0000] {processor.py:830} INFO - Processing file /home/airflow/.local/lib/python3.8/site-packages/airflow/example_dags/example_dynamic_task_mapping.py for tasks to queue
[2025-05-04T22:33:15.893+0000] {logging_mixin.py:188} INFO - [2025-05-04T22:33:15.893+0000] {dagbag.py:538} INFO - Filling up the DagBag from /home/airflow/.local/lib/python3.8/site-packages/airflow/example_dags/example_dynamic_task_mapping.py
[2025-05-04T22:33:15.896+0000] {processor.py:840} INFO - DAG(s) 'example_dynamic_task_mapping' retrieved from /home/airflow/.local/lib/python3.8/site-packages/airflow/example_dags/example_dynamic_task_mapping.py
[2025-05-04T22:33:15.905+0000] {logging_mixin.py:188} INFO - [2025-05-04T22:33:15.905+0000] {dag.py:3033} INFO - Sync 1 DAGs
[2025-05-04T22:33:15.915+0000] {logging_mixin.py:188} INFO - [2025-05-04T22:33:15.915+0000] {dag.py:3820} INFO - Setting next_dagrun for example_dynamic_task_mapping to 2022-03-04T00:00:00+00:00, run_after=2022-03-05T00:00:00+00:00
[2025-05-04T22:33:15.927+0000] {processor.py:183} INFO - Processing /home/airflow/.local/lib/python3.8/site-packages/airflow/example_dags/example_dynamic_task_mapping.py took 0.037 seconds
[2025-05-04T22:33:46.567+0000] {processor.py:161} INFO - Started process (PID=334) to work on /home/airflow/.local/lib/python3.8/site-packages/airflow/example_dags/example_dynamic_task_mapping.py
[2025-05-04T22:33:46.571+0000] {processor.py:830} INFO - Processing file /home/airflow/.local/lib/python3.8/site-packages/airflow/example_dags/example_dynamic_task_mapping.py for tasks to queue
[2025-05-04T22:33:46.572+0000] {logging_mixin.py:188} INFO - [2025-05-04T22:33:46.572+0000] {dagbag.py:538} INFO - Filling up the DagBag from /home/airflow/.local/lib/python3.8/site-packages/airflow/example_dags/example_dynamic_task_mapping.py
[2025-05-04T22:33:46.574+0000] {processor.py:840} INFO - DAG(s) 'example_dynamic_task_mapping' retrieved from /home/airflow/.local/lib/python3.8/site-packages/airflow/example_dags/example_dynamic_task_mapping.py
[2025-05-04T22:33:46.584+0000] {logging_mixin.py:188} INFO - [2025-05-04T22:33:46.584+0000] {dag.py:3033} INFO - Sync 1 DAGs
[2025-05-04T22:33:46.593+0000] {logging_mixin.py:188} INFO - [2025-05-04T22:33:46.593+0000] {dag.py:3820} INFO - Setting next_dagrun for example_dynamic_task_mapping to 2022-03-04T00:00:00+00:00, run_after=2022-03-05T00:00:00+00:00
[2025-05-04T22:33:46.600+0000] {processor.py:183} INFO - Processing /home/airflow/.local/lib/python3.8/site-packages/airflow/example_dags/example_dynamic_task_mapping.py took 0.035 seconds
[2025-05-04T22:34:17.217+0000] {processor.py:161} INFO - Started process (PID=390) to work on /home/airflow/.local/lib/python3.8/site-packages/airflow/example_dags/example_dynamic_task_mapping.py
[2025-05-04T22:34:17.218+0000] {processor.py:830} INFO - Processing file /home/airflow/.local/lib/python3.8/site-packages/airflow/example_dags/example_dynamic_task_mapping.py for tasks to queue
[2025-05-04T22:34:17.219+0000] {logging_mixin.py:188} INFO - [2025-05-04T22:34:17.219+0000] {dagbag.py:538} INFO - Filling up the DagBag from /home/airflow/.local/lib/python3.8/site-packages/airflow/example_dags/example_dynamic_task_mapping.py
[2025-05-04T22:34:17.222+0000] {processor.py:840} INFO - DAG(s) 'example_dynamic_task_mapping' retrieved from /home/airflow/.local/lib/python3.8/site-packages/airflow/example_dags/example_dynamic_task_mapping.py
[2025-05-04T22:34:17.233+0000] {logging_mixin.py:188} INFO - [2025-05-04T22:34:17.233+0000] {dag.py:3033} INFO - Sync 1 DAGs
[2025-05-04T22:34:17.245+0000] {logging_mixin.py:188} INFO - [2025-05-04T22:34:17.244+0000] {dag.py:3820} INFO - Setting next_dagrun for example_dynamic_task_mapping to 2022-03-04T00:00:00+00:00, run_after=2022-03-05T00:00:00+00:00
[2025-05-04T22:34:17.256+0000] {processor.py:183} INFO - Processing /home/airflow/.local/lib/python3.8/site-packages/airflow/example_dags/example_dynamic_task_mapping.py took 0.041 seconds
[2025-05-04T22:36:24.757+0000] {processor.py:161} INFO - Started process (PID=48) to work on /home/airflow/.local/lib/python3.8/site-packages/airflow/example_dags/example_dynamic_task_mapping.py
[2025-05-04T22:36:24.758+0000] {processor.py:830} INFO - Processing file /home/airflow/.local/lib/python3.8/site-packages/airflow/example_dags/example_dynamic_task_mapping.py for tasks to queue
[2025-05-04T22:36:24.762+0000] {logging_mixin.py:188} INFO - [2025-05-04T22:36:24.761+0000] {dagbag.py:538} INFO - Filling up the DagBag from /home/airflow/.local/lib/python3.8/site-packages/airflow/example_dags/example_dynamic_task_mapping.py
[2025-05-04T22:36:24.774+0000] {processor.py:840} INFO - DAG(s) 'example_dynamic_task_mapping' retrieved from /home/airflow/.local/lib/python3.8/site-packages/airflow/example_dags/example_dynamic_task_mapping.py
[2025-05-04T22:36:24.792+0000] {logging_mixin.py:188} INFO - [2025-05-04T22:36:24.792+0000] {dag.py:3033} INFO - Sync 1 DAGs
[2025-05-04T22:36:24.815+0000] {logging_mixin.py:188} INFO - [2025-05-04T22:36:24.815+0000] {dag.py:3820} INFO - Setting next_dagrun for example_dynamic_task_mapping to 2022-03-04T00:00:00+00:00, run_after=2022-03-05T00:00:00+00:00
[2025-05-04T22:36:24.855+0000] {processor.py:183} INFO - Processing /home/airflow/.local/lib/python3.8/site-packages/airflow/example_dags/example_dynamic_task_mapping.py took 0.104 seconds
[2025-05-04T22:36:55.150+0000] {processor.py:161} INFO - Started process (PID=104) to work on /home/airflow/.local/lib/python3.8/site-packages/airflow/example_dags/example_dynamic_task_mapping.py
[2025-05-04T22:36:55.151+0000] {processor.py:830} INFO - Processing file /home/airflow/.local/lib/python3.8/site-packages/airflow/example_dags/example_dynamic_task_mapping.py for tasks to queue
[2025-05-04T22:36:55.153+0000] {logging_mixin.py:188} INFO - [2025-05-04T22:36:55.153+0000] {dagbag.py:538} INFO - Filling up the DagBag from /home/airflow/.local/lib/python3.8/site-packages/airflow/example_dags/example_dynamic_task_mapping.py
[2025-05-04T22:36:55.157+0000] {processor.py:840} INFO - DAG(s) 'example_dynamic_task_mapping' retrieved from /home/airflow/.local/lib/python3.8/site-packages/airflow/example_dags/example_dynamic_task_mapping.py
[2025-05-04T22:36:55.199+0000] {logging_mixin.py:188} INFO - [2025-05-04T22:36:55.199+0000] {dag.py:3033} INFO - Sync 1 DAGs
[2025-05-04T22:36:55.211+0000] {logging_mixin.py:188} INFO - [2025-05-04T22:36:55.211+0000] {dag.py:3820} INFO - Setting next_dagrun for example_dynamic_task_mapping to 2022-03-04T00:00:00+00:00, run_after=2022-03-05T00:00:00+00:00
[2025-05-04T22:36:55.219+0000] {processor.py:183} INFO - Processing /home/airflow/.local/lib/python3.8/site-packages/airflow/example_dags/example_dynamic_task_mapping.py took 0.070 seconds
[2025-05-04T22:37:25.568+0000] {processor.py:161} INFO - Started process (PID=160) to work on /home/airflow/.local/lib/python3.8/site-packages/airflow/example_dags/example_dynamic_task_mapping.py
[2025-05-04T22:37:25.570+0000] {processor.py:830} INFO - Processing file /home/airflow/.local/lib/python3.8/site-packages/airflow/example_dags/example_dynamic_task_mapping.py for tasks to queue
[2025-05-04T22:37:25.571+0000] {logging_mixin.py:188} INFO - [2025-05-04T22:37:25.571+0000] {dagbag.py:538} INFO - Filling up the DagBag from /home/airflow/.local/lib/python3.8/site-packages/airflow/example_dags/example_dynamic_task_mapping.py
[2025-05-04T22:37:25.574+0000] {processor.py:840} INFO - DAG(s) 'example_dynamic_task_mapping' retrieved from /home/airflow/.local/lib/python3.8/site-packages/airflow/example_dags/example_dynamic_task_mapping.py
[2025-05-04T22:37:25.587+0000] {logging_mixin.py:188} INFO - [2025-05-04T22:37:25.586+0000] {dag.py:3033} INFO - Sync 1 DAGs
[2025-05-04T22:37:25.597+0000] {logging_mixin.py:188} INFO - [2025-05-04T22:37:25.597+0000] {dag.py:3820} INFO - Setting next_dagrun for example_dynamic_task_mapping to 2022-03-04T00:00:00+00:00, run_after=2022-03-05T00:00:00+00:00
[2025-05-04T22:37:25.607+0000] {processor.py:183} INFO - Processing /home/airflow/.local/lib/python3.8/site-packages/airflow/example_dags/example_dynamic_task_mapping.py took 0.040 seconds
[2025-05-04T22:37:56.315+0000] {processor.py:161} INFO - Started process (PID=216) to work on /home/airflow/.local/lib/python3.8/site-packages/airflow/example_dags/example_dynamic_task_mapping.py
[2025-05-04T22:37:56.315+0000] {processor.py:830} INFO - Processing file /home/airflow/.local/lib/python3.8/site-packages/airflow/example_dags/example_dynamic_task_mapping.py for tasks to queue
[2025-05-04T22:37:56.316+0000] {logging_mixin.py:188} INFO - [2025-05-04T22:37:56.316+0000] {dagbag.py:538} INFO - Filling up the DagBag from /home/airflow/.local/lib/python3.8/site-packages/airflow/example_dags/example_dynamic_task_mapping.py
[2025-05-04T22:37:56.319+0000] {processor.py:840} INFO - DAG(s) 'example_dynamic_task_mapping' retrieved from /home/airflow/.local/lib/python3.8/site-packages/airflow/example_dags/example_dynamic_task_mapping.py
[2025-05-04T22:37:56.327+0000] {logging_mixin.py:188} INFO - [2025-05-04T22:37:56.327+0000] {dag.py:3033} INFO - Sync 1 DAGs
[2025-05-04T22:37:56.336+0000] {logging_mixin.py:188} INFO - [2025-05-04T22:37:56.336+0000] {dag.py:3820} INFO - Setting next_dagrun for example_dynamic_task_mapping to 2022-03-04T00:00:00+00:00, run_after=2022-03-05T00:00:00+00:00
[2025-05-04T22:37:56.343+0000] {processor.py:183} INFO - Processing /home/airflow/.local/lib/python3.8/site-packages/airflow/example_dags/example_dynamic_task_mapping.py took 0.029 seconds
[2025-05-04T22:38:26.971+0000] {processor.py:161} INFO - Started process (PID=272) to work on /home/airflow/.local/lib/python3.8/site-packages/airflow/example_dags/example_dynamic_task_mapping.py
[2025-05-04T22:38:26.971+0000] {processor.py:830} INFO - Processing file /home/airflow/.local/lib/python3.8/site-packages/airflow/example_dags/example_dynamic_task_mapping.py for tasks to queue
[2025-05-04T22:38:26.972+0000] {logging_mixin.py:188} INFO - [2025-05-04T22:38:26.972+0000] {dagbag.py:538} INFO - Filling up the DagBag from /home/airflow/.local/lib/python3.8/site-packages/airflow/example_dags/example_dynamic_task_mapping.py
[2025-05-04T22:38:26.975+0000] {processor.py:840} INFO - DAG(s) 'example_dynamic_task_mapping' retrieved from /home/airflow/.local/lib/python3.8/site-packages/airflow/example_dags/example_dynamic_task_mapping.py
[2025-05-04T22:38:26.987+0000] {logging_mixin.py:188} INFO - [2025-05-04T22:38:26.987+0000] {dag.py:3033} INFO - Sync 1 DAGs
[2025-05-04T22:38:27.000+0000] {logging_mixin.py:188} INFO - [2025-05-04T22:38:26.999+0000] {dag.py:3820} INFO - Setting next_dagrun for example_dynamic_task_mapping to 2022-03-04T00:00:00+00:00, run_after=2022-03-05T00:00:00+00:00
[2025-05-04T22:38:27.009+0000] {processor.py:183} INFO - Processing /home/airflow/.local/lib/python3.8/site-packages/airflow/example_dags/example_dynamic_task_mapping.py took 0.040 seconds
[2025-05-04T22:38:57.717+0000] {processor.py:161} INFO - Started process (PID=328) to work on /home/airflow/.local/lib/python3.8/site-packages/airflow/example_dags/example_dynamic_task_mapping.py
[2025-05-04T22:38:57.718+0000] {processor.py:830} INFO - Processing file /home/airflow/.local/lib/python3.8/site-packages/airflow/example_dags/example_dynamic_task_mapping.py for tasks to queue
[2025-05-04T22:38:57.719+0000] {logging_mixin.py:188} INFO - [2025-05-04T22:38:57.719+0000] {dagbag.py:538} INFO - Filling up the DagBag from /home/airflow/.local/lib/python3.8/site-packages/airflow/example_dags/example_dynamic_task_mapping.py
[2025-05-04T22:38:57.721+0000] {processor.py:840} INFO - DAG(s) 'example_dynamic_task_mapping' retrieved from /home/airflow/.local/lib/python3.8/site-packages/airflow/example_dags/example_dynamic_task_mapping.py
[2025-05-04T22:38:57.729+0000] {logging_mixin.py:188} INFO - [2025-05-04T22:38:57.729+0000] {dag.py:3033} INFO - Sync 1 DAGs
[2025-05-04T22:38:57.739+0000] {logging_mixin.py:188} INFO - [2025-05-04T22:38:57.739+0000] {dag.py:3820} INFO - Setting next_dagrun for example_dynamic_task_mapping to 2022-03-04T00:00:00+00:00, run_after=2022-03-05T00:00:00+00:00
[2025-05-04T22:38:57.745+0000] {processor.py:183} INFO - Processing /home/airflow/.local/lib/python3.8/site-packages/airflow/example_dags/example_dynamic_task_mapping.py took 0.029 seconds
[2025-05-04T22:39:28.507+0000] {processor.py:161} INFO - Started process (PID=384) to work on /home/airflow/.local/lib/python3.8/site-packages/airflow/example_dags/example_dynamic_task_mapping.py
[2025-05-04T22:39:28.508+0000] {processor.py:830} INFO - Processing file /home/airflow/.local/lib/python3.8/site-packages/airflow/example_dags/example_dynamic_task_mapping.py for tasks to queue
[2025-05-04T22:39:28.509+0000] {logging_mixin.py:188} INFO - [2025-05-04T22:39:28.509+0000] {dagbag.py:538} INFO - Filling up the DagBag from /home/airflow/.local/lib/python3.8/site-packages/airflow/example_dags/example_dynamic_task_mapping.py
[2025-05-04T22:39:28.512+0000] {processor.py:840} INFO - DAG(s) 'example_dynamic_task_mapping' retrieved from /home/airflow/.local/lib/python3.8/site-packages/airflow/example_dags/example_dynamic_task_mapping.py
[2025-05-04T22:39:28.525+0000] {logging_mixin.py:188} INFO - [2025-05-04T22:39:28.524+0000] {dag.py:3033} INFO - Sync 1 DAGs
[2025-05-04T22:39:28.539+0000] {logging_mixin.py:188} INFO - [2025-05-04T22:39:28.539+0000] {dag.py:3820} INFO - Setting next_dagrun for example_dynamic_task_mapping to 2022-03-04T00:00:00+00:00, run_after=2022-03-05T00:00:00+00:00
[2025-05-04T22:39:28.552+0000] {processor.py:183} INFO - Processing /home/airflow/.local/lib/python3.8/site-packages/airflow/example_dags/example_dynamic_task_mapping.py took 0.047 seconds
[2025-05-04T22:39:59.359+0000] {processor.py:161} INFO - Started process (PID=441) to work on /home/airflow/.local/lib/python3.8/site-packages/airflow/example_dags/example_dynamic_task_mapping.py
[2025-05-04T22:39:59.363+0000] {processor.py:830} INFO - Processing file /home/airflow/.local/lib/python3.8/site-packages/airflow/example_dags/example_dynamic_task_mapping.py for tasks to queue
[2025-05-04T22:39:59.364+0000] {logging_mixin.py:188} INFO - [2025-05-04T22:39:59.364+0000] {dagbag.py:538} INFO - Filling up the DagBag from /home/airflow/.local/lib/python3.8/site-packages/airflow/example_dags/example_dynamic_task_mapping.py
[2025-05-04T22:39:59.367+0000] {processor.py:840} INFO - DAG(s) 'example_dynamic_task_mapping' retrieved from /home/airflow/.local/lib/python3.8/site-packages/airflow/example_dags/example_dynamic_task_mapping.py
[2025-05-04T22:39:59.385+0000] {logging_mixin.py:188} INFO - [2025-05-04T22:39:59.384+0000] {dag.py:3033} INFO - Sync 1 DAGs
[2025-05-04T22:39:59.396+0000] {logging_mixin.py:188} INFO - [2025-05-04T22:39:59.396+0000] {dag.py:3820} INFO - Setting next_dagrun for example_dynamic_task_mapping to 2022-03-04T00:00:00+00:00, run_after=2022-03-05T00:00:00+00:00
[2025-05-04T22:39:59.405+0000] {processor.py:183} INFO - Processing /home/airflow/.local/lib/python3.8/site-packages/airflow/example_dags/example_dynamic_task_mapping.py took 0.048 seconds
[2025-05-04T22:40:30.372+0000] {processor.py:161} INFO - Started process (PID=497) to work on /home/airflow/.local/lib/python3.8/site-packages/airflow/example_dags/example_dynamic_task_mapping.py
[2025-05-04T22:40:30.373+0000] {processor.py:830} INFO - Processing file /home/airflow/.local/lib/python3.8/site-packages/airflow/example_dags/example_dynamic_task_mapping.py for tasks to queue
[2025-05-04T22:40:30.374+0000] {logging_mixin.py:188} INFO - [2025-05-04T22:40:30.374+0000] {dagbag.py:538} INFO - Filling up the DagBag from /home/airflow/.local/lib/python3.8/site-packages/airflow/example_dags/example_dynamic_task_mapping.py
[2025-05-04T22:40:30.377+0000] {processor.py:840} INFO - DAG(s) 'example_dynamic_task_mapping' retrieved from /home/airflow/.local/lib/python3.8/site-packages/airflow/example_dags/example_dynamic_task_mapping.py
[2025-05-04T22:40:30.392+0000] {logging_mixin.py:188} INFO - [2025-05-04T22:40:30.392+0000] {dag.py:3033} INFO - Sync 1 DAGs
[2025-05-04T22:40:30.408+0000] {logging_mixin.py:188} INFO - [2025-05-04T22:40:30.408+0000] {dag.py:3820} INFO - Setting next_dagrun for example_dynamic_task_mapping to 2022-03-04T00:00:00+00:00, run_after=2022-03-05T00:00:00+00:00
[2025-05-04T22:40:30.421+0000] {processor.py:183} INFO - Processing /home/airflow/.local/lib/python3.8/site-packages/airflow/example_dags/example_dynamic_task_mapping.py took 0.052 seconds
[2025-05-04T22:41:00.488+0000] {processor.py:161} INFO - Started process (PID=553) to work on /home/airflow/.local/lib/python3.8/site-packages/airflow/example_dags/example_dynamic_task_mapping.py
[2025-05-04T22:41:00.489+0000] {processor.py:830} INFO - Processing file /home/airflow/.local/lib/python3.8/site-packages/airflow/example_dags/example_dynamic_task_mapping.py for tasks to queue
[2025-05-04T22:41:00.491+0000] {logging_mixin.py:188} INFO - [2025-05-04T22:41:00.491+0000] {dagbag.py:538} INFO - Filling up the DagBag from /home/airflow/.local/lib/python3.8/site-packages/airflow/example_dags/example_dynamic_task_mapping.py
[2025-05-04T22:41:00.497+0000] {processor.py:840} INFO - DAG(s) 'example_dynamic_task_mapping' retrieved from /home/airflow/.local/lib/python3.8/site-packages/airflow/example_dags/example_dynamic_task_mapping.py
[2025-05-04T22:41:00.511+0000] {logging_mixin.py:188} INFO - [2025-05-04T22:41:00.511+0000] {dag.py:3033} INFO - Sync 1 DAGs
[2025-05-04T22:41:00.524+0000] {logging_mixin.py:188} INFO - [2025-05-04T22:41:00.524+0000] {dag.py:3820} INFO - Setting next_dagrun for example_dynamic_task_mapping to 2022-03-04T00:00:00+00:00, run_after=2022-03-05T00:00:00+00:00
[2025-05-04T22:41:00.541+0000] {processor.py:183} INFO - Processing /home/airflow/.local/lib/python3.8/site-packages/airflow/example_dags/example_dynamic_task_mapping.py took 0.054 seconds
[2025-05-04T22:41:31.225+0000] {processor.py:161} INFO - Started process (PID=609) to work on /home/airflow/.local/lib/python3.8/site-packages/airflow/example_dags/example_dynamic_task_mapping.py
[2025-05-04T22:41:31.226+0000] {processor.py:830} INFO - Processing file /home/airflow/.local/lib/python3.8/site-packages/airflow/example_dags/example_dynamic_task_mapping.py for tasks to queue
[2025-05-04T22:41:31.227+0000] {logging_mixin.py:188} INFO - [2025-05-04T22:41:31.227+0000] {dagbag.py:538} INFO - Filling up the DagBag from /home/airflow/.local/lib/python3.8/site-packages/airflow/example_dags/example_dynamic_task_mapping.py
[2025-05-04T22:41:31.230+0000] {processor.py:840} INFO - DAG(s) 'example_dynamic_task_mapping' retrieved from /home/airflow/.local/lib/python3.8/site-packages/airflow/example_dags/example_dynamic_task_mapping.py
[2025-05-04T22:41:31.239+0000] {logging_mixin.py:188} INFO - [2025-05-04T22:41:31.238+0000] {dag.py:3033} INFO - Sync 1 DAGs
[2025-05-04T22:41:31.249+0000] {logging_mixin.py:188} INFO - [2025-05-04T22:41:31.249+0000] {dag.py:3820} INFO - Setting next_dagrun for example_dynamic_task_mapping to 2022-03-04T00:00:00+00:00, run_after=2022-03-05T00:00:00+00:00
[2025-05-04T22:41:31.261+0000] {processor.py:183} INFO - Processing /home/airflow/.local/lib/python3.8/site-packages/airflow/example_dags/example_dynamic_task_mapping.py took 0.038 seconds
[2025-05-04T22:42:02.071+0000] {processor.py:161} INFO - Started process (PID=665) to work on /home/airflow/.local/lib/python3.8/site-packages/airflow/example_dags/example_dynamic_task_mapping.py
[2025-05-04T22:42:02.071+0000] {processor.py:830} INFO - Processing file /home/airflow/.local/lib/python3.8/site-packages/airflow/example_dags/example_dynamic_task_mapping.py for tasks to queue
[2025-05-04T22:42:02.073+0000] {logging_mixin.py:188} INFO - [2025-05-04T22:42:02.073+0000] {dagbag.py:538} INFO - Filling up the DagBag from /home/airflow/.local/lib/python3.8/site-packages/airflow/example_dags/example_dynamic_task_mapping.py
[2025-05-04T22:42:02.077+0000] {processor.py:840} INFO - DAG(s) 'example_dynamic_task_mapping' retrieved from /home/airflow/.local/lib/python3.8/site-packages/airflow/example_dags/example_dynamic_task_mapping.py
[2025-05-04T22:42:02.086+0000] {logging_mixin.py:188} INFO - [2025-05-04T22:42:02.085+0000] {dag.py:3033} INFO - Sync 1 DAGs
[2025-05-04T22:42:02.096+0000] {logging_mixin.py:188} INFO - [2025-05-04T22:42:02.096+0000] {dag.py:3820} INFO - Setting next_dagrun for example_dynamic_task_mapping to 2022-03-04T00:00:00+00:00, run_after=2022-03-05T00:00:00+00:00
[2025-05-04T22:42:02.105+0000] {processor.py:183} INFO - Processing /home/airflow/.local/lib/python3.8/site-packages/airflow/example_dags/example_dynamic_task_mapping.py took 0.036 seconds
[2025-05-04T22:42:32.840+0000] {processor.py:161} INFO - Started process (PID=721) to work on /home/airflow/.local/lib/python3.8/site-packages/airflow/example_dags/example_dynamic_task_mapping.py
[2025-05-04T22:42:32.841+0000] {processor.py:830} INFO - Processing file /home/airflow/.local/lib/python3.8/site-packages/airflow/example_dags/example_dynamic_task_mapping.py for tasks to queue
[2025-05-04T22:42:32.844+0000] {logging_mixin.py:188} INFO - [2025-05-04T22:42:32.842+0000] {dagbag.py:538} INFO - Filling up the DagBag from /home/airflow/.local/lib/python3.8/site-packages/airflow/example_dags/example_dynamic_task_mapping.py
[2025-05-04T22:42:32.847+0000] {processor.py:840} INFO - DAG(s) 'example_dynamic_task_mapping' retrieved from /home/airflow/.local/lib/python3.8/site-packages/airflow/example_dags/example_dynamic_task_mapping.py
[2025-05-04T22:42:32.859+0000] {logging_mixin.py:188} INFO - [2025-05-04T22:42:32.859+0000] {dag.py:3033} INFO - Sync 1 DAGs
[2025-05-04T22:42:32.871+0000] {logging_mixin.py:188} INFO - [2025-05-04T22:42:32.870+0000] {dag.py:3820} INFO - Setting next_dagrun for example_dynamic_task_mapping to 2022-03-04T00:00:00+00:00, run_after=2022-03-05T00:00:00+00:00
[2025-05-04T22:42:32.880+0000] {processor.py:183} INFO - Processing /home/airflow/.local/lib/python3.8/site-packages/airflow/example_dags/example_dynamic_task_mapping.py took 0.042 seconds
[2025-05-04T22:43:03.707+0000] {processor.py:161} INFO - Started process (PID=777) to work on /home/airflow/.local/lib/python3.8/site-packages/airflow/example_dags/example_dynamic_task_mapping.py
[2025-05-04T22:43:03.708+0000] {processor.py:830} INFO - Processing file /home/airflow/.local/lib/python3.8/site-packages/airflow/example_dags/example_dynamic_task_mapping.py for tasks to queue
[2025-05-04T22:43:03.708+0000] {logging_mixin.py:188} INFO - [2025-05-04T22:43:03.708+0000] {dagbag.py:538} INFO - Filling up the DagBag from /home/airflow/.local/lib/python3.8/site-packages/airflow/example_dags/example_dynamic_task_mapping.py
[2025-05-04T22:43:03.711+0000] {processor.py:840} INFO - DAG(s) 'example_dynamic_task_mapping' retrieved from /home/airflow/.local/lib/python3.8/site-packages/airflow/example_dags/example_dynamic_task_mapping.py
[2025-05-04T22:43:03.719+0000] {logging_mixin.py:188} INFO - [2025-05-04T22:43:03.719+0000] {dag.py:3033} INFO - Sync 1 DAGs
[2025-05-04T22:43:03.729+0000] {logging_mixin.py:188} INFO - [2025-05-04T22:43:03.729+0000] {dag.py:3820} INFO - Setting next_dagrun for example_dynamic_task_mapping to 2022-03-04T00:00:00+00:00, run_after=2022-03-05T00:00:00+00:00
[2025-05-04T22:43:03.735+0000] {processor.py:183} INFO - Processing /home/airflow/.local/lib/python3.8/site-packages/airflow/example_dags/example_dynamic_task_mapping.py took 0.030 seconds
[2025-05-04T22:43:34.693+0000] {processor.py:161} INFO - Started process (PID=833) to work on /home/airflow/.local/lib/python3.8/site-packages/airflow/example_dags/example_dynamic_task_mapping.py
[2025-05-04T22:43:34.694+0000] {processor.py:830} INFO - Processing file /home/airflow/.local/lib/python3.8/site-packages/airflow/example_dags/example_dynamic_task_mapping.py for tasks to queue
[2025-05-04T22:43:34.695+0000] {logging_mixin.py:188} INFO - [2025-05-04T22:43:34.695+0000] {dagbag.py:538} INFO - Filling up the DagBag from /home/airflow/.local/lib/python3.8/site-packages/airflow/example_dags/example_dynamic_task_mapping.py
[2025-05-04T22:43:34.699+0000] {processor.py:840} INFO - DAG(s) 'example_dynamic_task_mapping' retrieved from /home/airflow/.local/lib/python3.8/site-packages/airflow/example_dags/example_dynamic_task_mapping.py
[2025-05-04T22:43:34.711+0000] {logging_mixin.py:188} INFO - [2025-05-04T22:43:34.711+0000] {dag.py:3033} INFO - Sync 1 DAGs
[2025-05-04T22:43:34.723+0000] {logging_mixin.py:188} INFO - [2025-05-04T22:43:34.723+0000] {dag.py:3820} INFO - Setting next_dagrun for example_dynamic_task_mapping to 2022-03-04T00:00:00+00:00, run_after=2022-03-05T00:00:00+00:00
[2025-05-04T22:43:34.735+0000] {processor.py:183} INFO - Processing /home/airflow/.local/lib/python3.8/site-packages/airflow/example_dags/example_dynamic_task_mapping.py took 0.043 seconds
[2025-05-04T22:44:05.452+0000] {processor.py:161} INFO - Started process (PID=889) to work on /home/airflow/.local/lib/python3.8/site-packages/airflow/example_dags/example_dynamic_task_mapping.py
[2025-05-04T22:44:05.453+0000] {processor.py:830} INFO - Processing file /home/airflow/.local/lib/python3.8/site-packages/airflow/example_dags/example_dynamic_task_mapping.py for tasks to queue
[2025-05-04T22:44:05.455+0000] {logging_mixin.py:188} INFO - [2025-05-04T22:44:05.455+0000] {dagbag.py:538} INFO - Filling up the DagBag from /home/airflow/.local/lib/python3.8/site-packages/airflow/example_dags/example_dynamic_task_mapping.py
[2025-05-04T22:44:05.459+0000] {processor.py:840} INFO - DAG(s) 'example_dynamic_task_mapping' retrieved from /home/airflow/.local/lib/python3.8/site-packages/airflow/example_dags/example_dynamic_task_mapping.py
[2025-05-04T22:44:05.471+0000] {logging_mixin.py:188} INFO - [2025-05-04T22:44:05.471+0000] {dag.py:3033} INFO - Sync 1 DAGs
[2025-05-04T22:44:05.484+0000] {logging_mixin.py:188} INFO - [2025-05-04T22:44:05.484+0000] {dag.py:3820} INFO - Setting next_dagrun for example_dynamic_task_mapping to 2022-03-04T00:00:00+00:00, run_after=2022-03-05T00:00:00+00:00
[2025-05-04T22:44:05.492+0000] {processor.py:183} INFO - Processing /home/airflow/.local/lib/python3.8/site-packages/airflow/example_dags/example_dynamic_task_mapping.py took 0.042 seconds
[2025-05-04T22:44:36.296+0000] {processor.py:161} INFO - Started process (PID=945) to work on /home/airflow/.local/lib/python3.8/site-packages/airflow/example_dags/example_dynamic_task_mapping.py
[2025-05-04T22:44:36.296+0000] {processor.py:830} INFO - Processing file /home/airflow/.local/lib/python3.8/site-packages/airflow/example_dags/example_dynamic_task_mapping.py for tasks to queue
[2025-05-04T22:44:36.297+0000] {logging_mixin.py:188} INFO - [2025-05-04T22:44:36.297+0000] {dagbag.py:538} INFO - Filling up the DagBag from /home/airflow/.local/lib/python3.8/site-packages/airflow/example_dags/example_dynamic_task_mapping.py
[2025-05-04T22:44:36.300+0000] {processor.py:840} INFO - DAG(s) 'example_dynamic_task_mapping' retrieved from /home/airflow/.local/lib/python3.8/site-packages/airflow/example_dags/example_dynamic_task_mapping.py
[2025-05-04T22:44:36.308+0000] {logging_mixin.py:188} INFO - [2025-05-04T22:44:36.308+0000] {dag.py:3033} INFO - Sync 1 DAGs
[2025-05-04T22:44:36.320+0000] {logging_mixin.py:188} INFO - [2025-05-04T22:44:36.320+0000] {dag.py:3820} INFO - Setting next_dagrun for example_dynamic_task_mapping to 2022-03-04T00:00:00+00:00, run_after=2022-03-05T00:00:00+00:00
[2025-05-04T22:44:36.333+0000] {processor.py:183} INFO - Processing /home/airflow/.local/lib/python3.8/site-packages/airflow/example_dags/example_dynamic_task_mapping.py took 0.039 seconds
[2025-05-04T22:45:07.088+0000] {processor.py:161} INFO - Started process (PID=1001) to work on /home/airflow/.local/lib/python3.8/site-packages/airflow/example_dags/example_dynamic_task_mapping.py
[2025-05-04T22:45:07.088+0000] {processor.py:830} INFO - Processing file /home/airflow/.local/lib/python3.8/site-packages/airflow/example_dags/example_dynamic_task_mapping.py for tasks to queue
[2025-05-04T22:45:07.089+0000] {logging_mixin.py:188} INFO - [2025-05-04T22:45:07.089+0000] {dagbag.py:538} INFO - Filling up the DagBag from /home/airflow/.local/lib/python3.8/site-packages/airflow/example_dags/example_dynamic_task_mapping.py
[2025-05-04T22:45:07.092+0000] {processor.py:840} INFO - DAG(s) 'example_dynamic_task_mapping' retrieved from /home/airflow/.local/lib/python3.8/site-packages/airflow/example_dags/example_dynamic_task_mapping.py
[2025-05-04T22:45:07.107+0000] {logging_mixin.py:188} INFO - [2025-05-04T22:45:07.107+0000] {dag.py:3033} INFO - Sync 1 DAGs
[2025-05-04T22:45:07.120+0000] {logging_mixin.py:188} INFO - [2025-05-04T22:45:07.120+0000] {dag.py:3820} INFO - Setting next_dagrun for example_dynamic_task_mapping to 2022-03-04T00:00:00+00:00, run_after=2022-03-05T00:00:00+00:00
[2025-05-04T22:45:07.129+0000] {processor.py:183} INFO - Processing /home/airflow/.local/lib/python3.8/site-packages/airflow/example_dags/example_dynamic_task_mapping.py took 0.043 seconds
[2025-05-04T22:45:37.990+0000] {processor.py:161} INFO - Started process (PID=1057) to work on /home/airflow/.local/lib/python3.8/site-packages/airflow/example_dags/example_dynamic_task_mapping.py
[2025-05-04T22:45:37.992+0000] {processor.py:830} INFO - Processing file /home/airflow/.local/lib/python3.8/site-packages/airflow/example_dags/example_dynamic_task_mapping.py for tasks to queue
[2025-05-04T22:45:37.993+0000] {logging_mixin.py:188} INFO - [2025-05-04T22:45:37.993+0000] {dagbag.py:538} INFO - Filling up the DagBag from /home/airflow/.local/lib/python3.8/site-packages/airflow/example_dags/example_dynamic_task_mapping.py
[2025-05-04T22:45:37.996+0000] {processor.py:840} INFO - DAG(s) 'example_dynamic_task_mapping' retrieved from /home/airflow/.local/lib/python3.8/site-packages/airflow/example_dags/example_dynamic_task_mapping.py
[2025-05-04T22:45:38.007+0000] {logging_mixin.py:188} INFO - [2025-05-04T22:45:38.007+0000] {dag.py:3033} INFO - Sync 1 DAGs
[2025-05-04T22:45:38.020+0000] {logging_mixin.py:188} INFO - [2025-05-04T22:45:38.019+0000] {dag.py:3820} INFO - Setting next_dagrun for example_dynamic_task_mapping to 2022-03-04T00:00:00+00:00, run_after=2022-03-05T00:00:00+00:00
[2025-05-04T22:45:38.030+0000] {processor.py:183} INFO - Processing /home/airflow/.local/lib/python3.8/site-packages/airflow/example_dags/example_dynamic_task_mapping.py took 0.041 seconds
[2025-05-04T22:46:31.035+0000] {processor.py:161} INFO - Started process (PID=49) to work on /home/airflow/.local/lib/python3.8/site-packages/airflow/example_dags/example_dynamic_task_mapping.py
[2025-05-04T22:46:31.039+0000] {processor.py:830} INFO - Processing file /home/airflow/.local/lib/python3.8/site-packages/airflow/example_dags/example_dynamic_task_mapping.py for tasks to queue
[2025-05-04T22:46:31.042+0000] {logging_mixin.py:188} INFO - [2025-05-04T22:46:31.041+0000] {dagbag.py:538} INFO - Filling up the DagBag from /home/airflow/.local/lib/python3.8/site-packages/airflow/example_dags/example_dynamic_task_mapping.py
[2025-05-04T22:46:31.061+0000] {processor.py:840} INFO - DAG(s) 'example_dynamic_task_mapping' retrieved from /home/airflow/.local/lib/python3.8/site-packages/airflow/example_dags/example_dynamic_task_mapping.py
[2025-05-04T22:46:31.076+0000] {logging_mixin.py:188} INFO - [2025-05-04T22:46:31.076+0000] {dag.py:3033} INFO - Sync 1 DAGs
[2025-05-04T22:46:31.096+0000] {logging_mixin.py:188} INFO - [2025-05-04T22:46:31.095+0000] {dag.py:3820} INFO - Setting next_dagrun for example_dynamic_task_mapping to 2022-03-04T00:00:00+00:00, run_after=2022-03-05T00:00:00+00:00
[2025-05-04T22:46:31.124+0000] {processor.py:183} INFO - Processing /home/airflow/.local/lib/python3.8/site-packages/airflow/example_dags/example_dynamic_task_mapping.py took 0.095 seconds
[2025-05-04T22:46:55.716+0000] {processor.py:161} INFO - Started process (PID=48) to work on /home/airflow/.local/lib/python3.8/site-packages/airflow/example_dags/example_dynamic_task_mapping.py
[2025-05-04T22:46:55.717+0000] {processor.py:830} INFO - Processing file /home/airflow/.local/lib/python3.8/site-packages/airflow/example_dags/example_dynamic_task_mapping.py for tasks to queue
[2025-05-04T22:46:55.723+0000] {logging_mixin.py:188} INFO - [2025-05-04T22:46:55.723+0000] {dagbag.py:538} INFO - Filling up the DagBag from /home/airflow/.local/lib/python3.8/site-packages/airflow/example_dags/example_dynamic_task_mapping.py
[2025-05-04T22:46:55.731+0000] {processor.py:840} INFO - DAG(s) 'example_dynamic_task_mapping' retrieved from /home/airflow/.local/lib/python3.8/site-packages/airflow/example_dags/example_dynamic_task_mapping.py
[2025-05-04T22:46:55.753+0000] {logging_mixin.py:188} INFO - [2025-05-04T22:46:55.752+0000] {dag.py:3033} INFO - Sync 1 DAGs
[2025-05-04T22:46:55.778+0000] {logging_mixin.py:188} INFO - [2025-05-04T22:46:55.778+0000] {dag.py:3820} INFO - Setting next_dagrun for example_dynamic_task_mapping to 2022-03-04T00:00:00+00:00, run_after=2022-03-05T00:00:00+00:00
[2025-05-04T22:46:55.799+0000] {processor.py:183} INFO - Processing /home/airflow/.local/lib/python3.8/site-packages/airflow/example_dags/example_dynamic_task_mapping.py took 0.087 seconds
[2025-05-04T22:47:51.273+0000] {processor.py:161} INFO - Started process (PID=49) to work on /home/airflow/.local/lib/python3.8/site-packages/airflow/example_dags/example_dynamic_task_mapping.py
[2025-05-04T22:47:51.275+0000] {processor.py:830} INFO - Processing file /home/airflow/.local/lib/python3.8/site-packages/airflow/example_dags/example_dynamic_task_mapping.py for tasks to queue
[2025-05-04T22:47:51.279+0000] {logging_mixin.py:188} INFO - [2025-05-04T22:47:51.278+0000] {dagbag.py:538} INFO - Filling up the DagBag from /home/airflow/.local/lib/python3.8/site-packages/airflow/example_dags/example_dynamic_task_mapping.py
[2025-05-04T22:47:51.285+0000] {processor.py:840} INFO - DAG(s) 'example_dynamic_task_mapping' retrieved from /home/airflow/.local/lib/python3.8/site-packages/airflow/example_dags/example_dynamic_task_mapping.py
[2025-05-04T22:47:51.302+0000] {logging_mixin.py:188} INFO - [2025-05-04T22:47:51.302+0000] {dag.py:3033} INFO - Sync 1 DAGs
[2025-05-04T22:47:51.324+0000] {logging_mixin.py:188} INFO - [2025-05-04T22:47:51.324+0000] {dag.py:3820} INFO - Setting next_dagrun for example_dynamic_task_mapping to 2022-03-04T00:00:00+00:00, run_after=2022-03-05T00:00:00+00:00
[2025-05-04T22:47:51.350+0000] {processor.py:183} INFO - Processing /home/airflow/.local/lib/python3.8/site-packages/airflow/example_dags/example_dynamic_task_mapping.py took 0.080 seconds
[2025-05-04T22:48:21.629+0000] {processor.py:161} INFO - Started process (PID=105) to work on /home/airflow/.local/lib/python3.8/site-packages/airflow/example_dags/example_dynamic_task_mapping.py
[2025-05-04T22:48:21.630+0000] {processor.py:830} INFO - Processing file /home/airflow/.local/lib/python3.8/site-packages/airflow/example_dags/example_dynamic_task_mapping.py for tasks to queue
[2025-05-04T22:48:21.631+0000] {logging_mixin.py:188} INFO - [2025-05-04T22:48:21.631+0000] {dagbag.py:538} INFO - Filling up the DagBag from /home/airflow/.local/lib/python3.8/site-packages/airflow/example_dags/example_dynamic_task_mapping.py
[2025-05-04T22:48:21.634+0000] {processor.py:840} INFO - DAG(s) 'example_dynamic_task_mapping' retrieved from /home/airflow/.local/lib/python3.8/site-packages/airflow/example_dags/example_dynamic_task_mapping.py
[2025-05-04T22:48:21.681+0000] {logging_mixin.py:188} INFO - [2025-05-04T22:48:21.681+0000] {dag.py:3033} INFO - Sync 1 DAGs
[2025-05-04T22:48:21.691+0000] {logging_mixin.py:188} INFO - [2025-05-04T22:48:21.691+0000] {dag.py:3820} INFO - Setting next_dagrun for example_dynamic_task_mapping to 2022-03-04T00:00:00+00:00, run_after=2022-03-05T00:00:00+00:00
[2025-05-04T22:48:21.706+0000] {processor.py:183} INFO - Processing /home/airflow/.local/lib/python3.8/site-packages/airflow/example_dags/example_dynamic_task_mapping.py took 0.079 seconds
[2025-05-04T22:48:51.852+0000] {processor.py:161} INFO - Started process (PID=161) to work on /home/airflow/.local/lib/python3.8/site-packages/airflow/example_dags/example_dynamic_task_mapping.py
[2025-05-04T22:48:51.854+0000] {processor.py:830} INFO - Processing file /home/airflow/.local/lib/python3.8/site-packages/airflow/example_dags/example_dynamic_task_mapping.py for tasks to queue
[2025-05-04T22:48:51.855+0000] {logging_mixin.py:188} INFO - [2025-05-04T22:48:51.855+0000] {dagbag.py:538} INFO - Filling up the DagBag from /home/airflow/.local/lib/python3.8/site-packages/airflow/example_dags/example_dynamic_task_mapping.py
[2025-05-04T22:48:51.859+0000] {processor.py:840} INFO - DAG(s) 'example_dynamic_task_mapping' retrieved from /home/airflow/.local/lib/python3.8/site-packages/airflow/example_dags/example_dynamic_task_mapping.py
[2025-05-04T22:48:51.867+0000] {logging_mixin.py:188} INFO - [2025-05-04T22:48:51.867+0000] {dag.py:3033} INFO - Sync 1 DAGs
[2025-05-04T22:48:51.878+0000] {logging_mixin.py:188} INFO - [2025-05-04T22:48:51.878+0000] {dag.py:3820} INFO - Setting next_dagrun for example_dynamic_task_mapping to 2022-03-04T00:00:00+00:00, run_after=2022-03-05T00:00:00+00:00
[2025-05-04T22:48:51.890+0000] {processor.py:183} INFO - Processing /home/airflow/.local/lib/python3.8/site-packages/airflow/example_dags/example_dynamic_task_mapping.py took 0.039 seconds
[2025-05-04T22:49:22.755+0000] {processor.py:161} INFO - Started process (PID=217) to work on /home/airflow/.local/lib/python3.8/site-packages/airflow/example_dags/example_dynamic_task_mapping.py
[2025-05-04T22:49:22.756+0000] {processor.py:830} INFO - Processing file /home/airflow/.local/lib/python3.8/site-packages/airflow/example_dags/example_dynamic_task_mapping.py for tasks to queue
[2025-05-04T22:49:22.757+0000] {logging_mixin.py:188} INFO - [2025-05-04T22:49:22.757+0000] {dagbag.py:538} INFO - Filling up the DagBag from /home/airflow/.local/lib/python3.8/site-packages/airflow/example_dags/example_dynamic_task_mapping.py
[2025-05-04T22:49:22.760+0000] {processor.py:840} INFO - DAG(s) 'example_dynamic_task_mapping' retrieved from /home/airflow/.local/lib/python3.8/site-packages/airflow/example_dags/example_dynamic_task_mapping.py
[2025-05-04T22:49:22.771+0000] {logging_mixin.py:188} INFO - [2025-05-04T22:49:22.771+0000] {dag.py:3033} INFO - Sync 1 DAGs
[2025-05-04T22:49:22.779+0000] {logging_mixin.py:188} INFO - [2025-05-04T22:49:22.779+0000] {dag.py:3820} INFO - Setting next_dagrun for example_dynamic_task_mapping to 2022-03-04T00:00:00+00:00, run_after=2022-03-05T00:00:00+00:00
[2025-05-04T22:49:22.791+0000] {processor.py:183} INFO - Processing /home/airflow/.local/lib/python3.8/site-packages/airflow/example_dags/example_dynamic_task_mapping.py took 0.037 seconds
[2025-05-04T22:49:53.479+0000] {processor.py:161} INFO - Started process (PID=273) to work on /home/airflow/.local/lib/python3.8/site-packages/airflow/example_dags/example_dynamic_task_mapping.py
[2025-05-04T22:49:53.479+0000] {processor.py:830} INFO - Processing file /home/airflow/.local/lib/python3.8/site-packages/airflow/example_dags/example_dynamic_task_mapping.py for tasks to queue
[2025-05-04T22:49:53.482+0000] {logging_mixin.py:188} INFO - [2025-05-04T22:49:53.482+0000] {dagbag.py:538} INFO - Filling up the DagBag from /home/airflow/.local/lib/python3.8/site-packages/airflow/example_dags/example_dynamic_task_mapping.py
[2025-05-04T22:49:53.484+0000] {processor.py:840} INFO - DAG(s) 'example_dynamic_task_mapping' retrieved from /home/airflow/.local/lib/python3.8/site-packages/airflow/example_dags/example_dynamic_task_mapping.py
[2025-05-04T22:49:53.495+0000] {logging_mixin.py:188} INFO - [2025-05-04T22:49:53.495+0000] {dag.py:3033} INFO - Sync 1 DAGs
[2025-05-04T22:49:53.505+0000] {logging_mixin.py:188} INFO - [2025-05-04T22:49:53.505+0000] {dag.py:3820} INFO - Setting next_dagrun for example_dynamic_task_mapping to 2022-03-04T00:00:00+00:00, run_after=2022-03-05T00:00:00+00:00
[2025-05-04T22:49:53.514+0000] {processor.py:183} INFO - Processing /home/airflow/.local/lib/python3.8/site-packages/airflow/example_dags/example_dynamic_task_mapping.py took 0.036 seconds
[2025-05-04T22:50:24.166+0000] {processor.py:161} INFO - Started process (PID=329) to work on /home/airflow/.local/lib/python3.8/site-packages/airflow/example_dags/example_dynamic_task_mapping.py
[2025-05-04T22:50:24.167+0000] {processor.py:830} INFO - Processing file /home/airflow/.local/lib/python3.8/site-packages/airflow/example_dags/example_dynamic_task_mapping.py for tasks to queue
[2025-05-04T22:50:24.169+0000] {logging_mixin.py:188} INFO - [2025-05-04T22:50:24.169+0000] {dagbag.py:538} INFO - Filling up the DagBag from /home/airflow/.local/lib/python3.8/site-packages/airflow/example_dags/example_dynamic_task_mapping.py
[2025-05-04T22:50:24.173+0000] {processor.py:840} INFO - DAG(s) 'example_dynamic_task_mapping' retrieved from /home/airflow/.local/lib/python3.8/site-packages/airflow/example_dags/example_dynamic_task_mapping.py
[2025-05-04T22:50:24.184+0000] {logging_mixin.py:188} INFO - [2025-05-04T22:50:24.183+0000] {dag.py:3033} INFO - Sync 1 DAGs
[2025-05-04T22:50:24.195+0000] {logging_mixin.py:188} INFO - [2025-05-04T22:50:24.195+0000] {dag.py:3820} INFO - Setting next_dagrun for example_dynamic_task_mapping to 2022-03-04T00:00:00+00:00, run_after=2022-03-05T00:00:00+00:00
[2025-05-04T22:50:24.203+0000] {processor.py:183} INFO - Processing /home/airflow/.local/lib/python3.8/site-packages/airflow/example_dags/example_dynamic_task_mapping.py took 0.039 seconds
[2025-05-04T22:50:57.843+0000] {processor.py:161} INFO - Started process (PID=49) to work on /home/airflow/.local/lib/python3.8/site-packages/airflow/example_dags/example_dynamic_task_mapping.py
[2025-05-04T22:50:57.847+0000] {processor.py:830} INFO - Processing file /home/airflow/.local/lib/python3.8/site-packages/airflow/example_dags/example_dynamic_task_mapping.py for tasks to queue
[2025-05-04T22:50:57.853+0000] {logging_mixin.py:188} INFO - [2025-05-04T22:50:57.853+0000] {dagbag.py:538} INFO - Filling up the DagBag from /home/airflow/.local/lib/python3.8/site-packages/airflow/example_dags/example_dynamic_task_mapping.py
[2025-05-04T22:50:57.861+0000] {processor.py:840} INFO - DAG(s) 'example_dynamic_task_mapping' retrieved from /home/airflow/.local/lib/python3.8/site-packages/airflow/example_dags/example_dynamic_task_mapping.py
[2025-05-04T22:50:57.878+0000] {logging_mixin.py:188} INFO - [2025-05-04T22:50:57.878+0000] {dag.py:3033} INFO - Sync 1 DAGs
[2025-05-04T22:50:57.906+0000] {logging_mixin.py:188} INFO - [2025-05-04T22:50:57.906+0000] {dag.py:3820} INFO - Setting next_dagrun for example_dynamic_task_mapping to 2022-03-04T00:00:00+00:00, run_after=2022-03-05T00:00:00+00:00
[2025-05-04T22:50:57.936+0000] {processor.py:183} INFO - Processing /home/airflow/.local/lib/python3.8/site-packages/airflow/example_dags/example_dynamic_task_mapping.py took 0.101 seconds
[2025-05-04T22:51:28.150+0000] {processor.py:161} INFO - Started process (PID=105) to work on /home/airflow/.local/lib/python3.8/site-packages/airflow/example_dags/example_dynamic_task_mapping.py
[2025-05-04T22:51:28.151+0000] {processor.py:830} INFO - Processing file /home/airflow/.local/lib/python3.8/site-packages/airflow/example_dags/example_dynamic_task_mapping.py for tasks to queue
[2025-05-04T22:51:28.153+0000] {logging_mixin.py:188} INFO - [2025-05-04T22:51:28.153+0000] {dagbag.py:538} INFO - Filling up the DagBag from /home/airflow/.local/lib/python3.8/site-packages/airflow/example_dags/example_dynamic_task_mapping.py
[2025-05-04T22:51:28.160+0000] {processor.py:840} INFO - DAG(s) 'example_dynamic_task_mapping' retrieved from /home/airflow/.local/lib/python3.8/site-packages/airflow/example_dags/example_dynamic_task_mapping.py
[2025-05-04T22:51:28.200+0000] {logging_mixin.py:188} INFO - [2025-05-04T22:51:28.200+0000] {dag.py:3033} INFO - Sync 1 DAGs
[2025-05-04T22:51:28.207+0000] {logging_mixin.py:188} INFO - [2025-05-04T22:51:28.207+0000] {dag.py:3820} INFO - Setting next_dagrun for example_dynamic_task_mapping to 2022-03-04T00:00:00+00:00, run_after=2022-03-05T00:00:00+00:00
[2025-05-04T22:51:28.218+0000] {processor.py:183} INFO - Processing /home/airflow/.local/lib/python3.8/site-packages/airflow/example_dags/example_dynamic_task_mapping.py took 0.070 seconds
[2025-05-04T22:51:58.489+0000] {processor.py:161} INFO - Started process (PID=161) to work on /home/airflow/.local/lib/python3.8/site-packages/airflow/example_dags/example_dynamic_task_mapping.py
[2025-05-04T22:51:58.490+0000] {processor.py:830} INFO - Processing file /home/airflow/.local/lib/python3.8/site-packages/airflow/example_dags/example_dynamic_task_mapping.py for tasks to queue
[2025-05-04T22:51:58.493+0000] {logging_mixin.py:188} INFO - [2025-05-04T22:51:58.493+0000] {dagbag.py:538} INFO - Filling up the DagBag from /home/airflow/.local/lib/python3.8/site-packages/airflow/example_dags/example_dynamic_task_mapping.py
[2025-05-04T22:51:58.496+0000] {processor.py:840} INFO - DAG(s) 'example_dynamic_task_mapping' retrieved from /home/airflow/.local/lib/python3.8/site-packages/airflow/example_dags/example_dynamic_task_mapping.py
[2025-05-04T22:51:58.509+0000] {logging_mixin.py:188} INFO - [2025-05-04T22:51:58.508+0000] {dag.py:3033} INFO - Sync 1 DAGs
[2025-05-04T22:51:58.520+0000] {logging_mixin.py:188} INFO - [2025-05-04T22:51:58.520+0000] {dag.py:3820} INFO - Setting next_dagrun for example_dynamic_task_mapping to 2022-03-04T00:00:00+00:00, run_after=2022-03-05T00:00:00+00:00
[2025-05-04T22:51:58.529+0000] {processor.py:183} INFO - Processing /home/airflow/.local/lib/python3.8/site-packages/airflow/example_dags/example_dynamic_task_mapping.py took 0.042 seconds
[2025-05-04T22:52:29.313+0000] {processor.py:161} INFO - Started process (PID=217) to work on /home/airflow/.local/lib/python3.8/site-packages/airflow/example_dags/example_dynamic_task_mapping.py
[2025-05-04T22:52:29.313+0000] {processor.py:830} INFO - Processing file /home/airflow/.local/lib/python3.8/site-packages/airflow/example_dags/example_dynamic_task_mapping.py for tasks to queue
[2025-05-04T22:52:29.314+0000] {logging_mixin.py:188} INFO - [2025-05-04T22:52:29.314+0000] {dagbag.py:538} INFO - Filling up the DagBag from /home/airflow/.local/lib/python3.8/site-packages/airflow/example_dags/example_dynamic_task_mapping.py
[2025-05-04T22:52:29.317+0000] {processor.py:840} INFO - DAG(s) 'example_dynamic_task_mapping' retrieved from /home/airflow/.local/lib/python3.8/site-packages/airflow/example_dags/example_dynamic_task_mapping.py
[2025-05-04T22:52:29.325+0000] {logging_mixin.py:188} INFO - [2025-05-04T22:52:29.325+0000] {dag.py:3033} INFO - Sync 1 DAGs
[2025-05-04T22:52:29.333+0000] {logging_mixin.py:188} INFO - [2025-05-04T22:52:29.333+0000] {dag.py:3820} INFO - Setting next_dagrun for example_dynamic_task_mapping to 2022-03-04T00:00:00+00:00, run_after=2022-03-05T00:00:00+00:00
[2025-05-04T22:52:29.339+0000] {processor.py:183} INFO - Processing /home/airflow/.local/lib/python3.8/site-packages/airflow/example_dags/example_dynamic_task_mapping.py took 0.028 seconds
[2025-05-04T22:52:59.919+0000] {processor.py:161} INFO - Started process (PID=273) to work on /home/airflow/.local/lib/python3.8/site-packages/airflow/example_dags/example_dynamic_task_mapping.py
[2025-05-04T22:52:59.919+0000] {processor.py:830} INFO - Processing file /home/airflow/.local/lib/python3.8/site-packages/airflow/example_dags/example_dynamic_task_mapping.py for tasks to queue
[2025-05-04T22:52:59.920+0000] {logging_mixin.py:188} INFO - [2025-05-04T22:52:59.920+0000] {dagbag.py:538} INFO - Filling up the DagBag from /home/airflow/.local/lib/python3.8/site-packages/airflow/example_dags/example_dynamic_task_mapping.py
[2025-05-04T22:52:59.923+0000] {processor.py:840} INFO - DAG(s) 'example_dynamic_task_mapping' retrieved from /home/airflow/.local/lib/python3.8/site-packages/airflow/example_dags/example_dynamic_task_mapping.py
[2025-05-04T22:52:59.931+0000] {logging_mixin.py:188} INFO - [2025-05-04T22:52:59.931+0000] {dag.py:3033} INFO - Sync 1 DAGs
[2025-05-04T22:52:59.938+0000] {logging_mixin.py:188} INFO - [2025-05-04T22:52:59.938+0000] {dag.py:3820} INFO - Setting next_dagrun for example_dynamic_task_mapping to 2022-03-04T00:00:00+00:00, run_after=2022-03-05T00:00:00+00:00
[2025-05-04T22:52:59.944+0000] {processor.py:183} INFO - Processing /home/airflow/.local/lib/python3.8/site-packages/airflow/example_dags/example_dynamic_task_mapping.py took 0.027 seconds
[2025-05-04T22:58:00.294+0000] {processor.py:161} INFO - Started process (PID=49) to work on /home/airflow/.local/lib/python3.8/site-packages/airflow/example_dags/example_dynamic_task_mapping.py
[2025-05-04T22:58:00.295+0000] {processor.py:830} INFO - Processing file /home/airflow/.local/lib/python3.8/site-packages/airflow/example_dags/example_dynamic_task_mapping.py for tasks to queue
[2025-05-04T22:58:00.296+0000] {logging_mixin.py:188} INFO - [2025-05-04T22:58:00.296+0000] {dagbag.py:538} INFO - Filling up the DagBag from /home/airflow/.local/lib/python3.8/site-packages/airflow/example_dags/example_dynamic_task_mapping.py
[2025-05-04T22:58:00.300+0000] {processor.py:840} INFO - DAG(s) 'example_dynamic_task_mapping' retrieved from /home/airflow/.local/lib/python3.8/site-packages/airflow/example_dags/example_dynamic_task_mapping.py
[2025-05-04T22:58:00.307+0000] {logging_mixin.py:188} INFO - [2025-05-04T22:58:00.307+0000] {dag.py:3033} INFO - Sync 1 DAGs
[2025-05-04T22:58:00.320+0000] {logging_mixin.py:188} INFO - [2025-05-04T22:58:00.320+0000] {dag.py:3820} INFO - Setting next_dagrun for example_dynamic_task_mapping to 2022-03-04T00:00:00+00:00, run_after=2022-03-05T00:00:00+00:00
[2025-05-04T22:58:00.329+0000] {processor.py:183} INFO - Processing /home/airflow/.local/lib/python3.8/site-packages/airflow/example_dags/example_dynamic_task_mapping.py took 0.038 seconds
[2025-05-04T22:58:30.732+0000] {processor.py:161} INFO - Started process (PID=105) to work on /home/airflow/.local/lib/python3.8/site-packages/airflow/example_dags/example_dynamic_task_mapping.py
[2025-05-04T22:58:30.732+0000] {processor.py:830} INFO - Processing file /home/airflow/.local/lib/python3.8/site-packages/airflow/example_dags/example_dynamic_task_mapping.py for tasks to queue
[2025-05-04T22:58:30.733+0000] {logging_mixin.py:188} INFO - [2025-05-04T22:58:30.733+0000] {dagbag.py:538} INFO - Filling up the DagBag from /home/airflow/.local/lib/python3.8/site-packages/airflow/example_dags/example_dynamic_task_mapping.py
[2025-05-04T22:58:30.736+0000] {processor.py:840} INFO - DAG(s) 'example_dynamic_task_mapping' retrieved from /home/airflow/.local/lib/python3.8/site-packages/airflow/example_dags/example_dynamic_task_mapping.py
[2025-05-04T22:58:30.773+0000] {logging_mixin.py:188} INFO - [2025-05-04T22:58:30.773+0000] {dag.py:3033} INFO - Sync 1 DAGs
[2025-05-04T22:58:30.781+0000] {logging_mixin.py:188} INFO - [2025-05-04T22:58:30.781+0000] {dag.py:3820} INFO - Setting next_dagrun for example_dynamic_task_mapping to 2022-03-04T00:00:00+00:00, run_after=2022-03-05T00:00:00+00:00
[2025-05-04T22:58:30.788+0000] {processor.py:183} INFO - Processing /home/airflow/.local/lib/python3.8/site-packages/airflow/example_dags/example_dynamic_task_mapping.py took 0.057 seconds
[2025-05-04T22:59:01.141+0000] {processor.py:161} INFO - Started process (PID=161) to work on /home/airflow/.local/lib/python3.8/site-packages/airflow/example_dags/example_dynamic_task_mapping.py
[2025-05-04T22:59:01.142+0000] {processor.py:830} INFO - Processing file /home/airflow/.local/lib/python3.8/site-packages/airflow/example_dags/example_dynamic_task_mapping.py for tasks to queue
[2025-05-04T22:59:01.143+0000] {logging_mixin.py:188} INFO - [2025-05-04T22:59:01.143+0000] {dagbag.py:538} INFO - Filling up the DagBag from /home/airflow/.local/lib/python3.8/site-packages/airflow/example_dags/example_dynamic_task_mapping.py
[2025-05-04T22:59:01.146+0000] {processor.py:840} INFO - DAG(s) 'example_dynamic_task_mapping' retrieved from /home/airflow/.local/lib/python3.8/site-packages/airflow/example_dags/example_dynamic_task_mapping.py
[2025-05-04T22:59:01.156+0000] {logging_mixin.py:188} INFO - [2025-05-04T22:59:01.156+0000] {dag.py:3033} INFO - Sync 1 DAGs
[2025-05-04T22:59:01.169+0000] {logging_mixin.py:188} INFO - [2025-05-04T22:59:01.168+0000] {dag.py:3820} INFO - Setting next_dagrun for example_dynamic_task_mapping to 2022-03-04T00:00:00+00:00, run_after=2022-03-05T00:00:00+00:00
[2025-05-04T22:59:01.181+0000] {processor.py:183} INFO - Processing /home/airflow/.local/lib/python3.8/site-packages/airflow/example_dags/example_dynamic_task_mapping.py took 0.041 seconds
[2025-05-04T22:59:31.932+0000] {processor.py:161} INFO - Started process (PID=217) to work on /home/airflow/.local/lib/python3.8/site-packages/airflow/example_dags/example_dynamic_task_mapping.py
[2025-05-04T22:59:31.933+0000] {processor.py:830} INFO - Processing file /home/airflow/.local/lib/python3.8/site-packages/airflow/example_dags/example_dynamic_task_mapping.py for tasks to queue
[2025-05-04T22:59:31.934+0000] {logging_mixin.py:188} INFO - [2025-05-04T22:59:31.934+0000] {dagbag.py:538} INFO - Filling up the DagBag from /home/airflow/.local/lib/python3.8/site-packages/airflow/example_dags/example_dynamic_task_mapping.py
[2025-05-04T22:59:31.937+0000] {processor.py:840} INFO - DAG(s) 'example_dynamic_task_mapping' retrieved from /home/airflow/.local/lib/python3.8/site-packages/airflow/example_dags/example_dynamic_task_mapping.py
[2025-05-04T22:59:31.948+0000] {logging_mixin.py:188} INFO - [2025-05-04T22:59:31.948+0000] {dag.py:3033} INFO - Sync 1 DAGs
[2025-05-04T22:59:31.959+0000] {logging_mixin.py:188} INFO - [2025-05-04T22:59:31.959+0000] {dag.py:3820} INFO - Setting next_dagrun for example_dynamic_task_mapping to 2022-03-04T00:00:00+00:00, run_after=2022-03-05T00:00:00+00:00
[2025-05-04T22:59:31.970+0000] {processor.py:183} INFO - Processing /home/airflow/.local/lib/python3.8/site-packages/airflow/example_dags/example_dynamic_task_mapping.py took 0.040 seconds
[2025-05-04T23:00:02.756+0000] {processor.py:161} INFO - Started process (PID=273) to work on /home/airflow/.local/lib/python3.8/site-packages/airflow/example_dags/example_dynamic_task_mapping.py
[2025-05-04T23:00:02.757+0000] {processor.py:830} INFO - Processing file /home/airflow/.local/lib/python3.8/site-packages/airflow/example_dags/example_dynamic_task_mapping.py for tasks to queue
[2025-05-04T23:00:02.759+0000] {logging_mixin.py:188} INFO - [2025-05-04T23:00:02.758+0000] {dagbag.py:538} INFO - Filling up the DagBag from /home/airflow/.local/lib/python3.8/site-packages/airflow/example_dags/example_dynamic_task_mapping.py
[2025-05-04T23:00:02.762+0000] {processor.py:840} INFO - DAG(s) 'example_dynamic_task_mapping' retrieved from /home/airflow/.local/lib/python3.8/site-packages/airflow/example_dags/example_dynamic_task_mapping.py
[2025-05-04T23:00:02.774+0000] {logging_mixin.py:188} INFO - [2025-05-04T23:00:02.774+0000] {dag.py:3033} INFO - Sync 1 DAGs
[2025-05-04T23:00:02.783+0000] {logging_mixin.py:188} INFO - [2025-05-04T23:00:02.783+0000] {dag.py:3820} INFO - Setting next_dagrun for example_dynamic_task_mapping to 2022-03-04T00:00:00+00:00, run_after=2022-03-05T00:00:00+00:00
[2025-05-04T23:00:02.791+0000] {processor.py:183} INFO - Processing /home/airflow/.local/lib/python3.8/site-packages/airflow/example_dags/example_dynamic_task_mapping.py took 0.037 seconds
[2025-05-04T23:00:33.443+0000] {processor.py:161} INFO - Started process (PID=329) to work on /home/airflow/.local/lib/python3.8/site-packages/airflow/example_dags/example_dynamic_task_mapping.py
[2025-05-04T23:00:33.444+0000] {processor.py:830} INFO - Processing file /home/airflow/.local/lib/python3.8/site-packages/airflow/example_dags/example_dynamic_task_mapping.py for tasks to queue
[2025-05-04T23:00:33.445+0000] {logging_mixin.py:188} INFO - [2025-05-04T23:00:33.445+0000] {dagbag.py:538} INFO - Filling up the DagBag from /home/airflow/.local/lib/python3.8/site-packages/airflow/example_dags/example_dynamic_task_mapping.py
[2025-05-04T23:00:33.447+0000] {processor.py:840} INFO - DAG(s) 'example_dynamic_task_mapping' retrieved from /home/airflow/.local/lib/python3.8/site-packages/airflow/example_dags/example_dynamic_task_mapping.py
[2025-05-04T23:00:33.455+0000] {logging_mixin.py:188} INFO - [2025-05-04T23:00:33.455+0000] {dag.py:3033} INFO - Sync 1 DAGs
[2025-05-04T23:00:33.464+0000] {logging_mixin.py:188} INFO - [2025-05-04T23:00:33.464+0000] {dag.py:3820} INFO - Setting next_dagrun for example_dynamic_task_mapping to 2022-03-04T00:00:00+00:00, run_after=2022-03-05T00:00:00+00:00
[2025-05-04T23:00:33.470+0000] {processor.py:183} INFO - Processing /home/airflow/.local/lib/python3.8/site-packages/airflow/example_dags/example_dynamic_task_mapping.py took 0.028 seconds
[2025-05-04T23:01:04.122+0000] {processor.py:161} INFO - Started process (PID=391) to work on /home/airflow/.local/lib/python3.8/site-packages/airflow/example_dags/example_dynamic_task_mapping.py
[2025-05-04T23:01:04.123+0000] {processor.py:830} INFO - Processing file /home/airflow/.local/lib/python3.8/site-packages/airflow/example_dags/example_dynamic_task_mapping.py for tasks to queue
[2025-05-04T23:01:04.124+0000] {logging_mixin.py:188} INFO - [2025-05-04T23:01:04.124+0000] {dagbag.py:538} INFO - Filling up the DagBag from /home/airflow/.local/lib/python3.8/site-packages/airflow/example_dags/example_dynamic_task_mapping.py
[2025-05-04T23:01:04.127+0000] {processor.py:840} INFO - DAG(s) 'example_dynamic_task_mapping' retrieved from /home/airflow/.local/lib/python3.8/site-packages/airflow/example_dags/example_dynamic_task_mapping.py
[2025-05-04T23:01:04.136+0000] {logging_mixin.py:188} INFO - [2025-05-04T23:01:04.136+0000] {dag.py:3033} INFO - Sync 1 DAGs
[2025-05-04T23:01:04.145+0000] {logging_mixin.py:188} INFO - [2025-05-04T23:01:04.145+0000] {dag.py:3820} INFO - Setting next_dagrun for example_dynamic_task_mapping to 2022-03-04T00:00:00+00:00, run_after=2022-03-05T00:00:00+00:00
[2025-05-04T23:01:04.156+0000] {processor.py:183} INFO - Processing /home/airflow/.local/lib/python3.8/site-packages/airflow/example_dags/example_dynamic_task_mapping.py took 0.035 seconds
[2025-05-04T23:01:34.713+0000] {processor.py:161} INFO - Started process (PID=447) to work on /home/airflow/.local/lib/python3.8/site-packages/airflow/example_dags/example_dynamic_task_mapping.py
[2025-05-04T23:01:34.714+0000] {processor.py:830} INFO - Processing file /home/airflow/.local/lib/python3.8/site-packages/airflow/example_dags/example_dynamic_task_mapping.py for tasks to queue
[2025-05-04T23:01:34.715+0000] {logging_mixin.py:188} INFO - [2025-05-04T23:01:34.715+0000] {dagbag.py:538} INFO - Filling up the DagBag from /home/airflow/.local/lib/python3.8/site-packages/airflow/example_dags/example_dynamic_task_mapping.py
[2025-05-04T23:01:34.718+0000] {processor.py:840} INFO - DAG(s) 'example_dynamic_task_mapping' retrieved from /home/airflow/.local/lib/python3.8/site-packages/airflow/example_dags/example_dynamic_task_mapping.py
[2025-05-04T23:01:34.727+0000] {logging_mixin.py:188} INFO - [2025-05-04T23:01:34.727+0000] {dag.py:3033} INFO - Sync 1 DAGs
[2025-05-04T23:01:34.737+0000] {logging_mixin.py:188} INFO - [2025-05-04T23:01:34.737+0000] {dag.py:3820} INFO - Setting next_dagrun for example_dynamic_task_mapping to 2022-03-04T00:00:00+00:00, run_after=2022-03-05T00:00:00+00:00
[2025-05-04T23:01:34.749+0000] {processor.py:183} INFO - Processing /home/airflow/.local/lib/python3.8/site-packages/airflow/example_dags/example_dynamic_task_mapping.py took 0.038 seconds
[2025-05-04T23:02:05.257+0000] {processor.py:161} INFO - Started process (PID=503) to work on /home/airflow/.local/lib/python3.8/site-packages/airflow/example_dags/example_dynamic_task_mapping.py
[2025-05-04T23:02:05.257+0000] {processor.py:830} INFO - Processing file /home/airflow/.local/lib/python3.8/site-packages/airflow/example_dags/example_dynamic_task_mapping.py for tasks to queue
[2025-05-04T23:02:05.260+0000] {logging_mixin.py:188} INFO - [2025-05-04T23:02:05.259+0000] {dagbag.py:538} INFO - Filling up the DagBag from /home/airflow/.local/lib/python3.8/site-packages/airflow/example_dags/example_dynamic_task_mapping.py
[2025-05-04T23:02:05.263+0000] {processor.py:840} INFO - DAG(s) 'example_dynamic_task_mapping' retrieved from /home/airflow/.local/lib/python3.8/site-packages/airflow/example_dags/example_dynamic_task_mapping.py
[2025-05-04T23:02:05.272+0000] {logging_mixin.py:188} INFO - [2025-05-04T23:02:05.272+0000] {dag.py:3033} INFO - Sync 1 DAGs
[2025-05-04T23:02:05.281+0000] {logging_mixin.py:188} INFO - [2025-05-04T23:02:05.280+0000] {dag.py:3820} INFO - Setting next_dagrun for example_dynamic_task_mapping to 2022-03-04T00:00:00+00:00, run_after=2022-03-05T00:00:00+00:00
[2025-05-04T23:02:05.288+0000] {processor.py:183} INFO - Processing /home/airflow/.local/lib/python3.8/site-packages/airflow/example_dags/example_dynamic_task_mapping.py took 0.032 seconds
[2025-05-04T23:02:35.784+0000] {processor.py:161} INFO - Started process (PID=559) to work on /home/airflow/.local/lib/python3.8/site-packages/airflow/example_dags/example_dynamic_task_mapping.py
[2025-05-04T23:02:35.785+0000] {processor.py:830} INFO - Processing file /home/airflow/.local/lib/python3.8/site-packages/airflow/example_dags/example_dynamic_task_mapping.py for tasks to queue
[2025-05-04T23:02:35.787+0000] {logging_mixin.py:188} INFO - [2025-05-04T23:02:35.787+0000] {dagbag.py:538} INFO - Filling up the DagBag from /home/airflow/.local/lib/python3.8/site-packages/airflow/example_dags/example_dynamic_task_mapping.py
[2025-05-04T23:02:35.792+0000] {processor.py:840} INFO - DAG(s) 'example_dynamic_task_mapping' retrieved from /home/airflow/.local/lib/python3.8/site-packages/airflow/example_dags/example_dynamic_task_mapping.py
[2025-05-04T23:02:35.802+0000] {logging_mixin.py:188} INFO - [2025-05-04T23:02:35.802+0000] {dag.py:3033} INFO - Sync 1 DAGs
[2025-05-04T23:02:35.810+0000] {logging_mixin.py:188} INFO - [2025-05-04T23:02:35.810+0000] {dag.py:3820} INFO - Setting next_dagrun for example_dynamic_task_mapping to 2022-03-04T00:00:00+00:00, run_after=2022-03-05T00:00:00+00:00
[2025-05-04T23:02:35.819+0000] {processor.py:183} INFO - Processing /home/airflow/.local/lib/python3.8/site-packages/airflow/example_dags/example_dynamic_task_mapping.py took 0.036 seconds
[2025-05-04T23:03:06.608+0000] {processor.py:161} INFO - Started process (PID=615) to work on /home/airflow/.local/lib/python3.8/site-packages/airflow/example_dags/example_dynamic_task_mapping.py
[2025-05-04T23:03:06.609+0000] {processor.py:830} INFO - Processing file /home/airflow/.local/lib/python3.8/site-packages/airflow/example_dags/example_dynamic_task_mapping.py for tasks to queue
[2025-05-04T23:03:06.610+0000] {logging_mixin.py:188} INFO - [2025-05-04T23:03:06.610+0000] {dagbag.py:538} INFO - Filling up the DagBag from /home/airflow/.local/lib/python3.8/site-packages/airflow/example_dags/example_dynamic_task_mapping.py
[2025-05-04T23:03:06.613+0000] {processor.py:840} INFO - DAG(s) 'example_dynamic_task_mapping' retrieved from /home/airflow/.local/lib/python3.8/site-packages/airflow/example_dags/example_dynamic_task_mapping.py
[2025-05-04T23:03:06.622+0000] {logging_mixin.py:188} INFO - [2025-05-04T23:03:06.622+0000] {dag.py:3033} INFO - Sync 1 DAGs
[2025-05-04T23:03:06.631+0000] {logging_mixin.py:188} INFO - [2025-05-04T23:03:06.631+0000] {dag.py:3820} INFO - Setting next_dagrun for example_dynamic_task_mapping to 2022-03-04T00:00:00+00:00, run_after=2022-03-05T00:00:00+00:00
[2025-05-04T23:03:06.640+0000] {processor.py:183} INFO - Processing /home/airflow/.local/lib/python3.8/site-packages/airflow/example_dags/example_dynamic_task_mapping.py took 0.034 seconds
[2025-05-04T23:03:37.177+0000] {processor.py:161} INFO - Started process (PID=671) to work on /home/airflow/.local/lib/python3.8/site-packages/airflow/example_dags/example_dynamic_task_mapping.py
[2025-05-04T23:03:37.178+0000] {processor.py:830} INFO - Processing file /home/airflow/.local/lib/python3.8/site-packages/airflow/example_dags/example_dynamic_task_mapping.py for tasks to queue
[2025-05-04T23:03:37.179+0000] {logging_mixin.py:188} INFO - [2025-05-04T23:03:37.179+0000] {dagbag.py:538} INFO - Filling up the DagBag from /home/airflow/.local/lib/python3.8/site-packages/airflow/example_dags/example_dynamic_task_mapping.py
[2025-05-04T23:03:37.182+0000] {processor.py:840} INFO - DAG(s) 'example_dynamic_task_mapping' retrieved from /home/airflow/.local/lib/python3.8/site-packages/airflow/example_dags/example_dynamic_task_mapping.py
[2025-05-04T23:03:37.194+0000] {logging_mixin.py:188} INFO - [2025-05-04T23:03:37.194+0000] {dag.py:3033} INFO - Sync 1 DAGs
[2025-05-04T23:03:37.206+0000] {logging_mixin.py:188} INFO - [2025-05-04T23:03:37.206+0000] {dag.py:3820} INFO - Setting next_dagrun for example_dynamic_task_mapping to 2022-03-04T00:00:00+00:00, run_after=2022-03-05T00:00:00+00:00
[2025-05-04T23:03:37.216+0000] {processor.py:183} INFO - Processing /home/airflow/.local/lib/python3.8/site-packages/airflow/example_dags/example_dynamic_task_mapping.py took 0.041 seconds
[2025-05-04T23:04:28.082+0000] {processor.py:161} INFO - Started process (PID=54) to work on /home/airflow/.local/lib/python3.8/site-packages/airflow/example_dags/example_dynamic_task_mapping.py
[2025-05-04T23:04:28.085+0000] {processor.py:830} INFO - Processing file /home/airflow/.local/lib/python3.8/site-packages/airflow/example_dags/example_dynamic_task_mapping.py for tasks to queue
[2025-05-04T23:04:28.087+0000] {logging_mixin.py:188} INFO - [2025-05-04T23:04:28.087+0000] {dagbag.py:538} INFO - Filling up the DagBag from /home/airflow/.local/lib/python3.8/site-packages/airflow/example_dags/example_dynamic_task_mapping.py
[2025-05-04T23:04:28.094+0000] {processor.py:840} INFO - DAG(s) 'example_dynamic_task_mapping' retrieved from /home/airflow/.local/lib/python3.8/site-packages/airflow/example_dags/example_dynamic_task_mapping.py
[2025-05-04T23:04:28.110+0000] {logging_mixin.py:188} INFO - [2025-05-04T23:04:28.109+0000] {dag.py:3033} INFO - Sync 1 DAGs
[2025-05-04T23:04:28.129+0000] {logging_mixin.py:188} INFO - [2025-05-04T23:04:28.129+0000] {dag.py:3820} INFO - Setting next_dagrun for example_dynamic_task_mapping to 2022-03-04T00:00:00+00:00, run_after=2022-03-05T00:00:00+00:00
[2025-05-04T23:04:28.156+0000] {processor.py:183} INFO - Processing /home/airflow/.local/lib/python3.8/site-packages/airflow/example_dags/example_dynamic_task_mapping.py took 0.076 seconds
[2025-05-04T23:04:58.166+0000] {processor.py:161} INFO - Started process (PID=110) to work on /home/airflow/.local/lib/python3.8/site-packages/airflow/example_dags/example_dynamic_task_mapping.py
[2025-05-04T23:04:58.166+0000] {processor.py:830} INFO - Processing file /home/airflow/.local/lib/python3.8/site-packages/airflow/example_dags/example_dynamic_task_mapping.py for tasks to queue
[2025-05-04T23:04:58.167+0000] {logging_mixin.py:188} INFO - [2025-05-04T23:04:58.167+0000] {dagbag.py:538} INFO - Filling up the DagBag from /home/airflow/.local/lib/python3.8/site-packages/airflow/example_dags/example_dynamic_task_mapping.py
[2025-05-04T23:04:58.170+0000] {processor.py:840} INFO - DAG(s) 'example_dynamic_task_mapping' retrieved from /home/airflow/.local/lib/python3.8/site-packages/airflow/example_dags/example_dynamic_task_mapping.py
[2025-05-04T23:04:58.220+0000] {logging_mixin.py:188} INFO - [2025-05-04T23:04:58.220+0000] {dag.py:3033} INFO - Sync 1 DAGs
[2025-05-04T23:04:58.229+0000] {logging_mixin.py:188} INFO - [2025-05-04T23:04:58.229+0000] {dag.py:3820} INFO - Setting next_dagrun for example_dynamic_task_mapping to 2022-03-04T00:00:00+00:00, run_after=2022-03-05T00:00:00+00:00
[2025-05-04T23:04:58.239+0000] {processor.py:183} INFO - Processing /home/airflow/.local/lib/python3.8/site-packages/airflow/example_dags/example_dynamic_task_mapping.py took 0.075 seconds
[2025-05-04T23:05:28.492+0000] {processor.py:161} INFO - Started process (PID=166) to work on /home/airflow/.local/lib/python3.8/site-packages/airflow/example_dags/example_dynamic_task_mapping.py
[2025-05-04T23:05:28.494+0000] {processor.py:830} INFO - Processing file /home/airflow/.local/lib/python3.8/site-packages/airflow/example_dags/example_dynamic_task_mapping.py for tasks to queue
[2025-05-04T23:05:28.496+0000] {logging_mixin.py:188} INFO - [2025-05-04T23:05:28.496+0000] {dagbag.py:538} INFO - Filling up the DagBag from /home/airflow/.local/lib/python3.8/site-packages/airflow/example_dags/example_dynamic_task_mapping.py
[2025-05-04T23:05:28.499+0000] {processor.py:840} INFO - DAG(s) 'example_dynamic_task_mapping' retrieved from /home/airflow/.local/lib/python3.8/site-packages/airflow/example_dags/example_dynamic_task_mapping.py
[2025-05-04T23:05:28.511+0000] {logging_mixin.py:188} INFO - [2025-05-04T23:05:28.511+0000] {dag.py:3033} INFO - Sync 1 DAGs
[2025-05-04T23:05:28.522+0000] {logging_mixin.py:188} INFO - [2025-05-04T23:05:28.522+0000] {dag.py:3820} INFO - Setting next_dagrun for example_dynamic_task_mapping to 2022-03-04T00:00:00+00:00, run_after=2022-03-05T00:00:00+00:00
[2025-05-04T23:05:28.533+0000] {processor.py:183} INFO - Processing /home/airflow/.local/lib/python3.8/site-packages/airflow/example_dags/example_dynamic_task_mapping.py took 0.041 seconds
[2025-05-04T23:06:30.914+0000] {processor.py:161} INFO - Started process (PID=49) to work on /home/airflow/.local/lib/python3.8/site-packages/airflow/example_dags/example_dynamic_task_mapping.py
[2025-05-04T23:06:30.916+0000] {processor.py:830} INFO - Processing file /home/airflow/.local/lib/python3.8/site-packages/airflow/example_dags/example_dynamic_task_mapping.py for tasks to queue
[2025-05-04T23:06:30.918+0000] {logging_mixin.py:188} INFO - [2025-05-04T23:06:30.918+0000] {dagbag.py:538} INFO - Filling up the DagBag from /home/airflow/.local/lib/python3.8/site-packages/airflow/example_dags/example_dynamic_task_mapping.py
[2025-05-04T23:06:30.924+0000] {processor.py:840} INFO - DAG(s) 'example_dynamic_task_mapping' retrieved from /home/airflow/.local/lib/python3.8/site-packages/airflow/example_dags/example_dynamic_task_mapping.py
[2025-05-04T23:06:30.946+0000] {logging_mixin.py:188} INFO - [2025-05-04T23:06:30.945+0000] {dag.py:3033} INFO - Sync 1 DAGs
[2025-05-04T23:06:30.962+0000] {logging_mixin.py:188} INFO - [2025-05-04T23:06:30.962+0000] {dag.py:3820} INFO - Setting next_dagrun for example_dynamic_task_mapping to 2022-03-04T00:00:00+00:00, run_after=2022-03-05T00:00:00+00:00
[2025-05-04T23:06:30.981+0000] {processor.py:183} INFO - Processing /home/airflow/.local/lib/python3.8/site-packages/airflow/example_dags/example_dynamic_task_mapping.py took 0.069 seconds
[2025-05-04T23:07:01.169+0000] {processor.py:161} INFO - Started process (PID=105) to work on /home/airflow/.local/lib/python3.8/site-packages/airflow/example_dags/example_dynamic_task_mapping.py
[2025-05-04T23:07:01.169+0000] {processor.py:830} INFO - Processing file /home/airflow/.local/lib/python3.8/site-packages/airflow/example_dags/example_dynamic_task_mapping.py for tasks to queue
[2025-05-04T23:07:01.170+0000] {logging_mixin.py:188} INFO - [2025-05-04T23:07:01.170+0000] {dagbag.py:538} INFO - Filling up the DagBag from /home/airflow/.local/lib/python3.8/site-packages/airflow/example_dags/example_dynamic_task_mapping.py
[2025-05-04T23:07:01.173+0000] {processor.py:840} INFO - DAG(s) 'example_dynamic_task_mapping' retrieved from /home/airflow/.local/lib/python3.8/site-packages/airflow/example_dags/example_dynamic_task_mapping.py
[2025-05-04T23:07:01.214+0000] {logging_mixin.py:188} INFO - [2025-05-04T23:07:01.214+0000] {dag.py:3033} INFO - Sync 1 DAGs
[2025-05-04T23:07:01.224+0000] {logging_mixin.py:188} INFO - [2025-05-04T23:07:01.224+0000] {dag.py:3820} INFO - Setting next_dagrun for example_dynamic_task_mapping to 2022-03-04T00:00:00+00:00, run_after=2022-03-05T00:00:00+00:00
[2025-05-04T23:07:01.232+0000] {processor.py:183} INFO - Processing /home/airflow/.local/lib/python3.8/site-packages/airflow/example_dags/example_dynamic_task_mapping.py took 0.065 seconds
[2025-05-04T23:07:31.300+0000] {processor.py:161} INFO - Started process (PID=161) to work on /home/airflow/.local/lib/python3.8/site-packages/airflow/example_dags/example_dynamic_task_mapping.py
[2025-05-04T23:07:31.301+0000] {processor.py:830} INFO - Processing file /home/airflow/.local/lib/python3.8/site-packages/airflow/example_dags/example_dynamic_task_mapping.py for tasks to queue
[2025-05-04T23:07:31.301+0000] {logging_mixin.py:188} INFO - [2025-05-04T23:07:31.301+0000] {dagbag.py:538} INFO - Filling up the DagBag from /home/airflow/.local/lib/python3.8/site-packages/airflow/example_dags/example_dynamic_task_mapping.py
[2025-05-04T23:07:31.305+0000] {processor.py:840} INFO - DAG(s) 'example_dynamic_task_mapping' retrieved from /home/airflow/.local/lib/python3.8/site-packages/airflow/example_dags/example_dynamic_task_mapping.py
[2025-05-04T23:07:31.316+0000] {logging_mixin.py:188} INFO - [2025-05-04T23:07:31.316+0000] {dag.py:3033} INFO - Sync 1 DAGs
[2025-05-04T23:07:31.332+0000] {logging_mixin.py:188} INFO - [2025-05-04T23:07:31.332+0000] {dag.py:3820} INFO - Setting next_dagrun for example_dynamic_task_mapping to 2022-03-04T00:00:00+00:00, run_after=2022-03-05T00:00:00+00:00
[2025-05-04T23:07:31.345+0000] {processor.py:183} INFO - Processing /home/airflow/.local/lib/python3.8/site-packages/airflow/example_dags/example_dynamic_task_mapping.py took 0.047 seconds
[2025-05-04T23:08:01.893+0000] {processor.py:161} INFO - Started process (PID=217) to work on /home/airflow/.local/lib/python3.8/site-packages/airflow/example_dags/example_dynamic_task_mapping.py
[2025-05-04T23:08:01.894+0000] {processor.py:830} INFO - Processing file /home/airflow/.local/lib/python3.8/site-packages/airflow/example_dags/example_dynamic_task_mapping.py for tasks to queue
[2025-05-04T23:08:01.895+0000] {logging_mixin.py:188} INFO - [2025-05-04T23:08:01.895+0000] {dagbag.py:538} INFO - Filling up the DagBag from /home/airflow/.local/lib/python3.8/site-packages/airflow/example_dags/example_dynamic_task_mapping.py
[2025-05-04T23:08:01.898+0000] {processor.py:840} INFO - DAG(s) 'example_dynamic_task_mapping' retrieved from /home/airflow/.local/lib/python3.8/site-packages/airflow/example_dags/example_dynamic_task_mapping.py
[2025-05-04T23:08:01.907+0000] {logging_mixin.py:188} INFO - [2025-05-04T23:08:01.907+0000] {dag.py:3033} INFO - Sync 1 DAGs
[2025-05-04T23:08:01.917+0000] {logging_mixin.py:188} INFO - [2025-05-04T23:08:01.917+0000] {dag.py:3820} INFO - Setting next_dagrun for example_dynamic_task_mapping to 2022-03-04T00:00:00+00:00, run_after=2022-03-05T00:00:00+00:00
[2025-05-04T23:08:01.929+0000] {processor.py:183} INFO - Processing /home/airflow/.local/lib/python3.8/site-packages/airflow/example_dags/example_dynamic_task_mapping.py took 0.037 seconds
[2025-05-04T23:08:32.503+0000] {processor.py:161} INFO - Started process (PID=279) to work on /home/airflow/.local/lib/python3.8/site-packages/airflow/example_dags/example_dynamic_task_mapping.py
[2025-05-04T23:08:32.504+0000] {processor.py:830} INFO - Processing file /home/airflow/.local/lib/python3.8/site-packages/airflow/example_dags/example_dynamic_task_mapping.py for tasks to queue
[2025-05-04T23:08:32.505+0000] {logging_mixin.py:188} INFO - [2025-05-04T23:08:32.505+0000] {dagbag.py:538} INFO - Filling up the DagBag from /home/airflow/.local/lib/python3.8/site-packages/airflow/example_dags/example_dynamic_task_mapping.py
[2025-05-04T23:08:32.508+0000] {processor.py:840} INFO - DAG(s) 'example_dynamic_task_mapping' retrieved from /home/airflow/.local/lib/python3.8/site-packages/airflow/example_dags/example_dynamic_task_mapping.py
[2025-05-04T23:08:32.518+0000] {logging_mixin.py:188} INFO - [2025-05-04T23:08:32.518+0000] {dag.py:3033} INFO - Sync 1 DAGs
[2025-05-04T23:08:32.527+0000] {logging_mixin.py:188} INFO - [2025-05-04T23:08:32.527+0000] {dag.py:3820} INFO - Setting next_dagrun for example_dynamic_task_mapping to 2022-03-04T00:00:00+00:00, run_after=2022-03-05T00:00:00+00:00
[2025-05-04T23:08:32.540+0000] {processor.py:183} INFO - Processing /home/airflow/.local/lib/python3.8/site-packages/airflow/example_dags/example_dynamic_task_mapping.py took 0.039 seconds
[2025-05-04T23:09:03.156+0000] {processor.py:161} INFO - Started process (PID=334) to work on /home/airflow/.local/lib/python3.8/site-packages/airflow/example_dags/example_dynamic_task_mapping.py
[2025-05-04T23:09:03.158+0000] {processor.py:830} INFO - Processing file /home/airflow/.local/lib/python3.8/site-packages/airflow/example_dags/example_dynamic_task_mapping.py for tasks to queue
[2025-05-04T23:09:03.160+0000] {logging_mixin.py:188} INFO - [2025-05-04T23:09:03.160+0000] {dagbag.py:538} INFO - Filling up the DagBag from /home/airflow/.local/lib/python3.8/site-packages/airflow/example_dags/example_dynamic_task_mapping.py
[2025-05-04T23:09:03.164+0000] {processor.py:840} INFO - DAG(s) 'example_dynamic_task_mapping' retrieved from /home/airflow/.local/lib/python3.8/site-packages/airflow/example_dags/example_dynamic_task_mapping.py
[2025-05-04T23:09:03.179+0000] {logging_mixin.py:188} INFO - [2025-05-04T23:09:03.179+0000] {dag.py:3033} INFO - Sync 1 DAGs
[2025-05-04T23:09:03.191+0000] {logging_mixin.py:188} INFO - [2025-05-04T23:09:03.191+0000] {dag.py:3820} INFO - Setting next_dagrun for example_dynamic_task_mapping to 2022-03-04T00:00:00+00:00, run_after=2022-03-05T00:00:00+00:00
[2025-05-04T23:09:03.202+0000] {processor.py:183} INFO - Processing /home/airflow/.local/lib/python3.8/site-packages/airflow/example_dags/example_dynamic_task_mapping.py took 0.048 seconds
[2025-05-04T23:09:33.340+0000] {processor.py:161} INFO - Started process (PID=390) to work on /home/airflow/.local/lib/python3.8/site-packages/airflow/example_dags/example_dynamic_task_mapping.py
[2025-05-04T23:09:33.340+0000] {processor.py:830} INFO - Processing file /home/airflow/.local/lib/python3.8/site-packages/airflow/example_dags/example_dynamic_task_mapping.py for tasks to queue
[2025-05-04T23:09:33.342+0000] {logging_mixin.py:188} INFO - [2025-05-04T23:09:33.342+0000] {dagbag.py:538} INFO - Filling up the DagBag from /home/airflow/.local/lib/python3.8/site-packages/airflow/example_dags/example_dynamic_task_mapping.py
[2025-05-04T23:09:33.346+0000] {processor.py:840} INFO - DAG(s) 'example_dynamic_task_mapping' retrieved from /home/airflow/.local/lib/python3.8/site-packages/airflow/example_dags/example_dynamic_task_mapping.py
[2025-05-04T23:09:33.357+0000] {logging_mixin.py:188} INFO - [2025-05-04T23:09:33.356+0000] {dag.py:3033} INFO - Sync 1 DAGs
[2025-05-04T23:09:33.365+0000] {logging_mixin.py:188} INFO - [2025-05-04T23:09:33.365+0000] {dag.py:3820} INFO - Setting next_dagrun for example_dynamic_task_mapping to 2022-03-04T00:00:00+00:00, run_after=2022-03-05T00:00:00+00:00
[2025-05-04T23:09:33.371+0000] {processor.py:183} INFO - Processing /home/airflow/.local/lib/python3.8/site-packages/airflow/example_dags/example_dynamic_task_mapping.py took 0.033 seconds
[2025-05-04T23:10:04.096+0000] {processor.py:161} INFO - Started process (PID=446) to work on /home/airflow/.local/lib/python3.8/site-packages/airflow/example_dags/example_dynamic_task_mapping.py
[2025-05-04T23:10:04.097+0000] {processor.py:830} INFO - Processing file /home/airflow/.local/lib/python3.8/site-packages/airflow/example_dags/example_dynamic_task_mapping.py for tasks to queue
[2025-05-04T23:10:04.099+0000] {logging_mixin.py:188} INFO - [2025-05-04T23:10:04.098+0000] {dagbag.py:538} INFO - Filling up the DagBag from /home/airflow/.local/lib/python3.8/site-packages/airflow/example_dags/example_dynamic_task_mapping.py
[2025-05-04T23:10:04.103+0000] {processor.py:840} INFO - DAG(s) 'example_dynamic_task_mapping' retrieved from /home/airflow/.local/lib/python3.8/site-packages/airflow/example_dags/example_dynamic_task_mapping.py
[2025-05-04T23:10:04.114+0000] {logging_mixin.py:188} INFO - [2025-05-04T23:10:04.113+0000] {dag.py:3033} INFO - Sync 1 DAGs
[2025-05-04T23:10:04.122+0000] {logging_mixin.py:188} INFO - [2025-05-04T23:10:04.122+0000] {dag.py:3820} INFO - Setting next_dagrun for example_dynamic_task_mapping to 2022-03-04T00:00:00+00:00, run_after=2022-03-05T00:00:00+00:00
[2025-05-04T23:10:04.134+0000] {processor.py:183} INFO - Processing /home/airflow/.local/lib/python3.8/site-packages/airflow/example_dags/example_dynamic_task_mapping.py took 0.039 seconds
[2025-05-04T23:10:34.768+0000] {processor.py:161} INFO - Started process (PID=502) to work on /home/airflow/.local/lib/python3.8/site-packages/airflow/example_dags/example_dynamic_task_mapping.py
[2025-05-04T23:10:34.769+0000] {processor.py:830} INFO - Processing file /home/airflow/.local/lib/python3.8/site-packages/airflow/example_dags/example_dynamic_task_mapping.py for tasks to queue
[2025-05-04T23:10:34.770+0000] {logging_mixin.py:188} INFO - [2025-05-04T23:10:34.770+0000] {dagbag.py:538} INFO - Filling up the DagBag from /home/airflow/.local/lib/python3.8/site-packages/airflow/example_dags/example_dynamic_task_mapping.py
[2025-05-04T23:10:34.774+0000] {processor.py:840} INFO - DAG(s) 'example_dynamic_task_mapping' retrieved from /home/airflow/.local/lib/python3.8/site-packages/airflow/example_dags/example_dynamic_task_mapping.py
[2025-05-04T23:10:34.788+0000] {logging_mixin.py:188} INFO - [2025-05-04T23:10:34.788+0000] {dag.py:3033} INFO - Sync 1 DAGs
[2025-05-04T23:10:34.799+0000] {logging_mixin.py:188} INFO - [2025-05-04T23:10:34.799+0000] {dag.py:3820} INFO - Setting next_dagrun for example_dynamic_task_mapping to 2022-03-04T00:00:00+00:00, run_after=2022-03-05T00:00:00+00:00
[2025-05-04T23:10:34.808+0000] {processor.py:183} INFO - Processing /home/airflow/.local/lib/python3.8/site-packages/airflow/example_dags/example_dynamic_task_mapping.py took 0.041 seconds
[2025-05-04T23:11:05.485+0000] {processor.py:161} INFO - Started process (PID=558) to work on /home/airflow/.local/lib/python3.8/site-packages/airflow/example_dags/example_dynamic_task_mapping.py
[2025-05-04T23:11:05.487+0000] {processor.py:830} INFO - Processing file /home/airflow/.local/lib/python3.8/site-packages/airflow/example_dags/example_dynamic_task_mapping.py for tasks to queue
[2025-05-04T23:11:05.488+0000] {logging_mixin.py:188} INFO - [2025-05-04T23:11:05.488+0000] {dagbag.py:538} INFO - Filling up the DagBag from /home/airflow/.local/lib/python3.8/site-packages/airflow/example_dags/example_dynamic_task_mapping.py
[2025-05-04T23:11:05.492+0000] {processor.py:840} INFO - DAG(s) 'example_dynamic_task_mapping' retrieved from /home/airflow/.local/lib/python3.8/site-packages/airflow/example_dags/example_dynamic_task_mapping.py
[2025-05-04T23:11:05.500+0000] {logging_mixin.py:188} INFO - [2025-05-04T23:11:05.500+0000] {dag.py:3033} INFO - Sync 1 DAGs
[2025-05-04T23:11:05.512+0000] {logging_mixin.py:188} INFO - [2025-05-04T23:11:05.512+0000] {dag.py:3820} INFO - Setting next_dagrun for example_dynamic_task_mapping to 2022-03-04T00:00:00+00:00, run_after=2022-03-05T00:00:00+00:00
[2025-05-04T23:11:05.526+0000] {processor.py:183} INFO - Processing /home/airflow/.local/lib/python3.8/site-packages/airflow/example_dags/example_dynamic_task_mapping.py took 0.043 seconds
[2025-05-04T23:11:36.160+0000] {processor.py:161} INFO - Started process (PID=614) to work on /home/airflow/.local/lib/python3.8/site-packages/airflow/example_dags/example_dynamic_task_mapping.py
[2025-05-04T23:11:36.161+0000] {processor.py:830} INFO - Processing file /home/airflow/.local/lib/python3.8/site-packages/airflow/example_dags/example_dynamic_task_mapping.py for tasks to queue
[2025-05-04T23:11:36.162+0000] {logging_mixin.py:188} INFO - [2025-05-04T23:11:36.161+0000] {dagbag.py:538} INFO - Filling up the DagBag from /home/airflow/.local/lib/python3.8/site-packages/airflow/example_dags/example_dynamic_task_mapping.py
[2025-05-04T23:11:36.164+0000] {processor.py:840} INFO - DAG(s) 'example_dynamic_task_mapping' retrieved from /home/airflow/.local/lib/python3.8/site-packages/airflow/example_dags/example_dynamic_task_mapping.py
[2025-05-04T23:11:36.172+0000] {logging_mixin.py:188} INFO - [2025-05-04T23:11:36.172+0000] {dag.py:3033} INFO - Sync 1 DAGs
[2025-05-04T23:11:36.181+0000] {logging_mixin.py:188} INFO - [2025-05-04T23:11:36.181+0000] {dag.py:3820} INFO - Setting next_dagrun for example_dynamic_task_mapping to 2022-03-04T00:00:00+00:00, run_after=2022-03-05T00:00:00+00:00
[2025-05-04T23:11:36.193+0000] {processor.py:183} INFO - Processing /home/airflow/.local/lib/python3.8/site-packages/airflow/example_dags/example_dynamic_task_mapping.py took 0.035 seconds
[2025-05-04T23:12:06.740+0000] {processor.py:161} INFO - Started process (PID=670) to work on /home/airflow/.local/lib/python3.8/site-packages/airflow/example_dags/example_dynamic_task_mapping.py
[2025-05-04T23:12:06.742+0000] {processor.py:830} INFO - Processing file /home/airflow/.local/lib/python3.8/site-packages/airflow/example_dags/example_dynamic_task_mapping.py for tasks to queue
[2025-05-04T23:12:06.743+0000] {logging_mixin.py:188} INFO - [2025-05-04T23:12:06.743+0000] {dagbag.py:538} INFO - Filling up the DagBag from /home/airflow/.local/lib/python3.8/site-packages/airflow/example_dags/example_dynamic_task_mapping.py
[2025-05-04T23:12:06.746+0000] {processor.py:840} INFO - DAG(s) 'example_dynamic_task_mapping' retrieved from /home/airflow/.local/lib/python3.8/site-packages/airflow/example_dags/example_dynamic_task_mapping.py
[2025-05-04T23:12:06.757+0000] {logging_mixin.py:188} INFO - [2025-05-04T23:12:06.756+0000] {dag.py:3033} INFO - Sync 1 DAGs
[2025-05-04T23:12:06.765+0000] {logging_mixin.py:188} INFO - [2025-05-04T23:12:06.765+0000] {dag.py:3820} INFO - Setting next_dagrun for example_dynamic_task_mapping to 2022-03-04T00:00:00+00:00, run_after=2022-03-05T00:00:00+00:00
[2025-05-04T23:12:06.774+0000] {processor.py:183} INFO - Processing /home/airflow/.local/lib/python3.8/site-packages/airflow/example_dags/example_dynamic_task_mapping.py took 0.035 seconds
[2025-05-04T23:12:37.422+0000] {processor.py:161} INFO - Started process (PID=726) to work on /home/airflow/.local/lib/python3.8/site-packages/airflow/example_dags/example_dynamic_task_mapping.py
[2025-05-04T23:12:37.423+0000] {processor.py:830} INFO - Processing file /home/airflow/.local/lib/python3.8/site-packages/airflow/example_dags/example_dynamic_task_mapping.py for tasks to queue
[2025-05-04T23:12:37.424+0000] {logging_mixin.py:188} INFO - [2025-05-04T23:12:37.424+0000] {dagbag.py:538} INFO - Filling up the DagBag from /home/airflow/.local/lib/python3.8/site-packages/airflow/example_dags/example_dynamic_task_mapping.py
[2025-05-04T23:12:37.427+0000] {processor.py:840} INFO - DAG(s) 'example_dynamic_task_mapping' retrieved from /home/airflow/.local/lib/python3.8/site-packages/airflow/example_dags/example_dynamic_task_mapping.py
[2025-05-04T23:12:37.436+0000] {logging_mixin.py:188} INFO - [2025-05-04T23:12:37.436+0000] {dag.py:3033} INFO - Sync 1 DAGs
[2025-05-04T23:12:37.445+0000] {logging_mixin.py:188} INFO - [2025-05-04T23:12:37.445+0000] {dag.py:3820} INFO - Setting next_dagrun for example_dynamic_task_mapping to 2022-03-04T00:00:00+00:00, run_after=2022-03-05T00:00:00+00:00
[2025-05-04T23:12:37.454+0000] {processor.py:183} INFO - Processing /home/airflow/.local/lib/python3.8/site-packages/airflow/example_dags/example_dynamic_task_mapping.py took 0.033 seconds
[2025-05-04T23:13:08.057+0000] {processor.py:161} INFO - Started process (PID=782) to work on /home/airflow/.local/lib/python3.8/site-packages/airflow/example_dags/example_dynamic_task_mapping.py
[2025-05-04T23:13:08.058+0000] {processor.py:830} INFO - Processing file /home/airflow/.local/lib/python3.8/site-packages/airflow/example_dags/example_dynamic_task_mapping.py for tasks to queue
[2025-05-04T23:13:08.060+0000] {logging_mixin.py:188} INFO - [2025-05-04T23:13:08.059+0000] {dagbag.py:538} INFO - Filling up the DagBag from /home/airflow/.local/lib/python3.8/site-packages/airflow/example_dags/example_dynamic_task_mapping.py
[2025-05-04T23:13:08.063+0000] {processor.py:840} INFO - DAG(s) 'example_dynamic_task_mapping' retrieved from /home/airflow/.local/lib/python3.8/site-packages/airflow/example_dags/example_dynamic_task_mapping.py
[2025-05-04T23:13:08.072+0000] {logging_mixin.py:188} INFO - [2025-05-04T23:13:08.072+0000] {dag.py:3033} INFO - Sync 1 DAGs
[2025-05-04T23:13:08.081+0000] {logging_mixin.py:188} INFO - [2025-05-04T23:13:08.080+0000] {dag.py:3820} INFO - Setting next_dagrun for example_dynamic_task_mapping to 2022-03-04T00:00:00+00:00, run_after=2022-03-05T00:00:00+00:00
[2025-05-04T23:13:08.091+0000] {processor.py:183} INFO - Processing /home/airflow/.local/lib/python3.8/site-packages/airflow/example_dags/example_dynamic_task_mapping.py took 0.036 seconds
[2025-05-04T23:13:38.676+0000] {processor.py:161} INFO - Started process (PID=838) to work on /home/airflow/.local/lib/python3.8/site-packages/airflow/example_dags/example_dynamic_task_mapping.py
[2025-05-04T23:13:38.677+0000] {processor.py:830} INFO - Processing file /home/airflow/.local/lib/python3.8/site-packages/airflow/example_dags/example_dynamic_task_mapping.py for tasks to queue
[2025-05-04T23:13:38.681+0000] {logging_mixin.py:188} INFO - [2025-05-04T23:13:38.681+0000] {dagbag.py:538} INFO - Filling up the DagBag from /home/airflow/.local/lib/python3.8/site-packages/airflow/example_dags/example_dynamic_task_mapping.py
[2025-05-04T23:13:38.685+0000] {processor.py:840} INFO - DAG(s) 'example_dynamic_task_mapping' retrieved from /home/airflow/.local/lib/python3.8/site-packages/airflow/example_dags/example_dynamic_task_mapping.py
[2025-05-04T23:13:38.696+0000] {logging_mixin.py:188} INFO - [2025-05-04T23:13:38.696+0000] {dag.py:3033} INFO - Sync 1 DAGs
[2025-05-04T23:13:38.705+0000] {logging_mixin.py:188} INFO - [2025-05-04T23:13:38.705+0000] {dag.py:3820} INFO - Setting next_dagrun for example_dynamic_task_mapping to 2022-03-04T00:00:00+00:00, run_after=2022-03-05T00:00:00+00:00
[2025-05-04T23:13:38.717+0000] {processor.py:183} INFO - Processing /home/airflow/.local/lib/python3.8/site-packages/airflow/example_dags/example_dynamic_task_mapping.py took 0.042 seconds
[2025-05-04T23:14:09.446+0000] {processor.py:161} INFO - Started process (PID=894) to work on /home/airflow/.local/lib/python3.8/site-packages/airflow/example_dags/example_dynamic_task_mapping.py
[2025-05-04T23:14:09.448+0000] {processor.py:830} INFO - Processing file /home/airflow/.local/lib/python3.8/site-packages/airflow/example_dags/example_dynamic_task_mapping.py for tasks to queue
[2025-05-04T23:14:09.448+0000] {logging_mixin.py:188} INFO - [2025-05-04T23:14:09.448+0000] {dagbag.py:538} INFO - Filling up the DagBag from /home/airflow/.local/lib/python3.8/site-packages/airflow/example_dags/example_dynamic_task_mapping.py
[2025-05-04T23:14:09.451+0000] {processor.py:840} INFO - DAG(s) 'example_dynamic_task_mapping' retrieved from /home/airflow/.local/lib/python3.8/site-packages/airflow/example_dags/example_dynamic_task_mapping.py
[2025-05-04T23:14:09.458+0000] {logging_mixin.py:188} INFO - [2025-05-04T23:14:09.458+0000] {dag.py:3033} INFO - Sync 1 DAGs
[2025-05-04T23:14:09.466+0000] {logging_mixin.py:188} INFO - [2025-05-04T23:14:09.466+0000] {dag.py:3820} INFO - Setting next_dagrun for example_dynamic_task_mapping to 2022-03-04T00:00:00+00:00, run_after=2022-03-05T00:00:00+00:00
[2025-05-04T23:14:09.471+0000] {processor.py:183} INFO - Processing /home/airflow/.local/lib/python3.8/site-packages/airflow/example_dags/example_dynamic_task_mapping.py took 0.026 seconds
[2025-05-04T23:14:40.255+0000] {processor.py:161} INFO - Started process (PID=950) to work on /home/airflow/.local/lib/python3.8/site-packages/airflow/example_dags/example_dynamic_task_mapping.py
[2025-05-04T23:14:40.256+0000] {processor.py:830} INFO - Processing file /home/airflow/.local/lib/python3.8/site-packages/airflow/example_dags/example_dynamic_task_mapping.py for tasks to queue
[2025-05-04T23:14:40.258+0000] {logging_mixin.py:188} INFO - [2025-05-04T23:14:40.258+0000] {dagbag.py:538} INFO - Filling up the DagBag from /home/airflow/.local/lib/python3.8/site-packages/airflow/example_dags/example_dynamic_task_mapping.py
[2025-05-04T23:14:40.261+0000] {processor.py:840} INFO - DAG(s) 'example_dynamic_task_mapping' retrieved from /home/airflow/.local/lib/python3.8/site-packages/airflow/example_dags/example_dynamic_task_mapping.py
[2025-05-04T23:14:40.273+0000] {logging_mixin.py:188} INFO - [2025-05-04T23:14:40.273+0000] {dag.py:3033} INFO - Sync 1 DAGs
[2025-05-04T23:14:40.285+0000] {logging_mixin.py:188} INFO - [2025-05-04T23:14:40.285+0000] {dag.py:3820} INFO - Setting next_dagrun for example_dynamic_task_mapping to 2022-03-04T00:00:00+00:00, run_after=2022-03-05T00:00:00+00:00
[2025-05-04T23:14:40.295+0000] {processor.py:183} INFO - Processing /home/airflow/.local/lib/python3.8/site-packages/airflow/example_dags/example_dynamic_task_mapping.py took 0.041 seconds
[2025-05-04T23:15:10.476+0000] {processor.py:161} INFO - Started process (PID=1006) to work on /home/airflow/.local/lib/python3.8/site-packages/airflow/example_dags/example_dynamic_task_mapping.py
[2025-05-04T23:15:10.477+0000] {processor.py:830} INFO - Processing file /home/airflow/.local/lib/python3.8/site-packages/airflow/example_dags/example_dynamic_task_mapping.py for tasks to queue
[2025-05-04T23:15:10.477+0000] {logging_mixin.py:188} INFO - [2025-05-04T23:15:10.477+0000] {dagbag.py:538} INFO - Filling up the DagBag from /home/airflow/.local/lib/python3.8/site-packages/airflow/example_dags/example_dynamic_task_mapping.py
[2025-05-04T23:15:10.480+0000] {processor.py:840} INFO - DAG(s) 'example_dynamic_task_mapping' retrieved from /home/airflow/.local/lib/python3.8/site-packages/airflow/example_dags/example_dynamic_task_mapping.py
[2025-05-04T23:15:10.487+0000] {logging_mixin.py:188} INFO - [2025-05-04T23:15:10.487+0000] {dag.py:3033} INFO - Sync 1 DAGs
[2025-05-04T23:15:10.495+0000] {logging_mixin.py:188} INFO - [2025-05-04T23:15:10.494+0000] {dag.py:3820} INFO - Setting next_dagrun for example_dynamic_task_mapping to 2022-03-04T00:00:00+00:00, run_after=2022-03-05T00:00:00+00:00
[2025-05-04T23:15:10.500+0000] {processor.py:183} INFO - Processing /home/airflow/.local/lib/python3.8/site-packages/airflow/example_dags/example_dynamic_task_mapping.py took 0.025 seconds
[2025-05-04T23:15:41.141+0000] {processor.py:161} INFO - Started process (PID=1062) to work on /home/airflow/.local/lib/python3.8/site-packages/airflow/example_dags/example_dynamic_task_mapping.py
[2025-05-04T23:15:41.142+0000] {processor.py:830} INFO - Processing file /home/airflow/.local/lib/python3.8/site-packages/airflow/example_dags/example_dynamic_task_mapping.py for tasks to queue
[2025-05-04T23:15:41.144+0000] {logging_mixin.py:188} INFO - [2025-05-04T23:15:41.144+0000] {dagbag.py:538} INFO - Filling up the DagBag from /home/airflow/.local/lib/python3.8/site-packages/airflow/example_dags/example_dynamic_task_mapping.py
[2025-05-04T23:15:41.147+0000] {processor.py:840} INFO - DAG(s) 'example_dynamic_task_mapping' retrieved from /home/airflow/.local/lib/python3.8/site-packages/airflow/example_dags/example_dynamic_task_mapping.py
[2025-05-04T23:15:41.156+0000] {logging_mixin.py:188} INFO - [2025-05-04T23:15:41.156+0000] {dag.py:3033} INFO - Sync 1 DAGs
[2025-05-04T23:15:41.165+0000] {logging_mixin.py:188} INFO - [2025-05-04T23:15:41.165+0000] {dag.py:3820} INFO - Setting next_dagrun for example_dynamic_task_mapping to 2022-03-04T00:00:00+00:00, run_after=2022-03-05T00:00:00+00:00
[2025-05-04T23:15:41.174+0000] {processor.py:183} INFO - Processing /home/airflow/.local/lib/python3.8/site-packages/airflow/example_dags/example_dynamic_task_mapping.py took 0.034 seconds
[2025-05-04T23:18:30.921+0000] {processor.py:161} INFO - Started process (PID=49) to work on /home/airflow/.local/lib/python3.8/site-packages/airflow/example_dags/example_dynamic_task_mapping.py
[2025-05-04T23:18:30.925+0000] {processor.py:830} INFO - Processing file /home/airflow/.local/lib/python3.8/site-packages/airflow/example_dags/example_dynamic_task_mapping.py for tasks to queue
[2025-05-04T23:18:30.928+0000] {logging_mixin.py:188} INFO - [2025-05-04T23:18:30.927+0000] {dagbag.py:538} INFO - Filling up the DagBag from /home/airflow/.local/lib/python3.8/site-packages/airflow/example_dags/example_dynamic_task_mapping.py
[2025-05-04T23:18:30.937+0000] {processor.py:840} INFO - DAG(s) 'example_dynamic_task_mapping' retrieved from /home/airflow/.local/lib/python3.8/site-packages/airflow/example_dags/example_dynamic_task_mapping.py
[2025-05-04T23:18:30.948+0000] {logging_mixin.py:188} INFO - [2025-05-04T23:18:30.948+0000] {dag.py:3033} INFO - Sync 1 DAGs
[2025-05-04T23:18:30.973+0000] {logging_mixin.py:188} INFO - [2025-05-04T23:18:30.972+0000] {dag.py:3820} INFO - Setting next_dagrun for example_dynamic_task_mapping to 2022-03-04T00:00:00+00:00, run_after=2022-03-05T00:00:00+00:00
[2025-05-04T23:18:30.989+0000] {processor.py:183} INFO - Processing /home/airflow/.local/lib/python3.8/site-packages/airflow/example_dags/example_dynamic_task_mapping.py took 0.071 seconds
[2025-05-04T23:19:01.272+0000] {processor.py:161} INFO - Started process (PID=105) to work on /home/airflow/.local/lib/python3.8/site-packages/airflow/example_dags/example_dynamic_task_mapping.py
[2025-05-04T23:19:01.274+0000] {processor.py:830} INFO - Processing file /home/airflow/.local/lib/python3.8/site-packages/airflow/example_dags/example_dynamic_task_mapping.py for tasks to queue
[2025-05-04T23:19:01.277+0000] {logging_mixin.py:188} INFO - [2025-05-04T23:19:01.277+0000] {dagbag.py:538} INFO - Filling up the DagBag from /home/airflow/.local/lib/python3.8/site-packages/airflow/example_dags/example_dynamic_task_mapping.py
[2025-05-04T23:19:01.280+0000] {processor.py:840} INFO - DAG(s) 'example_dynamic_task_mapping' retrieved from /home/airflow/.local/lib/python3.8/site-packages/airflow/example_dags/example_dynamic_task_mapping.py
[2025-05-04T23:19:01.321+0000] {logging_mixin.py:188} INFO - [2025-05-04T23:19:01.321+0000] {dag.py:3033} INFO - Sync 1 DAGs
[2025-05-04T23:19:01.330+0000] {logging_mixin.py:188} INFO - [2025-05-04T23:19:01.330+0000] {dag.py:3820} INFO - Setting next_dagrun for example_dynamic_task_mapping to 2022-03-04T00:00:00+00:00, run_after=2022-03-05T00:00:00+00:00
[2025-05-04T23:19:01.338+0000] {processor.py:183} INFO - Processing /home/airflow/.local/lib/python3.8/site-packages/airflow/example_dags/example_dynamic_task_mapping.py took 0.067 seconds
[2025-05-04T23:19:31.845+0000] {processor.py:161} INFO - Started process (PID=161) to work on /home/airflow/.local/lib/python3.8/site-packages/airflow/example_dags/example_dynamic_task_mapping.py
[2025-05-04T23:19:31.847+0000] {processor.py:830} INFO - Processing file /home/airflow/.local/lib/python3.8/site-packages/airflow/example_dags/example_dynamic_task_mapping.py for tasks to queue
[2025-05-04T23:19:31.848+0000] {logging_mixin.py:188} INFO - [2025-05-04T23:19:31.848+0000] {dagbag.py:538} INFO - Filling up the DagBag from /home/airflow/.local/lib/python3.8/site-packages/airflow/example_dags/example_dynamic_task_mapping.py
[2025-05-04T23:19:31.850+0000] {processor.py:840} INFO - DAG(s) 'example_dynamic_task_mapping' retrieved from /home/airflow/.local/lib/python3.8/site-packages/airflow/example_dags/example_dynamic_task_mapping.py
[2025-05-04T23:19:31.858+0000] {logging_mixin.py:188} INFO - [2025-05-04T23:19:31.858+0000] {dag.py:3033} INFO - Sync 1 DAGs
[2025-05-04T23:19:31.865+0000] {logging_mixin.py:188} INFO - [2025-05-04T23:19:31.865+0000] {dag.py:3820} INFO - Setting next_dagrun for example_dynamic_task_mapping to 2022-03-04T00:00:00+00:00, run_after=2022-03-05T00:00:00+00:00
[2025-05-04T23:19:31.871+0000] {processor.py:183} INFO - Processing /home/airflow/.local/lib/python3.8/site-packages/airflow/example_dags/example_dynamic_task_mapping.py took 0.028 seconds
[2025-05-04T23:20:02.520+0000] {processor.py:161} INFO - Started process (PID=217) to work on /home/airflow/.local/lib/python3.8/site-packages/airflow/example_dags/example_dynamic_task_mapping.py
[2025-05-04T23:20:02.521+0000] {processor.py:830} INFO - Processing file /home/airflow/.local/lib/python3.8/site-packages/airflow/example_dags/example_dynamic_task_mapping.py for tasks to queue
[2025-05-04T23:20:02.521+0000] {logging_mixin.py:188} INFO - [2025-05-04T23:20:02.521+0000] {dagbag.py:538} INFO - Filling up the DagBag from /home/airflow/.local/lib/python3.8/site-packages/airflow/example_dags/example_dynamic_task_mapping.py
[2025-05-04T23:20:02.524+0000] {processor.py:840} INFO - DAG(s) 'example_dynamic_task_mapping' retrieved from /home/airflow/.local/lib/python3.8/site-packages/airflow/example_dags/example_dynamic_task_mapping.py
[2025-05-04T23:20:02.532+0000] {logging_mixin.py:188} INFO - [2025-05-04T23:20:02.532+0000] {dag.py:3033} INFO - Sync 1 DAGs
[2025-05-04T23:20:02.539+0000] {logging_mixin.py:188} INFO - [2025-05-04T23:20:02.539+0000] {dag.py:3820} INFO - Setting next_dagrun for example_dynamic_task_mapping to 2022-03-04T00:00:00+00:00, run_after=2022-03-05T00:00:00+00:00
[2025-05-04T23:20:02.546+0000] {processor.py:183} INFO - Processing /home/airflow/.local/lib/python3.8/site-packages/airflow/example_dags/example_dynamic_task_mapping.py took 0.028 seconds
[2025-05-04T23:20:33.328+0000] {processor.py:161} INFO - Started process (PID=272) to work on /home/airflow/.local/lib/python3.8/site-packages/airflow/example_dags/example_dynamic_task_mapping.py
[2025-05-04T23:20:33.329+0000] {processor.py:830} INFO - Processing file /home/airflow/.local/lib/python3.8/site-packages/airflow/example_dags/example_dynamic_task_mapping.py for tasks to queue
[2025-05-04T23:20:33.331+0000] {logging_mixin.py:188} INFO - [2025-05-04T23:20:33.331+0000] {dagbag.py:538} INFO - Filling up the DagBag from /home/airflow/.local/lib/python3.8/site-packages/airflow/example_dags/example_dynamic_task_mapping.py
[2025-05-04T23:20:33.334+0000] {processor.py:840} INFO - DAG(s) 'example_dynamic_task_mapping' retrieved from /home/airflow/.local/lib/python3.8/site-packages/airflow/example_dags/example_dynamic_task_mapping.py
[2025-05-04T23:20:33.347+0000] {logging_mixin.py:188} INFO - [2025-05-04T23:20:33.347+0000] {dag.py:3033} INFO - Sync 1 DAGs
[2025-05-04T23:20:33.359+0000] {logging_mixin.py:188} INFO - [2025-05-04T23:20:33.359+0000] {dag.py:3820} INFO - Setting next_dagrun for example_dynamic_task_mapping to 2022-03-04T00:00:00+00:00, run_after=2022-03-05T00:00:00+00:00
[2025-05-04T23:20:33.368+0000] {processor.py:183} INFO - Processing /home/airflow/.local/lib/python3.8/site-packages/airflow/example_dags/example_dynamic_task_mapping.py took 0.042 seconds
[2025-05-04T23:21:03.477+0000] {processor.py:161} INFO - Started process (PID=328) to work on /home/airflow/.local/lib/python3.8/site-packages/airflow/example_dags/example_dynamic_task_mapping.py
[2025-05-04T23:21:03.479+0000] {processor.py:830} INFO - Processing file /home/airflow/.local/lib/python3.8/site-packages/airflow/example_dags/example_dynamic_task_mapping.py for tasks to queue
[2025-05-04T23:21:03.480+0000] {logging_mixin.py:188} INFO - [2025-05-04T23:21:03.480+0000] {dagbag.py:538} INFO - Filling up the DagBag from /home/airflow/.local/lib/python3.8/site-packages/airflow/example_dags/example_dynamic_task_mapping.py
[2025-05-04T23:21:03.483+0000] {processor.py:840} INFO - DAG(s) 'example_dynamic_task_mapping' retrieved from /home/airflow/.local/lib/python3.8/site-packages/airflow/example_dags/example_dynamic_task_mapping.py
[2025-05-04T23:21:03.492+0000] {logging_mixin.py:188} INFO - [2025-05-04T23:21:03.491+0000] {dag.py:3033} INFO - Sync 1 DAGs
[2025-05-04T23:21:03.502+0000] {logging_mixin.py:188} INFO - [2025-05-04T23:21:03.502+0000] {dag.py:3820} INFO - Setting next_dagrun for example_dynamic_task_mapping to 2022-03-04T00:00:00+00:00, run_after=2022-03-05T00:00:00+00:00
[2025-05-04T23:21:03.513+0000] {processor.py:183} INFO - Processing /home/airflow/.local/lib/python3.8/site-packages/airflow/example_dags/example_dynamic_task_mapping.py took 0.037 seconds
[2025-05-04T23:21:34.156+0000] {processor.py:161} INFO - Started process (PID=384) to work on /home/airflow/.local/lib/python3.8/site-packages/airflow/example_dags/example_dynamic_task_mapping.py
[2025-05-04T23:21:34.156+0000] {processor.py:830} INFO - Processing file /home/airflow/.local/lib/python3.8/site-packages/airflow/example_dags/example_dynamic_task_mapping.py for tasks to queue
[2025-05-04T23:21:34.157+0000] {logging_mixin.py:188} INFO - [2025-05-04T23:21:34.157+0000] {dagbag.py:538} INFO - Filling up the DagBag from /home/airflow/.local/lib/python3.8/site-packages/airflow/example_dags/example_dynamic_task_mapping.py
[2025-05-04T23:21:34.160+0000] {processor.py:840} INFO - DAG(s) 'example_dynamic_task_mapping' retrieved from /home/airflow/.local/lib/python3.8/site-packages/airflow/example_dags/example_dynamic_task_mapping.py
[2025-05-04T23:21:34.170+0000] {logging_mixin.py:188} INFO - [2025-05-04T23:21:34.170+0000] {dag.py:3033} INFO - Sync 1 DAGs
[2025-05-04T23:21:34.183+0000] {logging_mixin.py:188} INFO - [2025-05-04T23:21:34.182+0000] {dag.py:3820} INFO - Setting next_dagrun for example_dynamic_task_mapping to 2022-03-04T00:00:00+00:00, run_after=2022-03-05T00:00:00+00:00
[2025-05-04T23:21:34.194+0000] {processor.py:183} INFO - Processing /home/airflow/.local/lib/python3.8/site-packages/airflow/example_dags/example_dynamic_task_mapping.py took 0.040 seconds
[2025-05-04T23:22:04.824+0000] {processor.py:161} INFO - Started process (PID=440) to work on /home/airflow/.local/lib/python3.8/site-packages/airflow/example_dags/example_dynamic_task_mapping.py
[2025-05-04T23:22:04.828+0000] {processor.py:830} INFO - Processing file /home/airflow/.local/lib/python3.8/site-packages/airflow/example_dags/example_dynamic_task_mapping.py for tasks to queue
[2025-05-04T23:22:04.830+0000] {logging_mixin.py:188} INFO - [2025-05-04T23:22:04.830+0000] {dagbag.py:538} INFO - Filling up the DagBag from /home/airflow/.local/lib/python3.8/site-packages/airflow/example_dags/example_dynamic_task_mapping.py
[2025-05-04T23:22:04.834+0000] {processor.py:840} INFO - DAG(s) 'example_dynamic_task_mapping' retrieved from /home/airflow/.local/lib/python3.8/site-packages/airflow/example_dags/example_dynamic_task_mapping.py
[2025-05-04T23:22:04.848+0000] {logging_mixin.py:188} INFO - [2025-05-04T23:22:04.848+0000] {dag.py:3033} INFO - Sync 1 DAGs
[2025-05-04T23:22:04.857+0000] {logging_mixin.py:188} INFO - [2025-05-04T23:22:04.857+0000] {dag.py:3820} INFO - Setting next_dagrun for example_dynamic_task_mapping to 2022-03-04T00:00:00+00:00, run_after=2022-03-05T00:00:00+00:00
[2025-05-04T23:22:04.869+0000] {processor.py:183} INFO - Processing /home/airflow/.local/lib/python3.8/site-packages/airflow/example_dags/example_dynamic_task_mapping.py took 0.046 seconds
[2025-05-04T23:22:35.422+0000] {processor.py:161} INFO - Started process (PID=496) to work on /home/airflow/.local/lib/python3.8/site-packages/airflow/example_dags/example_dynamic_task_mapping.py
[2025-05-04T23:22:35.424+0000] {processor.py:830} INFO - Processing file /home/airflow/.local/lib/python3.8/site-packages/airflow/example_dags/example_dynamic_task_mapping.py for tasks to queue
[2025-05-04T23:22:35.426+0000] {logging_mixin.py:188} INFO - [2025-05-04T23:22:35.425+0000] {dagbag.py:538} INFO - Filling up the DagBag from /home/airflow/.local/lib/python3.8/site-packages/airflow/example_dags/example_dynamic_task_mapping.py
[2025-05-04T23:22:35.428+0000] {processor.py:840} INFO - DAG(s) 'example_dynamic_task_mapping' retrieved from /home/airflow/.local/lib/python3.8/site-packages/airflow/example_dags/example_dynamic_task_mapping.py
[2025-05-04T23:22:35.436+0000] {logging_mixin.py:188} INFO - [2025-05-04T23:22:35.436+0000] {dag.py:3033} INFO - Sync 1 DAGs
[2025-05-04T23:22:35.446+0000] {logging_mixin.py:188} INFO - [2025-05-04T23:22:35.446+0000] {dag.py:3820} INFO - Setting next_dagrun for example_dynamic_task_mapping to 2022-03-04T00:00:00+00:00, run_after=2022-03-05T00:00:00+00:00
[2025-05-04T23:22:35.456+0000] {processor.py:183} INFO - Processing /home/airflow/.local/lib/python3.8/site-packages/airflow/example_dags/example_dynamic_task_mapping.py took 0.035 seconds
[2025-05-04T23:23:05.988+0000] {processor.py:161} INFO - Started process (PID=552) to work on /home/airflow/.local/lib/python3.8/site-packages/airflow/example_dags/example_dynamic_task_mapping.py
[2025-05-04T23:23:05.989+0000] {processor.py:830} INFO - Processing file /home/airflow/.local/lib/python3.8/site-packages/airflow/example_dags/example_dynamic_task_mapping.py for tasks to queue
[2025-05-04T23:23:05.990+0000] {logging_mixin.py:188} INFO - [2025-05-04T23:23:05.990+0000] {dagbag.py:538} INFO - Filling up the DagBag from /home/airflow/.local/lib/python3.8/site-packages/airflow/example_dags/example_dynamic_task_mapping.py
[2025-05-04T23:23:05.993+0000] {processor.py:840} INFO - DAG(s) 'example_dynamic_task_mapping' retrieved from /home/airflow/.local/lib/python3.8/site-packages/airflow/example_dags/example_dynamic_task_mapping.py
[2025-05-04T23:23:06.001+0000] {logging_mixin.py:188} INFO - [2025-05-04T23:23:06.001+0000] {dag.py:3033} INFO - Sync 1 DAGs
[2025-05-04T23:23:06.011+0000] {logging_mixin.py:188} INFO - [2025-05-04T23:23:06.011+0000] {dag.py:3820} INFO - Setting next_dagrun for example_dynamic_task_mapping to 2022-03-04T00:00:00+00:00, run_after=2022-03-05T00:00:00+00:00
[2025-05-04T23:23:06.019+0000] {processor.py:183} INFO - Processing /home/airflow/.local/lib/python3.8/site-packages/airflow/example_dags/example_dynamic_task_mapping.py took 0.033 seconds
[2025-05-04T23:24:30.285+0000] {processor.py:161} INFO - Started process (PID=49) to work on /home/airflow/.local/lib/python3.8/site-packages/airflow/example_dags/example_dynamic_task_mapping.py
[2025-05-04T23:24:30.287+0000] {processor.py:830} INFO - Processing file /home/airflow/.local/lib/python3.8/site-packages/airflow/example_dags/example_dynamic_task_mapping.py for tasks to queue
[2025-05-04T23:24:30.291+0000] {logging_mixin.py:188} INFO - [2025-05-04T23:24:30.290+0000] {dagbag.py:538} INFO - Filling up the DagBag from /home/airflow/.local/lib/python3.8/site-packages/airflow/example_dags/example_dynamic_task_mapping.py
[2025-05-04T23:24:30.299+0000] {processor.py:840} INFO - DAG(s) 'example_dynamic_task_mapping' retrieved from /home/airflow/.local/lib/python3.8/site-packages/airflow/example_dags/example_dynamic_task_mapping.py
[2025-05-04T23:24:30.320+0000] {logging_mixin.py:188} INFO - [2025-05-04T23:24:30.320+0000] {dag.py:3033} INFO - Sync 1 DAGs
[2025-05-04T23:24:30.367+0000] {logging_mixin.py:188} INFO - [2025-05-04T23:24:30.367+0000] {dag.py:3820} INFO - Setting next_dagrun for example_dynamic_task_mapping to 2022-03-04T00:00:00+00:00, run_after=2022-03-05T00:00:00+00:00
[2025-05-04T23:24:30.398+0000] {processor.py:183} INFO - Processing /home/airflow/.local/lib/python3.8/site-packages/airflow/example_dags/example_dynamic_task_mapping.py took 0.117 seconds
[2025-05-04T23:25:00.691+0000] {processor.py:161} INFO - Started process (PID=105) to work on /home/airflow/.local/lib/python3.8/site-packages/airflow/example_dags/example_dynamic_task_mapping.py
[2025-05-04T23:25:00.692+0000] {processor.py:830} INFO - Processing file /home/airflow/.local/lib/python3.8/site-packages/airflow/example_dags/example_dynamic_task_mapping.py for tasks to queue
[2025-05-04T23:25:00.693+0000] {logging_mixin.py:188} INFO - [2025-05-04T23:25:00.693+0000] {dagbag.py:538} INFO - Filling up the DagBag from /home/airflow/.local/lib/python3.8/site-packages/airflow/example_dags/example_dynamic_task_mapping.py
[2025-05-04T23:25:00.697+0000] {processor.py:840} INFO - DAG(s) 'example_dynamic_task_mapping' retrieved from /home/airflow/.local/lib/python3.8/site-packages/airflow/example_dags/example_dynamic_task_mapping.py
[2025-05-04T23:25:00.743+0000] {logging_mixin.py:188} INFO - [2025-05-04T23:25:00.743+0000] {dag.py:3033} INFO - Sync 1 DAGs
[2025-05-04T23:25:00.752+0000] {logging_mixin.py:188} INFO - [2025-05-04T23:25:00.752+0000] {dag.py:3820} INFO - Setting next_dagrun for example_dynamic_task_mapping to 2022-03-04T00:00:00+00:00, run_after=2022-03-05T00:00:00+00:00
[2025-05-04T23:25:00.763+0000] {processor.py:183} INFO - Processing /home/airflow/.local/lib/python3.8/site-packages/airflow/example_dags/example_dynamic_task_mapping.py took 0.073 seconds
[2025-05-04T23:25:31.155+0000] {processor.py:161} INFO - Started process (PID=160) to work on /home/airflow/.local/lib/python3.8/site-packages/airflow/example_dags/example_dynamic_task_mapping.py
[2025-05-04T23:25:31.156+0000] {processor.py:830} INFO - Processing file /home/airflow/.local/lib/python3.8/site-packages/airflow/example_dags/example_dynamic_task_mapping.py for tasks to queue
[2025-05-04T23:25:31.157+0000] {logging_mixin.py:188} INFO - [2025-05-04T23:25:31.157+0000] {dagbag.py:538} INFO - Filling up the DagBag from /home/airflow/.local/lib/python3.8/site-packages/airflow/example_dags/example_dynamic_task_mapping.py
[2025-05-04T23:25:31.160+0000] {processor.py:840} INFO - DAG(s) 'example_dynamic_task_mapping' retrieved from /home/airflow/.local/lib/python3.8/site-packages/airflow/example_dags/example_dynamic_task_mapping.py
[2025-05-04T23:25:31.168+0000] {logging_mixin.py:188} INFO - [2025-05-04T23:25:31.168+0000] {dag.py:3033} INFO - Sync 1 DAGs
[2025-05-04T23:25:31.175+0000] {logging_mixin.py:188} INFO - [2025-05-04T23:25:31.175+0000] {dag.py:3820} INFO - Setting next_dagrun for example_dynamic_task_mapping to 2022-03-04T00:00:00+00:00, run_after=2022-03-05T00:00:00+00:00
[2025-05-04T23:25:31.191+0000] {processor.py:183} INFO - Processing /home/airflow/.local/lib/python3.8/site-packages/airflow/example_dags/example_dynamic_task_mapping.py took 0.038 seconds
[2025-05-04T23:26:01.873+0000] {processor.py:161} INFO - Started process (PID=216) to work on /home/airflow/.local/lib/python3.8/site-packages/airflow/example_dags/example_dynamic_task_mapping.py
[2025-05-04T23:26:01.876+0000] {processor.py:830} INFO - Processing file /home/airflow/.local/lib/python3.8/site-packages/airflow/example_dags/example_dynamic_task_mapping.py for tasks to queue
[2025-05-04T23:26:01.878+0000] {logging_mixin.py:188} INFO - [2025-05-04T23:26:01.878+0000] {dagbag.py:538} INFO - Filling up the DagBag from /home/airflow/.local/lib/python3.8/site-packages/airflow/example_dags/example_dynamic_task_mapping.py
[2025-05-04T23:26:01.881+0000] {processor.py:840} INFO - DAG(s) 'example_dynamic_task_mapping' retrieved from /home/airflow/.local/lib/python3.8/site-packages/airflow/example_dags/example_dynamic_task_mapping.py
[2025-05-04T23:26:01.892+0000] {logging_mixin.py:188} INFO - [2025-05-04T23:26:01.892+0000] {dag.py:3033} INFO - Sync 1 DAGs
[2025-05-04T23:26:01.905+0000] {logging_mixin.py:188} INFO - [2025-05-04T23:26:01.905+0000] {dag.py:3820} INFO - Setting next_dagrun for example_dynamic_task_mapping to 2022-03-04T00:00:00+00:00, run_after=2022-03-05T00:00:00+00:00
[2025-05-04T23:26:01.914+0000] {processor.py:183} INFO - Processing /home/airflow/.local/lib/python3.8/site-packages/airflow/example_dags/example_dynamic_task_mapping.py took 0.043 seconds
[2025-05-04T23:26:32.645+0000] {processor.py:161} INFO - Started process (PID=272) to work on /home/airflow/.local/lib/python3.8/site-packages/airflow/example_dags/example_dynamic_task_mapping.py
[2025-05-04T23:26:32.646+0000] {processor.py:830} INFO - Processing file /home/airflow/.local/lib/python3.8/site-packages/airflow/example_dags/example_dynamic_task_mapping.py for tasks to queue
[2025-05-04T23:26:32.647+0000] {logging_mixin.py:188} INFO - [2025-05-04T23:26:32.647+0000] {dagbag.py:538} INFO - Filling up the DagBag from /home/airflow/.local/lib/python3.8/site-packages/airflow/example_dags/example_dynamic_task_mapping.py
[2025-05-04T23:26:32.651+0000] {processor.py:840} INFO - DAG(s) 'example_dynamic_task_mapping' retrieved from /home/airflow/.local/lib/python3.8/site-packages/airflow/example_dags/example_dynamic_task_mapping.py
[2025-05-04T23:26:32.660+0000] {logging_mixin.py:188} INFO - [2025-05-04T23:26:32.660+0000] {dag.py:3033} INFO - Sync 1 DAGs
[2025-05-04T23:26:32.671+0000] {logging_mixin.py:188} INFO - [2025-05-04T23:26:32.670+0000] {dag.py:3820} INFO - Setting next_dagrun for example_dynamic_task_mapping to 2022-03-04T00:00:00+00:00, run_after=2022-03-05T00:00:00+00:00
[2025-05-04T23:26:32.680+0000] {processor.py:183} INFO - Processing /home/airflow/.local/lib/python3.8/site-packages/airflow/example_dags/example_dynamic_task_mapping.py took 0.036 seconds
[2025-05-04T23:27:03.428+0000] {processor.py:161} INFO - Started process (PID=328) to work on /home/airflow/.local/lib/python3.8/site-packages/airflow/example_dags/example_dynamic_task_mapping.py
[2025-05-04T23:27:03.429+0000] {processor.py:830} INFO - Processing file /home/airflow/.local/lib/python3.8/site-packages/airflow/example_dags/example_dynamic_task_mapping.py for tasks to queue
[2025-05-04T23:27:03.431+0000] {logging_mixin.py:188} INFO - [2025-05-04T23:27:03.430+0000] {dagbag.py:538} INFO - Filling up the DagBag from /home/airflow/.local/lib/python3.8/site-packages/airflow/example_dags/example_dynamic_task_mapping.py
[2025-05-04T23:27:03.436+0000] {processor.py:840} INFO - DAG(s) 'example_dynamic_task_mapping' retrieved from /home/airflow/.local/lib/python3.8/site-packages/airflow/example_dags/example_dynamic_task_mapping.py
[2025-05-04T23:27:03.444+0000] {logging_mixin.py:188} INFO - [2025-05-04T23:27:03.444+0000] {dag.py:3033} INFO - Sync 1 DAGs
[2025-05-04T23:27:03.455+0000] {logging_mixin.py:188} INFO - [2025-05-04T23:27:03.455+0000] {dag.py:3820} INFO - Setting next_dagrun for example_dynamic_task_mapping to 2022-03-04T00:00:00+00:00, run_after=2022-03-05T00:00:00+00:00
[2025-05-04T23:27:03.471+0000] {processor.py:183} INFO - Processing /home/airflow/.local/lib/python3.8/site-packages/airflow/example_dags/example_dynamic_task_mapping.py took 0.044 seconds
[2025-05-04T23:27:34.096+0000] {processor.py:161} INFO - Started process (PID=384) to work on /home/airflow/.local/lib/python3.8/site-packages/airflow/example_dags/example_dynamic_task_mapping.py
[2025-05-04T23:27:34.097+0000] {processor.py:830} INFO - Processing file /home/airflow/.local/lib/python3.8/site-packages/airflow/example_dags/example_dynamic_task_mapping.py for tasks to queue
[2025-05-04T23:27:34.098+0000] {logging_mixin.py:188} INFO - [2025-05-04T23:27:34.098+0000] {dagbag.py:538} INFO - Filling up the DagBag from /home/airflow/.local/lib/python3.8/site-packages/airflow/example_dags/example_dynamic_task_mapping.py
[2025-05-04T23:27:34.101+0000] {processor.py:840} INFO - DAG(s) 'example_dynamic_task_mapping' retrieved from /home/airflow/.local/lib/python3.8/site-packages/airflow/example_dags/example_dynamic_task_mapping.py
[2025-05-04T23:27:34.113+0000] {logging_mixin.py:188} INFO - [2025-05-04T23:27:34.113+0000] {dag.py:3033} INFO - Sync 1 DAGs
[2025-05-04T23:27:34.123+0000] {logging_mixin.py:188} INFO - [2025-05-04T23:27:34.122+0000] {dag.py:3820} INFO - Setting next_dagrun for example_dynamic_task_mapping to 2022-03-04T00:00:00+00:00, run_after=2022-03-05T00:00:00+00:00
[2025-05-04T23:27:34.133+0000] {processor.py:183} INFO - Processing /home/airflow/.local/lib/python3.8/site-packages/airflow/example_dags/example_dynamic_task_mapping.py took 0.038 seconds
[2025-05-04T23:28:23.757+0000] {processor.py:161} INFO - Started process (PID=49) to work on /home/airflow/.local/lib/python3.8/site-packages/airflow/example_dags/example_dynamic_task_mapping.py
[2025-05-04T23:28:23.760+0000] {processor.py:830} INFO - Processing file /home/airflow/.local/lib/python3.8/site-packages/airflow/example_dags/example_dynamic_task_mapping.py for tasks to queue
[2025-05-04T23:28:23.761+0000] {logging_mixin.py:188} INFO - [2025-05-04T23:28:23.761+0000] {dagbag.py:538} INFO - Filling up the DagBag from /home/airflow/.local/lib/python3.8/site-packages/airflow/example_dags/example_dynamic_task_mapping.py
[2025-05-04T23:28:23.768+0000] {processor.py:840} INFO - DAG(s) 'example_dynamic_task_mapping' retrieved from /home/airflow/.local/lib/python3.8/site-packages/airflow/example_dags/example_dynamic_task_mapping.py
[2025-05-04T23:28:23.780+0000] {logging_mixin.py:188} INFO - [2025-05-04T23:28:23.780+0000] {dag.py:3033} INFO - Sync 1 DAGs
[2025-05-04T23:28:23.795+0000] {logging_mixin.py:188} INFO - [2025-05-04T23:28:23.795+0000] {dag.py:3820} INFO - Setting next_dagrun for example_dynamic_task_mapping to 2022-03-04T00:00:00+00:00, run_after=2022-03-05T00:00:00+00:00
[2025-05-04T23:28:23.833+0000] {processor.py:183} INFO - Processing /home/airflow/.local/lib/python3.8/site-packages/airflow/example_dags/example_dynamic_task_mapping.py took 0.079 seconds
[2025-05-04T23:28:54.710+0000] {processor.py:161} INFO - Started process (PID=105) to work on /home/airflow/.local/lib/python3.8/site-packages/airflow/example_dags/example_dynamic_task_mapping.py
[2025-05-04T23:28:54.711+0000] {processor.py:830} INFO - Processing file /home/airflow/.local/lib/python3.8/site-packages/airflow/example_dags/example_dynamic_task_mapping.py for tasks to queue
[2025-05-04T23:28:54.712+0000] {logging_mixin.py:188} INFO - [2025-05-04T23:28:54.712+0000] {dagbag.py:538} INFO - Filling up the DagBag from /home/airflow/.local/lib/python3.8/site-packages/airflow/example_dags/example_dynamic_task_mapping.py
[2025-05-04T23:28:54.716+0000] {processor.py:840} INFO - DAG(s) 'example_dynamic_task_mapping' retrieved from /home/airflow/.local/lib/python3.8/site-packages/airflow/example_dags/example_dynamic_task_mapping.py
[2025-05-04T23:28:54.761+0000] {logging_mixin.py:188} INFO - [2025-05-04T23:28:54.761+0000] {dag.py:3033} INFO - Sync 1 DAGs
[2025-05-04T23:28:54.771+0000] {logging_mixin.py:188} INFO - [2025-05-04T23:28:54.770+0000] {dag.py:3820} INFO - Setting next_dagrun for example_dynamic_task_mapping to 2022-03-04T00:00:00+00:00, run_after=2022-03-05T00:00:00+00:00
[2025-05-04T23:28:54.781+0000] {processor.py:183} INFO - Processing /home/airflow/.local/lib/python3.8/site-packages/airflow/example_dags/example_dynamic_task_mapping.py took 0.072 seconds
[2025-05-04T23:29:25.217+0000] {processor.py:161} INFO - Started process (PID=161) to work on /home/airflow/.local/lib/python3.8/site-packages/airflow/example_dags/example_dynamic_task_mapping.py
[2025-05-04T23:29:25.217+0000] {processor.py:830} INFO - Processing file /home/airflow/.local/lib/python3.8/site-packages/airflow/example_dags/example_dynamic_task_mapping.py for tasks to queue
[2025-05-04T23:29:25.219+0000] {logging_mixin.py:188} INFO - [2025-05-04T23:29:25.219+0000] {dagbag.py:538} INFO - Filling up the DagBag from /home/airflow/.local/lib/python3.8/site-packages/airflow/example_dags/example_dynamic_task_mapping.py
[2025-05-04T23:29:25.222+0000] {processor.py:840} INFO - DAG(s) 'example_dynamic_task_mapping' retrieved from /home/airflow/.local/lib/python3.8/site-packages/airflow/example_dags/example_dynamic_task_mapping.py
[2025-05-04T23:29:25.231+0000] {logging_mixin.py:188} INFO - [2025-05-04T23:29:25.231+0000] {dag.py:3033} INFO - Sync 1 DAGs
[2025-05-04T23:29:25.241+0000] {logging_mixin.py:188} INFO - [2025-05-04T23:29:25.241+0000] {dag.py:3820} INFO - Setting next_dagrun for example_dynamic_task_mapping to 2022-03-04T00:00:00+00:00, run_after=2022-03-05T00:00:00+00:00
[2025-05-04T23:29:25.248+0000] {processor.py:183} INFO - Processing /home/airflow/.local/lib/python3.8/site-packages/airflow/example_dags/example_dynamic_task_mapping.py took 0.033 seconds
[2025-05-04T23:29:55.934+0000] {processor.py:161} INFO - Started process (PID=217) to work on /home/airflow/.local/lib/python3.8/site-packages/airflow/example_dags/example_dynamic_task_mapping.py
[2025-05-04T23:29:55.936+0000] {processor.py:830} INFO - Processing file /home/airflow/.local/lib/python3.8/site-packages/airflow/example_dags/example_dynamic_task_mapping.py for tasks to queue
[2025-05-04T23:29:55.937+0000] {logging_mixin.py:188} INFO - [2025-05-04T23:29:55.937+0000] {dagbag.py:538} INFO - Filling up the DagBag from /home/airflow/.local/lib/python3.8/site-packages/airflow/example_dags/example_dynamic_task_mapping.py
[2025-05-04T23:29:55.942+0000] {processor.py:840} INFO - DAG(s) 'example_dynamic_task_mapping' retrieved from /home/airflow/.local/lib/python3.8/site-packages/airflow/example_dags/example_dynamic_task_mapping.py
[2025-05-04T23:29:55.952+0000] {logging_mixin.py:188} INFO - [2025-05-04T23:29:55.952+0000] {dag.py:3033} INFO - Sync 1 DAGs
[2025-05-04T23:29:55.964+0000] {logging_mixin.py:188} INFO - [2025-05-04T23:29:55.964+0000] {dag.py:3820} INFO - Setting next_dagrun for example_dynamic_task_mapping to 2022-03-04T00:00:00+00:00, run_after=2022-03-05T00:00:00+00:00
[2025-05-04T23:29:55.973+0000] {processor.py:183} INFO - Processing /home/airflow/.local/lib/python3.8/site-packages/airflow/example_dags/example_dynamic_task_mapping.py took 0.041 seconds
[2025-05-04T23:30:26.740+0000] {processor.py:161} INFO - Started process (PID=273) to work on /home/airflow/.local/lib/python3.8/site-packages/airflow/example_dags/example_dynamic_task_mapping.py
[2025-05-04T23:30:26.740+0000] {processor.py:830} INFO - Processing file /home/airflow/.local/lib/python3.8/site-packages/airflow/example_dags/example_dynamic_task_mapping.py for tasks to queue
[2025-05-04T23:30:26.741+0000] {logging_mixin.py:188} INFO - [2025-05-04T23:30:26.741+0000] {dagbag.py:538} INFO - Filling up the DagBag from /home/airflow/.local/lib/python3.8/site-packages/airflow/example_dags/example_dynamic_task_mapping.py
[2025-05-04T23:30:26.745+0000] {processor.py:840} INFO - DAG(s) 'example_dynamic_task_mapping' retrieved from /home/airflow/.local/lib/python3.8/site-packages/airflow/example_dags/example_dynamic_task_mapping.py
[2025-05-04T23:30:26.754+0000] {logging_mixin.py:188} INFO - [2025-05-04T23:30:26.753+0000] {dag.py:3033} INFO - Sync 1 DAGs
[2025-05-04T23:30:26.763+0000] {logging_mixin.py:188} INFO - [2025-05-04T23:30:26.762+0000] {dag.py:3820} INFO - Setting next_dagrun for example_dynamic_task_mapping to 2022-03-04T00:00:00+00:00, run_after=2022-03-05T00:00:00+00:00
[2025-05-04T23:30:26.770+0000] {processor.py:183} INFO - Processing /home/airflow/.local/lib/python3.8/site-packages/airflow/example_dags/example_dynamic_task_mapping.py took 0.032 seconds
[2025-05-04T23:30:57.278+0000] {processor.py:161} INFO - Started process (PID=329) to work on /home/airflow/.local/lib/python3.8/site-packages/airflow/example_dags/example_dynamic_task_mapping.py
[2025-05-04T23:30:57.279+0000] {processor.py:830} INFO - Processing file /home/airflow/.local/lib/python3.8/site-packages/airflow/example_dags/example_dynamic_task_mapping.py for tasks to queue
[2025-05-04T23:30:57.280+0000] {logging_mixin.py:188} INFO - [2025-05-04T23:30:57.280+0000] {dagbag.py:538} INFO - Filling up the DagBag from /home/airflow/.local/lib/python3.8/site-packages/airflow/example_dags/example_dynamic_task_mapping.py
[2025-05-04T23:30:57.284+0000] {processor.py:840} INFO - DAG(s) 'example_dynamic_task_mapping' retrieved from /home/airflow/.local/lib/python3.8/site-packages/airflow/example_dags/example_dynamic_task_mapping.py
[2025-05-04T23:30:57.294+0000] {logging_mixin.py:188} INFO - [2025-05-04T23:30:57.294+0000] {dag.py:3033} INFO - Sync 1 DAGs
[2025-05-04T23:30:57.305+0000] {logging_mixin.py:188} INFO - [2025-05-04T23:30:57.305+0000] {dag.py:3820} INFO - Setting next_dagrun for example_dynamic_task_mapping to 2022-03-04T00:00:00+00:00, run_after=2022-03-05T00:00:00+00:00
[2025-05-04T23:30:57.314+0000] {processor.py:183} INFO - Processing /home/airflow/.local/lib/python3.8/site-packages/airflow/example_dags/example_dynamic_task_mapping.py took 0.039 seconds
[2025-05-04T23:31:27.961+0000] {processor.py:161} INFO - Started process (PID=390) to work on /home/airflow/.local/lib/python3.8/site-packages/airflow/example_dags/example_dynamic_task_mapping.py
[2025-05-04T23:31:27.963+0000] {processor.py:830} INFO - Processing file /home/airflow/.local/lib/python3.8/site-packages/airflow/example_dags/example_dynamic_task_mapping.py for tasks to queue
[2025-05-04T23:31:27.964+0000] {logging_mixin.py:188} INFO - [2025-05-04T23:31:27.964+0000] {dagbag.py:538} INFO - Filling up the DagBag from /home/airflow/.local/lib/python3.8/site-packages/airflow/example_dags/example_dynamic_task_mapping.py
[2025-05-04T23:31:27.967+0000] {processor.py:840} INFO - DAG(s) 'example_dynamic_task_mapping' retrieved from /home/airflow/.local/lib/python3.8/site-packages/airflow/example_dags/example_dynamic_task_mapping.py
[2025-05-04T23:31:27.975+0000] {logging_mixin.py:188} INFO - [2025-05-04T23:31:27.975+0000] {dag.py:3033} INFO - Sync 1 DAGs
[2025-05-04T23:31:27.985+0000] {logging_mixin.py:188} INFO - [2025-05-04T23:31:27.985+0000] {dag.py:3820} INFO - Setting next_dagrun for example_dynamic_task_mapping to 2022-03-04T00:00:00+00:00, run_after=2022-03-05T00:00:00+00:00
[2025-05-04T23:31:27.995+0000] {processor.py:183} INFO - Processing /home/airflow/.local/lib/python3.8/site-packages/airflow/example_dags/example_dynamic_task_mapping.py took 0.035 seconds
[2025-05-04T23:31:58.616+0000] {processor.py:161} INFO - Started process (PID=446) to work on /home/airflow/.local/lib/python3.8/site-packages/airflow/example_dags/example_dynamic_task_mapping.py
[2025-05-04T23:31:58.617+0000] {processor.py:830} INFO - Processing file /home/airflow/.local/lib/python3.8/site-packages/airflow/example_dags/example_dynamic_task_mapping.py for tasks to queue
[2025-05-04T23:31:58.619+0000] {logging_mixin.py:188} INFO - [2025-05-04T23:31:58.619+0000] {dagbag.py:538} INFO - Filling up the DagBag from /home/airflow/.local/lib/python3.8/site-packages/airflow/example_dags/example_dynamic_task_mapping.py
[2025-05-04T23:31:58.623+0000] {processor.py:840} INFO - DAG(s) 'example_dynamic_task_mapping' retrieved from /home/airflow/.local/lib/python3.8/site-packages/airflow/example_dags/example_dynamic_task_mapping.py
[2025-05-04T23:31:58.633+0000] {logging_mixin.py:188} INFO - [2025-05-04T23:31:58.633+0000] {dag.py:3033} INFO - Sync 1 DAGs
[2025-05-04T23:31:58.643+0000] {logging_mixin.py:188} INFO - [2025-05-04T23:31:58.643+0000] {dag.py:3820} INFO - Setting next_dagrun for example_dynamic_task_mapping to 2022-03-04T00:00:00+00:00, run_after=2022-03-05T00:00:00+00:00
[2025-05-04T23:31:58.653+0000] {processor.py:183} INFO - Processing /home/airflow/.local/lib/python3.8/site-packages/airflow/example_dags/example_dynamic_task_mapping.py took 0.039 seconds
[2025-05-04T23:32:29.330+0000] {processor.py:161} INFO - Started process (PID=502) to work on /home/airflow/.local/lib/python3.8/site-packages/airflow/example_dags/example_dynamic_task_mapping.py
[2025-05-04T23:32:29.331+0000] {processor.py:830} INFO - Processing file /home/airflow/.local/lib/python3.8/site-packages/airflow/example_dags/example_dynamic_task_mapping.py for tasks to queue
[2025-05-04T23:32:29.333+0000] {logging_mixin.py:188} INFO - [2025-05-04T23:32:29.333+0000] {dagbag.py:538} INFO - Filling up the DagBag from /home/airflow/.local/lib/python3.8/site-packages/airflow/example_dags/example_dynamic_task_mapping.py
[2025-05-04T23:32:29.336+0000] {processor.py:840} INFO - DAG(s) 'example_dynamic_task_mapping' retrieved from /home/airflow/.local/lib/python3.8/site-packages/airflow/example_dags/example_dynamic_task_mapping.py
[2025-05-04T23:32:29.347+0000] {logging_mixin.py:188} INFO - [2025-05-04T23:32:29.347+0000] {dag.py:3033} INFO - Sync 1 DAGs
[2025-05-04T23:32:29.357+0000] {logging_mixin.py:188} INFO - [2025-05-04T23:32:29.356+0000] {dag.py:3820} INFO - Setting next_dagrun for example_dynamic_task_mapping to 2022-03-04T00:00:00+00:00, run_after=2022-03-05T00:00:00+00:00
[2025-05-04T23:32:29.368+0000] {processor.py:183} INFO - Processing /home/airflow/.local/lib/python3.8/site-packages/airflow/example_dags/example_dynamic_task_mapping.py took 0.040 seconds
[2025-05-04T23:47:21.624+0000] {processor.py:161} INFO - Started process (PID=49) to work on /home/airflow/.local/lib/python3.8/site-packages/airflow/example_dags/example_dynamic_task_mapping.py
[2025-05-04T23:47:21.626+0000] {processor.py:830} INFO - Processing file /home/airflow/.local/lib/python3.8/site-packages/airflow/example_dags/example_dynamic_task_mapping.py for tasks to queue
[2025-05-04T23:47:21.627+0000] {logging_mixin.py:188} INFO - [2025-05-04T23:47:21.627+0000] {dagbag.py:538} INFO - Filling up the DagBag from /home/airflow/.local/lib/python3.8/site-packages/airflow/example_dags/example_dynamic_task_mapping.py
[2025-05-04T23:47:21.635+0000] {processor.py:840} INFO - DAG(s) 'example_dynamic_task_mapping' retrieved from /home/airflow/.local/lib/python3.8/site-packages/airflow/example_dags/example_dynamic_task_mapping.py
[2025-05-04T23:47:21.660+0000] {logging_mixin.py:188} INFO - [2025-05-04T23:47:21.660+0000] {dag.py:3033} INFO - Sync 1 DAGs
[2025-05-04T23:47:21.682+0000] {logging_mixin.py:188} INFO - [2025-05-04T23:47:21.682+0000] {dag.py:3820} INFO - Setting next_dagrun for example_dynamic_task_mapping to 2022-03-04T00:00:00+00:00, run_after=2022-03-05T00:00:00+00:00
[2025-05-04T23:47:21.711+0000] {processor.py:183} INFO - Processing /home/airflow/.local/lib/python3.8/site-packages/airflow/example_dags/example_dynamic_task_mapping.py took 0.092 seconds
[2025-05-04T23:47:52.131+0000] {processor.py:161} INFO - Started process (PID=105) to work on /home/airflow/.local/lib/python3.8/site-packages/airflow/example_dags/example_dynamic_task_mapping.py
[2025-05-04T23:47:52.132+0000] {processor.py:830} INFO - Processing file /home/airflow/.local/lib/python3.8/site-packages/airflow/example_dags/example_dynamic_task_mapping.py for tasks to queue
[2025-05-04T23:47:52.136+0000] {logging_mixin.py:188} INFO - [2025-05-04T23:47:52.135+0000] {dagbag.py:538} INFO - Filling up the DagBag from /home/airflow/.local/lib/python3.8/site-packages/airflow/example_dags/example_dynamic_task_mapping.py
[2025-05-04T23:47:52.139+0000] {processor.py:840} INFO - DAG(s) 'example_dynamic_task_mapping' retrieved from /home/airflow/.local/lib/python3.8/site-packages/airflow/example_dags/example_dynamic_task_mapping.py
[2025-05-04T23:47:52.182+0000] {logging_mixin.py:188} INFO - [2025-05-04T23:47:52.182+0000] {dag.py:3033} INFO - Sync 1 DAGs
[2025-05-04T23:47:52.192+0000] {logging_mixin.py:188} INFO - [2025-05-04T23:47:52.191+0000] {dag.py:3820} INFO - Setting next_dagrun for example_dynamic_task_mapping to 2022-03-04T00:00:00+00:00, run_after=2022-03-05T00:00:00+00:00
[2025-05-04T23:47:52.203+0000] {processor.py:183} INFO - Processing /home/airflow/.local/lib/python3.8/site-packages/airflow/example_dags/example_dynamic_task_mapping.py took 0.074 seconds
[2025-05-04T23:48:22.463+0000] {processor.py:161} INFO - Started process (PID=161) to work on /home/airflow/.local/lib/python3.8/site-packages/airflow/example_dags/example_dynamic_task_mapping.py
[2025-05-04T23:48:22.463+0000] {processor.py:830} INFO - Processing file /home/airflow/.local/lib/python3.8/site-packages/airflow/example_dags/example_dynamic_task_mapping.py for tasks to queue
[2025-05-04T23:48:22.465+0000] {logging_mixin.py:188} INFO - [2025-05-04T23:48:22.465+0000] {dagbag.py:538} INFO - Filling up the DagBag from /home/airflow/.local/lib/python3.8/site-packages/airflow/example_dags/example_dynamic_task_mapping.py
[2025-05-04T23:48:22.469+0000] {processor.py:840} INFO - DAG(s) 'example_dynamic_task_mapping' retrieved from /home/airflow/.local/lib/python3.8/site-packages/airflow/example_dags/example_dynamic_task_mapping.py
[2025-05-04T23:48:22.477+0000] {logging_mixin.py:188} INFO - [2025-05-04T23:48:22.477+0000] {dag.py:3033} INFO - Sync 1 DAGs
[2025-05-04T23:48:22.485+0000] {logging_mixin.py:188} INFO - [2025-05-04T23:48:22.485+0000] {dag.py:3820} INFO - Setting next_dagrun for example_dynamic_task_mapping to 2022-03-04T00:00:00+00:00, run_after=2022-03-05T00:00:00+00:00
[2025-05-04T23:48:22.496+0000] {processor.py:183} INFO - Processing /home/airflow/.local/lib/python3.8/site-packages/airflow/example_dags/example_dynamic_task_mapping.py took 0.035 seconds
[2025-05-04T23:48:53.164+0000] {processor.py:161} INFO - Started process (PID=217) to work on /home/airflow/.local/lib/python3.8/site-packages/airflow/example_dags/example_dynamic_task_mapping.py
[2025-05-04T23:48:53.165+0000] {processor.py:830} INFO - Processing file /home/airflow/.local/lib/python3.8/site-packages/airflow/example_dags/example_dynamic_task_mapping.py for tasks to queue
[2025-05-04T23:48:53.166+0000] {logging_mixin.py:188} INFO - [2025-05-04T23:48:53.166+0000] {dagbag.py:538} INFO - Filling up the DagBag from /home/airflow/.local/lib/python3.8/site-packages/airflow/example_dags/example_dynamic_task_mapping.py
[2025-05-04T23:48:53.172+0000] {processor.py:840} INFO - DAG(s) 'example_dynamic_task_mapping' retrieved from /home/airflow/.local/lib/python3.8/site-packages/airflow/example_dags/example_dynamic_task_mapping.py
[2025-05-04T23:48:53.181+0000] {logging_mixin.py:188} INFO - [2025-05-04T23:48:53.181+0000] {dag.py:3033} INFO - Sync 1 DAGs
[2025-05-04T23:48:53.189+0000] {logging_mixin.py:188} INFO - [2025-05-04T23:48:53.189+0000] {dag.py:3820} INFO - Setting next_dagrun for example_dynamic_task_mapping to 2022-03-04T00:00:00+00:00, run_after=2022-03-05T00:00:00+00:00
[2025-05-04T23:48:53.196+0000] {processor.py:183} INFO - Processing /home/airflow/.local/lib/python3.8/site-packages/airflow/example_dags/example_dynamic_task_mapping.py took 0.034 seconds
[2025-05-04T23:49:23.826+0000] {processor.py:161} INFO - Started process (PID=273) to work on /home/airflow/.local/lib/python3.8/site-packages/airflow/example_dags/example_dynamic_task_mapping.py
[2025-05-04T23:49:23.827+0000] {processor.py:830} INFO - Processing file /home/airflow/.local/lib/python3.8/site-packages/airflow/example_dags/example_dynamic_task_mapping.py for tasks to queue
[2025-05-04T23:49:23.828+0000] {logging_mixin.py:188} INFO - [2025-05-04T23:49:23.828+0000] {dagbag.py:538} INFO - Filling up the DagBag from /home/airflow/.local/lib/python3.8/site-packages/airflow/example_dags/example_dynamic_task_mapping.py
[2025-05-04T23:49:23.832+0000] {processor.py:840} INFO - DAG(s) 'example_dynamic_task_mapping' retrieved from /home/airflow/.local/lib/python3.8/site-packages/airflow/example_dags/example_dynamic_task_mapping.py
[2025-05-04T23:49:23.841+0000] {logging_mixin.py:188} INFO - [2025-05-04T23:49:23.841+0000] {dag.py:3033} INFO - Sync 1 DAGs
[2025-05-04T23:49:23.855+0000] {logging_mixin.py:188} INFO - [2025-05-04T23:49:23.855+0000] {dag.py:3820} INFO - Setting next_dagrun for example_dynamic_task_mapping to 2022-03-04T00:00:00+00:00, run_after=2022-03-05T00:00:00+00:00
[2025-05-04T23:49:23.865+0000] {processor.py:183} INFO - Processing /home/airflow/.local/lib/python3.8/site-packages/airflow/example_dags/example_dynamic_task_mapping.py took 0.042 seconds
[2025-05-04T23:49:54.684+0000] {processor.py:161} INFO - Started process (PID=329) to work on /home/airflow/.local/lib/python3.8/site-packages/airflow/example_dags/example_dynamic_task_mapping.py
[2025-05-04T23:49:54.685+0000] {processor.py:830} INFO - Processing file /home/airflow/.local/lib/python3.8/site-packages/airflow/example_dags/example_dynamic_task_mapping.py for tasks to queue
[2025-05-04T23:49:54.686+0000] {logging_mixin.py:188} INFO - [2025-05-04T23:49:54.686+0000] {dagbag.py:538} INFO - Filling up the DagBag from /home/airflow/.local/lib/python3.8/site-packages/airflow/example_dags/example_dynamic_task_mapping.py
[2025-05-04T23:49:54.689+0000] {processor.py:840} INFO - DAG(s) 'example_dynamic_task_mapping' retrieved from /home/airflow/.local/lib/python3.8/site-packages/airflow/example_dags/example_dynamic_task_mapping.py
[2025-05-04T23:49:54.697+0000] {logging_mixin.py:188} INFO - [2025-05-04T23:49:54.697+0000] {dag.py:3033} INFO - Sync 1 DAGs
[2025-05-04T23:49:54.705+0000] {logging_mixin.py:188} INFO - [2025-05-04T23:49:54.705+0000] {dag.py:3820} INFO - Setting next_dagrun for example_dynamic_task_mapping to 2022-03-04T00:00:00+00:00, run_after=2022-03-05T00:00:00+00:00
[2025-05-04T23:49:54.720+0000] {processor.py:183} INFO - Processing /home/airflow/.local/lib/python3.8/site-packages/airflow/example_dags/example_dynamic_task_mapping.py took 0.037 seconds
