[2025-05-04T22:22:10.618+0000] {processor.py:161} INFO - Started process (PID=63) to work on /home/airflow/.local/lib/python3.8/site-packages/airflow/example_dags/example_complex.py
[2025-05-04T22:22:10.620+0000] {processor.py:830} INFO - Processing file /home/airflow/.local/lib/python3.8/site-packages/airflow/example_dags/example_complex.py for tasks to queue
[2025-05-04T22:22:10.624+0000] {logging_mixin.py:188} INFO - [2025-05-04T22:22:10.623+0000] {dagbag.py:538} INFO - Filling up the DagBag from /home/airflow/.local/lib/python3.8/site-packages/airflow/example_dags/example_complex.py
[2025-05-04T22:22:10.631+0000] {processor.py:840} INFO - DAG(s) 'example_complex' retrieved from /home/airflow/.local/lib/python3.8/site-packages/airflow/example_dags/example_complex.py
[2025-05-04T22:22:10.646+0000] {logging_mixin.py:188} INFO - [2025-05-04T22:22:10.646+0000] {dag.py:3033} INFO - Sync 1 DAGs
[2025-05-04T22:22:10.665+0000] {logging_mixin.py:188} INFO - [2025-05-04T22:22:10.665+0000] {dag.py:3820} INFO - Setting next_dagrun for example_complex to None, run_after=None
[2025-05-04T22:22:10.687+0000] {processor.py:183} INFO - Processing /home/airflow/.local/lib/python3.8/site-packages/airflow/example_dags/example_complex.py took 0.072 seconds
[2025-05-04T22:22:41.229+0000] {processor.py:161} INFO - Started process (PID=118) to work on /home/airflow/.local/lib/python3.8/site-packages/airflow/example_dags/example_complex.py
[2025-05-04T22:22:41.229+0000] {processor.py:830} INFO - Processing file /home/airflow/.local/lib/python3.8/site-packages/airflow/example_dags/example_complex.py for tasks to queue
[2025-05-04T22:22:41.230+0000] {logging_mixin.py:188} INFO - [2025-05-04T22:22:41.230+0000] {dagbag.py:538} INFO - Filling up the DagBag from /home/airflow/.local/lib/python3.8/site-packages/airflow/example_dags/example_complex.py
[2025-05-04T22:22:41.235+0000] {processor.py:840} INFO - DAG(s) 'example_complex' retrieved from /home/airflow/.local/lib/python3.8/site-packages/airflow/example_dags/example_complex.py
[2025-05-04T22:22:41.279+0000] {logging_mixin.py:188} INFO - [2025-05-04T22:22:41.279+0000] {dag.py:3033} INFO - Sync 1 DAGs
[2025-05-04T22:22:41.284+0000] {logging_mixin.py:188} INFO - [2025-05-04T22:22:41.284+0000] {dag.py:3820} INFO - Setting next_dagrun for example_complex to None, run_after=None
[2025-05-04T22:22:41.291+0000] {processor.py:183} INFO - Processing /home/airflow/.local/lib/python3.8/site-packages/airflow/example_dags/example_complex.py took 0.064 seconds
[2025-05-04T22:23:12.205+0000] {processor.py:161} INFO - Started process (PID=173) to work on /home/airflow/.local/lib/python3.8/site-packages/airflow/example_dags/example_complex.py
[2025-05-04T22:23:12.207+0000] {processor.py:830} INFO - Processing file /home/airflow/.local/lib/python3.8/site-packages/airflow/example_dags/example_complex.py for tasks to queue
[2025-05-04T22:23:12.208+0000] {logging_mixin.py:188} INFO - [2025-05-04T22:23:12.208+0000] {dagbag.py:538} INFO - Filling up the DagBag from /home/airflow/.local/lib/python3.8/site-packages/airflow/example_dags/example_complex.py
[2025-05-04T22:23:12.213+0000] {processor.py:840} INFO - DAG(s) 'example_complex' retrieved from /home/airflow/.local/lib/python3.8/site-packages/airflow/example_dags/example_complex.py
[2025-05-04T22:23:12.226+0000] {logging_mixin.py:188} INFO - [2025-05-04T22:23:12.226+0000] {dag.py:3033} INFO - Sync 1 DAGs
[2025-05-04T22:23:12.231+0000] {logging_mixin.py:188} INFO - [2025-05-04T22:23:12.231+0000] {dag.py:3820} INFO - Setting next_dagrun for example_complex to None, run_after=None
[2025-05-04T22:23:12.239+0000] {processor.py:183} INFO - Processing /home/airflow/.local/lib/python3.8/site-packages/airflow/example_dags/example_complex.py took 0.036 seconds
[2025-05-04T22:23:42.714+0000] {processor.py:161} INFO - Started process (PID=228) to work on /home/airflow/.local/lib/python3.8/site-packages/airflow/example_dags/example_complex.py
[2025-05-04T22:23:42.715+0000] {processor.py:830} INFO - Processing file /home/airflow/.local/lib/python3.8/site-packages/airflow/example_dags/example_complex.py for tasks to queue
[2025-05-04T22:23:42.716+0000] {logging_mixin.py:188} INFO - [2025-05-04T22:23:42.716+0000] {dagbag.py:538} INFO - Filling up the DagBag from /home/airflow/.local/lib/python3.8/site-packages/airflow/example_dags/example_complex.py
[2025-05-04T22:23:42.722+0000] {processor.py:840} INFO - DAG(s) 'example_complex' retrieved from /home/airflow/.local/lib/python3.8/site-packages/airflow/example_dags/example_complex.py
[2025-05-04T22:23:42.737+0000] {logging_mixin.py:188} INFO - [2025-05-04T22:23:42.737+0000] {dag.py:3033} INFO - Sync 1 DAGs
[2025-05-04T22:23:42.742+0000] {logging_mixin.py:188} INFO - [2025-05-04T22:23:42.742+0000] {dag.py:3820} INFO - Setting next_dagrun for example_complex to None, run_after=None
[2025-05-04T22:23:42.752+0000] {processor.py:183} INFO - Processing /home/airflow/.local/lib/python3.8/site-packages/airflow/example_dags/example_complex.py took 0.040 seconds
[2025-05-04T22:24:13.318+0000] {processor.py:161} INFO - Started process (PID=283) to work on /home/airflow/.local/lib/python3.8/site-packages/airflow/example_dags/example_complex.py
[2025-05-04T22:24:13.319+0000] {processor.py:830} INFO - Processing file /home/airflow/.local/lib/python3.8/site-packages/airflow/example_dags/example_complex.py for tasks to queue
[2025-05-04T22:24:13.321+0000] {logging_mixin.py:188} INFO - [2025-05-04T22:24:13.321+0000] {dagbag.py:538} INFO - Filling up the DagBag from /home/airflow/.local/lib/python3.8/site-packages/airflow/example_dags/example_complex.py
[2025-05-04T22:24:13.327+0000] {processor.py:840} INFO - DAG(s) 'example_complex' retrieved from /home/airflow/.local/lib/python3.8/site-packages/airflow/example_dags/example_complex.py
[2025-05-04T22:24:13.345+0000] {logging_mixin.py:188} INFO - [2025-05-04T22:24:13.344+0000] {dag.py:3033} INFO - Sync 1 DAGs
[2025-05-04T22:24:13.356+0000] {logging_mixin.py:188} INFO - [2025-05-04T22:24:13.356+0000] {dag.py:3820} INFO - Setting next_dagrun for example_complex to None, run_after=None
[2025-05-04T22:24:13.371+0000] {processor.py:183} INFO - Processing /home/airflow/.local/lib/python3.8/site-packages/airflow/example_dags/example_complex.py took 0.055 seconds
[2025-05-04T22:24:43.950+0000] {processor.py:161} INFO - Started process (PID=338) to work on /home/airflow/.local/lib/python3.8/site-packages/airflow/example_dags/example_complex.py
[2025-05-04T22:24:43.951+0000] {processor.py:830} INFO - Processing file /home/airflow/.local/lib/python3.8/site-packages/airflow/example_dags/example_complex.py for tasks to queue
[2025-05-04T22:24:43.952+0000] {logging_mixin.py:188} INFO - [2025-05-04T22:24:43.952+0000] {dagbag.py:538} INFO - Filling up the DagBag from /home/airflow/.local/lib/python3.8/site-packages/airflow/example_dags/example_complex.py
[2025-05-04T22:24:43.957+0000] {processor.py:840} INFO - DAG(s) 'example_complex' retrieved from /home/airflow/.local/lib/python3.8/site-packages/airflow/example_dags/example_complex.py
[2025-05-04T22:24:43.971+0000] {logging_mixin.py:188} INFO - [2025-05-04T22:24:43.971+0000] {dag.py:3033} INFO - Sync 1 DAGs
[2025-05-04T22:24:43.979+0000] {logging_mixin.py:188} INFO - [2025-05-04T22:24:43.979+0000] {dag.py:3820} INFO - Setting next_dagrun for example_complex to None, run_after=None
[2025-05-04T22:24:43.987+0000] {processor.py:183} INFO - Processing /home/airflow/.local/lib/python3.8/site-packages/airflow/example_dags/example_complex.py took 0.039 seconds
[2025-05-04T22:25:29.245+0000] {processor.py:161} INFO - Started process (PID=64) to work on /home/airflow/.local/lib/python3.8/site-packages/airflow/example_dags/example_complex.py
[2025-05-04T22:25:29.247+0000] {processor.py:830} INFO - Processing file /home/airflow/.local/lib/python3.8/site-packages/airflow/example_dags/example_complex.py for tasks to queue
[2025-05-04T22:25:29.250+0000] {logging_mixin.py:188} INFO - [2025-05-04T22:25:29.250+0000] {dagbag.py:538} INFO - Filling up the DagBag from /home/airflow/.local/lib/python3.8/site-packages/airflow/example_dags/example_complex.py
[2025-05-04T22:25:29.261+0000] {processor.py:840} INFO - DAG(s) 'example_complex' retrieved from /home/airflow/.local/lib/python3.8/site-packages/airflow/example_dags/example_complex.py
[2025-05-04T22:25:29.278+0000] {logging_mixin.py:188} INFO - [2025-05-04T22:25:29.277+0000] {dag.py:3033} INFO - Sync 1 DAGs
[2025-05-04T22:25:29.285+0000] {logging_mixin.py:188} INFO - [2025-05-04T22:25:29.284+0000] {dag.py:3820} INFO - Setting next_dagrun for example_complex to None, run_after=None
[2025-05-04T22:25:29.308+0000] {processor.py:183} INFO - Processing /home/airflow/.local/lib/python3.8/site-packages/airflow/example_dags/example_complex.py took 0.068 seconds
[2025-05-04T22:25:59.590+0000] {processor.py:161} INFO - Started process (PID=120) to work on /home/airflow/.local/lib/python3.8/site-packages/airflow/example_dags/example_complex.py
[2025-05-04T22:25:59.591+0000] {processor.py:830} INFO - Processing file /home/airflow/.local/lib/python3.8/site-packages/airflow/example_dags/example_complex.py for tasks to queue
[2025-05-04T22:25:59.593+0000] {logging_mixin.py:188} INFO - [2025-05-04T22:25:59.592+0000] {dagbag.py:538} INFO - Filling up the DagBag from /home/airflow/.local/lib/python3.8/site-packages/airflow/example_dags/example_complex.py
[2025-05-04T22:25:59.597+0000] {processor.py:840} INFO - DAG(s) 'example_complex' retrieved from /home/airflow/.local/lib/python3.8/site-packages/airflow/example_dags/example_complex.py
[2025-05-04T22:25:59.645+0000] {logging_mixin.py:188} INFO - [2025-05-04T22:25:59.645+0000] {dag.py:3033} INFO - Sync 1 DAGs
[2025-05-04T22:25:59.650+0000] {logging_mixin.py:188} INFO - [2025-05-04T22:25:59.650+0000] {dag.py:3820} INFO - Setting next_dagrun for example_complex to None, run_after=None
[2025-05-04T22:25:59.658+0000] {processor.py:183} INFO - Processing /home/airflow/.local/lib/python3.8/site-packages/airflow/example_dags/example_complex.py took 0.069 seconds
[2025-05-04T22:26:30.714+0000] {processor.py:161} INFO - Started process (PID=176) to work on /home/airflow/.local/lib/python3.8/site-packages/airflow/example_dags/example_complex.py
[2025-05-04T22:26:30.715+0000] {processor.py:830} INFO - Processing file /home/airflow/.local/lib/python3.8/site-packages/airflow/example_dags/example_complex.py for tasks to queue
[2025-05-04T22:26:30.717+0000] {logging_mixin.py:188} INFO - [2025-05-04T22:26:30.717+0000] {dagbag.py:538} INFO - Filling up the DagBag from /home/airflow/.local/lib/python3.8/site-packages/airflow/example_dags/example_complex.py
[2025-05-04T22:26:30.723+0000] {processor.py:840} INFO - DAG(s) 'example_complex' retrieved from /home/airflow/.local/lib/python3.8/site-packages/airflow/example_dags/example_complex.py
[2025-05-04T22:26:30.740+0000] {logging_mixin.py:188} INFO - [2025-05-04T22:26:30.740+0000] {dag.py:3033} INFO - Sync 1 DAGs
[2025-05-04T22:26:30.747+0000] {logging_mixin.py:188} INFO - [2025-05-04T22:26:30.747+0000] {dag.py:3820} INFO - Setting next_dagrun for example_complex to None, run_after=None
[2025-05-04T22:26:30.762+0000] {processor.py:183} INFO - Processing /home/airflow/.local/lib/python3.8/site-packages/airflow/example_dags/example_complex.py took 0.051 seconds
[2025-05-04T22:27:01.359+0000] {processor.py:161} INFO - Started process (PID=236) to work on /home/airflow/.local/lib/python3.8/site-packages/airflow/example_dags/example_complex.py
[2025-05-04T22:27:01.360+0000] {processor.py:830} INFO - Processing file /home/airflow/.local/lib/python3.8/site-packages/airflow/example_dags/example_complex.py for tasks to queue
[2025-05-04T22:27:01.361+0000] {logging_mixin.py:188} INFO - [2025-05-04T22:27:01.361+0000] {dagbag.py:538} INFO - Filling up the DagBag from /home/airflow/.local/lib/python3.8/site-packages/airflow/example_dags/example_complex.py
[2025-05-04T22:27:01.366+0000] {processor.py:840} INFO - DAG(s) 'example_complex' retrieved from /home/airflow/.local/lib/python3.8/site-packages/airflow/example_dags/example_complex.py
[2025-05-04T22:27:01.387+0000] {logging_mixin.py:188} INFO - [2025-05-04T22:27:01.387+0000] {dag.py:3033} INFO - Sync 1 DAGs
[2025-05-04T22:27:01.394+0000] {logging_mixin.py:188} INFO - [2025-05-04T22:27:01.394+0000] {dag.py:3820} INFO - Setting next_dagrun for example_complex to None, run_after=None
[2025-05-04T22:27:01.404+0000] {processor.py:183} INFO - Processing /home/airflow/.local/lib/python3.8/site-packages/airflow/example_dags/example_complex.py took 0.046 seconds
[2025-05-04T22:27:32.013+0000] {processor.py:161} INFO - Started process (PID=292) to work on /home/airflow/.local/lib/python3.8/site-packages/airflow/example_dags/example_complex.py
[2025-05-04T22:27:32.014+0000] {processor.py:830} INFO - Processing file /home/airflow/.local/lib/python3.8/site-packages/airflow/example_dags/example_complex.py for tasks to queue
[2025-05-04T22:27:32.015+0000] {logging_mixin.py:188} INFO - [2025-05-04T22:27:32.015+0000] {dagbag.py:538} INFO - Filling up the DagBag from /home/airflow/.local/lib/python3.8/site-packages/airflow/example_dags/example_complex.py
[2025-05-04T22:27:32.021+0000] {processor.py:840} INFO - DAG(s) 'example_complex' retrieved from /home/airflow/.local/lib/python3.8/site-packages/airflow/example_dags/example_complex.py
[2025-05-04T22:27:32.039+0000] {logging_mixin.py:188} INFO - [2025-05-04T22:27:32.039+0000] {dag.py:3033} INFO - Sync 1 DAGs
[2025-05-04T22:27:32.045+0000] {logging_mixin.py:188} INFO - [2025-05-04T22:27:32.045+0000] {dag.py:3820} INFO - Setting next_dagrun for example_complex to None, run_after=None
[2025-05-04T22:27:32.053+0000] {processor.py:183} INFO - Processing /home/airflow/.local/lib/python3.8/site-packages/airflow/example_dags/example_complex.py took 0.042 seconds
[2025-05-04T22:28:02.651+0000] {processor.py:161} INFO - Started process (PID=348) to work on /home/airflow/.local/lib/python3.8/site-packages/airflow/example_dags/example_complex.py
[2025-05-04T22:28:02.652+0000] {processor.py:830} INFO - Processing file /home/airflow/.local/lib/python3.8/site-packages/airflow/example_dags/example_complex.py for tasks to queue
[2025-05-04T22:28:02.655+0000] {logging_mixin.py:188} INFO - [2025-05-04T22:28:02.655+0000] {dagbag.py:538} INFO - Filling up the DagBag from /home/airflow/.local/lib/python3.8/site-packages/airflow/example_dags/example_complex.py
[2025-05-04T22:28:02.659+0000] {processor.py:840} INFO - DAG(s) 'example_complex' retrieved from /home/airflow/.local/lib/python3.8/site-packages/airflow/example_dags/example_complex.py
[2025-05-04T22:28:02.675+0000] {logging_mixin.py:188} INFO - [2025-05-04T22:28:02.675+0000] {dag.py:3033} INFO - Sync 1 DAGs
[2025-05-04T22:28:02.681+0000] {logging_mixin.py:188} INFO - [2025-05-04T22:28:02.681+0000] {dag.py:3820} INFO - Setting next_dagrun for example_complex to None, run_after=None
[2025-05-04T22:28:02.689+0000] {processor.py:183} INFO - Processing /home/airflow/.local/lib/python3.8/site-packages/airflow/example_dags/example_complex.py took 0.039 seconds
[2025-05-04T22:28:33.254+0000] {processor.py:161} INFO - Started process (PID=404) to work on /home/airflow/.local/lib/python3.8/site-packages/airflow/example_dags/example_complex.py
[2025-05-04T22:28:33.254+0000] {processor.py:830} INFO - Processing file /home/airflow/.local/lib/python3.8/site-packages/airflow/example_dags/example_complex.py for tasks to queue
[2025-05-04T22:28:33.256+0000] {logging_mixin.py:188} INFO - [2025-05-04T22:28:33.256+0000] {dagbag.py:538} INFO - Filling up the DagBag from /home/airflow/.local/lib/python3.8/site-packages/airflow/example_dags/example_complex.py
[2025-05-04T22:28:33.262+0000] {processor.py:840} INFO - DAG(s) 'example_complex' retrieved from /home/airflow/.local/lib/python3.8/site-packages/airflow/example_dags/example_complex.py
[2025-05-04T22:28:33.279+0000] {logging_mixin.py:188} INFO - [2025-05-04T22:28:33.279+0000] {dag.py:3033} INFO - Sync 1 DAGs
[2025-05-04T22:28:33.285+0000] {logging_mixin.py:188} INFO - [2025-05-04T22:28:33.285+0000] {dag.py:3820} INFO - Setting next_dagrun for example_complex to None, run_after=None
[2025-05-04T22:28:33.293+0000] {processor.py:183} INFO - Processing /home/airflow/.local/lib/python3.8/site-packages/airflow/example_dags/example_complex.py took 0.042 seconds
[2025-05-04T22:29:03.948+0000] {processor.py:161} INFO - Started process (PID=460) to work on /home/airflow/.local/lib/python3.8/site-packages/airflow/example_dags/example_complex.py
[2025-05-04T22:29:03.950+0000] {processor.py:830} INFO - Processing file /home/airflow/.local/lib/python3.8/site-packages/airflow/example_dags/example_complex.py for tasks to queue
[2025-05-04T22:29:03.951+0000] {logging_mixin.py:188} INFO - [2025-05-04T22:29:03.951+0000] {dagbag.py:538} INFO - Filling up the DagBag from /home/airflow/.local/lib/python3.8/site-packages/airflow/example_dags/example_complex.py
[2025-05-04T22:29:03.957+0000] {processor.py:840} INFO - DAG(s) 'example_complex' retrieved from /home/airflow/.local/lib/python3.8/site-packages/airflow/example_dags/example_complex.py
[2025-05-04T22:29:03.970+0000] {logging_mixin.py:188} INFO - [2025-05-04T22:29:03.970+0000] {dag.py:3033} INFO - Sync 1 DAGs
[2025-05-04T22:29:03.975+0000] {logging_mixin.py:188} INFO - [2025-05-04T22:29:03.975+0000] {dag.py:3820} INFO - Setting next_dagrun for example_complex to None, run_after=None
[2025-05-04T22:29:03.987+0000] {processor.py:183} INFO - Processing /home/airflow/.local/lib/python3.8/site-packages/airflow/example_dags/example_complex.py took 0.042 seconds
[2025-05-04T22:29:34.752+0000] {processor.py:161} INFO - Started process (PID=516) to work on /home/airflow/.local/lib/python3.8/site-packages/airflow/example_dags/example_complex.py
[2025-05-04T22:29:34.753+0000] {processor.py:830} INFO - Processing file /home/airflow/.local/lib/python3.8/site-packages/airflow/example_dags/example_complex.py for tasks to queue
[2025-05-04T22:29:34.754+0000] {logging_mixin.py:188} INFO - [2025-05-04T22:29:34.754+0000] {dagbag.py:538} INFO - Filling up the DagBag from /home/airflow/.local/lib/python3.8/site-packages/airflow/example_dags/example_complex.py
[2025-05-04T22:29:34.761+0000] {processor.py:840} INFO - DAG(s) 'example_complex' retrieved from /home/airflow/.local/lib/python3.8/site-packages/airflow/example_dags/example_complex.py
[2025-05-04T22:29:34.782+0000] {logging_mixin.py:188} INFO - [2025-05-04T22:29:34.782+0000] {dag.py:3033} INFO - Sync 1 DAGs
[2025-05-04T22:29:34.789+0000] {logging_mixin.py:188} INFO - [2025-05-04T22:29:34.789+0000] {dag.py:3820} INFO - Setting next_dagrun for example_complex to None, run_after=None
[2025-05-04T22:29:34.798+0000] {processor.py:183} INFO - Processing /home/airflow/.local/lib/python3.8/site-packages/airflow/example_dags/example_complex.py took 0.048 seconds
[2025-05-04T22:30:05.465+0000] {processor.py:161} INFO - Started process (PID=572) to work on /home/airflow/.local/lib/python3.8/site-packages/airflow/example_dags/example_complex.py
[2025-05-04T22:30:05.465+0000] {processor.py:830} INFO - Processing file /home/airflow/.local/lib/python3.8/site-packages/airflow/example_dags/example_complex.py for tasks to queue
[2025-05-04T22:30:05.467+0000] {logging_mixin.py:188} INFO - [2025-05-04T22:30:05.466+0000] {dagbag.py:538} INFO - Filling up the DagBag from /home/airflow/.local/lib/python3.8/site-packages/airflow/example_dags/example_complex.py
[2025-05-04T22:30:05.472+0000] {processor.py:840} INFO - DAG(s) 'example_complex' retrieved from /home/airflow/.local/lib/python3.8/site-packages/airflow/example_dags/example_complex.py
[2025-05-04T22:30:05.489+0000] {logging_mixin.py:188} INFO - [2025-05-04T22:30:05.489+0000] {dag.py:3033} INFO - Sync 1 DAGs
[2025-05-04T22:30:05.495+0000] {logging_mixin.py:188} INFO - [2025-05-04T22:30:05.495+0000] {dag.py:3820} INFO - Setting next_dagrun for example_complex to None, run_after=None
[2025-05-04T22:30:05.503+0000] {processor.py:183} INFO - Processing /home/airflow/.local/lib/python3.8/site-packages/airflow/example_dags/example_complex.py took 0.041 seconds
[2025-05-04T22:30:36.154+0000] {processor.py:161} INFO - Started process (PID=628) to work on /home/airflow/.local/lib/python3.8/site-packages/airflow/example_dags/example_complex.py
[2025-05-04T22:30:36.154+0000] {processor.py:830} INFO - Processing file /home/airflow/.local/lib/python3.8/site-packages/airflow/example_dags/example_complex.py for tasks to queue
[2025-05-04T22:30:36.156+0000] {logging_mixin.py:188} INFO - [2025-05-04T22:30:36.155+0000] {dagbag.py:538} INFO - Filling up the DagBag from /home/airflow/.local/lib/python3.8/site-packages/airflow/example_dags/example_complex.py
[2025-05-04T22:30:36.162+0000] {processor.py:840} INFO - DAG(s) 'example_complex' retrieved from /home/airflow/.local/lib/python3.8/site-packages/airflow/example_dags/example_complex.py
[2025-05-04T22:30:36.181+0000] {logging_mixin.py:188} INFO - [2025-05-04T22:30:36.181+0000] {dag.py:3033} INFO - Sync 1 DAGs
[2025-05-04T22:30:36.188+0000] {logging_mixin.py:188} INFO - [2025-05-04T22:30:36.187+0000] {dag.py:3820} INFO - Setting next_dagrun for example_complex to None, run_after=None
[2025-05-04T22:30:36.199+0000] {processor.py:183} INFO - Processing /home/airflow/.local/lib/python3.8/site-packages/airflow/example_dags/example_complex.py took 0.048 seconds
[2025-05-04T22:31:14.509+0000] {processor.py:161} INFO - Started process (PID=65) to work on /home/airflow/.local/lib/python3.8/site-packages/airflow/example_dags/example_complex.py
[2025-05-04T22:31:14.509+0000] {processor.py:830} INFO - Processing file /home/airflow/.local/lib/python3.8/site-packages/airflow/example_dags/example_complex.py for tasks to queue
[2025-05-04T22:31:14.511+0000] {logging_mixin.py:188} INFO - [2025-05-04T22:31:14.511+0000] {dagbag.py:538} INFO - Filling up the DagBag from /home/airflow/.local/lib/python3.8/site-packages/airflow/example_dags/example_complex.py
[2025-05-04T22:31:14.517+0000] {processor.py:840} INFO - DAG(s) 'example_complex' retrieved from /home/airflow/.local/lib/python3.8/site-packages/airflow/example_dags/example_complex.py
[2025-05-04T22:31:14.526+0000] {logging_mixin.py:188} INFO - [2025-05-04T22:31:14.526+0000] {dag.py:3033} INFO - Sync 1 DAGs
[2025-05-04T22:31:14.536+0000] {logging_mixin.py:188} INFO - [2025-05-04T22:31:14.536+0000] {dag.py:3820} INFO - Setting next_dagrun for example_complex to None, run_after=None
[2025-05-04T22:31:14.549+0000] {processor.py:183} INFO - Processing /home/airflow/.local/lib/python3.8/site-packages/airflow/example_dags/example_complex.py took 0.043 seconds
[2025-05-04T22:31:44.675+0000] {processor.py:161} INFO - Started process (PID=121) to work on /home/airflow/.local/lib/python3.8/site-packages/airflow/example_dags/example_complex.py
[2025-05-04T22:31:44.676+0000] {processor.py:830} INFO - Processing file /home/airflow/.local/lib/python3.8/site-packages/airflow/example_dags/example_complex.py for tasks to queue
[2025-05-04T22:31:44.677+0000] {logging_mixin.py:188} INFO - [2025-05-04T22:31:44.676+0000] {dagbag.py:538} INFO - Filling up the DagBag from /home/airflow/.local/lib/python3.8/site-packages/airflow/example_dags/example_complex.py
[2025-05-04T22:31:44.681+0000] {processor.py:840} INFO - DAG(s) 'example_complex' retrieved from /home/airflow/.local/lib/python3.8/site-packages/airflow/example_dags/example_complex.py
[2025-05-04T22:31:44.726+0000] {logging_mixin.py:188} INFO - [2025-05-04T22:31:44.726+0000] {dag.py:3033} INFO - Sync 1 DAGs
[2025-05-04T22:31:44.734+0000] {logging_mixin.py:188} INFO - [2025-05-04T22:31:44.734+0000] {dag.py:3820} INFO - Setting next_dagrun for example_complex to None, run_after=None
[2025-05-04T22:31:44.742+0000] {processor.py:183} INFO - Processing /home/airflow/.local/lib/python3.8/site-packages/airflow/example_dags/example_complex.py took 0.069 seconds
[2025-05-04T22:32:15.754+0000] {processor.py:161} INFO - Started process (PID=181) to work on /home/airflow/.local/lib/python3.8/site-packages/airflow/example_dags/example_complex.py
[2025-05-04T22:32:15.756+0000] {processor.py:830} INFO - Processing file /home/airflow/.local/lib/python3.8/site-packages/airflow/example_dags/example_complex.py for tasks to queue
[2025-05-04T22:32:15.759+0000] {logging_mixin.py:188} INFO - [2025-05-04T22:32:15.759+0000] {dagbag.py:538} INFO - Filling up the DagBag from /home/airflow/.local/lib/python3.8/site-packages/airflow/example_dags/example_complex.py
[2025-05-04T22:32:15.770+0000] {processor.py:840} INFO - DAG(s) 'example_complex' retrieved from /home/airflow/.local/lib/python3.8/site-packages/airflow/example_dags/example_complex.py
[2025-05-04T22:32:15.792+0000] {logging_mixin.py:188} INFO - [2025-05-04T22:32:15.792+0000] {dag.py:3033} INFO - Sync 1 DAGs
[2025-05-04T22:32:15.799+0000] {logging_mixin.py:188} INFO - [2025-05-04T22:32:15.799+0000] {dag.py:3820} INFO - Setting next_dagrun for example_complex to None, run_after=None
[2025-05-04T22:32:15.812+0000] {processor.py:183} INFO - Processing /home/airflow/.local/lib/python3.8/site-packages/airflow/example_dags/example_complex.py took 0.063 seconds
[2025-05-04T22:32:46.545+0000] {processor.py:161} INFO - Started process (PID=237) to work on /home/airflow/.local/lib/python3.8/site-packages/airflow/example_dags/example_complex.py
[2025-05-04T22:32:46.546+0000] {processor.py:830} INFO - Processing file /home/airflow/.local/lib/python3.8/site-packages/airflow/example_dags/example_complex.py for tasks to queue
[2025-05-04T22:32:46.548+0000] {logging_mixin.py:188} INFO - [2025-05-04T22:32:46.548+0000] {dagbag.py:538} INFO - Filling up the DagBag from /home/airflow/.local/lib/python3.8/site-packages/airflow/example_dags/example_complex.py
[2025-05-04T22:32:46.558+0000] {processor.py:840} INFO - DAG(s) 'example_complex' retrieved from /home/airflow/.local/lib/python3.8/site-packages/airflow/example_dags/example_complex.py
[2025-05-04T22:32:46.579+0000] {logging_mixin.py:188} INFO - [2025-05-04T22:32:46.579+0000] {dag.py:3033} INFO - Sync 1 DAGs
[2025-05-04T22:32:46.587+0000] {logging_mixin.py:188} INFO - [2025-05-04T22:32:46.587+0000] {dag.py:3820} INFO - Setting next_dagrun for example_complex to None, run_after=None
[2025-05-04T22:32:46.598+0000] {processor.py:183} INFO - Processing /home/airflow/.local/lib/python3.8/site-packages/airflow/example_dags/example_complex.py took 0.057 seconds
[2025-05-04T22:33:17.279+0000] {processor.py:161} INFO - Started process (PID=293) to work on /home/airflow/.local/lib/python3.8/site-packages/airflow/example_dags/example_complex.py
[2025-05-04T22:33:17.280+0000] {processor.py:830} INFO - Processing file /home/airflow/.local/lib/python3.8/site-packages/airflow/example_dags/example_complex.py for tasks to queue
[2025-05-04T22:33:17.282+0000] {logging_mixin.py:188} INFO - [2025-05-04T22:33:17.282+0000] {dagbag.py:538} INFO - Filling up the DagBag from /home/airflow/.local/lib/python3.8/site-packages/airflow/example_dags/example_complex.py
[2025-05-04T22:33:17.291+0000] {processor.py:840} INFO - DAG(s) 'example_complex' retrieved from /home/airflow/.local/lib/python3.8/site-packages/airflow/example_dags/example_complex.py
[2025-05-04T22:33:17.322+0000] {logging_mixin.py:188} INFO - [2025-05-04T22:33:17.322+0000] {dag.py:3033} INFO - Sync 1 DAGs
[2025-05-04T22:33:17.327+0000] {logging_mixin.py:188} INFO - [2025-05-04T22:33:17.327+0000] {dag.py:3820} INFO - Setting next_dagrun for example_complex to None, run_after=None
[2025-05-04T22:33:17.338+0000] {processor.py:183} INFO - Processing /home/airflow/.local/lib/python3.8/site-packages/airflow/example_dags/example_complex.py took 0.064 seconds
[2025-05-04T22:33:47.961+0000] {processor.py:161} INFO - Started process (PID=349) to work on /home/airflow/.local/lib/python3.8/site-packages/airflow/example_dags/example_complex.py
[2025-05-04T22:33:47.963+0000] {processor.py:830} INFO - Processing file /home/airflow/.local/lib/python3.8/site-packages/airflow/example_dags/example_complex.py for tasks to queue
[2025-05-04T22:33:47.965+0000] {logging_mixin.py:188} INFO - [2025-05-04T22:33:47.965+0000] {dagbag.py:538} INFO - Filling up the DagBag from /home/airflow/.local/lib/python3.8/site-packages/airflow/example_dags/example_complex.py
[2025-05-04T22:33:47.974+0000] {processor.py:840} INFO - DAG(s) 'example_complex' retrieved from /home/airflow/.local/lib/python3.8/site-packages/airflow/example_dags/example_complex.py
[2025-05-04T22:33:47.994+0000] {logging_mixin.py:188} INFO - [2025-05-04T22:33:47.994+0000] {dag.py:3033} INFO - Sync 1 DAGs
[2025-05-04T22:33:48.000+0000] {logging_mixin.py:188} INFO - [2025-05-04T22:33:48.000+0000] {dag.py:3820} INFO - Setting next_dagrun for example_complex to None, run_after=None
[2025-05-04T22:33:48.016+0000] {processor.py:183} INFO - Processing /home/airflow/.local/lib/python3.8/site-packages/airflow/example_dags/example_complex.py took 0.059 seconds
[2025-05-04T22:34:18.596+0000] {processor.py:161} INFO - Started process (PID=405) to work on /home/airflow/.local/lib/python3.8/site-packages/airflow/example_dags/example_complex.py
[2025-05-04T22:34:18.597+0000] {processor.py:830} INFO - Processing file /home/airflow/.local/lib/python3.8/site-packages/airflow/example_dags/example_complex.py for tasks to queue
[2025-05-04T22:34:18.600+0000] {logging_mixin.py:188} INFO - [2025-05-04T22:34:18.600+0000] {dagbag.py:538} INFO - Filling up the DagBag from /home/airflow/.local/lib/python3.8/site-packages/airflow/example_dags/example_complex.py
[2025-05-04T22:34:18.613+0000] {processor.py:840} INFO - DAG(s) 'example_complex' retrieved from /home/airflow/.local/lib/python3.8/site-packages/airflow/example_dags/example_complex.py
[2025-05-04T22:34:18.634+0000] {logging_mixin.py:188} INFO - [2025-05-04T22:34:18.634+0000] {dag.py:3033} INFO - Sync 1 DAGs
[2025-05-04T22:34:18.641+0000] {logging_mixin.py:188} INFO - [2025-05-04T22:34:18.641+0000] {dag.py:3820} INFO - Setting next_dagrun for example_complex to None, run_after=None
[2025-05-04T22:34:18.653+0000] {processor.py:183} INFO - Processing /home/airflow/.local/lib/python3.8/site-packages/airflow/example_dags/example_complex.py took 0.062 seconds
[2025-05-04T22:36:25.682+0000] {processor.py:161} INFO - Started process (PID=63) to work on /home/airflow/.local/lib/python3.8/site-packages/airflow/example_dags/example_complex.py
[2025-05-04T22:36:25.683+0000] {processor.py:830} INFO - Processing file /home/airflow/.local/lib/python3.8/site-packages/airflow/example_dags/example_complex.py for tasks to queue
[2025-05-04T22:36:25.685+0000] {logging_mixin.py:188} INFO - [2025-05-04T22:36:25.684+0000] {dagbag.py:538} INFO - Filling up the DagBag from /home/airflow/.local/lib/python3.8/site-packages/airflow/example_dags/example_complex.py
[2025-05-04T22:36:25.694+0000] {processor.py:840} INFO - DAG(s) 'example_complex' retrieved from /home/airflow/.local/lib/python3.8/site-packages/airflow/example_dags/example_complex.py
[2025-05-04T22:36:25.710+0000] {logging_mixin.py:188} INFO - [2025-05-04T22:36:25.710+0000] {dag.py:3033} INFO - Sync 1 DAGs
[2025-05-04T22:36:25.722+0000] {logging_mixin.py:188} INFO - [2025-05-04T22:36:25.722+0000] {dag.py:3820} INFO - Setting next_dagrun for example_complex to None, run_after=None
[2025-05-04T22:36:25.735+0000] {processor.py:183} INFO - Processing /home/airflow/.local/lib/python3.8/site-packages/airflow/example_dags/example_complex.py took 0.055 seconds
[2025-05-04T22:36:55.794+0000] {processor.py:161} INFO - Started process (PID=119) to work on /home/airflow/.local/lib/python3.8/site-packages/airflow/example_dags/example_complex.py
[2025-05-04T22:36:55.797+0000] {processor.py:830} INFO - Processing file /home/airflow/.local/lib/python3.8/site-packages/airflow/example_dags/example_complex.py for tasks to queue
[2025-05-04T22:36:55.799+0000] {logging_mixin.py:188} INFO - [2025-05-04T22:36:55.799+0000] {dagbag.py:538} INFO - Filling up the DagBag from /home/airflow/.local/lib/python3.8/site-packages/airflow/example_dags/example_complex.py
[2025-05-04T22:36:55.805+0000] {processor.py:840} INFO - DAG(s) 'example_complex' retrieved from /home/airflow/.local/lib/python3.8/site-packages/airflow/example_dags/example_complex.py
[2025-05-04T22:36:55.866+0000] {logging_mixin.py:188} INFO - [2025-05-04T22:36:55.866+0000] {dag.py:3033} INFO - Sync 1 DAGs
[2025-05-04T22:36:55.873+0000] {logging_mixin.py:188} INFO - [2025-05-04T22:36:55.873+0000] {dag.py:3820} INFO - Setting next_dagrun for example_complex to None, run_after=None
[2025-05-04T22:36:55.881+0000] {processor.py:183} INFO - Processing /home/airflow/.local/lib/python3.8/site-packages/airflow/example_dags/example_complex.py took 0.089 seconds
[2025-05-04T22:37:25.984+0000] {processor.py:161} INFO - Started process (PID=175) to work on /home/airflow/.local/lib/python3.8/site-packages/airflow/example_dags/example_complex.py
[2025-05-04T22:37:25.985+0000] {processor.py:830} INFO - Processing file /home/airflow/.local/lib/python3.8/site-packages/airflow/example_dags/example_complex.py for tasks to queue
[2025-05-04T22:37:25.986+0000] {logging_mixin.py:188} INFO - [2025-05-04T22:37:25.986+0000] {dagbag.py:538} INFO - Filling up the DagBag from /home/airflow/.local/lib/python3.8/site-packages/airflow/example_dags/example_complex.py
[2025-05-04T22:37:25.991+0000] {processor.py:840} INFO - DAG(s) 'example_complex' retrieved from /home/airflow/.local/lib/python3.8/site-packages/airflow/example_dags/example_complex.py
[2025-05-04T22:37:26.004+0000] {logging_mixin.py:188} INFO - [2025-05-04T22:37:26.004+0000] {dag.py:3033} INFO - Sync 1 DAGs
[2025-05-04T22:37:26.010+0000] {logging_mixin.py:188} INFO - [2025-05-04T22:37:26.010+0000] {dag.py:3820} INFO - Setting next_dagrun for example_complex to None, run_after=None
[2025-05-04T22:37:26.023+0000] {processor.py:183} INFO - Processing /home/airflow/.local/lib/python3.8/site-packages/airflow/example_dags/example_complex.py took 0.040 seconds
[2025-05-04T22:37:56.703+0000] {processor.py:161} INFO - Started process (PID=231) to work on /home/airflow/.local/lib/python3.8/site-packages/airflow/example_dags/example_complex.py
[2025-05-04T22:37:56.703+0000] {processor.py:830} INFO - Processing file /home/airflow/.local/lib/python3.8/site-packages/airflow/example_dags/example_complex.py for tasks to queue
[2025-05-04T22:37:56.704+0000] {logging_mixin.py:188} INFO - [2025-05-04T22:37:56.704+0000] {dagbag.py:538} INFO - Filling up the DagBag from /home/airflow/.local/lib/python3.8/site-packages/airflow/example_dags/example_complex.py
[2025-05-04T22:37:56.709+0000] {processor.py:840} INFO - DAG(s) 'example_complex' retrieved from /home/airflow/.local/lib/python3.8/site-packages/airflow/example_dags/example_complex.py
[2025-05-04T22:37:56.727+0000] {logging_mixin.py:188} INFO - [2025-05-04T22:37:56.727+0000] {dag.py:3033} INFO - Sync 1 DAGs
[2025-05-04T22:37:56.732+0000] {logging_mixin.py:188} INFO - [2025-05-04T22:37:56.732+0000] {dag.py:3820} INFO - Setting next_dagrun for example_complex to None, run_after=None
[2025-05-04T22:37:56.742+0000] {processor.py:183} INFO - Processing /home/airflow/.local/lib/python3.8/site-packages/airflow/example_dags/example_complex.py took 0.041 seconds
[2025-05-04T22:38:27.389+0000] {processor.py:161} INFO - Started process (PID=287) to work on /home/airflow/.local/lib/python3.8/site-packages/airflow/example_dags/example_complex.py
[2025-05-04T22:38:27.391+0000] {processor.py:830} INFO - Processing file /home/airflow/.local/lib/python3.8/site-packages/airflow/example_dags/example_complex.py for tasks to queue
[2025-05-04T22:38:27.392+0000] {logging_mixin.py:188} INFO - [2025-05-04T22:38:27.392+0000] {dagbag.py:538} INFO - Filling up the DagBag from /home/airflow/.local/lib/python3.8/site-packages/airflow/example_dags/example_complex.py
[2025-05-04T22:38:27.396+0000] {processor.py:840} INFO - DAG(s) 'example_complex' retrieved from /home/airflow/.local/lib/python3.8/site-packages/airflow/example_dags/example_complex.py
[2025-05-04T22:38:27.409+0000] {logging_mixin.py:188} INFO - [2025-05-04T22:38:27.409+0000] {dag.py:3033} INFO - Sync 1 DAGs
[2025-05-04T22:38:27.417+0000] {logging_mixin.py:188} INFO - [2025-05-04T22:38:27.417+0000] {dag.py:3820} INFO - Setting next_dagrun for example_complex to None, run_after=None
[2025-05-04T22:38:27.431+0000] {processor.py:183} INFO - Processing /home/airflow/.local/lib/python3.8/site-packages/airflow/example_dags/example_complex.py took 0.043 seconds
[2025-05-04T22:38:58.132+0000] {processor.py:161} INFO - Started process (PID=343) to work on /home/airflow/.local/lib/python3.8/site-packages/airflow/example_dags/example_complex.py
[2025-05-04T22:38:58.132+0000] {processor.py:830} INFO - Processing file /home/airflow/.local/lib/python3.8/site-packages/airflow/example_dags/example_complex.py for tasks to queue
[2025-05-04T22:38:58.133+0000] {logging_mixin.py:188} INFO - [2025-05-04T22:38:58.133+0000] {dagbag.py:538} INFO - Filling up the DagBag from /home/airflow/.local/lib/python3.8/site-packages/airflow/example_dags/example_complex.py
[2025-05-04T22:38:58.137+0000] {processor.py:840} INFO - DAG(s) 'example_complex' retrieved from /home/airflow/.local/lib/python3.8/site-packages/airflow/example_dags/example_complex.py
[2025-05-04T22:38:58.149+0000] {logging_mixin.py:188} INFO - [2025-05-04T22:38:58.149+0000] {dag.py:3033} INFO - Sync 1 DAGs
[2025-05-04T22:38:58.155+0000] {logging_mixin.py:188} INFO - [2025-05-04T22:38:58.155+0000] {dag.py:3820} INFO - Setting next_dagrun for example_complex to None, run_after=None
[2025-05-04T22:38:58.161+0000] {processor.py:183} INFO - Processing /home/airflow/.local/lib/python3.8/site-packages/airflow/example_dags/example_complex.py took 0.031 seconds
[2025-05-04T22:39:29.001+0000] {processor.py:161} INFO - Started process (PID=399) to work on /home/airflow/.local/lib/python3.8/site-packages/airflow/example_dags/example_complex.py
[2025-05-04T22:39:29.002+0000] {processor.py:830} INFO - Processing file /home/airflow/.local/lib/python3.8/site-packages/airflow/example_dags/example_complex.py for tasks to queue
[2025-05-04T22:39:29.003+0000] {logging_mixin.py:188} INFO - [2025-05-04T22:39:29.003+0000] {dagbag.py:538} INFO - Filling up the DagBag from /home/airflow/.local/lib/python3.8/site-packages/airflow/example_dags/example_complex.py
[2025-05-04T22:39:29.008+0000] {processor.py:840} INFO - DAG(s) 'example_complex' retrieved from /home/airflow/.local/lib/python3.8/site-packages/airflow/example_dags/example_complex.py
[2025-05-04T22:39:29.023+0000] {logging_mixin.py:188} INFO - [2025-05-04T22:39:29.023+0000] {dag.py:3033} INFO - Sync 1 DAGs
[2025-05-04T22:39:29.029+0000] {logging_mixin.py:188} INFO - [2025-05-04T22:39:29.029+0000] {dag.py:3820} INFO - Setting next_dagrun for example_complex to None, run_after=None
[2025-05-04T22:39:29.040+0000] {processor.py:183} INFO - Processing /home/airflow/.local/lib/python3.8/site-packages/airflow/example_dags/example_complex.py took 0.041 seconds
[2025-05-04T22:39:59.823+0000] {processor.py:161} INFO - Started process (PID=456) to work on /home/airflow/.local/lib/python3.8/site-packages/airflow/example_dags/example_complex.py
[2025-05-04T22:39:59.823+0000] {processor.py:830} INFO - Processing file /home/airflow/.local/lib/python3.8/site-packages/airflow/example_dags/example_complex.py for tasks to queue
[2025-05-04T22:39:59.824+0000] {logging_mixin.py:188} INFO - [2025-05-04T22:39:59.824+0000] {dagbag.py:538} INFO - Filling up the DagBag from /home/airflow/.local/lib/python3.8/site-packages/airflow/example_dags/example_complex.py
[2025-05-04T22:39:59.831+0000] {processor.py:840} INFO - DAG(s) 'example_complex' retrieved from /home/airflow/.local/lib/python3.8/site-packages/airflow/example_dags/example_complex.py
[2025-05-04T22:39:59.848+0000] {logging_mixin.py:188} INFO - [2025-05-04T22:39:59.847+0000] {dag.py:3033} INFO - Sync 1 DAGs
[2025-05-04T22:39:59.854+0000] {logging_mixin.py:188} INFO - [2025-05-04T22:39:59.854+0000] {dag.py:3820} INFO - Setting next_dagrun for example_complex to None, run_after=None
[2025-05-04T22:39:59.861+0000] {processor.py:183} INFO - Processing /home/airflow/.local/lib/python3.8/site-packages/airflow/example_dags/example_complex.py took 0.040 seconds
[2025-05-04T22:40:30.851+0000] {processor.py:161} INFO - Started process (PID=512) to work on /home/airflow/.local/lib/python3.8/site-packages/airflow/example_dags/example_complex.py
[2025-05-04T22:40:30.852+0000] {processor.py:830} INFO - Processing file /home/airflow/.local/lib/python3.8/site-packages/airflow/example_dags/example_complex.py for tasks to queue
[2025-05-04T22:40:30.853+0000] {logging_mixin.py:188} INFO - [2025-05-04T22:40:30.852+0000] {dagbag.py:538} INFO - Filling up the DagBag from /home/airflow/.local/lib/python3.8/site-packages/airflow/example_dags/example_complex.py
[2025-05-04T22:40:30.858+0000] {processor.py:840} INFO - DAG(s) 'example_complex' retrieved from /home/airflow/.local/lib/python3.8/site-packages/airflow/example_dags/example_complex.py
[2025-05-04T22:40:30.871+0000] {logging_mixin.py:188} INFO - [2025-05-04T22:40:30.871+0000] {dag.py:3033} INFO - Sync 1 DAGs
[2025-05-04T22:40:30.877+0000] {logging_mixin.py:188} INFO - [2025-05-04T22:40:30.877+0000] {dag.py:3820} INFO - Setting next_dagrun for example_complex to None, run_after=None
[2025-05-04T22:40:30.884+0000] {processor.py:183} INFO - Processing /home/airflow/.local/lib/python3.8/site-packages/airflow/example_dags/example_complex.py took 0.035 seconds
[2025-05-04T22:41:00.915+0000] {processor.py:161} INFO - Started process (PID=568) to work on /home/airflow/.local/lib/python3.8/site-packages/airflow/example_dags/example_complex.py
[2025-05-04T22:41:00.915+0000] {processor.py:830} INFO - Processing file /home/airflow/.local/lib/python3.8/site-packages/airflow/example_dags/example_complex.py for tasks to queue
[2025-05-04T22:41:00.916+0000] {logging_mixin.py:188} INFO - [2025-05-04T22:41:00.916+0000] {dagbag.py:538} INFO - Filling up the DagBag from /home/airflow/.local/lib/python3.8/site-packages/airflow/example_dags/example_complex.py
[2025-05-04T22:41:00.921+0000] {processor.py:840} INFO - DAG(s) 'example_complex' retrieved from /home/airflow/.local/lib/python3.8/site-packages/airflow/example_dags/example_complex.py
[2025-05-04T22:41:00.932+0000] {logging_mixin.py:188} INFO - [2025-05-04T22:41:00.932+0000] {dag.py:3033} INFO - Sync 1 DAGs
[2025-05-04T22:41:00.938+0000] {logging_mixin.py:188} INFO - [2025-05-04T22:41:00.938+0000] {dag.py:3820} INFO - Setting next_dagrun for example_complex to None, run_after=None
[2025-05-04T22:41:00.945+0000] {processor.py:183} INFO - Processing /home/airflow/.local/lib/python3.8/site-packages/airflow/example_dags/example_complex.py took 0.031 seconds
[2025-05-04T22:41:31.603+0000] {processor.py:161} INFO - Started process (PID=624) to work on /home/airflow/.local/lib/python3.8/site-packages/airflow/example_dags/example_complex.py
[2025-05-04T22:41:31.605+0000] {processor.py:830} INFO - Processing file /home/airflow/.local/lib/python3.8/site-packages/airflow/example_dags/example_complex.py for tasks to queue
[2025-05-04T22:41:31.606+0000] {logging_mixin.py:188} INFO - [2025-05-04T22:41:31.606+0000] {dagbag.py:538} INFO - Filling up the DagBag from /home/airflow/.local/lib/python3.8/site-packages/airflow/example_dags/example_complex.py
[2025-05-04T22:41:31.612+0000] {processor.py:840} INFO - DAG(s) 'example_complex' retrieved from /home/airflow/.local/lib/python3.8/site-packages/airflow/example_dags/example_complex.py
[2025-05-04T22:41:31.629+0000] {logging_mixin.py:188} INFO - [2025-05-04T22:41:31.629+0000] {dag.py:3033} INFO - Sync 1 DAGs
[2025-05-04T22:41:31.635+0000] {logging_mixin.py:188} INFO - [2025-05-04T22:41:31.635+0000] {dag.py:3820} INFO - Setting next_dagrun for example_complex to None, run_after=None
[2025-05-04T22:41:31.652+0000] {processor.py:183} INFO - Processing /home/airflow/.local/lib/python3.8/site-packages/airflow/example_dags/example_complex.py took 0.050 seconds
[2025-05-04T22:42:02.449+0000] {processor.py:161} INFO - Started process (PID=680) to work on /home/airflow/.local/lib/python3.8/site-packages/airflow/example_dags/example_complex.py
[2025-05-04T22:42:02.450+0000] {processor.py:830} INFO - Processing file /home/airflow/.local/lib/python3.8/site-packages/airflow/example_dags/example_complex.py for tasks to queue
[2025-05-04T22:42:02.451+0000] {logging_mixin.py:188} INFO - [2025-05-04T22:42:02.451+0000] {dagbag.py:538} INFO - Filling up the DagBag from /home/airflow/.local/lib/python3.8/site-packages/airflow/example_dags/example_complex.py
[2025-05-04T22:42:02.457+0000] {processor.py:840} INFO - DAG(s) 'example_complex' retrieved from /home/airflow/.local/lib/python3.8/site-packages/airflow/example_dags/example_complex.py
[2025-05-04T22:42:02.473+0000] {logging_mixin.py:188} INFO - [2025-05-04T22:42:02.473+0000] {dag.py:3033} INFO - Sync 1 DAGs
[2025-05-04T22:42:02.481+0000] {logging_mixin.py:188} INFO - [2025-05-04T22:42:02.481+0000] {dag.py:3820} INFO - Setting next_dagrun for example_complex to None, run_after=None
[2025-05-04T22:42:02.493+0000] {processor.py:183} INFO - Processing /home/airflow/.local/lib/python3.8/site-packages/airflow/example_dags/example_complex.py took 0.045 seconds
[2025-05-04T22:42:33.228+0000] {processor.py:161} INFO - Started process (PID=736) to work on /home/airflow/.local/lib/python3.8/site-packages/airflow/example_dags/example_complex.py
[2025-05-04T22:42:33.228+0000] {processor.py:830} INFO - Processing file /home/airflow/.local/lib/python3.8/site-packages/airflow/example_dags/example_complex.py for tasks to queue
[2025-05-04T22:42:33.229+0000] {logging_mixin.py:188} INFO - [2025-05-04T22:42:33.229+0000] {dagbag.py:538} INFO - Filling up the DagBag from /home/airflow/.local/lib/python3.8/site-packages/airflow/example_dags/example_complex.py
[2025-05-04T22:42:33.234+0000] {processor.py:840} INFO - DAG(s) 'example_complex' retrieved from /home/airflow/.local/lib/python3.8/site-packages/airflow/example_dags/example_complex.py
[2025-05-04T22:42:33.254+0000] {logging_mixin.py:188} INFO - [2025-05-04T22:42:33.254+0000] {dag.py:3033} INFO - Sync 1 DAGs
[2025-05-04T22:42:33.260+0000] {logging_mixin.py:188} INFO - [2025-05-04T22:42:33.260+0000] {dag.py:3820} INFO - Setting next_dagrun for example_complex to None, run_after=None
[2025-05-04T22:42:33.273+0000] {processor.py:183} INFO - Processing /home/airflow/.local/lib/python3.8/site-packages/airflow/example_dags/example_complex.py took 0.047 seconds
[2025-05-04T22:43:04.119+0000] {processor.py:161} INFO - Started process (PID=792) to work on /home/airflow/.local/lib/python3.8/site-packages/airflow/example_dags/example_complex.py
[2025-05-04T22:43:04.120+0000] {processor.py:830} INFO - Processing file /home/airflow/.local/lib/python3.8/site-packages/airflow/example_dags/example_complex.py for tasks to queue
[2025-05-04T22:43:04.121+0000] {logging_mixin.py:188} INFO - [2025-05-04T22:43:04.121+0000] {dagbag.py:538} INFO - Filling up the DagBag from /home/airflow/.local/lib/python3.8/site-packages/airflow/example_dags/example_complex.py
[2025-05-04T22:43:04.133+0000] {processor.py:840} INFO - DAG(s) 'example_complex' retrieved from /home/airflow/.local/lib/python3.8/site-packages/airflow/example_dags/example_complex.py
[2025-05-04T22:43:04.159+0000] {logging_mixin.py:188} INFO - [2025-05-04T22:43:04.159+0000] {dag.py:3033} INFO - Sync 1 DAGs
[2025-05-04T22:43:04.169+0000] {logging_mixin.py:188} INFO - [2025-05-04T22:43:04.169+0000] {dag.py:3820} INFO - Setting next_dagrun for example_complex to None, run_after=None
[2025-05-04T22:43:04.183+0000] {processor.py:183} INFO - Processing /home/airflow/.local/lib/python3.8/site-packages/airflow/example_dags/example_complex.py took 0.066 seconds
[2025-05-04T22:43:35.114+0000] {processor.py:161} INFO - Started process (PID=848) to work on /home/airflow/.local/lib/python3.8/site-packages/airflow/example_dags/example_complex.py
[2025-05-04T22:43:35.114+0000] {processor.py:830} INFO - Processing file /home/airflow/.local/lib/python3.8/site-packages/airflow/example_dags/example_complex.py for tasks to queue
[2025-05-04T22:43:35.115+0000] {logging_mixin.py:188} INFO - [2025-05-04T22:43:35.115+0000] {dagbag.py:538} INFO - Filling up the DagBag from /home/airflow/.local/lib/python3.8/site-packages/airflow/example_dags/example_complex.py
[2025-05-04T22:43:35.120+0000] {processor.py:840} INFO - DAG(s) 'example_complex' retrieved from /home/airflow/.local/lib/python3.8/site-packages/airflow/example_dags/example_complex.py
[2025-05-04T22:43:35.136+0000] {logging_mixin.py:188} INFO - [2025-05-04T22:43:35.136+0000] {dag.py:3033} INFO - Sync 1 DAGs
[2025-05-04T22:43:35.142+0000] {logging_mixin.py:188} INFO - [2025-05-04T22:43:35.142+0000] {dag.py:3820} INFO - Setting next_dagrun for example_complex to None, run_after=None
[2025-05-04T22:43:35.154+0000] {processor.py:183} INFO - Processing /home/airflow/.local/lib/python3.8/site-packages/airflow/example_dags/example_complex.py took 0.041 seconds
[2025-05-04T22:44:05.862+0000] {processor.py:161} INFO - Started process (PID=904) to work on /home/airflow/.local/lib/python3.8/site-packages/airflow/example_dags/example_complex.py
[2025-05-04T22:44:05.862+0000] {processor.py:830} INFO - Processing file /home/airflow/.local/lib/python3.8/site-packages/airflow/example_dags/example_complex.py for tasks to queue
[2025-05-04T22:44:05.863+0000] {logging_mixin.py:188} INFO - [2025-05-04T22:44:05.863+0000] {dagbag.py:538} INFO - Filling up the DagBag from /home/airflow/.local/lib/python3.8/site-packages/airflow/example_dags/example_complex.py
[2025-05-04T22:44:05.868+0000] {processor.py:840} INFO - DAG(s) 'example_complex' retrieved from /home/airflow/.local/lib/python3.8/site-packages/airflow/example_dags/example_complex.py
[2025-05-04T22:44:05.879+0000] {logging_mixin.py:188} INFO - [2025-05-04T22:44:05.879+0000] {dag.py:3033} INFO - Sync 1 DAGs
[2025-05-04T22:44:05.885+0000] {logging_mixin.py:188} INFO - [2025-05-04T22:44:05.885+0000] {dag.py:3820} INFO - Setting next_dagrun for example_complex to None, run_after=None
[2025-05-04T22:44:05.892+0000] {processor.py:183} INFO - Processing /home/airflow/.local/lib/python3.8/site-packages/airflow/example_dags/example_complex.py took 0.032 seconds
[2025-05-04T22:44:36.707+0000] {processor.py:161} INFO - Started process (PID=960) to work on /home/airflow/.local/lib/python3.8/site-packages/airflow/example_dags/example_complex.py
[2025-05-04T22:44:36.708+0000] {processor.py:830} INFO - Processing file /home/airflow/.local/lib/python3.8/site-packages/airflow/example_dags/example_complex.py for tasks to queue
[2025-05-04T22:44:36.708+0000] {logging_mixin.py:188} INFO - [2025-05-04T22:44:36.708+0000] {dagbag.py:538} INFO - Filling up the DagBag from /home/airflow/.local/lib/python3.8/site-packages/airflow/example_dags/example_complex.py
[2025-05-04T22:44:36.713+0000] {processor.py:840} INFO - DAG(s) 'example_complex' retrieved from /home/airflow/.local/lib/python3.8/site-packages/airflow/example_dags/example_complex.py
[2025-05-04T22:44:36.730+0000] {logging_mixin.py:188} INFO - [2025-05-04T22:44:36.730+0000] {dag.py:3033} INFO - Sync 1 DAGs
[2025-05-04T22:44:36.736+0000] {logging_mixin.py:188} INFO - [2025-05-04T22:44:36.736+0000] {dag.py:3820} INFO - Setting next_dagrun for example_complex to None, run_after=None
[2025-05-04T22:44:36.751+0000] {processor.py:183} INFO - Processing /home/airflow/.local/lib/python3.8/site-packages/airflow/example_dags/example_complex.py took 0.045 seconds
[2025-05-04T22:45:07.497+0000] {processor.py:161} INFO - Started process (PID=1016) to work on /home/airflow/.local/lib/python3.8/site-packages/airflow/example_dags/example_complex.py
[2025-05-04T22:45:07.497+0000] {processor.py:830} INFO - Processing file /home/airflow/.local/lib/python3.8/site-packages/airflow/example_dags/example_complex.py for tasks to queue
[2025-05-04T22:45:07.498+0000] {logging_mixin.py:188} INFO - [2025-05-04T22:45:07.498+0000] {dagbag.py:538} INFO - Filling up the DagBag from /home/airflow/.local/lib/python3.8/site-packages/airflow/example_dags/example_complex.py
[2025-05-04T22:45:07.503+0000] {processor.py:840} INFO - DAG(s) 'example_complex' retrieved from /home/airflow/.local/lib/python3.8/site-packages/airflow/example_dags/example_complex.py
[2025-05-04T22:45:07.515+0000] {logging_mixin.py:188} INFO - [2025-05-04T22:45:07.515+0000] {dag.py:3033} INFO - Sync 1 DAGs
[2025-05-04T22:45:07.521+0000] {logging_mixin.py:188} INFO - [2025-05-04T22:45:07.521+0000] {dag.py:3820} INFO - Setting next_dagrun for example_complex to None, run_after=None
[2025-05-04T22:45:07.527+0000] {processor.py:183} INFO - Processing /home/airflow/.local/lib/python3.8/site-packages/airflow/example_dags/example_complex.py took 0.032 seconds
[2025-05-04T22:45:38.446+0000] {processor.py:161} INFO - Started process (PID=1072) to work on /home/airflow/.local/lib/python3.8/site-packages/airflow/example_dags/example_complex.py
[2025-05-04T22:45:38.446+0000] {processor.py:830} INFO - Processing file /home/airflow/.local/lib/python3.8/site-packages/airflow/example_dags/example_complex.py for tasks to queue
[2025-05-04T22:45:38.447+0000] {logging_mixin.py:188} INFO - [2025-05-04T22:45:38.447+0000] {dagbag.py:538} INFO - Filling up the DagBag from /home/airflow/.local/lib/python3.8/site-packages/airflow/example_dags/example_complex.py
[2025-05-04T22:45:38.451+0000] {processor.py:840} INFO - DAG(s) 'example_complex' retrieved from /home/airflow/.local/lib/python3.8/site-packages/airflow/example_dags/example_complex.py
[2025-05-04T22:45:38.463+0000] {logging_mixin.py:188} INFO - [2025-05-04T22:45:38.463+0000] {dag.py:3033} INFO - Sync 1 DAGs
[2025-05-04T22:45:38.468+0000] {logging_mixin.py:188} INFO - [2025-05-04T22:45:38.468+0000] {dag.py:3820} INFO - Setting next_dagrun for example_complex to None, run_after=None
[2025-05-04T22:45:38.474+0000] {processor.py:183} INFO - Processing /home/airflow/.local/lib/python3.8/site-packages/airflow/example_dags/example_complex.py took 0.030 seconds
[2025-05-04T22:46:31.962+0000] {processor.py:161} INFO - Started process (PID=64) to work on /home/airflow/.local/lib/python3.8/site-packages/airflow/example_dags/example_complex.py
[2025-05-04T22:46:31.963+0000] {processor.py:830} INFO - Processing file /home/airflow/.local/lib/python3.8/site-packages/airflow/example_dags/example_complex.py for tasks to queue
[2025-05-04T22:46:31.965+0000] {logging_mixin.py:188} INFO - [2025-05-04T22:46:31.965+0000] {dagbag.py:538} INFO - Filling up the DagBag from /home/airflow/.local/lib/python3.8/site-packages/airflow/example_dags/example_complex.py
[2025-05-04T22:46:31.971+0000] {processor.py:840} INFO - DAG(s) 'example_complex' retrieved from /home/airflow/.local/lib/python3.8/site-packages/airflow/example_dags/example_complex.py
[2025-05-04T22:46:31.983+0000] {logging_mixin.py:188} INFO - [2025-05-04T22:46:31.983+0000] {dag.py:3033} INFO - Sync 1 DAGs
[2025-05-04T22:46:31.993+0000] {logging_mixin.py:188} INFO - [2025-05-04T22:46:31.993+0000] {dag.py:3820} INFO - Setting next_dagrun for example_complex to None, run_after=None
[2025-05-04T22:46:32.012+0000] {processor.py:183} INFO - Processing /home/airflow/.local/lib/python3.8/site-packages/airflow/example_dags/example_complex.py took 0.053 seconds
[2025-05-04T22:46:56.433+0000] {processor.py:161} INFO - Started process (PID=63) to work on /home/airflow/.local/lib/python3.8/site-packages/airflow/example_dags/example_complex.py
[2025-05-04T22:46:56.434+0000] {processor.py:830} INFO - Processing file /home/airflow/.local/lib/python3.8/site-packages/airflow/example_dags/example_complex.py for tasks to queue
[2025-05-04T22:46:56.436+0000] {logging_mixin.py:188} INFO - [2025-05-04T22:46:56.435+0000] {dagbag.py:538} INFO - Filling up the DagBag from /home/airflow/.local/lib/python3.8/site-packages/airflow/example_dags/example_complex.py
[2025-05-04T22:46:56.445+0000] {processor.py:840} INFO - DAG(s) 'example_complex' retrieved from /home/airflow/.local/lib/python3.8/site-packages/airflow/example_dags/example_complex.py
[2025-05-04T22:46:56.464+0000] {logging_mixin.py:188} INFO - [2025-05-04T22:46:56.464+0000] {dag.py:3033} INFO - Sync 1 DAGs
[2025-05-04T22:46:56.474+0000] {logging_mixin.py:188} INFO - [2025-05-04T22:46:56.474+0000] {dag.py:3820} INFO - Setting next_dagrun for example_complex to None, run_after=None
[2025-05-04T22:46:56.498+0000] {processor.py:183} INFO - Processing /home/airflow/.local/lib/python3.8/site-packages/airflow/example_dags/example_complex.py took 0.067 seconds
[2025-05-04T22:47:52.161+0000] {processor.py:161} INFO - Started process (PID=64) to work on /home/airflow/.local/lib/python3.8/site-packages/airflow/example_dags/example_complex.py
[2025-05-04T22:47:52.163+0000] {processor.py:830} INFO - Processing file /home/airflow/.local/lib/python3.8/site-packages/airflow/example_dags/example_complex.py for tasks to queue
[2025-05-04T22:47:52.166+0000] {logging_mixin.py:188} INFO - [2025-05-04T22:47:52.166+0000] {dagbag.py:538} INFO - Filling up the DagBag from /home/airflow/.local/lib/python3.8/site-packages/airflow/example_dags/example_complex.py
[2025-05-04T22:47:52.174+0000] {processor.py:840} INFO - DAG(s) 'example_complex' retrieved from /home/airflow/.local/lib/python3.8/site-packages/airflow/example_dags/example_complex.py
[2025-05-04T22:47:52.199+0000] {logging_mixin.py:188} INFO - [2025-05-04T22:47:52.198+0000] {dag.py:3033} INFO - Sync 1 DAGs
[2025-05-04T22:47:52.213+0000] {logging_mixin.py:188} INFO - [2025-05-04T22:47:52.213+0000] {dag.py:3820} INFO - Setting next_dagrun for example_complex to None, run_after=None
[2025-05-04T22:47:52.230+0000] {processor.py:183} INFO - Processing /home/airflow/.local/lib/python3.8/site-packages/airflow/example_dags/example_complex.py took 0.071 seconds
[2025-05-04T22:48:22.309+0000] {processor.py:161} INFO - Started process (PID=120) to work on /home/airflow/.local/lib/python3.8/site-packages/airflow/example_dags/example_complex.py
[2025-05-04T22:48:22.309+0000] {processor.py:830} INFO - Processing file /home/airflow/.local/lib/python3.8/site-packages/airflow/example_dags/example_complex.py for tasks to queue
[2025-05-04T22:48:22.310+0000] {logging_mixin.py:188} INFO - [2025-05-04T22:48:22.310+0000] {dagbag.py:538} INFO - Filling up the DagBag from /home/airflow/.local/lib/python3.8/site-packages/airflow/example_dags/example_complex.py
[2025-05-04T22:48:22.314+0000] {processor.py:840} INFO - DAG(s) 'example_complex' retrieved from /home/airflow/.local/lib/python3.8/site-packages/airflow/example_dags/example_complex.py
[2025-05-04T22:48:22.365+0000] {logging_mixin.py:188} INFO - [2025-05-04T22:48:22.365+0000] {dag.py:3033} INFO - Sync 1 DAGs
[2025-05-04T22:48:22.370+0000] {logging_mixin.py:188} INFO - [2025-05-04T22:48:22.370+0000] {dag.py:3820} INFO - Setting next_dagrun for example_complex to None, run_after=None
[2025-05-04T22:48:22.379+0000] {processor.py:183} INFO - Processing /home/airflow/.local/lib/python3.8/site-packages/airflow/example_dags/example_complex.py took 0.072 seconds
[2025-05-04T22:48:53.272+0000] {processor.py:161} INFO - Started process (PID=176) to work on /home/airflow/.local/lib/python3.8/site-packages/airflow/example_dags/example_complex.py
[2025-05-04T22:48:53.273+0000] {processor.py:830} INFO - Processing file /home/airflow/.local/lib/python3.8/site-packages/airflow/example_dags/example_complex.py for tasks to queue
[2025-05-04T22:48:53.275+0000] {logging_mixin.py:188} INFO - [2025-05-04T22:48:53.275+0000] {dagbag.py:538} INFO - Filling up the DagBag from /home/airflow/.local/lib/python3.8/site-packages/airflow/example_dags/example_complex.py
[2025-05-04T22:48:53.281+0000] {processor.py:840} INFO - DAG(s) 'example_complex' retrieved from /home/airflow/.local/lib/python3.8/site-packages/airflow/example_dags/example_complex.py
[2025-05-04T22:48:53.304+0000] {logging_mixin.py:188} INFO - [2025-05-04T22:48:53.304+0000] {dag.py:3033} INFO - Sync 1 DAGs
[2025-05-04T22:48:53.367+0000] {logging_mixin.py:188} INFO - [2025-05-04T22:48:53.367+0000] {dag.py:3820} INFO - Setting next_dagrun for example_complex to None, run_after=None
[2025-05-04T22:48:53.388+0000] {processor.py:183} INFO - Processing /home/airflow/.local/lib/python3.8/site-packages/airflow/example_dags/example_complex.py took 0.117 seconds
[2025-05-04T22:49:24.257+0000] {processor.py:161} INFO - Started process (PID=232) to work on /home/airflow/.local/lib/python3.8/site-packages/airflow/example_dags/example_complex.py
[2025-05-04T22:49:24.258+0000] {processor.py:830} INFO - Processing file /home/airflow/.local/lib/python3.8/site-packages/airflow/example_dags/example_complex.py for tasks to queue
[2025-05-04T22:49:24.259+0000] {logging_mixin.py:188} INFO - [2025-05-04T22:49:24.259+0000] {dagbag.py:538} INFO - Filling up the DagBag from /home/airflow/.local/lib/python3.8/site-packages/airflow/example_dags/example_complex.py
[2025-05-04T22:49:24.265+0000] {processor.py:840} INFO - DAG(s) 'example_complex' retrieved from /home/airflow/.local/lib/python3.8/site-packages/airflow/example_dags/example_complex.py
[2025-05-04T22:49:24.284+0000] {logging_mixin.py:188} INFO - [2025-05-04T22:49:24.284+0000] {dag.py:3033} INFO - Sync 1 DAGs
[2025-05-04T22:49:24.290+0000] {logging_mixin.py:188} INFO - [2025-05-04T22:49:24.290+0000] {dag.py:3820} INFO - Setting next_dagrun for example_complex to None, run_after=None
[2025-05-04T22:49:24.299+0000] {processor.py:183} INFO - Processing /home/airflow/.local/lib/python3.8/site-packages/airflow/example_dags/example_complex.py took 0.044 seconds
[2025-05-04T22:49:54.894+0000] {processor.py:161} INFO - Started process (PID=288) to work on /home/airflow/.local/lib/python3.8/site-packages/airflow/example_dags/example_complex.py
[2025-05-04T22:49:54.895+0000] {processor.py:830} INFO - Processing file /home/airflow/.local/lib/python3.8/site-packages/airflow/example_dags/example_complex.py for tasks to queue
[2025-05-04T22:49:54.897+0000] {logging_mixin.py:188} INFO - [2025-05-04T22:49:54.897+0000] {dagbag.py:538} INFO - Filling up the DagBag from /home/airflow/.local/lib/python3.8/site-packages/airflow/example_dags/example_complex.py
[2025-05-04T22:49:54.903+0000] {processor.py:840} INFO - DAG(s) 'example_complex' retrieved from /home/airflow/.local/lib/python3.8/site-packages/airflow/example_dags/example_complex.py
[2025-05-04T22:49:54.925+0000] {logging_mixin.py:188} INFO - [2025-05-04T22:49:54.925+0000] {dag.py:3033} INFO - Sync 1 DAGs
[2025-05-04T22:49:54.931+0000] {logging_mixin.py:188} INFO - [2025-05-04T22:49:54.931+0000] {dag.py:3820} INFO - Setting next_dagrun for example_complex to None, run_after=None
[2025-05-04T22:49:54.941+0000] {processor.py:183} INFO - Processing /home/airflow/.local/lib/python3.8/site-packages/airflow/example_dags/example_complex.py took 0.048 seconds
[2025-05-04T22:50:25.628+0000] {processor.py:161} INFO - Started process (PID=344) to work on /home/airflow/.local/lib/python3.8/site-packages/airflow/example_dags/example_complex.py
[2025-05-04T22:50:25.629+0000] {processor.py:830} INFO - Processing file /home/airflow/.local/lib/python3.8/site-packages/airflow/example_dags/example_complex.py for tasks to queue
[2025-05-04T22:50:25.630+0000] {logging_mixin.py:188} INFO - [2025-05-04T22:50:25.630+0000] {dagbag.py:538} INFO - Filling up the DagBag from /home/airflow/.local/lib/python3.8/site-packages/airflow/example_dags/example_complex.py
[2025-05-04T22:50:25.635+0000] {processor.py:840} INFO - DAG(s) 'example_complex' retrieved from /home/airflow/.local/lib/python3.8/site-packages/airflow/example_dags/example_complex.py
[2025-05-04T22:50:25.656+0000] {logging_mixin.py:188} INFO - [2025-05-04T22:50:25.656+0000] {dag.py:3033} INFO - Sync 1 DAGs
[2025-05-04T22:50:25.663+0000] {logging_mixin.py:188} INFO - [2025-05-04T22:50:25.663+0000] {dag.py:3820} INFO - Setting next_dagrun for example_complex to None, run_after=None
[2025-05-04T22:50:25.675+0000] {processor.py:183} INFO - Processing /home/airflow/.local/lib/python3.8/site-packages/airflow/example_dags/example_complex.py took 0.049 seconds
[2025-05-04T22:50:58.653+0000] {processor.py:161} INFO - Started process (PID=64) to work on /home/airflow/.local/lib/python3.8/site-packages/airflow/example_dags/example_complex.py
[2025-05-04T22:50:58.654+0000] {processor.py:830} INFO - Processing file /home/airflow/.local/lib/python3.8/site-packages/airflow/example_dags/example_complex.py for tasks to queue
[2025-05-04T22:50:58.658+0000] {logging_mixin.py:188} INFO - [2025-05-04T22:50:58.658+0000] {dagbag.py:538} INFO - Filling up the DagBag from /home/airflow/.local/lib/python3.8/site-packages/airflow/example_dags/example_complex.py
[2025-05-04T22:50:58.665+0000] {processor.py:840} INFO - DAG(s) 'example_complex' retrieved from /home/airflow/.local/lib/python3.8/site-packages/airflow/example_dags/example_complex.py
[2025-05-04T22:50:58.681+0000] {logging_mixin.py:188} INFO - [2025-05-04T22:50:58.681+0000] {dag.py:3033} INFO - Sync 1 DAGs
[2025-05-04T22:50:58.698+0000] {logging_mixin.py:188} INFO - [2025-05-04T22:50:58.696+0000] {dag.py:3820} INFO - Setting next_dagrun for example_complex to None, run_after=None
[2025-05-04T22:50:58.723+0000] {processor.py:183} INFO - Processing /home/airflow/.local/lib/python3.8/site-packages/airflow/example_dags/example_complex.py took 0.073 seconds
[2025-05-04T22:51:28.799+0000] {processor.py:161} INFO - Started process (PID=120) to work on /home/airflow/.local/lib/python3.8/site-packages/airflow/example_dags/example_complex.py
[2025-05-04T22:51:28.800+0000] {processor.py:830} INFO - Processing file /home/airflow/.local/lib/python3.8/site-packages/airflow/example_dags/example_complex.py for tasks to queue
[2025-05-04T22:51:28.801+0000] {logging_mixin.py:188} INFO - [2025-05-04T22:51:28.801+0000] {dagbag.py:538} INFO - Filling up the DagBag from /home/airflow/.local/lib/python3.8/site-packages/airflow/example_dags/example_complex.py
[2025-05-04T22:51:28.806+0000] {processor.py:840} INFO - DAG(s) 'example_complex' retrieved from /home/airflow/.local/lib/python3.8/site-packages/airflow/example_dags/example_complex.py
[2025-05-04T22:51:28.859+0000] {logging_mixin.py:188} INFO - [2025-05-04T22:51:28.858+0000] {dag.py:3033} INFO - Sync 1 DAGs
[2025-05-04T22:51:28.863+0000] {logging_mixin.py:188} INFO - [2025-05-04T22:51:28.863+0000] {dag.py:3820} INFO - Setting next_dagrun for example_complex to None, run_after=None
[2025-05-04T22:51:28.875+0000] {processor.py:183} INFO - Processing /home/airflow/.local/lib/python3.8/site-packages/airflow/example_dags/example_complex.py took 0.078 seconds
[2025-05-04T22:51:59.895+0000] {processor.py:161} INFO - Started process (PID=176) to work on /home/airflow/.local/lib/python3.8/site-packages/airflow/example_dags/example_complex.py
[2025-05-04T22:51:59.897+0000] {processor.py:830} INFO - Processing file /home/airflow/.local/lib/python3.8/site-packages/airflow/example_dags/example_complex.py for tasks to queue
[2025-05-04T22:51:59.900+0000] {logging_mixin.py:188} INFO - [2025-05-04T22:51:59.899+0000] {dagbag.py:538} INFO - Filling up the DagBag from /home/airflow/.local/lib/python3.8/site-packages/airflow/example_dags/example_complex.py
[2025-05-04T22:51:59.907+0000] {processor.py:840} INFO - DAG(s) 'example_complex' retrieved from /home/airflow/.local/lib/python3.8/site-packages/airflow/example_dags/example_complex.py
[2025-05-04T22:51:59.924+0000] {logging_mixin.py:188} INFO - [2025-05-04T22:51:59.924+0000] {dag.py:3033} INFO - Sync 1 DAGs
[2025-05-04T22:51:59.931+0000] {logging_mixin.py:188} INFO - [2025-05-04T22:51:59.931+0000] {dag.py:3820} INFO - Setting next_dagrun for example_complex to None, run_after=None
[2025-05-04T22:51:59.942+0000] {processor.py:183} INFO - Processing /home/airflow/.local/lib/python3.8/site-packages/airflow/example_dags/example_complex.py took 0.051 seconds
[2025-05-04T22:52:30.708+0000] {processor.py:161} INFO - Started process (PID=232) to work on /home/airflow/.local/lib/python3.8/site-packages/airflow/example_dags/example_complex.py
[2025-05-04T22:52:30.709+0000] {processor.py:830} INFO - Processing file /home/airflow/.local/lib/python3.8/site-packages/airflow/example_dags/example_complex.py for tasks to queue
[2025-05-04T22:52:30.711+0000] {logging_mixin.py:188} INFO - [2025-05-04T22:52:30.711+0000] {dagbag.py:538} INFO - Filling up the DagBag from /home/airflow/.local/lib/python3.8/site-packages/airflow/example_dags/example_complex.py
[2025-05-04T22:52:30.720+0000] {processor.py:840} INFO - DAG(s) 'example_complex' retrieved from /home/airflow/.local/lib/python3.8/site-packages/airflow/example_dags/example_complex.py
[2025-05-04T22:52:30.743+0000] {logging_mixin.py:188} INFO - [2025-05-04T22:52:30.742+0000] {dag.py:3033} INFO - Sync 1 DAGs
[2025-05-04T22:52:30.750+0000] {logging_mixin.py:188} INFO - [2025-05-04T22:52:30.750+0000] {dag.py:3820} INFO - Setting next_dagrun for example_complex to None, run_after=None
[2025-05-04T22:52:30.762+0000] {processor.py:183} INFO - Processing /home/airflow/.local/lib/python3.8/site-packages/airflow/example_dags/example_complex.py took 0.058 seconds
[2025-05-04T22:53:01.330+0000] {processor.py:161} INFO - Started process (PID=288) to work on /home/airflow/.local/lib/python3.8/site-packages/airflow/example_dags/example_complex.py
[2025-05-04T22:53:01.332+0000] {processor.py:830} INFO - Processing file /home/airflow/.local/lib/python3.8/site-packages/airflow/example_dags/example_complex.py for tasks to queue
[2025-05-04T22:53:01.336+0000] {logging_mixin.py:188} INFO - [2025-05-04T22:53:01.335+0000] {dagbag.py:538} INFO - Filling up the DagBag from /home/airflow/.local/lib/python3.8/site-packages/airflow/example_dags/example_complex.py
[2025-05-04T22:53:01.346+0000] {processor.py:840} INFO - DAG(s) 'example_complex' retrieved from /home/airflow/.local/lib/python3.8/site-packages/airflow/example_dags/example_complex.py
[2025-05-04T22:53:01.366+0000] {logging_mixin.py:188} INFO - [2025-05-04T22:53:01.366+0000] {dag.py:3033} INFO - Sync 1 DAGs
[2025-05-04T22:53:01.374+0000] {logging_mixin.py:188} INFO - [2025-05-04T22:53:01.374+0000] {dag.py:3820} INFO - Setting next_dagrun for example_complex to None, run_after=None
[2025-05-04T22:53:01.384+0000] {processor.py:183} INFO - Processing /home/airflow/.local/lib/python3.8/site-packages/airflow/example_dags/example_complex.py took 0.059 seconds
[2025-05-04T22:58:00.980+0000] {processor.py:161} INFO - Started process (PID=64) to work on /home/airflow/.local/lib/python3.8/site-packages/airflow/example_dags/example_complex.py
[2025-05-04T22:58:00.982+0000] {processor.py:830} INFO - Processing file /home/airflow/.local/lib/python3.8/site-packages/airflow/example_dags/example_complex.py for tasks to queue
[2025-05-04T22:58:00.983+0000] {logging_mixin.py:188} INFO - [2025-05-04T22:58:00.983+0000] {dagbag.py:538} INFO - Filling up the DagBag from /home/airflow/.local/lib/python3.8/site-packages/airflow/example_dags/example_complex.py
[2025-05-04T22:58:00.989+0000] {processor.py:840} INFO - DAG(s) 'example_complex' retrieved from /home/airflow/.local/lib/python3.8/site-packages/airflow/example_dags/example_complex.py
[2025-05-04T22:58:00.997+0000] {logging_mixin.py:188} INFO - [2025-05-04T22:58:00.997+0000] {dag.py:3033} INFO - Sync 1 DAGs
[2025-05-04T22:58:01.005+0000] {logging_mixin.py:188} INFO - [2025-05-04T22:58:01.005+0000] {dag.py:3820} INFO - Setting next_dagrun for example_complex to None, run_after=None
[2025-05-04T22:58:01.015+0000] {processor.py:183} INFO - Processing /home/airflow/.local/lib/python3.8/site-packages/airflow/example_dags/example_complex.py took 0.038 seconds
[2025-05-04T22:58:31.448+0000] {processor.py:161} INFO - Started process (PID=120) to work on /home/airflow/.local/lib/python3.8/site-packages/airflow/example_dags/example_complex.py
[2025-05-04T22:58:31.448+0000] {processor.py:830} INFO - Processing file /home/airflow/.local/lib/python3.8/site-packages/airflow/example_dags/example_complex.py for tasks to queue
[2025-05-04T22:58:31.450+0000] {logging_mixin.py:188} INFO - [2025-05-04T22:58:31.450+0000] {dagbag.py:538} INFO - Filling up the DagBag from /home/airflow/.local/lib/python3.8/site-packages/airflow/example_dags/example_complex.py
[2025-05-04T22:58:31.457+0000] {processor.py:840} INFO - DAG(s) 'example_complex' retrieved from /home/airflow/.local/lib/python3.8/site-packages/airflow/example_dags/example_complex.py
[2025-05-04T22:58:31.508+0000] {logging_mixin.py:188} INFO - [2025-05-04T22:58:31.508+0000] {dag.py:3033} INFO - Sync 1 DAGs
[2025-05-04T22:58:31.514+0000] {logging_mixin.py:188} INFO - [2025-05-04T22:58:31.514+0000] {dag.py:3820} INFO - Setting next_dagrun for example_complex to None, run_after=None
[2025-05-04T22:58:31.525+0000] {processor.py:183} INFO - Processing /home/airflow/.local/lib/python3.8/site-packages/airflow/example_dags/example_complex.py took 0.079 seconds
[2025-05-04T22:59:01.584+0000] {processor.py:161} INFO - Started process (PID=176) to work on /home/airflow/.local/lib/python3.8/site-packages/airflow/example_dags/example_complex.py
[2025-05-04T22:59:01.585+0000] {processor.py:830} INFO - Processing file /home/airflow/.local/lib/python3.8/site-packages/airflow/example_dags/example_complex.py for tasks to queue
[2025-05-04T22:59:01.586+0000] {logging_mixin.py:188} INFO - [2025-05-04T22:59:01.586+0000] {dagbag.py:538} INFO - Filling up the DagBag from /home/airflow/.local/lib/python3.8/site-packages/airflow/example_dags/example_complex.py
[2025-05-04T22:59:01.590+0000] {processor.py:840} INFO - DAG(s) 'example_complex' retrieved from /home/airflow/.local/lib/python3.8/site-packages/airflow/example_dags/example_complex.py
[2025-05-04T22:59:01.603+0000] {logging_mixin.py:188} INFO - [2025-05-04T22:59:01.602+0000] {dag.py:3033} INFO - Sync 1 DAGs
[2025-05-04T22:59:01.607+0000] {logging_mixin.py:188} INFO - [2025-05-04T22:59:01.607+0000] {dag.py:3820} INFO - Setting next_dagrun for example_complex to None, run_after=None
[2025-05-04T22:59:01.614+0000] {processor.py:183} INFO - Processing /home/airflow/.local/lib/python3.8/site-packages/airflow/example_dags/example_complex.py took 0.031 seconds
[2025-05-04T22:59:32.336+0000] {processor.py:161} INFO - Started process (PID=232) to work on /home/airflow/.local/lib/python3.8/site-packages/airflow/example_dags/example_complex.py
[2025-05-04T22:59:32.337+0000] {processor.py:830} INFO - Processing file /home/airflow/.local/lib/python3.8/site-packages/airflow/example_dags/example_complex.py for tasks to queue
[2025-05-04T22:59:32.339+0000] {logging_mixin.py:188} INFO - [2025-05-04T22:59:32.339+0000] {dagbag.py:538} INFO - Filling up the DagBag from /home/airflow/.local/lib/python3.8/site-packages/airflow/example_dags/example_complex.py
[2025-05-04T22:59:32.347+0000] {processor.py:840} INFO - DAG(s) 'example_complex' retrieved from /home/airflow/.local/lib/python3.8/site-packages/airflow/example_dags/example_complex.py
[2025-05-04T22:59:32.369+0000] {logging_mixin.py:188} INFO - [2025-05-04T22:59:32.369+0000] {dag.py:3033} INFO - Sync 1 DAGs
[2025-05-04T22:59:32.375+0000] {logging_mixin.py:188} INFO - [2025-05-04T22:59:32.375+0000] {dag.py:3820} INFO - Setting next_dagrun for example_complex to None, run_after=None
[2025-05-04T22:59:32.383+0000] {processor.py:183} INFO - Processing /home/airflow/.local/lib/python3.8/site-packages/airflow/example_dags/example_complex.py took 0.049 seconds
[2025-05-04T23:00:03.170+0000] {processor.py:161} INFO - Started process (PID=288) to work on /home/airflow/.local/lib/python3.8/site-packages/airflow/example_dags/example_complex.py
[2025-05-04T23:00:03.171+0000] {processor.py:830} INFO - Processing file /home/airflow/.local/lib/python3.8/site-packages/airflow/example_dags/example_complex.py for tasks to queue
[2025-05-04T23:00:03.171+0000] {logging_mixin.py:188} INFO - [2025-05-04T23:00:03.171+0000] {dagbag.py:538} INFO - Filling up the DagBag from /home/airflow/.local/lib/python3.8/site-packages/airflow/example_dags/example_complex.py
[2025-05-04T23:00:03.176+0000] {processor.py:840} INFO - DAG(s) 'example_complex' retrieved from /home/airflow/.local/lib/python3.8/site-packages/airflow/example_dags/example_complex.py
[2025-05-04T23:00:03.192+0000] {logging_mixin.py:188} INFO - [2025-05-04T23:00:03.192+0000] {dag.py:3033} INFO - Sync 1 DAGs
[2025-05-04T23:00:03.197+0000] {logging_mixin.py:188} INFO - [2025-05-04T23:00:03.197+0000] {dag.py:3820} INFO - Setting next_dagrun for example_complex to None, run_after=None
[2025-05-04T23:00:03.209+0000] {processor.py:183} INFO - Processing /home/airflow/.local/lib/python3.8/site-packages/airflow/example_dags/example_complex.py took 0.040 seconds
[2025-05-04T23:00:33.828+0000] {processor.py:161} INFO - Started process (PID=350) to work on /home/airflow/.local/lib/python3.8/site-packages/airflow/example_dags/example_complex.py
[2025-05-04T23:00:33.829+0000] {processor.py:830} INFO - Processing file /home/airflow/.local/lib/python3.8/site-packages/airflow/example_dags/example_complex.py for tasks to queue
[2025-05-04T23:00:33.830+0000] {logging_mixin.py:188} INFO - [2025-05-04T23:00:33.830+0000] {dagbag.py:538} INFO - Filling up the DagBag from /home/airflow/.local/lib/python3.8/site-packages/airflow/example_dags/example_complex.py
[2025-05-04T23:00:33.835+0000] {processor.py:840} INFO - DAG(s) 'example_complex' retrieved from /home/airflow/.local/lib/python3.8/site-packages/airflow/example_dags/example_complex.py
[2025-05-04T23:00:33.851+0000] {logging_mixin.py:188} INFO - [2025-05-04T23:00:33.851+0000] {dag.py:3033} INFO - Sync 1 DAGs
[2025-05-04T23:00:33.857+0000] {logging_mixin.py:188} INFO - [2025-05-04T23:00:33.857+0000] {dag.py:3820} INFO - Setting next_dagrun for example_complex to None, run_after=None
[2025-05-04T23:00:33.873+0000] {processor.py:183} INFO - Processing /home/airflow/.local/lib/python3.8/site-packages/airflow/example_dags/example_complex.py took 0.047 seconds
[2025-05-04T23:01:04.478+0000] {processor.py:161} INFO - Started process (PID=406) to work on /home/airflow/.local/lib/python3.8/site-packages/airflow/example_dags/example_complex.py
[2025-05-04T23:01:04.480+0000] {processor.py:830} INFO - Processing file /home/airflow/.local/lib/python3.8/site-packages/airflow/example_dags/example_complex.py for tasks to queue
[2025-05-04T23:01:04.481+0000] {logging_mixin.py:188} INFO - [2025-05-04T23:01:04.480+0000] {dagbag.py:538} INFO - Filling up the DagBag from /home/airflow/.local/lib/python3.8/site-packages/airflow/example_dags/example_complex.py
[2025-05-04T23:01:04.485+0000] {processor.py:840} INFO - DAG(s) 'example_complex' retrieved from /home/airflow/.local/lib/python3.8/site-packages/airflow/example_dags/example_complex.py
[2025-05-04T23:01:04.499+0000] {logging_mixin.py:188} INFO - [2025-05-04T23:01:04.499+0000] {dag.py:3033} INFO - Sync 1 DAGs
[2025-05-04T23:01:04.504+0000] {logging_mixin.py:188} INFO - [2025-05-04T23:01:04.504+0000] {dag.py:3820} INFO - Setting next_dagrun for example_complex to None, run_after=None
[2025-05-04T23:01:04.513+0000] {processor.py:183} INFO - Processing /home/airflow/.local/lib/python3.8/site-packages/airflow/example_dags/example_complex.py took 0.036 seconds
[2025-05-04T23:01:35.069+0000] {processor.py:161} INFO - Started process (PID=462) to work on /home/airflow/.local/lib/python3.8/site-packages/airflow/example_dags/example_complex.py
[2025-05-04T23:01:35.069+0000] {processor.py:830} INFO - Processing file /home/airflow/.local/lib/python3.8/site-packages/airflow/example_dags/example_complex.py for tasks to queue
[2025-05-04T23:01:35.070+0000] {logging_mixin.py:188} INFO - [2025-05-04T23:01:35.070+0000] {dagbag.py:538} INFO - Filling up the DagBag from /home/airflow/.local/lib/python3.8/site-packages/airflow/example_dags/example_complex.py
[2025-05-04T23:01:35.075+0000] {processor.py:840} INFO - DAG(s) 'example_complex' retrieved from /home/airflow/.local/lib/python3.8/site-packages/airflow/example_dags/example_complex.py
[2025-05-04T23:01:35.086+0000] {logging_mixin.py:188} INFO - [2025-05-04T23:01:35.086+0000] {dag.py:3033} INFO - Sync 1 DAGs
[2025-05-04T23:01:35.091+0000] {logging_mixin.py:188} INFO - [2025-05-04T23:01:35.090+0000] {dag.py:3820} INFO - Setting next_dagrun for example_complex to None, run_after=None
[2025-05-04T23:01:35.097+0000] {processor.py:183} INFO - Processing /home/airflow/.local/lib/python3.8/site-packages/airflow/example_dags/example_complex.py took 0.030 seconds
[2025-05-04T23:02:05.585+0000] {processor.py:161} INFO - Started process (PID=518) to work on /home/airflow/.local/lib/python3.8/site-packages/airflow/example_dags/example_complex.py
[2025-05-04T23:02:05.585+0000] {processor.py:830} INFO - Processing file /home/airflow/.local/lib/python3.8/site-packages/airflow/example_dags/example_complex.py for tasks to queue
[2025-05-04T23:02:05.586+0000] {logging_mixin.py:188} INFO - [2025-05-04T23:02:05.586+0000] {dagbag.py:538} INFO - Filling up the DagBag from /home/airflow/.local/lib/python3.8/site-packages/airflow/example_dags/example_complex.py
[2025-05-04T23:02:05.591+0000] {processor.py:840} INFO - DAG(s) 'example_complex' retrieved from /home/airflow/.local/lib/python3.8/site-packages/airflow/example_dags/example_complex.py
[2025-05-04T23:02:05.605+0000] {logging_mixin.py:188} INFO - [2025-05-04T23:02:05.605+0000] {dag.py:3033} INFO - Sync 1 DAGs
[2025-05-04T23:02:05.612+0000] {logging_mixin.py:188} INFO - [2025-05-04T23:02:05.611+0000] {dag.py:3820} INFO - Setting next_dagrun for example_complex to None, run_after=None
[2025-05-04T23:02:05.619+0000] {processor.py:183} INFO - Processing /home/airflow/.local/lib/python3.8/site-packages/airflow/example_dags/example_complex.py took 0.036 seconds
[2025-05-04T23:02:36.159+0000] {processor.py:161} INFO - Started process (PID=574) to work on /home/airflow/.local/lib/python3.8/site-packages/airflow/example_dags/example_complex.py
[2025-05-04T23:02:36.160+0000] {processor.py:830} INFO - Processing file /home/airflow/.local/lib/python3.8/site-packages/airflow/example_dags/example_complex.py for tasks to queue
[2025-05-04T23:02:36.161+0000] {logging_mixin.py:188} INFO - [2025-05-04T23:02:36.161+0000] {dagbag.py:538} INFO - Filling up the DagBag from /home/airflow/.local/lib/python3.8/site-packages/airflow/example_dags/example_complex.py
[2025-05-04T23:02:36.165+0000] {processor.py:840} INFO - DAG(s) 'example_complex' retrieved from /home/airflow/.local/lib/python3.8/site-packages/airflow/example_dags/example_complex.py
[2025-05-04T23:02:36.181+0000] {logging_mixin.py:188} INFO - [2025-05-04T23:02:36.181+0000] {dag.py:3033} INFO - Sync 1 DAGs
[2025-05-04T23:02:36.186+0000] {logging_mixin.py:188} INFO - [2025-05-04T23:02:36.186+0000] {dag.py:3820} INFO - Setting next_dagrun for example_complex to None, run_after=None
[2025-05-04T23:02:36.196+0000] {processor.py:183} INFO - Processing /home/airflow/.local/lib/python3.8/site-packages/airflow/example_dags/example_complex.py took 0.038 seconds
[2025-05-04T23:03:06.969+0000] {processor.py:161} INFO - Started process (PID=630) to work on /home/airflow/.local/lib/python3.8/site-packages/airflow/example_dags/example_complex.py
[2025-05-04T23:03:06.969+0000] {processor.py:830} INFO - Processing file /home/airflow/.local/lib/python3.8/site-packages/airflow/example_dags/example_complex.py for tasks to queue
[2025-05-04T23:03:06.970+0000] {logging_mixin.py:188} INFO - [2025-05-04T23:03:06.970+0000] {dagbag.py:538} INFO - Filling up the DagBag from /home/airflow/.local/lib/python3.8/site-packages/airflow/example_dags/example_complex.py
[2025-05-04T23:03:06.975+0000] {processor.py:840} INFO - DAG(s) 'example_complex' retrieved from /home/airflow/.local/lib/python3.8/site-packages/airflow/example_dags/example_complex.py
[2025-05-04T23:03:06.991+0000] {logging_mixin.py:188} INFO - [2025-05-04T23:03:06.991+0000] {dag.py:3033} INFO - Sync 1 DAGs
[2025-05-04T23:03:06.996+0000] {logging_mixin.py:188} INFO - [2025-05-04T23:03:06.995+0000] {dag.py:3820} INFO - Setting next_dagrun for example_complex to None, run_after=None
[2025-05-04T23:03:07.006+0000] {processor.py:183} INFO - Processing /home/airflow/.local/lib/python3.8/site-packages/airflow/example_dags/example_complex.py took 0.039 seconds
[2025-05-04T23:03:37.552+0000] {processor.py:161} INFO - Started process (PID=686) to work on /home/airflow/.local/lib/python3.8/site-packages/airflow/example_dags/example_complex.py
[2025-05-04T23:03:37.553+0000] {processor.py:830} INFO - Processing file /home/airflow/.local/lib/python3.8/site-packages/airflow/example_dags/example_complex.py for tasks to queue
[2025-05-04T23:03:37.554+0000] {logging_mixin.py:188} INFO - [2025-05-04T23:03:37.553+0000] {dagbag.py:538} INFO - Filling up the DagBag from /home/airflow/.local/lib/python3.8/site-packages/airflow/example_dags/example_complex.py
[2025-05-04T23:03:37.558+0000] {processor.py:840} INFO - DAG(s) 'example_complex' retrieved from /home/airflow/.local/lib/python3.8/site-packages/airflow/example_dags/example_complex.py
[2025-05-04T23:03:37.573+0000] {logging_mixin.py:188} INFO - [2025-05-04T23:03:37.573+0000] {dag.py:3033} INFO - Sync 1 DAGs
[2025-05-04T23:03:37.580+0000] {logging_mixin.py:188} INFO - [2025-05-04T23:03:37.580+0000] {dag.py:3820} INFO - Setting next_dagrun for example_complex to None, run_after=None
[2025-05-04T23:03:37.588+0000] {processor.py:183} INFO - Processing /home/airflow/.local/lib/python3.8/site-packages/airflow/example_dags/example_complex.py took 0.037 seconds
[2025-05-04T23:04:28.666+0000] {processor.py:161} INFO - Started process (PID=69) to work on /home/airflow/.local/lib/python3.8/site-packages/airflow/example_dags/example_complex.py
[2025-05-04T23:04:28.667+0000] {processor.py:830} INFO - Processing file /home/airflow/.local/lib/python3.8/site-packages/airflow/example_dags/example_complex.py for tasks to queue
[2025-05-04T23:04:28.669+0000] {logging_mixin.py:188} INFO - [2025-05-04T23:04:28.668+0000] {dagbag.py:538} INFO - Filling up the DagBag from /home/airflow/.local/lib/python3.8/site-packages/airflow/example_dags/example_complex.py
[2025-05-04T23:04:28.678+0000] {processor.py:840} INFO - DAG(s) 'example_complex' retrieved from /home/airflow/.local/lib/python3.8/site-packages/airflow/example_dags/example_complex.py
[2025-05-04T23:04:28.686+0000] {logging_mixin.py:188} INFO - [2025-05-04T23:04:28.686+0000] {dag.py:3033} INFO - Sync 1 DAGs
[2025-05-04T23:04:28.694+0000] {logging_mixin.py:188} INFO - [2025-05-04T23:04:28.694+0000] {dag.py:3820} INFO - Setting next_dagrun for example_complex to None, run_after=None
[2025-05-04T23:04:28.708+0000] {processor.py:183} INFO - Processing /home/airflow/.local/lib/python3.8/site-packages/airflow/example_dags/example_complex.py took 0.044 seconds
[2025-05-04T23:04:58.900+0000] {processor.py:161} INFO - Started process (PID=125) to work on /home/airflow/.local/lib/python3.8/site-packages/airflow/example_dags/example_complex.py
[2025-05-04T23:04:58.901+0000] {processor.py:830} INFO - Processing file /home/airflow/.local/lib/python3.8/site-packages/airflow/example_dags/example_complex.py for tasks to queue
[2025-05-04T23:04:58.902+0000] {logging_mixin.py:188} INFO - [2025-05-04T23:04:58.902+0000] {dagbag.py:538} INFO - Filling up the DagBag from /home/airflow/.local/lib/python3.8/site-packages/airflow/example_dags/example_complex.py
[2025-05-04T23:04:58.907+0000] {processor.py:840} INFO - DAG(s) 'example_complex' retrieved from /home/airflow/.local/lib/python3.8/site-packages/airflow/example_dags/example_complex.py
[2025-05-04T23:04:58.956+0000] {logging_mixin.py:188} INFO - [2025-05-04T23:04:58.956+0000] {dag.py:3033} INFO - Sync 1 DAGs
[2025-05-04T23:04:58.961+0000] {logging_mixin.py:188} INFO - [2025-05-04T23:04:58.961+0000] {dag.py:3820} INFO - Setting next_dagrun for example_complex to None, run_after=None
[2025-05-04T23:04:58.972+0000] {processor.py:183} INFO - Processing /home/airflow/.local/lib/python3.8/site-packages/airflow/example_dags/example_complex.py took 0.073 seconds
[2025-05-04T23:05:29.964+0000] {processor.py:161} INFO - Started process (PID=181) to work on /home/airflow/.local/lib/python3.8/site-packages/airflow/example_dags/example_complex.py
[2025-05-04T23:05:29.965+0000] {processor.py:830} INFO - Processing file /home/airflow/.local/lib/python3.8/site-packages/airflow/example_dags/example_complex.py for tasks to queue
[2025-05-04T23:05:29.967+0000] {logging_mixin.py:188} INFO - [2025-05-04T23:05:29.967+0000] {dagbag.py:538} INFO - Filling up the DagBag from /home/airflow/.local/lib/python3.8/site-packages/airflow/example_dags/example_complex.py
[2025-05-04T23:05:29.976+0000] {processor.py:840} INFO - DAG(s) 'example_complex' retrieved from /home/airflow/.local/lib/python3.8/site-packages/airflow/example_dags/example_complex.py
[2025-05-04T23:05:29.999+0000] {logging_mixin.py:188} INFO - [2025-05-04T23:05:29.999+0000] {dag.py:3033} INFO - Sync 1 DAGs
[2025-05-04T23:05:30.007+0000] {logging_mixin.py:188} INFO - [2025-05-04T23:05:30.006+0000] {dag.py:3820} INFO - Setting next_dagrun for example_complex to None, run_after=None
[2025-05-04T23:05:30.020+0000] {processor.py:183} INFO - Processing /home/airflow/.local/lib/python3.8/site-packages/airflow/example_dags/example_complex.py took 0.059 seconds
[2025-05-04T23:06:31.457+0000] {processor.py:161} INFO - Started process (PID=64) to work on /home/airflow/.local/lib/python3.8/site-packages/airflow/example_dags/example_complex.py
[2025-05-04T23:06:31.458+0000] {processor.py:830} INFO - Processing file /home/airflow/.local/lib/python3.8/site-packages/airflow/example_dags/example_complex.py for tasks to queue
[2025-05-04T23:06:31.459+0000] {logging_mixin.py:188} INFO - [2025-05-04T23:06:31.459+0000] {dagbag.py:538} INFO - Filling up the DagBag from /home/airflow/.local/lib/python3.8/site-packages/airflow/example_dags/example_complex.py
[2025-05-04T23:06:31.465+0000] {processor.py:840} INFO - DAG(s) 'example_complex' retrieved from /home/airflow/.local/lib/python3.8/site-packages/airflow/example_dags/example_complex.py
[2025-05-04T23:06:31.476+0000] {logging_mixin.py:188} INFO - [2025-05-04T23:06:31.476+0000] {dag.py:3033} INFO - Sync 1 DAGs
[2025-05-04T23:06:31.484+0000] {logging_mixin.py:188} INFO - [2025-05-04T23:06:31.483+0000] {dag.py:3820} INFO - Setting next_dagrun for example_complex to None, run_after=None
[2025-05-04T23:06:31.494+0000] {processor.py:183} INFO - Processing /home/airflow/.local/lib/python3.8/site-packages/airflow/example_dags/example_complex.py took 0.038 seconds
[2025-05-04T23:07:01.733+0000] {processor.py:161} INFO - Started process (PID=120) to work on /home/airflow/.local/lib/python3.8/site-packages/airflow/example_dags/example_complex.py
[2025-05-04T23:07:01.736+0000] {processor.py:830} INFO - Processing file /home/airflow/.local/lib/python3.8/site-packages/airflow/example_dags/example_complex.py for tasks to queue
[2025-05-04T23:07:01.737+0000] {logging_mixin.py:188} INFO - [2025-05-04T23:07:01.737+0000] {dagbag.py:538} INFO - Filling up the DagBag from /home/airflow/.local/lib/python3.8/site-packages/airflow/example_dags/example_complex.py
[2025-05-04T23:07:01.741+0000] {processor.py:840} INFO - DAG(s) 'example_complex' retrieved from /home/airflow/.local/lib/python3.8/site-packages/airflow/example_dags/example_complex.py
[2025-05-04T23:07:01.788+0000] {logging_mixin.py:188} INFO - [2025-05-04T23:07:01.788+0000] {dag.py:3033} INFO - Sync 1 DAGs
[2025-05-04T23:07:01.793+0000] {logging_mixin.py:188} INFO - [2025-05-04T23:07:01.793+0000] {dag.py:3820} INFO - Setting next_dagrun for example_complex to None, run_after=None
[2025-05-04T23:07:01.805+0000] {processor.py:183} INFO - Processing /home/airflow/.local/lib/python3.8/site-packages/airflow/example_dags/example_complex.py took 0.073 seconds
[2025-05-04T23:07:32.774+0000] {processor.py:161} INFO - Started process (PID=182) to work on /home/airflow/.local/lib/python3.8/site-packages/airflow/example_dags/example_complex.py
[2025-05-04T23:07:32.776+0000] {processor.py:830} INFO - Processing file /home/airflow/.local/lib/python3.8/site-packages/airflow/example_dags/example_complex.py for tasks to queue
[2025-05-04T23:07:32.779+0000] {logging_mixin.py:188} INFO - [2025-05-04T23:07:32.778+0000] {dagbag.py:538} INFO - Filling up the DagBag from /home/airflow/.local/lib/python3.8/site-packages/airflow/example_dags/example_complex.py
[2025-05-04T23:07:32.784+0000] {processor.py:840} INFO - DAG(s) 'example_complex' retrieved from /home/airflow/.local/lib/python3.8/site-packages/airflow/example_dags/example_complex.py
[2025-05-04T23:07:32.804+0000] {logging_mixin.py:188} INFO - [2025-05-04T23:07:32.804+0000] {dag.py:3033} INFO - Sync 1 DAGs
[2025-05-04T23:07:32.811+0000] {logging_mixin.py:188} INFO - [2025-05-04T23:07:32.811+0000] {dag.py:3820} INFO - Setting next_dagrun for example_complex to None, run_after=None
[2025-05-04T23:07:32.819+0000] {processor.py:183} INFO - Processing /home/airflow/.local/lib/python3.8/site-packages/airflow/example_dags/example_complex.py took 0.047 seconds
[2025-05-04T23:08:03.314+0000] {processor.py:161} INFO - Started process (PID=238) to work on /home/airflow/.local/lib/python3.8/site-packages/airflow/example_dags/example_complex.py
[2025-05-04T23:08:03.315+0000] {processor.py:830} INFO - Processing file /home/airflow/.local/lib/python3.8/site-packages/airflow/example_dags/example_complex.py for tasks to queue
[2025-05-04T23:08:03.316+0000] {logging_mixin.py:188} INFO - [2025-05-04T23:08:03.316+0000] {dagbag.py:538} INFO - Filling up the DagBag from /home/airflow/.local/lib/python3.8/site-packages/airflow/example_dags/example_complex.py
[2025-05-04T23:08:03.321+0000] {processor.py:840} INFO - DAG(s) 'example_complex' retrieved from /home/airflow/.local/lib/python3.8/site-packages/airflow/example_dags/example_complex.py
[2025-05-04T23:08:03.334+0000] {logging_mixin.py:188} INFO - [2025-05-04T23:08:03.334+0000] {dag.py:3033} INFO - Sync 1 DAGs
[2025-05-04T23:08:03.339+0000] {logging_mixin.py:188} INFO - [2025-05-04T23:08:03.339+0000] {dag.py:3820} INFO - Setting next_dagrun for example_complex to None, run_after=None
[2025-05-04T23:08:03.348+0000] {processor.py:183} INFO - Processing /home/airflow/.local/lib/python3.8/site-packages/airflow/example_dags/example_complex.py took 0.035 seconds
[2025-05-04T23:08:33.899+0000] {processor.py:161} INFO - Started process (PID=294) to work on /home/airflow/.local/lib/python3.8/site-packages/airflow/example_dags/example_complex.py
[2025-05-04T23:08:33.900+0000] {processor.py:830} INFO - Processing file /home/airflow/.local/lib/python3.8/site-packages/airflow/example_dags/example_complex.py for tasks to queue
[2025-05-04T23:08:33.901+0000] {logging_mixin.py:188} INFO - [2025-05-04T23:08:33.901+0000] {dagbag.py:538} INFO - Filling up the DagBag from /home/airflow/.local/lib/python3.8/site-packages/airflow/example_dags/example_complex.py
[2025-05-04T23:08:33.906+0000] {processor.py:840} INFO - DAG(s) 'example_complex' retrieved from /home/airflow/.local/lib/python3.8/site-packages/airflow/example_dags/example_complex.py
[2025-05-04T23:08:33.918+0000] {logging_mixin.py:188} INFO - [2025-05-04T23:08:33.918+0000] {dag.py:3033} INFO - Sync 1 DAGs
[2025-05-04T23:08:33.923+0000] {logging_mixin.py:188} INFO - [2025-05-04T23:08:33.923+0000] {dag.py:3820} INFO - Setting next_dagrun for example_complex to None, run_after=None
[2025-05-04T23:08:33.930+0000] {processor.py:183} INFO - Processing /home/airflow/.local/lib/python3.8/site-packages/airflow/example_dags/example_complex.py took 0.032 seconds
[2025-05-04T23:09:04.666+0000] {processor.py:161} INFO - Started process (PID=349) to work on /home/airflow/.local/lib/python3.8/site-packages/airflow/example_dags/example_complex.py
[2025-05-04T23:09:04.667+0000] {processor.py:830} INFO - Processing file /home/airflow/.local/lib/python3.8/site-packages/airflow/example_dags/example_complex.py for tasks to queue
[2025-05-04T23:09:04.668+0000] {logging_mixin.py:188} INFO - [2025-05-04T23:09:04.668+0000] {dagbag.py:538} INFO - Filling up the DagBag from /home/airflow/.local/lib/python3.8/site-packages/airflow/example_dags/example_complex.py
[2025-05-04T23:09:04.674+0000] {processor.py:840} INFO - DAG(s) 'example_complex' retrieved from /home/airflow/.local/lib/python3.8/site-packages/airflow/example_dags/example_complex.py
[2025-05-04T23:09:04.689+0000] {logging_mixin.py:188} INFO - [2025-05-04T23:09:04.689+0000] {dag.py:3033} INFO - Sync 1 DAGs
[2025-05-04T23:09:04.695+0000] {logging_mixin.py:188} INFO - [2025-05-04T23:09:04.695+0000] {dag.py:3820} INFO - Setting next_dagrun for example_complex to None, run_after=None
[2025-05-04T23:09:04.707+0000] {processor.py:183} INFO - Processing /home/airflow/.local/lib/python3.8/site-packages/airflow/example_dags/example_complex.py took 0.042 seconds
[2025-05-04T23:09:34.747+0000] {processor.py:161} INFO - Started process (PID=405) to work on /home/airflow/.local/lib/python3.8/site-packages/airflow/example_dags/example_complex.py
[2025-05-04T23:09:34.747+0000] {processor.py:830} INFO - Processing file /home/airflow/.local/lib/python3.8/site-packages/airflow/example_dags/example_complex.py for tasks to queue
[2025-05-04T23:09:34.748+0000] {logging_mixin.py:188} INFO - [2025-05-04T23:09:34.748+0000] {dagbag.py:538} INFO - Filling up the DagBag from /home/airflow/.local/lib/python3.8/site-packages/airflow/example_dags/example_complex.py
[2025-05-04T23:09:34.754+0000] {processor.py:840} INFO - DAG(s) 'example_complex' retrieved from /home/airflow/.local/lib/python3.8/site-packages/airflow/example_dags/example_complex.py
[2025-05-04T23:09:34.772+0000] {logging_mixin.py:188} INFO - [2025-05-04T23:09:34.771+0000] {dag.py:3033} INFO - Sync 1 DAGs
[2025-05-04T23:09:34.779+0000] {logging_mixin.py:188} INFO - [2025-05-04T23:09:34.778+0000] {dag.py:3820} INFO - Setting next_dagrun for example_complex to None, run_after=None
[2025-05-04T23:09:34.791+0000] {processor.py:183} INFO - Processing /home/airflow/.local/lib/python3.8/site-packages/airflow/example_dags/example_complex.py took 0.046 seconds
[2025-05-04T23:10:05.525+0000] {processor.py:161} INFO - Started process (PID=461) to work on /home/airflow/.local/lib/python3.8/site-packages/airflow/example_dags/example_complex.py
[2025-05-04T23:10:05.526+0000] {processor.py:830} INFO - Processing file /home/airflow/.local/lib/python3.8/site-packages/airflow/example_dags/example_complex.py for tasks to queue
[2025-05-04T23:10:05.527+0000] {logging_mixin.py:188} INFO - [2025-05-04T23:10:05.527+0000] {dagbag.py:538} INFO - Filling up the DagBag from /home/airflow/.local/lib/python3.8/site-packages/airflow/example_dags/example_complex.py
[2025-05-04T23:10:05.536+0000] {processor.py:840} INFO - DAG(s) 'example_complex' retrieved from /home/airflow/.local/lib/python3.8/site-packages/airflow/example_dags/example_complex.py
[2025-05-04T23:10:05.560+0000] {logging_mixin.py:188} INFO - [2025-05-04T23:10:05.560+0000] {dag.py:3033} INFO - Sync 1 DAGs
[2025-05-04T23:10:05.566+0000] {logging_mixin.py:188} INFO - [2025-05-04T23:10:05.566+0000] {dag.py:3820} INFO - Setting next_dagrun for example_complex to None, run_after=None
[2025-05-04T23:10:05.578+0000] {processor.py:183} INFO - Processing /home/airflow/.local/lib/python3.8/site-packages/airflow/example_dags/example_complex.py took 0.055 seconds
[2025-05-04T23:10:36.202+0000] {processor.py:161} INFO - Started process (PID=517) to work on /home/airflow/.local/lib/python3.8/site-packages/airflow/example_dags/example_complex.py
[2025-05-04T23:10:36.203+0000] {processor.py:830} INFO - Processing file /home/airflow/.local/lib/python3.8/site-packages/airflow/example_dags/example_complex.py for tasks to queue
[2025-05-04T23:10:36.205+0000] {logging_mixin.py:188} INFO - [2025-05-04T23:10:36.205+0000] {dagbag.py:538} INFO - Filling up the DagBag from /home/airflow/.local/lib/python3.8/site-packages/airflow/example_dags/example_complex.py
[2025-05-04T23:10:36.212+0000] {processor.py:840} INFO - DAG(s) 'example_complex' retrieved from /home/airflow/.local/lib/python3.8/site-packages/airflow/example_dags/example_complex.py
[2025-05-04T23:10:36.228+0000] {logging_mixin.py:188} INFO - [2025-05-04T23:10:36.228+0000] {dag.py:3033} INFO - Sync 1 DAGs
[2025-05-04T23:10:36.233+0000] {logging_mixin.py:188} INFO - [2025-05-04T23:10:36.233+0000] {dag.py:3820} INFO - Setting next_dagrun for example_complex to None, run_after=None
[2025-05-04T23:10:36.241+0000] {processor.py:183} INFO - Processing /home/airflow/.local/lib/python3.8/site-packages/airflow/example_dags/example_complex.py took 0.041 seconds
[2025-05-04T23:11:06.921+0000] {processor.py:161} INFO - Started process (PID=573) to work on /home/airflow/.local/lib/python3.8/site-packages/airflow/example_dags/example_complex.py
[2025-05-04T23:11:06.922+0000] {processor.py:830} INFO - Processing file /home/airflow/.local/lib/python3.8/site-packages/airflow/example_dags/example_complex.py for tasks to queue
[2025-05-04T23:11:06.924+0000] {logging_mixin.py:188} INFO - [2025-05-04T23:11:06.923+0000] {dagbag.py:538} INFO - Filling up the DagBag from /home/airflow/.local/lib/python3.8/site-packages/airflow/example_dags/example_complex.py
[2025-05-04T23:11:06.928+0000] {processor.py:840} INFO - DAG(s) 'example_complex' retrieved from /home/airflow/.local/lib/python3.8/site-packages/airflow/example_dags/example_complex.py
[2025-05-04T23:11:06.942+0000] {logging_mixin.py:188} INFO - [2025-05-04T23:11:06.942+0000] {dag.py:3033} INFO - Sync 1 DAGs
[2025-05-04T23:11:06.947+0000] {logging_mixin.py:188} INFO - [2025-05-04T23:11:06.947+0000] {dag.py:3820} INFO - Setting next_dagrun for example_complex to None, run_after=None
[2025-05-04T23:11:06.953+0000] {processor.py:183} INFO - Processing /home/airflow/.local/lib/python3.8/site-packages/airflow/example_dags/example_complex.py took 0.035 seconds
[2025-05-04T23:11:37.569+0000] {processor.py:161} INFO - Started process (PID=629) to work on /home/airflow/.local/lib/python3.8/site-packages/airflow/example_dags/example_complex.py
[2025-05-04T23:11:37.569+0000] {processor.py:830} INFO - Processing file /home/airflow/.local/lib/python3.8/site-packages/airflow/example_dags/example_complex.py for tasks to queue
[2025-05-04T23:11:37.570+0000] {logging_mixin.py:188} INFO - [2025-05-04T23:11:37.570+0000] {dagbag.py:538} INFO - Filling up the DagBag from /home/airflow/.local/lib/python3.8/site-packages/airflow/example_dags/example_complex.py
[2025-05-04T23:11:37.575+0000] {processor.py:840} INFO - DAG(s) 'example_complex' retrieved from /home/airflow/.local/lib/python3.8/site-packages/airflow/example_dags/example_complex.py
[2025-05-04T23:11:37.591+0000] {logging_mixin.py:188} INFO - [2025-05-04T23:11:37.591+0000] {dag.py:3033} INFO - Sync 1 DAGs
[2025-05-04T23:11:37.596+0000] {logging_mixin.py:188} INFO - [2025-05-04T23:11:37.596+0000] {dag.py:3820} INFO - Setting next_dagrun for example_complex to None, run_after=None
[2025-05-04T23:11:37.605+0000] {processor.py:183} INFO - Processing /home/airflow/.local/lib/python3.8/site-packages/airflow/example_dags/example_complex.py took 0.037 seconds
[2025-05-04T23:12:08.164+0000] {processor.py:161} INFO - Started process (PID=685) to work on /home/airflow/.local/lib/python3.8/site-packages/airflow/example_dags/example_complex.py
[2025-05-04T23:12:08.164+0000] {processor.py:830} INFO - Processing file /home/airflow/.local/lib/python3.8/site-packages/airflow/example_dags/example_complex.py for tasks to queue
[2025-05-04T23:12:08.166+0000] {logging_mixin.py:188} INFO - [2025-05-04T23:12:08.166+0000] {dagbag.py:538} INFO - Filling up the DagBag from /home/airflow/.local/lib/python3.8/site-packages/airflow/example_dags/example_complex.py
[2025-05-04T23:12:08.173+0000] {processor.py:840} INFO - DAG(s) 'example_complex' retrieved from /home/airflow/.local/lib/python3.8/site-packages/airflow/example_dags/example_complex.py
[2025-05-04T23:12:08.193+0000] {logging_mixin.py:188} INFO - [2025-05-04T23:12:08.193+0000] {dag.py:3033} INFO - Sync 1 DAGs
[2025-05-04T23:12:08.200+0000] {logging_mixin.py:188} INFO - [2025-05-04T23:12:08.200+0000] {dag.py:3820} INFO - Setting next_dagrun for example_complex to None, run_after=None
[2025-05-04T23:12:08.210+0000] {processor.py:183} INFO - Processing /home/airflow/.local/lib/python3.8/site-packages/airflow/example_dags/example_complex.py took 0.049 seconds
[2025-05-04T23:12:38.857+0000] {processor.py:161} INFO - Started process (PID=741) to work on /home/airflow/.local/lib/python3.8/site-packages/airflow/example_dags/example_complex.py
[2025-05-04T23:12:38.858+0000] {processor.py:830} INFO - Processing file /home/airflow/.local/lib/python3.8/site-packages/airflow/example_dags/example_complex.py for tasks to queue
[2025-05-04T23:12:38.859+0000] {logging_mixin.py:188} INFO - [2025-05-04T23:12:38.859+0000] {dagbag.py:538} INFO - Filling up the DagBag from /home/airflow/.local/lib/python3.8/site-packages/airflow/example_dags/example_complex.py
[2025-05-04T23:12:38.864+0000] {processor.py:840} INFO - DAG(s) 'example_complex' retrieved from /home/airflow/.local/lib/python3.8/site-packages/airflow/example_dags/example_complex.py
[2025-05-04T23:12:38.881+0000] {logging_mixin.py:188} INFO - [2025-05-04T23:12:38.881+0000] {dag.py:3033} INFO - Sync 1 DAGs
[2025-05-04T23:12:38.889+0000] {logging_mixin.py:188} INFO - [2025-05-04T23:12:38.889+0000] {dag.py:3820} INFO - Setting next_dagrun for example_complex to None, run_after=None
[2025-05-04T23:12:38.901+0000] {processor.py:183} INFO - Processing /home/airflow/.local/lib/python3.8/site-packages/airflow/example_dags/example_complex.py took 0.046 seconds
[2025-05-04T23:13:09.497+0000] {processor.py:161} INFO - Started process (PID=797) to work on /home/airflow/.local/lib/python3.8/site-packages/airflow/example_dags/example_complex.py
[2025-05-04T23:13:09.498+0000] {processor.py:830} INFO - Processing file /home/airflow/.local/lib/python3.8/site-packages/airflow/example_dags/example_complex.py for tasks to queue
[2025-05-04T23:13:09.500+0000] {logging_mixin.py:188} INFO - [2025-05-04T23:13:09.500+0000] {dagbag.py:538} INFO - Filling up the DagBag from /home/airflow/.local/lib/python3.8/site-packages/airflow/example_dags/example_complex.py
[2025-05-04T23:13:09.505+0000] {processor.py:840} INFO - DAG(s) 'example_complex' retrieved from /home/airflow/.local/lib/python3.8/site-packages/airflow/example_dags/example_complex.py
[2025-05-04T23:13:09.522+0000] {logging_mixin.py:188} INFO - [2025-05-04T23:13:09.522+0000] {dag.py:3033} INFO - Sync 1 DAGs
[2025-05-04T23:13:09.530+0000] {logging_mixin.py:188} INFO - [2025-05-04T23:13:09.530+0000] {dag.py:3820} INFO - Setting next_dagrun for example_complex to None, run_after=None
[2025-05-04T23:13:09.538+0000] {processor.py:183} INFO - Processing /home/airflow/.local/lib/python3.8/site-packages/airflow/example_dags/example_complex.py took 0.043 seconds
[2025-05-04T23:13:40.164+0000] {processor.py:161} INFO - Started process (PID=853) to work on /home/airflow/.local/lib/python3.8/site-packages/airflow/example_dags/example_complex.py
[2025-05-04T23:13:40.165+0000] {processor.py:830} INFO - Processing file /home/airflow/.local/lib/python3.8/site-packages/airflow/example_dags/example_complex.py for tasks to queue
[2025-05-04T23:13:40.165+0000] {logging_mixin.py:188} INFO - [2025-05-04T23:13:40.165+0000] {dagbag.py:538} INFO - Filling up the DagBag from /home/airflow/.local/lib/python3.8/site-packages/airflow/example_dags/example_complex.py
[2025-05-04T23:13:40.170+0000] {processor.py:840} INFO - DAG(s) 'example_complex' retrieved from /home/airflow/.local/lib/python3.8/site-packages/airflow/example_dags/example_complex.py
[2025-05-04T23:13:40.181+0000] {logging_mixin.py:188} INFO - [2025-05-04T23:13:40.181+0000] {dag.py:3033} INFO - Sync 1 DAGs
[2025-05-04T23:13:40.186+0000] {logging_mixin.py:188} INFO - [2025-05-04T23:13:40.186+0000] {dag.py:3820} INFO - Setting next_dagrun for example_complex to None, run_after=None
[2025-05-04T23:13:40.192+0000] {processor.py:183} INFO - Processing /home/airflow/.local/lib/python3.8/site-packages/airflow/example_dags/example_complex.py took 0.030 seconds
[2025-05-04T23:14:10.825+0000] {processor.py:161} INFO - Started process (PID=909) to work on /home/airflow/.local/lib/python3.8/site-packages/airflow/example_dags/example_complex.py
[2025-05-04T23:14:10.826+0000] {processor.py:830} INFO - Processing file /home/airflow/.local/lib/python3.8/site-packages/airflow/example_dags/example_complex.py for tasks to queue
[2025-05-04T23:14:10.827+0000] {logging_mixin.py:188} INFO - [2025-05-04T23:14:10.827+0000] {dagbag.py:538} INFO - Filling up the DagBag from /home/airflow/.local/lib/python3.8/site-packages/airflow/example_dags/example_complex.py
[2025-05-04T23:14:10.833+0000] {processor.py:840} INFO - DAG(s) 'example_complex' retrieved from /home/airflow/.local/lib/python3.8/site-packages/airflow/example_dags/example_complex.py
[2025-05-04T23:14:10.851+0000] {logging_mixin.py:188} INFO - [2025-05-04T23:14:10.851+0000] {dag.py:3033} INFO - Sync 1 DAGs
[2025-05-04T23:14:10.858+0000] {logging_mixin.py:188} INFO - [2025-05-04T23:14:10.857+0000] {dag.py:3820} INFO - Setting next_dagrun for example_complex to None, run_after=None
[2025-05-04T23:14:10.866+0000] {processor.py:183} INFO - Processing /home/airflow/.local/lib/python3.8/site-packages/airflow/example_dags/example_complex.py took 0.043 seconds
[2025-05-04T23:14:41.804+0000] {processor.py:161} INFO - Started process (PID=965) to work on /home/airflow/.local/lib/python3.8/site-packages/airflow/example_dags/example_complex.py
[2025-05-04T23:14:41.805+0000] {processor.py:830} INFO - Processing file /home/airflow/.local/lib/python3.8/site-packages/airflow/example_dags/example_complex.py for tasks to queue
[2025-05-04T23:14:41.806+0000] {logging_mixin.py:188} INFO - [2025-05-04T23:14:41.806+0000] {dagbag.py:538} INFO - Filling up the DagBag from /home/airflow/.local/lib/python3.8/site-packages/airflow/example_dags/example_complex.py
[2025-05-04T23:14:41.811+0000] {processor.py:840} INFO - DAG(s) 'example_complex' retrieved from /home/airflow/.local/lib/python3.8/site-packages/airflow/example_dags/example_complex.py
[2025-05-04T23:14:41.834+0000] {logging_mixin.py:188} INFO - [2025-05-04T23:14:41.834+0000] {dag.py:3033} INFO - Sync 1 DAGs
[2025-05-04T23:14:41.840+0000] {logging_mixin.py:188} INFO - [2025-05-04T23:14:41.839+0000] {dag.py:3820} INFO - Setting next_dagrun for example_complex to None, run_after=None
[2025-05-04T23:14:41.849+0000] {processor.py:183} INFO - Processing /home/airflow/.local/lib/python3.8/site-packages/airflow/example_dags/example_complex.py took 0.047 seconds
[2025-05-04T23:15:11.979+0000] {processor.py:161} INFO - Started process (PID=1021) to work on /home/airflow/.local/lib/python3.8/site-packages/airflow/example_dags/example_complex.py
[2025-05-04T23:15:11.980+0000] {processor.py:830} INFO - Processing file /home/airflow/.local/lib/python3.8/site-packages/airflow/example_dags/example_complex.py for tasks to queue
[2025-05-04T23:15:11.980+0000] {logging_mixin.py:188} INFO - [2025-05-04T23:15:11.980+0000] {dagbag.py:538} INFO - Filling up the DagBag from /home/airflow/.local/lib/python3.8/site-packages/airflow/example_dags/example_complex.py
[2025-05-04T23:15:11.985+0000] {processor.py:840} INFO - DAG(s) 'example_complex' retrieved from /home/airflow/.local/lib/python3.8/site-packages/airflow/example_dags/example_complex.py
[2025-05-04T23:15:11.997+0000] {logging_mixin.py:188} INFO - [2025-05-04T23:15:11.997+0000] {dag.py:3033} INFO - Sync 1 DAGs
[2025-05-04T23:15:12.002+0000] {logging_mixin.py:188} INFO - [2025-05-04T23:15:12.002+0000] {dag.py:3820} INFO - Setting next_dagrun for example_complex to None, run_after=None
[2025-05-04T23:15:12.008+0000] {processor.py:183} INFO - Processing /home/airflow/.local/lib/python3.8/site-packages/airflow/example_dags/example_complex.py took 0.031 seconds
[2025-05-04T23:15:42.508+0000] {processor.py:161} INFO - Started process (PID=1077) to work on /home/airflow/.local/lib/python3.8/site-packages/airflow/example_dags/example_complex.py
[2025-05-04T23:15:42.508+0000] {processor.py:830} INFO - Processing file /home/airflow/.local/lib/python3.8/site-packages/airflow/example_dags/example_complex.py for tasks to queue
[2025-05-04T23:15:42.509+0000] {logging_mixin.py:188} INFO - [2025-05-04T23:15:42.509+0000] {dagbag.py:538} INFO - Filling up the DagBag from /home/airflow/.local/lib/python3.8/site-packages/airflow/example_dags/example_complex.py
[2025-05-04T23:15:42.513+0000] {processor.py:840} INFO - DAG(s) 'example_complex' retrieved from /home/airflow/.local/lib/python3.8/site-packages/airflow/example_dags/example_complex.py
[2025-05-04T23:15:42.531+0000] {logging_mixin.py:188} INFO - [2025-05-04T23:15:42.531+0000] {dag.py:3033} INFO - Sync 1 DAGs
[2025-05-04T23:15:42.538+0000] {logging_mixin.py:188} INFO - [2025-05-04T23:15:42.538+0000] {dag.py:3820} INFO - Setting next_dagrun for example_complex to None, run_after=None
[2025-05-04T23:15:42.545+0000] {processor.py:183} INFO - Processing /home/airflow/.local/lib/python3.8/site-packages/airflow/example_dags/example_complex.py took 0.039 seconds
[2025-05-04T23:18:31.697+0000] {processor.py:161} INFO - Started process (PID=64) to work on /home/airflow/.local/lib/python3.8/site-packages/airflow/example_dags/example_complex.py
[2025-05-04T23:18:31.698+0000] {processor.py:830} INFO - Processing file /home/airflow/.local/lib/python3.8/site-packages/airflow/example_dags/example_complex.py for tasks to queue
[2025-05-04T23:18:31.700+0000] {logging_mixin.py:188} INFO - [2025-05-04T23:18:31.699+0000] {dagbag.py:538} INFO - Filling up the DagBag from /home/airflow/.local/lib/python3.8/site-packages/airflow/example_dags/example_complex.py
[2025-05-04T23:18:31.710+0000] {processor.py:840} INFO - DAG(s) 'example_complex' retrieved from /home/airflow/.local/lib/python3.8/site-packages/airflow/example_dags/example_complex.py
[2025-05-04T23:18:31.727+0000] {logging_mixin.py:188} INFO - [2025-05-04T23:18:31.727+0000] {dag.py:3033} INFO - Sync 1 DAGs
[2025-05-04T23:18:31.739+0000] {logging_mixin.py:188} INFO - [2025-05-04T23:18:31.739+0000] {dag.py:3820} INFO - Setting next_dagrun for example_complex to None, run_after=None
[2025-05-04T23:18:31.773+0000] {processor.py:183} INFO - Processing /home/airflow/.local/lib/python3.8/site-packages/airflow/example_dags/example_complex.py took 0.078 seconds
[2025-05-04T23:19:01.952+0000] {processor.py:161} INFO - Started process (PID=120) to work on /home/airflow/.local/lib/python3.8/site-packages/airflow/example_dags/example_complex.py
[2025-05-04T23:19:01.952+0000] {processor.py:830} INFO - Processing file /home/airflow/.local/lib/python3.8/site-packages/airflow/example_dags/example_complex.py for tasks to queue
[2025-05-04T23:19:01.953+0000] {logging_mixin.py:188} INFO - [2025-05-04T23:19:01.953+0000] {dagbag.py:538} INFO - Filling up the DagBag from /home/airflow/.local/lib/python3.8/site-packages/airflow/example_dags/example_complex.py
[2025-05-04T23:19:01.958+0000] {processor.py:840} INFO - DAG(s) 'example_complex' retrieved from /home/airflow/.local/lib/python3.8/site-packages/airflow/example_dags/example_complex.py
[2025-05-04T23:19:02.015+0000] {logging_mixin.py:188} INFO - [2025-05-04T23:19:02.015+0000] {dag.py:3033} INFO - Sync 1 DAGs
[2025-05-04T23:19:02.020+0000] {logging_mixin.py:188} INFO - [2025-05-04T23:19:02.020+0000] {dag.py:3820} INFO - Setting next_dagrun for example_complex to None, run_after=None
[2025-05-04T23:19:02.028+0000] {processor.py:183} INFO - Processing /home/airflow/.local/lib/python3.8/site-packages/airflow/example_dags/example_complex.py took 0.078 seconds
[2025-05-04T23:19:32.259+0000] {processor.py:161} INFO - Started process (PID=176) to work on /home/airflow/.local/lib/python3.8/site-packages/airflow/example_dags/example_complex.py
[2025-05-04T23:19:32.261+0000] {processor.py:830} INFO - Processing file /home/airflow/.local/lib/python3.8/site-packages/airflow/example_dags/example_complex.py for tasks to queue
[2025-05-04T23:19:32.262+0000] {logging_mixin.py:188} INFO - [2025-05-04T23:19:32.262+0000] {dagbag.py:538} INFO - Filling up the DagBag from /home/airflow/.local/lib/python3.8/site-packages/airflow/example_dags/example_complex.py
[2025-05-04T23:19:32.267+0000] {processor.py:840} INFO - DAG(s) 'example_complex' retrieved from /home/airflow/.local/lib/python3.8/site-packages/airflow/example_dags/example_complex.py
[2025-05-04T23:19:32.280+0000] {logging_mixin.py:188} INFO - [2025-05-04T23:19:32.280+0000] {dag.py:3033} INFO - Sync 1 DAGs
[2025-05-04T23:19:32.285+0000] {logging_mixin.py:188} INFO - [2025-05-04T23:19:32.285+0000] {dag.py:3820} INFO - Setting next_dagrun for example_complex to None, run_after=None
[2025-05-04T23:19:32.297+0000] {processor.py:183} INFO - Processing /home/airflow/.local/lib/python3.8/site-packages/airflow/example_dags/example_complex.py took 0.041 seconds
[2025-05-04T23:20:02.899+0000] {processor.py:161} INFO - Started process (PID=232) to work on /home/airflow/.local/lib/python3.8/site-packages/airflow/example_dags/example_complex.py
[2025-05-04T23:20:02.900+0000] {processor.py:830} INFO - Processing file /home/airflow/.local/lib/python3.8/site-packages/airflow/example_dags/example_complex.py for tasks to queue
[2025-05-04T23:20:02.901+0000] {logging_mixin.py:188} INFO - [2025-05-04T23:20:02.901+0000] {dagbag.py:538} INFO - Filling up the DagBag from /home/airflow/.local/lib/python3.8/site-packages/airflow/example_dags/example_complex.py
[2025-05-04T23:20:02.906+0000] {processor.py:840} INFO - DAG(s) 'example_complex' retrieved from /home/airflow/.local/lib/python3.8/site-packages/airflow/example_dags/example_complex.py
[2025-05-04T23:20:02.924+0000] {logging_mixin.py:188} INFO - [2025-05-04T23:20:02.924+0000] {dag.py:3033} INFO - Sync 1 DAGs
[2025-05-04T23:20:02.929+0000] {logging_mixin.py:188} INFO - [2025-05-04T23:20:02.929+0000] {dag.py:3820} INFO - Setting next_dagrun for example_complex to None, run_after=None
[2025-05-04T23:20:02.942+0000] {processor.py:183} INFO - Processing /home/airflow/.local/lib/python3.8/site-packages/airflow/example_dags/example_complex.py took 0.044 seconds
[2025-05-04T23:20:33.745+0000] {processor.py:161} INFO - Started process (PID=287) to work on /home/airflow/.local/lib/python3.8/site-packages/airflow/example_dags/example_complex.py
[2025-05-04T23:20:33.748+0000] {processor.py:830} INFO - Processing file /home/airflow/.local/lib/python3.8/site-packages/airflow/example_dags/example_complex.py for tasks to queue
[2025-05-04T23:20:33.749+0000] {logging_mixin.py:188} INFO - [2025-05-04T23:20:33.749+0000] {dagbag.py:538} INFO - Filling up the DagBag from /home/airflow/.local/lib/python3.8/site-packages/airflow/example_dags/example_complex.py
[2025-05-04T23:20:33.756+0000] {processor.py:840} INFO - DAG(s) 'example_complex' retrieved from /home/airflow/.local/lib/python3.8/site-packages/airflow/example_dags/example_complex.py
[2025-05-04T23:20:33.775+0000] {logging_mixin.py:188} INFO - [2025-05-04T23:20:33.775+0000] {dag.py:3033} INFO - Sync 1 DAGs
[2025-05-04T23:20:33.781+0000] {logging_mixin.py:188} INFO - [2025-05-04T23:20:33.780+0000] {dag.py:3820} INFO - Setting next_dagrun for example_complex to None, run_after=None
[2025-05-04T23:20:33.792+0000] {processor.py:183} INFO - Processing /home/airflow/.local/lib/python3.8/site-packages/airflow/example_dags/example_complex.py took 0.049 seconds
[2025-05-04T23:21:03.909+0000] {processor.py:161} INFO - Started process (PID=343) to work on /home/airflow/.local/lib/python3.8/site-packages/airflow/example_dags/example_complex.py
[2025-05-04T23:21:03.910+0000] {processor.py:830} INFO - Processing file /home/airflow/.local/lib/python3.8/site-packages/airflow/example_dags/example_complex.py for tasks to queue
[2025-05-04T23:21:03.912+0000] {logging_mixin.py:188} INFO - [2025-05-04T23:21:03.911+0000] {dagbag.py:538} INFO - Filling up the DagBag from /home/airflow/.local/lib/python3.8/site-packages/airflow/example_dags/example_complex.py
[2025-05-04T23:21:03.916+0000] {processor.py:840} INFO - DAG(s) 'example_complex' retrieved from /home/airflow/.local/lib/python3.8/site-packages/airflow/example_dags/example_complex.py
[2025-05-04T23:21:03.928+0000] {logging_mixin.py:188} INFO - [2025-05-04T23:21:03.928+0000] {dag.py:3033} INFO - Sync 1 DAGs
[2025-05-04T23:21:03.934+0000] {logging_mixin.py:188} INFO - [2025-05-04T23:21:03.934+0000] {dag.py:3820} INFO - Setting next_dagrun for example_complex to None, run_after=None
[2025-05-04T23:21:03.945+0000] {processor.py:183} INFO - Processing /home/airflow/.local/lib/python3.8/site-packages/airflow/example_dags/example_complex.py took 0.038 seconds
[2025-05-04T23:21:34.554+0000] {processor.py:161} INFO - Started process (PID=399) to work on /home/airflow/.local/lib/python3.8/site-packages/airflow/example_dags/example_complex.py
[2025-05-04T23:21:34.555+0000] {processor.py:830} INFO - Processing file /home/airflow/.local/lib/python3.8/site-packages/airflow/example_dags/example_complex.py for tasks to queue
[2025-05-04T23:21:34.556+0000] {logging_mixin.py:188} INFO - [2025-05-04T23:21:34.556+0000] {dagbag.py:538} INFO - Filling up the DagBag from /home/airflow/.local/lib/python3.8/site-packages/airflow/example_dags/example_complex.py
[2025-05-04T23:21:34.560+0000] {processor.py:840} INFO - DAG(s) 'example_complex' retrieved from /home/airflow/.local/lib/python3.8/site-packages/airflow/example_dags/example_complex.py
[2025-05-04T23:21:34.579+0000] {logging_mixin.py:188} INFO - [2025-05-04T23:21:34.579+0000] {dag.py:3033} INFO - Sync 1 DAGs
[2025-05-04T23:21:34.585+0000] {logging_mixin.py:188} INFO - [2025-05-04T23:21:34.585+0000] {dag.py:3820} INFO - Setting next_dagrun for example_complex to None, run_after=None
[2025-05-04T23:21:34.596+0000] {processor.py:183} INFO - Processing /home/airflow/.local/lib/python3.8/site-packages/airflow/example_dags/example_complex.py took 0.044 seconds
[2025-05-04T23:22:05.227+0000] {processor.py:161} INFO - Started process (PID=455) to work on /home/airflow/.local/lib/python3.8/site-packages/airflow/example_dags/example_complex.py
[2025-05-04T23:22:05.228+0000] {processor.py:830} INFO - Processing file /home/airflow/.local/lib/python3.8/site-packages/airflow/example_dags/example_complex.py for tasks to queue
[2025-05-04T23:22:05.230+0000] {logging_mixin.py:188} INFO - [2025-05-04T23:22:05.230+0000] {dagbag.py:538} INFO - Filling up the DagBag from /home/airflow/.local/lib/python3.8/site-packages/airflow/example_dags/example_complex.py
[2025-05-04T23:22:05.237+0000] {processor.py:840} INFO - DAG(s) 'example_complex' retrieved from /home/airflow/.local/lib/python3.8/site-packages/airflow/example_dags/example_complex.py
[2025-05-04T23:22:05.253+0000] {logging_mixin.py:188} INFO - [2025-05-04T23:22:05.253+0000] {dag.py:3033} INFO - Sync 1 DAGs
[2025-05-04T23:22:05.258+0000] {logging_mixin.py:188} INFO - [2025-05-04T23:22:05.258+0000] {dag.py:3820} INFO - Setting next_dagrun for example_complex to None, run_after=None
[2025-05-04T23:22:05.266+0000] {processor.py:183} INFO - Processing /home/airflow/.local/lib/python3.8/site-packages/airflow/example_dags/example_complex.py took 0.040 seconds
[2025-05-04T23:22:35.793+0000] {processor.py:161} INFO - Started process (PID=511) to work on /home/airflow/.local/lib/python3.8/site-packages/airflow/example_dags/example_complex.py
[2025-05-04T23:22:35.794+0000] {processor.py:830} INFO - Processing file /home/airflow/.local/lib/python3.8/site-packages/airflow/example_dags/example_complex.py for tasks to queue
[2025-05-04T23:22:35.795+0000] {logging_mixin.py:188} INFO - [2025-05-04T23:22:35.795+0000] {dagbag.py:538} INFO - Filling up the DagBag from /home/airflow/.local/lib/python3.8/site-packages/airflow/example_dags/example_complex.py
[2025-05-04T23:22:35.800+0000] {processor.py:840} INFO - DAG(s) 'example_complex' retrieved from /home/airflow/.local/lib/python3.8/site-packages/airflow/example_dags/example_complex.py
[2025-05-04T23:22:35.818+0000] {logging_mixin.py:188} INFO - [2025-05-04T23:22:35.817+0000] {dag.py:3033} INFO - Sync 1 DAGs
[2025-05-04T23:22:35.827+0000] {logging_mixin.py:188} INFO - [2025-05-04T23:22:35.827+0000] {dag.py:3820} INFO - Setting next_dagrun for example_complex to None, run_after=None
[2025-05-04T23:22:35.840+0000] {processor.py:183} INFO - Processing /home/airflow/.local/lib/python3.8/site-packages/airflow/example_dags/example_complex.py took 0.048 seconds
[2025-05-04T23:23:06.355+0000] {processor.py:161} INFO - Started process (PID=567) to work on /home/airflow/.local/lib/python3.8/site-packages/airflow/example_dags/example_complex.py
[2025-05-04T23:23:06.356+0000] {processor.py:830} INFO - Processing file /home/airflow/.local/lib/python3.8/site-packages/airflow/example_dags/example_complex.py for tasks to queue
[2025-05-04T23:23:06.357+0000] {logging_mixin.py:188} INFO - [2025-05-04T23:23:06.357+0000] {dagbag.py:538} INFO - Filling up the DagBag from /home/airflow/.local/lib/python3.8/site-packages/airflow/example_dags/example_complex.py
[2025-05-04T23:23:06.362+0000] {processor.py:840} INFO - DAG(s) 'example_complex' retrieved from /home/airflow/.local/lib/python3.8/site-packages/airflow/example_dags/example_complex.py
[2025-05-04T23:23:06.380+0000] {logging_mixin.py:188} INFO - [2025-05-04T23:23:06.379+0000] {dag.py:3033} INFO - Sync 1 DAGs
[2025-05-04T23:23:06.385+0000] {logging_mixin.py:188} INFO - [2025-05-04T23:23:06.385+0000] {dag.py:3820} INFO - Setting next_dagrun for example_complex to None, run_after=None
[2025-05-04T23:23:06.396+0000] {processor.py:183} INFO - Processing /home/airflow/.local/lib/python3.8/site-packages/airflow/example_dags/example_complex.py took 0.042 seconds
[2025-05-04T23:24:31.008+0000] {processor.py:161} INFO - Started process (PID=64) to work on /home/airflow/.local/lib/python3.8/site-packages/airflow/example_dags/example_complex.py
[2025-05-04T23:24:31.010+0000] {processor.py:830} INFO - Processing file /home/airflow/.local/lib/python3.8/site-packages/airflow/example_dags/example_complex.py for tasks to queue
[2025-05-04T23:24:31.011+0000] {logging_mixin.py:188} INFO - [2025-05-04T23:24:31.011+0000] {dagbag.py:538} INFO - Filling up the DagBag from /home/airflow/.local/lib/python3.8/site-packages/airflow/example_dags/example_complex.py
[2025-05-04T23:24:31.018+0000] {processor.py:840} INFO - DAG(s) 'example_complex' retrieved from /home/airflow/.local/lib/python3.8/site-packages/airflow/example_dags/example_complex.py
[2025-05-04T23:24:31.027+0000] {logging_mixin.py:188} INFO - [2025-05-04T23:24:31.027+0000] {dag.py:3033} INFO - Sync 1 DAGs
[2025-05-04T23:24:31.034+0000] {logging_mixin.py:188} INFO - [2025-05-04T23:24:31.034+0000] {dag.py:3820} INFO - Setting next_dagrun for example_complex to None, run_after=None
[2025-05-04T23:24:31.048+0000] {processor.py:183} INFO - Processing /home/airflow/.local/lib/python3.8/site-packages/airflow/example_dags/example_complex.py took 0.042 seconds
[2025-05-04T23:25:01.430+0000] {processor.py:161} INFO - Started process (PID=120) to work on /home/airflow/.local/lib/python3.8/site-packages/airflow/example_dags/example_complex.py
[2025-05-04T23:25:01.431+0000] {processor.py:830} INFO - Processing file /home/airflow/.local/lib/python3.8/site-packages/airflow/example_dags/example_complex.py for tasks to queue
[2025-05-04T23:25:01.432+0000] {logging_mixin.py:188} INFO - [2025-05-04T23:25:01.432+0000] {dagbag.py:538} INFO - Filling up the DagBag from /home/airflow/.local/lib/python3.8/site-packages/airflow/example_dags/example_complex.py
[2025-05-04T23:25:01.437+0000] {processor.py:840} INFO - DAG(s) 'example_complex' retrieved from /home/airflow/.local/lib/python3.8/site-packages/airflow/example_dags/example_complex.py
[2025-05-04T23:25:01.480+0000] {logging_mixin.py:188} INFO - [2025-05-04T23:25:01.480+0000] {dag.py:3033} INFO - Sync 1 DAGs
[2025-05-04T23:25:01.485+0000] {logging_mixin.py:188} INFO - [2025-05-04T23:25:01.485+0000] {dag.py:3820} INFO - Setting next_dagrun for example_complex to None, run_after=None
[2025-05-04T23:25:01.492+0000] {processor.py:183} INFO - Processing /home/airflow/.local/lib/python3.8/site-packages/airflow/example_dags/example_complex.py took 0.063 seconds
[2025-05-04T23:25:31.531+0000] {processor.py:161} INFO - Started process (PID=175) to work on /home/airflow/.local/lib/python3.8/site-packages/airflow/example_dags/example_complex.py
[2025-05-04T23:25:31.531+0000] {processor.py:830} INFO - Processing file /home/airflow/.local/lib/python3.8/site-packages/airflow/example_dags/example_complex.py for tasks to queue
[2025-05-04T23:25:31.532+0000] {logging_mixin.py:188} INFO - [2025-05-04T23:25:31.532+0000] {dagbag.py:538} INFO - Filling up the DagBag from /home/airflow/.local/lib/python3.8/site-packages/airflow/example_dags/example_complex.py
[2025-05-04T23:25:31.537+0000] {processor.py:840} INFO - DAG(s) 'example_complex' retrieved from /home/airflow/.local/lib/python3.8/site-packages/airflow/example_dags/example_complex.py
[2025-05-04T23:25:31.548+0000] {logging_mixin.py:188} INFO - [2025-05-04T23:25:31.548+0000] {dag.py:3033} INFO - Sync 1 DAGs
[2025-05-04T23:25:31.553+0000] {logging_mixin.py:188} INFO - [2025-05-04T23:25:31.553+0000] {dag.py:3820} INFO - Setting next_dagrun for example_complex to None, run_after=None
[2025-05-04T23:25:31.558+0000] {processor.py:183} INFO - Processing /home/airflow/.local/lib/python3.8/site-packages/airflow/example_dags/example_complex.py took 0.028 seconds
[2025-05-04T23:26:02.282+0000] {processor.py:161} INFO - Started process (PID=231) to work on /home/airflow/.local/lib/python3.8/site-packages/airflow/example_dags/example_complex.py
[2025-05-04T23:26:02.283+0000] {processor.py:830} INFO - Processing file /home/airflow/.local/lib/python3.8/site-packages/airflow/example_dags/example_complex.py for tasks to queue
[2025-05-04T23:26:02.287+0000] {logging_mixin.py:188} INFO - [2025-05-04T23:26:02.287+0000] {dagbag.py:538} INFO - Filling up the DagBag from /home/airflow/.local/lib/python3.8/site-packages/airflow/example_dags/example_complex.py
[2025-05-04T23:26:02.293+0000] {processor.py:840} INFO - DAG(s) 'example_complex' retrieved from /home/airflow/.local/lib/python3.8/site-packages/airflow/example_dags/example_complex.py
[2025-05-04T23:26:02.310+0000] {logging_mixin.py:188} INFO - [2025-05-04T23:26:02.310+0000] {dag.py:3033} INFO - Sync 1 DAGs
[2025-05-04T23:26:02.314+0000] {logging_mixin.py:188} INFO - [2025-05-04T23:26:02.314+0000] {dag.py:3820} INFO - Setting next_dagrun for example_complex to None, run_after=None
[2025-05-04T23:26:02.320+0000] {processor.py:183} INFO - Processing /home/airflow/.local/lib/python3.8/site-packages/airflow/example_dags/example_complex.py took 0.040 seconds
[2025-05-04T23:26:33.110+0000] {processor.py:161} INFO - Started process (PID=287) to work on /home/airflow/.local/lib/python3.8/site-packages/airflow/example_dags/example_complex.py
[2025-05-04T23:26:33.111+0000] {processor.py:830} INFO - Processing file /home/airflow/.local/lib/python3.8/site-packages/airflow/example_dags/example_complex.py for tasks to queue
[2025-05-04T23:26:33.112+0000] {logging_mixin.py:188} INFO - [2025-05-04T23:26:33.112+0000] {dagbag.py:538} INFO - Filling up the DagBag from /home/airflow/.local/lib/python3.8/site-packages/airflow/example_dags/example_complex.py
[2025-05-04T23:26:33.116+0000] {processor.py:840} INFO - DAG(s) 'example_complex' retrieved from /home/airflow/.local/lib/python3.8/site-packages/airflow/example_dags/example_complex.py
[2025-05-04T23:26:33.131+0000] {logging_mixin.py:188} INFO - [2025-05-04T23:26:33.130+0000] {dag.py:3033} INFO - Sync 1 DAGs
[2025-05-04T23:26:33.135+0000] {logging_mixin.py:188} INFO - [2025-05-04T23:26:33.135+0000] {dag.py:3820} INFO - Setting next_dagrun for example_complex to None, run_after=None
[2025-05-04T23:26:33.143+0000] {processor.py:183} INFO - Processing /home/airflow/.local/lib/python3.8/site-packages/airflow/example_dags/example_complex.py took 0.034 seconds
[2025-05-04T23:27:03.849+0000] {processor.py:161} INFO - Started process (PID=343) to work on /home/airflow/.local/lib/python3.8/site-packages/airflow/example_dags/example_complex.py
[2025-05-04T23:27:03.849+0000] {processor.py:830} INFO - Processing file /home/airflow/.local/lib/python3.8/site-packages/airflow/example_dags/example_complex.py for tasks to queue
[2025-05-04T23:27:03.850+0000] {logging_mixin.py:188} INFO - [2025-05-04T23:27:03.850+0000] {dagbag.py:538} INFO - Filling up the DagBag from /home/airflow/.local/lib/python3.8/site-packages/airflow/example_dags/example_complex.py
[2025-05-04T23:27:03.854+0000] {processor.py:840} INFO - DAG(s) 'example_complex' retrieved from /home/airflow/.local/lib/python3.8/site-packages/airflow/example_dags/example_complex.py
[2025-05-04T23:27:03.866+0000] {logging_mixin.py:188} INFO - [2025-05-04T23:27:03.866+0000] {dag.py:3033} INFO - Sync 1 DAGs
[2025-05-04T23:27:03.870+0000] {logging_mixin.py:188} INFO - [2025-05-04T23:27:03.870+0000] {dag.py:3820} INFO - Setting next_dagrun for example_complex to None, run_after=None
[2025-05-04T23:27:03.876+0000] {processor.py:183} INFO - Processing /home/airflow/.local/lib/python3.8/site-packages/airflow/example_dags/example_complex.py took 0.029 seconds
[2025-05-04T23:27:34.473+0000] {processor.py:161} INFO - Started process (PID=399) to work on /home/airflow/.local/lib/python3.8/site-packages/airflow/example_dags/example_complex.py
[2025-05-04T23:27:34.473+0000] {processor.py:830} INFO - Processing file /home/airflow/.local/lib/python3.8/site-packages/airflow/example_dags/example_complex.py for tasks to queue
[2025-05-04T23:27:34.474+0000] {logging_mixin.py:188} INFO - [2025-05-04T23:27:34.474+0000] {dagbag.py:538} INFO - Filling up the DagBag from /home/airflow/.local/lib/python3.8/site-packages/airflow/example_dags/example_complex.py
[2025-05-04T23:27:34.478+0000] {processor.py:840} INFO - DAG(s) 'example_complex' retrieved from /home/airflow/.local/lib/python3.8/site-packages/airflow/example_dags/example_complex.py
[2025-05-04T23:27:34.491+0000] {logging_mixin.py:188} INFO - [2025-05-04T23:27:34.491+0000] {dag.py:3033} INFO - Sync 1 DAGs
[2025-05-04T23:27:34.495+0000] {logging_mixin.py:188} INFO - [2025-05-04T23:27:34.495+0000] {dag.py:3820} INFO - Setting next_dagrun for example_complex to None, run_after=None
[2025-05-04T23:27:34.501+0000] {processor.py:183} INFO - Processing /home/airflow/.local/lib/python3.8/site-packages/airflow/example_dags/example_complex.py took 0.030 seconds
[2025-05-04T23:28:24.329+0000] {processor.py:161} INFO - Started process (PID=64) to work on /home/airflow/.local/lib/python3.8/site-packages/airflow/example_dags/example_complex.py
[2025-05-04T23:28:24.331+0000] {processor.py:830} INFO - Processing file /home/airflow/.local/lib/python3.8/site-packages/airflow/example_dags/example_complex.py for tasks to queue
[2025-05-04T23:28:24.332+0000] {logging_mixin.py:188} INFO - [2025-05-04T23:28:24.332+0000] {dagbag.py:538} INFO - Filling up the DagBag from /home/airflow/.local/lib/python3.8/site-packages/airflow/example_dags/example_complex.py
[2025-05-04T23:28:24.338+0000] {processor.py:840} INFO - DAG(s) 'example_complex' retrieved from /home/airflow/.local/lib/python3.8/site-packages/airflow/example_dags/example_complex.py
[2025-05-04T23:28:24.348+0000] {logging_mixin.py:188} INFO - [2025-05-04T23:28:24.348+0000] {dag.py:3033} INFO - Sync 1 DAGs
[2025-05-04T23:28:24.355+0000] {logging_mixin.py:188} INFO - [2025-05-04T23:28:24.355+0000] {dag.py:3820} INFO - Setting next_dagrun for example_complex to None, run_after=None
[2025-05-04T23:28:24.368+0000] {processor.py:183} INFO - Processing /home/airflow/.local/lib/python3.8/site-packages/airflow/example_dags/example_complex.py took 0.041 seconds
[2025-05-04T23:28:55.354+0000] {processor.py:161} INFO - Started process (PID=120) to work on /home/airflow/.local/lib/python3.8/site-packages/airflow/example_dags/example_complex.py
[2025-05-04T23:28:55.357+0000] {processor.py:830} INFO - Processing file /home/airflow/.local/lib/python3.8/site-packages/airflow/example_dags/example_complex.py for tasks to queue
[2025-05-04T23:28:55.359+0000] {logging_mixin.py:188} INFO - [2025-05-04T23:28:55.359+0000] {dagbag.py:538} INFO - Filling up the DagBag from /home/airflow/.local/lib/python3.8/site-packages/airflow/example_dags/example_complex.py
[2025-05-04T23:28:55.365+0000] {processor.py:840} INFO - DAG(s) 'example_complex' retrieved from /home/airflow/.local/lib/python3.8/site-packages/airflow/example_dags/example_complex.py
[2025-05-04T23:28:55.411+0000] {logging_mixin.py:188} INFO - [2025-05-04T23:28:55.411+0000] {dag.py:3033} INFO - Sync 1 DAGs
[2025-05-04T23:28:55.418+0000] {logging_mixin.py:188} INFO - [2025-05-04T23:28:55.418+0000] {dag.py:3820} INFO - Setting next_dagrun for example_complex to None, run_after=None
[2025-05-04T23:28:55.427+0000] {processor.py:183} INFO - Processing /home/airflow/.local/lib/python3.8/site-packages/airflow/example_dags/example_complex.py took 0.075 seconds
[2025-05-04T23:29:25.591+0000] {processor.py:161} INFO - Started process (PID=176) to work on /home/airflow/.local/lib/python3.8/site-packages/airflow/example_dags/example_complex.py
[2025-05-04T23:29:25.592+0000] {processor.py:830} INFO - Processing file /home/airflow/.local/lib/python3.8/site-packages/airflow/example_dags/example_complex.py for tasks to queue
[2025-05-04T23:29:25.594+0000] {logging_mixin.py:188} INFO - [2025-05-04T23:29:25.594+0000] {dagbag.py:538} INFO - Filling up the DagBag from /home/airflow/.local/lib/python3.8/site-packages/airflow/example_dags/example_complex.py
[2025-05-04T23:29:25.599+0000] {processor.py:840} INFO - DAG(s) 'example_complex' retrieved from /home/airflow/.local/lib/python3.8/site-packages/airflow/example_dags/example_complex.py
[2025-05-04T23:29:25.612+0000] {logging_mixin.py:188} INFO - [2025-05-04T23:29:25.612+0000] {dag.py:3033} INFO - Sync 1 DAGs
[2025-05-04T23:29:25.618+0000] {logging_mixin.py:188} INFO - [2025-05-04T23:29:25.618+0000] {dag.py:3820} INFO - Setting next_dagrun for example_complex to None, run_after=None
[2025-05-04T23:29:25.626+0000] {processor.py:183} INFO - Processing /home/airflow/.local/lib/python3.8/site-packages/airflow/example_dags/example_complex.py took 0.037 seconds
[2025-05-04T23:29:56.301+0000] {processor.py:161} INFO - Started process (PID=232) to work on /home/airflow/.local/lib/python3.8/site-packages/airflow/example_dags/example_complex.py
[2025-05-04T23:29:56.302+0000] {processor.py:830} INFO - Processing file /home/airflow/.local/lib/python3.8/site-packages/airflow/example_dags/example_complex.py for tasks to queue
[2025-05-04T23:29:56.303+0000] {logging_mixin.py:188} INFO - [2025-05-04T23:29:56.303+0000] {dagbag.py:538} INFO - Filling up the DagBag from /home/airflow/.local/lib/python3.8/site-packages/airflow/example_dags/example_complex.py
[2025-05-04T23:29:56.310+0000] {processor.py:840} INFO - DAG(s) 'example_complex' retrieved from /home/airflow/.local/lib/python3.8/site-packages/airflow/example_dags/example_complex.py
[2025-05-04T23:29:56.327+0000] {logging_mixin.py:188} INFO - [2025-05-04T23:29:56.327+0000] {dag.py:3033} INFO - Sync 1 DAGs
[2025-05-04T23:29:56.333+0000] {logging_mixin.py:188} INFO - [2025-05-04T23:29:56.333+0000] {dag.py:3820} INFO - Setting next_dagrun for example_complex to None, run_after=None
[2025-05-04T23:29:56.349+0000] {processor.py:183} INFO - Processing /home/airflow/.local/lib/python3.8/site-packages/airflow/example_dags/example_complex.py took 0.050 seconds
[2025-05-04T23:30:27.096+0000] {processor.py:161} INFO - Started process (PID=288) to work on /home/airflow/.local/lib/python3.8/site-packages/airflow/example_dags/example_complex.py
[2025-05-04T23:30:27.097+0000] {processor.py:830} INFO - Processing file /home/airflow/.local/lib/python3.8/site-packages/airflow/example_dags/example_complex.py for tasks to queue
[2025-05-04T23:30:27.098+0000] {logging_mixin.py:188} INFO - [2025-05-04T23:30:27.098+0000] {dagbag.py:538} INFO - Filling up the DagBag from /home/airflow/.local/lib/python3.8/site-packages/airflow/example_dags/example_complex.py
[2025-05-04T23:30:27.106+0000] {processor.py:840} INFO - DAG(s) 'example_complex' retrieved from /home/airflow/.local/lib/python3.8/site-packages/airflow/example_dags/example_complex.py
[2025-05-04T23:30:27.120+0000] {logging_mixin.py:188} INFO - [2025-05-04T23:30:27.120+0000] {dag.py:3033} INFO - Sync 1 DAGs
[2025-05-04T23:30:27.125+0000] {logging_mixin.py:188} INFO - [2025-05-04T23:30:27.125+0000] {dag.py:3820} INFO - Setting next_dagrun for example_complex to None, run_after=None
[2025-05-04T23:30:27.133+0000] {processor.py:183} INFO - Processing /home/airflow/.local/lib/python3.8/site-packages/airflow/example_dags/example_complex.py took 0.038 seconds
[2025-05-04T23:30:57.635+0000] {processor.py:161} INFO - Started process (PID=344) to work on /home/airflow/.local/lib/python3.8/site-packages/airflow/example_dags/example_complex.py
[2025-05-04T23:30:57.636+0000] {processor.py:830} INFO - Processing file /home/airflow/.local/lib/python3.8/site-packages/airflow/example_dags/example_complex.py for tasks to queue
[2025-05-04T23:30:57.637+0000] {logging_mixin.py:188} INFO - [2025-05-04T23:30:57.637+0000] {dagbag.py:538} INFO - Filling up the DagBag from /home/airflow/.local/lib/python3.8/site-packages/airflow/example_dags/example_complex.py
[2025-05-04T23:30:57.642+0000] {processor.py:840} INFO - DAG(s) 'example_complex' retrieved from /home/airflow/.local/lib/python3.8/site-packages/airflow/example_dags/example_complex.py
[2025-05-04T23:30:57.662+0000] {logging_mixin.py:188} INFO - [2025-05-04T23:30:57.661+0000] {dag.py:3033} INFO - Sync 1 DAGs
[2025-05-04T23:30:57.669+0000] {logging_mixin.py:188} INFO - [2025-05-04T23:30:57.669+0000] {dag.py:3820} INFO - Setting next_dagrun for example_complex to None, run_after=None
[2025-05-04T23:30:57.683+0000] {processor.py:183} INFO - Processing /home/airflow/.local/lib/python3.8/site-packages/airflow/example_dags/example_complex.py took 0.050 seconds
[2025-05-04T23:31:28.315+0000] {processor.py:161} INFO - Started process (PID=405) to work on /home/airflow/.local/lib/python3.8/site-packages/airflow/example_dags/example_complex.py
[2025-05-04T23:31:28.316+0000] {processor.py:830} INFO - Processing file /home/airflow/.local/lib/python3.8/site-packages/airflow/example_dags/example_complex.py for tasks to queue
[2025-05-04T23:31:28.317+0000] {logging_mixin.py:188} INFO - [2025-05-04T23:31:28.317+0000] {dagbag.py:538} INFO - Filling up the DagBag from /home/airflow/.local/lib/python3.8/site-packages/airflow/example_dags/example_complex.py
[2025-05-04T23:31:28.321+0000] {processor.py:840} INFO - DAG(s) 'example_complex' retrieved from /home/airflow/.local/lib/python3.8/site-packages/airflow/example_dags/example_complex.py
[2025-05-04T23:31:28.332+0000] {logging_mixin.py:188} INFO - [2025-05-04T23:31:28.332+0000] {dag.py:3033} INFO - Sync 1 DAGs
[2025-05-04T23:31:28.337+0000] {logging_mixin.py:188} INFO - [2025-05-04T23:31:28.337+0000] {dag.py:3820} INFO - Setting next_dagrun for example_complex to None, run_after=None
[2025-05-04T23:31:28.343+0000] {processor.py:183} INFO - Processing /home/airflow/.local/lib/python3.8/site-packages/airflow/example_dags/example_complex.py took 0.029 seconds
[2025-05-04T23:31:59.040+0000] {processor.py:161} INFO - Started process (PID=461) to work on /home/airflow/.local/lib/python3.8/site-packages/airflow/example_dags/example_complex.py
[2025-05-04T23:31:59.042+0000] {processor.py:830} INFO - Processing file /home/airflow/.local/lib/python3.8/site-packages/airflow/example_dags/example_complex.py for tasks to queue
[2025-05-04T23:31:59.044+0000] {logging_mixin.py:188} INFO - [2025-05-04T23:31:59.044+0000] {dagbag.py:538} INFO - Filling up the DagBag from /home/airflow/.local/lib/python3.8/site-packages/airflow/example_dags/example_complex.py
[2025-05-04T23:31:59.048+0000] {processor.py:840} INFO - DAG(s) 'example_complex' retrieved from /home/airflow/.local/lib/python3.8/site-packages/airflow/example_dags/example_complex.py
[2025-05-04T23:31:59.061+0000] {logging_mixin.py:188} INFO - [2025-05-04T23:31:59.061+0000] {dag.py:3033} INFO - Sync 1 DAGs
[2025-05-04T23:31:59.066+0000] {logging_mixin.py:188} INFO - [2025-05-04T23:31:59.066+0000] {dag.py:3820} INFO - Setting next_dagrun for example_complex to None, run_after=None
[2025-05-04T23:31:59.074+0000] {processor.py:183} INFO - Processing /home/airflow/.local/lib/python3.8/site-packages/airflow/example_dags/example_complex.py took 0.035 seconds
[2025-05-04T23:32:29.704+0000] {processor.py:161} INFO - Started process (PID=517) to work on /home/airflow/.local/lib/python3.8/site-packages/airflow/example_dags/example_complex.py
[2025-05-04T23:32:29.706+0000] {processor.py:830} INFO - Processing file /home/airflow/.local/lib/python3.8/site-packages/airflow/example_dags/example_complex.py for tasks to queue
[2025-05-04T23:32:29.707+0000] {logging_mixin.py:188} INFO - [2025-05-04T23:32:29.707+0000] {dagbag.py:538} INFO - Filling up the DagBag from /home/airflow/.local/lib/python3.8/site-packages/airflow/example_dags/example_complex.py
[2025-05-04T23:32:29.712+0000] {processor.py:840} INFO - DAG(s) 'example_complex' retrieved from /home/airflow/.local/lib/python3.8/site-packages/airflow/example_dags/example_complex.py
[2025-05-04T23:32:29.726+0000] {logging_mixin.py:188} INFO - [2025-05-04T23:32:29.726+0000] {dag.py:3033} INFO - Sync 1 DAGs
[2025-05-04T23:32:29.731+0000] {logging_mixin.py:188} INFO - [2025-05-04T23:32:29.731+0000] {dag.py:3820} INFO - Setting next_dagrun for example_complex to None, run_after=None
[2025-05-04T23:32:29.741+0000] {processor.py:183} INFO - Processing /home/airflow/.local/lib/python3.8/site-packages/airflow/example_dags/example_complex.py took 0.039 seconds
[2025-05-04T23:47:22.626+0000] {processor.py:161} INFO - Started process (PID=64) to work on /home/airflow/.local/lib/python3.8/site-packages/airflow/example_dags/example_complex.py
[2025-05-04T23:47:22.628+0000] {processor.py:830} INFO - Processing file /home/airflow/.local/lib/python3.8/site-packages/airflow/example_dags/example_complex.py for tasks to queue
[2025-05-04T23:47:22.633+0000] {logging_mixin.py:188} INFO - [2025-05-04T23:47:22.632+0000] {dagbag.py:538} INFO - Filling up the DagBag from /home/airflow/.local/lib/python3.8/site-packages/airflow/example_dags/example_complex.py
[2025-05-04T23:47:22.643+0000] {processor.py:840} INFO - DAG(s) 'example_complex' retrieved from /home/airflow/.local/lib/python3.8/site-packages/airflow/example_dags/example_complex.py
[2025-05-04T23:47:22.660+0000] {logging_mixin.py:188} INFO - [2025-05-04T23:47:22.660+0000] {dag.py:3033} INFO - Sync 1 DAGs
[2025-05-04T23:47:22.674+0000] {logging_mixin.py:188} INFO - [2025-05-04T23:47:22.674+0000] {dag.py:3820} INFO - Setting next_dagrun for example_complex to None, run_after=None
[2025-05-04T23:47:22.700+0000] {processor.py:183} INFO - Processing /home/airflow/.local/lib/python3.8/site-packages/airflow/example_dags/example_complex.py took 0.077 seconds
[2025-05-04T23:47:52.747+0000] {processor.py:161} INFO - Started process (PID=120) to work on /home/airflow/.local/lib/python3.8/site-packages/airflow/example_dags/example_complex.py
[2025-05-04T23:47:52.747+0000] {processor.py:830} INFO - Processing file /home/airflow/.local/lib/python3.8/site-packages/airflow/example_dags/example_complex.py for tasks to queue
[2025-05-04T23:47:52.748+0000] {logging_mixin.py:188} INFO - [2025-05-04T23:47:52.748+0000] {dagbag.py:538} INFO - Filling up the DagBag from /home/airflow/.local/lib/python3.8/site-packages/airflow/example_dags/example_complex.py
[2025-05-04T23:47:52.753+0000] {processor.py:840} INFO - DAG(s) 'example_complex' retrieved from /home/airflow/.local/lib/python3.8/site-packages/airflow/example_dags/example_complex.py
[2025-05-04T23:47:52.797+0000] {logging_mixin.py:188} INFO - [2025-05-04T23:47:52.797+0000] {dag.py:3033} INFO - Sync 1 DAGs
[2025-05-04T23:47:52.802+0000] {logging_mixin.py:188} INFO - [2025-05-04T23:47:52.802+0000] {dag.py:3820} INFO - Setting next_dagrun for example_complex to None, run_after=None
[2025-05-04T23:47:52.813+0000] {processor.py:183} INFO - Processing /home/airflow/.local/lib/python3.8/site-packages/airflow/example_dags/example_complex.py took 0.067 seconds
[2025-05-04T23:48:22.851+0000] {processor.py:161} INFO - Started process (PID=176) to work on /home/airflow/.local/lib/python3.8/site-packages/airflow/example_dags/example_complex.py
[2025-05-04T23:48:22.851+0000] {processor.py:830} INFO - Processing file /home/airflow/.local/lib/python3.8/site-packages/airflow/example_dags/example_complex.py for tasks to queue
[2025-05-04T23:48:22.852+0000] {logging_mixin.py:188} INFO - [2025-05-04T23:48:22.852+0000] {dagbag.py:538} INFO - Filling up the DagBag from /home/airflow/.local/lib/python3.8/site-packages/airflow/example_dags/example_complex.py
[2025-05-04T23:48:22.857+0000] {processor.py:840} INFO - DAG(s) 'example_complex' retrieved from /home/airflow/.local/lib/python3.8/site-packages/airflow/example_dags/example_complex.py
[2025-05-04T23:48:22.868+0000] {logging_mixin.py:188} INFO - [2025-05-04T23:48:22.868+0000] {dag.py:3033} INFO - Sync 1 DAGs
[2025-05-04T23:48:22.872+0000] {logging_mixin.py:188} INFO - [2025-05-04T23:48:22.872+0000] {dag.py:3820} INFO - Setting next_dagrun for example_complex to None, run_after=None
[2025-05-04T23:48:22.878+0000] {processor.py:183} INFO - Processing /home/airflow/.local/lib/python3.8/site-packages/airflow/example_dags/example_complex.py took 0.028 seconds
[2025-05-04T23:48:53.528+0000] {processor.py:161} INFO - Started process (PID=232) to work on /home/airflow/.local/lib/python3.8/site-packages/airflow/example_dags/example_complex.py
[2025-05-04T23:48:53.529+0000] {processor.py:830} INFO - Processing file /home/airflow/.local/lib/python3.8/site-packages/airflow/example_dags/example_complex.py for tasks to queue
[2025-05-04T23:48:53.530+0000] {logging_mixin.py:188} INFO - [2025-05-04T23:48:53.530+0000] {dagbag.py:538} INFO - Filling up the DagBag from /home/airflow/.local/lib/python3.8/site-packages/airflow/example_dags/example_complex.py
[2025-05-04T23:48:53.535+0000] {processor.py:840} INFO - DAG(s) 'example_complex' retrieved from /home/airflow/.local/lib/python3.8/site-packages/airflow/example_dags/example_complex.py
[2025-05-04T23:48:53.551+0000] {logging_mixin.py:188} INFO - [2025-05-04T23:48:53.551+0000] {dag.py:3033} INFO - Sync 1 DAGs
[2025-05-04T23:48:53.558+0000] {logging_mixin.py:188} INFO - [2025-05-04T23:48:53.557+0000] {dag.py:3820} INFO - Setting next_dagrun for example_complex to None, run_after=None
[2025-05-04T23:48:53.568+0000] {processor.py:183} INFO - Processing /home/airflow/.local/lib/python3.8/site-packages/airflow/example_dags/example_complex.py took 0.041 seconds
[2025-05-04T23:49:24.198+0000] {processor.py:161} INFO - Started process (PID=288) to work on /home/airflow/.local/lib/python3.8/site-packages/airflow/example_dags/example_complex.py
[2025-05-04T23:49:24.199+0000] {processor.py:830} INFO - Processing file /home/airflow/.local/lib/python3.8/site-packages/airflow/example_dags/example_complex.py for tasks to queue
[2025-05-04T23:49:24.200+0000] {logging_mixin.py:188} INFO - [2025-05-04T23:49:24.199+0000] {dagbag.py:538} INFO - Filling up the DagBag from /home/airflow/.local/lib/python3.8/site-packages/airflow/example_dags/example_complex.py
[2025-05-04T23:49:24.205+0000] {processor.py:840} INFO - DAG(s) 'example_complex' retrieved from /home/airflow/.local/lib/python3.8/site-packages/airflow/example_dags/example_complex.py
[2025-05-04T23:49:24.225+0000] {logging_mixin.py:188} INFO - [2025-05-04T23:49:24.225+0000] {dag.py:3033} INFO - Sync 1 DAGs
[2025-05-04T23:49:24.231+0000] {logging_mixin.py:188} INFO - [2025-05-04T23:49:24.231+0000] {dag.py:3820} INFO - Setting next_dagrun for example_complex to None, run_after=None
[2025-05-04T23:49:24.239+0000] {processor.py:183} INFO - Processing /home/airflow/.local/lib/python3.8/site-packages/airflow/example_dags/example_complex.py took 0.042 seconds
[2025-05-04T23:49:55.059+0000] {processor.py:161} INFO - Started process (PID=344) to work on /home/airflow/.local/lib/python3.8/site-packages/airflow/example_dags/example_complex.py
[2025-05-04T23:49:55.060+0000] {processor.py:830} INFO - Processing file /home/airflow/.local/lib/python3.8/site-packages/airflow/example_dags/example_complex.py for tasks to queue
[2025-05-04T23:49:55.061+0000] {logging_mixin.py:188} INFO - [2025-05-04T23:49:55.061+0000] {dagbag.py:538} INFO - Filling up the DagBag from /home/airflow/.local/lib/python3.8/site-packages/airflow/example_dags/example_complex.py
[2025-05-04T23:49:55.066+0000] {processor.py:840} INFO - DAG(s) 'example_complex' retrieved from /home/airflow/.local/lib/python3.8/site-packages/airflow/example_dags/example_complex.py
[2025-05-04T23:49:55.082+0000] {logging_mixin.py:188} INFO - [2025-05-04T23:49:55.082+0000] {dag.py:3033} INFO - Sync 1 DAGs
[2025-05-04T23:49:55.088+0000] {logging_mixin.py:188} INFO - [2025-05-04T23:49:55.088+0000] {dag.py:3820} INFO - Setting next_dagrun for example_complex to None, run_after=None
[2025-05-04T23:49:55.099+0000] {processor.py:183} INFO - Processing /home/airflow/.local/lib/python3.8/site-packages/airflow/example_dags/example_complex.py took 0.041 seconds
