[2025-05-04T22:22:10.936+0000] {processor.py:161} INFO - Started process (PID=73) to work on /home/airflow/.local/lib/python3.8/site-packages/airflow/example_dags/example_python_operator.py
[2025-05-04T22:22:10.936+0000] {processor.py:830} INFO - Processing file /home/airflow/.local/lib/python3.8/site-packages/airflow/example_dags/example_python_operator.py for tasks to queue
[2025-05-04T22:22:10.937+0000] {logging_mixin.py:188} INFO - [2025-05-04T22:22:10.937+0000] {dagbag.py:538} INFO - Filling up the DagBag from /home/airflow/.local/lib/python3.8/site-packages/airflow/example_dags/example_python_operator.py
[2025-05-04T22:22:10.943+0000] {processor.py:840} INFO - DAG(s) 'example_python_operator' retrieved from /home/airflow/.local/lib/python3.8/site-packages/airflow/example_dags/example_python_operator.py
[2025-05-04T22:22:10.951+0000] {logging_mixin.py:188} INFO - [2025-05-04T22:22:10.951+0000] {dag.py:3033} INFO - Sync 1 DAGs
[2025-05-04T22:22:10.960+0000] {logging_mixin.py:188} INFO - [2025-05-04T22:22:10.960+0000] {dag.py:3820} INFO - Setting next_dagrun for example_python_operator to None, run_after=None
[2025-05-04T22:22:10.974+0000] {processor.py:183} INFO - Processing /home/airflow/.local/lib/python3.8/site-packages/airflow/example_dags/example_python_operator.py took 0.041 seconds
[2025-05-04T22:22:41.634+0000] {processor.py:161} INFO - Started process (PID=128) to work on /home/airflow/.local/lib/python3.8/site-packages/airflow/example_dags/example_python_operator.py
[2025-05-04T22:22:41.634+0000] {processor.py:830} INFO - Processing file /home/airflow/.local/lib/python3.8/site-packages/airflow/example_dags/example_python_operator.py for tasks to queue
[2025-05-04T22:22:41.635+0000] {logging_mixin.py:188} INFO - [2025-05-04T22:22:41.635+0000] {dagbag.py:538} INFO - Filling up the DagBag from /home/airflow/.local/lib/python3.8/site-packages/airflow/example_dags/example_python_operator.py
[2025-05-04T22:22:41.640+0000] {processor.py:840} INFO - DAG(s) 'example_python_operator' retrieved from /home/airflow/.local/lib/python3.8/site-packages/airflow/example_dags/example_python_operator.py
[2025-05-04T22:22:41.683+0000] {logging_mixin.py:188} INFO - [2025-05-04T22:22:41.683+0000] {dag.py:3033} INFO - Sync 1 DAGs
[2025-05-04T22:22:41.689+0000] {logging_mixin.py:188} INFO - [2025-05-04T22:22:41.689+0000] {dag.py:3820} INFO - Setting next_dagrun for example_python_operator to None, run_after=None
[2025-05-04T22:22:41.697+0000] {processor.py:183} INFO - Processing /home/airflow/.local/lib/python3.8/site-packages/airflow/example_dags/example_python_operator.py took 0.065 seconds
[2025-05-04T22:23:12.462+0000] {processor.py:161} INFO - Started process (PID=183) to work on /home/airflow/.local/lib/python3.8/site-packages/airflow/example_dags/example_python_operator.py
[2025-05-04T22:23:12.463+0000] {processor.py:830} INFO - Processing file /home/airflow/.local/lib/python3.8/site-packages/airflow/example_dags/example_python_operator.py for tasks to queue
[2025-05-04T22:23:12.464+0000] {logging_mixin.py:188} INFO - [2025-05-04T22:23:12.463+0000] {dagbag.py:538} INFO - Filling up the DagBag from /home/airflow/.local/lib/python3.8/site-packages/airflow/example_dags/example_python_operator.py
[2025-05-04T22:23:12.469+0000] {processor.py:840} INFO - DAG(s) 'example_python_operator' retrieved from /home/airflow/.local/lib/python3.8/site-packages/airflow/example_dags/example_python_operator.py
[2025-05-04T22:23:12.478+0000] {logging_mixin.py:188} INFO - [2025-05-04T22:23:12.478+0000] {dag.py:3033} INFO - Sync 1 DAGs
[2025-05-04T22:23:12.483+0000] {logging_mixin.py:188} INFO - [2025-05-04T22:23:12.483+0000] {dag.py:3820} INFO - Setting next_dagrun for example_python_operator to None, run_after=None
[2025-05-04T22:23:12.490+0000] {processor.py:183} INFO - Processing /home/airflow/.local/lib/python3.8/site-packages/airflow/example_dags/example_python_operator.py took 0.030 seconds
[2025-05-04T22:23:42.951+0000] {processor.py:161} INFO - Started process (PID=238) to work on /home/airflow/.local/lib/python3.8/site-packages/airflow/example_dags/example_python_operator.py
[2025-05-04T22:23:42.951+0000] {processor.py:830} INFO - Processing file /home/airflow/.local/lib/python3.8/site-packages/airflow/example_dags/example_python_operator.py for tasks to queue
[2025-05-04T22:23:42.952+0000] {logging_mixin.py:188} INFO - [2025-05-04T22:23:42.952+0000] {dagbag.py:538} INFO - Filling up the DagBag from /home/airflow/.local/lib/python3.8/site-packages/airflow/example_dags/example_python_operator.py
[2025-05-04T22:23:42.957+0000] {processor.py:840} INFO - DAG(s) 'example_python_operator' retrieved from /home/airflow/.local/lib/python3.8/site-packages/airflow/example_dags/example_python_operator.py
[2025-05-04T22:23:42.966+0000] {logging_mixin.py:188} INFO - [2025-05-04T22:23:42.966+0000] {dag.py:3033} INFO - Sync 1 DAGs
[2025-05-04T22:23:42.971+0000] {logging_mixin.py:188} INFO - [2025-05-04T22:23:42.971+0000] {dag.py:3820} INFO - Setting next_dagrun for example_python_operator to None, run_after=None
[2025-05-04T22:23:42.980+0000] {processor.py:183} INFO - Processing /home/airflow/.local/lib/python3.8/site-packages/airflow/example_dags/example_python_operator.py took 0.031 seconds
[2025-05-04T22:24:13.602+0000] {processor.py:161} INFO - Started process (PID=293) to work on /home/airflow/.local/lib/python3.8/site-packages/airflow/example_dags/example_python_operator.py
[2025-05-04T22:24:13.602+0000] {processor.py:830} INFO - Processing file /home/airflow/.local/lib/python3.8/site-packages/airflow/example_dags/example_python_operator.py for tasks to queue
[2025-05-04T22:24:13.603+0000] {logging_mixin.py:188} INFO - [2025-05-04T22:24:13.603+0000] {dagbag.py:538} INFO - Filling up the DagBag from /home/airflow/.local/lib/python3.8/site-packages/airflow/example_dags/example_python_operator.py
[2025-05-04T22:24:13.609+0000] {processor.py:840} INFO - DAG(s) 'example_python_operator' retrieved from /home/airflow/.local/lib/python3.8/site-packages/airflow/example_dags/example_python_operator.py
[2025-05-04T22:24:13.618+0000] {logging_mixin.py:188} INFO - [2025-05-04T22:24:13.618+0000] {dag.py:3033} INFO - Sync 1 DAGs
[2025-05-04T22:24:13.624+0000] {logging_mixin.py:188} INFO - [2025-05-04T22:24:13.624+0000] {dag.py:3820} INFO - Setting next_dagrun for example_python_operator to None, run_after=None
[2025-05-04T22:24:13.631+0000] {processor.py:183} INFO - Processing /home/airflow/.local/lib/python3.8/site-packages/airflow/example_dags/example_python_operator.py took 0.031 seconds
[2025-05-04T22:24:44.193+0000] {processor.py:161} INFO - Started process (PID=348) to work on /home/airflow/.local/lib/python3.8/site-packages/airflow/example_dags/example_python_operator.py
[2025-05-04T22:24:44.193+0000] {processor.py:830} INFO - Processing file /home/airflow/.local/lib/python3.8/site-packages/airflow/example_dags/example_python_operator.py for tasks to queue
[2025-05-04T22:24:44.197+0000] {logging_mixin.py:188} INFO - [2025-05-04T22:24:44.197+0000] {dagbag.py:538} INFO - Filling up the DagBag from /home/airflow/.local/lib/python3.8/site-packages/airflow/example_dags/example_python_operator.py
[2025-05-04T22:24:44.201+0000] {processor.py:840} INFO - DAG(s) 'example_python_operator' retrieved from /home/airflow/.local/lib/python3.8/site-packages/airflow/example_dags/example_python_operator.py
[2025-05-04T22:24:44.211+0000] {logging_mixin.py:188} INFO - [2025-05-04T22:24:44.211+0000] {dag.py:3033} INFO - Sync 1 DAGs
[2025-05-04T22:24:44.218+0000] {logging_mixin.py:188} INFO - [2025-05-04T22:24:44.218+0000] {dag.py:3820} INFO - Setting next_dagrun for example_python_operator to None, run_after=None
[2025-05-04T22:24:44.225+0000] {processor.py:183} INFO - Processing /home/airflow/.local/lib/python3.8/site-packages/airflow/example_dags/example_python_operator.py took 0.034 seconds
[2025-05-04T22:25:29.634+0000] {processor.py:161} INFO - Started process (PID=74) to work on /home/airflow/.local/lib/python3.8/site-packages/airflow/example_dags/example_python_operator.py
[2025-05-04T22:25:29.634+0000] {processor.py:830} INFO - Processing file /home/airflow/.local/lib/python3.8/site-packages/airflow/example_dags/example_python_operator.py for tasks to queue
[2025-05-04T22:25:29.636+0000] {logging_mixin.py:188} INFO - [2025-05-04T22:25:29.635+0000] {dagbag.py:538} INFO - Filling up the DagBag from /home/airflow/.local/lib/python3.8/site-packages/airflow/example_dags/example_python_operator.py
[2025-05-04T22:25:29.641+0000] {processor.py:840} INFO - DAG(s) 'example_python_operator' retrieved from /home/airflow/.local/lib/python3.8/site-packages/airflow/example_dags/example_python_operator.py
[2025-05-04T22:25:29.648+0000] {logging_mixin.py:188} INFO - [2025-05-04T22:25:29.648+0000] {dag.py:3033} INFO - Sync 1 DAGs
[2025-05-04T22:25:29.656+0000] {logging_mixin.py:188} INFO - [2025-05-04T22:25:29.656+0000] {dag.py:3820} INFO - Setting next_dagrun for example_python_operator to None, run_after=None
[2025-05-04T22:25:29.671+0000] {processor.py:183} INFO - Processing /home/airflow/.local/lib/python3.8/site-packages/airflow/example_dags/example_python_operator.py took 0.039 seconds
[2025-05-04T22:26:00.005+0000] {processor.py:161} INFO - Started process (PID=130) to work on /home/airflow/.local/lib/python3.8/site-packages/airflow/example_dags/example_python_operator.py
[2025-05-04T22:26:00.006+0000] {processor.py:830} INFO - Processing file /home/airflow/.local/lib/python3.8/site-packages/airflow/example_dags/example_python_operator.py for tasks to queue
[2025-05-04T22:26:00.009+0000] {logging_mixin.py:188} INFO - [2025-05-04T22:26:00.009+0000] {dagbag.py:538} INFO - Filling up the DagBag from /home/airflow/.local/lib/python3.8/site-packages/airflow/example_dags/example_python_operator.py
[2025-05-04T22:26:00.014+0000] {processor.py:840} INFO - DAG(s) 'example_python_operator' retrieved from /home/airflow/.local/lib/python3.8/site-packages/airflow/example_dags/example_python_operator.py
[2025-05-04T22:26:00.056+0000] {logging_mixin.py:188} INFO - [2025-05-04T22:26:00.056+0000] {dag.py:3033} INFO - Sync 1 DAGs
[2025-05-04T22:26:00.061+0000] {logging_mixin.py:188} INFO - [2025-05-04T22:26:00.061+0000] {dag.py:3820} INFO - Setting next_dagrun for example_python_operator to None, run_after=None
[2025-05-04T22:26:00.070+0000] {processor.py:183} INFO - Processing /home/airflow/.local/lib/python3.8/site-packages/airflow/example_dags/example_python_operator.py took 0.067 seconds
[2025-05-04T22:26:31.006+0000] {processor.py:161} INFO - Started process (PID=186) to work on /home/airflow/.local/lib/python3.8/site-packages/airflow/example_dags/example_python_operator.py
[2025-05-04T22:26:31.007+0000] {processor.py:830} INFO - Processing file /home/airflow/.local/lib/python3.8/site-packages/airflow/example_dags/example_python_operator.py for tasks to queue
[2025-05-04T22:26:31.008+0000] {logging_mixin.py:188} INFO - [2025-05-04T22:26:31.008+0000] {dagbag.py:538} INFO - Filling up the DagBag from /home/airflow/.local/lib/python3.8/site-packages/airflow/example_dags/example_python_operator.py
[2025-05-04T22:26:31.013+0000] {processor.py:840} INFO - DAG(s) 'example_python_operator' retrieved from /home/airflow/.local/lib/python3.8/site-packages/airflow/example_dags/example_python_operator.py
[2025-05-04T22:26:31.027+0000] {logging_mixin.py:188} INFO - [2025-05-04T22:26:31.026+0000] {dag.py:3033} INFO - Sync 1 DAGs
[2025-05-04T22:26:31.033+0000] {logging_mixin.py:188} INFO - [2025-05-04T22:26:31.033+0000] {dag.py:3820} INFO - Setting next_dagrun for example_python_operator to None, run_after=None
[2025-05-04T22:26:31.048+0000] {processor.py:183} INFO - Processing /home/airflow/.local/lib/python3.8/site-packages/airflow/example_dags/example_python_operator.py took 0.044 seconds
[2025-05-04T22:27:01.636+0000] {processor.py:161} INFO - Started process (PID=246) to work on /home/airflow/.local/lib/python3.8/site-packages/airflow/example_dags/example_python_operator.py
[2025-05-04T22:27:01.637+0000] {processor.py:830} INFO - Processing file /home/airflow/.local/lib/python3.8/site-packages/airflow/example_dags/example_python_operator.py for tasks to queue
[2025-05-04T22:27:01.638+0000] {logging_mixin.py:188} INFO - [2025-05-04T22:27:01.638+0000] {dagbag.py:538} INFO - Filling up the DagBag from /home/airflow/.local/lib/python3.8/site-packages/airflow/example_dags/example_python_operator.py
[2025-05-04T22:27:01.643+0000] {processor.py:840} INFO - DAG(s) 'example_python_operator' retrieved from /home/airflow/.local/lib/python3.8/site-packages/airflow/example_dags/example_python_operator.py
[2025-05-04T22:27:01.655+0000] {logging_mixin.py:188} INFO - [2025-05-04T22:27:01.655+0000] {dag.py:3033} INFO - Sync 1 DAGs
[2025-05-04T22:27:01.660+0000] {logging_mixin.py:188} INFO - [2025-05-04T22:27:01.659+0000] {dag.py:3820} INFO - Setting next_dagrun for example_python_operator to None, run_after=None
[2025-05-04T22:27:01.669+0000] {processor.py:183} INFO - Processing /home/airflow/.local/lib/python3.8/site-packages/airflow/example_dags/example_python_operator.py took 0.035 seconds
[2025-05-04T22:27:32.270+0000] {processor.py:161} INFO - Started process (PID=302) to work on /home/airflow/.local/lib/python3.8/site-packages/airflow/example_dags/example_python_operator.py
[2025-05-04T22:27:32.271+0000] {processor.py:830} INFO - Processing file /home/airflow/.local/lib/python3.8/site-packages/airflow/example_dags/example_python_operator.py for tasks to queue
[2025-05-04T22:27:32.272+0000] {logging_mixin.py:188} INFO - [2025-05-04T22:27:32.272+0000] {dagbag.py:538} INFO - Filling up the DagBag from /home/airflow/.local/lib/python3.8/site-packages/airflow/example_dags/example_python_operator.py
[2025-05-04T22:27:32.279+0000] {processor.py:840} INFO - DAG(s) 'example_python_operator' retrieved from /home/airflow/.local/lib/python3.8/site-packages/airflow/example_dags/example_python_operator.py
[2025-05-04T22:27:32.291+0000] {logging_mixin.py:188} INFO - [2025-05-04T22:27:32.291+0000] {dag.py:3033} INFO - Sync 1 DAGs
[2025-05-04T22:27:32.297+0000] {logging_mixin.py:188} INFO - [2025-05-04T22:27:32.297+0000] {dag.py:3820} INFO - Setting next_dagrun for example_python_operator to None, run_after=None
[2025-05-04T22:27:32.303+0000] {processor.py:183} INFO - Processing /home/airflow/.local/lib/python3.8/site-packages/airflow/example_dags/example_python_operator.py took 0.034 seconds
[2025-05-04T22:28:02.905+0000] {processor.py:161} INFO - Started process (PID=358) to work on /home/airflow/.local/lib/python3.8/site-packages/airflow/example_dags/example_python_operator.py
[2025-05-04T22:28:02.907+0000] {processor.py:830} INFO - Processing file /home/airflow/.local/lib/python3.8/site-packages/airflow/example_dags/example_python_operator.py for tasks to queue
[2025-05-04T22:28:02.909+0000] {logging_mixin.py:188} INFO - [2025-05-04T22:28:02.909+0000] {dagbag.py:538} INFO - Filling up the DagBag from /home/airflow/.local/lib/python3.8/site-packages/airflow/example_dags/example_python_operator.py
[2025-05-04T22:28:02.916+0000] {processor.py:840} INFO - DAG(s) 'example_python_operator' retrieved from /home/airflow/.local/lib/python3.8/site-packages/airflow/example_dags/example_python_operator.py
[2025-05-04T22:28:02.928+0000] {logging_mixin.py:188} INFO - [2025-05-04T22:28:02.928+0000] {dag.py:3033} INFO - Sync 1 DAGs
[2025-05-04T22:28:02.935+0000] {logging_mixin.py:188} INFO - [2025-05-04T22:28:02.935+0000] {dag.py:3820} INFO - Setting next_dagrun for example_python_operator to None, run_after=None
[2025-05-04T22:28:02.944+0000] {processor.py:183} INFO - Processing /home/airflow/.local/lib/python3.8/site-packages/airflow/example_dags/example_python_operator.py took 0.041 seconds
[2025-05-04T22:28:33.564+0000] {processor.py:161} INFO - Started process (PID=414) to work on /home/airflow/.local/lib/python3.8/site-packages/airflow/example_dags/example_python_operator.py
[2025-05-04T22:28:33.565+0000] {processor.py:830} INFO - Processing file /home/airflow/.local/lib/python3.8/site-packages/airflow/example_dags/example_python_operator.py for tasks to queue
[2025-05-04T22:28:33.566+0000] {logging_mixin.py:188} INFO - [2025-05-04T22:28:33.566+0000] {dagbag.py:538} INFO - Filling up the DagBag from /home/airflow/.local/lib/python3.8/site-packages/airflow/example_dags/example_python_operator.py
[2025-05-04T22:28:33.574+0000] {processor.py:840} INFO - DAG(s) 'example_python_operator' retrieved from /home/airflow/.local/lib/python3.8/site-packages/airflow/example_dags/example_python_operator.py
[2025-05-04T22:28:33.585+0000] {logging_mixin.py:188} INFO - [2025-05-04T22:28:33.584+0000] {dag.py:3033} INFO - Sync 1 DAGs
[2025-05-04T22:28:33.590+0000] {logging_mixin.py:188} INFO - [2025-05-04T22:28:33.590+0000] {dag.py:3820} INFO - Setting next_dagrun for example_python_operator to None, run_after=None
[2025-05-04T22:28:33.597+0000] {processor.py:183} INFO - Processing /home/airflow/.local/lib/python3.8/site-packages/airflow/example_dags/example_python_operator.py took 0.035 seconds
[2025-05-04T22:29:04.185+0000] {processor.py:161} INFO - Started process (PID=470) to work on /home/airflow/.local/lib/python3.8/site-packages/airflow/example_dags/example_python_operator.py
[2025-05-04T22:29:04.185+0000] {processor.py:830} INFO - Processing file /home/airflow/.local/lib/python3.8/site-packages/airflow/example_dags/example_python_operator.py for tasks to queue
[2025-05-04T22:29:04.186+0000] {logging_mixin.py:188} INFO - [2025-05-04T22:29:04.186+0000] {dagbag.py:538} INFO - Filling up the DagBag from /home/airflow/.local/lib/python3.8/site-packages/airflow/example_dags/example_python_operator.py
[2025-05-04T22:29:04.192+0000] {processor.py:840} INFO - DAG(s) 'example_python_operator' retrieved from /home/airflow/.local/lib/python3.8/site-packages/airflow/example_dags/example_python_operator.py
[2025-05-04T22:29:04.210+0000] {logging_mixin.py:188} INFO - [2025-05-04T22:29:04.210+0000] {dag.py:3033} INFO - Sync 1 DAGs
[2025-05-04T22:29:04.216+0000] {logging_mixin.py:188} INFO - [2025-05-04T22:29:04.216+0000] {dag.py:3820} INFO - Setting next_dagrun for example_python_operator to None, run_after=None
[2025-05-04T22:29:04.226+0000] {processor.py:183} INFO - Processing /home/airflow/.local/lib/python3.8/site-packages/airflow/example_dags/example_python_operator.py took 0.043 seconds
[2025-05-04T22:29:35.057+0000] {processor.py:161} INFO - Started process (PID=526) to work on /home/airflow/.local/lib/python3.8/site-packages/airflow/example_dags/example_python_operator.py
[2025-05-04T22:29:35.060+0000] {processor.py:830} INFO - Processing file /home/airflow/.local/lib/python3.8/site-packages/airflow/example_dags/example_python_operator.py for tasks to queue
[2025-05-04T22:29:35.061+0000] {logging_mixin.py:188} INFO - [2025-05-04T22:29:35.061+0000] {dagbag.py:538} INFO - Filling up the DagBag from /home/airflow/.local/lib/python3.8/site-packages/airflow/example_dags/example_python_operator.py
[2025-05-04T22:29:35.067+0000] {processor.py:840} INFO - DAG(s) 'example_python_operator' retrieved from /home/airflow/.local/lib/python3.8/site-packages/airflow/example_dags/example_python_operator.py
[2025-05-04T22:29:35.083+0000] {logging_mixin.py:188} INFO - [2025-05-04T22:29:35.082+0000] {dag.py:3033} INFO - Sync 1 DAGs
[2025-05-04T22:29:35.088+0000] {logging_mixin.py:188} INFO - [2025-05-04T22:29:35.088+0000] {dag.py:3820} INFO - Setting next_dagrun for example_python_operator to None, run_after=None
[2025-05-04T22:29:35.099+0000] {processor.py:183} INFO - Processing /home/airflow/.local/lib/python3.8/site-packages/airflow/example_dags/example_python_operator.py took 0.043 seconds
[2025-05-04T22:30:05.753+0000] {processor.py:161} INFO - Started process (PID=582) to work on /home/airflow/.local/lib/python3.8/site-packages/airflow/example_dags/example_python_operator.py
[2025-05-04T22:30:05.753+0000] {processor.py:830} INFO - Processing file /home/airflow/.local/lib/python3.8/site-packages/airflow/example_dags/example_python_operator.py for tasks to queue
[2025-05-04T22:30:05.755+0000] {logging_mixin.py:188} INFO - [2025-05-04T22:30:05.755+0000] {dagbag.py:538} INFO - Filling up the DagBag from /home/airflow/.local/lib/python3.8/site-packages/airflow/example_dags/example_python_operator.py
[2025-05-04T22:30:05.760+0000] {processor.py:840} INFO - DAG(s) 'example_python_operator' retrieved from /home/airflow/.local/lib/python3.8/site-packages/airflow/example_dags/example_python_operator.py
[2025-05-04T22:30:05.774+0000] {logging_mixin.py:188} INFO - [2025-05-04T22:30:05.774+0000] {dag.py:3033} INFO - Sync 1 DAGs
[2025-05-04T22:30:05.780+0000] {logging_mixin.py:188} INFO - [2025-05-04T22:30:05.779+0000] {dag.py:3820} INFO - Setting next_dagrun for example_python_operator to None, run_after=None
[2025-05-04T22:30:05.792+0000] {processor.py:183} INFO - Processing /home/airflow/.local/lib/python3.8/site-packages/airflow/example_dags/example_python_operator.py took 0.041 seconds
[2025-05-04T22:30:36.400+0000] {processor.py:161} INFO - Started process (PID=638) to work on /home/airflow/.local/lib/python3.8/site-packages/airflow/example_dags/example_python_operator.py
[2025-05-04T22:30:36.400+0000] {processor.py:830} INFO - Processing file /home/airflow/.local/lib/python3.8/site-packages/airflow/example_dags/example_python_operator.py for tasks to queue
[2025-05-04T22:30:36.401+0000] {logging_mixin.py:188} INFO - [2025-05-04T22:30:36.401+0000] {dagbag.py:538} INFO - Filling up the DagBag from /home/airflow/.local/lib/python3.8/site-packages/airflow/example_dags/example_python_operator.py
[2025-05-04T22:30:36.406+0000] {processor.py:840} INFO - DAG(s) 'example_python_operator' retrieved from /home/airflow/.local/lib/python3.8/site-packages/airflow/example_dags/example_python_operator.py
[2025-05-04T22:30:36.417+0000] {logging_mixin.py:188} INFO - [2025-05-04T22:30:36.417+0000] {dag.py:3033} INFO - Sync 1 DAGs
[2025-05-04T22:30:36.424+0000] {logging_mixin.py:188} INFO - [2025-05-04T22:30:36.424+0000] {dag.py:3820} INFO - Setting next_dagrun for example_python_operator to None, run_after=None
[2025-05-04T22:30:36.435+0000] {processor.py:183} INFO - Processing /home/airflow/.local/lib/python3.8/site-packages/airflow/example_dags/example_python_operator.py took 0.037 seconds
[2025-05-04T22:31:14.914+0000] {processor.py:161} INFO - Started process (PID=75) to work on /home/airflow/.local/lib/python3.8/site-packages/airflow/example_dags/example_python_operator.py
[2025-05-04T22:31:14.915+0000] {processor.py:830} INFO - Processing file /home/airflow/.local/lib/python3.8/site-packages/airflow/example_dags/example_python_operator.py for tasks to queue
[2025-05-04T22:31:14.916+0000] {logging_mixin.py:188} INFO - [2025-05-04T22:31:14.916+0000] {dagbag.py:538} INFO - Filling up the DagBag from /home/airflow/.local/lib/python3.8/site-packages/airflow/example_dags/example_python_operator.py
[2025-05-04T22:31:14.921+0000] {processor.py:840} INFO - DAG(s) 'example_python_operator' retrieved from /home/airflow/.local/lib/python3.8/site-packages/airflow/example_dags/example_python_operator.py
[2025-05-04T22:31:14.928+0000] {logging_mixin.py:188} INFO - [2025-05-04T22:31:14.928+0000] {dag.py:3033} INFO - Sync 1 DAGs
[2025-05-04T22:31:14.937+0000] {logging_mixin.py:188} INFO - [2025-05-04T22:31:14.937+0000] {dag.py:3820} INFO - Setting next_dagrun for example_python_operator to None, run_after=None
[2025-05-04T22:31:14.949+0000] {processor.py:183} INFO - Processing /home/airflow/.local/lib/python3.8/site-packages/airflow/example_dags/example_python_operator.py took 0.036 seconds
[2025-05-04T22:31:45.097+0000] {processor.py:161} INFO - Started process (PID=131) to work on /home/airflow/.local/lib/python3.8/site-packages/airflow/example_dags/example_python_operator.py
[2025-05-04T22:31:45.097+0000] {processor.py:830} INFO - Processing file /home/airflow/.local/lib/python3.8/site-packages/airflow/example_dags/example_python_operator.py for tasks to queue
[2025-05-04T22:31:45.098+0000] {logging_mixin.py:188} INFO - [2025-05-04T22:31:45.098+0000] {dagbag.py:538} INFO - Filling up the DagBag from /home/airflow/.local/lib/python3.8/site-packages/airflow/example_dags/example_python_operator.py
[2025-05-04T22:31:45.103+0000] {processor.py:840} INFO - DAG(s) 'example_python_operator' retrieved from /home/airflow/.local/lib/python3.8/site-packages/airflow/example_dags/example_python_operator.py
[2025-05-04T22:31:45.145+0000] {logging_mixin.py:188} INFO - [2025-05-04T22:31:45.145+0000] {dag.py:3033} INFO - Sync 1 DAGs
[2025-05-04T22:31:45.153+0000] {logging_mixin.py:188} INFO - [2025-05-04T22:31:45.153+0000] {dag.py:3820} INFO - Setting next_dagrun for example_python_operator to None, run_after=None
[2025-05-04T22:31:45.170+0000] {processor.py:183} INFO - Processing /home/airflow/.local/lib/python3.8/site-packages/airflow/example_dags/example_python_operator.py took 0.075 seconds
[2025-05-04T22:32:16.114+0000] {processor.py:161} INFO - Started process (PID=191) to work on /home/airflow/.local/lib/python3.8/site-packages/airflow/example_dags/example_python_operator.py
[2025-05-04T22:32:16.115+0000] {processor.py:830} INFO - Processing file /home/airflow/.local/lib/python3.8/site-packages/airflow/example_dags/example_python_operator.py for tasks to queue
[2025-05-04T22:32:16.117+0000] {logging_mixin.py:188} INFO - [2025-05-04T22:32:16.117+0000] {dagbag.py:538} INFO - Filling up the DagBag from /home/airflow/.local/lib/python3.8/site-packages/airflow/example_dags/example_python_operator.py
[2025-05-04T22:32:16.127+0000] {processor.py:840} INFO - DAG(s) 'example_python_operator' retrieved from /home/airflow/.local/lib/python3.8/site-packages/airflow/example_dags/example_python_operator.py
[2025-05-04T22:32:16.144+0000] {logging_mixin.py:188} INFO - [2025-05-04T22:32:16.144+0000] {dag.py:3033} INFO - Sync 1 DAGs
[2025-05-04T22:32:16.152+0000] {logging_mixin.py:188} INFO - [2025-05-04T22:32:16.152+0000] {dag.py:3820} INFO - Setting next_dagrun for example_python_operator to None, run_after=None
[2025-05-04T22:32:16.169+0000] {processor.py:183} INFO - Processing /home/airflow/.local/lib/python3.8/site-packages/airflow/example_dags/example_python_operator.py took 0.056 seconds
[2025-05-04T22:32:46.815+0000] {processor.py:161} INFO - Started process (PID=247) to work on /home/airflow/.local/lib/python3.8/site-packages/airflow/example_dags/example_python_operator.py
[2025-05-04T22:32:46.816+0000] {processor.py:830} INFO - Processing file /home/airflow/.local/lib/python3.8/site-packages/airflow/example_dags/example_python_operator.py for tasks to queue
[2025-05-04T22:32:46.819+0000] {logging_mixin.py:188} INFO - [2025-05-04T22:32:46.819+0000] {dagbag.py:538} INFO - Filling up the DagBag from /home/airflow/.local/lib/python3.8/site-packages/airflow/example_dags/example_python_operator.py
[2025-05-04T22:32:46.824+0000] {processor.py:840} INFO - DAG(s) 'example_python_operator' retrieved from /home/airflow/.local/lib/python3.8/site-packages/airflow/example_dags/example_python_operator.py
[2025-05-04T22:32:46.838+0000] {logging_mixin.py:188} INFO - [2025-05-04T22:32:46.838+0000] {dag.py:3033} INFO - Sync 1 DAGs
[2025-05-04T22:32:46.843+0000] {logging_mixin.py:188} INFO - [2025-05-04T22:32:46.843+0000] {dag.py:3820} INFO - Setting next_dagrun for example_python_operator to None, run_after=None
[2025-05-04T22:32:46.854+0000] {processor.py:183} INFO - Processing /home/airflow/.local/lib/python3.8/site-packages/airflow/example_dags/example_python_operator.py took 0.040 seconds
[2025-05-04T22:33:17.619+0000] {processor.py:161} INFO - Started process (PID=303) to work on /home/airflow/.local/lib/python3.8/site-packages/airflow/example_dags/example_python_operator.py
[2025-05-04T22:33:17.621+0000] {processor.py:830} INFO - Processing file /home/airflow/.local/lib/python3.8/site-packages/airflow/example_dags/example_python_operator.py for tasks to queue
[2025-05-04T22:33:17.622+0000] {logging_mixin.py:188} INFO - [2025-05-04T22:33:17.622+0000] {dagbag.py:538} INFO - Filling up the DagBag from /home/airflow/.local/lib/python3.8/site-packages/airflow/example_dags/example_python_operator.py
[2025-05-04T22:33:17.627+0000] {processor.py:840} INFO - DAG(s) 'example_python_operator' retrieved from /home/airflow/.local/lib/python3.8/site-packages/airflow/example_dags/example_python_operator.py
[2025-05-04T22:33:17.636+0000] {logging_mixin.py:188} INFO - [2025-05-04T22:33:17.636+0000] {dag.py:3033} INFO - Sync 1 DAGs
[2025-05-04T22:33:17.641+0000] {logging_mixin.py:188} INFO - [2025-05-04T22:33:17.641+0000] {dag.py:3820} INFO - Setting next_dagrun for example_python_operator to None, run_after=None
[2025-05-04T22:33:17.648+0000] {processor.py:183} INFO - Processing /home/airflow/.local/lib/python3.8/site-packages/airflow/example_dags/example_python_operator.py took 0.031 seconds
[2025-05-04T22:33:48.237+0000] {processor.py:161} INFO - Started process (PID=359) to work on /home/airflow/.local/lib/python3.8/site-packages/airflow/example_dags/example_python_operator.py
[2025-05-04T22:33:48.239+0000] {processor.py:830} INFO - Processing file /home/airflow/.local/lib/python3.8/site-packages/airflow/example_dags/example_python_operator.py for tasks to queue
[2025-05-04T22:33:48.240+0000] {logging_mixin.py:188} INFO - [2025-05-04T22:33:48.240+0000] {dagbag.py:538} INFO - Filling up the DagBag from /home/airflow/.local/lib/python3.8/site-packages/airflow/example_dags/example_python_operator.py
[2025-05-04T22:33:48.245+0000] {processor.py:840} INFO - DAG(s) 'example_python_operator' retrieved from /home/airflow/.local/lib/python3.8/site-packages/airflow/example_dags/example_python_operator.py
[2025-05-04T22:33:48.255+0000] {logging_mixin.py:188} INFO - [2025-05-04T22:33:48.255+0000] {dag.py:3033} INFO - Sync 1 DAGs
[2025-05-04T22:33:48.260+0000] {logging_mixin.py:188} INFO - [2025-05-04T22:33:48.260+0000] {dag.py:3820} INFO - Setting next_dagrun for example_python_operator to None, run_after=None
[2025-05-04T22:33:48.270+0000] {processor.py:183} INFO - Processing /home/airflow/.local/lib/python3.8/site-packages/airflow/example_dags/example_python_operator.py took 0.035 seconds
[2025-05-04T22:34:18.891+0000] {processor.py:161} INFO - Started process (PID=415) to work on /home/airflow/.local/lib/python3.8/site-packages/airflow/example_dags/example_python_operator.py
[2025-05-04T22:34:18.891+0000] {processor.py:830} INFO - Processing file /home/airflow/.local/lib/python3.8/site-packages/airflow/example_dags/example_python_operator.py for tasks to queue
[2025-05-04T22:34:18.893+0000] {logging_mixin.py:188} INFO - [2025-05-04T22:34:18.893+0000] {dagbag.py:538} INFO - Filling up the DagBag from /home/airflow/.local/lib/python3.8/site-packages/airflow/example_dags/example_python_operator.py
[2025-05-04T22:34:18.898+0000] {processor.py:840} INFO - DAG(s) 'example_python_operator' retrieved from /home/airflow/.local/lib/python3.8/site-packages/airflow/example_dags/example_python_operator.py
[2025-05-04T22:34:18.908+0000] {logging_mixin.py:188} INFO - [2025-05-04T22:34:18.908+0000] {dag.py:3033} INFO - Sync 1 DAGs
[2025-05-04T22:34:18.915+0000] {logging_mixin.py:188} INFO - [2025-05-04T22:34:18.915+0000] {dag.py:3820} INFO - Setting next_dagrun for example_python_operator to None, run_after=None
[2025-05-04T22:34:18.926+0000] {processor.py:183} INFO - Processing /home/airflow/.local/lib/python3.8/site-packages/airflow/example_dags/example_python_operator.py took 0.038 seconds
[2025-05-04T22:36:26.117+0000] {processor.py:161} INFO - Started process (PID=73) to work on /home/airflow/.local/lib/python3.8/site-packages/airflow/example_dags/example_python_operator.py
[2025-05-04T22:36:26.118+0000] {processor.py:830} INFO - Processing file /home/airflow/.local/lib/python3.8/site-packages/airflow/example_dags/example_python_operator.py for tasks to queue
[2025-05-04T22:36:26.119+0000] {logging_mixin.py:188} INFO - [2025-05-04T22:36:26.119+0000] {dagbag.py:538} INFO - Filling up the DagBag from /home/airflow/.local/lib/python3.8/site-packages/airflow/example_dags/example_python_operator.py
[2025-05-04T22:36:26.124+0000] {processor.py:840} INFO - DAG(s) 'example_python_operator' retrieved from /home/airflow/.local/lib/python3.8/site-packages/airflow/example_dags/example_python_operator.py
[2025-05-04T22:36:26.129+0000] {logging_mixin.py:188} INFO - [2025-05-04T22:36:26.129+0000] {dag.py:3033} INFO - Sync 1 DAGs
[2025-05-04T22:36:26.137+0000] {logging_mixin.py:188} INFO - [2025-05-04T22:36:26.137+0000] {dag.py:3820} INFO - Setting next_dagrun for example_python_operator to None, run_after=None
[2025-05-04T22:36:26.147+0000] {processor.py:183} INFO - Processing /home/airflow/.local/lib/python3.8/site-packages/airflow/example_dags/example_python_operator.py took 0.032 seconds
[2025-05-04T22:36:56.344+0000] {processor.py:161} INFO - Started process (PID=129) to work on /home/airflow/.local/lib/python3.8/site-packages/airflow/example_dags/example_python_operator.py
[2025-05-04T22:36:56.345+0000] {processor.py:830} INFO - Processing file /home/airflow/.local/lib/python3.8/site-packages/airflow/example_dags/example_python_operator.py for tasks to queue
[2025-05-04T22:36:56.346+0000] {logging_mixin.py:188} INFO - [2025-05-04T22:36:56.346+0000] {dagbag.py:538} INFO - Filling up the DagBag from /home/airflow/.local/lib/python3.8/site-packages/airflow/example_dags/example_python_operator.py
[2025-05-04T22:36:56.351+0000] {processor.py:840} INFO - DAG(s) 'example_python_operator' retrieved from /home/airflow/.local/lib/python3.8/site-packages/airflow/example_dags/example_python_operator.py
[2025-05-04T22:36:56.400+0000] {logging_mixin.py:188} INFO - [2025-05-04T22:36:56.400+0000] {dag.py:3033} INFO - Sync 1 DAGs
[2025-05-04T22:36:56.407+0000] {logging_mixin.py:188} INFO - [2025-05-04T22:36:56.407+0000] {dag.py:3820} INFO - Setting next_dagrun for example_python_operator to None, run_after=None
[2025-05-04T22:36:56.420+0000] {processor.py:183} INFO - Processing /home/airflow/.local/lib/python3.8/site-packages/airflow/example_dags/example_python_operator.py took 0.078 seconds
[2025-05-04T22:37:27.291+0000] {processor.py:161} INFO - Started process (PID=185) to work on /home/airflow/.local/lib/python3.8/site-packages/airflow/example_dags/example_python_operator.py
[2025-05-04T22:37:27.291+0000] {processor.py:830} INFO - Processing file /home/airflow/.local/lib/python3.8/site-packages/airflow/example_dags/example_python_operator.py for tasks to queue
[2025-05-04T22:37:27.292+0000] {logging_mixin.py:188} INFO - [2025-05-04T22:37:27.292+0000] {dagbag.py:538} INFO - Filling up the DagBag from /home/airflow/.local/lib/python3.8/site-packages/airflow/example_dags/example_python_operator.py
[2025-05-04T22:37:27.299+0000] {processor.py:840} INFO - DAG(s) 'example_python_operator' retrieved from /home/airflow/.local/lib/python3.8/site-packages/airflow/example_dags/example_python_operator.py
[2025-05-04T22:37:27.313+0000] {logging_mixin.py:188} INFO - [2025-05-04T22:37:27.313+0000] {dag.py:3033} INFO - Sync 1 DAGs
[2025-05-04T22:37:27.322+0000] {logging_mixin.py:188} INFO - [2025-05-04T22:37:27.321+0000] {dag.py:3820} INFO - Setting next_dagrun for example_python_operator to None, run_after=None
[2025-05-04T22:37:27.334+0000] {processor.py:183} INFO - Processing /home/airflow/.local/lib/python3.8/site-packages/airflow/example_dags/example_python_operator.py took 0.045 seconds
[2025-05-04T22:37:57.938+0000] {processor.py:161} INFO - Started process (PID=241) to work on /home/airflow/.local/lib/python3.8/site-packages/airflow/example_dags/example_python_operator.py
[2025-05-04T22:37:57.939+0000] {processor.py:830} INFO - Processing file /home/airflow/.local/lib/python3.8/site-packages/airflow/example_dags/example_python_operator.py for tasks to queue
[2025-05-04T22:37:57.941+0000] {logging_mixin.py:188} INFO - [2025-05-04T22:37:57.941+0000] {dagbag.py:538} INFO - Filling up the DagBag from /home/airflow/.local/lib/python3.8/site-packages/airflow/example_dags/example_python_operator.py
[2025-05-04T22:37:57.947+0000] {processor.py:840} INFO - DAG(s) 'example_python_operator' retrieved from /home/airflow/.local/lib/python3.8/site-packages/airflow/example_dags/example_python_operator.py
[2025-05-04T22:37:57.960+0000] {logging_mixin.py:188} INFO - [2025-05-04T22:37:57.960+0000] {dag.py:3033} INFO - Sync 1 DAGs
[2025-05-04T22:37:57.966+0000] {logging_mixin.py:188} INFO - [2025-05-04T22:37:57.966+0000] {dag.py:3820} INFO - Setting next_dagrun for example_python_operator to None, run_after=None
[2025-05-04T22:37:57.979+0000] {processor.py:183} INFO - Processing /home/airflow/.local/lib/python3.8/site-packages/airflow/example_dags/example_python_operator.py took 0.043 seconds
[2025-05-04T22:38:28.702+0000] {processor.py:161} INFO - Started process (PID=297) to work on /home/airflow/.local/lib/python3.8/site-packages/airflow/example_dags/example_python_operator.py
[2025-05-04T22:38:28.704+0000] {processor.py:830} INFO - Processing file /home/airflow/.local/lib/python3.8/site-packages/airflow/example_dags/example_python_operator.py for tasks to queue
[2025-05-04T22:38:28.705+0000] {logging_mixin.py:188} INFO - [2025-05-04T22:38:28.705+0000] {dagbag.py:538} INFO - Filling up the DagBag from /home/airflow/.local/lib/python3.8/site-packages/airflow/example_dags/example_python_operator.py
[2025-05-04T22:38:28.711+0000] {processor.py:840} INFO - DAG(s) 'example_python_operator' retrieved from /home/airflow/.local/lib/python3.8/site-packages/airflow/example_dags/example_python_operator.py
[2025-05-04T22:38:28.728+0000] {logging_mixin.py:188} INFO - [2025-05-04T22:38:28.728+0000] {dag.py:3033} INFO - Sync 1 DAGs
[2025-05-04T22:38:28.735+0000] {logging_mixin.py:188} INFO - [2025-05-04T22:38:28.734+0000] {dag.py:3820} INFO - Setting next_dagrun for example_python_operator to None, run_after=None
[2025-05-04T22:38:28.745+0000] {processor.py:183} INFO - Processing /home/airflow/.local/lib/python3.8/site-packages/airflow/example_dags/example_python_operator.py took 0.045 seconds
[2025-05-04T22:38:59.466+0000] {processor.py:161} INFO - Started process (PID=353) to work on /home/airflow/.local/lib/python3.8/site-packages/airflow/example_dags/example_python_operator.py
[2025-05-04T22:38:59.468+0000] {processor.py:830} INFO - Processing file /home/airflow/.local/lib/python3.8/site-packages/airflow/example_dags/example_python_operator.py for tasks to queue
[2025-05-04T22:38:59.470+0000] {logging_mixin.py:188} INFO - [2025-05-04T22:38:59.470+0000] {dagbag.py:538} INFO - Filling up the DagBag from /home/airflow/.local/lib/python3.8/site-packages/airflow/example_dags/example_python_operator.py
[2025-05-04T22:38:59.476+0000] {processor.py:840} INFO - DAG(s) 'example_python_operator' retrieved from /home/airflow/.local/lib/python3.8/site-packages/airflow/example_dags/example_python_operator.py
[2025-05-04T22:38:59.487+0000] {logging_mixin.py:188} INFO - [2025-05-04T22:38:59.487+0000] {dag.py:3033} INFO - Sync 1 DAGs
[2025-05-04T22:38:59.494+0000] {logging_mixin.py:188} INFO - [2025-05-04T22:38:59.494+0000] {dag.py:3820} INFO - Setting next_dagrun for example_python_operator to None, run_after=None
[2025-05-04T22:38:59.502+0000] {processor.py:183} INFO - Processing /home/airflow/.local/lib/python3.8/site-packages/airflow/example_dags/example_python_operator.py took 0.037 seconds
[2025-05-04T22:39:30.318+0000] {processor.py:161} INFO - Started process (PID=409) to work on /home/airflow/.local/lib/python3.8/site-packages/airflow/example_dags/example_python_operator.py
[2025-05-04T22:39:30.319+0000] {processor.py:830} INFO - Processing file /home/airflow/.local/lib/python3.8/site-packages/airflow/example_dags/example_python_operator.py for tasks to queue
[2025-05-04T22:39:30.320+0000] {logging_mixin.py:188} INFO - [2025-05-04T22:39:30.320+0000] {dagbag.py:538} INFO - Filling up the DagBag from /home/airflow/.local/lib/python3.8/site-packages/airflow/example_dags/example_python_operator.py
[2025-05-04T22:39:30.326+0000] {processor.py:840} INFO - DAG(s) 'example_python_operator' retrieved from /home/airflow/.local/lib/python3.8/site-packages/airflow/example_dags/example_python_operator.py
[2025-05-04T22:39:30.345+0000] {logging_mixin.py:188} INFO - [2025-05-04T22:39:30.345+0000] {dag.py:3033} INFO - Sync 1 DAGs
[2025-05-04T22:39:30.352+0000] {logging_mixin.py:188} INFO - [2025-05-04T22:39:30.352+0000] {dag.py:3820} INFO - Setting next_dagrun for example_python_operator to None, run_after=None
[2025-05-04T22:39:30.365+0000] {processor.py:183} INFO - Processing /home/airflow/.local/lib/python3.8/site-packages/airflow/example_dags/example_python_operator.py took 0.049 seconds
[2025-05-04T22:40:01.162+0000] {processor.py:161} INFO - Started process (PID=466) to work on /home/airflow/.local/lib/python3.8/site-packages/airflow/example_dags/example_python_operator.py
[2025-05-04T22:40:01.163+0000] {processor.py:830} INFO - Processing file /home/airflow/.local/lib/python3.8/site-packages/airflow/example_dags/example_python_operator.py for tasks to queue
[2025-05-04T22:40:01.164+0000] {logging_mixin.py:188} INFO - [2025-05-04T22:40:01.164+0000] {dagbag.py:538} INFO - Filling up the DagBag from /home/airflow/.local/lib/python3.8/site-packages/airflow/example_dags/example_python_operator.py
[2025-05-04T22:40:01.169+0000] {processor.py:840} INFO - DAG(s) 'example_python_operator' retrieved from /home/airflow/.local/lib/python3.8/site-packages/airflow/example_dags/example_python_operator.py
[2025-05-04T22:40:01.189+0000] {logging_mixin.py:188} INFO - [2025-05-04T22:40:01.189+0000] {dag.py:3033} INFO - Sync 1 DAGs
[2025-05-04T22:40:01.196+0000] {logging_mixin.py:188} INFO - [2025-05-04T22:40:01.196+0000] {dag.py:3820} INFO - Setting next_dagrun for example_python_operator to None, run_after=None
[2025-05-04T22:40:01.205+0000] {processor.py:183} INFO - Processing /home/airflow/.local/lib/python3.8/site-packages/airflow/example_dags/example_python_operator.py took 0.044 seconds
[2025-05-04T22:40:32.147+0000] {processor.py:161} INFO - Started process (PID=522) to work on /home/airflow/.local/lib/python3.8/site-packages/airflow/example_dags/example_python_operator.py
[2025-05-04T22:40:32.148+0000] {processor.py:830} INFO - Processing file /home/airflow/.local/lib/python3.8/site-packages/airflow/example_dags/example_python_operator.py for tasks to queue
[2025-05-04T22:40:32.150+0000] {logging_mixin.py:188} INFO - [2025-05-04T22:40:32.150+0000] {dagbag.py:538} INFO - Filling up the DagBag from /home/airflow/.local/lib/python3.8/site-packages/airflow/example_dags/example_python_operator.py
[2025-05-04T22:40:32.158+0000] {processor.py:840} INFO - DAG(s) 'example_python_operator' retrieved from /home/airflow/.local/lib/python3.8/site-packages/airflow/example_dags/example_python_operator.py
[2025-05-04T22:40:32.176+0000] {logging_mixin.py:188} INFO - [2025-05-04T22:40:32.176+0000] {dag.py:3033} INFO - Sync 1 DAGs
[2025-05-04T22:40:32.184+0000] {logging_mixin.py:188} INFO - [2025-05-04T22:40:32.184+0000] {dag.py:3820} INFO - Setting next_dagrun for example_python_operator to None, run_after=None
[2025-05-04T22:40:32.199+0000] {processor.py:183} INFO - Processing /home/airflow/.local/lib/python3.8/site-packages/airflow/example_dags/example_python_operator.py took 0.054 seconds
[2025-05-04T22:41:02.258+0000] {processor.py:161} INFO - Started process (PID=578) to work on /home/airflow/.local/lib/python3.8/site-packages/airflow/example_dags/example_python_operator.py
[2025-05-04T22:41:02.259+0000] {processor.py:830} INFO - Processing file /home/airflow/.local/lib/python3.8/site-packages/airflow/example_dags/example_python_operator.py for tasks to queue
[2025-05-04T22:41:02.260+0000] {logging_mixin.py:188} INFO - [2025-05-04T22:41:02.260+0000] {dagbag.py:538} INFO - Filling up the DagBag from /home/airflow/.local/lib/python3.8/site-packages/airflow/example_dags/example_python_operator.py
[2025-05-04T22:41:02.266+0000] {processor.py:840} INFO - DAG(s) 'example_python_operator' retrieved from /home/airflow/.local/lib/python3.8/site-packages/airflow/example_dags/example_python_operator.py
[2025-05-04T22:41:02.278+0000] {logging_mixin.py:188} INFO - [2025-05-04T22:41:02.278+0000] {dag.py:3033} INFO - Sync 1 DAGs
[2025-05-04T22:41:02.285+0000] {logging_mixin.py:188} INFO - [2025-05-04T22:41:02.285+0000] {dag.py:3820} INFO - Setting next_dagrun for example_python_operator to None, run_after=None
[2025-05-04T22:41:02.296+0000] {processor.py:183} INFO - Processing /home/airflow/.local/lib/python3.8/site-packages/airflow/example_dags/example_python_operator.py took 0.040 seconds
[2025-05-04T22:41:32.900+0000] {processor.py:161} INFO - Started process (PID=634) to work on /home/airflow/.local/lib/python3.8/site-packages/airflow/example_dags/example_python_operator.py
[2025-05-04T22:41:32.902+0000] {processor.py:830} INFO - Processing file /home/airflow/.local/lib/python3.8/site-packages/airflow/example_dags/example_python_operator.py for tasks to queue
[2025-05-04T22:41:32.903+0000] {logging_mixin.py:188} INFO - [2025-05-04T22:41:32.903+0000] {dagbag.py:538} INFO - Filling up the DagBag from /home/airflow/.local/lib/python3.8/site-packages/airflow/example_dags/example_python_operator.py
[2025-05-04T22:41:32.909+0000] {processor.py:840} INFO - DAG(s) 'example_python_operator' retrieved from /home/airflow/.local/lib/python3.8/site-packages/airflow/example_dags/example_python_operator.py
[2025-05-04T22:41:32.920+0000] {logging_mixin.py:188} INFO - [2025-05-04T22:41:32.920+0000] {dag.py:3033} INFO - Sync 1 DAGs
[2025-05-04T22:41:32.927+0000] {logging_mixin.py:188} INFO - [2025-05-04T22:41:32.926+0000] {dag.py:3820} INFO - Setting next_dagrun for example_python_operator to None, run_after=None
[2025-05-04T22:41:32.940+0000] {processor.py:183} INFO - Processing /home/airflow/.local/lib/python3.8/site-packages/airflow/example_dags/example_python_operator.py took 0.042 seconds
[2025-05-04T22:42:03.802+0000] {processor.py:161} INFO - Started process (PID=690) to work on /home/airflow/.local/lib/python3.8/site-packages/airflow/example_dags/example_python_operator.py
[2025-05-04T22:42:03.804+0000] {processor.py:830} INFO - Processing file /home/airflow/.local/lib/python3.8/site-packages/airflow/example_dags/example_python_operator.py for tasks to queue
[2025-05-04T22:42:03.805+0000] {logging_mixin.py:188} INFO - [2025-05-04T22:42:03.805+0000] {dagbag.py:538} INFO - Filling up the DagBag from /home/airflow/.local/lib/python3.8/site-packages/airflow/example_dags/example_python_operator.py
[2025-05-04T22:42:03.811+0000] {processor.py:840} INFO - DAG(s) 'example_python_operator' retrieved from /home/airflow/.local/lib/python3.8/site-packages/airflow/example_dags/example_python_operator.py
[2025-05-04T22:42:03.825+0000] {logging_mixin.py:188} INFO - [2025-05-04T22:42:03.825+0000] {dag.py:3033} INFO - Sync 1 DAGs
[2025-05-04T22:42:03.837+0000] {logging_mixin.py:188} INFO - [2025-05-04T22:42:03.836+0000] {dag.py:3820} INFO - Setting next_dagrun for example_python_operator to None, run_after=None
[2025-05-04T22:42:03.846+0000] {processor.py:183} INFO - Processing /home/airflow/.local/lib/python3.8/site-packages/airflow/example_dags/example_python_operator.py took 0.046 seconds
[2025-05-04T22:42:34.555+0000] {processor.py:161} INFO - Started process (PID=746) to work on /home/airflow/.local/lib/python3.8/site-packages/airflow/example_dags/example_python_operator.py
[2025-05-04T22:42:34.557+0000] {processor.py:830} INFO - Processing file /home/airflow/.local/lib/python3.8/site-packages/airflow/example_dags/example_python_operator.py for tasks to queue
[2025-05-04T22:42:34.559+0000] {logging_mixin.py:188} INFO - [2025-05-04T22:42:34.559+0000] {dagbag.py:538} INFO - Filling up the DagBag from /home/airflow/.local/lib/python3.8/site-packages/airflow/example_dags/example_python_operator.py
[2025-05-04T22:42:34.565+0000] {processor.py:840} INFO - DAG(s) 'example_python_operator' retrieved from /home/airflow/.local/lib/python3.8/site-packages/airflow/example_dags/example_python_operator.py
[2025-05-04T22:42:34.576+0000] {logging_mixin.py:188} INFO - [2025-05-04T22:42:34.576+0000] {dag.py:3033} INFO - Sync 1 DAGs
[2025-05-04T22:42:34.582+0000] {logging_mixin.py:188} INFO - [2025-05-04T22:42:34.582+0000] {dag.py:3820} INFO - Setting next_dagrun for example_python_operator to None, run_after=None
[2025-05-04T22:42:34.592+0000] {processor.py:183} INFO - Processing /home/airflow/.local/lib/python3.8/site-packages/airflow/example_dags/example_python_operator.py took 0.039 seconds
[2025-05-04T22:43:05.445+0000] {processor.py:161} INFO - Started process (PID=802) to work on /home/airflow/.local/lib/python3.8/site-packages/airflow/example_dags/example_python_operator.py
[2025-05-04T22:43:05.446+0000] {processor.py:830} INFO - Processing file /home/airflow/.local/lib/python3.8/site-packages/airflow/example_dags/example_python_operator.py for tasks to queue
[2025-05-04T22:43:05.447+0000] {logging_mixin.py:188} INFO - [2025-05-04T22:43:05.447+0000] {dagbag.py:538} INFO - Filling up the DagBag from /home/airflow/.local/lib/python3.8/site-packages/airflow/example_dags/example_python_operator.py
[2025-05-04T22:43:05.455+0000] {processor.py:840} INFO - DAG(s) 'example_python_operator' retrieved from /home/airflow/.local/lib/python3.8/site-packages/airflow/example_dags/example_python_operator.py
[2025-05-04T22:43:05.469+0000] {logging_mixin.py:188} INFO - [2025-05-04T22:43:05.469+0000] {dag.py:3033} INFO - Sync 1 DAGs
[2025-05-04T22:43:05.477+0000] {logging_mixin.py:188} INFO - [2025-05-04T22:43:05.477+0000] {dag.py:3820} INFO - Setting next_dagrun for example_python_operator to None, run_after=None
[2025-05-04T22:43:05.488+0000] {processor.py:183} INFO - Processing /home/airflow/.local/lib/python3.8/site-packages/airflow/example_dags/example_python_operator.py took 0.045 seconds
[2025-05-04T22:43:36.394+0000] {processor.py:161} INFO - Started process (PID=858) to work on /home/airflow/.local/lib/python3.8/site-packages/airflow/example_dags/example_python_operator.py
[2025-05-04T22:43:36.395+0000] {processor.py:830} INFO - Processing file /home/airflow/.local/lib/python3.8/site-packages/airflow/example_dags/example_python_operator.py for tasks to queue
[2025-05-04T22:43:36.397+0000] {logging_mixin.py:188} INFO - [2025-05-04T22:43:36.397+0000] {dagbag.py:538} INFO - Filling up the DagBag from /home/airflow/.local/lib/python3.8/site-packages/airflow/example_dags/example_python_operator.py
[2025-05-04T22:43:36.403+0000] {processor.py:840} INFO - DAG(s) 'example_python_operator' retrieved from /home/airflow/.local/lib/python3.8/site-packages/airflow/example_dags/example_python_operator.py
[2025-05-04T22:43:36.420+0000] {logging_mixin.py:188} INFO - [2025-05-04T22:43:36.420+0000] {dag.py:3033} INFO - Sync 1 DAGs
[2025-05-04T22:43:36.429+0000] {logging_mixin.py:188} INFO - [2025-05-04T22:43:36.428+0000] {dag.py:3820} INFO - Setting next_dagrun for example_python_operator to None, run_after=None
[2025-05-04T22:43:36.442+0000] {processor.py:183} INFO - Processing /home/airflow/.local/lib/python3.8/site-packages/airflow/example_dags/example_python_operator.py took 0.050 seconds
[2025-05-04T22:44:07.159+0000] {processor.py:161} INFO - Started process (PID=914) to work on /home/airflow/.local/lib/python3.8/site-packages/airflow/example_dags/example_python_operator.py
[2025-05-04T22:44:07.159+0000] {processor.py:830} INFO - Processing file /home/airflow/.local/lib/python3.8/site-packages/airflow/example_dags/example_python_operator.py for tasks to queue
[2025-05-04T22:44:07.161+0000] {logging_mixin.py:188} INFO - [2025-05-04T22:44:07.161+0000] {dagbag.py:538} INFO - Filling up the DagBag from /home/airflow/.local/lib/python3.8/site-packages/airflow/example_dags/example_python_operator.py
[2025-05-04T22:44:07.166+0000] {processor.py:840} INFO - DAG(s) 'example_python_operator' retrieved from /home/airflow/.local/lib/python3.8/site-packages/airflow/example_dags/example_python_operator.py
[2025-05-04T22:44:07.180+0000] {logging_mixin.py:188} INFO - [2025-05-04T22:44:07.180+0000] {dag.py:3033} INFO - Sync 1 DAGs
[2025-05-04T22:44:07.189+0000] {logging_mixin.py:188} INFO - [2025-05-04T22:44:07.189+0000] {dag.py:3820} INFO - Setting next_dagrun for example_python_operator to None, run_after=None
[2025-05-04T22:44:07.235+0000] {processor.py:183} INFO - Processing /home/airflow/.local/lib/python3.8/site-packages/airflow/example_dags/example_python_operator.py took 0.078 seconds
[2025-05-04T22:44:37.981+0000] {processor.py:161} INFO - Started process (PID=970) to work on /home/airflow/.local/lib/python3.8/site-packages/airflow/example_dags/example_python_operator.py
[2025-05-04T22:44:37.982+0000] {processor.py:830} INFO - Processing file /home/airflow/.local/lib/python3.8/site-packages/airflow/example_dags/example_python_operator.py for tasks to queue
[2025-05-04T22:44:37.984+0000] {logging_mixin.py:188} INFO - [2025-05-04T22:44:37.984+0000] {dagbag.py:538} INFO - Filling up the DagBag from /home/airflow/.local/lib/python3.8/site-packages/airflow/example_dags/example_python_operator.py
[2025-05-04T22:44:37.989+0000] {processor.py:840} INFO - DAG(s) 'example_python_operator' retrieved from /home/airflow/.local/lib/python3.8/site-packages/airflow/example_dags/example_python_operator.py
[2025-05-04T22:44:38.006+0000] {logging_mixin.py:188} INFO - [2025-05-04T22:44:38.006+0000] {dag.py:3033} INFO - Sync 1 DAGs
[2025-05-04T22:44:38.013+0000] {logging_mixin.py:188} INFO - [2025-05-04T22:44:38.013+0000] {dag.py:3820} INFO - Setting next_dagrun for example_python_operator to None, run_after=None
[2025-05-04T22:44:38.024+0000] {processor.py:183} INFO - Processing /home/airflow/.local/lib/python3.8/site-packages/airflow/example_dags/example_python_operator.py took 0.044 seconds
[2025-05-04T22:45:08.866+0000] {processor.py:161} INFO - Started process (PID=1026) to work on /home/airflow/.local/lib/python3.8/site-packages/airflow/example_dags/example_python_operator.py
[2025-05-04T22:45:08.867+0000] {processor.py:830} INFO - Processing file /home/airflow/.local/lib/python3.8/site-packages/airflow/example_dags/example_python_operator.py for tasks to queue
[2025-05-04T22:45:08.869+0000] {logging_mixin.py:188} INFO - [2025-05-04T22:45:08.869+0000] {dagbag.py:538} INFO - Filling up the DagBag from /home/airflow/.local/lib/python3.8/site-packages/airflow/example_dags/example_python_operator.py
[2025-05-04T22:45:08.877+0000] {processor.py:840} INFO - DAG(s) 'example_python_operator' retrieved from /home/airflow/.local/lib/python3.8/site-packages/airflow/example_dags/example_python_operator.py
[2025-05-04T22:45:08.890+0000] {logging_mixin.py:188} INFO - [2025-05-04T22:45:08.890+0000] {dag.py:3033} INFO - Sync 1 DAGs
[2025-05-04T22:45:08.896+0000] {logging_mixin.py:188} INFO - [2025-05-04T22:45:08.896+0000] {dag.py:3820} INFO - Setting next_dagrun for example_python_operator to None, run_after=None
[2025-05-04T22:45:08.911+0000] {processor.py:183} INFO - Processing /home/airflow/.local/lib/python3.8/site-packages/airflow/example_dags/example_python_operator.py took 0.046 seconds
[2025-05-04T22:45:39.791+0000] {processor.py:161} INFO - Started process (PID=1082) to work on /home/airflow/.local/lib/python3.8/site-packages/airflow/example_dags/example_python_operator.py
[2025-05-04T22:45:39.792+0000] {processor.py:830} INFO - Processing file /home/airflow/.local/lib/python3.8/site-packages/airflow/example_dags/example_python_operator.py for tasks to queue
[2025-05-04T22:45:39.793+0000] {logging_mixin.py:188} INFO - [2025-05-04T22:45:39.793+0000] {dagbag.py:538} INFO - Filling up the DagBag from /home/airflow/.local/lib/python3.8/site-packages/airflow/example_dags/example_python_operator.py
[2025-05-04T22:45:39.800+0000] {processor.py:840} INFO - DAG(s) 'example_python_operator' retrieved from /home/airflow/.local/lib/python3.8/site-packages/airflow/example_dags/example_python_operator.py
[2025-05-04T22:45:39.812+0000] {logging_mixin.py:188} INFO - [2025-05-04T22:45:39.812+0000] {dag.py:3033} INFO - Sync 1 DAGs
[2025-05-04T22:45:39.819+0000] {logging_mixin.py:188} INFO - [2025-05-04T22:45:39.819+0000] {dag.py:3820} INFO - Setting next_dagrun for example_python_operator to None, run_after=None
[2025-05-04T22:45:39.833+0000] {processor.py:183} INFO - Processing /home/airflow/.local/lib/python3.8/site-packages/airflow/example_dags/example_python_operator.py took 0.044 seconds
[2025-05-04T22:46:32.327+0000] {processor.py:161} INFO - Started process (PID=74) to work on /home/airflow/.local/lib/python3.8/site-packages/airflow/example_dags/example_python_operator.py
[2025-05-04T22:46:32.328+0000] {processor.py:830} INFO - Processing file /home/airflow/.local/lib/python3.8/site-packages/airflow/example_dags/example_python_operator.py for tasks to queue
[2025-05-04T22:46:32.330+0000] {logging_mixin.py:188} INFO - [2025-05-04T22:46:32.330+0000] {dagbag.py:538} INFO - Filling up the DagBag from /home/airflow/.local/lib/python3.8/site-packages/airflow/example_dags/example_python_operator.py
[2025-05-04T22:46:32.336+0000] {processor.py:840} INFO - DAG(s) 'example_python_operator' retrieved from /home/airflow/.local/lib/python3.8/site-packages/airflow/example_dags/example_python_operator.py
[2025-05-04T22:46:32.346+0000] {logging_mixin.py:188} INFO - [2025-05-04T22:46:32.346+0000] {dag.py:3033} INFO - Sync 1 DAGs
[2025-05-04T22:46:32.352+0000] {logging_mixin.py:188} INFO - [2025-05-04T22:46:32.352+0000] {dag.py:3820} INFO - Setting next_dagrun for example_python_operator to None, run_after=None
[2025-05-04T22:46:32.360+0000] {processor.py:183} INFO - Processing /home/airflow/.local/lib/python3.8/site-packages/airflow/example_dags/example_python_operator.py took 0.034 seconds
[2025-05-04T22:46:56.818+0000] {processor.py:161} INFO - Started process (PID=73) to work on /home/airflow/.local/lib/python3.8/site-packages/airflow/example_dags/example_python_operator.py
[2025-05-04T22:46:56.820+0000] {processor.py:830} INFO - Processing file /home/airflow/.local/lib/python3.8/site-packages/airflow/example_dags/example_python_operator.py for tasks to queue
[2025-05-04T22:46:56.822+0000] {logging_mixin.py:188} INFO - [2025-05-04T22:46:56.822+0000] {dagbag.py:538} INFO - Filling up the DagBag from /home/airflow/.local/lib/python3.8/site-packages/airflow/example_dags/example_python_operator.py
[2025-05-04T22:46:56.829+0000] {processor.py:840} INFO - DAG(s) 'example_python_operator' retrieved from /home/airflow/.local/lib/python3.8/site-packages/airflow/example_dags/example_python_operator.py
[2025-05-04T22:46:56.835+0000] {logging_mixin.py:188} INFO - [2025-05-04T22:46:56.835+0000] {dag.py:3033} INFO - Sync 1 DAGs
[2025-05-04T22:46:56.843+0000] {logging_mixin.py:188} INFO - [2025-05-04T22:46:56.843+0000] {dag.py:3820} INFO - Setting next_dagrun for example_python_operator to None, run_after=None
[2025-05-04T22:46:56.856+0000] {processor.py:183} INFO - Processing /home/airflow/.local/lib/python3.8/site-packages/airflow/example_dags/example_python_operator.py took 0.043 seconds
[2025-05-04T22:47:52.580+0000] {processor.py:161} INFO - Started process (PID=74) to work on /home/airflow/.local/lib/python3.8/site-packages/airflow/example_dags/example_python_operator.py
[2025-05-04T22:47:52.583+0000] {processor.py:830} INFO - Processing file /home/airflow/.local/lib/python3.8/site-packages/airflow/example_dags/example_python_operator.py for tasks to queue
[2025-05-04T22:47:52.585+0000] {logging_mixin.py:188} INFO - [2025-05-04T22:47:52.585+0000] {dagbag.py:538} INFO - Filling up the DagBag from /home/airflow/.local/lib/python3.8/site-packages/airflow/example_dags/example_python_operator.py
[2025-05-04T22:47:52.595+0000] {processor.py:840} INFO - DAG(s) 'example_python_operator' retrieved from /home/airflow/.local/lib/python3.8/site-packages/airflow/example_dags/example_python_operator.py
[2025-05-04T22:47:52.609+0000] {logging_mixin.py:188} INFO - [2025-05-04T22:47:52.608+0000] {dag.py:3033} INFO - Sync 1 DAGs
[2025-05-04T22:47:52.620+0000] {logging_mixin.py:188} INFO - [2025-05-04T22:47:52.620+0000] {dag.py:3820} INFO - Setting next_dagrun for example_python_operator to None, run_after=None
[2025-05-04T22:47:52.629+0000] {processor.py:183} INFO - Processing /home/airflow/.local/lib/python3.8/site-packages/airflow/example_dags/example_python_operator.py took 0.051 seconds
[2025-05-04T22:48:22.738+0000] {processor.py:161} INFO - Started process (PID=130) to work on /home/airflow/.local/lib/python3.8/site-packages/airflow/example_dags/example_python_operator.py
[2025-05-04T22:48:22.739+0000] {processor.py:830} INFO - Processing file /home/airflow/.local/lib/python3.8/site-packages/airflow/example_dags/example_python_operator.py for tasks to queue
[2025-05-04T22:48:22.741+0000] {logging_mixin.py:188} INFO - [2025-05-04T22:48:22.740+0000] {dagbag.py:538} INFO - Filling up the DagBag from /home/airflow/.local/lib/python3.8/site-packages/airflow/example_dags/example_python_operator.py
[2025-05-04T22:48:22.746+0000] {processor.py:840} INFO - DAG(s) 'example_python_operator' retrieved from /home/airflow/.local/lib/python3.8/site-packages/airflow/example_dags/example_python_operator.py
[2025-05-04T22:48:22.789+0000] {logging_mixin.py:188} INFO - [2025-05-04T22:48:22.789+0000] {dag.py:3033} INFO - Sync 1 DAGs
[2025-05-04T22:48:22.798+0000] {logging_mixin.py:188} INFO - [2025-05-04T22:48:22.798+0000] {dag.py:3820} INFO - Setting next_dagrun for example_python_operator to None, run_after=None
[2025-05-04T22:48:22.806+0000] {processor.py:183} INFO - Processing /home/airflow/.local/lib/python3.8/site-packages/airflow/example_dags/example_python_operator.py took 0.070 seconds
[2025-05-04T22:48:53.622+0000] {processor.py:161} INFO - Started process (PID=186) to work on /home/airflow/.local/lib/python3.8/site-packages/airflow/example_dags/example_python_operator.py
[2025-05-04T22:48:53.624+0000] {processor.py:830} INFO - Processing file /home/airflow/.local/lib/python3.8/site-packages/airflow/example_dags/example_python_operator.py for tasks to queue
[2025-05-04T22:48:53.625+0000] {logging_mixin.py:188} INFO - [2025-05-04T22:48:53.625+0000] {dagbag.py:538} INFO - Filling up the DagBag from /home/airflow/.local/lib/python3.8/site-packages/airflow/example_dags/example_python_operator.py
[2025-05-04T22:48:53.630+0000] {processor.py:840} INFO - DAG(s) 'example_python_operator' retrieved from /home/airflow/.local/lib/python3.8/site-packages/airflow/example_dags/example_python_operator.py
[2025-05-04T22:48:53.644+0000] {logging_mixin.py:188} INFO - [2025-05-04T22:48:53.644+0000] {dag.py:3033} INFO - Sync 1 DAGs
[2025-05-04T22:48:53.649+0000] {logging_mixin.py:188} INFO - [2025-05-04T22:48:53.649+0000] {dag.py:3820} INFO - Setting next_dagrun for example_python_operator to None, run_after=None
[2025-05-04T22:48:53.661+0000] {processor.py:183} INFO - Processing /home/airflow/.local/lib/python3.8/site-packages/airflow/example_dags/example_python_operator.py took 0.040 seconds
[2025-05-04T22:49:24.506+0000] {processor.py:161} INFO - Started process (PID=242) to work on /home/airflow/.local/lib/python3.8/site-packages/airflow/example_dags/example_python_operator.py
[2025-05-04T22:49:24.507+0000] {processor.py:830} INFO - Processing file /home/airflow/.local/lib/python3.8/site-packages/airflow/example_dags/example_python_operator.py for tasks to queue
[2025-05-04T22:49:24.508+0000] {logging_mixin.py:188} INFO - [2025-05-04T22:49:24.508+0000] {dagbag.py:538} INFO - Filling up the DagBag from /home/airflow/.local/lib/python3.8/site-packages/airflow/example_dags/example_python_operator.py
[2025-05-04T22:49:24.514+0000] {processor.py:840} INFO - DAG(s) 'example_python_operator' retrieved from /home/airflow/.local/lib/python3.8/site-packages/airflow/example_dags/example_python_operator.py
[2025-05-04T22:49:24.528+0000] {logging_mixin.py:188} INFO - [2025-05-04T22:49:24.528+0000] {dag.py:3033} INFO - Sync 1 DAGs
[2025-05-04T22:49:24.533+0000] {logging_mixin.py:188} INFO - [2025-05-04T22:49:24.533+0000] {dag.py:3820} INFO - Setting next_dagrun for example_python_operator to None, run_after=None
[2025-05-04T22:49:24.543+0000] {processor.py:183} INFO - Processing /home/airflow/.local/lib/python3.8/site-packages/airflow/example_dags/example_python_operator.py took 0.039 seconds
[2025-05-04T22:49:55.163+0000] {processor.py:161} INFO - Started process (PID=298) to work on /home/airflow/.local/lib/python3.8/site-packages/airflow/example_dags/example_python_operator.py
[2025-05-04T22:49:55.164+0000] {processor.py:830} INFO - Processing file /home/airflow/.local/lib/python3.8/site-packages/airflow/example_dags/example_python_operator.py for tasks to queue
[2025-05-04T22:49:55.165+0000] {logging_mixin.py:188} INFO - [2025-05-04T22:49:55.165+0000] {dagbag.py:538} INFO - Filling up the DagBag from /home/airflow/.local/lib/python3.8/site-packages/airflow/example_dags/example_python_operator.py
[2025-05-04T22:49:55.171+0000] {processor.py:840} INFO - DAG(s) 'example_python_operator' retrieved from /home/airflow/.local/lib/python3.8/site-packages/airflow/example_dags/example_python_operator.py
[2025-05-04T22:49:55.179+0000] {logging_mixin.py:188} INFO - [2025-05-04T22:49:55.179+0000] {dag.py:3033} INFO - Sync 1 DAGs
[2025-05-04T22:49:55.185+0000] {logging_mixin.py:188} INFO - [2025-05-04T22:49:55.185+0000] {dag.py:3820} INFO - Setting next_dagrun for example_python_operator to None, run_after=None
[2025-05-04T22:49:55.197+0000] {processor.py:183} INFO - Processing /home/airflow/.local/lib/python3.8/site-packages/airflow/example_dags/example_python_operator.py took 0.035 seconds
[2025-05-04T22:50:25.903+0000] {processor.py:161} INFO - Started process (PID=354) to work on /home/airflow/.local/lib/python3.8/site-packages/airflow/example_dags/example_python_operator.py
[2025-05-04T22:50:25.906+0000] {processor.py:830} INFO - Processing file /home/airflow/.local/lib/python3.8/site-packages/airflow/example_dags/example_python_operator.py for tasks to queue
[2025-05-04T22:50:25.907+0000] {logging_mixin.py:188} INFO - [2025-05-04T22:50:25.907+0000] {dagbag.py:538} INFO - Filling up the DagBag from /home/airflow/.local/lib/python3.8/site-packages/airflow/example_dags/example_python_operator.py
[2025-05-04T22:50:25.914+0000] {processor.py:840} INFO - DAG(s) 'example_python_operator' retrieved from /home/airflow/.local/lib/python3.8/site-packages/airflow/example_dags/example_python_operator.py
[2025-05-04T22:50:25.927+0000] {logging_mixin.py:188} INFO - [2025-05-04T22:50:25.927+0000] {dag.py:3033} INFO - Sync 1 DAGs
[2025-05-04T22:50:25.935+0000] {logging_mixin.py:188} INFO - [2025-05-04T22:50:25.934+0000] {dag.py:3820} INFO - Setting next_dagrun for example_python_operator to None, run_after=None
[2025-05-04T22:50:25.960+0000] {processor.py:183} INFO - Processing /home/airflow/.local/lib/python3.8/site-packages/airflow/example_dags/example_python_operator.py took 0.059 seconds
[2025-05-04T22:50:59.053+0000] {processor.py:161} INFO - Started process (PID=74) to work on /home/airflow/.local/lib/python3.8/site-packages/airflow/example_dags/example_python_operator.py
[2025-05-04T22:50:59.054+0000] {processor.py:830} INFO - Processing file /home/airflow/.local/lib/python3.8/site-packages/airflow/example_dags/example_python_operator.py for tasks to queue
[2025-05-04T22:50:59.056+0000] {logging_mixin.py:188} INFO - [2025-05-04T22:50:59.056+0000] {dagbag.py:538} INFO - Filling up the DagBag from /home/airflow/.local/lib/python3.8/site-packages/airflow/example_dags/example_python_operator.py
[2025-05-04T22:50:59.064+0000] {processor.py:840} INFO - DAG(s) 'example_python_operator' retrieved from /home/airflow/.local/lib/python3.8/site-packages/airflow/example_dags/example_python_operator.py
[2025-05-04T22:50:59.075+0000] {logging_mixin.py:188} INFO - [2025-05-04T22:50:59.075+0000] {dag.py:3033} INFO - Sync 1 DAGs
[2025-05-04T22:50:59.087+0000] {logging_mixin.py:188} INFO - [2025-05-04T22:50:59.087+0000] {dag.py:3820} INFO - Setting next_dagrun for example_python_operator to None, run_after=None
[2025-05-04T22:50:59.099+0000] {processor.py:183} INFO - Processing /home/airflow/.local/lib/python3.8/site-packages/airflow/example_dags/example_python_operator.py took 0.048 seconds
[2025-05-04T22:51:29.251+0000] {processor.py:161} INFO - Started process (PID=130) to work on /home/airflow/.local/lib/python3.8/site-packages/airflow/example_dags/example_python_operator.py
[2025-05-04T22:51:29.252+0000] {processor.py:830} INFO - Processing file /home/airflow/.local/lib/python3.8/site-packages/airflow/example_dags/example_python_operator.py for tasks to queue
[2025-05-04T22:51:29.253+0000] {logging_mixin.py:188} INFO - [2025-05-04T22:51:29.253+0000] {dagbag.py:538} INFO - Filling up the DagBag from /home/airflow/.local/lib/python3.8/site-packages/airflow/example_dags/example_python_operator.py
[2025-05-04T22:51:29.258+0000] {processor.py:840} INFO - DAG(s) 'example_python_operator' retrieved from /home/airflow/.local/lib/python3.8/site-packages/airflow/example_dags/example_python_operator.py
[2025-05-04T22:51:29.298+0000] {logging_mixin.py:188} INFO - [2025-05-04T22:51:29.298+0000] {dag.py:3033} INFO - Sync 1 DAGs
[2025-05-04T22:51:29.305+0000] {logging_mixin.py:188} INFO - [2025-05-04T22:51:29.305+0000] {dag.py:3820} INFO - Setting next_dagrun for example_python_operator to None, run_after=None
[2025-05-04T22:51:29.312+0000] {processor.py:183} INFO - Processing /home/airflow/.local/lib/python3.8/site-packages/airflow/example_dags/example_python_operator.py took 0.063 seconds
[2025-05-04T22:52:00.147+0000] {processor.py:161} INFO - Started process (PID=186) to work on /home/airflow/.local/lib/python3.8/site-packages/airflow/example_dags/example_python_operator.py
[2025-05-04T22:52:00.148+0000] {processor.py:830} INFO - Processing file /home/airflow/.local/lib/python3.8/site-packages/airflow/example_dags/example_python_operator.py for tasks to queue
[2025-05-04T22:52:00.149+0000] {logging_mixin.py:188} INFO - [2025-05-04T22:52:00.149+0000] {dagbag.py:538} INFO - Filling up the DagBag from /home/airflow/.local/lib/python3.8/site-packages/airflow/example_dags/example_python_operator.py
[2025-05-04T22:52:00.154+0000] {processor.py:840} INFO - DAG(s) 'example_python_operator' retrieved from /home/airflow/.local/lib/python3.8/site-packages/airflow/example_dags/example_python_operator.py
[2025-05-04T22:52:00.164+0000] {logging_mixin.py:188} INFO - [2025-05-04T22:52:00.164+0000] {dag.py:3033} INFO - Sync 1 DAGs
[2025-05-04T22:52:00.170+0000] {logging_mixin.py:188} INFO - [2025-05-04T22:52:00.170+0000] {dag.py:3820} INFO - Setting next_dagrun for example_python_operator to None, run_after=None
[2025-05-04T22:52:00.180+0000] {processor.py:183} INFO - Processing /home/airflow/.local/lib/python3.8/site-packages/airflow/example_dags/example_python_operator.py took 0.035 seconds
[2025-05-04T22:52:30.979+0000] {processor.py:161} INFO - Started process (PID=242) to work on /home/airflow/.local/lib/python3.8/site-packages/airflow/example_dags/example_python_operator.py
[2025-05-04T22:52:30.980+0000] {processor.py:830} INFO - Processing file /home/airflow/.local/lib/python3.8/site-packages/airflow/example_dags/example_python_operator.py for tasks to queue
[2025-05-04T22:52:30.982+0000] {logging_mixin.py:188} INFO - [2025-05-04T22:52:30.981+0000] {dagbag.py:538} INFO - Filling up the DagBag from /home/airflow/.local/lib/python3.8/site-packages/airflow/example_dags/example_python_operator.py
[2025-05-04T22:52:30.988+0000] {processor.py:840} INFO - DAG(s) 'example_python_operator' retrieved from /home/airflow/.local/lib/python3.8/site-packages/airflow/example_dags/example_python_operator.py
[2025-05-04T22:52:31.000+0000] {logging_mixin.py:188} INFO - [2025-05-04T22:52:30.999+0000] {dag.py:3033} INFO - Sync 1 DAGs
[2025-05-04T22:52:31.004+0000] {logging_mixin.py:188} INFO - [2025-05-04T22:52:31.004+0000] {dag.py:3820} INFO - Setting next_dagrun for example_python_operator to None, run_after=None
[2025-05-04T22:52:31.013+0000] {processor.py:183} INFO - Processing /home/airflow/.local/lib/python3.8/site-packages/airflow/example_dags/example_python_operator.py took 0.036 seconds
[2025-05-04T22:53:01.626+0000] {processor.py:161} INFO - Started process (PID=298) to work on /home/airflow/.local/lib/python3.8/site-packages/airflow/example_dags/example_python_operator.py
[2025-05-04T22:53:01.629+0000] {processor.py:830} INFO - Processing file /home/airflow/.local/lib/python3.8/site-packages/airflow/example_dags/example_python_operator.py for tasks to queue
[2025-05-04T22:53:01.630+0000] {logging_mixin.py:188} INFO - [2025-05-04T22:53:01.630+0000] {dagbag.py:538} INFO - Filling up the DagBag from /home/airflow/.local/lib/python3.8/site-packages/airflow/example_dags/example_python_operator.py
[2025-05-04T22:53:01.635+0000] {processor.py:840} INFO - DAG(s) 'example_python_operator' retrieved from /home/airflow/.local/lib/python3.8/site-packages/airflow/example_dags/example_python_operator.py
[2025-05-04T22:53:01.646+0000] {logging_mixin.py:188} INFO - [2025-05-04T22:53:01.646+0000] {dag.py:3033} INFO - Sync 1 DAGs
[2025-05-04T22:53:01.651+0000] {logging_mixin.py:188} INFO - [2025-05-04T22:53:01.651+0000] {dag.py:3820} INFO - Setting next_dagrun for example_python_operator to None, run_after=None
[2025-05-04T22:53:01.658+0000] {processor.py:183} INFO - Processing /home/airflow/.local/lib/python3.8/site-packages/airflow/example_dags/example_python_operator.py took 0.033 seconds
[2025-05-04T22:58:01.384+0000] {processor.py:161} INFO - Started process (PID=74) to work on /home/airflow/.local/lib/python3.8/site-packages/airflow/example_dags/example_python_operator.py
[2025-05-04T22:58:01.386+0000] {processor.py:830} INFO - Processing file /home/airflow/.local/lib/python3.8/site-packages/airflow/example_dags/example_python_operator.py for tasks to queue
[2025-05-04T22:58:01.391+0000] {logging_mixin.py:188} INFO - [2025-05-04T22:58:01.391+0000] {dagbag.py:538} INFO - Filling up the DagBag from /home/airflow/.local/lib/python3.8/site-packages/airflow/example_dags/example_python_operator.py
[2025-05-04T22:58:01.399+0000] {processor.py:840} INFO - DAG(s) 'example_python_operator' retrieved from /home/airflow/.local/lib/python3.8/site-packages/airflow/example_dags/example_python_operator.py
[2025-05-04T22:58:01.411+0000] {logging_mixin.py:188} INFO - [2025-05-04T22:58:01.411+0000] {dag.py:3033} INFO - Sync 1 DAGs
[2025-05-04T22:58:01.423+0000] {logging_mixin.py:188} INFO - [2025-05-04T22:58:01.423+0000] {dag.py:3820} INFO - Setting next_dagrun for example_python_operator to None, run_after=None
[2025-05-04T22:58:01.442+0000] {processor.py:183} INFO - Processing /home/airflow/.local/lib/python3.8/site-packages/airflow/example_dags/example_python_operator.py took 0.064 seconds
[2025-05-04T22:58:31.895+0000] {processor.py:161} INFO - Started process (PID=130) to work on /home/airflow/.local/lib/python3.8/site-packages/airflow/example_dags/example_python_operator.py
[2025-05-04T22:58:31.896+0000] {processor.py:830} INFO - Processing file /home/airflow/.local/lib/python3.8/site-packages/airflow/example_dags/example_python_operator.py for tasks to queue
[2025-05-04T22:58:31.897+0000] {logging_mixin.py:188} INFO - [2025-05-04T22:58:31.897+0000] {dagbag.py:538} INFO - Filling up the DagBag from /home/airflow/.local/lib/python3.8/site-packages/airflow/example_dags/example_python_operator.py
[2025-05-04T22:58:31.902+0000] {processor.py:840} INFO - DAG(s) 'example_python_operator' retrieved from /home/airflow/.local/lib/python3.8/site-packages/airflow/example_dags/example_python_operator.py
[2025-05-04T22:58:31.940+0000] {logging_mixin.py:188} INFO - [2025-05-04T22:58:31.940+0000] {dag.py:3033} INFO - Sync 1 DAGs
[2025-05-04T22:58:31.945+0000] {logging_mixin.py:188} INFO - [2025-05-04T22:58:31.945+0000] {dag.py:3820} INFO - Setting next_dagrun for example_python_operator to None, run_after=None
[2025-05-04T22:58:31.952+0000] {processor.py:183} INFO - Processing /home/airflow/.local/lib/python3.8/site-packages/airflow/example_dags/example_python_operator.py took 0.059 seconds
[2025-05-04T22:59:02.905+0000] {processor.py:161} INFO - Started process (PID=186) to work on /home/airflow/.local/lib/python3.8/site-packages/airflow/example_dags/example_python_operator.py
[2025-05-04T22:59:02.909+0000] {processor.py:830} INFO - Processing file /home/airflow/.local/lib/python3.8/site-packages/airflow/example_dags/example_python_operator.py for tasks to queue
[2025-05-04T22:59:02.910+0000] {logging_mixin.py:188} INFO - [2025-05-04T22:59:02.910+0000] {dagbag.py:538} INFO - Filling up the DagBag from /home/airflow/.local/lib/python3.8/site-packages/airflow/example_dags/example_python_operator.py
[2025-05-04T22:59:02.914+0000] {processor.py:840} INFO - DAG(s) 'example_python_operator' retrieved from /home/airflow/.local/lib/python3.8/site-packages/airflow/example_dags/example_python_operator.py
[2025-05-04T22:59:02.927+0000] {logging_mixin.py:188} INFO - [2025-05-04T22:59:02.927+0000] {dag.py:3033} INFO - Sync 1 DAGs
[2025-05-04T22:59:02.934+0000] {logging_mixin.py:188} INFO - [2025-05-04T22:59:02.934+0000] {dag.py:3820} INFO - Setting next_dagrun for example_python_operator to None, run_after=None
[2025-05-04T22:59:02.946+0000] {processor.py:183} INFO - Processing /home/airflow/.local/lib/python3.8/site-packages/airflow/example_dags/example_python_operator.py took 0.042 seconds
[2025-05-04T22:59:33.657+0000] {processor.py:161} INFO - Started process (PID=248) to work on /home/airflow/.local/lib/python3.8/site-packages/airflow/example_dags/example_python_operator.py
[2025-05-04T22:59:33.658+0000] {processor.py:830} INFO - Processing file /home/airflow/.local/lib/python3.8/site-packages/airflow/example_dags/example_python_operator.py for tasks to queue
[2025-05-04T22:59:33.660+0000] {logging_mixin.py:188} INFO - [2025-05-04T22:59:33.660+0000] {dagbag.py:538} INFO - Filling up the DagBag from /home/airflow/.local/lib/python3.8/site-packages/airflow/example_dags/example_python_operator.py
[2025-05-04T22:59:33.670+0000] {processor.py:840} INFO - DAG(s) 'example_python_operator' retrieved from /home/airflow/.local/lib/python3.8/site-packages/airflow/example_dags/example_python_operator.py
[2025-05-04T22:59:33.689+0000] {logging_mixin.py:188} INFO - [2025-05-04T22:59:33.689+0000] {dag.py:3033} INFO - Sync 1 DAGs
[2025-05-04T22:59:33.693+0000] {logging_mixin.py:188} INFO - [2025-05-04T22:59:33.693+0000] {dag.py:3820} INFO - Setting next_dagrun for example_python_operator to None, run_after=None
[2025-05-04T22:59:33.707+0000] {processor.py:183} INFO - Processing /home/airflow/.local/lib/python3.8/site-packages/airflow/example_dags/example_python_operator.py took 0.052 seconds
[2025-05-04T23:00:04.438+0000] {processor.py:161} INFO - Started process (PID=304) to work on /home/airflow/.local/lib/python3.8/site-packages/airflow/example_dags/example_python_operator.py
[2025-05-04T23:00:04.440+0000] {processor.py:830} INFO - Processing file /home/airflow/.local/lib/python3.8/site-packages/airflow/example_dags/example_python_operator.py for tasks to queue
[2025-05-04T23:00:04.441+0000] {logging_mixin.py:188} INFO - [2025-05-04T23:00:04.441+0000] {dagbag.py:538} INFO - Filling up the DagBag from /home/airflow/.local/lib/python3.8/site-packages/airflow/example_dags/example_python_operator.py
[2025-05-04T23:00:04.448+0000] {processor.py:840} INFO - DAG(s) 'example_python_operator' retrieved from /home/airflow/.local/lib/python3.8/site-packages/airflow/example_dags/example_python_operator.py
[2025-05-04T23:00:04.460+0000] {logging_mixin.py:188} INFO - [2025-05-04T23:00:04.460+0000] {dag.py:3033} INFO - Sync 1 DAGs
[2025-05-04T23:00:04.466+0000] {logging_mixin.py:188} INFO - [2025-05-04T23:00:04.466+0000] {dag.py:3820} INFO - Setting next_dagrun for example_python_operator to None, run_after=None
[2025-05-04T23:00:04.474+0000] {processor.py:183} INFO - Processing /home/airflow/.local/lib/python3.8/site-packages/airflow/example_dags/example_python_operator.py took 0.037 seconds
[2025-05-04T23:00:35.112+0000] {processor.py:161} INFO - Started process (PID=360) to work on /home/airflow/.local/lib/python3.8/site-packages/airflow/example_dags/example_python_operator.py
[2025-05-04T23:00:35.116+0000] {processor.py:830} INFO - Processing file /home/airflow/.local/lib/python3.8/site-packages/airflow/example_dags/example_python_operator.py for tasks to queue
[2025-05-04T23:00:35.117+0000] {logging_mixin.py:188} INFO - [2025-05-04T23:00:35.117+0000] {dagbag.py:538} INFO - Filling up the DagBag from /home/airflow/.local/lib/python3.8/site-packages/airflow/example_dags/example_python_operator.py
[2025-05-04T23:00:35.122+0000] {processor.py:840} INFO - DAG(s) 'example_python_operator' retrieved from /home/airflow/.local/lib/python3.8/site-packages/airflow/example_dags/example_python_operator.py
[2025-05-04T23:00:35.135+0000] {logging_mixin.py:188} INFO - [2025-05-04T23:00:35.135+0000] {dag.py:3033} INFO - Sync 1 DAGs
[2025-05-04T23:00:35.144+0000] {logging_mixin.py:188} INFO - [2025-05-04T23:00:35.144+0000] {dag.py:3820} INFO - Setting next_dagrun for example_python_operator to None, run_after=None
[2025-05-04T23:00:35.155+0000] {processor.py:183} INFO - Processing /home/airflow/.local/lib/python3.8/site-packages/airflow/example_dags/example_python_operator.py took 0.045 seconds
[2025-05-04T23:01:05.750+0000] {processor.py:161} INFO - Started process (PID=416) to work on /home/airflow/.local/lib/python3.8/site-packages/airflow/example_dags/example_python_operator.py
[2025-05-04T23:01:05.752+0000] {processor.py:830} INFO - Processing file /home/airflow/.local/lib/python3.8/site-packages/airflow/example_dags/example_python_operator.py for tasks to queue
[2025-05-04T23:01:05.754+0000] {logging_mixin.py:188} INFO - [2025-05-04T23:01:05.754+0000] {dagbag.py:538} INFO - Filling up the DagBag from /home/airflow/.local/lib/python3.8/site-packages/airflow/example_dags/example_python_operator.py
[2025-05-04T23:01:05.762+0000] {processor.py:840} INFO - DAG(s) 'example_python_operator' retrieved from /home/airflow/.local/lib/python3.8/site-packages/airflow/example_dags/example_python_operator.py
[2025-05-04T23:01:05.774+0000] {logging_mixin.py:188} INFO - [2025-05-04T23:01:05.774+0000] {dag.py:3033} INFO - Sync 1 DAGs
[2025-05-04T23:01:05.779+0000] {logging_mixin.py:188} INFO - [2025-05-04T23:01:05.779+0000] {dag.py:3820} INFO - Setting next_dagrun for example_python_operator to None, run_after=None
[2025-05-04T23:01:05.790+0000] {processor.py:183} INFO - Processing /home/airflow/.local/lib/python3.8/site-packages/airflow/example_dags/example_python_operator.py took 0.042 seconds
[2025-05-04T23:01:36.346+0000] {processor.py:161} INFO - Started process (PID=472) to work on /home/airflow/.local/lib/python3.8/site-packages/airflow/example_dags/example_python_operator.py
[2025-05-04T23:01:36.346+0000] {processor.py:830} INFO - Processing file /home/airflow/.local/lib/python3.8/site-packages/airflow/example_dags/example_python_operator.py for tasks to queue
[2025-05-04T23:01:36.348+0000] {logging_mixin.py:188} INFO - [2025-05-04T23:01:36.348+0000] {dagbag.py:538} INFO - Filling up the DagBag from /home/airflow/.local/lib/python3.8/site-packages/airflow/example_dags/example_python_operator.py
[2025-05-04T23:01:36.353+0000] {processor.py:840} INFO - DAG(s) 'example_python_operator' retrieved from /home/airflow/.local/lib/python3.8/site-packages/airflow/example_dags/example_python_operator.py
[2025-05-04T23:01:36.364+0000] {logging_mixin.py:188} INFO - [2025-05-04T23:01:36.364+0000] {dag.py:3033} INFO - Sync 1 DAGs
[2025-05-04T23:01:36.371+0000] {logging_mixin.py:188} INFO - [2025-05-04T23:01:36.371+0000] {dag.py:3820} INFO - Setting next_dagrun for example_python_operator to None, run_after=None
[2025-05-04T23:01:36.382+0000] {processor.py:183} INFO - Processing /home/airflow/.local/lib/python3.8/site-packages/airflow/example_dags/example_python_operator.py took 0.038 seconds
[2025-05-04T23:02:06.862+0000] {processor.py:161} INFO - Started process (PID=528) to work on /home/airflow/.local/lib/python3.8/site-packages/airflow/example_dags/example_python_operator.py
[2025-05-04T23:02:06.863+0000] {processor.py:830} INFO - Processing file /home/airflow/.local/lib/python3.8/site-packages/airflow/example_dags/example_python_operator.py for tasks to queue
[2025-05-04T23:02:06.864+0000] {logging_mixin.py:188} INFO - [2025-05-04T23:02:06.864+0000] {dagbag.py:538} INFO - Filling up the DagBag from /home/airflow/.local/lib/python3.8/site-packages/airflow/example_dags/example_python_operator.py
[2025-05-04T23:02:06.868+0000] {processor.py:840} INFO - DAG(s) 'example_python_operator' retrieved from /home/airflow/.local/lib/python3.8/site-packages/airflow/example_dags/example_python_operator.py
[2025-05-04T23:02:06.880+0000] {logging_mixin.py:188} INFO - [2025-05-04T23:02:06.879+0000] {dag.py:3033} INFO - Sync 1 DAGs
[2025-05-04T23:02:06.885+0000] {logging_mixin.py:188} INFO - [2025-05-04T23:02:06.885+0000] {dag.py:3820} INFO - Setting next_dagrun for example_python_operator to None, run_after=None
[2025-05-04T23:02:06.898+0000] {processor.py:183} INFO - Processing /home/airflow/.local/lib/python3.8/site-packages/airflow/example_dags/example_python_operator.py took 0.038 seconds
[2025-05-04T23:02:37.506+0000] {processor.py:161} INFO - Started process (PID=584) to work on /home/airflow/.local/lib/python3.8/site-packages/airflow/example_dags/example_python_operator.py
[2025-05-04T23:02:37.507+0000] {processor.py:830} INFO - Processing file /home/airflow/.local/lib/python3.8/site-packages/airflow/example_dags/example_python_operator.py for tasks to queue
[2025-05-04T23:02:37.509+0000] {logging_mixin.py:188} INFO - [2025-05-04T23:02:37.509+0000] {dagbag.py:538} INFO - Filling up the DagBag from /home/airflow/.local/lib/python3.8/site-packages/airflow/example_dags/example_python_operator.py
[2025-05-04T23:02:37.523+0000] {processor.py:840} INFO - DAG(s) 'example_python_operator' retrieved from /home/airflow/.local/lib/python3.8/site-packages/airflow/example_dags/example_python_operator.py
[2025-05-04T23:02:37.545+0000] {logging_mixin.py:188} INFO - [2025-05-04T23:02:37.545+0000] {dag.py:3033} INFO - Sync 1 DAGs
[2025-05-04T23:02:37.556+0000] {logging_mixin.py:188} INFO - [2025-05-04T23:02:37.556+0000] {dag.py:3820} INFO - Setting next_dagrun for example_python_operator to None, run_after=None
[2025-05-04T23:02:37.575+0000] {processor.py:183} INFO - Processing /home/airflow/.local/lib/python3.8/site-packages/airflow/example_dags/example_python_operator.py took 0.071 seconds
[2025-05-04T23:03:08.268+0000] {processor.py:161} INFO - Started process (PID=640) to work on /home/airflow/.local/lib/python3.8/site-packages/airflow/example_dags/example_python_operator.py
[2025-05-04T23:03:08.269+0000] {processor.py:830} INFO - Processing file /home/airflow/.local/lib/python3.8/site-packages/airflow/example_dags/example_python_operator.py for tasks to queue
[2025-05-04T23:03:08.270+0000] {logging_mixin.py:188} INFO - [2025-05-04T23:03:08.270+0000] {dagbag.py:538} INFO - Filling up the DagBag from /home/airflow/.local/lib/python3.8/site-packages/airflow/example_dags/example_python_operator.py
[2025-05-04T23:03:08.275+0000] {processor.py:840} INFO - DAG(s) 'example_python_operator' retrieved from /home/airflow/.local/lib/python3.8/site-packages/airflow/example_dags/example_python_operator.py
[2025-05-04T23:03:08.287+0000] {logging_mixin.py:188} INFO - [2025-05-04T23:03:08.287+0000] {dag.py:3033} INFO - Sync 1 DAGs
[2025-05-04T23:03:08.293+0000] {logging_mixin.py:188} INFO - [2025-05-04T23:03:08.293+0000] {dag.py:3820} INFO - Setting next_dagrun for example_python_operator to None, run_after=None
[2025-05-04T23:03:08.306+0000] {processor.py:183} INFO - Processing /home/airflow/.local/lib/python3.8/site-packages/airflow/example_dags/example_python_operator.py took 0.041 seconds
[2025-05-04T23:03:38.826+0000] {processor.py:161} INFO - Started process (PID=696) to work on /home/airflow/.local/lib/python3.8/site-packages/airflow/example_dags/example_python_operator.py
[2025-05-04T23:03:38.826+0000] {processor.py:830} INFO - Processing file /home/airflow/.local/lib/python3.8/site-packages/airflow/example_dags/example_python_operator.py for tasks to queue
[2025-05-04T23:03:38.828+0000] {logging_mixin.py:188} INFO - [2025-05-04T23:03:38.828+0000] {dagbag.py:538} INFO - Filling up the DagBag from /home/airflow/.local/lib/python3.8/site-packages/airflow/example_dags/example_python_operator.py
[2025-05-04T23:03:38.834+0000] {processor.py:840} INFO - DAG(s) 'example_python_operator' retrieved from /home/airflow/.local/lib/python3.8/site-packages/airflow/example_dags/example_python_operator.py
[2025-05-04T23:03:38.845+0000] {logging_mixin.py:188} INFO - [2025-05-04T23:03:38.845+0000] {dag.py:3033} INFO - Sync 1 DAGs
[2025-05-04T23:03:38.852+0000] {logging_mixin.py:188} INFO - [2025-05-04T23:03:38.852+0000] {dag.py:3820} INFO - Setting next_dagrun for example_python_operator to None, run_after=None
[2025-05-04T23:03:38.863+0000] {processor.py:183} INFO - Processing /home/airflow/.local/lib/python3.8/site-packages/airflow/example_dags/example_python_operator.py took 0.040 seconds
[2025-05-04T23:04:29.085+0000] {processor.py:161} INFO - Started process (PID=79) to work on /home/airflow/.local/lib/python3.8/site-packages/airflow/example_dags/example_python_operator.py
[2025-05-04T23:04:29.088+0000] {processor.py:830} INFO - Processing file /home/airflow/.local/lib/python3.8/site-packages/airflow/example_dags/example_python_operator.py for tasks to queue
[2025-05-04T23:04:29.090+0000] {logging_mixin.py:188} INFO - [2025-05-04T23:04:29.090+0000] {dagbag.py:538} INFO - Filling up the DagBag from /home/airflow/.local/lib/python3.8/site-packages/airflow/example_dags/example_python_operator.py
[2025-05-04T23:04:29.097+0000] {processor.py:840} INFO - DAG(s) 'example_python_operator' retrieved from /home/airflow/.local/lib/python3.8/site-packages/airflow/example_dags/example_python_operator.py
[2025-05-04T23:04:29.105+0000] {logging_mixin.py:188} INFO - [2025-05-04T23:04:29.105+0000] {dag.py:3033} INFO - Sync 1 DAGs
[2025-05-04T23:04:29.115+0000] {logging_mixin.py:188} INFO - [2025-05-04T23:04:29.115+0000] {dag.py:3820} INFO - Setting next_dagrun for example_python_operator to None, run_after=None
[2025-05-04T23:04:29.131+0000] {processor.py:183} INFO - Processing /home/airflow/.local/lib/python3.8/site-packages/airflow/example_dags/example_python_operator.py took 0.048 seconds
[2025-05-04T23:04:59.295+0000] {processor.py:161} INFO - Started process (PID=135) to work on /home/airflow/.local/lib/python3.8/site-packages/airflow/example_dags/example_python_operator.py
[2025-05-04T23:04:59.296+0000] {processor.py:830} INFO - Processing file /home/airflow/.local/lib/python3.8/site-packages/airflow/example_dags/example_python_operator.py for tasks to queue
[2025-05-04T23:04:59.297+0000] {logging_mixin.py:188} INFO - [2025-05-04T23:04:59.297+0000] {dagbag.py:538} INFO - Filling up the DagBag from /home/airflow/.local/lib/python3.8/site-packages/airflow/example_dags/example_python_operator.py
[2025-05-04T23:04:59.302+0000] {processor.py:840} INFO - DAG(s) 'example_python_operator' retrieved from /home/airflow/.local/lib/python3.8/site-packages/airflow/example_dags/example_python_operator.py
[2025-05-04T23:04:59.344+0000] {logging_mixin.py:188} INFO - [2025-05-04T23:04:59.344+0000] {dag.py:3033} INFO - Sync 1 DAGs
[2025-05-04T23:04:59.349+0000] {logging_mixin.py:188} INFO - [2025-05-04T23:04:59.349+0000] {dag.py:3820} INFO - Setting next_dagrun for example_python_operator to None, run_after=None
[2025-05-04T23:04:59.362+0000] {processor.py:183} INFO - Processing /home/airflow/.local/lib/python3.8/site-packages/airflow/example_dags/example_python_operator.py took 0.069 seconds
[2025-05-04T23:05:30.307+0000] {processor.py:161} INFO - Started process (PID=191) to work on /home/airflow/.local/lib/python3.8/site-packages/airflow/example_dags/example_python_operator.py
[2025-05-04T23:05:30.308+0000] {processor.py:830} INFO - Processing file /home/airflow/.local/lib/python3.8/site-packages/airflow/example_dags/example_python_operator.py for tasks to queue
[2025-05-04T23:05:30.310+0000] {logging_mixin.py:188} INFO - [2025-05-04T23:05:30.310+0000] {dagbag.py:538} INFO - Filling up the DagBag from /home/airflow/.local/lib/python3.8/site-packages/airflow/example_dags/example_python_operator.py
[2025-05-04T23:05:30.316+0000] {processor.py:840} INFO - DAG(s) 'example_python_operator' retrieved from /home/airflow/.local/lib/python3.8/site-packages/airflow/example_dags/example_python_operator.py
[2025-05-04T23:05:30.334+0000] {logging_mixin.py:188} INFO - [2025-05-04T23:05:30.334+0000] {dag.py:3033} INFO - Sync 1 DAGs
[2025-05-04T23:05:30.342+0000] {logging_mixin.py:188} INFO - [2025-05-04T23:05:30.341+0000] {dag.py:3820} INFO - Setting next_dagrun for example_python_operator to None, run_after=None
[2025-05-04T23:05:30.353+0000] {processor.py:183} INFO - Processing /home/airflow/.local/lib/python3.8/site-packages/airflow/example_dags/example_python_operator.py took 0.048 seconds
[2025-05-04T23:06:31.924+0000] {processor.py:161} INFO - Started process (PID=74) to work on /home/airflow/.local/lib/python3.8/site-packages/airflow/example_dags/example_python_operator.py
[2025-05-04T23:06:31.925+0000] {processor.py:830} INFO - Processing file /home/airflow/.local/lib/python3.8/site-packages/airflow/example_dags/example_python_operator.py for tasks to queue
[2025-05-04T23:06:31.927+0000] {logging_mixin.py:188} INFO - [2025-05-04T23:06:31.927+0000] {dagbag.py:538} INFO - Filling up the DagBag from /home/airflow/.local/lib/python3.8/site-packages/airflow/example_dags/example_python_operator.py
[2025-05-04T23:06:31.936+0000] {processor.py:840} INFO - DAG(s) 'example_python_operator' retrieved from /home/airflow/.local/lib/python3.8/site-packages/airflow/example_dags/example_python_operator.py
[2025-05-04T23:06:31.948+0000] {logging_mixin.py:188} INFO - [2025-05-04T23:06:31.948+0000] {dag.py:3033} INFO - Sync 1 DAGs
[2025-05-04T23:06:31.962+0000] {logging_mixin.py:188} INFO - [2025-05-04T23:06:31.962+0000] {dag.py:3820} INFO - Setting next_dagrun for example_python_operator to None, run_after=None
[2025-05-04T23:06:31.978+0000] {processor.py:183} INFO - Processing /home/airflow/.local/lib/python3.8/site-packages/airflow/example_dags/example_python_operator.py took 0.056 seconds
[2025-05-04T23:07:02.159+0000] {processor.py:161} INFO - Started process (PID=130) to work on /home/airflow/.local/lib/python3.8/site-packages/airflow/example_dags/example_python_operator.py
[2025-05-04T23:07:02.161+0000] {processor.py:830} INFO - Processing file /home/airflow/.local/lib/python3.8/site-packages/airflow/example_dags/example_python_operator.py for tasks to queue
[2025-05-04T23:07:02.166+0000] {logging_mixin.py:188} INFO - [2025-05-04T23:07:02.166+0000] {dagbag.py:538} INFO - Filling up the DagBag from /home/airflow/.local/lib/python3.8/site-packages/airflow/example_dags/example_python_operator.py
[2025-05-04T23:07:02.173+0000] {processor.py:840} INFO - DAG(s) 'example_python_operator' retrieved from /home/airflow/.local/lib/python3.8/site-packages/airflow/example_dags/example_python_operator.py
[2025-05-04T23:07:02.219+0000] {logging_mixin.py:188} INFO - [2025-05-04T23:07:02.219+0000] {dag.py:3033} INFO - Sync 1 DAGs
[2025-05-04T23:07:02.224+0000] {logging_mixin.py:188} INFO - [2025-05-04T23:07:02.223+0000] {dag.py:3820} INFO - Setting next_dagrun for example_python_operator to None, run_after=None
[2025-05-04T23:07:02.234+0000] {processor.py:183} INFO - Processing /home/airflow/.local/lib/python3.8/site-packages/airflow/example_dags/example_python_operator.py took 0.077 seconds
[2025-05-04T23:07:33.021+0000] {processor.py:161} INFO - Started process (PID=192) to work on /home/airflow/.local/lib/python3.8/site-packages/airflow/example_dags/example_python_operator.py
[2025-05-04T23:07:33.024+0000] {processor.py:830} INFO - Processing file /home/airflow/.local/lib/python3.8/site-packages/airflow/example_dags/example_python_operator.py for tasks to queue
[2025-05-04T23:07:33.025+0000] {logging_mixin.py:188} INFO - [2025-05-04T23:07:33.025+0000] {dagbag.py:538} INFO - Filling up the DagBag from /home/airflow/.local/lib/python3.8/site-packages/airflow/example_dags/example_python_operator.py
[2025-05-04T23:07:33.030+0000] {processor.py:840} INFO - DAG(s) 'example_python_operator' retrieved from /home/airflow/.local/lib/python3.8/site-packages/airflow/example_dags/example_python_operator.py
[2025-05-04T23:07:33.040+0000] {logging_mixin.py:188} INFO - [2025-05-04T23:07:33.039+0000] {dag.py:3033} INFO - Sync 1 DAGs
[2025-05-04T23:07:33.045+0000] {logging_mixin.py:188} INFO - [2025-05-04T23:07:33.045+0000] {dag.py:3820} INFO - Setting next_dagrun for example_python_operator to None, run_after=None
[2025-05-04T23:07:33.055+0000] {processor.py:183} INFO - Processing /home/airflow/.local/lib/python3.8/site-packages/airflow/example_dags/example_python_operator.py took 0.035 seconds
[2025-05-04T23:08:03.601+0000] {processor.py:161} INFO - Started process (PID=248) to work on /home/airflow/.local/lib/python3.8/site-packages/airflow/example_dags/example_python_operator.py
[2025-05-04T23:08:03.603+0000] {processor.py:830} INFO - Processing file /home/airflow/.local/lib/python3.8/site-packages/airflow/example_dags/example_python_operator.py for tasks to queue
[2025-05-04T23:08:03.604+0000] {logging_mixin.py:188} INFO - [2025-05-04T23:08:03.604+0000] {dagbag.py:538} INFO - Filling up the DagBag from /home/airflow/.local/lib/python3.8/site-packages/airflow/example_dags/example_python_operator.py
[2025-05-04T23:08:03.609+0000] {processor.py:840} INFO - DAG(s) 'example_python_operator' retrieved from /home/airflow/.local/lib/python3.8/site-packages/airflow/example_dags/example_python_operator.py
[2025-05-04T23:08:03.624+0000] {logging_mixin.py:188} INFO - [2025-05-04T23:08:03.623+0000] {dag.py:3033} INFO - Sync 1 DAGs
[2025-05-04T23:08:03.630+0000] {logging_mixin.py:188} INFO - [2025-05-04T23:08:03.630+0000] {dag.py:3820} INFO - Setting next_dagrun for example_python_operator to None, run_after=None
[2025-05-04T23:08:03.641+0000] {processor.py:183} INFO - Processing /home/airflow/.local/lib/python3.8/site-packages/airflow/example_dags/example_python_operator.py took 0.041 seconds
[2025-05-04T23:08:34.185+0000] {processor.py:161} INFO - Started process (PID=304) to work on /home/airflow/.local/lib/python3.8/site-packages/airflow/example_dags/example_python_operator.py
[2025-05-04T23:08:34.186+0000] {processor.py:830} INFO - Processing file /home/airflow/.local/lib/python3.8/site-packages/airflow/example_dags/example_python_operator.py for tasks to queue
[2025-05-04T23:08:34.187+0000] {logging_mixin.py:188} INFO - [2025-05-04T23:08:34.187+0000] {dagbag.py:538} INFO - Filling up the DagBag from /home/airflow/.local/lib/python3.8/site-packages/airflow/example_dags/example_python_operator.py
[2025-05-04T23:08:34.192+0000] {processor.py:840} INFO - DAG(s) 'example_python_operator' retrieved from /home/airflow/.local/lib/python3.8/site-packages/airflow/example_dags/example_python_operator.py
[2025-05-04T23:08:34.202+0000] {logging_mixin.py:188} INFO - [2025-05-04T23:08:34.202+0000] {dag.py:3033} INFO - Sync 1 DAGs
[2025-05-04T23:08:34.207+0000] {logging_mixin.py:188} INFO - [2025-05-04T23:08:34.207+0000] {dag.py:3820} INFO - Setting next_dagrun for example_python_operator to None, run_after=None
[2025-05-04T23:08:34.215+0000] {processor.py:183} INFO - Processing /home/airflow/.local/lib/python3.8/site-packages/airflow/example_dags/example_python_operator.py took 0.032 seconds
[2025-05-04T23:09:04.903+0000] {processor.py:161} INFO - Started process (PID=359) to work on /home/airflow/.local/lib/python3.8/site-packages/airflow/example_dags/example_python_operator.py
[2025-05-04T23:09:04.905+0000] {processor.py:830} INFO - Processing file /home/airflow/.local/lib/python3.8/site-packages/airflow/example_dags/example_python_operator.py for tasks to queue
[2025-05-04T23:09:04.905+0000] {logging_mixin.py:188} INFO - [2025-05-04T23:09:04.905+0000] {dagbag.py:538} INFO - Filling up the DagBag from /home/airflow/.local/lib/python3.8/site-packages/airflow/example_dags/example_python_operator.py
[2025-05-04T23:09:04.911+0000] {processor.py:840} INFO - DAG(s) 'example_python_operator' retrieved from /home/airflow/.local/lib/python3.8/site-packages/airflow/example_dags/example_python_operator.py
[2025-05-04T23:09:04.919+0000] {logging_mixin.py:188} INFO - [2025-05-04T23:09:04.919+0000] {dag.py:3033} INFO - Sync 1 DAGs
[2025-05-04T23:09:04.924+0000] {logging_mixin.py:188} INFO - [2025-05-04T23:09:04.924+0000] {dag.py:3820} INFO - Setting next_dagrun for example_python_operator to None, run_after=None
[2025-05-04T23:09:04.935+0000] {processor.py:183} INFO - Processing /home/airflow/.local/lib/python3.8/site-packages/airflow/example_dags/example_python_operator.py took 0.034 seconds
[2025-05-04T23:09:35.028+0000] {processor.py:161} INFO - Started process (PID=415) to work on /home/airflow/.local/lib/python3.8/site-packages/airflow/example_dags/example_python_operator.py
[2025-05-04T23:09:35.028+0000] {processor.py:830} INFO - Processing file /home/airflow/.local/lib/python3.8/site-packages/airflow/example_dags/example_python_operator.py for tasks to queue
[2025-05-04T23:09:35.031+0000] {logging_mixin.py:188} INFO - [2025-05-04T23:09:35.031+0000] {dagbag.py:538} INFO - Filling up the DagBag from /home/airflow/.local/lib/python3.8/site-packages/airflow/example_dags/example_python_operator.py
[2025-05-04T23:09:35.037+0000] {processor.py:840} INFO - DAG(s) 'example_python_operator' retrieved from /home/airflow/.local/lib/python3.8/site-packages/airflow/example_dags/example_python_operator.py
[2025-05-04T23:09:35.049+0000] {logging_mixin.py:188} INFO - [2025-05-04T23:09:35.049+0000] {dag.py:3033} INFO - Sync 1 DAGs
[2025-05-04T23:09:35.055+0000] {logging_mixin.py:188} INFO - [2025-05-04T23:09:35.055+0000] {dag.py:3820} INFO - Setting next_dagrun for example_python_operator to None, run_after=None
[2025-05-04T23:09:35.065+0000] {processor.py:183} INFO - Processing /home/airflow/.local/lib/python3.8/site-packages/airflow/example_dags/example_python_operator.py took 0.039 seconds
[2025-05-04T23:10:05.795+0000] {processor.py:161} INFO - Started process (PID=471) to work on /home/airflow/.local/lib/python3.8/site-packages/airflow/example_dags/example_python_operator.py
[2025-05-04T23:10:05.796+0000] {processor.py:830} INFO - Processing file /home/airflow/.local/lib/python3.8/site-packages/airflow/example_dags/example_python_operator.py for tasks to queue
[2025-05-04T23:10:05.797+0000] {logging_mixin.py:188} INFO - [2025-05-04T23:10:05.797+0000] {dagbag.py:538} INFO - Filling up the DagBag from /home/airflow/.local/lib/python3.8/site-packages/airflow/example_dags/example_python_operator.py
[2025-05-04T23:10:05.804+0000] {processor.py:840} INFO - DAG(s) 'example_python_operator' retrieved from /home/airflow/.local/lib/python3.8/site-packages/airflow/example_dags/example_python_operator.py
[2025-05-04T23:10:05.814+0000] {logging_mixin.py:188} INFO - [2025-05-04T23:10:05.814+0000] {dag.py:3033} INFO - Sync 1 DAGs
[2025-05-04T23:10:05.821+0000] {logging_mixin.py:188} INFO - [2025-05-04T23:10:05.821+0000] {dag.py:3820} INFO - Setting next_dagrun for example_python_operator to None, run_after=None
[2025-05-04T23:10:05.832+0000] {processor.py:183} INFO - Processing /home/airflow/.local/lib/python3.8/site-packages/airflow/example_dags/example_python_operator.py took 0.039 seconds
[2025-05-04T23:10:36.482+0000] {processor.py:161} INFO - Started process (PID=527) to work on /home/airflow/.local/lib/python3.8/site-packages/airflow/example_dags/example_python_operator.py
[2025-05-04T23:10:36.483+0000] {processor.py:830} INFO - Processing file /home/airflow/.local/lib/python3.8/site-packages/airflow/example_dags/example_python_operator.py for tasks to queue
[2025-05-04T23:10:36.484+0000] {logging_mixin.py:188} INFO - [2025-05-04T23:10:36.484+0000] {dagbag.py:538} INFO - Filling up the DagBag from /home/airflow/.local/lib/python3.8/site-packages/airflow/example_dags/example_python_operator.py
[2025-05-04T23:10:36.489+0000] {processor.py:840} INFO - DAG(s) 'example_python_operator' retrieved from /home/airflow/.local/lib/python3.8/site-packages/airflow/example_dags/example_python_operator.py
[2025-05-04T23:10:36.501+0000] {logging_mixin.py:188} INFO - [2025-05-04T23:10:36.501+0000] {dag.py:3033} INFO - Sync 1 DAGs
[2025-05-04T23:10:36.509+0000] {logging_mixin.py:188} INFO - [2025-05-04T23:10:36.509+0000] {dag.py:3820} INFO - Setting next_dagrun for example_python_operator to None, run_after=None
[2025-05-04T23:10:36.525+0000] {processor.py:183} INFO - Processing /home/airflow/.local/lib/python3.8/site-packages/airflow/example_dags/example_python_operator.py took 0.045 seconds
[2025-05-04T23:11:07.196+0000] {processor.py:161} INFO - Started process (PID=583) to work on /home/airflow/.local/lib/python3.8/site-packages/airflow/example_dags/example_python_operator.py
[2025-05-04T23:11:07.197+0000] {processor.py:830} INFO - Processing file /home/airflow/.local/lib/python3.8/site-packages/airflow/example_dags/example_python_operator.py for tasks to queue
[2025-05-04T23:11:07.198+0000] {logging_mixin.py:188} INFO - [2025-05-04T23:11:07.198+0000] {dagbag.py:538} INFO - Filling up the DagBag from /home/airflow/.local/lib/python3.8/site-packages/airflow/example_dags/example_python_operator.py
[2025-05-04T23:11:07.203+0000] {processor.py:840} INFO - DAG(s) 'example_python_operator' retrieved from /home/airflow/.local/lib/python3.8/site-packages/airflow/example_dags/example_python_operator.py
[2025-05-04T23:11:07.216+0000] {logging_mixin.py:188} INFO - [2025-05-04T23:11:07.216+0000] {dag.py:3033} INFO - Sync 1 DAGs
[2025-05-04T23:11:07.222+0000] {logging_mixin.py:188} INFO - [2025-05-04T23:11:07.222+0000] {dag.py:3820} INFO - Setting next_dagrun for example_python_operator to None, run_after=None
[2025-05-04T23:11:07.236+0000] {processor.py:183} INFO - Processing /home/airflow/.local/lib/python3.8/site-packages/airflow/example_dags/example_python_operator.py took 0.042 seconds
[2025-05-04T23:11:37.795+0000] {processor.py:161} INFO - Started process (PID=639) to work on /home/airflow/.local/lib/python3.8/site-packages/airflow/example_dags/example_python_operator.py
[2025-05-04T23:11:37.796+0000] {processor.py:830} INFO - Processing file /home/airflow/.local/lib/python3.8/site-packages/airflow/example_dags/example_python_operator.py for tasks to queue
[2025-05-04T23:11:37.796+0000] {logging_mixin.py:188} INFO - [2025-05-04T23:11:37.796+0000] {dagbag.py:538} INFO - Filling up the DagBag from /home/airflow/.local/lib/python3.8/site-packages/airflow/example_dags/example_python_operator.py
[2025-05-04T23:11:37.801+0000] {processor.py:840} INFO - DAG(s) 'example_python_operator' retrieved from /home/airflow/.local/lib/python3.8/site-packages/airflow/example_dags/example_python_operator.py
[2025-05-04T23:11:37.810+0000] {logging_mixin.py:188} INFO - [2025-05-04T23:11:37.810+0000] {dag.py:3033} INFO - Sync 1 DAGs
[2025-05-04T23:11:37.815+0000] {logging_mixin.py:188} INFO - [2025-05-04T23:11:37.815+0000] {dag.py:3820} INFO - Setting next_dagrun for example_python_operator to None, run_after=None
[2025-05-04T23:11:37.826+0000] {processor.py:183} INFO - Processing /home/airflow/.local/lib/python3.8/site-packages/airflow/example_dags/example_python_operator.py took 0.032 seconds
[2025-05-04T23:12:08.430+0000] {processor.py:161} INFO - Started process (PID=695) to work on /home/airflow/.local/lib/python3.8/site-packages/airflow/example_dags/example_python_operator.py
[2025-05-04T23:12:08.431+0000] {processor.py:830} INFO - Processing file /home/airflow/.local/lib/python3.8/site-packages/airflow/example_dags/example_python_operator.py for tasks to queue
[2025-05-04T23:12:08.431+0000] {logging_mixin.py:188} INFO - [2025-05-04T23:12:08.431+0000] {dagbag.py:538} INFO - Filling up the DagBag from /home/airflow/.local/lib/python3.8/site-packages/airflow/example_dags/example_python_operator.py
[2025-05-04T23:12:08.437+0000] {processor.py:840} INFO - DAG(s) 'example_python_operator' retrieved from /home/airflow/.local/lib/python3.8/site-packages/airflow/example_dags/example_python_operator.py
[2025-05-04T23:12:08.447+0000] {logging_mixin.py:188} INFO - [2025-05-04T23:12:08.447+0000] {dag.py:3033} INFO - Sync 1 DAGs
[2025-05-04T23:12:08.452+0000] {logging_mixin.py:188} INFO - [2025-05-04T23:12:08.452+0000] {dag.py:3820} INFO - Setting next_dagrun for example_python_operator to None, run_after=None
[2025-05-04T23:12:08.463+0000] {processor.py:183} INFO - Processing /home/airflow/.local/lib/python3.8/site-packages/airflow/example_dags/example_python_operator.py took 0.034 seconds
[2025-05-04T23:12:39.125+0000] {processor.py:161} INFO - Started process (PID=751) to work on /home/airflow/.local/lib/python3.8/site-packages/airflow/example_dags/example_python_operator.py
[2025-05-04T23:12:39.127+0000] {processor.py:830} INFO - Processing file /home/airflow/.local/lib/python3.8/site-packages/airflow/example_dags/example_python_operator.py for tasks to queue
[2025-05-04T23:12:39.128+0000] {logging_mixin.py:188} INFO - [2025-05-04T23:12:39.128+0000] {dagbag.py:538} INFO - Filling up the DagBag from /home/airflow/.local/lib/python3.8/site-packages/airflow/example_dags/example_python_operator.py
[2025-05-04T23:12:39.132+0000] {processor.py:840} INFO - DAG(s) 'example_python_operator' retrieved from /home/airflow/.local/lib/python3.8/site-packages/airflow/example_dags/example_python_operator.py
[2025-05-04T23:12:39.144+0000] {logging_mixin.py:188} INFO - [2025-05-04T23:12:39.144+0000] {dag.py:3033} INFO - Sync 1 DAGs
[2025-05-04T23:12:39.149+0000] {logging_mixin.py:188} INFO - [2025-05-04T23:12:39.149+0000] {dag.py:3820} INFO - Setting next_dagrun for example_python_operator to None, run_after=None
[2025-05-04T23:12:39.160+0000] {processor.py:183} INFO - Processing /home/airflow/.local/lib/python3.8/site-packages/airflow/example_dags/example_python_operator.py took 0.036 seconds
[2025-05-04T23:13:09.756+0000] {processor.py:161} INFO - Started process (PID=807) to work on /home/airflow/.local/lib/python3.8/site-packages/airflow/example_dags/example_python_operator.py
[2025-05-04T23:13:09.757+0000] {processor.py:830} INFO - Processing file /home/airflow/.local/lib/python3.8/site-packages/airflow/example_dags/example_python_operator.py for tasks to queue
[2025-05-04T23:13:09.759+0000] {logging_mixin.py:188} INFO - [2025-05-04T23:13:09.759+0000] {dagbag.py:538} INFO - Filling up the DagBag from /home/airflow/.local/lib/python3.8/site-packages/airflow/example_dags/example_python_operator.py
[2025-05-04T23:13:09.765+0000] {processor.py:840} INFO - DAG(s) 'example_python_operator' retrieved from /home/airflow/.local/lib/python3.8/site-packages/airflow/example_dags/example_python_operator.py
[2025-05-04T23:13:09.776+0000] {logging_mixin.py:188} INFO - [2025-05-04T23:13:09.776+0000] {dag.py:3033} INFO - Sync 1 DAGs
[2025-05-04T23:13:09.781+0000] {logging_mixin.py:188} INFO - [2025-05-04T23:13:09.781+0000] {dag.py:3820} INFO - Setting next_dagrun for example_python_operator to None, run_after=None
[2025-05-04T23:13:09.792+0000] {processor.py:183} INFO - Processing /home/airflow/.local/lib/python3.8/site-packages/airflow/example_dags/example_python_operator.py took 0.037 seconds
[2025-05-04T23:13:40.423+0000] {processor.py:161} INFO - Started process (PID=863) to work on /home/airflow/.local/lib/python3.8/site-packages/airflow/example_dags/example_python_operator.py
[2025-05-04T23:13:40.424+0000] {processor.py:830} INFO - Processing file /home/airflow/.local/lib/python3.8/site-packages/airflow/example_dags/example_python_operator.py for tasks to queue
[2025-05-04T23:13:40.425+0000] {logging_mixin.py:188} INFO - [2025-05-04T23:13:40.425+0000] {dagbag.py:538} INFO - Filling up the DagBag from /home/airflow/.local/lib/python3.8/site-packages/airflow/example_dags/example_python_operator.py
[2025-05-04T23:13:40.430+0000] {processor.py:840} INFO - DAG(s) 'example_python_operator' retrieved from /home/airflow/.local/lib/python3.8/site-packages/airflow/example_dags/example_python_operator.py
[2025-05-04T23:13:40.444+0000] {logging_mixin.py:188} INFO - [2025-05-04T23:13:40.443+0000] {dag.py:3033} INFO - Sync 1 DAGs
[2025-05-04T23:13:40.451+0000] {logging_mixin.py:188} INFO - [2025-05-04T23:13:40.451+0000] {dag.py:3820} INFO - Setting next_dagrun for example_python_operator to None, run_after=None
[2025-05-04T23:13:40.459+0000] {processor.py:183} INFO - Processing /home/airflow/.local/lib/python3.8/site-packages/airflow/example_dags/example_python_operator.py took 0.037 seconds
[2025-05-04T23:14:11.154+0000] {processor.py:161} INFO - Started process (PID=919) to work on /home/airflow/.local/lib/python3.8/site-packages/airflow/example_dags/example_python_operator.py
[2025-05-04T23:14:11.155+0000] {processor.py:830} INFO - Processing file /home/airflow/.local/lib/python3.8/site-packages/airflow/example_dags/example_python_operator.py for tasks to queue
[2025-05-04T23:14:11.156+0000] {logging_mixin.py:188} INFO - [2025-05-04T23:14:11.156+0000] {dagbag.py:538} INFO - Filling up the DagBag from /home/airflow/.local/lib/python3.8/site-packages/airflow/example_dags/example_python_operator.py
[2025-05-04T23:14:11.163+0000] {processor.py:840} INFO - DAG(s) 'example_python_operator' retrieved from /home/airflow/.local/lib/python3.8/site-packages/airflow/example_dags/example_python_operator.py
[2025-05-04T23:14:11.173+0000] {logging_mixin.py:188} INFO - [2025-05-04T23:14:11.173+0000] {dag.py:3033} INFO - Sync 1 DAGs
[2025-05-04T23:14:11.180+0000] {logging_mixin.py:188} INFO - [2025-05-04T23:14:11.180+0000] {dag.py:3820} INFO - Setting next_dagrun for example_python_operator to None, run_after=None
[2025-05-04T23:14:11.188+0000] {processor.py:183} INFO - Processing /home/airflow/.local/lib/python3.8/site-packages/airflow/example_dags/example_python_operator.py took 0.036 seconds
[2025-05-04T23:14:42.077+0000] {processor.py:161} INFO - Started process (PID=975) to work on /home/airflow/.local/lib/python3.8/site-packages/airflow/example_dags/example_python_operator.py
[2025-05-04T23:14:42.079+0000] {processor.py:830} INFO - Processing file /home/airflow/.local/lib/python3.8/site-packages/airflow/example_dags/example_python_operator.py for tasks to queue
[2025-05-04T23:14:42.081+0000] {logging_mixin.py:188} INFO - [2025-05-04T23:14:42.081+0000] {dagbag.py:538} INFO - Filling up the DagBag from /home/airflow/.local/lib/python3.8/site-packages/airflow/example_dags/example_python_operator.py
[2025-05-04T23:14:42.086+0000] {processor.py:840} INFO - DAG(s) 'example_python_operator' retrieved from /home/airflow/.local/lib/python3.8/site-packages/airflow/example_dags/example_python_operator.py
[2025-05-04T23:14:42.101+0000] {logging_mixin.py:188} INFO - [2025-05-04T23:14:42.101+0000] {dag.py:3033} INFO - Sync 1 DAGs
[2025-05-04T23:14:42.109+0000] {logging_mixin.py:188} INFO - [2025-05-04T23:14:42.109+0000] {dag.py:3820} INFO - Setting next_dagrun for example_python_operator to None, run_after=None
[2025-05-04T23:14:42.116+0000] {processor.py:183} INFO - Processing /home/airflow/.local/lib/python3.8/site-packages/airflow/example_dags/example_python_operator.py took 0.041 seconds
[2025-05-04T23:15:12.236+0000] {processor.py:161} INFO - Started process (PID=1031) to work on /home/airflow/.local/lib/python3.8/site-packages/airflow/example_dags/example_python_operator.py
[2025-05-04T23:15:12.236+0000] {processor.py:830} INFO - Processing file /home/airflow/.local/lib/python3.8/site-packages/airflow/example_dags/example_python_operator.py for tasks to queue
[2025-05-04T23:15:12.237+0000] {logging_mixin.py:188} INFO - [2025-05-04T23:15:12.237+0000] {dagbag.py:538} INFO - Filling up the DagBag from /home/airflow/.local/lib/python3.8/site-packages/airflow/example_dags/example_python_operator.py
[2025-05-04T23:15:12.242+0000] {processor.py:840} INFO - DAG(s) 'example_python_operator' retrieved from /home/airflow/.local/lib/python3.8/site-packages/airflow/example_dags/example_python_operator.py
[2025-05-04T23:15:12.252+0000] {logging_mixin.py:188} INFO - [2025-05-04T23:15:12.252+0000] {dag.py:3033} INFO - Sync 1 DAGs
[2025-05-04T23:15:12.260+0000] {logging_mixin.py:188} INFO - [2025-05-04T23:15:12.260+0000] {dag.py:3820} INFO - Setting next_dagrun for example_python_operator to None, run_after=None
[2025-05-04T23:15:12.274+0000] {processor.py:183} INFO - Processing /home/airflow/.local/lib/python3.8/site-packages/airflow/example_dags/example_python_operator.py took 0.040 seconds
[2025-05-04T23:15:42.779+0000] {processor.py:161} INFO - Started process (PID=1087) to work on /home/airflow/.local/lib/python3.8/site-packages/airflow/example_dags/example_python_operator.py
[2025-05-04T23:15:42.780+0000] {processor.py:830} INFO - Processing file /home/airflow/.local/lib/python3.8/site-packages/airflow/example_dags/example_python_operator.py for tasks to queue
[2025-05-04T23:15:42.782+0000] {logging_mixin.py:188} INFO - [2025-05-04T23:15:42.782+0000] {dagbag.py:538} INFO - Filling up the DagBag from /home/airflow/.local/lib/python3.8/site-packages/airflow/example_dags/example_python_operator.py
[2025-05-04T23:15:42.788+0000] {processor.py:840} INFO - DAG(s) 'example_python_operator' retrieved from /home/airflow/.local/lib/python3.8/site-packages/airflow/example_dags/example_python_operator.py
[2025-05-04T23:15:42.800+0000] {logging_mixin.py:188} INFO - [2025-05-04T23:15:42.800+0000] {dag.py:3033} INFO - Sync 1 DAGs
[2025-05-04T23:15:42.806+0000] {logging_mixin.py:188} INFO - [2025-05-04T23:15:42.805+0000] {dag.py:3820} INFO - Setting next_dagrun for example_python_operator to None, run_after=None
[2025-05-04T23:15:42.821+0000] {processor.py:183} INFO - Processing /home/airflow/.local/lib/python3.8/site-packages/airflow/example_dags/example_python_operator.py took 0.043 seconds
[2025-05-04T23:18:32.098+0000] {processor.py:161} INFO - Started process (PID=74) to work on /home/airflow/.local/lib/python3.8/site-packages/airflow/example_dags/example_python_operator.py
[2025-05-04T23:18:32.101+0000] {processor.py:830} INFO - Processing file /home/airflow/.local/lib/python3.8/site-packages/airflow/example_dags/example_python_operator.py for tasks to queue
[2025-05-04T23:18:32.104+0000] {logging_mixin.py:188} INFO - [2025-05-04T23:18:32.103+0000] {dagbag.py:538} INFO - Filling up the DagBag from /home/airflow/.local/lib/python3.8/site-packages/airflow/example_dags/example_python_operator.py
[2025-05-04T23:18:32.111+0000] {processor.py:840} INFO - DAG(s) 'example_python_operator' retrieved from /home/airflow/.local/lib/python3.8/site-packages/airflow/example_dags/example_python_operator.py
[2025-05-04T23:18:32.122+0000] {logging_mixin.py:188} INFO - [2025-05-04T23:18:32.122+0000] {dag.py:3033} INFO - Sync 1 DAGs
[2025-05-04T23:18:32.131+0000] {logging_mixin.py:188} INFO - [2025-05-04T23:18:32.131+0000] {dag.py:3820} INFO - Setting next_dagrun for example_python_operator to None, run_after=None
[2025-05-04T23:18:32.150+0000] {processor.py:183} INFO - Processing /home/airflow/.local/lib/python3.8/site-packages/airflow/example_dags/example_python_operator.py took 0.056 seconds
[2025-05-04T23:19:02.413+0000] {processor.py:161} INFO - Started process (PID=130) to work on /home/airflow/.local/lib/python3.8/site-packages/airflow/example_dags/example_python_operator.py
[2025-05-04T23:19:02.414+0000] {processor.py:830} INFO - Processing file /home/airflow/.local/lib/python3.8/site-packages/airflow/example_dags/example_python_operator.py for tasks to queue
[2025-05-04T23:19:02.415+0000] {logging_mixin.py:188} INFO - [2025-05-04T23:19:02.415+0000] {dagbag.py:538} INFO - Filling up the DagBag from /home/airflow/.local/lib/python3.8/site-packages/airflow/example_dags/example_python_operator.py
[2025-05-04T23:19:02.421+0000] {processor.py:840} INFO - DAG(s) 'example_python_operator' retrieved from /home/airflow/.local/lib/python3.8/site-packages/airflow/example_dags/example_python_operator.py
[2025-05-04T23:19:02.489+0000] {logging_mixin.py:188} INFO - [2025-05-04T23:19:02.489+0000] {dag.py:3033} INFO - Sync 1 DAGs
[2025-05-04T23:19:02.494+0000] {logging_mixin.py:188} INFO - [2025-05-04T23:19:02.494+0000] {dag.py:3820} INFO - Setting next_dagrun for example_python_operator to None, run_after=None
[2025-05-04T23:19:02.505+0000] {processor.py:183} INFO - Processing /home/airflow/.local/lib/python3.8/site-packages/airflow/example_dags/example_python_operator.py took 0.094 seconds
[2025-05-04T23:19:32.513+0000] {processor.py:161} INFO - Started process (PID=186) to work on /home/airflow/.local/lib/python3.8/site-packages/airflow/example_dags/example_python_operator.py
[2025-05-04T23:19:32.514+0000] {processor.py:830} INFO - Processing file /home/airflow/.local/lib/python3.8/site-packages/airflow/example_dags/example_python_operator.py for tasks to queue
[2025-05-04T23:19:32.515+0000] {logging_mixin.py:188} INFO - [2025-05-04T23:19:32.515+0000] {dagbag.py:538} INFO - Filling up the DagBag from /home/airflow/.local/lib/python3.8/site-packages/airflow/example_dags/example_python_operator.py
[2025-05-04T23:19:32.519+0000] {processor.py:840} INFO - DAG(s) 'example_python_operator' retrieved from /home/airflow/.local/lib/python3.8/site-packages/airflow/example_dags/example_python_operator.py
[2025-05-04T23:19:32.528+0000] {logging_mixin.py:188} INFO - [2025-05-04T23:19:32.528+0000] {dag.py:3033} INFO - Sync 1 DAGs
[2025-05-04T23:19:32.532+0000] {logging_mixin.py:188} INFO - [2025-05-04T23:19:32.532+0000] {dag.py:3820} INFO - Setting next_dagrun for example_python_operator to None, run_after=None
[2025-05-04T23:19:32.539+0000] {processor.py:183} INFO - Processing /home/airflow/.local/lib/python3.8/site-packages/airflow/example_dags/example_python_operator.py took 0.027 seconds
[2025-05-04T23:20:03.180+0000] {processor.py:161} INFO - Started process (PID=242) to work on /home/airflow/.local/lib/python3.8/site-packages/airflow/example_dags/example_python_operator.py
[2025-05-04T23:20:03.181+0000] {processor.py:830} INFO - Processing file /home/airflow/.local/lib/python3.8/site-packages/airflow/example_dags/example_python_operator.py for tasks to queue
[2025-05-04T23:20:03.182+0000] {logging_mixin.py:188} INFO - [2025-05-04T23:20:03.182+0000] {dagbag.py:538} INFO - Filling up the DagBag from /home/airflow/.local/lib/python3.8/site-packages/airflow/example_dags/example_python_operator.py
[2025-05-04T23:20:03.186+0000] {processor.py:840} INFO - DAG(s) 'example_python_operator' retrieved from /home/airflow/.local/lib/python3.8/site-packages/airflow/example_dags/example_python_operator.py
[2025-05-04T23:20:03.194+0000] {logging_mixin.py:188} INFO - [2025-05-04T23:20:03.194+0000] {dag.py:3033} INFO - Sync 1 DAGs
[2025-05-04T23:20:03.199+0000] {logging_mixin.py:188} INFO - [2025-05-04T23:20:03.199+0000] {dag.py:3820} INFO - Setting next_dagrun for example_python_operator to None, run_after=None
[2025-05-04T23:20:03.205+0000] {processor.py:183} INFO - Processing /home/airflow/.local/lib/python3.8/site-packages/airflow/example_dags/example_python_operator.py took 0.026 seconds
[2025-05-04T23:20:34.011+0000] {processor.py:161} INFO - Started process (PID=297) to work on /home/airflow/.local/lib/python3.8/site-packages/airflow/example_dags/example_python_operator.py
[2025-05-04T23:20:34.012+0000] {processor.py:830} INFO - Processing file /home/airflow/.local/lib/python3.8/site-packages/airflow/example_dags/example_python_operator.py for tasks to queue
[2025-05-04T23:20:34.013+0000] {logging_mixin.py:188} INFO - [2025-05-04T23:20:34.013+0000] {dagbag.py:538} INFO - Filling up the DagBag from /home/airflow/.local/lib/python3.8/site-packages/airflow/example_dags/example_python_operator.py
[2025-05-04T23:20:34.021+0000] {processor.py:840} INFO - DAG(s) 'example_python_operator' retrieved from /home/airflow/.local/lib/python3.8/site-packages/airflow/example_dags/example_python_operator.py
[2025-05-04T23:20:34.032+0000] {logging_mixin.py:188} INFO - [2025-05-04T23:20:34.032+0000] {dag.py:3033} INFO - Sync 1 DAGs
[2025-05-04T23:20:34.036+0000] {logging_mixin.py:188} INFO - [2025-05-04T23:20:34.036+0000] {dag.py:3820} INFO - Setting next_dagrun for example_python_operator to None, run_after=None
[2025-05-04T23:20:34.043+0000] {processor.py:183} INFO - Processing /home/airflow/.local/lib/python3.8/site-packages/airflow/example_dags/example_python_operator.py took 0.034 seconds
[2025-05-04T23:21:04.154+0000] {processor.py:161} INFO - Started process (PID=353) to work on /home/airflow/.local/lib/python3.8/site-packages/airflow/example_dags/example_python_operator.py
[2025-05-04T23:21:04.156+0000] {processor.py:830} INFO - Processing file /home/airflow/.local/lib/python3.8/site-packages/airflow/example_dags/example_python_operator.py for tasks to queue
[2025-05-04T23:21:04.157+0000] {logging_mixin.py:188} INFO - [2025-05-04T23:21:04.156+0000] {dagbag.py:538} INFO - Filling up the DagBag from /home/airflow/.local/lib/python3.8/site-packages/airflow/example_dags/example_python_operator.py
[2025-05-04T23:21:04.161+0000] {processor.py:840} INFO - DAG(s) 'example_python_operator' retrieved from /home/airflow/.local/lib/python3.8/site-packages/airflow/example_dags/example_python_operator.py
[2025-05-04T23:21:04.174+0000] {logging_mixin.py:188} INFO - [2025-05-04T23:21:04.174+0000] {dag.py:3033} INFO - Sync 1 DAGs
[2025-05-04T23:21:04.179+0000] {logging_mixin.py:188} INFO - [2025-05-04T23:21:04.179+0000] {dag.py:3820} INFO - Setting next_dagrun for example_python_operator to None, run_after=None
[2025-05-04T23:21:04.191+0000] {processor.py:183} INFO - Processing /home/airflow/.local/lib/python3.8/site-packages/airflow/example_dags/example_python_operator.py took 0.039 seconds
[2025-05-04T23:21:34.831+0000] {processor.py:161} INFO - Started process (PID=409) to work on /home/airflow/.local/lib/python3.8/site-packages/airflow/example_dags/example_python_operator.py
[2025-05-04T23:21:34.831+0000] {processor.py:830} INFO - Processing file /home/airflow/.local/lib/python3.8/site-packages/airflow/example_dags/example_python_operator.py for tasks to queue
[2025-05-04T23:21:34.832+0000] {logging_mixin.py:188} INFO - [2025-05-04T23:21:34.832+0000] {dagbag.py:538} INFO - Filling up the DagBag from /home/airflow/.local/lib/python3.8/site-packages/airflow/example_dags/example_python_operator.py
[2025-05-04T23:21:34.836+0000] {processor.py:840} INFO - DAG(s) 'example_python_operator' retrieved from /home/airflow/.local/lib/python3.8/site-packages/airflow/example_dags/example_python_operator.py
[2025-05-04T23:21:34.845+0000] {logging_mixin.py:188} INFO - [2025-05-04T23:21:34.844+0000] {dag.py:3033} INFO - Sync 1 DAGs
[2025-05-04T23:21:34.849+0000] {logging_mixin.py:188} INFO - [2025-05-04T23:21:34.849+0000] {dag.py:3820} INFO - Setting next_dagrun for example_python_operator to None, run_after=None
[2025-05-04T23:21:34.855+0000] {processor.py:183} INFO - Processing /home/airflow/.local/lib/python3.8/site-packages/airflow/example_dags/example_python_operator.py took 0.025 seconds
[2025-05-04T23:22:05.483+0000] {processor.py:161} INFO - Started process (PID=465) to work on /home/airflow/.local/lib/python3.8/site-packages/airflow/example_dags/example_python_operator.py
[2025-05-04T23:22:05.486+0000] {processor.py:830} INFO - Processing file /home/airflow/.local/lib/python3.8/site-packages/airflow/example_dags/example_python_operator.py for tasks to queue
[2025-05-04T23:22:05.487+0000] {logging_mixin.py:188} INFO - [2025-05-04T23:22:05.487+0000] {dagbag.py:538} INFO - Filling up the DagBag from /home/airflow/.local/lib/python3.8/site-packages/airflow/example_dags/example_python_operator.py
[2025-05-04T23:22:05.494+0000] {processor.py:840} INFO - DAG(s) 'example_python_operator' retrieved from /home/airflow/.local/lib/python3.8/site-packages/airflow/example_dags/example_python_operator.py
[2025-05-04T23:22:05.507+0000] {logging_mixin.py:188} INFO - [2025-05-04T23:22:05.507+0000] {dag.py:3033} INFO - Sync 1 DAGs
[2025-05-04T23:22:05.511+0000] {logging_mixin.py:188} INFO - [2025-05-04T23:22:05.511+0000] {dag.py:3820} INFO - Setting next_dagrun for example_python_operator to None, run_after=None
[2025-05-04T23:22:05.518+0000] {processor.py:183} INFO - Processing /home/airflow/.local/lib/python3.8/site-packages/airflow/example_dags/example_python_operator.py took 0.037 seconds
[2025-05-04T23:22:36.056+0000] {processor.py:161} INFO - Started process (PID=521) to work on /home/airflow/.local/lib/python3.8/site-packages/airflow/example_dags/example_python_operator.py
[2025-05-04T23:22:36.057+0000] {processor.py:830} INFO - Processing file /home/airflow/.local/lib/python3.8/site-packages/airflow/example_dags/example_python_operator.py for tasks to queue
[2025-05-04T23:22:36.059+0000] {logging_mixin.py:188} INFO - [2025-05-04T23:22:36.059+0000] {dagbag.py:538} INFO - Filling up the DagBag from /home/airflow/.local/lib/python3.8/site-packages/airflow/example_dags/example_python_operator.py
[2025-05-04T23:22:36.065+0000] {processor.py:840} INFO - DAG(s) 'example_python_operator' retrieved from /home/airflow/.local/lib/python3.8/site-packages/airflow/example_dags/example_python_operator.py
[2025-05-04T23:22:36.076+0000] {logging_mixin.py:188} INFO - [2025-05-04T23:22:36.076+0000] {dag.py:3033} INFO - Sync 1 DAGs
[2025-05-04T23:22:36.081+0000] {logging_mixin.py:188} INFO - [2025-05-04T23:22:36.081+0000] {dag.py:3820} INFO - Setting next_dagrun for example_python_operator to None, run_after=None
[2025-05-04T23:22:36.087+0000] {processor.py:183} INFO - Processing /home/airflow/.local/lib/python3.8/site-packages/airflow/example_dags/example_python_operator.py took 0.033 seconds
[2025-05-04T23:23:06.590+0000] {processor.py:161} INFO - Started process (PID=577) to work on /home/airflow/.local/lib/python3.8/site-packages/airflow/example_dags/example_python_operator.py
[2025-05-04T23:23:06.591+0000] {processor.py:830} INFO - Processing file /home/airflow/.local/lib/python3.8/site-packages/airflow/example_dags/example_python_operator.py for tasks to queue
[2025-05-04T23:23:06.592+0000] {logging_mixin.py:188} INFO - [2025-05-04T23:23:06.592+0000] {dagbag.py:538} INFO - Filling up the DagBag from /home/airflow/.local/lib/python3.8/site-packages/airflow/example_dags/example_python_operator.py
[2025-05-04T23:23:06.597+0000] {processor.py:840} INFO - DAG(s) 'example_python_operator' retrieved from /home/airflow/.local/lib/python3.8/site-packages/airflow/example_dags/example_python_operator.py
[2025-05-04T23:23:06.606+0000] {logging_mixin.py:188} INFO - [2025-05-04T23:23:06.606+0000] {dag.py:3033} INFO - Sync 1 DAGs
[2025-05-04T23:23:06.612+0000] {logging_mixin.py:188} INFO - [2025-05-04T23:23:06.612+0000] {dag.py:3820} INFO - Setting next_dagrun for example_python_operator to None, run_after=None
[2025-05-04T23:23:06.622+0000] {processor.py:183} INFO - Processing /home/airflow/.local/lib/python3.8/site-packages/airflow/example_dags/example_python_operator.py took 0.034 seconds
[2025-05-04T23:24:31.302+0000] {processor.py:161} INFO - Started process (PID=74) to work on /home/airflow/.local/lib/python3.8/site-packages/airflow/example_dags/example_python_operator.py
[2025-05-04T23:24:31.306+0000] {processor.py:830} INFO - Processing file /home/airflow/.local/lib/python3.8/site-packages/airflow/example_dags/example_python_operator.py for tasks to queue
[2025-05-04T23:24:31.308+0000] {logging_mixin.py:188} INFO - [2025-05-04T23:24:31.308+0000] {dagbag.py:538} INFO - Filling up the DagBag from /home/airflow/.local/lib/python3.8/site-packages/airflow/example_dags/example_python_operator.py
[2025-05-04T23:24:31.314+0000] {processor.py:840} INFO - DAG(s) 'example_python_operator' retrieved from /home/airflow/.local/lib/python3.8/site-packages/airflow/example_dags/example_python_operator.py
[2025-05-04T23:24:31.323+0000] {logging_mixin.py:188} INFO - [2025-05-04T23:24:31.323+0000] {dag.py:3033} INFO - Sync 1 DAGs
[2025-05-04T23:24:31.333+0000] {logging_mixin.py:188} INFO - [2025-05-04T23:24:31.333+0000] {dag.py:3820} INFO - Setting next_dagrun for example_python_operator to None, run_after=None
[2025-05-04T23:24:31.342+0000] {processor.py:183} INFO - Processing /home/airflow/.local/lib/python3.8/site-packages/airflow/example_dags/example_python_operator.py took 0.042 seconds
[2025-05-04T23:25:01.965+0000] {processor.py:161} INFO - Started process (PID=130) to work on /home/airflow/.local/lib/python3.8/site-packages/airflow/example_dags/example_python_operator.py
[2025-05-04T23:25:01.968+0000] {processor.py:830} INFO - Processing file /home/airflow/.local/lib/python3.8/site-packages/airflow/example_dags/example_python_operator.py for tasks to queue
[2025-05-04T23:25:01.969+0000] {logging_mixin.py:188} INFO - [2025-05-04T23:25:01.969+0000] {dagbag.py:538} INFO - Filling up the DagBag from /home/airflow/.local/lib/python3.8/site-packages/airflow/example_dags/example_python_operator.py
[2025-05-04T23:25:01.974+0000] {processor.py:840} INFO - DAG(s) 'example_python_operator' retrieved from /home/airflow/.local/lib/python3.8/site-packages/airflow/example_dags/example_python_operator.py
[2025-05-04T23:25:02.029+0000] {logging_mixin.py:188} INFO - [2025-05-04T23:25:02.029+0000] {dag.py:3033} INFO - Sync 1 DAGs
[2025-05-04T23:25:02.034+0000] {logging_mixin.py:188} INFO - [2025-05-04T23:25:02.034+0000] {dag.py:3820} INFO - Setting next_dagrun for example_python_operator to None, run_after=None
[2025-05-04T23:25:02.047+0000] {processor.py:183} INFO - Processing /home/airflow/.local/lib/python3.8/site-packages/airflow/example_dags/example_python_operator.py took 0.085 seconds
[2025-05-04T23:25:32.817+0000] {processor.py:161} INFO - Started process (PID=185) to work on /home/airflow/.local/lib/python3.8/site-packages/airflow/example_dags/example_python_operator.py
[2025-05-04T23:25:32.817+0000] {processor.py:830} INFO - Processing file /home/airflow/.local/lib/python3.8/site-packages/airflow/example_dags/example_python_operator.py for tasks to queue
[2025-05-04T23:25:32.818+0000] {logging_mixin.py:188} INFO - [2025-05-04T23:25:32.818+0000] {dagbag.py:538} INFO - Filling up the DagBag from /home/airflow/.local/lib/python3.8/site-packages/airflow/example_dags/example_python_operator.py
[2025-05-04T23:25:32.823+0000] {processor.py:840} INFO - DAG(s) 'example_python_operator' retrieved from /home/airflow/.local/lib/python3.8/site-packages/airflow/example_dags/example_python_operator.py
[2025-05-04T23:25:32.835+0000] {logging_mixin.py:188} INFO - [2025-05-04T23:25:32.835+0000] {dag.py:3033} INFO - Sync 1 DAGs
[2025-05-04T23:25:32.845+0000] {logging_mixin.py:188} INFO - [2025-05-04T23:25:32.845+0000] {dag.py:3820} INFO - Setting next_dagrun for example_python_operator to None, run_after=None
[2025-05-04T23:25:32.860+0000] {processor.py:183} INFO - Processing /home/airflow/.local/lib/python3.8/site-packages/airflow/example_dags/example_python_operator.py took 0.044 seconds
[2025-05-04T23:26:03.626+0000] {processor.py:161} INFO - Started process (PID=241) to work on /home/airflow/.local/lib/python3.8/site-packages/airflow/example_dags/example_python_operator.py
[2025-05-04T23:26:03.627+0000] {processor.py:830} INFO - Processing file /home/airflow/.local/lib/python3.8/site-packages/airflow/example_dags/example_python_operator.py for tasks to queue
[2025-05-04T23:26:03.631+0000] {logging_mixin.py:188} INFO - [2025-05-04T23:26:03.631+0000] {dagbag.py:538} INFO - Filling up the DagBag from /home/airflow/.local/lib/python3.8/site-packages/airflow/example_dags/example_python_operator.py
[2025-05-04T23:26:03.638+0000] {processor.py:840} INFO - DAG(s) 'example_python_operator' retrieved from /home/airflow/.local/lib/python3.8/site-packages/airflow/example_dags/example_python_operator.py
[2025-05-04T23:26:03.651+0000] {logging_mixin.py:188} INFO - [2025-05-04T23:26:03.651+0000] {dag.py:3033} INFO - Sync 1 DAGs
[2025-05-04T23:26:03.660+0000] {logging_mixin.py:188} INFO - [2025-05-04T23:26:03.660+0000] {dag.py:3820} INFO - Setting next_dagrun for example_python_operator to None, run_after=None
[2025-05-04T23:26:03.668+0000] {processor.py:183} INFO - Processing /home/airflow/.local/lib/python3.8/site-packages/airflow/example_dags/example_python_operator.py took 0.043 seconds
[2025-05-04T23:26:34.390+0000] {processor.py:161} INFO - Started process (PID=297) to work on /home/airflow/.local/lib/python3.8/site-packages/airflow/example_dags/example_python_operator.py
[2025-05-04T23:26:34.391+0000] {processor.py:830} INFO - Processing file /home/airflow/.local/lib/python3.8/site-packages/airflow/example_dags/example_python_operator.py for tasks to queue
[2025-05-04T23:26:34.393+0000] {logging_mixin.py:188} INFO - [2025-05-04T23:26:34.393+0000] {dagbag.py:538} INFO - Filling up the DagBag from /home/airflow/.local/lib/python3.8/site-packages/airflow/example_dags/example_python_operator.py
[2025-05-04T23:26:34.402+0000] {processor.py:840} INFO - DAG(s) 'example_python_operator' retrieved from /home/airflow/.local/lib/python3.8/site-packages/airflow/example_dags/example_python_operator.py
[2025-05-04T23:26:34.418+0000] {logging_mixin.py:188} INFO - [2025-05-04T23:26:34.418+0000] {dag.py:3033} INFO - Sync 1 DAGs
[2025-05-04T23:26:34.426+0000] {logging_mixin.py:188} INFO - [2025-05-04T23:26:34.426+0000] {dag.py:3820} INFO - Setting next_dagrun for example_python_operator to None, run_after=None
[2025-05-04T23:26:34.434+0000] {processor.py:183} INFO - Processing /home/airflow/.local/lib/python3.8/site-packages/airflow/example_dags/example_python_operator.py took 0.046 seconds
[2025-05-04T23:27:05.149+0000] {processor.py:161} INFO - Started process (PID=359) to work on /home/airflow/.local/lib/python3.8/site-packages/airflow/example_dags/example_python_operator.py
[2025-05-04T23:27:05.150+0000] {processor.py:830} INFO - Processing file /home/airflow/.local/lib/python3.8/site-packages/airflow/example_dags/example_python_operator.py for tasks to queue
[2025-05-04T23:27:05.151+0000] {logging_mixin.py:188} INFO - [2025-05-04T23:27:05.151+0000] {dagbag.py:538} INFO - Filling up the DagBag from /home/airflow/.local/lib/python3.8/site-packages/airflow/example_dags/example_python_operator.py
[2025-05-04T23:27:05.157+0000] {processor.py:840} INFO - DAG(s) 'example_python_operator' retrieved from /home/airflow/.local/lib/python3.8/site-packages/airflow/example_dags/example_python_operator.py
[2025-05-04T23:27:05.168+0000] {logging_mixin.py:188} INFO - [2025-05-04T23:27:05.167+0000] {dag.py:3033} INFO - Sync 1 DAGs
[2025-05-04T23:27:05.172+0000] {logging_mixin.py:188} INFO - [2025-05-04T23:27:05.172+0000] {dag.py:3820} INFO - Setting next_dagrun for example_python_operator to None, run_after=None
[2025-05-04T23:27:05.179+0000] {processor.py:183} INFO - Processing /home/airflow/.local/lib/python3.8/site-packages/airflow/example_dags/example_python_operator.py took 0.033 seconds
[2025-05-04T23:27:35.760+0000] {processor.py:161} INFO - Started process (PID=415) to work on /home/airflow/.local/lib/python3.8/site-packages/airflow/example_dags/example_python_operator.py
[2025-05-04T23:27:35.761+0000] {processor.py:830} INFO - Processing file /home/airflow/.local/lib/python3.8/site-packages/airflow/example_dags/example_python_operator.py for tasks to queue
[2025-05-04T23:27:35.762+0000] {logging_mixin.py:188} INFO - [2025-05-04T23:27:35.762+0000] {dagbag.py:538} INFO - Filling up the DagBag from /home/airflow/.local/lib/python3.8/site-packages/airflow/example_dags/example_python_operator.py
[2025-05-04T23:27:35.766+0000] {processor.py:840} INFO - DAG(s) 'example_python_operator' retrieved from /home/airflow/.local/lib/python3.8/site-packages/airflow/example_dags/example_python_operator.py
[2025-05-04T23:27:35.777+0000] {logging_mixin.py:188} INFO - [2025-05-04T23:27:35.776+0000] {dag.py:3033} INFO - Sync 1 DAGs
[2025-05-04T23:27:35.782+0000] {logging_mixin.py:188} INFO - [2025-05-04T23:27:35.782+0000] {dag.py:3820} INFO - Setting next_dagrun for example_python_operator to None, run_after=None
[2025-05-04T23:27:35.796+0000] {processor.py:183} INFO - Processing /home/airflow/.local/lib/python3.8/site-packages/airflow/example_dags/example_python_operator.py took 0.038 seconds
[2025-05-04T23:28:24.630+0000] {processor.py:161} INFO - Started process (PID=74) to work on /home/airflow/.local/lib/python3.8/site-packages/airflow/example_dags/example_python_operator.py
[2025-05-04T23:28:24.632+0000] {processor.py:830} INFO - Processing file /home/airflow/.local/lib/python3.8/site-packages/airflow/example_dags/example_python_operator.py for tasks to queue
[2025-05-04T23:28:24.634+0000] {logging_mixin.py:188} INFO - [2025-05-04T23:28:24.634+0000] {dagbag.py:538} INFO - Filling up the DagBag from /home/airflow/.local/lib/python3.8/site-packages/airflow/example_dags/example_python_operator.py
[2025-05-04T23:28:24.640+0000] {processor.py:840} INFO - DAG(s) 'example_python_operator' retrieved from /home/airflow/.local/lib/python3.8/site-packages/airflow/example_dags/example_python_operator.py
[2025-05-04T23:28:24.649+0000] {logging_mixin.py:188} INFO - [2025-05-04T23:28:24.649+0000] {dag.py:3033} INFO - Sync 1 DAGs
[2025-05-04T23:28:24.660+0000] {logging_mixin.py:188} INFO - [2025-05-04T23:28:24.660+0000] {dag.py:3820} INFO - Setting next_dagrun for example_python_operator to None, run_after=None
[2025-05-04T23:28:24.670+0000] {processor.py:183} INFO - Processing /home/airflow/.local/lib/python3.8/site-packages/airflow/example_dags/example_python_operator.py took 0.044 seconds
[2025-05-04T23:28:55.797+0000] {processor.py:161} INFO - Started process (PID=130) to work on /home/airflow/.local/lib/python3.8/site-packages/airflow/example_dags/example_python_operator.py
[2025-05-04T23:28:55.799+0000] {processor.py:830} INFO - Processing file /home/airflow/.local/lib/python3.8/site-packages/airflow/example_dags/example_python_operator.py for tasks to queue
[2025-05-04T23:28:55.800+0000] {logging_mixin.py:188} INFO - [2025-05-04T23:28:55.799+0000] {dagbag.py:538} INFO - Filling up the DagBag from /home/airflow/.local/lib/python3.8/site-packages/airflow/example_dags/example_python_operator.py
[2025-05-04T23:28:55.804+0000] {processor.py:840} INFO - DAG(s) 'example_python_operator' retrieved from /home/airflow/.local/lib/python3.8/site-packages/airflow/example_dags/example_python_operator.py
[2025-05-04T23:28:55.858+0000] {logging_mixin.py:188} INFO - [2025-05-04T23:28:55.858+0000] {dag.py:3033} INFO - Sync 1 DAGs
[2025-05-04T23:28:55.864+0000] {logging_mixin.py:188} INFO - [2025-05-04T23:28:55.864+0000] {dag.py:3820} INFO - Setting next_dagrun for example_python_operator to None, run_after=None
[2025-05-04T23:28:55.874+0000] {processor.py:183} INFO - Processing /home/airflow/.local/lib/python3.8/site-packages/airflow/example_dags/example_python_operator.py took 0.078 seconds
[2025-05-04T23:29:26.880+0000] {processor.py:161} INFO - Started process (PID=186) to work on /home/airflow/.local/lib/python3.8/site-packages/airflow/example_dags/example_python_operator.py
[2025-05-04T23:29:26.882+0000] {processor.py:830} INFO - Processing file /home/airflow/.local/lib/python3.8/site-packages/airflow/example_dags/example_python_operator.py for tasks to queue
[2025-05-04T23:29:26.884+0000] {logging_mixin.py:188} INFO - [2025-05-04T23:29:26.884+0000] {dagbag.py:538} INFO - Filling up the DagBag from /home/airflow/.local/lib/python3.8/site-packages/airflow/example_dags/example_python_operator.py
[2025-05-04T23:29:26.890+0000] {processor.py:840} INFO - DAG(s) 'example_python_operator' retrieved from /home/airflow/.local/lib/python3.8/site-packages/airflow/example_dags/example_python_operator.py
[2025-05-04T23:29:26.900+0000] {logging_mixin.py:188} INFO - [2025-05-04T23:29:26.900+0000] {dag.py:3033} INFO - Sync 1 DAGs
[2025-05-04T23:29:26.907+0000] {logging_mixin.py:188} INFO - [2025-05-04T23:29:26.907+0000] {dag.py:3820} INFO - Setting next_dagrun for example_python_operator to None, run_after=None
[2025-05-04T23:29:26.918+0000] {processor.py:183} INFO - Processing /home/airflow/.local/lib/python3.8/site-packages/airflow/example_dags/example_python_operator.py took 0.040 seconds
[2025-05-04T23:29:57.587+0000] {processor.py:161} INFO - Started process (PID=248) to work on /home/airflow/.local/lib/python3.8/site-packages/airflow/example_dags/example_python_operator.py
[2025-05-04T23:29:57.589+0000] {processor.py:830} INFO - Processing file /home/airflow/.local/lib/python3.8/site-packages/airflow/example_dags/example_python_operator.py for tasks to queue
[2025-05-04T23:29:57.592+0000] {logging_mixin.py:188} INFO - [2025-05-04T23:29:57.592+0000] {dagbag.py:538} INFO - Filling up the DagBag from /home/airflow/.local/lib/python3.8/site-packages/airflow/example_dags/example_python_operator.py
[2025-05-04T23:29:57.599+0000] {processor.py:840} INFO - DAG(s) 'example_python_operator' retrieved from /home/airflow/.local/lib/python3.8/site-packages/airflow/example_dags/example_python_operator.py
[2025-05-04T23:29:57.619+0000] {logging_mixin.py:188} INFO - [2025-05-04T23:29:57.619+0000] {dag.py:3033} INFO - Sync 1 DAGs
[2025-05-04T23:29:57.628+0000] {logging_mixin.py:188} INFO - [2025-05-04T23:29:57.628+0000] {dag.py:3820} INFO - Setting next_dagrun for example_python_operator to None, run_after=None
[2025-05-04T23:29:57.637+0000] {processor.py:183} INFO - Processing /home/airflow/.local/lib/python3.8/site-packages/airflow/example_dags/example_python_operator.py took 0.051 seconds
[2025-05-04T23:30:28.367+0000] {processor.py:161} INFO - Started process (PID=304) to work on /home/airflow/.local/lib/python3.8/site-packages/airflow/example_dags/example_python_operator.py
[2025-05-04T23:30:28.368+0000] {processor.py:830} INFO - Processing file /home/airflow/.local/lib/python3.8/site-packages/airflow/example_dags/example_python_operator.py for tasks to queue
[2025-05-04T23:30:28.369+0000] {logging_mixin.py:188} INFO - [2025-05-04T23:30:28.369+0000] {dagbag.py:538} INFO - Filling up the DagBag from /home/airflow/.local/lib/python3.8/site-packages/airflow/example_dags/example_python_operator.py
[2025-05-04T23:30:28.377+0000] {processor.py:840} INFO - DAG(s) 'example_python_operator' retrieved from /home/airflow/.local/lib/python3.8/site-packages/airflow/example_dags/example_python_operator.py
[2025-05-04T23:30:28.387+0000] {logging_mixin.py:188} INFO - [2025-05-04T23:30:28.387+0000] {dag.py:3033} INFO - Sync 1 DAGs
[2025-05-04T23:30:28.393+0000] {logging_mixin.py:188} INFO - [2025-05-04T23:30:28.393+0000] {dag.py:3820} INFO - Setting next_dagrun for example_python_operator to None, run_after=None
[2025-05-04T23:30:28.404+0000] {processor.py:183} INFO - Processing /home/airflow/.local/lib/python3.8/site-packages/airflow/example_dags/example_python_operator.py took 0.040 seconds
[2025-05-04T23:30:58.909+0000] {processor.py:161} INFO - Started process (PID=359) to work on /home/airflow/.local/lib/python3.8/site-packages/airflow/example_dags/example_python_operator.py
[2025-05-04T23:30:58.909+0000] {processor.py:830} INFO - Processing file /home/airflow/.local/lib/python3.8/site-packages/airflow/example_dags/example_python_operator.py for tasks to queue
[2025-05-04T23:30:58.910+0000] {logging_mixin.py:188} INFO - [2025-05-04T23:30:58.910+0000] {dagbag.py:538} INFO - Filling up the DagBag from /home/airflow/.local/lib/python3.8/site-packages/airflow/example_dags/example_python_operator.py
[2025-05-04T23:30:58.916+0000] {processor.py:840} INFO - DAG(s) 'example_python_operator' retrieved from /home/airflow/.local/lib/python3.8/site-packages/airflow/example_dags/example_python_operator.py
[2025-05-04T23:30:58.928+0000] {logging_mixin.py:188} INFO - [2025-05-04T23:30:58.928+0000] {dag.py:3033} INFO - Sync 1 DAGs
[2025-05-04T23:30:58.934+0000] {logging_mixin.py:188} INFO - [2025-05-04T23:30:58.934+0000] {dag.py:3820} INFO - Setting next_dagrun for example_python_operator to None, run_after=None
[2025-05-04T23:30:58.949+0000] {processor.py:183} INFO - Processing /home/airflow/.local/lib/python3.8/site-packages/airflow/example_dags/example_python_operator.py took 0.042 seconds
[2025-05-04T23:31:29.616+0000] {processor.py:161} INFO - Started process (PID=415) to work on /home/airflow/.local/lib/python3.8/site-packages/airflow/example_dags/example_python_operator.py
[2025-05-04T23:31:29.617+0000] {processor.py:830} INFO - Processing file /home/airflow/.local/lib/python3.8/site-packages/airflow/example_dags/example_python_operator.py for tasks to queue
[2025-05-04T23:31:29.619+0000] {logging_mixin.py:188} INFO - [2025-05-04T23:31:29.619+0000] {dagbag.py:538} INFO - Filling up the DagBag from /home/airflow/.local/lib/python3.8/site-packages/airflow/example_dags/example_python_operator.py
[2025-05-04T23:31:29.625+0000] {processor.py:840} INFO - DAG(s) 'example_python_operator' retrieved from /home/airflow/.local/lib/python3.8/site-packages/airflow/example_dags/example_python_operator.py
[2025-05-04T23:31:29.639+0000] {logging_mixin.py:188} INFO - [2025-05-04T23:31:29.638+0000] {dag.py:3033} INFO - Sync 1 DAGs
[2025-05-04T23:31:29.645+0000] {logging_mixin.py:188} INFO - [2025-05-04T23:31:29.645+0000] {dag.py:3820} INFO - Setting next_dagrun for example_python_operator to None, run_after=None
[2025-05-04T23:31:29.658+0000] {processor.py:183} INFO - Processing /home/airflow/.local/lib/python3.8/site-packages/airflow/example_dags/example_python_operator.py took 0.044 seconds
[2025-05-04T23:32:00.326+0000] {processor.py:161} INFO - Started process (PID=471) to work on /home/airflow/.local/lib/python3.8/site-packages/airflow/example_dags/example_python_operator.py
[2025-05-04T23:32:00.327+0000] {processor.py:830} INFO - Processing file /home/airflow/.local/lib/python3.8/site-packages/airflow/example_dags/example_python_operator.py for tasks to queue
[2025-05-04T23:32:00.328+0000] {logging_mixin.py:188} INFO - [2025-05-04T23:32:00.328+0000] {dagbag.py:538} INFO - Filling up the DagBag from /home/airflow/.local/lib/python3.8/site-packages/airflow/example_dags/example_python_operator.py
[2025-05-04T23:32:00.334+0000] {processor.py:840} INFO - DAG(s) 'example_python_operator' retrieved from /home/airflow/.local/lib/python3.8/site-packages/airflow/example_dags/example_python_operator.py
[2025-05-04T23:32:00.347+0000] {logging_mixin.py:188} INFO - [2025-05-04T23:32:00.346+0000] {dag.py:3033} INFO - Sync 1 DAGs
[2025-05-04T23:32:00.352+0000] {logging_mixin.py:188} INFO - [2025-05-04T23:32:00.352+0000] {dag.py:3820} INFO - Setting next_dagrun for example_python_operator to None, run_after=None
[2025-05-04T23:32:00.363+0000] {processor.py:183} INFO - Processing /home/airflow/.local/lib/python3.8/site-packages/airflow/example_dags/example_python_operator.py took 0.038 seconds
[2025-05-04T23:32:31.026+0000] {processor.py:161} INFO - Started process (PID=527) to work on /home/airflow/.local/lib/python3.8/site-packages/airflow/example_dags/example_python_operator.py
[2025-05-04T23:32:31.027+0000] {processor.py:830} INFO - Processing file /home/airflow/.local/lib/python3.8/site-packages/airflow/example_dags/example_python_operator.py for tasks to queue
[2025-05-04T23:32:31.028+0000] {logging_mixin.py:188} INFO - [2025-05-04T23:32:31.028+0000] {dagbag.py:538} INFO - Filling up the DagBag from /home/airflow/.local/lib/python3.8/site-packages/airflow/example_dags/example_python_operator.py
[2025-05-04T23:32:31.034+0000] {processor.py:840} INFO - DAG(s) 'example_python_operator' retrieved from /home/airflow/.local/lib/python3.8/site-packages/airflow/example_dags/example_python_operator.py
[2025-05-04T23:32:31.052+0000] {logging_mixin.py:188} INFO - [2025-05-04T23:32:31.052+0000] {dag.py:3033} INFO - Sync 1 DAGs
[2025-05-04T23:32:31.057+0000] {logging_mixin.py:188} INFO - [2025-05-04T23:32:31.057+0000] {dag.py:3820} INFO - Setting next_dagrun for example_python_operator to None, run_after=None
[2025-05-04T23:32:31.071+0000] {processor.py:183} INFO - Processing /home/airflow/.local/lib/python3.8/site-packages/airflow/example_dags/example_python_operator.py took 0.047 seconds
[2025-05-04T23:47:23.091+0000] {processor.py:161} INFO - Started process (PID=74) to work on /home/airflow/.local/lib/python3.8/site-packages/airflow/example_dags/example_python_operator.py
[2025-05-04T23:47:23.093+0000] {processor.py:830} INFO - Processing file /home/airflow/.local/lib/python3.8/site-packages/airflow/example_dags/example_python_operator.py for tasks to queue
[2025-05-04T23:47:23.094+0000] {logging_mixin.py:188} INFO - [2025-05-04T23:47:23.094+0000] {dagbag.py:538} INFO - Filling up the DagBag from /home/airflow/.local/lib/python3.8/site-packages/airflow/example_dags/example_python_operator.py
[2025-05-04T23:47:23.102+0000] {processor.py:840} INFO - DAG(s) 'example_python_operator' retrieved from /home/airflow/.local/lib/python3.8/site-packages/airflow/example_dags/example_python_operator.py
[2025-05-04T23:47:23.111+0000] {logging_mixin.py:188} INFO - [2025-05-04T23:47:23.111+0000] {dag.py:3033} INFO - Sync 1 DAGs
[2025-05-04T23:47:23.118+0000] {logging_mixin.py:188} INFO - [2025-05-04T23:47:23.118+0000] {dag.py:3820} INFO - Setting next_dagrun for example_python_operator to None, run_after=None
[2025-05-04T23:47:23.132+0000] {processor.py:183} INFO - Processing /home/airflow/.local/lib/python3.8/site-packages/airflow/example_dags/example_python_operator.py took 0.044 seconds
[2025-05-04T23:47:53.229+0000] {processor.py:161} INFO - Started process (PID=130) to work on /home/airflow/.local/lib/python3.8/site-packages/airflow/example_dags/example_python_operator.py
[2025-05-04T23:47:53.230+0000] {processor.py:830} INFO - Processing file /home/airflow/.local/lib/python3.8/site-packages/airflow/example_dags/example_python_operator.py for tasks to queue
[2025-05-04T23:47:53.233+0000] {logging_mixin.py:188} INFO - [2025-05-04T23:47:53.232+0000] {dagbag.py:538} INFO - Filling up the DagBag from /home/airflow/.local/lib/python3.8/site-packages/airflow/example_dags/example_python_operator.py
[2025-05-04T23:47:53.239+0000] {processor.py:840} INFO - DAG(s) 'example_python_operator' retrieved from /home/airflow/.local/lib/python3.8/site-packages/airflow/example_dags/example_python_operator.py
[2025-05-04T23:47:53.284+0000] {logging_mixin.py:188} INFO - [2025-05-04T23:47:53.284+0000] {dag.py:3033} INFO - Sync 1 DAGs
[2025-05-04T23:47:53.289+0000] {logging_mixin.py:188} INFO - [2025-05-04T23:47:53.289+0000] {dag.py:3820} INFO - Setting next_dagrun for example_python_operator to None, run_after=None
[2025-05-04T23:47:53.297+0000] {processor.py:183} INFO - Processing /home/airflow/.local/lib/python3.8/site-packages/airflow/example_dags/example_python_operator.py took 0.069 seconds
[2025-05-04T23:48:24.171+0000] {processor.py:161} INFO - Started process (PID=186) to work on /home/airflow/.local/lib/python3.8/site-packages/airflow/example_dags/example_python_operator.py
[2025-05-04T23:48:24.172+0000] {processor.py:830} INFO - Processing file /home/airflow/.local/lib/python3.8/site-packages/airflow/example_dags/example_python_operator.py for tasks to queue
[2025-05-04T23:48:24.173+0000] {logging_mixin.py:188} INFO - [2025-05-04T23:48:24.173+0000] {dagbag.py:538} INFO - Filling up the DagBag from /home/airflow/.local/lib/python3.8/site-packages/airflow/example_dags/example_python_operator.py
[2025-05-04T23:48:24.181+0000] {processor.py:840} INFO - DAG(s) 'example_python_operator' retrieved from /home/airflow/.local/lib/python3.8/site-packages/airflow/example_dags/example_python_operator.py
[2025-05-04T23:48:24.194+0000] {logging_mixin.py:188} INFO - [2025-05-04T23:48:24.194+0000] {dag.py:3033} INFO - Sync 1 DAGs
[2025-05-04T23:48:24.201+0000] {logging_mixin.py:188} INFO - [2025-05-04T23:48:24.201+0000] {dag.py:3820} INFO - Setting next_dagrun for example_python_operator to None, run_after=None
[2025-05-04T23:48:24.215+0000] {processor.py:183} INFO - Processing /home/airflow/.local/lib/python3.8/site-packages/airflow/example_dags/example_python_operator.py took 0.045 seconds
[2025-05-04T23:48:54.807+0000] {processor.py:161} INFO - Started process (PID=242) to work on /home/airflow/.local/lib/python3.8/site-packages/airflow/example_dags/example_python_operator.py
[2025-05-04T23:48:54.808+0000] {processor.py:830} INFO - Processing file /home/airflow/.local/lib/python3.8/site-packages/airflow/example_dags/example_python_operator.py for tasks to queue
[2025-05-04T23:48:54.809+0000] {logging_mixin.py:188} INFO - [2025-05-04T23:48:54.809+0000] {dagbag.py:538} INFO - Filling up the DagBag from /home/airflow/.local/lib/python3.8/site-packages/airflow/example_dags/example_python_operator.py
[2025-05-04T23:48:54.816+0000] {processor.py:840} INFO - DAG(s) 'example_python_operator' retrieved from /home/airflow/.local/lib/python3.8/site-packages/airflow/example_dags/example_python_operator.py
[2025-05-04T23:48:54.826+0000] {logging_mixin.py:188} INFO - [2025-05-04T23:48:54.826+0000] {dag.py:3033} INFO - Sync 1 DAGs
[2025-05-04T23:48:54.832+0000] {logging_mixin.py:188} INFO - [2025-05-04T23:48:54.832+0000] {dag.py:3820} INFO - Setting next_dagrun for example_python_operator to None, run_after=None
[2025-05-04T23:48:54.841+0000] {processor.py:183} INFO - Processing /home/airflow/.local/lib/python3.8/site-packages/airflow/example_dags/example_python_operator.py took 0.036 seconds
[2025-05-04T23:49:25.513+0000] {processor.py:161} INFO - Started process (PID=298) to work on /home/airflow/.local/lib/python3.8/site-packages/airflow/example_dags/example_python_operator.py
[2025-05-04T23:49:25.514+0000] {processor.py:830} INFO - Processing file /home/airflow/.local/lib/python3.8/site-packages/airflow/example_dags/example_python_operator.py for tasks to queue
[2025-05-04T23:49:25.515+0000] {logging_mixin.py:188} INFO - [2025-05-04T23:49:25.515+0000] {dagbag.py:538} INFO - Filling up the DagBag from /home/airflow/.local/lib/python3.8/site-packages/airflow/example_dags/example_python_operator.py
[2025-05-04T23:49:25.525+0000] {processor.py:840} INFO - DAG(s) 'example_python_operator' retrieved from /home/airflow/.local/lib/python3.8/site-packages/airflow/example_dags/example_python_operator.py
[2025-05-04T23:49:25.539+0000] {logging_mixin.py:188} INFO - [2025-05-04T23:49:25.538+0000] {dag.py:3033} INFO - Sync 1 DAGs
[2025-05-04T23:49:25.546+0000] {logging_mixin.py:188} INFO - [2025-05-04T23:49:25.545+0000] {dag.py:3820} INFO - Setting next_dagrun for example_python_operator to None, run_after=None
[2025-05-04T23:49:25.558+0000] {processor.py:183} INFO - Processing /home/airflow/.local/lib/python3.8/site-packages/airflow/example_dags/example_python_operator.py took 0.049 seconds
[2025-05-04T23:49:56.296+0000] {processor.py:161} INFO - Started process (PID=354) to work on /home/airflow/.local/lib/python3.8/site-packages/airflow/example_dags/example_python_operator.py
[2025-05-04T23:49:56.297+0000] {processor.py:830} INFO - Processing file /home/airflow/.local/lib/python3.8/site-packages/airflow/example_dags/example_python_operator.py for tasks to queue
[2025-05-04T23:49:56.298+0000] {logging_mixin.py:188} INFO - [2025-05-04T23:49:56.298+0000] {dagbag.py:538} INFO - Filling up the DagBag from /home/airflow/.local/lib/python3.8/site-packages/airflow/example_dags/example_python_operator.py
[2025-05-04T23:49:56.304+0000] {processor.py:840} INFO - DAG(s) 'example_python_operator' retrieved from /home/airflow/.local/lib/python3.8/site-packages/airflow/example_dags/example_python_operator.py
[2025-05-04T23:49:56.315+0000] {logging_mixin.py:188} INFO - [2025-05-04T23:49:56.315+0000] {dag.py:3033} INFO - Sync 1 DAGs
[2025-05-04T23:49:56.321+0000] {logging_mixin.py:188} INFO - [2025-05-04T23:49:56.321+0000] {dag.py:3820} INFO - Setting next_dagrun for example_python_operator to None, run_after=None
[2025-05-04T23:49:56.333+0000] {processor.py:183} INFO - Processing /home/airflow/.local/lib/python3.8/site-packages/airflow/example_dags/example_python_operator.py took 0.039 seconds
