[2025-05-04T22:22:09.449+0000] {processor.py:161} INFO - Started process (PID=41) to work on /home/airflow/.local/lib/python3.8/site-packages/airflow/example_dags/example_subdag_operator.py
[2025-05-04T22:22:09.450+0000] {processor.py:830} INFO - Processing file /home/airflow/.local/lib/python3.8/site-packages/airflow/example_dags/example_subdag_operator.py for tasks to queue
[2025-05-04T22:22:09.454+0000] {logging_mixin.py:188} INFO - [2025-05-04T22:22:09.454+0000] {dagbag.py:538} INFO - Filling up the DagBag from /home/airflow/.local/lib/python3.8/site-packages/airflow/example_dags/example_subdag_operator.py
[2025-05-04T22:22:09.480+0000] {processor.py:840} INFO - DAG(s) 'example_subdag_operator.section-1', 'example_subdag_operator.section-2', 'example_subdag_operator' retrieved from /home/airflow/.local/lib/python3.8/site-packages/airflow/example_dags/example_subdag_operator.py
[2025-05-04T22:22:09.490+0000] {logging_mixin.py:188} INFO - [2025-05-04T22:22:09.490+0000] {dag.py:3033} INFO - Sync 3 DAGs
[2025-05-04T22:22:09.506+0000] {logging_mixin.py:188} INFO - [2025-05-04T22:22:09.506+0000] {dag.py:3820} INFO - Setting next_dagrun for example_subdag_operator to 2022-01-01T00:00:00+00:00, run_after=2022-01-01T00:00:00+00:00
[2025-05-04T22:22:09.509+0000] {logging_mixin.py:188} INFO - [2025-05-04T22:22:09.509+0000] {dag.py:3820} INFO - Setting next_dagrun for example_subdag_operator.section-1 to None, run_after=None
[2025-05-04T22:22:09.513+0000] {logging_mixin.py:188} INFO - [2025-05-04T22:22:09.512+0000] {dag.py:3820} INFO - Setting next_dagrun for example_subdag_operator.section-2 to None, run_after=None
[2025-05-04T22:22:09.521+0000] {logging_mixin.py:188} INFO - [2025-05-04T22:22:09.521+0000] {dag.py:3033} INFO - Sync 2 DAGs
[2025-05-04T22:22:09.529+0000] {logging_mixin.py:188} INFO - [2025-05-04T22:22:09.529+0000] {dag.py:3820} INFO - Setting next_dagrun for example_subdag_operator.section-1 to None, run_after=None
[2025-05-04T22:22:09.530+0000] {logging_mixin.py:188} INFO - [2025-05-04T22:22:09.530+0000] {dag.py:3820} INFO - Setting next_dagrun for example_subdag_operator.section-2 to None, run_after=None
[2025-05-04T22:22:09.544+0000] {processor.py:183} INFO - Processing /home/airflow/.local/lib/python3.8/site-packages/airflow/example_dags/example_subdag_operator.py took 0.097 seconds
[2025-05-04T22:22:40.215+0000] {processor.py:161} INFO - Started process (PID=96) to work on /home/airflow/.local/lib/python3.8/site-packages/airflow/example_dags/example_subdag_operator.py
[2025-05-04T22:22:40.217+0000] {processor.py:830} INFO - Processing file /home/airflow/.local/lib/python3.8/site-packages/airflow/example_dags/example_subdag_operator.py for tasks to queue
[2025-05-04T22:22:40.219+0000] {logging_mixin.py:188} INFO - [2025-05-04T22:22:40.219+0000] {dagbag.py:538} INFO - Filling up the DagBag from /home/airflow/.local/lib/python3.8/site-packages/airflow/example_dags/example_subdag_operator.py
[2025-05-04T22:22:40.244+0000] {processor.py:840} INFO - DAG(s) 'example_subdag_operator.section-1', 'example_subdag_operator.section-2', 'example_subdag_operator' retrieved from /home/airflow/.local/lib/python3.8/site-packages/airflow/example_dags/example_subdag_operator.py
[2025-05-04T22:22:40.330+0000] {logging_mixin.py:188} INFO - [2025-05-04T22:22:40.330+0000] {dag.py:3033} INFO - Sync 3 DAGs
[2025-05-04T22:22:40.339+0000] {logging_mixin.py:188} INFO - [2025-05-04T22:22:40.339+0000] {dag.py:3820} INFO - Setting next_dagrun for example_subdag_operator to 2022-01-01T00:00:00+00:00, run_after=2022-01-01T00:00:00+00:00
[2025-05-04T22:22:40.341+0000] {logging_mixin.py:188} INFO - [2025-05-04T22:22:40.341+0000] {dag.py:3820} INFO - Setting next_dagrun for example_subdag_operator.section-1 to None, run_after=None
[2025-05-04T22:22:40.341+0000] {logging_mixin.py:188} INFO - [2025-05-04T22:22:40.341+0000] {dag.py:3820} INFO - Setting next_dagrun for example_subdag_operator.section-2 to None, run_after=None
[2025-05-04T22:22:40.345+0000] {logging_mixin.py:188} INFO - [2025-05-04T22:22:40.345+0000] {dag.py:3033} INFO - Sync 2 DAGs
[2025-05-04T22:22:40.348+0000] {logging_mixin.py:188} INFO - [2025-05-04T22:22:40.348+0000] {dag.py:3820} INFO - Setting next_dagrun for example_subdag_operator.section-1 to None, run_after=None
[2025-05-04T22:22:40.348+0000] {logging_mixin.py:188} INFO - [2025-05-04T22:22:40.348+0000] {dag.py:3820} INFO - Setting next_dagrun for example_subdag_operator.section-2 to None, run_after=None
[2025-05-04T22:22:40.355+0000] {processor.py:183} INFO - Processing /home/airflow/.local/lib/python3.8/site-packages/airflow/example_dags/example_subdag_operator.py took 0.145 seconds
[2025-05-04T22:23:10.442+0000] {processor.py:161} INFO - Started process (PID=151) to work on /home/airflow/.local/lib/python3.8/site-packages/airflow/example_dags/example_subdag_operator.py
[2025-05-04T22:23:10.443+0000] {processor.py:830} INFO - Processing file /home/airflow/.local/lib/python3.8/site-packages/airflow/example_dags/example_subdag_operator.py for tasks to queue
[2025-05-04T22:23:10.444+0000] {logging_mixin.py:188} INFO - [2025-05-04T22:23:10.444+0000] {dagbag.py:538} INFO - Filling up the DagBag from /home/airflow/.local/lib/python3.8/site-packages/airflow/example_dags/example_subdag_operator.py
[2025-05-04T22:23:10.462+0000] {processor.py:840} INFO - DAG(s) 'example_subdag_operator.section-1', 'example_subdag_operator.section-2', 'example_subdag_operator' retrieved from /home/airflow/.local/lib/python3.8/site-packages/airflow/example_dags/example_subdag_operator.py
[2025-05-04T22:23:10.471+0000] {logging_mixin.py:188} INFO - [2025-05-04T22:23:10.471+0000] {dag.py:3033} INFO - Sync 3 DAGs
[2025-05-04T22:23:10.483+0000] {logging_mixin.py:188} INFO - [2025-05-04T22:23:10.483+0000] {dag.py:3820} INFO - Setting next_dagrun for example_subdag_operator to 2022-01-01T00:00:00+00:00, run_after=2022-01-01T00:00:00+00:00
[2025-05-04T22:23:10.486+0000] {logging_mixin.py:188} INFO - [2025-05-04T22:23:10.486+0000] {dag.py:3820} INFO - Setting next_dagrun for example_subdag_operator.section-1 to None, run_after=None
[2025-05-04T22:23:10.489+0000] {logging_mixin.py:188} INFO - [2025-05-04T22:23:10.489+0000] {dag.py:3820} INFO - Setting next_dagrun for example_subdag_operator.section-2 to None, run_after=None
[2025-05-04T22:23:10.493+0000] {logging_mixin.py:188} INFO - [2025-05-04T22:23:10.493+0000] {dag.py:3033} INFO - Sync 2 DAGs
[2025-05-04T22:23:10.500+0000] {logging_mixin.py:188} INFO - [2025-05-04T22:23:10.500+0000] {dag.py:3820} INFO - Setting next_dagrun for example_subdag_operator.section-1 to None, run_after=None
[2025-05-04T22:23:10.500+0000] {logging_mixin.py:188} INFO - [2025-05-04T22:23:10.500+0000] {dag.py:3820} INFO - Setting next_dagrun for example_subdag_operator.section-2 to None, run_after=None
[2025-05-04T22:23:10.507+0000] {processor.py:183} INFO - Processing /home/airflow/.local/lib/python3.8/site-packages/airflow/example_dags/example_subdag_operator.py took 0.067 seconds
[2025-05-04T22:23:41.116+0000] {processor.py:161} INFO - Started process (PID=206) to work on /home/airflow/.local/lib/python3.8/site-packages/airflow/example_dags/example_subdag_operator.py
[2025-05-04T22:23:41.118+0000] {processor.py:830} INFO - Processing file /home/airflow/.local/lib/python3.8/site-packages/airflow/example_dags/example_subdag_operator.py for tasks to queue
[2025-05-04T22:23:41.120+0000] {logging_mixin.py:188} INFO - [2025-05-04T22:23:41.120+0000] {dagbag.py:538} INFO - Filling up the DagBag from /home/airflow/.local/lib/python3.8/site-packages/airflow/example_dags/example_subdag_operator.py
[2025-05-04T22:23:41.138+0000] {processor.py:840} INFO - DAG(s) 'example_subdag_operator.section-1', 'example_subdag_operator.section-2', 'example_subdag_operator' retrieved from /home/airflow/.local/lib/python3.8/site-packages/airflow/example_dags/example_subdag_operator.py
[2025-05-04T22:23:41.146+0000] {logging_mixin.py:188} INFO - [2025-05-04T22:23:41.146+0000] {dag.py:3033} INFO - Sync 3 DAGs
[2025-05-04T22:23:41.158+0000] {logging_mixin.py:188} INFO - [2025-05-04T22:23:41.158+0000] {dag.py:3820} INFO - Setting next_dagrun for example_subdag_operator to 2022-01-01T00:00:00+00:00, run_after=2022-01-01T00:00:00+00:00
[2025-05-04T22:23:41.160+0000] {logging_mixin.py:188} INFO - [2025-05-04T22:23:41.160+0000] {dag.py:3820} INFO - Setting next_dagrun for example_subdag_operator.section-1 to None, run_after=None
[2025-05-04T22:23:41.163+0000] {logging_mixin.py:188} INFO - [2025-05-04T22:23:41.163+0000] {dag.py:3820} INFO - Setting next_dagrun for example_subdag_operator.section-2 to None, run_after=None
[2025-05-04T22:23:41.167+0000] {logging_mixin.py:188} INFO - [2025-05-04T22:23:41.167+0000] {dag.py:3033} INFO - Sync 2 DAGs
[2025-05-04T22:23:41.169+0000] {logging_mixin.py:188} INFO - [2025-05-04T22:23:41.169+0000] {dag.py:3820} INFO - Setting next_dagrun for example_subdag_operator.section-1 to None, run_after=None
[2025-05-04T22:23:41.169+0000] {logging_mixin.py:188} INFO - [2025-05-04T22:23:41.169+0000] {dag.py:3820} INFO - Setting next_dagrun for example_subdag_operator.section-2 to None, run_after=None
[2025-05-04T22:23:41.175+0000] {processor.py:183} INFO - Processing /home/airflow/.local/lib/python3.8/site-packages/airflow/example_dags/example_subdag_operator.py took 0.063 seconds
[2025-05-04T22:24:11.700+0000] {processor.py:161} INFO - Started process (PID=261) to work on /home/airflow/.local/lib/python3.8/site-packages/airflow/example_dags/example_subdag_operator.py
[2025-05-04T22:24:11.701+0000] {processor.py:830} INFO - Processing file /home/airflow/.local/lib/python3.8/site-packages/airflow/example_dags/example_subdag_operator.py for tasks to queue
[2025-05-04T22:24:11.703+0000] {logging_mixin.py:188} INFO - [2025-05-04T22:24:11.703+0000] {dagbag.py:538} INFO - Filling up the DagBag from /home/airflow/.local/lib/python3.8/site-packages/airflow/example_dags/example_subdag_operator.py
[2025-05-04T22:24:11.725+0000] {processor.py:840} INFO - DAG(s) 'example_subdag_operator.section-1', 'example_subdag_operator.section-2', 'example_subdag_operator' retrieved from /home/airflow/.local/lib/python3.8/site-packages/airflow/example_dags/example_subdag_operator.py
[2025-05-04T22:24:11.735+0000] {logging_mixin.py:188} INFO - [2025-05-04T22:24:11.735+0000] {dag.py:3033} INFO - Sync 3 DAGs
[2025-05-04T22:24:11.748+0000] {logging_mixin.py:188} INFO - [2025-05-04T22:24:11.748+0000] {dag.py:3820} INFO - Setting next_dagrun for example_subdag_operator to 2022-01-01T00:00:00+00:00, run_after=2022-01-01T00:00:00+00:00
[2025-05-04T22:24:11.750+0000] {logging_mixin.py:188} INFO - [2025-05-04T22:24:11.750+0000] {dag.py:3820} INFO - Setting next_dagrun for example_subdag_operator.section-1 to None, run_after=None
[2025-05-04T22:24:11.751+0000] {logging_mixin.py:188} INFO - [2025-05-04T22:24:11.751+0000] {dag.py:3820} INFO - Setting next_dagrun for example_subdag_operator.section-2 to None, run_after=None
[2025-05-04T22:24:11.754+0000] {logging_mixin.py:188} INFO - [2025-05-04T22:24:11.754+0000] {dag.py:3033} INFO - Sync 2 DAGs
[2025-05-04T22:24:11.758+0000] {logging_mixin.py:188} INFO - [2025-05-04T22:24:11.758+0000] {dag.py:3820} INFO - Setting next_dagrun for example_subdag_operator.section-1 to None, run_after=None
[2025-05-04T22:24:11.759+0000] {logging_mixin.py:188} INFO - [2025-05-04T22:24:11.758+0000] {dag.py:3820} INFO - Setting next_dagrun for example_subdag_operator.section-2 to None, run_after=None
[2025-05-04T22:24:11.763+0000] {processor.py:183} INFO - Processing /home/airflow/.local/lib/python3.8/site-packages/airflow/example_dags/example_subdag_operator.py took 0.067 seconds
[2025-05-04T22:24:42.246+0000] {processor.py:161} INFO - Started process (PID=316) to work on /home/airflow/.local/lib/python3.8/site-packages/airflow/example_dags/example_subdag_operator.py
[2025-05-04T22:24:42.247+0000] {processor.py:830} INFO - Processing file /home/airflow/.local/lib/python3.8/site-packages/airflow/example_dags/example_subdag_operator.py for tasks to queue
[2025-05-04T22:24:42.248+0000] {logging_mixin.py:188} INFO - [2025-05-04T22:24:42.248+0000] {dagbag.py:538} INFO - Filling up the DagBag from /home/airflow/.local/lib/python3.8/site-packages/airflow/example_dags/example_subdag_operator.py
[2025-05-04T22:24:42.265+0000] {processor.py:840} INFO - DAG(s) 'example_subdag_operator.section-1', 'example_subdag_operator.section-2', 'example_subdag_operator' retrieved from /home/airflow/.local/lib/python3.8/site-packages/airflow/example_dags/example_subdag_operator.py
[2025-05-04T22:24:42.279+0000] {logging_mixin.py:188} INFO - [2025-05-04T22:24:42.279+0000] {dag.py:3033} INFO - Sync 3 DAGs
[2025-05-04T22:24:42.300+0000] {logging_mixin.py:188} INFO - [2025-05-04T22:24:42.299+0000] {dag.py:3820} INFO - Setting next_dagrun for example_subdag_operator to 2022-01-01T00:00:00+00:00, run_after=2022-01-01T00:00:00+00:00
[2025-05-04T22:24:42.304+0000] {logging_mixin.py:188} INFO - [2025-05-04T22:24:42.304+0000] {dag.py:3820} INFO - Setting next_dagrun for example_subdag_operator.section-1 to None, run_after=None
[2025-05-04T22:24:42.306+0000] {logging_mixin.py:188} INFO - [2025-05-04T22:24:42.306+0000] {dag.py:3820} INFO - Setting next_dagrun for example_subdag_operator.section-2 to None, run_after=None
[2025-05-04T22:24:42.311+0000] {logging_mixin.py:188} INFO - [2025-05-04T22:24:42.310+0000] {dag.py:3033} INFO - Sync 2 DAGs
[2025-05-04T22:24:42.316+0000] {logging_mixin.py:188} INFO - [2025-05-04T22:24:42.316+0000] {dag.py:3820} INFO - Setting next_dagrun for example_subdag_operator.section-1 to None, run_after=None
[2025-05-04T22:24:42.317+0000] {logging_mixin.py:188} INFO - [2025-05-04T22:24:42.317+0000] {dag.py:3820} INFO - Setting next_dagrun for example_subdag_operator.section-2 to None, run_after=None
[2025-05-04T22:24:42.324+0000] {processor.py:183} INFO - Processing /home/airflow/.local/lib/python3.8/site-packages/airflow/example_dags/example_subdag_operator.py took 0.080 seconds
[2025-05-04T22:25:27.926+0000] {processor.py:161} INFO - Started process (PID=36) to work on /home/airflow/.local/lib/python3.8/site-packages/airflow/example_dags/example_subdag_operator.py
[2025-05-04T22:25:27.926+0000] {processor.py:830} INFO - Processing file /home/airflow/.local/lib/python3.8/site-packages/airflow/example_dags/example_subdag_operator.py for tasks to queue
[2025-05-04T22:25:27.929+0000] {logging_mixin.py:188} INFO - [2025-05-04T22:25:27.928+0000] {dagbag.py:538} INFO - Filling up the DagBag from /home/airflow/.local/lib/python3.8/site-packages/airflow/example_dags/example_subdag_operator.py
[2025-05-04T22:25:27.957+0000] {processor.py:840} INFO - DAG(s) 'example_subdag_operator.section-1', 'example_subdag_operator.section-2', 'example_subdag_operator' retrieved from /home/airflow/.local/lib/python3.8/site-packages/airflow/example_dags/example_subdag_operator.py
[2025-05-04T22:25:27.965+0000] {logging_mixin.py:188} INFO - [2025-05-04T22:25:27.965+0000] {dag.py:3033} INFO - Sync 3 DAGs
[2025-05-04T22:25:28.006+0000] {logging_mixin.py:188} INFO - [2025-05-04T22:25:28.006+0000] {dag.py:3820} INFO - Setting next_dagrun for example_subdag_operator to 2022-01-01T00:00:00+00:00, run_after=2022-01-01T00:00:00+00:00
[2025-05-04T22:25:28.014+0000] {logging_mixin.py:188} INFO - [2025-05-04T22:25:28.014+0000] {dag.py:3820} INFO - Setting next_dagrun for example_subdag_operator.section-1 to None, run_after=None
[2025-05-04T22:25:28.017+0000] {logging_mixin.py:188} INFO - [2025-05-04T22:25:28.017+0000] {dag.py:3820} INFO - Setting next_dagrun for example_subdag_operator.section-2 to None, run_after=None
[2025-05-04T22:25:28.028+0000] {logging_mixin.py:188} INFO - [2025-05-04T22:25:28.028+0000] {dag.py:3033} INFO - Sync 2 DAGs
[2025-05-04T22:25:28.033+0000] {logging_mixin.py:188} INFO - [2025-05-04T22:25:28.033+0000] {dag.py:3820} INFO - Setting next_dagrun for example_subdag_operator.section-1 to None, run_after=None
[2025-05-04T22:25:28.034+0000] {logging_mixin.py:188} INFO - [2025-05-04T22:25:28.034+0000] {dag.py:3820} INFO - Setting next_dagrun for example_subdag_operator.section-2 to None, run_after=None
[2025-05-04T22:25:28.045+0000] {processor.py:183} INFO - Processing /home/airflow/.local/lib/python3.8/site-packages/airflow/example_dags/example_subdag_operator.py took 0.121 seconds
[2025-05-04T22:25:58.624+0000] {processor.py:161} INFO - Started process (PID=98) to work on /home/airflow/.local/lib/python3.8/site-packages/airflow/example_dags/example_subdag_operator.py
[2025-05-04T22:25:58.624+0000] {processor.py:830} INFO - Processing file /home/airflow/.local/lib/python3.8/site-packages/airflow/example_dags/example_subdag_operator.py for tasks to queue
[2025-05-04T22:25:58.625+0000] {logging_mixin.py:188} INFO - [2025-05-04T22:25:58.625+0000] {dagbag.py:538} INFO - Filling up the DagBag from /home/airflow/.local/lib/python3.8/site-packages/airflow/example_dags/example_subdag_operator.py
[2025-05-04T22:25:58.638+0000] {processor.py:840} INFO - DAG(s) 'example_subdag_operator.section-1', 'example_subdag_operator.section-2', 'example_subdag_operator' retrieved from /home/airflow/.local/lib/python3.8/site-packages/airflow/example_dags/example_subdag_operator.py
[2025-05-04T22:25:58.691+0000] {logging_mixin.py:188} INFO - [2025-05-04T22:25:58.691+0000] {dag.py:3033} INFO - Sync 3 DAGs
[2025-05-04T22:25:58.700+0000] {logging_mixin.py:188} INFO - [2025-05-04T22:25:58.700+0000] {dag.py:3820} INFO - Setting next_dagrun for example_subdag_operator to 2022-01-01T00:00:00+00:00, run_after=2022-01-01T00:00:00+00:00
[2025-05-04T22:25:58.701+0000] {logging_mixin.py:188} INFO - [2025-05-04T22:25:58.701+0000] {dag.py:3820} INFO - Setting next_dagrun for example_subdag_operator.section-1 to None, run_after=None
[2025-05-04T22:25:58.702+0000] {logging_mixin.py:188} INFO - [2025-05-04T22:25:58.702+0000] {dag.py:3820} INFO - Setting next_dagrun for example_subdag_operator.section-2 to None, run_after=None
[2025-05-04T22:25:58.706+0000] {logging_mixin.py:188} INFO - [2025-05-04T22:25:58.706+0000] {dag.py:3033} INFO - Sync 2 DAGs
[2025-05-04T22:25:58.708+0000] {logging_mixin.py:188} INFO - [2025-05-04T22:25:58.708+0000] {dag.py:3820} INFO - Setting next_dagrun for example_subdag_operator.section-1 to None, run_after=None
[2025-05-04T22:25:58.708+0000] {logging_mixin.py:188} INFO - [2025-05-04T22:25:58.708+0000] {dag.py:3820} INFO - Setting next_dagrun for example_subdag_operator.section-2 to None, run_after=None
[2025-05-04T22:25:58.713+0000] {processor.py:183} INFO - Processing /home/airflow/.local/lib/python3.8/site-packages/airflow/example_dags/example_subdag_operator.py took 0.091 seconds
[2025-05-04T22:26:29.028+0000] {processor.py:161} INFO - Started process (PID=154) to work on /home/airflow/.local/lib/python3.8/site-packages/airflow/example_dags/example_subdag_operator.py
[2025-05-04T22:26:29.029+0000] {processor.py:830} INFO - Processing file /home/airflow/.local/lib/python3.8/site-packages/airflow/example_dags/example_subdag_operator.py for tasks to queue
[2025-05-04T22:26:29.030+0000] {logging_mixin.py:188} INFO - [2025-05-04T22:26:29.030+0000] {dagbag.py:538} INFO - Filling up the DagBag from /home/airflow/.local/lib/python3.8/site-packages/airflow/example_dags/example_subdag_operator.py
[2025-05-04T22:26:29.043+0000] {processor.py:840} INFO - DAG(s) 'example_subdag_operator.section-1', 'example_subdag_operator.section-2', 'example_subdag_operator' retrieved from /home/airflow/.local/lib/python3.8/site-packages/airflow/example_dags/example_subdag_operator.py
[2025-05-04T22:26:29.049+0000] {logging_mixin.py:188} INFO - [2025-05-04T22:26:29.049+0000] {dag.py:3033} INFO - Sync 3 DAGs
[2025-05-04T22:26:29.062+0000] {logging_mixin.py:188} INFO - [2025-05-04T22:26:29.061+0000] {dag.py:3820} INFO - Setting next_dagrun for example_subdag_operator to 2022-01-01T00:00:00+00:00, run_after=2022-01-01T00:00:00+00:00
[2025-05-04T22:26:29.065+0000] {logging_mixin.py:188} INFO - [2025-05-04T22:26:29.064+0000] {dag.py:3820} INFO - Setting next_dagrun for example_subdag_operator.section-1 to None, run_after=None
[2025-05-04T22:26:29.066+0000] {logging_mixin.py:188} INFO - [2025-05-04T22:26:29.065+0000] {dag.py:3820} INFO - Setting next_dagrun for example_subdag_operator.section-2 to None, run_after=None
[2025-05-04T22:26:29.071+0000] {logging_mixin.py:188} INFO - [2025-05-04T22:26:29.071+0000] {dag.py:3033} INFO - Sync 2 DAGs
[2025-05-04T22:26:29.075+0000] {logging_mixin.py:188} INFO - [2025-05-04T22:26:29.075+0000] {dag.py:3820} INFO - Setting next_dagrun for example_subdag_operator.section-1 to None, run_after=None
[2025-05-04T22:26:29.075+0000] {logging_mixin.py:188} INFO - [2025-05-04T22:26:29.075+0000] {dag.py:3820} INFO - Setting next_dagrun for example_subdag_operator.section-2 to None, run_after=None
[2025-05-04T22:26:29.082+0000] {processor.py:183} INFO - Processing /home/airflow/.local/lib/python3.8/site-packages/airflow/example_dags/example_subdag_operator.py took 0.056 seconds
[2025-05-04T22:26:59.708+0000] {processor.py:161} INFO - Started process (PID=214) to work on /home/airflow/.local/lib/python3.8/site-packages/airflow/example_dags/example_subdag_operator.py
[2025-05-04T22:26:59.708+0000] {processor.py:830} INFO - Processing file /home/airflow/.local/lib/python3.8/site-packages/airflow/example_dags/example_subdag_operator.py for tasks to queue
[2025-05-04T22:26:59.709+0000] {logging_mixin.py:188} INFO - [2025-05-04T22:26:59.709+0000] {dagbag.py:538} INFO - Filling up the DagBag from /home/airflow/.local/lib/python3.8/site-packages/airflow/example_dags/example_subdag_operator.py
[2025-05-04T22:26:59.724+0000] {processor.py:840} INFO - DAG(s) 'example_subdag_operator.section-1', 'example_subdag_operator.section-2', 'example_subdag_operator' retrieved from /home/airflow/.local/lib/python3.8/site-packages/airflow/example_dags/example_subdag_operator.py
[2025-05-04T22:26:59.731+0000] {logging_mixin.py:188} INFO - [2025-05-04T22:26:59.730+0000] {dag.py:3033} INFO - Sync 3 DAGs
[2025-05-04T22:26:59.739+0000] {logging_mixin.py:188} INFO - [2025-05-04T22:26:59.739+0000] {dag.py:3820} INFO - Setting next_dagrun for example_subdag_operator to 2022-01-01T00:00:00+00:00, run_after=2022-01-01T00:00:00+00:00
[2025-05-04T22:26:59.740+0000] {logging_mixin.py:188} INFO - [2025-05-04T22:26:59.740+0000] {dag.py:3820} INFO - Setting next_dagrun for example_subdag_operator.section-1 to None, run_after=None
[2025-05-04T22:26:59.740+0000] {logging_mixin.py:188} INFO - [2025-05-04T22:26:59.740+0000] {dag.py:3820} INFO - Setting next_dagrun for example_subdag_operator.section-2 to None, run_after=None
[2025-05-04T22:26:59.743+0000] {logging_mixin.py:188} INFO - [2025-05-04T22:26:59.743+0000] {dag.py:3033} INFO - Sync 2 DAGs
[2025-05-04T22:26:59.745+0000] {logging_mixin.py:188} INFO - [2025-05-04T22:26:59.745+0000] {dag.py:3820} INFO - Setting next_dagrun for example_subdag_operator.section-1 to None, run_after=None
[2025-05-04T22:26:59.745+0000] {logging_mixin.py:188} INFO - [2025-05-04T22:26:59.745+0000] {dag.py:3820} INFO - Setting next_dagrun for example_subdag_operator.section-2 to None, run_after=None
[2025-05-04T22:26:59.749+0000] {processor.py:183} INFO - Processing /home/airflow/.local/lib/python3.8/site-packages/airflow/example_dags/example_subdag_operator.py took 0.041 seconds
[2025-05-04T22:27:30.425+0000] {processor.py:161} INFO - Started process (PID=270) to work on /home/airflow/.local/lib/python3.8/site-packages/airflow/example_dags/example_subdag_operator.py
[2025-05-04T22:27:30.426+0000] {processor.py:830} INFO - Processing file /home/airflow/.local/lib/python3.8/site-packages/airflow/example_dags/example_subdag_operator.py for tasks to queue
[2025-05-04T22:27:30.427+0000] {logging_mixin.py:188} INFO - [2025-05-04T22:27:30.426+0000] {dagbag.py:538} INFO - Filling up the DagBag from /home/airflow/.local/lib/python3.8/site-packages/airflow/example_dags/example_subdag_operator.py
[2025-05-04T22:27:30.439+0000] {processor.py:840} INFO - DAG(s) 'example_subdag_operator.section-1', 'example_subdag_operator.section-2', 'example_subdag_operator' retrieved from /home/airflow/.local/lib/python3.8/site-packages/airflow/example_dags/example_subdag_operator.py
[2025-05-04T22:27:30.447+0000] {logging_mixin.py:188} INFO - [2025-05-04T22:27:30.447+0000] {dag.py:3033} INFO - Sync 3 DAGs
[2025-05-04T22:27:30.456+0000] {logging_mixin.py:188} INFO - [2025-05-04T22:27:30.456+0000] {dag.py:3820} INFO - Setting next_dagrun for example_subdag_operator to 2022-01-01T00:00:00+00:00, run_after=2022-01-01T00:00:00+00:00
[2025-05-04T22:27:30.458+0000] {logging_mixin.py:188} INFO - [2025-05-04T22:27:30.458+0000] {dag.py:3820} INFO - Setting next_dagrun for example_subdag_operator.section-1 to None, run_after=None
[2025-05-04T22:27:30.459+0000] {logging_mixin.py:188} INFO - [2025-05-04T22:27:30.459+0000] {dag.py:3820} INFO - Setting next_dagrun for example_subdag_operator.section-2 to None, run_after=None
[2025-05-04T22:27:30.463+0000] {logging_mixin.py:188} INFO - [2025-05-04T22:27:30.463+0000] {dag.py:3033} INFO - Sync 2 DAGs
[2025-05-04T22:27:30.466+0000] {logging_mixin.py:188} INFO - [2025-05-04T22:27:30.466+0000] {dag.py:3820} INFO - Setting next_dagrun for example_subdag_operator.section-1 to None, run_after=None
[2025-05-04T22:27:30.466+0000] {logging_mixin.py:188} INFO - [2025-05-04T22:27:30.466+0000] {dag.py:3820} INFO - Setting next_dagrun for example_subdag_operator.section-2 to None, run_after=None
[2025-05-04T22:27:30.471+0000] {processor.py:183} INFO - Processing /home/airflow/.local/lib/python3.8/site-packages/airflow/example_dags/example_subdag_operator.py took 0.048 seconds
[2025-05-04T22:28:01.026+0000] {processor.py:161} INFO - Started process (PID=326) to work on /home/airflow/.local/lib/python3.8/site-packages/airflow/example_dags/example_subdag_operator.py
[2025-05-04T22:28:01.027+0000] {processor.py:830} INFO - Processing file /home/airflow/.local/lib/python3.8/site-packages/airflow/example_dags/example_subdag_operator.py for tasks to queue
[2025-05-04T22:28:01.028+0000] {logging_mixin.py:188} INFO - [2025-05-04T22:28:01.028+0000] {dagbag.py:538} INFO - Filling up the DagBag from /home/airflow/.local/lib/python3.8/site-packages/airflow/example_dags/example_subdag_operator.py
[2025-05-04T22:28:01.045+0000] {processor.py:840} INFO - DAG(s) 'example_subdag_operator.section-1', 'example_subdag_operator.section-2', 'example_subdag_operator' retrieved from /home/airflow/.local/lib/python3.8/site-packages/airflow/example_dags/example_subdag_operator.py
[2025-05-04T22:28:01.053+0000] {logging_mixin.py:188} INFO - [2025-05-04T22:28:01.053+0000] {dag.py:3033} INFO - Sync 3 DAGs
[2025-05-04T22:28:01.062+0000] {logging_mixin.py:188} INFO - [2025-05-04T22:28:01.062+0000] {dag.py:3820} INFO - Setting next_dagrun for example_subdag_operator to 2022-01-01T00:00:00+00:00, run_after=2022-01-01T00:00:00+00:00
[2025-05-04T22:28:01.064+0000] {logging_mixin.py:188} INFO - [2025-05-04T22:28:01.064+0000] {dag.py:3820} INFO - Setting next_dagrun for example_subdag_operator.section-1 to None, run_after=None
[2025-05-04T22:28:01.065+0000] {logging_mixin.py:188} INFO - [2025-05-04T22:28:01.065+0000] {dag.py:3820} INFO - Setting next_dagrun for example_subdag_operator.section-2 to None, run_after=None
[2025-05-04T22:28:01.068+0000] {logging_mixin.py:188} INFO - [2025-05-04T22:28:01.068+0000] {dag.py:3033} INFO - Sync 2 DAGs
[2025-05-04T22:28:01.071+0000] {logging_mixin.py:188} INFO - [2025-05-04T22:28:01.071+0000] {dag.py:3820} INFO - Setting next_dagrun for example_subdag_operator.section-1 to None, run_after=None
[2025-05-04T22:28:01.072+0000] {logging_mixin.py:188} INFO - [2025-05-04T22:28:01.071+0000] {dag.py:3820} INFO - Setting next_dagrun for example_subdag_operator.section-2 to None, run_after=None
[2025-05-04T22:28:01.077+0000] {processor.py:183} INFO - Processing /home/airflow/.local/lib/python3.8/site-packages/airflow/example_dags/example_subdag_operator.py took 0.053 seconds
[2025-05-04T22:28:31.647+0000] {processor.py:161} INFO - Started process (PID=382) to work on /home/airflow/.local/lib/python3.8/site-packages/airflow/example_dags/example_subdag_operator.py
[2025-05-04T22:28:31.647+0000] {processor.py:830} INFO - Processing file /home/airflow/.local/lib/python3.8/site-packages/airflow/example_dags/example_subdag_operator.py for tasks to queue
[2025-05-04T22:28:31.648+0000] {logging_mixin.py:188} INFO - [2025-05-04T22:28:31.648+0000] {dagbag.py:538} INFO - Filling up the DagBag from /home/airflow/.local/lib/python3.8/site-packages/airflow/example_dags/example_subdag_operator.py
[2025-05-04T22:28:31.660+0000] {processor.py:840} INFO - DAG(s) 'example_subdag_operator.section-1', 'example_subdag_operator.section-2', 'example_subdag_operator' retrieved from /home/airflow/.local/lib/python3.8/site-packages/airflow/example_dags/example_subdag_operator.py
[2025-05-04T22:28:31.668+0000] {logging_mixin.py:188} INFO - [2025-05-04T22:28:31.668+0000] {dag.py:3033} INFO - Sync 3 DAGs
[2025-05-04T22:28:31.677+0000] {logging_mixin.py:188} INFO - [2025-05-04T22:28:31.677+0000] {dag.py:3820} INFO - Setting next_dagrun for example_subdag_operator to 2022-01-01T00:00:00+00:00, run_after=2022-01-01T00:00:00+00:00
[2025-05-04T22:28:31.681+0000] {logging_mixin.py:188} INFO - [2025-05-04T22:28:31.681+0000] {dag.py:3820} INFO - Setting next_dagrun for example_subdag_operator.section-1 to None, run_after=None
[2025-05-04T22:28:31.682+0000] {logging_mixin.py:188} INFO - [2025-05-04T22:28:31.682+0000] {dag.py:3820} INFO - Setting next_dagrun for example_subdag_operator.section-2 to None, run_after=None
[2025-05-04T22:28:31.685+0000] {logging_mixin.py:188} INFO - [2025-05-04T22:28:31.685+0000] {dag.py:3033} INFO - Sync 2 DAGs
[2025-05-04T22:28:31.687+0000] {logging_mixin.py:188} INFO - [2025-05-04T22:28:31.687+0000] {dag.py:3820} INFO - Setting next_dagrun for example_subdag_operator.section-1 to None, run_after=None
[2025-05-04T22:28:31.687+0000] {logging_mixin.py:188} INFO - [2025-05-04T22:28:31.687+0000] {dag.py:3820} INFO - Setting next_dagrun for example_subdag_operator.section-2 to None, run_after=None
[2025-05-04T22:28:31.694+0000] {processor.py:183} INFO - Processing /home/airflow/.local/lib/python3.8/site-packages/airflow/example_dags/example_subdag_operator.py took 0.049 seconds
[2025-05-04T22:29:02.285+0000] {processor.py:161} INFO - Started process (PID=438) to work on /home/airflow/.local/lib/python3.8/site-packages/airflow/example_dags/example_subdag_operator.py
[2025-05-04T22:29:02.285+0000] {processor.py:830} INFO - Processing file /home/airflow/.local/lib/python3.8/site-packages/airflow/example_dags/example_subdag_operator.py for tasks to queue
[2025-05-04T22:29:02.286+0000] {logging_mixin.py:188} INFO - [2025-05-04T22:29:02.286+0000] {dagbag.py:538} INFO - Filling up the DagBag from /home/airflow/.local/lib/python3.8/site-packages/airflow/example_dags/example_subdag_operator.py
[2025-05-04T22:29:02.297+0000] {processor.py:840} INFO - DAG(s) 'example_subdag_operator.section-1', 'example_subdag_operator.section-2', 'example_subdag_operator' retrieved from /home/airflow/.local/lib/python3.8/site-packages/airflow/example_dags/example_subdag_operator.py
[2025-05-04T22:29:02.303+0000] {logging_mixin.py:188} INFO - [2025-05-04T22:29:02.303+0000] {dag.py:3033} INFO - Sync 3 DAGs
[2025-05-04T22:29:02.311+0000] {logging_mixin.py:188} INFO - [2025-05-04T22:29:02.311+0000] {dag.py:3820} INFO - Setting next_dagrun for example_subdag_operator to 2022-01-01T00:00:00+00:00, run_after=2022-01-01T00:00:00+00:00
[2025-05-04T22:29:02.312+0000] {logging_mixin.py:188} INFO - [2025-05-04T22:29:02.312+0000] {dag.py:3820} INFO - Setting next_dagrun for example_subdag_operator.section-1 to None, run_after=None
[2025-05-04T22:29:02.312+0000] {logging_mixin.py:188} INFO - [2025-05-04T22:29:02.312+0000] {dag.py:3820} INFO - Setting next_dagrun for example_subdag_operator.section-2 to None, run_after=None
[2025-05-04T22:29:02.315+0000] {logging_mixin.py:188} INFO - [2025-05-04T22:29:02.315+0000] {dag.py:3033} INFO - Sync 2 DAGs
[2025-05-04T22:29:02.316+0000] {logging_mixin.py:188} INFO - [2025-05-04T22:29:02.316+0000] {dag.py:3820} INFO - Setting next_dagrun for example_subdag_operator.section-1 to None, run_after=None
[2025-05-04T22:29:02.316+0000] {logging_mixin.py:188} INFO - [2025-05-04T22:29:02.316+0000] {dag.py:3820} INFO - Setting next_dagrun for example_subdag_operator.section-2 to None, run_after=None
[2025-05-04T22:29:02.320+0000] {processor.py:183} INFO - Processing /home/airflow/.local/lib/python3.8/site-packages/airflow/example_dags/example_subdag_operator.py took 0.037 seconds
[2025-05-04T22:29:33.043+0000] {processor.py:161} INFO - Started process (PID=494) to work on /home/airflow/.local/lib/python3.8/site-packages/airflow/example_dags/example_subdag_operator.py
[2025-05-04T22:29:33.046+0000] {processor.py:830} INFO - Processing file /home/airflow/.local/lib/python3.8/site-packages/airflow/example_dags/example_subdag_operator.py for tasks to queue
[2025-05-04T22:29:33.048+0000] {logging_mixin.py:188} INFO - [2025-05-04T22:29:33.048+0000] {dagbag.py:538} INFO - Filling up the DagBag from /home/airflow/.local/lib/python3.8/site-packages/airflow/example_dags/example_subdag_operator.py
[2025-05-04T22:29:33.070+0000] {processor.py:840} INFO - DAG(s) 'example_subdag_operator.section-1', 'example_subdag_operator.section-2', 'example_subdag_operator' retrieved from /home/airflow/.local/lib/python3.8/site-packages/airflow/example_dags/example_subdag_operator.py
[2025-05-04T22:29:33.080+0000] {logging_mixin.py:188} INFO - [2025-05-04T22:29:33.079+0000] {dag.py:3033} INFO - Sync 3 DAGs
[2025-05-04T22:29:33.091+0000] {logging_mixin.py:188} INFO - [2025-05-04T22:29:33.091+0000] {dag.py:3820} INFO - Setting next_dagrun for example_subdag_operator to 2022-01-01T00:00:00+00:00, run_after=2022-01-01T00:00:00+00:00
[2025-05-04T22:29:33.094+0000] {logging_mixin.py:188} INFO - [2025-05-04T22:29:33.094+0000] {dag.py:3820} INFO - Setting next_dagrun for example_subdag_operator.section-1 to None, run_after=None
[2025-05-04T22:29:33.097+0000] {logging_mixin.py:188} INFO - [2025-05-04T22:29:33.097+0000] {dag.py:3820} INFO - Setting next_dagrun for example_subdag_operator.section-2 to None, run_after=None
[2025-05-04T22:29:33.101+0000] {logging_mixin.py:188} INFO - [2025-05-04T22:29:33.101+0000] {dag.py:3033} INFO - Sync 2 DAGs
[2025-05-04T22:29:33.106+0000] {logging_mixin.py:188} INFO - [2025-05-04T22:29:33.106+0000] {dag.py:3820} INFO - Setting next_dagrun for example_subdag_operator.section-1 to None, run_after=None
[2025-05-04T22:29:33.106+0000] {logging_mixin.py:188} INFO - [2025-05-04T22:29:33.106+0000] {dag.py:3820} INFO - Setting next_dagrun for example_subdag_operator.section-2 to None, run_after=None
[2025-05-04T22:29:33.116+0000] {processor.py:183} INFO - Processing /home/airflow/.local/lib/python3.8/site-packages/airflow/example_dags/example_subdag_operator.py took 0.077 seconds
[2025-05-04T22:30:03.681+0000] {processor.py:161} INFO - Started process (PID=550) to work on /home/airflow/.local/lib/python3.8/site-packages/airflow/example_dags/example_subdag_operator.py
[2025-05-04T22:30:03.683+0000] {processor.py:830} INFO - Processing file /home/airflow/.local/lib/python3.8/site-packages/airflow/example_dags/example_subdag_operator.py for tasks to queue
[2025-05-04T22:30:03.685+0000] {logging_mixin.py:188} INFO - [2025-05-04T22:30:03.685+0000] {dagbag.py:538} INFO - Filling up the DagBag from /home/airflow/.local/lib/python3.8/site-packages/airflow/example_dags/example_subdag_operator.py
[2025-05-04T22:30:03.711+0000] {processor.py:840} INFO - DAG(s) 'example_subdag_operator.section-1', 'example_subdag_operator.section-2', 'example_subdag_operator' retrieved from /home/airflow/.local/lib/python3.8/site-packages/airflow/example_dags/example_subdag_operator.py
[2025-05-04T22:30:03.721+0000] {logging_mixin.py:188} INFO - [2025-05-04T22:30:03.721+0000] {dag.py:3033} INFO - Sync 3 DAGs
[2025-05-04T22:30:03.735+0000] {logging_mixin.py:188} INFO - [2025-05-04T22:30:03.735+0000] {dag.py:3820} INFO - Setting next_dagrun for example_subdag_operator to 2022-01-01T00:00:00+00:00, run_after=2022-01-01T00:00:00+00:00
[2025-05-04T22:30:03.740+0000] {logging_mixin.py:188} INFO - [2025-05-04T22:30:03.740+0000] {dag.py:3820} INFO - Setting next_dagrun for example_subdag_operator.section-1 to None, run_after=None
[2025-05-04T22:30:03.741+0000] {logging_mixin.py:188} INFO - [2025-05-04T22:30:03.741+0000] {dag.py:3820} INFO - Setting next_dagrun for example_subdag_operator.section-2 to None, run_after=None
[2025-05-04T22:30:03.744+0000] {logging_mixin.py:188} INFO - [2025-05-04T22:30:03.744+0000] {dag.py:3033} INFO - Sync 2 DAGs
[2025-05-04T22:30:03.747+0000] {logging_mixin.py:188} INFO - [2025-05-04T22:30:03.747+0000] {dag.py:3820} INFO - Setting next_dagrun for example_subdag_operator.section-1 to None, run_after=None
[2025-05-04T22:30:03.747+0000] {logging_mixin.py:188} INFO - [2025-05-04T22:30:03.747+0000] {dag.py:3820} INFO - Setting next_dagrun for example_subdag_operator.section-2 to None, run_after=None
[2025-05-04T22:30:03.756+0000] {processor.py:183} INFO - Processing /home/airflow/.local/lib/python3.8/site-packages/airflow/example_dags/example_subdag_operator.py took 0.078 seconds
[2025-05-04T22:30:34.476+0000] {processor.py:161} INFO - Started process (PID=606) to work on /home/airflow/.local/lib/python3.8/site-packages/airflow/example_dags/example_subdag_operator.py
[2025-05-04T22:30:34.478+0000] {processor.py:830} INFO - Processing file /home/airflow/.local/lib/python3.8/site-packages/airflow/example_dags/example_subdag_operator.py for tasks to queue
[2025-05-04T22:30:34.482+0000] {logging_mixin.py:188} INFO - [2025-05-04T22:30:34.481+0000] {dagbag.py:538} INFO - Filling up the DagBag from /home/airflow/.local/lib/python3.8/site-packages/airflow/example_dags/example_subdag_operator.py
[2025-05-04T22:30:34.501+0000] {processor.py:840} INFO - DAG(s) 'example_subdag_operator.section-1', 'example_subdag_operator.section-2', 'example_subdag_operator' retrieved from /home/airflow/.local/lib/python3.8/site-packages/airflow/example_dags/example_subdag_operator.py
[2025-05-04T22:30:34.511+0000] {logging_mixin.py:188} INFO - [2025-05-04T22:30:34.510+0000] {dag.py:3033} INFO - Sync 3 DAGs
[2025-05-04T22:30:34.522+0000] {logging_mixin.py:188} INFO - [2025-05-04T22:30:34.522+0000] {dag.py:3820} INFO - Setting next_dagrun for example_subdag_operator to 2022-01-01T00:00:00+00:00, run_after=2022-01-01T00:00:00+00:00
[2025-05-04T22:30:34.523+0000] {logging_mixin.py:188} INFO - [2025-05-04T22:30:34.523+0000] {dag.py:3820} INFO - Setting next_dagrun for example_subdag_operator.section-1 to None, run_after=None
[2025-05-04T22:30:34.524+0000] {logging_mixin.py:188} INFO - [2025-05-04T22:30:34.524+0000] {dag.py:3820} INFO - Setting next_dagrun for example_subdag_operator.section-2 to None, run_after=None
[2025-05-04T22:30:34.529+0000] {logging_mixin.py:188} INFO - [2025-05-04T22:30:34.529+0000] {dag.py:3033} INFO - Sync 2 DAGs
[2025-05-04T22:30:34.531+0000] {logging_mixin.py:188} INFO - [2025-05-04T22:30:34.531+0000] {dag.py:3820} INFO - Setting next_dagrun for example_subdag_operator.section-1 to None, run_after=None
[2025-05-04T22:30:34.531+0000] {logging_mixin.py:188} INFO - [2025-05-04T22:30:34.531+0000] {dag.py:3820} INFO - Setting next_dagrun for example_subdag_operator.section-2 to None, run_after=None
[2025-05-04T22:30:34.536+0000] {processor.py:183} INFO - Processing /home/airflow/.local/lib/python3.8/site-packages/airflow/example_dags/example_subdag_operator.py took 0.064 seconds
[2025-05-04T22:31:12.962+0000] {processor.py:161} INFO - Started process (PID=43) to work on /home/airflow/.local/lib/python3.8/site-packages/airflow/example_dags/example_subdag_operator.py
[2025-05-04T22:31:12.964+0000] {processor.py:830} INFO - Processing file /home/airflow/.local/lib/python3.8/site-packages/airflow/example_dags/example_subdag_operator.py for tasks to queue
[2025-05-04T22:31:12.973+0000] {logging_mixin.py:188} INFO - [2025-05-04T22:31:12.972+0000] {dagbag.py:538} INFO - Filling up the DagBag from /home/airflow/.local/lib/python3.8/site-packages/airflow/example_dags/example_subdag_operator.py
[2025-05-04T22:31:13.019+0000] {processor.py:840} INFO - DAG(s) 'example_subdag_operator.section-1', 'example_subdag_operator.section-2', 'example_subdag_operator' retrieved from /home/airflow/.local/lib/python3.8/site-packages/airflow/example_dags/example_subdag_operator.py
[2025-05-04T22:31:13.034+0000] {logging_mixin.py:188} INFO - [2025-05-04T22:31:13.034+0000] {dag.py:3033} INFO - Sync 3 DAGs
[2025-05-04T22:31:13.066+0000] {logging_mixin.py:188} INFO - [2025-05-04T22:31:13.066+0000] {dag.py:3820} INFO - Setting next_dagrun for example_subdag_operator to 2022-01-01T00:00:00+00:00, run_after=2022-01-01T00:00:00+00:00
[2025-05-04T22:31:13.071+0000] {logging_mixin.py:188} INFO - [2025-05-04T22:31:13.071+0000] {dag.py:3820} INFO - Setting next_dagrun for example_subdag_operator.section-1 to None, run_after=None
[2025-05-04T22:31:13.075+0000] {logging_mixin.py:188} INFO - [2025-05-04T22:31:13.075+0000] {dag.py:3820} INFO - Setting next_dagrun for example_subdag_operator.section-2 to None, run_after=None
[2025-05-04T22:31:13.123+0000] {logging_mixin.py:188} INFO - [2025-05-04T22:31:13.123+0000] {dag.py:3033} INFO - Sync 2 DAGs
[2025-05-04T22:31:13.133+0000] {logging_mixin.py:188} INFO - [2025-05-04T22:31:13.133+0000] {dag.py:3820} INFO - Setting next_dagrun for example_subdag_operator.section-1 to None, run_after=None
[2025-05-04T22:31:13.135+0000] {logging_mixin.py:188} INFO - [2025-05-04T22:31:13.135+0000] {dag.py:3820} INFO - Setting next_dagrun for example_subdag_operator.section-2 to None, run_after=None
[2025-05-04T22:31:13.160+0000] {processor.py:183} INFO - Processing /home/airflow/.local/lib/python3.8/site-packages/airflow/example_dags/example_subdag_operator.py took 0.202 seconds
[2025-05-04T22:31:43.641+0000] {processor.py:161} INFO - Started process (PID=99) to work on /home/airflow/.local/lib/python3.8/site-packages/airflow/example_dags/example_subdag_operator.py
[2025-05-04T22:31:43.642+0000] {processor.py:830} INFO - Processing file /home/airflow/.local/lib/python3.8/site-packages/airflow/example_dags/example_subdag_operator.py for tasks to queue
[2025-05-04T22:31:43.643+0000] {logging_mixin.py:188} INFO - [2025-05-04T22:31:43.643+0000] {dagbag.py:538} INFO - Filling up the DagBag from /home/airflow/.local/lib/python3.8/site-packages/airflow/example_dags/example_subdag_operator.py
[2025-05-04T22:31:43.655+0000] {processor.py:840} INFO - DAG(s) 'example_subdag_operator.section-1', 'example_subdag_operator.section-2', 'example_subdag_operator' retrieved from /home/airflow/.local/lib/python3.8/site-packages/airflow/example_dags/example_subdag_operator.py
[2025-05-04T22:31:43.705+0000] {logging_mixin.py:188} INFO - [2025-05-04T22:31:43.705+0000] {dag.py:3033} INFO - Sync 3 DAGs
[2025-05-04T22:31:43.715+0000] {logging_mixin.py:188} INFO - [2025-05-04T22:31:43.715+0000] {dag.py:3820} INFO - Setting next_dagrun for example_subdag_operator to 2022-01-01T00:00:00+00:00, run_after=2022-01-01T00:00:00+00:00
[2025-05-04T22:31:43.716+0000] {logging_mixin.py:188} INFO - [2025-05-04T22:31:43.716+0000] {dag.py:3820} INFO - Setting next_dagrun for example_subdag_operator.section-1 to None, run_after=None
[2025-05-04T22:31:43.717+0000] {logging_mixin.py:188} INFO - [2025-05-04T22:31:43.717+0000] {dag.py:3820} INFO - Setting next_dagrun for example_subdag_operator.section-2 to None, run_after=None
[2025-05-04T22:31:43.721+0000] {logging_mixin.py:188} INFO - [2025-05-04T22:31:43.720+0000] {dag.py:3033} INFO - Sync 2 DAGs
[2025-05-04T22:31:43.723+0000] {logging_mixin.py:188} INFO - [2025-05-04T22:31:43.723+0000] {dag.py:3820} INFO - Setting next_dagrun for example_subdag_operator.section-1 to None, run_after=None
[2025-05-04T22:31:43.723+0000] {logging_mixin.py:188} INFO - [2025-05-04T22:31:43.723+0000] {dag.py:3820} INFO - Setting next_dagrun for example_subdag_operator.section-2 to None, run_after=None
[2025-05-04T22:31:43.727+0000] {processor.py:183} INFO - Processing /home/airflow/.local/lib/python3.8/site-packages/airflow/example_dags/example_subdag_operator.py took 0.088 seconds
[2025-05-04T22:32:14.030+0000] {processor.py:161} INFO - Started process (PID=159) to work on /home/airflow/.local/lib/python3.8/site-packages/airflow/example_dags/example_subdag_operator.py
[2025-05-04T22:32:14.030+0000] {processor.py:830} INFO - Processing file /home/airflow/.local/lib/python3.8/site-packages/airflow/example_dags/example_subdag_operator.py for tasks to queue
[2025-05-04T22:32:14.031+0000] {logging_mixin.py:188} INFO - [2025-05-04T22:32:14.031+0000] {dagbag.py:538} INFO - Filling up the DagBag from /home/airflow/.local/lib/python3.8/site-packages/airflow/example_dags/example_subdag_operator.py
[2025-05-04T22:32:14.045+0000] {processor.py:840} INFO - DAG(s) 'example_subdag_operator.section-1', 'example_subdag_operator.section-2', 'example_subdag_operator' retrieved from /home/airflow/.local/lib/python3.8/site-packages/airflow/example_dags/example_subdag_operator.py
[2025-05-04T22:32:14.053+0000] {logging_mixin.py:188} INFO - [2025-05-04T22:32:14.053+0000] {dag.py:3033} INFO - Sync 3 DAGs
[2025-05-04T22:32:14.062+0000] {logging_mixin.py:188} INFO - [2025-05-04T22:32:14.062+0000] {dag.py:3820} INFO - Setting next_dagrun for example_subdag_operator to 2022-01-01T00:00:00+00:00, run_after=2022-01-01T00:00:00+00:00
[2025-05-04T22:32:14.063+0000] {logging_mixin.py:188} INFO - [2025-05-04T22:32:14.063+0000] {dag.py:3820} INFO - Setting next_dagrun for example_subdag_operator.section-1 to None, run_after=None
[2025-05-04T22:32:14.064+0000] {logging_mixin.py:188} INFO - [2025-05-04T22:32:14.064+0000] {dag.py:3820} INFO - Setting next_dagrun for example_subdag_operator.section-2 to None, run_after=None
[2025-05-04T22:32:14.066+0000] {logging_mixin.py:188} INFO - [2025-05-04T22:32:14.066+0000] {dag.py:3033} INFO - Sync 2 DAGs
[2025-05-04T22:32:14.068+0000] {logging_mixin.py:188} INFO - [2025-05-04T22:32:14.068+0000] {dag.py:3820} INFO - Setting next_dagrun for example_subdag_operator.section-1 to None, run_after=None
[2025-05-04T22:32:14.068+0000] {logging_mixin.py:188} INFO - [2025-05-04T22:32:14.068+0000] {dag.py:3820} INFO - Setting next_dagrun for example_subdag_operator.section-2 to None, run_after=None
[2025-05-04T22:32:14.072+0000] {processor.py:183} INFO - Processing /home/airflow/.local/lib/python3.8/site-packages/airflow/example_dags/example_subdag_operator.py took 0.044 seconds
[2025-05-04T22:32:44.934+0000] {processor.py:161} INFO - Started process (PID=215) to work on /home/airflow/.local/lib/python3.8/site-packages/airflow/example_dags/example_subdag_operator.py
[2025-05-04T22:32:44.935+0000] {processor.py:830} INFO - Processing file /home/airflow/.local/lib/python3.8/site-packages/airflow/example_dags/example_subdag_operator.py for tasks to queue
[2025-05-04T22:32:44.936+0000] {logging_mixin.py:188} INFO - [2025-05-04T22:32:44.936+0000] {dagbag.py:538} INFO - Filling up the DagBag from /home/airflow/.local/lib/python3.8/site-packages/airflow/example_dags/example_subdag_operator.py
[2025-05-04T22:32:44.947+0000] {processor.py:840} INFO - DAG(s) 'example_subdag_operator.section-1', 'example_subdag_operator.section-2', 'example_subdag_operator' retrieved from /home/airflow/.local/lib/python3.8/site-packages/airflow/example_dags/example_subdag_operator.py
[2025-05-04T22:32:44.953+0000] {logging_mixin.py:188} INFO - [2025-05-04T22:32:44.953+0000] {dag.py:3033} INFO - Sync 3 DAGs
[2025-05-04T22:32:44.961+0000] {logging_mixin.py:188} INFO - [2025-05-04T22:32:44.961+0000] {dag.py:3820} INFO - Setting next_dagrun for example_subdag_operator to 2022-01-01T00:00:00+00:00, run_after=2022-01-01T00:00:00+00:00
[2025-05-04T22:32:44.963+0000] {logging_mixin.py:188} INFO - [2025-05-04T22:32:44.963+0000] {dag.py:3820} INFO - Setting next_dagrun for example_subdag_operator.section-1 to None, run_after=None
[2025-05-04T22:32:44.963+0000] {logging_mixin.py:188} INFO - [2025-05-04T22:32:44.963+0000] {dag.py:3820} INFO - Setting next_dagrun for example_subdag_operator.section-2 to None, run_after=None
[2025-05-04T22:32:44.965+0000] {logging_mixin.py:188} INFO - [2025-05-04T22:32:44.965+0000] {dag.py:3033} INFO - Sync 2 DAGs
[2025-05-04T22:32:44.967+0000] {logging_mixin.py:188} INFO - [2025-05-04T22:32:44.967+0000] {dag.py:3820} INFO - Setting next_dagrun for example_subdag_operator.section-1 to None, run_after=None
[2025-05-04T22:32:44.967+0000] {logging_mixin.py:188} INFO - [2025-05-04T22:32:44.967+0000] {dag.py:3820} INFO - Setting next_dagrun for example_subdag_operator.section-2 to None, run_after=None
[2025-05-04T22:32:44.971+0000] {processor.py:183} INFO - Processing /home/airflow/.local/lib/python3.8/site-packages/airflow/example_dags/example_subdag_operator.py took 0.040 seconds
[2025-05-04T22:33:15.638+0000] {processor.py:161} INFO - Started process (PID=271) to work on /home/airflow/.local/lib/python3.8/site-packages/airflow/example_dags/example_subdag_operator.py
[2025-05-04T22:33:15.639+0000] {processor.py:830} INFO - Processing file /home/airflow/.local/lib/python3.8/site-packages/airflow/example_dags/example_subdag_operator.py for tasks to queue
[2025-05-04T22:33:15.640+0000] {logging_mixin.py:188} INFO - [2025-05-04T22:33:15.640+0000] {dagbag.py:538} INFO - Filling up the DagBag from /home/airflow/.local/lib/python3.8/site-packages/airflow/example_dags/example_subdag_operator.py
[2025-05-04T22:33:15.653+0000] {processor.py:840} INFO - DAG(s) 'example_subdag_operator.section-1', 'example_subdag_operator.section-2', 'example_subdag_operator' retrieved from /home/airflow/.local/lib/python3.8/site-packages/airflow/example_dags/example_subdag_operator.py
[2025-05-04T22:33:15.659+0000] {logging_mixin.py:188} INFO - [2025-05-04T22:33:15.659+0000] {dag.py:3033} INFO - Sync 3 DAGs
[2025-05-04T22:33:15.667+0000] {logging_mixin.py:188} INFO - [2025-05-04T22:33:15.667+0000] {dag.py:3820} INFO - Setting next_dagrun for example_subdag_operator to 2022-01-01T00:00:00+00:00, run_after=2022-01-01T00:00:00+00:00
[2025-05-04T22:33:15.669+0000] {logging_mixin.py:188} INFO - [2025-05-04T22:33:15.669+0000] {dag.py:3820} INFO - Setting next_dagrun for example_subdag_operator.section-1 to None, run_after=None
[2025-05-04T22:33:15.669+0000] {logging_mixin.py:188} INFO - [2025-05-04T22:33:15.669+0000] {dag.py:3820} INFO - Setting next_dagrun for example_subdag_operator.section-2 to None, run_after=None
[2025-05-04T22:33:15.671+0000] {logging_mixin.py:188} INFO - [2025-05-04T22:33:15.671+0000] {dag.py:3033} INFO - Sync 2 DAGs
[2025-05-04T22:33:15.673+0000] {logging_mixin.py:188} INFO - [2025-05-04T22:33:15.673+0000] {dag.py:3820} INFO - Setting next_dagrun for example_subdag_operator.section-1 to None, run_after=None
[2025-05-04T22:33:15.673+0000] {logging_mixin.py:188} INFO - [2025-05-04T22:33:15.673+0000] {dag.py:3820} INFO - Setting next_dagrun for example_subdag_operator.section-2 to None, run_after=None
[2025-05-04T22:33:15.677+0000] {processor.py:183} INFO - Processing /home/airflow/.local/lib/python3.8/site-packages/airflow/example_dags/example_subdag_operator.py took 0.042 seconds
[2025-05-04T22:33:46.356+0000] {processor.py:161} INFO - Started process (PID=327) to work on /home/airflow/.local/lib/python3.8/site-packages/airflow/example_dags/example_subdag_operator.py
[2025-05-04T22:33:46.356+0000] {processor.py:830} INFO - Processing file /home/airflow/.local/lib/python3.8/site-packages/airflow/example_dags/example_subdag_operator.py for tasks to queue
[2025-05-04T22:33:46.357+0000] {logging_mixin.py:188} INFO - [2025-05-04T22:33:46.357+0000] {dagbag.py:538} INFO - Filling up the DagBag from /home/airflow/.local/lib/python3.8/site-packages/airflow/example_dags/example_subdag_operator.py
[2025-05-04T22:33:46.368+0000] {processor.py:840} INFO - DAG(s) 'example_subdag_operator.section-1', 'example_subdag_operator.section-2', 'example_subdag_operator' retrieved from /home/airflow/.local/lib/python3.8/site-packages/airflow/example_dags/example_subdag_operator.py
[2025-05-04T22:33:46.374+0000] {logging_mixin.py:188} INFO - [2025-05-04T22:33:46.374+0000] {dag.py:3033} INFO - Sync 3 DAGs
[2025-05-04T22:33:46.382+0000] {logging_mixin.py:188} INFO - [2025-05-04T22:33:46.382+0000] {dag.py:3820} INFO - Setting next_dagrun for example_subdag_operator to 2022-01-01T00:00:00+00:00, run_after=2022-01-01T00:00:00+00:00
[2025-05-04T22:33:46.384+0000] {logging_mixin.py:188} INFO - [2025-05-04T22:33:46.384+0000] {dag.py:3820} INFO - Setting next_dagrun for example_subdag_operator.section-1 to None, run_after=None
[2025-05-04T22:33:46.384+0000] {logging_mixin.py:188} INFO - [2025-05-04T22:33:46.384+0000] {dag.py:3820} INFO - Setting next_dagrun for example_subdag_operator.section-2 to None, run_after=None
[2025-05-04T22:33:46.386+0000] {logging_mixin.py:188} INFO - [2025-05-04T22:33:46.386+0000] {dag.py:3033} INFO - Sync 2 DAGs
[2025-05-04T22:33:46.388+0000] {logging_mixin.py:188} INFO - [2025-05-04T22:33:46.388+0000] {dag.py:3820} INFO - Setting next_dagrun for example_subdag_operator.section-1 to None, run_after=None
[2025-05-04T22:33:46.388+0000] {logging_mixin.py:188} INFO - [2025-05-04T22:33:46.388+0000] {dag.py:3820} INFO - Setting next_dagrun for example_subdag_operator.section-2 to None, run_after=None
[2025-05-04T22:33:46.391+0000] {processor.py:183} INFO - Processing /home/airflow/.local/lib/python3.8/site-packages/airflow/example_dags/example_subdag_operator.py took 0.037 seconds
[2025-05-04T22:34:16.994+0000] {processor.py:161} INFO - Started process (PID=383) to work on /home/airflow/.local/lib/python3.8/site-packages/airflow/example_dags/example_subdag_operator.py
[2025-05-04T22:34:16.995+0000] {processor.py:830} INFO - Processing file /home/airflow/.local/lib/python3.8/site-packages/airflow/example_dags/example_subdag_operator.py for tasks to queue
[2025-05-04T22:34:16.996+0000] {logging_mixin.py:188} INFO - [2025-05-04T22:34:16.996+0000] {dagbag.py:538} INFO - Filling up the DagBag from /home/airflow/.local/lib/python3.8/site-packages/airflow/example_dags/example_subdag_operator.py
[2025-05-04T22:34:17.014+0000] {processor.py:840} INFO - DAG(s) 'example_subdag_operator.section-1', 'example_subdag_operator.section-2', 'example_subdag_operator' retrieved from /home/airflow/.local/lib/python3.8/site-packages/airflow/example_dags/example_subdag_operator.py
[2025-05-04T22:34:17.022+0000] {logging_mixin.py:188} INFO - [2025-05-04T22:34:17.022+0000] {dag.py:3033} INFO - Sync 3 DAGs
[2025-05-04T22:34:17.034+0000] {logging_mixin.py:188} INFO - [2025-05-04T22:34:17.034+0000] {dag.py:3820} INFO - Setting next_dagrun for example_subdag_operator to 2022-01-01T00:00:00+00:00, run_after=2022-01-01T00:00:00+00:00
[2025-05-04T22:34:17.036+0000] {logging_mixin.py:188} INFO - [2025-05-04T22:34:17.035+0000] {dag.py:3820} INFO - Setting next_dagrun for example_subdag_operator.section-1 to None, run_after=None
[2025-05-04T22:34:17.036+0000] {logging_mixin.py:188} INFO - [2025-05-04T22:34:17.036+0000] {dag.py:3820} INFO - Setting next_dagrun for example_subdag_operator.section-2 to None, run_after=None
[2025-05-04T22:34:17.040+0000] {logging_mixin.py:188} INFO - [2025-05-04T22:34:17.039+0000] {dag.py:3033} INFO - Sync 2 DAGs
[2025-05-04T22:34:17.043+0000] {logging_mixin.py:188} INFO - [2025-05-04T22:34:17.043+0000] {dag.py:3820} INFO - Setting next_dagrun for example_subdag_operator.section-1 to None, run_after=None
[2025-05-04T22:34:17.043+0000] {logging_mixin.py:188} INFO - [2025-05-04T22:34:17.043+0000] {dag.py:3820} INFO - Setting next_dagrun for example_subdag_operator.section-2 to None, run_after=None
[2025-05-04T22:34:17.050+0000] {processor.py:183} INFO - Processing /home/airflow/.local/lib/python3.8/site-packages/airflow/example_dags/example_subdag_operator.py took 0.058 seconds
[2025-05-04T22:36:24.086+0000] {processor.py:161} INFO - Started process (PID=35) to work on /home/airflow/.local/lib/python3.8/site-packages/airflow/example_dags/example_subdag_operator.py
[2025-05-04T22:36:24.090+0000] {processor.py:830} INFO - Processing file /home/airflow/.local/lib/python3.8/site-packages/airflow/example_dags/example_subdag_operator.py for tasks to queue
[2025-05-04T22:36:24.092+0000] {logging_mixin.py:188} INFO - [2025-05-04T22:36:24.092+0000] {dagbag.py:538} INFO - Filling up the DagBag from /home/airflow/.local/lib/python3.8/site-packages/airflow/example_dags/example_subdag_operator.py
[2025-05-04T22:36:24.117+0000] {processor.py:840} INFO - DAG(s) 'example_subdag_operator.section-1', 'example_subdag_operator.section-2', 'example_subdag_operator' retrieved from /home/airflow/.local/lib/python3.8/site-packages/airflow/example_dags/example_subdag_operator.py
[2025-05-04T22:36:24.120+0000] {logging_mixin.py:188} INFO - [2025-05-04T22:36:24.119+0000] {dag.py:3033} INFO - Sync 3 DAGs
[2025-05-04T22:36:24.141+0000] {logging_mixin.py:188} INFO - [2025-05-04T22:36:24.141+0000] {dag.py:3820} INFO - Setting next_dagrun for example_subdag_operator to 2022-01-01T00:00:00+00:00, run_after=2022-01-01T00:00:00+00:00
[2025-05-04T22:36:24.146+0000] {logging_mixin.py:188} INFO - [2025-05-04T22:36:24.146+0000] {dag.py:3820} INFO - Setting next_dagrun for example_subdag_operator.section-1 to None, run_after=None
[2025-05-04T22:36:24.147+0000] {logging_mixin.py:188} INFO - [2025-05-04T22:36:24.147+0000] {dag.py:3820} INFO - Setting next_dagrun for example_subdag_operator.section-2 to None, run_after=None
[2025-05-04T22:36:24.166+0000] {logging_mixin.py:188} INFO - [2025-05-04T22:36:24.166+0000] {dag.py:3033} INFO - Sync 2 DAGs
[2025-05-04T22:36:24.173+0000] {logging_mixin.py:188} INFO - [2025-05-04T22:36:24.172+0000] {dag.py:3820} INFO - Setting next_dagrun for example_subdag_operator.section-1 to None, run_after=None
[2025-05-04T22:36:24.176+0000] {logging_mixin.py:188} INFO - [2025-05-04T22:36:24.175+0000] {dag.py:3820} INFO - Setting next_dagrun for example_subdag_operator.section-2 to None, run_after=None
[2025-05-04T22:36:24.209+0000] {processor.py:183} INFO - Processing /home/airflow/.local/lib/python3.8/site-packages/airflow/example_dags/example_subdag_operator.py took 0.127 seconds
[2025-05-04T22:36:54.839+0000] {processor.py:161} INFO - Started process (PID=97) to work on /home/airflow/.local/lib/python3.8/site-packages/airflow/example_dags/example_subdag_operator.py
[2025-05-04T22:36:54.839+0000] {processor.py:830} INFO - Processing file /home/airflow/.local/lib/python3.8/site-packages/airflow/example_dags/example_subdag_operator.py for tasks to queue
[2025-05-04T22:36:54.841+0000] {logging_mixin.py:188} INFO - [2025-05-04T22:36:54.841+0000] {dagbag.py:538} INFO - Filling up the DagBag from /home/airflow/.local/lib/python3.8/site-packages/airflow/example_dags/example_subdag_operator.py
[2025-05-04T22:36:54.853+0000] {processor.py:840} INFO - DAG(s) 'example_subdag_operator.section-1', 'example_subdag_operator.section-2', 'example_subdag_operator' retrieved from /home/airflow/.local/lib/python3.8/site-packages/airflow/example_dags/example_subdag_operator.py
[2025-05-04T22:36:54.903+0000] {logging_mixin.py:188} INFO - [2025-05-04T22:36:54.903+0000] {dag.py:3033} INFO - Sync 3 DAGs
[2025-05-04T22:36:54.914+0000] {logging_mixin.py:188} INFO - [2025-05-04T22:36:54.914+0000] {dag.py:3820} INFO - Setting next_dagrun for example_subdag_operator to 2022-01-01T00:00:00+00:00, run_after=2022-01-01T00:00:00+00:00
[2025-05-04T22:36:54.915+0000] {logging_mixin.py:188} INFO - [2025-05-04T22:36:54.915+0000] {dag.py:3820} INFO - Setting next_dagrun for example_subdag_operator.section-1 to None, run_after=None
[2025-05-04T22:36:54.916+0000] {logging_mixin.py:188} INFO - [2025-05-04T22:36:54.916+0000] {dag.py:3820} INFO - Setting next_dagrun for example_subdag_operator.section-2 to None, run_after=None
[2025-05-04T22:36:54.920+0000] {logging_mixin.py:188} INFO - [2025-05-04T22:36:54.920+0000] {dag.py:3033} INFO - Sync 2 DAGs
[2025-05-04T22:36:54.923+0000] {logging_mixin.py:188} INFO - [2025-05-04T22:36:54.923+0000] {dag.py:3820} INFO - Setting next_dagrun for example_subdag_operator.section-1 to None, run_after=None
[2025-05-04T22:36:54.923+0000] {logging_mixin.py:188} INFO - [2025-05-04T22:36:54.923+0000] {dag.py:3820} INFO - Setting next_dagrun for example_subdag_operator.section-2 to None, run_after=None
[2025-05-04T22:36:54.927+0000] {processor.py:183} INFO - Processing /home/airflow/.local/lib/python3.8/site-packages/airflow/example_dags/example_subdag_operator.py took 0.090 seconds
[2025-05-04T22:37:25.289+0000] {processor.py:161} INFO - Started process (PID=153) to work on /home/airflow/.local/lib/python3.8/site-packages/airflow/example_dags/example_subdag_operator.py
[2025-05-04T22:37:25.289+0000] {processor.py:830} INFO - Processing file /home/airflow/.local/lib/python3.8/site-packages/airflow/example_dags/example_subdag_operator.py for tasks to queue
[2025-05-04T22:37:25.290+0000] {logging_mixin.py:188} INFO - [2025-05-04T22:37:25.290+0000] {dagbag.py:538} INFO - Filling up the DagBag from /home/airflow/.local/lib/python3.8/site-packages/airflow/example_dags/example_subdag_operator.py
[2025-05-04T22:37:25.307+0000] {processor.py:840} INFO - DAG(s) 'example_subdag_operator.section-1', 'example_subdag_operator.section-2', 'example_subdag_operator' retrieved from /home/airflow/.local/lib/python3.8/site-packages/airflow/example_dags/example_subdag_operator.py
[2025-05-04T22:37:25.315+0000] {logging_mixin.py:188} INFO - [2025-05-04T22:37:25.315+0000] {dag.py:3033} INFO - Sync 3 DAGs
[2025-05-04T22:37:25.331+0000] {logging_mixin.py:188} INFO - [2025-05-04T22:37:25.331+0000] {dag.py:3820} INFO - Setting next_dagrun for example_subdag_operator to 2022-01-01T00:00:00+00:00, run_after=2022-01-01T00:00:00+00:00
[2025-05-04T22:37:25.334+0000] {logging_mixin.py:188} INFO - [2025-05-04T22:37:25.334+0000] {dag.py:3820} INFO - Setting next_dagrun for example_subdag_operator.section-1 to None, run_after=None
[2025-05-04T22:37:25.335+0000] {logging_mixin.py:188} INFO - [2025-05-04T22:37:25.335+0000] {dag.py:3820} INFO - Setting next_dagrun for example_subdag_operator.section-2 to None, run_after=None
[2025-05-04T22:37:25.338+0000] {logging_mixin.py:188} INFO - [2025-05-04T22:37:25.338+0000] {dag.py:3033} INFO - Sync 2 DAGs
[2025-05-04T22:37:25.342+0000] {logging_mixin.py:188} INFO - [2025-05-04T22:37:25.342+0000] {dag.py:3820} INFO - Setting next_dagrun for example_subdag_operator.section-1 to None, run_after=None
[2025-05-04T22:37:25.342+0000] {logging_mixin.py:188} INFO - [2025-05-04T22:37:25.342+0000] {dag.py:3820} INFO - Setting next_dagrun for example_subdag_operator.section-2 to None, run_after=None
[2025-05-04T22:37:25.351+0000] {processor.py:183} INFO - Processing /home/airflow/.local/lib/python3.8/site-packages/airflow/example_dags/example_subdag_operator.py took 0.064 seconds
[2025-05-04T22:37:56.063+0000] {processor.py:161} INFO - Started process (PID=209) to work on /home/airflow/.local/lib/python3.8/site-packages/airflow/example_dags/example_subdag_operator.py
[2025-05-04T22:37:56.064+0000] {processor.py:830} INFO - Processing file /home/airflow/.local/lib/python3.8/site-packages/airflow/example_dags/example_subdag_operator.py for tasks to queue
[2025-05-04T22:37:56.065+0000] {logging_mixin.py:188} INFO - [2025-05-04T22:37:56.065+0000] {dagbag.py:538} INFO - Filling up the DagBag from /home/airflow/.local/lib/python3.8/site-packages/airflow/example_dags/example_subdag_operator.py
[2025-05-04T22:37:56.076+0000] {processor.py:840} INFO - DAG(s) 'example_subdag_operator.section-1', 'example_subdag_operator.section-2', 'example_subdag_operator' retrieved from /home/airflow/.local/lib/python3.8/site-packages/airflow/example_dags/example_subdag_operator.py
[2025-05-04T22:37:56.083+0000] {logging_mixin.py:188} INFO - [2025-05-04T22:37:56.083+0000] {dag.py:3033} INFO - Sync 3 DAGs
[2025-05-04T22:37:56.092+0000] {logging_mixin.py:188} INFO - [2025-05-04T22:37:56.092+0000] {dag.py:3820} INFO - Setting next_dagrun for example_subdag_operator to 2022-01-01T00:00:00+00:00, run_after=2022-01-01T00:00:00+00:00
[2025-05-04T22:37:56.094+0000] {logging_mixin.py:188} INFO - [2025-05-04T22:37:56.094+0000] {dag.py:3820} INFO - Setting next_dagrun for example_subdag_operator.section-1 to None, run_after=None
[2025-05-04T22:37:56.094+0000] {logging_mixin.py:188} INFO - [2025-05-04T22:37:56.094+0000] {dag.py:3820} INFO - Setting next_dagrun for example_subdag_operator.section-2 to None, run_after=None
[2025-05-04T22:37:56.097+0000] {logging_mixin.py:188} INFO - [2025-05-04T22:37:56.097+0000] {dag.py:3033} INFO - Sync 2 DAGs
[2025-05-04T22:37:56.099+0000] {logging_mixin.py:188} INFO - [2025-05-04T22:37:56.099+0000] {dag.py:3820} INFO - Setting next_dagrun for example_subdag_operator.section-1 to None, run_after=None
[2025-05-04T22:37:56.099+0000] {logging_mixin.py:188} INFO - [2025-05-04T22:37:56.099+0000] {dag.py:3820} INFO - Setting next_dagrun for example_subdag_operator.section-2 to None, run_after=None
[2025-05-04T22:37:56.103+0000] {processor.py:183} INFO - Processing /home/airflow/.local/lib/python3.8/site-packages/airflow/example_dags/example_subdag_operator.py took 0.041 seconds
[2025-05-04T22:38:26.749+0000] {processor.py:161} INFO - Started process (PID=265) to work on /home/airflow/.local/lib/python3.8/site-packages/airflow/example_dags/example_subdag_operator.py
[2025-05-04T22:38:26.750+0000] {processor.py:830} INFO - Processing file /home/airflow/.local/lib/python3.8/site-packages/airflow/example_dags/example_subdag_operator.py for tasks to queue
[2025-05-04T22:38:26.751+0000] {logging_mixin.py:188} INFO - [2025-05-04T22:38:26.751+0000] {dagbag.py:538} INFO - Filling up the DagBag from /home/airflow/.local/lib/python3.8/site-packages/airflow/example_dags/example_subdag_operator.py
[2025-05-04T22:38:26.762+0000] {processor.py:840} INFO - DAG(s) 'example_subdag_operator.section-1', 'example_subdag_operator.section-2', 'example_subdag_operator' retrieved from /home/airflow/.local/lib/python3.8/site-packages/airflow/example_dags/example_subdag_operator.py
[2025-05-04T22:38:26.768+0000] {logging_mixin.py:188} INFO - [2025-05-04T22:38:26.768+0000] {dag.py:3033} INFO - Sync 3 DAGs
[2025-05-04T22:38:26.777+0000] {logging_mixin.py:188} INFO - [2025-05-04T22:38:26.777+0000] {dag.py:3820} INFO - Setting next_dagrun for example_subdag_operator to 2022-01-01T00:00:00+00:00, run_after=2022-01-01T00:00:00+00:00
[2025-05-04T22:38:26.779+0000] {logging_mixin.py:188} INFO - [2025-05-04T22:38:26.779+0000] {dag.py:3820} INFO - Setting next_dagrun for example_subdag_operator.section-1 to None, run_after=None
[2025-05-04T22:38:26.779+0000] {logging_mixin.py:188} INFO - [2025-05-04T22:38:26.779+0000] {dag.py:3820} INFO - Setting next_dagrun for example_subdag_operator.section-2 to None, run_after=None
[2025-05-04T22:38:26.782+0000] {logging_mixin.py:188} INFO - [2025-05-04T22:38:26.782+0000] {dag.py:3033} INFO - Sync 2 DAGs
[2025-05-04T22:38:26.783+0000] {logging_mixin.py:188} INFO - [2025-05-04T22:38:26.783+0000] {dag.py:3820} INFO - Setting next_dagrun for example_subdag_operator.section-1 to None, run_after=None
[2025-05-04T22:38:26.784+0000] {logging_mixin.py:188} INFO - [2025-05-04T22:38:26.784+0000] {dag.py:3820} INFO - Setting next_dagrun for example_subdag_operator.section-2 to None, run_after=None
[2025-05-04T22:38:26.787+0000] {processor.py:183} INFO - Processing /home/airflow/.local/lib/python3.8/site-packages/airflow/example_dags/example_subdag_operator.py took 0.040 seconds
[2025-05-04T22:38:57.437+0000] {processor.py:161} INFO - Started process (PID=321) to work on /home/airflow/.local/lib/python3.8/site-packages/airflow/example_dags/example_subdag_operator.py
[2025-05-04T22:38:57.438+0000] {processor.py:830} INFO - Processing file /home/airflow/.local/lib/python3.8/site-packages/airflow/example_dags/example_subdag_operator.py for tasks to queue
[2025-05-04T22:38:57.439+0000] {logging_mixin.py:188} INFO - [2025-05-04T22:38:57.439+0000] {dagbag.py:538} INFO - Filling up the DagBag from /home/airflow/.local/lib/python3.8/site-packages/airflow/example_dags/example_subdag_operator.py
[2025-05-04T22:38:57.461+0000] {processor.py:840} INFO - DAG(s) 'example_subdag_operator.section-1', 'example_subdag_operator.section-2', 'example_subdag_operator' retrieved from /home/airflow/.local/lib/python3.8/site-packages/airflow/example_dags/example_subdag_operator.py
[2025-05-04T22:38:57.472+0000] {logging_mixin.py:188} INFO - [2025-05-04T22:38:57.472+0000] {dag.py:3033} INFO - Sync 3 DAGs
[2025-05-04T22:38:57.488+0000] {logging_mixin.py:188} INFO - [2025-05-04T22:38:57.488+0000] {dag.py:3820} INFO - Setting next_dagrun for example_subdag_operator to 2022-01-01T00:00:00+00:00, run_after=2022-01-01T00:00:00+00:00
[2025-05-04T22:38:57.491+0000] {logging_mixin.py:188} INFO - [2025-05-04T22:38:57.491+0000] {dag.py:3820} INFO - Setting next_dagrun for example_subdag_operator.section-1 to None, run_after=None
[2025-05-04T22:38:57.493+0000] {logging_mixin.py:188} INFO - [2025-05-04T22:38:57.493+0000] {dag.py:3820} INFO - Setting next_dagrun for example_subdag_operator.section-2 to None, run_after=None
[2025-05-04T22:38:57.496+0000] {logging_mixin.py:188} INFO - [2025-05-04T22:38:57.496+0000] {dag.py:3033} INFO - Sync 2 DAGs
[2025-05-04T22:38:57.500+0000] {logging_mixin.py:188} INFO - [2025-05-04T22:38:57.500+0000] {dag.py:3820} INFO - Setting next_dagrun for example_subdag_operator.section-1 to None, run_after=None
[2025-05-04T22:38:57.501+0000] {logging_mixin.py:188} INFO - [2025-05-04T22:38:57.501+0000] {dag.py:3820} INFO - Setting next_dagrun for example_subdag_operator.section-2 to None, run_after=None
[2025-05-04T22:38:57.508+0000] {processor.py:183} INFO - Processing /home/airflow/.local/lib/python3.8/site-packages/airflow/example_dags/example_subdag_operator.py took 0.073 seconds
[2025-05-04T22:39:28.294+0000] {processor.py:161} INFO - Started process (PID=377) to work on /home/airflow/.local/lib/python3.8/site-packages/airflow/example_dags/example_subdag_operator.py
[2025-05-04T22:39:28.295+0000] {processor.py:830} INFO - Processing file /home/airflow/.local/lib/python3.8/site-packages/airflow/example_dags/example_subdag_operator.py for tasks to queue
[2025-05-04T22:39:28.296+0000] {logging_mixin.py:188} INFO - [2025-05-04T22:39:28.296+0000] {dagbag.py:538} INFO - Filling up the DagBag from /home/airflow/.local/lib/python3.8/site-packages/airflow/example_dags/example_subdag_operator.py
[2025-05-04T22:39:28.312+0000] {processor.py:840} INFO - DAG(s) 'example_subdag_operator.section-1', 'example_subdag_operator.section-2', 'example_subdag_operator' retrieved from /home/airflow/.local/lib/python3.8/site-packages/airflow/example_dags/example_subdag_operator.py
[2025-05-04T22:39:28.323+0000] {logging_mixin.py:188} INFO - [2025-05-04T22:39:28.322+0000] {dag.py:3033} INFO - Sync 3 DAGs
[2025-05-04T22:39:28.336+0000] {logging_mixin.py:188} INFO - [2025-05-04T22:39:28.336+0000] {dag.py:3820} INFO - Setting next_dagrun for example_subdag_operator to 2022-01-01T00:00:00+00:00, run_after=2022-01-01T00:00:00+00:00
[2025-05-04T22:39:28.338+0000] {logging_mixin.py:188} INFO - [2025-05-04T22:39:28.338+0000] {dag.py:3820} INFO - Setting next_dagrun for example_subdag_operator.section-1 to None, run_after=None
[2025-05-04T22:39:28.339+0000] {logging_mixin.py:188} INFO - [2025-05-04T22:39:28.338+0000] {dag.py:3820} INFO - Setting next_dagrun for example_subdag_operator.section-2 to None, run_after=None
[2025-05-04T22:39:28.342+0000] {logging_mixin.py:188} INFO - [2025-05-04T22:39:28.342+0000] {dag.py:3033} INFO - Sync 2 DAGs
[2025-05-04T22:39:28.346+0000] {logging_mixin.py:188} INFO - [2025-05-04T22:39:28.346+0000] {dag.py:3820} INFO - Setting next_dagrun for example_subdag_operator.section-1 to None, run_after=None
[2025-05-04T22:39:28.347+0000] {logging_mixin.py:188} INFO - [2025-05-04T22:39:28.347+0000] {dag.py:3820} INFO - Setting next_dagrun for example_subdag_operator.section-2 to None, run_after=None
[2025-05-04T22:39:28.355+0000] {processor.py:183} INFO - Processing /home/airflow/.local/lib/python3.8/site-packages/airflow/example_dags/example_subdag_operator.py took 0.063 seconds
[2025-05-04T22:39:59.091+0000] {processor.py:161} INFO - Started process (PID=434) to work on /home/airflow/.local/lib/python3.8/site-packages/airflow/example_dags/example_subdag_operator.py
[2025-05-04T22:39:59.091+0000] {processor.py:830} INFO - Processing file /home/airflow/.local/lib/python3.8/site-packages/airflow/example_dags/example_subdag_operator.py for tasks to queue
[2025-05-04T22:39:59.092+0000] {logging_mixin.py:188} INFO - [2025-05-04T22:39:59.092+0000] {dagbag.py:538} INFO - Filling up the DagBag from /home/airflow/.local/lib/python3.8/site-packages/airflow/example_dags/example_subdag_operator.py
[2025-05-04T22:39:59.106+0000] {processor.py:840} INFO - DAG(s) 'example_subdag_operator.section-1', 'example_subdag_operator.section-2', 'example_subdag_operator' retrieved from /home/airflow/.local/lib/python3.8/site-packages/airflow/example_dags/example_subdag_operator.py
[2025-05-04T22:39:59.112+0000] {logging_mixin.py:188} INFO - [2025-05-04T22:39:59.112+0000] {dag.py:3033} INFO - Sync 3 DAGs
[2025-05-04T22:39:59.122+0000] {logging_mixin.py:188} INFO - [2025-05-04T22:39:59.122+0000] {dag.py:3820} INFO - Setting next_dagrun for example_subdag_operator to 2022-01-01T00:00:00+00:00, run_after=2022-01-01T00:00:00+00:00
[2025-05-04T22:39:59.124+0000] {logging_mixin.py:188} INFO - [2025-05-04T22:39:59.124+0000] {dag.py:3820} INFO - Setting next_dagrun for example_subdag_operator.section-1 to None, run_after=None
[2025-05-04T22:39:59.124+0000] {logging_mixin.py:188} INFO - [2025-05-04T22:39:59.124+0000] {dag.py:3820} INFO - Setting next_dagrun for example_subdag_operator.section-2 to None, run_after=None
[2025-05-04T22:39:59.127+0000] {logging_mixin.py:188} INFO - [2025-05-04T22:39:59.127+0000] {dag.py:3033} INFO - Sync 2 DAGs
[2025-05-04T22:39:59.129+0000] {logging_mixin.py:188} INFO - [2025-05-04T22:39:59.129+0000] {dag.py:3820} INFO - Setting next_dagrun for example_subdag_operator.section-1 to None, run_after=None
[2025-05-04T22:39:59.129+0000] {logging_mixin.py:188} INFO - [2025-05-04T22:39:59.129+0000] {dag.py:3820} INFO - Setting next_dagrun for example_subdag_operator.section-2 to None, run_after=None
[2025-05-04T22:39:59.133+0000] {processor.py:183} INFO - Processing /home/airflow/.local/lib/python3.8/site-packages/airflow/example_dags/example_subdag_operator.py took 0.047 seconds
[2025-05-04T22:40:29.956+0000] {processor.py:161} INFO - Started process (PID=490) to work on /home/airflow/.local/lib/python3.8/site-packages/airflow/example_dags/example_subdag_operator.py
[2025-05-04T22:40:29.958+0000] {processor.py:830} INFO - Processing file /home/airflow/.local/lib/python3.8/site-packages/airflow/example_dags/example_subdag_operator.py for tasks to queue
[2025-05-04T22:40:29.960+0000] {logging_mixin.py:188} INFO - [2025-05-04T22:40:29.960+0000] {dagbag.py:538} INFO - Filling up the DagBag from /home/airflow/.local/lib/python3.8/site-packages/airflow/example_dags/example_subdag_operator.py
[2025-05-04T22:40:29.986+0000] {processor.py:840} INFO - DAG(s) 'example_subdag_operator.section-1', 'example_subdag_operator.section-2', 'example_subdag_operator' retrieved from /home/airflow/.local/lib/python3.8/site-packages/airflow/example_dags/example_subdag_operator.py
[2025-05-04T22:40:29.998+0000] {logging_mixin.py:188} INFO - [2025-05-04T22:40:29.997+0000] {dag.py:3033} INFO - Sync 3 DAGs
[2025-05-04T22:40:30.021+0000] {logging_mixin.py:188} INFO - [2025-05-04T22:40:30.021+0000] {dag.py:3820} INFO - Setting next_dagrun for example_subdag_operator to 2022-01-01T00:00:00+00:00, run_after=2022-01-01T00:00:00+00:00
[2025-05-04T22:40:30.036+0000] {logging_mixin.py:188} INFO - [2025-05-04T22:40:30.034+0000] {dag.py:3820} INFO - Setting next_dagrun for example_subdag_operator.section-1 to None, run_after=None
[2025-05-04T22:40:30.042+0000] {logging_mixin.py:188} INFO - [2025-05-04T22:40:30.042+0000] {dag.py:3820} INFO - Setting next_dagrun for example_subdag_operator.section-2 to None, run_after=None
[2025-05-04T22:40:30.078+0000] {logging_mixin.py:188} INFO - [2025-05-04T22:40:30.077+0000] {dag.py:3033} INFO - Sync 2 DAGs
[2025-05-04T22:40:30.083+0000] {logging_mixin.py:188} INFO - [2025-05-04T22:40:30.082+0000] {dag.py:3820} INFO - Setting next_dagrun for example_subdag_operator.section-1 to None, run_after=None
[2025-05-04T22:40:30.083+0000] {logging_mixin.py:188} INFO - [2025-05-04T22:40:30.083+0000] {dag.py:3820} INFO - Setting next_dagrun for example_subdag_operator.section-2 to None, run_after=None
[2025-05-04T22:40:30.107+0000] {processor.py:183} INFO - Processing /home/airflow/.local/lib/python3.8/site-packages/airflow/example_dags/example_subdag_operator.py took 0.153 seconds
[2025-05-04T22:41:00.200+0000] {processor.py:161} INFO - Started process (PID=546) to work on /home/airflow/.local/lib/python3.8/site-packages/airflow/example_dags/example_subdag_operator.py
[2025-05-04T22:41:00.201+0000] {processor.py:830} INFO - Processing file /home/airflow/.local/lib/python3.8/site-packages/airflow/example_dags/example_subdag_operator.py for tasks to queue
[2025-05-04T22:41:00.202+0000] {logging_mixin.py:188} INFO - [2025-05-04T22:41:00.202+0000] {dagbag.py:538} INFO - Filling up the DagBag from /home/airflow/.local/lib/python3.8/site-packages/airflow/example_dags/example_subdag_operator.py
[2025-05-04T22:41:00.217+0000] {processor.py:840} INFO - DAG(s) 'example_subdag_operator.section-1', 'example_subdag_operator.section-2', 'example_subdag_operator' retrieved from /home/airflow/.local/lib/python3.8/site-packages/airflow/example_dags/example_subdag_operator.py
[2025-05-04T22:41:00.226+0000] {logging_mixin.py:188} INFO - [2025-05-04T22:41:00.225+0000] {dag.py:3033} INFO - Sync 3 DAGs
[2025-05-04T22:41:00.243+0000] {logging_mixin.py:188} INFO - [2025-05-04T22:41:00.242+0000] {dag.py:3820} INFO - Setting next_dagrun for example_subdag_operator to 2022-01-01T00:00:00+00:00, run_after=2022-01-01T00:00:00+00:00
[2025-05-04T22:41:00.245+0000] {logging_mixin.py:188} INFO - [2025-05-04T22:41:00.245+0000] {dag.py:3820} INFO - Setting next_dagrun for example_subdag_operator.section-1 to None, run_after=None
[2025-05-04T22:41:00.246+0000] {logging_mixin.py:188} INFO - [2025-05-04T22:41:00.246+0000] {dag.py:3820} INFO - Setting next_dagrun for example_subdag_operator.section-2 to None, run_after=None
[2025-05-04T22:41:00.249+0000] {logging_mixin.py:188} INFO - [2025-05-04T22:41:00.249+0000] {dag.py:3033} INFO - Sync 2 DAGs
[2025-05-04T22:41:00.251+0000] {logging_mixin.py:188} INFO - [2025-05-04T22:41:00.251+0000] {dag.py:3820} INFO - Setting next_dagrun for example_subdag_operator.section-1 to None, run_after=None
[2025-05-04T22:41:00.252+0000] {logging_mixin.py:188} INFO - [2025-05-04T22:41:00.252+0000] {dag.py:3820} INFO - Setting next_dagrun for example_subdag_operator.section-2 to None, run_after=None
[2025-05-04T22:41:00.256+0000] {processor.py:183} INFO - Processing /home/airflow/.local/lib/python3.8/site-packages/airflow/example_dags/example_subdag_operator.py took 0.058 seconds
[2025-05-04T22:41:31.007+0000] {processor.py:161} INFO - Started process (PID=602) to work on /home/airflow/.local/lib/python3.8/site-packages/airflow/example_dags/example_subdag_operator.py
[2025-05-04T22:41:31.008+0000] {processor.py:830} INFO - Processing file /home/airflow/.local/lib/python3.8/site-packages/airflow/example_dags/example_subdag_operator.py for tasks to queue
[2025-05-04T22:41:31.009+0000] {logging_mixin.py:188} INFO - [2025-05-04T22:41:31.009+0000] {dagbag.py:538} INFO - Filling up the DagBag from /home/airflow/.local/lib/python3.8/site-packages/airflow/example_dags/example_subdag_operator.py
[2025-05-04T22:41:31.023+0000] {processor.py:840} INFO - DAG(s) 'example_subdag_operator.section-1', 'example_subdag_operator.section-2', 'example_subdag_operator' retrieved from /home/airflow/.local/lib/python3.8/site-packages/airflow/example_dags/example_subdag_operator.py
[2025-05-04T22:41:31.032+0000] {logging_mixin.py:188} INFO - [2025-05-04T22:41:31.031+0000] {dag.py:3033} INFO - Sync 3 DAGs
[2025-05-04T22:41:31.045+0000] {logging_mixin.py:188} INFO - [2025-05-04T22:41:31.045+0000] {dag.py:3820} INFO - Setting next_dagrun for example_subdag_operator to 2022-01-01T00:00:00+00:00, run_after=2022-01-01T00:00:00+00:00
[2025-05-04T22:41:31.047+0000] {logging_mixin.py:188} INFO - [2025-05-04T22:41:31.047+0000] {dag.py:3820} INFO - Setting next_dagrun for example_subdag_operator.section-1 to None, run_after=None
[2025-05-04T22:41:31.048+0000] {logging_mixin.py:188} INFO - [2025-05-04T22:41:31.048+0000] {dag.py:3820} INFO - Setting next_dagrun for example_subdag_operator.section-2 to None, run_after=None
[2025-05-04T22:41:31.053+0000] {logging_mixin.py:188} INFO - [2025-05-04T22:41:31.053+0000] {dag.py:3033} INFO - Sync 2 DAGs
[2025-05-04T22:41:31.056+0000] {logging_mixin.py:188} INFO - [2025-05-04T22:41:31.056+0000] {dag.py:3820} INFO - Setting next_dagrun for example_subdag_operator.section-1 to None, run_after=None
[2025-05-04T22:41:31.056+0000] {logging_mixin.py:188} INFO - [2025-05-04T22:41:31.056+0000] {dag.py:3820} INFO - Setting next_dagrun for example_subdag_operator.section-2 to None, run_after=None
[2025-05-04T22:41:31.063+0000] {processor.py:183} INFO - Processing /home/airflow/.local/lib/python3.8/site-packages/airflow/example_dags/example_subdag_operator.py took 0.057 seconds
[2025-05-04T22:42:01.817+0000] {processor.py:161} INFO - Started process (PID=658) to work on /home/airflow/.local/lib/python3.8/site-packages/airflow/example_dags/example_subdag_operator.py
[2025-05-04T22:42:01.817+0000] {processor.py:830} INFO - Processing file /home/airflow/.local/lib/python3.8/site-packages/airflow/example_dags/example_subdag_operator.py for tasks to queue
[2025-05-04T22:42:01.818+0000] {logging_mixin.py:188} INFO - [2025-05-04T22:42:01.818+0000] {dagbag.py:538} INFO - Filling up the DagBag from /home/airflow/.local/lib/python3.8/site-packages/airflow/example_dags/example_subdag_operator.py
[2025-05-04T22:42:01.831+0000] {processor.py:840} INFO - DAG(s) 'example_subdag_operator.section-1', 'example_subdag_operator.section-2', 'example_subdag_operator' retrieved from /home/airflow/.local/lib/python3.8/site-packages/airflow/example_dags/example_subdag_operator.py
[2025-05-04T22:42:01.837+0000] {logging_mixin.py:188} INFO - [2025-05-04T22:42:01.837+0000] {dag.py:3033} INFO - Sync 3 DAGs
[2025-05-04T22:42:01.848+0000] {logging_mixin.py:188} INFO - [2025-05-04T22:42:01.848+0000] {dag.py:3820} INFO - Setting next_dagrun for example_subdag_operator to 2022-01-01T00:00:00+00:00, run_after=2022-01-01T00:00:00+00:00
[2025-05-04T22:42:01.849+0000] {logging_mixin.py:188} INFO - [2025-05-04T22:42:01.849+0000] {dag.py:3820} INFO - Setting next_dagrun for example_subdag_operator.section-1 to None, run_after=None
[2025-05-04T22:42:01.850+0000] {logging_mixin.py:188} INFO - [2025-05-04T22:42:01.850+0000] {dag.py:3820} INFO - Setting next_dagrun for example_subdag_operator.section-2 to None, run_after=None
[2025-05-04T22:42:01.853+0000] {logging_mixin.py:188} INFO - [2025-05-04T22:42:01.853+0000] {dag.py:3033} INFO - Sync 2 DAGs
[2025-05-04T22:42:01.855+0000] {logging_mixin.py:188} INFO - [2025-05-04T22:42:01.855+0000] {dag.py:3820} INFO - Setting next_dagrun for example_subdag_operator.section-1 to None, run_after=None
[2025-05-04T22:42:01.855+0000] {logging_mixin.py:188} INFO - [2025-05-04T22:42:01.855+0000] {dag.py:3820} INFO - Setting next_dagrun for example_subdag_operator.section-2 to None, run_after=None
[2025-05-04T22:42:01.859+0000] {processor.py:183} INFO - Processing /home/airflow/.local/lib/python3.8/site-packages/airflow/example_dags/example_subdag_operator.py took 0.044 seconds
[2025-05-04T22:42:32.607+0000] {processor.py:161} INFO - Started process (PID=714) to work on /home/airflow/.local/lib/python3.8/site-packages/airflow/example_dags/example_subdag_operator.py
[2025-05-04T22:42:32.607+0000] {processor.py:830} INFO - Processing file /home/airflow/.local/lib/python3.8/site-packages/airflow/example_dags/example_subdag_operator.py for tasks to queue
[2025-05-04T22:42:32.608+0000] {logging_mixin.py:188} INFO - [2025-05-04T22:42:32.608+0000] {dagbag.py:538} INFO - Filling up the DagBag from /home/airflow/.local/lib/python3.8/site-packages/airflow/example_dags/example_subdag_operator.py
[2025-05-04T22:42:32.625+0000] {processor.py:840} INFO - DAG(s) 'example_subdag_operator.section-1', 'example_subdag_operator.section-2', 'example_subdag_operator' retrieved from /home/airflow/.local/lib/python3.8/site-packages/airflow/example_dags/example_subdag_operator.py
[2025-05-04T22:42:32.633+0000] {logging_mixin.py:188} INFO - [2025-05-04T22:42:32.633+0000] {dag.py:3033} INFO - Sync 3 DAGs
[2025-05-04T22:42:32.647+0000] {logging_mixin.py:188} INFO - [2025-05-04T22:42:32.647+0000] {dag.py:3820} INFO - Setting next_dagrun for example_subdag_operator to 2022-01-01T00:00:00+00:00, run_after=2022-01-01T00:00:00+00:00
[2025-05-04T22:42:32.648+0000] {logging_mixin.py:188} INFO - [2025-05-04T22:42:32.648+0000] {dag.py:3820} INFO - Setting next_dagrun for example_subdag_operator.section-1 to None, run_after=None
[2025-05-04T22:42:32.652+0000] {logging_mixin.py:188} INFO - [2025-05-04T22:42:32.652+0000] {dag.py:3820} INFO - Setting next_dagrun for example_subdag_operator.section-2 to None, run_after=None
[2025-05-04T22:42:32.657+0000] {logging_mixin.py:188} INFO - [2025-05-04T22:42:32.657+0000] {dag.py:3033} INFO - Sync 2 DAGs
[2025-05-04T22:42:32.660+0000] {logging_mixin.py:188} INFO - [2025-05-04T22:42:32.660+0000] {dag.py:3820} INFO - Setting next_dagrun for example_subdag_operator.section-1 to None, run_after=None
[2025-05-04T22:42:32.660+0000] {logging_mixin.py:188} INFO - [2025-05-04T22:42:32.660+0000] {dag.py:3820} INFO - Setting next_dagrun for example_subdag_operator.section-2 to None, run_after=None
[2025-05-04T22:42:32.667+0000] {processor.py:183} INFO - Processing /home/airflow/.local/lib/python3.8/site-packages/airflow/example_dags/example_subdag_operator.py took 0.062 seconds
[2025-05-04T22:43:03.403+0000] {processor.py:161} INFO - Started process (PID=770) to work on /home/airflow/.local/lib/python3.8/site-packages/airflow/example_dags/example_subdag_operator.py
[2025-05-04T22:43:03.404+0000] {processor.py:830} INFO - Processing file /home/airflow/.local/lib/python3.8/site-packages/airflow/example_dags/example_subdag_operator.py for tasks to queue
[2025-05-04T22:43:03.405+0000] {logging_mixin.py:188} INFO - [2025-05-04T22:43:03.405+0000] {dagbag.py:538} INFO - Filling up the DagBag from /home/airflow/.local/lib/python3.8/site-packages/airflow/example_dags/example_subdag_operator.py
[2025-05-04T22:43:03.416+0000] {processor.py:840} INFO - DAG(s) 'example_subdag_operator.section-1', 'example_subdag_operator.section-2', 'example_subdag_operator' retrieved from /home/airflow/.local/lib/python3.8/site-packages/airflow/example_dags/example_subdag_operator.py
[2025-05-04T22:43:03.422+0000] {logging_mixin.py:188} INFO - [2025-05-04T22:43:03.422+0000] {dag.py:3033} INFO - Sync 3 DAGs
[2025-05-04T22:43:03.431+0000] {logging_mixin.py:188} INFO - [2025-05-04T22:43:03.431+0000] {dag.py:3820} INFO - Setting next_dagrun for example_subdag_operator to 2022-01-01T00:00:00+00:00, run_after=2022-01-01T00:00:00+00:00
[2025-05-04T22:43:03.432+0000] {logging_mixin.py:188} INFO - [2025-05-04T22:43:03.432+0000] {dag.py:3820} INFO - Setting next_dagrun for example_subdag_operator.section-1 to None, run_after=None
[2025-05-04T22:43:03.433+0000] {logging_mixin.py:188} INFO - [2025-05-04T22:43:03.433+0000] {dag.py:3820} INFO - Setting next_dagrun for example_subdag_operator.section-2 to None, run_after=None
[2025-05-04T22:43:03.435+0000] {logging_mixin.py:188} INFO - [2025-05-04T22:43:03.435+0000] {dag.py:3033} INFO - Sync 2 DAGs
[2025-05-04T22:43:03.437+0000] {logging_mixin.py:188} INFO - [2025-05-04T22:43:03.437+0000] {dag.py:3820} INFO - Setting next_dagrun for example_subdag_operator.section-1 to None, run_after=None
[2025-05-04T22:43:03.437+0000] {logging_mixin.py:188} INFO - [2025-05-04T22:43:03.437+0000] {dag.py:3820} INFO - Setting next_dagrun for example_subdag_operator.section-2 to None, run_after=None
[2025-05-04T22:43:03.441+0000] {processor.py:183} INFO - Processing /home/airflow/.local/lib/python3.8/site-packages/airflow/example_dags/example_subdag_operator.py took 0.040 seconds
[2025-05-04T22:43:34.356+0000] {processor.py:161} INFO - Started process (PID=826) to work on /home/airflow/.local/lib/python3.8/site-packages/airflow/example_dags/example_subdag_operator.py
[2025-05-04T22:43:34.357+0000] {processor.py:830} INFO - Processing file /home/airflow/.local/lib/python3.8/site-packages/airflow/example_dags/example_subdag_operator.py for tasks to queue
[2025-05-04T22:43:34.358+0000] {logging_mixin.py:188} INFO - [2025-05-04T22:43:34.358+0000] {dagbag.py:538} INFO - Filling up the DagBag from /home/airflow/.local/lib/python3.8/site-packages/airflow/example_dags/example_subdag_operator.py
[2025-05-04T22:43:34.377+0000] {processor.py:840} INFO - DAG(s) 'example_subdag_operator.section-1', 'example_subdag_operator.section-2', 'example_subdag_operator' retrieved from /home/airflow/.local/lib/python3.8/site-packages/airflow/example_dags/example_subdag_operator.py
[2025-05-04T22:43:34.384+0000] {logging_mixin.py:188} INFO - [2025-05-04T22:43:34.384+0000] {dag.py:3033} INFO - Sync 3 DAGs
[2025-05-04T22:43:34.397+0000] {logging_mixin.py:188} INFO - [2025-05-04T22:43:34.397+0000] {dag.py:3820} INFO - Setting next_dagrun for example_subdag_operator to 2022-01-01T00:00:00+00:00, run_after=2022-01-01T00:00:00+00:00
[2025-05-04T22:43:34.401+0000] {logging_mixin.py:188} INFO - [2025-05-04T22:43:34.401+0000] {dag.py:3820} INFO - Setting next_dagrun for example_subdag_operator.section-1 to None, run_after=None
[2025-05-04T22:43:34.402+0000] {logging_mixin.py:188} INFO - [2025-05-04T22:43:34.402+0000] {dag.py:3820} INFO - Setting next_dagrun for example_subdag_operator.section-2 to None, run_after=None
[2025-05-04T22:43:34.405+0000] {logging_mixin.py:188} INFO - [2025-05-04T22:43:34.405+0000] {dag.py:3033} INFO - Sync 2 DAGs
[2025-05-04T22:43:34.407+0000] {logging_mixin.py:188} INFO - [2025-05-04T22:43:34.407+0000] {dag.py:3820} INFO - Setting next_dagrun for example_subdag_operator.section-1 to None, run_after=None
[2025-05-04T22:43:34.408+0000] {logging_mixin.py:188} INFO - [2025-05-04T22:43:34.408+0000] {dag.py:3820} INFO - Setting next_dagrun for example_subdag_operator.section-2 to None, run_after=None
[2025-05-04T22:43:34.416+0000] {processor.py:183} INFO - Processing /home/airflow/.local/lib/python3.8/site-packages/airflow/example_dags/example_subdag_operator.py took 0.062 seconds
[2025-05-04T22:44:05.250+0000] {processor.py:161} INFO - Started process (PID=882) to work on /home/airflow/.local/lib/python3.8/site-packages/airflow/example_dags/example_subdag_operator.py
[2025-05-04T22:44:05.250+0000] {processor.py:830} INFO - Processing file /home/airflow/.local/lib/python3.8/site-packages/airflow/example_dags/example_subdag_operator.py for tasks to queue
[2025-05-04T22:44:05.251+0000] {logging_mixin.py:188} INFO - [2025-05-04T22:44:05.251+0000] {dagbag.py:538} INFO - Filling up the DagBag from /home/airflow/.local/lib/python3.8/site-packages/airflow/example_dags/example_subdag_operator.py
[2025-05-04T22:44:05.267+0000] {processor.py:840} INFO - DAG(s) 'example_subdag_operator.section-1', 'example_subdag_operator.section-2', 'example_subdag_operator' retrieved from /home/airflow/.local/lib/python3.8/site-packages/airflow/example_dags/example_subdag_operator.py
[2025-05-04T22:44:05.277+0000] {logging_mixin.py:188} INFO - [2025-05-04T22:44:05.276+0000] {dag.py:3033} INFO - Sync 3 DAGs
[2025-05-04T22:44:05.287+0000] {logging_mixin.py:188} INFO - [2025-05-04T22:44:05.287+0000] {dag.py:3820} INFO - Setting next_dagrun for example_subdag_operator to 2022-01-01T00:00:00+00:00, run_after=2022-01-01T00:00:00+00:00
[2025-05-04T22:44:05.289+0000] {logging_mixin.py:188} INFO - [2025-05-04T22:44:05.289+0000] {dag.py:3820} INFO - Setting next_dagrun for example_subdag_operator.section-1 to None, run_after=None
[2025-05-04T22:44:05.289+0000] {logging_mixin.py:188} INFO - [2025-05-04T22:44:05.289+0000] {dag.py:3820} INFO - Setting next_dagrun for example_subdag_operator.section-2 to None, run_after=None
[2025-05-04T22:44:05.292+0000] {logging_mixin.py:188} INFO - [2025-05-04T22:44:05.292+0000] {dag.py:3033} INFO - Sync 2 DAGs
[2025-05-04T22:44:05.296+0000] {logging_mixin.py:188} INFO - [2025-05-04T22:44:05.296+0000] {dag.py:3820} INFO - Setting next_dagrun for example_subdag_operator.section-1 to None, run_after=None
[2025-05-04T22:44:05.296+0000] {logging_mixin.py:188} INFO - [2025-05-04T22:44:05.296+0000] {dag.py:3820} INFO - Setting next_dagrun for example_subdag_operator.section-2 to None, run_after=None
[2025-05-04T22:44:05.303+0000] {processor.py:183} INFO - Processing /home/airflow/.local/lib/python3.8/site-packages/airflow/example_dags/example_subdag_operator.py took 0.055 seconds
[2025-05-04T22:44:36.046+0000] {processor.py:161} INFO - Started process (PID=938) to work on /home/airflow/.local/lib/python3.8/site-packages/airflow/example_dags/example_subdag_operator.py
[2025-05-04T22:44:36.047+0000] {processor.py:830} INFO - Processing file /home/airflow/.local/lib/python3.8/site-packages/airflow/example_dags/example_subdag_operator.py for tasks to queue
[2025-05-04T22:44:36.049+0000] {logging_mixin.py:188} INFO - [2025-05-04T22:44:36.049+0000] {dagbag.py:538} INFO - Filling up the DagBag from /home/airflow/.local/lib/python3.8/site-packages/airflow/example_dags/example_subdag_operator.py
[2025-05-04T22:44:36.061+0000] {processor.py:840} INFO - DAG(s) 'example_subdag_operator.section-1', 'example_subdag_operator.section-2', 'example_subdag_operator' retrieved from /home/airflow/.local/lib/python3.8/site-packages/airflow/example_dags/example_subdag_operator.py
[2025-05-04T22:44:36.072+0000] {logging_mixin.py:188} INFO - [2025-05-04T22:44:36.072+0000] {dag.py:3033} INFO - Sync 3 DAGs
[2025-05-04T22:44:36.084+0000] {logging_mixin.py:188} INFO - [2025-05-04T22:44:36.084+0000] {dag.py:3820} INFO - Setting next_dagrun for example_subdag_operator to 2022-01-01T00:00:00+00:00, run_after=2022-01-01T00:00:00+00:00
[2025-05-04T22:44:36.085+0000] {logging_mixin.py:188} INFO - [2025-05-04T22:44:36.085+0000] {dag.py:3820} INFO - Setting next_dagrun for example_subdag_operator.section-1 to None, run_after=None
[2025-05-04T22:44:36.086+0000] {logging_mixin.py:188} INFO - [2025-05-04T22:44:36.086+0000] {dag.py:3820} INFO - Setting next_dagrun for example_subdag_operator.section-2 to None, run_after=None
[2025-05-04T22:44:36.089+0000] {logging_mixin.py:188} INFO - [2025-05-04T22:44:36.089+0000] {dag.py:3033} INFO - Sync 2 DAGs
[2025-05-04T22:44:36.093+0000] {logging_mixin.py:188} INFO - [2025-05-04T22:44:36.093+0000] {dag.py:3820} INFO - Setting next_dagrun for example_subdag_operator.section-1 to None, run_after=None
[2025-05-04T22:44:36.093+0000] {logging_mixin.py:188} INFO - [2025-05-04T22:44:36.093+0000] {dag.py:3820} INFO - Setting next_dagrun for example_subdag_operator.section-2 to None, run_after=None
[2025-05-04T22:44:36.097+0000] {processor.py:183} INFO - Processing /home/airflow/.local/lib/python3.8/site-packages/airflow/example_dags/example_subdag_operator.py took 0.054 seconds
[2025-05-04T22:45:06.864+0000] {processor.py:161} INFO - Started process (PID=994) to work on /home/airflow/.local/lib/python3.8/site-packages/airflow/example_dags/example_subdag_operator.py
[2025-05-04T22:45:06.865+0000] {processor.py:830} INFO - Processing file /home/airflow/.local/lib/python3.8/site-packages/airflow/example_dags/example_subdag_operator.py for tasks to queue
[2025-05-04T22:45:06.866+0000] {logging_mixin.py:188} INFO - [2025-05-04T22:45:06.866+0000] {dagbag.py:538} INFO - Filling up the DagBag from /home/airflow/.local/lib/python3.8/site-packages/airflow/example_dags/example_subdag_operator.py
[2025-05-04T22:45:06.881+0000] {processor.py:840} INFO - DAG(s) 'example_subdag_operator.section-1', 'example_subdag_operator.section-2', 'example_subdag_operator' retrieved from /home/airflow/.local/lib/python3.8/site-packages/airflow/example_dags/example_subdag_operator.py
[2025-05-04T22:45:06.888+0000] {logging_mixin.py:188} INFO - [2025-05-04T22:45:06.888+0000] {dag.py:3033} INFO - Sync 3 DAGs
[2025-05-04T22:45:06.901+0000] {logging_mixin.py:188} INFO - [2025-05-04T22:45:06.901+0000] {dag.py:3820} INFO - Setting next_dagrun for example_subdag_operator to 2022-01-01T00:00:00+00:00, run_after=2022-01-01T00:00:00+00:00
[2025-05-04T22:45:06.904+0000] {logging_mixin.py:188} INFO - [2025-05-04T22:45:06.904+0000] {dag.py:3820} INFO - Setting next_dagrun for example_subdag_operator.section-1 to None, run_after=None
[2025-05-04T22:45:06.905+0000] {logging_mixin.py:188} INFO - [2025-05-04T22:45:06.905+0000] {dag.py:3820} INFO - Setting next_dagrun for example_subdag_operator.section-2 to None, run_after=None
[2025-05-04T22:45:06.908+0000] {logging_mixin.py:188} INFO - [2025-05-04T22:45:06.908+0000] {dag.py:3033} INFO - Sync 2 DAGs
[2025-05-04T22:45:06.911+0000] {logging_mixin.py:188} INFO - [2025-05-04T22:45:06.911+0000] {dag.py:3820} INFO - Setting next_dagrun for example_subdag_operator.section-1 to None, run_after=None
[2025-05-04T22:45:06.912+0000] {logging_mixin.py:188} INFO - [2025-05-04T22:45:06.911+0000] {dag.py:3820} INFO - Setting next_dagrun for example_subdag_operator.section-2 to None, run_after=None
[2025-05-04T22:45:06.916+0000] {processor.py:183} INFO - Processing /home/airflow/.local/lib/python3.8/site-packages/airflow/example_dags/example_subdag_operator.py took 0.057 seconds
[2025-05-04T22:45:37.720+0000] {processor.py:161} INFO - Started process (PID=1050) to work on /home/airflow/.local/lib/python3.8/site-packages/airflow/example_dags/example_subdag_operator.py
[2025-05-04T22:45:37.721+0000] {processor.py:830} INFO - Processing file /home/airflow/.local/lib/python3.8/site-packages/airflow/example_dags/example_subdag_operator.py for tasks to queue
[2025-05-04T22:45:37.724+0000] {logging_mixin.py:188} INFO - [2025-05-04T22:45:37.724+0000] {dagbag.py:538} INFO - Filling up the DagBag from /home/airflow/.local/lib/python3.8/site-packages/airflow/example_dags/example_subdag_operator.py
[2025-05-04T22:45:37.742+0000] {processor.py:840} INFO - DAG(s) 'example_subdag_operator.section-1', 'example_subdag_operator.section-2', 'example_subdag_operator' retrieved from /home/airflow/.local/lib/python3.8/site-packages/airflow/example_dags/example_subdag_operator.py
[2025-05-04T22:45:37.754+0000] {logging_mixin.py:188} INFO - [2025-05-04T22:45:37.754+0000] {dag.py:3033} INFO - Sync 3 DAGs
[2025-05-04T22:45:37.768+0000] {logging_mixin.py:188} INFO - [2025-05-04T22:45:37.768+0000] {dag.py:3820} INFO - Setting next_dagrun for example_subdag_operator to 2022-01-01T00:00:00+00:00, run_after=2022-01-01T00:00:00+00:00
[2025-05-04T22:45:37.773+0000] {logging_mixin.py:188} INFO - [2025-05-04T22:45:37.773+0000] {dag.py:3820} INFO - Setting next_dagrun for example_subdag_operator.section-1 to None, run_after=None
[2025-05-04T22:45:37.773+0000] {logging_mixin.py:188} INFO - [2025-05-04T22:45:37.773+0000] {dag.py:3820} INFO - Setting next_dagrun for example_subdag_operator.section-2 to None, run_after=None
[2025-05-04T22:45:37.776+0000] {logging_mixin.py:188} INFO - [2025-05-04T22:45:37.776+0000] {dag.py:3033} INFO - Sync 2 DAGs
[2025-05-04T22:45:37.780+0000] {logging_mixin.py:188} INFO - [2025-05-04T22:45:37.780+0000] {dag.py:3820} INFO - Setting next_dagrun for example_subdag_operator.section-1 to None, run_after=None
[2025-05-04T22:45:37.780+0000] {logging_mixin.py:188} INFO - [2025-05-04T22:45:37.780+0000] {dag.py:3820} INFO - Setting next_dagrun for example_subdag_operator.section-2 to None, run_after=None
[2025-05-04T22:45:37.789+0000] {processor.py:183} INFO - Processing /home/airflow/.local/lib/python3.8/site-packages/airflow/example_dags/example_subdag_operator.py took 0.073 seconds
[2025-05-04T22:46:30.348+0000] {processor.py:161} INFO - Started process (PID=36) to work on /home/airflow/.local/lib/python3.8/site-packages/airflow/example_dags/example_subdag_operator.py
[2025-05-04T22:46:30.350+0000] {processor.py:830} INFO - Processing file /home/airflow/.local/lib/python3.8/site-packages/airflow/example_dags/example_subdag_operator.py for tasks to queue
[2025-05-04T22:46:30.351+0000] {logging_mixin.py:188} INFO - [2025-05-04T22:46:30.351+0000] {dagbag.py:538} INFO - Filling up the DagBag from /home/airflow/.local/lib/python3.8/site-packages/airflow/example_dags/example_subdag_operator.py
[2025-05-04T22:46:30.367+0000] {processor.py:840} INFO - DAG(s) 'example_subdag_operator.section-1', 'example_subdag_operator.section-2', 'example_subdag_operator' retrieved from /home/airflow/.local/lib/python3.8/site-packages/airflow/example_dags/example_subdag_operator.py
[2025-05-04T22:46:30.374+0000] {logging_mixin.py:188} INFO - [2025-05-04T22:46:30.374+0000] {dag.py:3033} INFO - Sync 3 DAGs
[2025-05-04T22:46:30.393+0000] {logging_mixin.py:188} INFO - [2025-05-04T22:46:30.393+0000] {dag.py:3820} INFO - Setting next_dagrun for example_subdag_operator to 2022-01-01T00:00:00+00:00, run_after=2022-01-01T00:00:00+00:00
[2025-05-04T22:46:30.404+0000] {logging_mixin.py:188} INFO - [2025-05-04T22:46:30.404+0000] {dag.py:3820} INFO - Setting next_dagrun for example_subdag_operator.section-1 to None, run_after=None
[2025-05-04T22:46:30.409+0000] {logging_mixin.py:188} INFO - [2025-05-04T22:46:30.409+0000] {dag.py:3820} INFO - Setting next_dagrun for example_subdag_operator.section-2 to None, run_after=None
[2025-05-04T22:46:30.430+0000] {logging_mixin.py:188} INFO - [2025-05-04T22:46:30.430+0000] {dag.py:3033} INFO - Sync 2 DAGs
[2025-05-04T22:46:30.464+0000] {logging_mixin.py:188} INFO - [2025-05-04T22:46:30.463+0000] {dag.py:3820} INFO - Setting next_dagrun for example_subdag_operator.section-1 to None, run_after=None
[2025-05-04T22:46:30.465+0000] {logging_mixin.py:188} INFO - [2025-05-04T22:46:30.465+0000] {dag.py:3820} INFO - Setting next_dagrun for example_subdag_operator.section-2 to None, run_after=None
[2025-05-04T22:46:30.489+0000] {processor.py:183} INFO - Processing /home/airflow/.local/lib/python3.8/site-packages/airflow/example_dags/example_subdag_operator.py took 0.143 seconds
[2025-05-04T22:46:55.078+0000] {processor.py:161} INFO - Started process (PID=36) to work on /home/airflow/.local/lib/python3.8/site-packages/airflow/example_dags/example_subdag_operator.py
[2025-05-04T22:46:55.080+0000] {processor.py:830} INFO - Processing file /home/airflow/.local/lib/python3.8/site-packages/airflow/example_dags/example_subdag_operator.py for tasks to queue
[2025-05-04T22:46:55.112+0000] {logging_mixin.py:188} INFO - [2025-05-04T22:46:55.112+0000] {dagbag.py:538} INFO - Filling up the DagBag from /home/airflow/.local/lib/python3.8/site-packages/airflow/example_dags/example_subdag_operator.py
[2025-05-04T22:46:55.177+0000] {processor.py:840} INFO - DAG(s) 'example_subdag_operator.section-1', 'example_subdag_operator.section-2', 'example_subdag_operator' retrieved from /home/airflow/.local/lib/python3.8/site-packages/airflow/example_dags/example_subdag_operator.py
[2025-05-04T22:46:55.196+0000] {logging_mixin.py:188} INFO - [2025-05-04T22:46:55.186+0000] {dag.py:3033} INFO - Sync 3 DAGs
[2025-05-04T22:46:55.235+0000] {logging_mixin.py:188} INFO - [2025-05-04T22:46:55.235+0000] {dag.py:3820} INFO - Setting next_dagrun for example_subdag_operator to 2022-01-01T00:00:00+00:00, run_after=2022-01-01T00:00:00+00:00
[2025-05-04T22:46:55.244+0000] {logging_mixin.py:188} INFO - [2025-05-04T22:46:55.244+0000] {dag.py:3820} INFO - Setting next_dagrun for example_subdag_operator.section-1 to None, run_after=None
[2025-05-04T22:46:55.247+0000] {logging_mixin.py:188} INFO - [2025-05-04T22:46:55.246+0000] {dag.py:3820} INFO - Setting next_dagrun for example_subdag_operator.section-2 to None, run_after=None
[2025-05-04T22:46:55.254+0000] {logging_mixin.py:188} INFO - [2025-05-04T22:46:55.254+0000] {dag.py:3033} INFO - Sync 2 DAGs
[2025-05-04T22:46:55.263+0000] {logging_mixin.py:188} INFO - [2025-05-04T22:46:55.263+0000] {dag.py:3820} INFO - Setting next_dagrun for example_subdag_operator.section-1 to None, run_after=None
[2025-05-04T22:46:55.264+0000] {logging_mixin.py:188} INFO - [2025-05-04T22:46:55.264+0000] {dag.py:3820} INFO - Setting next_dagrun for example_subdag_operator.section-2 to None, run_after=None
[2025-05-04T22:46:55.296+0000] {processor.py:183} INFO - Processing /home/airflow/.local/lib/python3.8/site-packages/airflow/example_dags/example_subdag_operator.py took 0.221 seconds
[2025-05-04T22:47:25.662+0000] {processor.py:161} INFO - Started process (PID=97) to work on /home/airflow/.local/lib/python3.8/site-packages/airflow/example_dags/example_subdag_operator.py
[2025-05-04T22:47:25.664+0000] {processor.py:830} INFO - Processing file /home/airflow/.local/lib/python3.8/site-packages/airflow/example_dags/example_subdag_operator.py for tasks to queue
[2025-05-04T22:47:25.669+0000] {logging_mixin.py:188} INFO - [2025-05-04T22:47:25.668+0000] {dagbag.py:538} INFO - Filling up the DagBag from /home/airflow/.local/lib/python3.8/site-packages/airflow/example_dags/example_subdag_operator.py
[2025-05-04T22:47:25.703+0000] {processor.py:840} INFO - DAG(s) 'example_subdag_operator.section-1', 'example_subdag_operator.section-2', 'example_subdag_operator' retrieved from /home/airflow/.local/lib/python3.8/site-packages/airflow/example_dags/example_subdag_operator.py
[2025-05-04T22:47:25.822+0000] {logging_mixin.py:188} INFO - [2025-05-04T22:47:25.821+0000] {dag.py:3033} INFO - Sync 3 DAGs
[2025-05-04T22:47:25.852+0000] {logging_mixin.py:188} INFO - [2025-05-04T22:47:25.852+0000] {dag.py:3820} INFO - Setting next_dagrun for example_subdag_operator to 2022-01-01T00:00:00+00:00, run_after=2022-01-01T00:00:00+00:00
[2025-05-04T22:47:25.857+0000] {logging_mixin.py:188} INFO - [2025-05-04T22:47:25.857+0000] {dag.py:3820} INFO - Setting next_dagrun for example_subdag_operator.section-1 to None, run_after=None
[2025-05-04T22:47:25.862+0000] {logging_mixin.py:188} INFO - [2025-05-04T22:47:25.862+0000] {dag.py:3820} INFO - Setting next_dagrun for example_subdag_operator.section-2 to None, run_after=None
[2025-05-04T22:47:25.881+0000] {logging_mixin.py:188} INFO - [2025-05-04T22:47:25.880+0000] {dag.py:3033} INFO - Sync 2 DAGs
[2025-05-04T22:47:25.895+0000] {logging_mixin.py:188} INFO - [2025-05-04T22:47:25.893+0000] {dag.py:3820} INFO - Setting next_dagrun for example_subdag_operator.section-1 to None, run_after=None
[2025-05-04T22:47:25.903+0000] {logging_mixin.py:188} INFO - [2025-05-04T22:47:25.898+0000] {dag.py:3820} INFO - Setting next_dagrun for example_subdag_operator.section-2 to None, run_after=None
[2025-05-04T22:47:25.943+0000] {processor.py:183} INFO - Processing /home/airflow/.local/lib/python3.8/site-packages/airflow/example_dags/example_subdag_operator.py took 0.289 seconds
[2025-05-04T22:47:50.852+0000] {processor.py:161} INFO - Started process (PID=36) to work on /home/airflow/.local/lib/python3.8/site-packages/airflow/example_dags/example_subdag_operator.py
[2025-05-04T22:47:50.852+0000] {processor.py:830} INFO - Processing file /home/airflow/.local/lib/python3.8/site-packages/airflow/example_dags/example_subdag_operator.py for tasks to queue
[2025-05-04T22:47:50.854+0000] {logging_mixin.py:188} INFO - [2025-05-04T22:47:50.854+0000] {dagbag.py:538} INFO - Filling up the DagBag from /home/airflow/.local/lib/python3.8/site-packages/airflow/example_dags/example_subdag_operator.py
[2025-05-04T22:47:50.875+0000] {processor.py:840} INFO - DAG(s) 'example_subdag_operator.section-1', 'example_subdag_operator.section-2', 'example_subdag_operator' retrieved from /home/airflow/.local/lib/python3.8/site-packages/airflow/example_dags/example_subdag_operator.py
[2025-05-04T22:47:50.880+0000] {logging_mixin.py:188} INFO - [2025-05-04T22:47:50.880+0000] {dag.py:3033} INFO - Sync 3 DAGs
[2025-05-04T22:47:50.897+0000] {logging_mixin.py:188} INFO - [2025-05-04T22:47:50.897+0000] {dag.py:3820} INFO - Setting next_dagrun for example_subdag_operator to 2022-01-01T00:00:00+00:00, run_after=2022-01-01T00:00:00+00:00
[2025-05-04T22:47:50.902+0000] {logging_mixin.py:188} INFO - [2025-05-04T22:47:50.902+0000] {dag.py:3820} INFO - Setting next_dagrun for example_subdag_operator.section-1 to None, run_after=None
[2025-05-04T22:47:50.904+0000] {logging_mixin.py:188} INFO - [2025-05-04T22:47:50.904+0000] {dag.py:3820} INFO - Setting next_dagrun for example_subdag_operator.section-2 to None, run_after=None
[2025-05-04T22:47:50.908+0000] {logging_mixin.py:188} INFO - [2025-05-04T22:47:50.908+0000] {dag.py:3033} INFO - Sync 2 DAGs
[2025-05-04T22:47:50.911+0000] {logging_mixin.py:188} INFO - [2025-05-04T22:47:50.911+0000] {dag.py:3820} INFO - Setting next_dagrun for example_subdag_operator.section-1 to None, run_after=None
[2025-05-04T22:47:50.911+0000] {logging_mixin.py:188} INFO - [2025-05-04T22:47:50.911+0000] {dag.py:3820} INFO - Setting next_dagrun for example_subdag_operator.section-2 to None, run_after=None
[2025-05-04T22:47:50.917+0000] {processor.py:183} INFO - Processing /home/airflow/.local/lib/python3.8/site-packages/airflow/example_dags/example_subdag_operator.py took 0.068 seconds
[2025-05-04T22:48:21.284+0000] {processor.py:161} INFO - Started process (PID=98) to work on /home/airflow/.local/lib/python3.8/site-packages/airflow/example_dags/example_subdag_operator.py
[2025-05-04T22:48:21.285+0000] {processor.py:830} INFO - Processing file /home/airflow/.local/lib/python3.8/site-packages/airflow/example_dags/example_subdag_operator.py for tasks to queue
[2025-05-04T22:48:21.286+0000] {logging_mixin.py:188} INFO - [2025-05-04T22:48:21.286+0000] {dagbag.py:538} INFO - Filling up the DagBag from /home/airflow/.local/lib/python3.8/site-packages/airflow/example_dags/example_subdag_operator.py
[2025-05-04T22:48:21.300+0000] {processor.py:840} INFO - DAG(s) 'example_subdag_operator.section-1', 'example_subdag_operator.section-2', 'example_subdag_operator' retrieved from /home/airflow/.local/lib/python3.8/site-packages/airflow/example_dags/example_subdag_operator.py
[2025-05-04T22:48:21.345+0000] {logging_mixin.py:188} INFO - [2025-05-04T22:48:21.345+0000] {dag.py:3033} INFO - Sync 3 DAGs
[2025-05-04T22:48:21.353+0000] {logging_mixin.py:188} INFO - [2025-05-04T22:48:21.353+0000] {dag.py:3820} INFO - Setting next_dagrun for example_subdag_operator to 2022-01-01T00:00:00+00:00, run_after=2022-01-01T00:00:00+00:00
[2025-05-04T22:48:21.355+0000] {logging_mixin.py:188} INFO - [2025-05-04T22:48:21.355+0000] {dag.py:3820} INFO - Setting next_dagrun for example_subdag_operator.section-1 to None, run_after=None
[2025-05-04T22:48:21.355+0000] {logging_mixin.py:188} INFO - [2025-05-04T22:48:21.355+0000] {dag.py:3820} INFO - Setting next_dagrun for example_subdag_operator.section-2 to None, run_after=None
[2025-05-04T22:48:21.361+0000] {logging_mixin.py:188} INFO - [2025-05-04T22:48:21.361+0000] {dag.py:3033} INFO - Sync 2 DAGs
[2025-05-04T22:48:21.363+0000] {logging_mixin.py:188} INFO - [2025-05-04T22:48:21.363+0000] {dag.py:3820} INFO - Setting next_dagrun for example_subdag_operator.section-1 to None, run_after=None
[2025-05-04T22:48:21.363+0000] {logging_mixin.py:188} INFO - [2025-05-04T22:48:21.363+0000] {dag.py:3820} INFO - Setting next_dagrun for example_subdag_operator.section-2 to None, run_after=None
[2025-05-04T22:48:21.370+0000] {processor.py:183} INFO - Processing /home/airflow/.local/lib/python3.8/site-packages/airflow/example_dags/example_subdag_operator.py took 0.089 seconds
[2025-05-04T22:48:51.622+0000] {processor.py:161} INFO - Started process (PID=154) to work on /home/airflow/.local/lib/python3.8/site-packages/airflow/example_dags/example_subdag_operator.py
[2025-05-04T22:48:51.623+0000] {processor.py:830} INFO - Processing file /home/airflow/.local/lib/python3.8/site-packages/airflow/example_dags/example_subdag_operator.py for tasks to queue
[2025-05-04T22:48:51.625+0000] {logging_mixin.py:188} INFO - [2025-05-04T22:48:51.625+0000] {dagbag.py:538} INFO - Filling up the DagBag from /home/airflow/.local/lib/python3.8/site-packages/airflow/example_dags/example_subdag_operator.py
[2025-05-04T22:48:51.641+0000] {processor.py:840} INFO - DAG(s) 'example_subdag_operator.section-1', 'example_subdag_operator.section-2', 'example_subdag_operator' retrieved from /home/airflow/.local/lib/python3.8/site-packages/airflow/example_dags/example_subdag_operator.py
[2025-05-04T22:48:51.651+0000] {logging_mixin.py:188} INFO - [2025-05-04T22:48:51.651+0000] {dag.py:3033} INFO - Sync 3 DAGs
[2025-05-04T22:48:51.663+0000] {logging_mixin.py:188} INFO - [2025-05-04T22:48:51.663+0000] {dag.py:3820} INFO - Setting next_dagrun for example_subdag_operator to 2022-01-01T00:00:00+00:00, run_after=2022-01-01T00:00:00+00:00
[2025-05-04T22:48:51.665+0000] {logging_mixin.py:188} INFO - [2025-05-04T22:48:51.665+0000] {dag.py:3820} INFO - Setting next_dagrun for example_subdag_operator.section-1 to None, run_after=None
[2025-05-04T22:48:51.665+0000] {logging_mixin.py:188} INFO - [2025-05-04T22:48:51.665+0000] {dag.py:3820} INFO - Setting next_dagrun for example_subdag_operator.section-2 to None, run_after=None
[2025-05-04T22:48:51.668+0000] {logging_mixin.py:188} INFO - [2025-05-04T22:48:51.668+0000] {dag.py:3033} INFO - Sync 2 DAGs
[2025-05-04T22:48:51.671+0000] {logging_mixin.py:188} INFO - [2025-05-04T22:48:51.671+0000] {dag.py:3820} INFO - Setting next_dagrun for example_subdag_operator.section-1 to None, run_after=None
[2025-05-04T22:48:51.671+0000] {logging_mixin.py:188} INFO - [2025-05-04T22:48:51.671+0000] {dag.py:3820} INFO - Setting next_dagrun for example_subdag_operator.section-2 to None, run_after=None
[2025-05-04T22:48:51.675+0000] {processor.py:183} INFO - Processing /home/airflow/.local/lib/python3.8/site-packages/airflow/example_dags/example_subdag_operator.py took 0.056 seconds
[2025-05-04T22:49:22.503+0000] {processor.py:161} INFO - Started process (PID=210) to work on /home/airflow/.local/lib/python3.8/site-packages/airflow/example_dags/example_subdag_operator.py
[2025-05-04T22:49:22.505+0000] {processor.py:830} INFO - Processing file /home/airflow/.local/lib/python3.8/site-packages/airflow/example_dags/example_subdag_operator.py for tasks to queue
[2025-05-04T22:49:22.509+0000] {logging_mixin.py:188} INFO - [2025-05-04T22:49:22.509+0000] {dagbag.py:538} INFO - Filling up the DagBag from /home/airflow/.local/lib/python3.8/site-packages/airflow/example_dags/example_subdag_operator.py
[2025-05-04T22:49:22.526+0000] {processor.py:840} INFO - DAG(s) 'example_subdag_operator.section-1', 'example_subdag_operator.section-2', 'example_subdag_operator' retrieved from /home/airflow/.local/lib/python3.8/site-packages/airflow/example_dags/example_subdag_operator.py
[2025-05-04T22:49:22.534+0000] {logging_mixin.py:188} INFO - [2025-05-04T22:49:22.534+0000] {dag.py:3033} INFO - Sync 3 DAGs
[2025-05-04T22:49:22.548+0000] {logging_mixin.py:188} INFO - [2025-05-04T22:49:22.547+0000] {dag.py:3820} INFO - Setting next_dagrun for example_subdag_operator to 2022-01-01T00:00:00+00:00, run_after=2022-01-01T00:00:00+00:00
[2025-05-04T22:49:22.549+0000] {logging_mixin.py:188} INFO - [2025-05-04T22:49:22.549+0000] {dag.py:3820} INFO - Setting next_dagrun for example_subdag_operator.section-1 to None, run_after=None
[2025-05-04T22:49:22.550+0000] {logging_mixin.py:188} INFO - [2025-05-04T22:49:22.550+0000] {dag.py:3820} INFO - Setting next_dagrun for example_subdag_operator.section-2 to None, run_after=None
[2025-05-04T22:49:22.553+0000] {logging_mixin.py:188} INFO - [2025-05-04T22:49:22.553+0000] {dag.py:3033} INFO - Sync 2 DAGs
[2025-05-04T22:49:22.555+0000] {logging_mixin.py:188} INFO - [2025-05-04T22:49:22.555+0000] {dag.py:3820} INFO - Setting next_dagrun for example_subdag_operator.section-1 to None, run_after=None
[2025-05-04T22:49:22.556+0000] {logging_mixin.py:188} INFO - [2025-05-04T22:49:22.556+0000] {dag.py:3820} INFO - Setting next_dagrun for example_subdag_operator.section-2 to None, run_after=None
[2025-05-04T22:49:22.560+0000] {processor.py:183} INFO - Processing /home/airflow/.local/lib/python3.8/site-packages/airflow/example_dags/example_subdag_operator.py took 0.061 seconds
[2025-05-04T22:49:53.252+0000] {processor.py:161} INFO - Started process (PID=266) to work on /home/airflow/.local/lib/python3.8/site-packages/airflow/example_dags/example_subdag_operator.py
[2025-05-04T22:49:53.254+0000] {processor.py:830} INFO - Processing file /home/airflow/.local/lib/python3.8/site-packages/airflow/example_dags/example_subdag_operator.py for tasks to queue
[2025-05-04T22:49:53.256+0000] {logging_mixin.py:188} INFO - [2025-05-04T22:49:53.256+0000] {dagbag.py:538} INFO - Filling up the DagBag from /home/airflow/.local/lib/python3.8/site-packages/airflow/example_dags/example_subdag_operator.py
[2025-05-04T22:49:53.277+0000] {processor.py:840} INFO - DAG(s) 'example_subdag_operator.section-1', 'example_subdag_operator.section-2', 'example_subdag_operator' retrieved from /home/airflow/.local/lib/python3.8/site-packages/airflow/example_dags/example_subdag_operator.py
[2025-05-04T22:49:53.289+0000] {logging_mixin.py:188} INFO - [2025-05-04T22:49:53.288+0000] {dag.py:3033} INFO - Sync 3 DAGs
[2025-05-04T22:49:53.298+0000] {logging_mixin.py:188} INFO - [2025-05-04T22:49:53.298+0000] {dag.py:3820} INFO - Setting next_dagrun for example_subdag_operator to 2022-01-01T00:00:00+00:00, run_after=2022-01-01T00:00:00+00:00
[2025-05-04T22:49:53.301+0000] {logging_mixin.py:188} INFO - [2025-05-04T22:49:53.301+0000] {dag.py:3820} INFO - Setting next_dagrun for example_subdag_operator.section-1 to None, run_after=None
[2025-05-04T22:49:53.301+0000] {logging_mixin.py:188} INFO - [2025-05-04T22:49:53.301+0000] {dag.py:3820} INFO - Setting next_dagrun for example_subdag_operator.section-2 to None, run_after=None
[2025-05-04T22:49:53.304+0000] {logging_mixin.py:188} INFO - [2025-05-04T22:49:53.304+0000] {dag.py:3033} INFO - Sync 2 DAGs
[2025-05-04T22:49:53.307+0000] {logging_mixin.py:188} INFO - [2025-05-04T22:49:53.307+0000] {dag.py:3820} INFO - Setting next_dagrun for example_subdag_operator.section-1 to None, run_after=None
[2025-05-04T22:49:53.307+0000] {logging_mixin.py:188} INFO - [2025-05-04T22:49:53.307+0000] {dag.py:3820} INFO - Setting next_dagrun for example_subdag_operator.section-2 to None, run_after=None
[2025-05-04T22:49:53.312+0000] {processor.py:183} INFO - Processing /home/airflow/.local/lib/python3.8/site-packages/airflow/example_dags/example_subdag_operator.py took 0.063 seconds
[2025-05-04T22:50:23.877+0000] {processor.py:161} INFO - Started process (PID=322) to work on /home/airflow/.local/lib/python3.8/site-packages/airflow/example_dags/example_subdag_operator.py
[2025-05-04T22:50:23.882+0000] {processor.py:830} INFO - Processing file /home/airflow/.local/lib/python3.8/site-packages/airflow/example_dags/example_subdag_operator.py for tasks to queue
[2025-05-04T22:50:23.886+0000] {logging_mixin.py:188} INFO - [2025-05-04T22:50:23.884+0000] {dagbag.py:538} INFO - Filling up the DagBag from /home/airflow/.local/lib/python3.8/site-packages/airflow/example_dags/example_subdag_operator.py
[2025-05-04T22:50:23.911+0000] {processor.py:840} INFO - DAG(s) 'example_subdag_operator.section-1', 'example_subdag_operator.section-2', 'example_subdag_operator' retrieved from /home/airflow/.local/lib/python3.8/site-packages/airflow/example_dags/example_subdag_operator.py
[2025-05-04T22:50:23.922+0000] {logging_mixin.py:188} INFO - [2025-05-04T22:50:23.921+0000] {dag.py:3033} INFO - Sync 3 DAGs
[2025-05-04T22:50:23.935+0000] {logging_mixin.py:188} INFO - [2025-05-04T22:50:23.935+0000] {dag.py:3820} INFO - Setting next_dagrun for example_subdag_operator to 2022-01-01T00:00:00+00:00, run_after=2022-01-01T00:00:00+00:00
[2025-05-04T22:50:23.937+0000] {logging_mixin.py:188} INFO - [2025-05-04T22:50:23.937+0000] {dag.py:3820} INFO - Setting next_dagrun for example_subdag_operator.section-1 to None, run_after=None
[2025-05-04T22:50:23.941+0000] {logging_mixin.py:188} INFO - [2025-05-04T22:50:23.941+0000] {dag.py:3820} INFO - Setting next_dagrun for example_subdag_operator.section-2 to None, run_after=None
[2025-05-04T22:50:23.944+0000] {logging_mixin.py:188} INFO - [2025-05-04T22:50:23.944+0000] {dag.py:3033} INFO - Sync 2 DAGs
[2025-05-04T22:50:23.947+0000] {logging_mixin.py:188} INFO - [2025-05-04T22:50:23.947+0000] {dag.py:3820} INFO - Setting next_dagrun for example_subdag_operator.section-1 to None, run_after=None
[2025-05-04T22:50:23.947+0000] {logging_mixin.py:188} INFO - [2025-05-04T22:50:23.947+0000] {dag.py:3820} INFO - Setting next_dagrun for example_subdag_operator.section-2 to None, run_after=None
[2025-05-04T22:50:23.952+0000] {processor.py:183} INFO - Processing /home/airflow/.local/lib/python3.8/site-packages/airflow/example_dags/example_subdag_operator.py took 0.083 seconds
[2025-05-04T22:50:57.445+0000] {processor.py:161} INFO - Started process (PID=36) to work on /home/airflow/.local/lib/python3.8/site-packages/airflow/example_dags/example_subdag_operator.py
[2025-05-04T22:50:57.445+0000] {processor.py:830} INFO - Processing file /home/airflow/.local/lib/python3.8/site-packages/airflow/example_dags/example_subdag_operator.py for tasks to queue
[2025-05-04T22:50:57.447+0000] {logging_mixin.py:188} INFO - [2025-05-04T22:50:57.447+0000] {dagbag.py:538} INFO - Filling up the DagBag from /home/airflow/.local/lib/python3.8/site-packages/airflow/example_dags/example_subdag_operator.py
[2025-05-04T22:50:57.464+0000] {processor.py:840} INFO - DAG(s) 'example_subdag_operator.section-1', 'example_subdag_operator.section-2', 'example_subdag_operator' retrieved from /home/airflow/.local/lib/python3.8/site-packages/airflow/example_dags/example_subdag_operator.py
[2025-05-04T22:50:57.468+0000] {logging_mixin.py:188} INFO - [2025-05-04T22:50:57.468+0000] {dag.py:3033} INFO - Sync 3 DAGs
[2025-05-04T22:50:57.488+0000] {logging_mixin.py:188} INFO - [2025-05-04T22:50:57.487+0000] {dag.py:3820} INFO - Setting next_dagrun for example_subdag_operator to 2022-01-01T00:00:00+00:00, run_after=2022-01-01T00:00:00+00:00
[2025-05-04T22:50:57.491+0000] {logging_mixin.py:188} INFO - [2025-05-04T22:50:57.491+0000] {dag.py:3820} INFO - Setting next_dagrun for example_subdag_operator.section-1 to None, run_after=None
[2025-05-04T22:50:57.494+0000] {logging_mixin.py:188} INFO - [2025-05-04T22:50:57.494+0000] {dag.py:3820} INFO - Setting next_dagrun for example_subdag_operator.section-2 to None, run_after=None
[2025-05-04T22:50:57.501+0000] {logging_mixin.py:188} INFO - [2025-05-04T22:50:57.501+0000] {dag.py:3033} INFO - Sync 2 DAGs
[2025-05-04T22:50:57.506+0000] {logging_mixin.py:188} INFO - [2025-05-04T22:50:57.506+0000] {dag.py:3820} INFO - Setting next_dagrun for example_subdag_operator.section-1 to None, run_after=None
[2025-05-04T22:50:57.506+0000] {logging_mixin.py:188} INFO - [2025-05-04T22:50:57.506+0000] {dag.py:3820} INFO - Setting next_dagrun for example_subdag_operator.section-2 to None, run_after=None
[2025-05-04T22:50:57.517+0000] {processor.py:183} INFO - Processing /home/airflow/.local/lib/python3.8/site-packages/airflow/example_dags/example_subdag_operator.py took 0.074 seconds
[2025-05-04T22:51:27.846+0000] {processor.py:161} INFO - Started process (PID=98) to work on /home/airflow/.local/lib/python3.8/site-packages/airflow/example_dags/example_subdag_operator.py
[2025-05-04T22:51:27.848+0000] {processor.py:830} INFO - Processing file /home/airflow/.local/lib/python3.8/site-packages/airflow/example_dags/example_subdag_operator.py for tasks to queue
[2025-05-04T22:51:27.849+0000] {logging_mixin.py:188} INFO - [2025-05-04T22:51:27.849+0000] {dagbag.py:538} INFO - Filling up the DagBag from /home/airflow/.local/lib/python3.8/site-packages/airflow/example_dags/example_subdag_operator.py
[2025-05-04T22:51:27.862+0000] {processor.py:840} INFO - DAG(s) 'example_subdag_operator.section-1', 'example_subdag_operator.section-2', 'example_subdag_operator' retrieved from /home/airflow/.local/lib/python3.8/site-packages/airflow/example_dags/example_subdag_operator.py
[2025-05-04T22:51:27.903+0000] {logging_mixin.py:188} INFO - [2025-05-04T22:51:27.903+0000] {dag.py:3033} INFO - Sync 3 DAGs
[2025-05-04T22:51:27.915+0000] {logging_mixin.py:188} INFO - [2025-05-04T22:51:27.915+0000] {dag.py:3820} INFO - Setting next_dagrun for example_subdag_operator to 2022-01-01T00:00:00+00:00, run_after=2022-01-01T00:00:00+00:00
[2025-05-04T22:51:27.916+0000] {logging_mixin.py:188} INFO - [2025-05-04T22:51:27.916+0000] {dag.py:3820} INFO - Setting next_dagrun for example_subdag_operator.section-1 to None, run_after=None
[2025-05-04T22:51:27.917+0000] {logging_mixin.py:188} INFO - [2025-05-04T22:51:27.917+0000] {dag.py:3820} INFO - Setting next_dagrun for example_subdag_operator.section-2 to None, run_after=None
[2025-05-04T22:51:27.920+0000] {logging_mixin.py:188} INFO - [2025-05-04T22:51:27.920+0000] {dag.py:3033} INFO - Sync 2 DAGs
[2025-05-04T22:51:27.922+0000] {logging_mixin.py:188} INFO - [2025-05-04T22:51:27.922+0000] {dag.py:3820} INFO - Setting next_dagrun for example_subdag_operator.section-1 to None, run_after=None
[2025-05-04T22:51:27.922+0000] {logging_mixin.py:188} INFO - [2025-05-04T22:51:27.922+0000] {dag.py:3820} INFO - Setting next_dagrun for example_subdag_operator.section-2 to None, run_after=None
[2025-05-04T22:51:27.926+0000] {processor.py:183} INFO - Processing /home/airflow/.local/lib/python3.8/site-packages/airflow/example_dags/example_subdag_operator.py took 0.081 seconds
[2025-05-04T22:51:58.281+0000] {processor.py:161} INFO - Started process (PID=154) to work on /home/airflow/.local/lib/python3.8/site-packages/airflow/example_dags/example_subdag_operator.py
[2025-05-04T22:51:58.281+0000] {processor.py:830} INFO - Processing file /home/airflow/.local/lib/python3.8/site-packages/airflow/example_dags/example_subdag_operator.py for tasks to queue
[2025-05-04T22:51:58.282+0000] {logging_mixin.py:188} INFO - [2025-05-04T22:51:58.282+0000] {dagbag.py:538} INFO - Filling up the DagBag from /home/airflow/.local/lib/python3.8/site-packages/airflow/example_dags/example_subdag_operator.py
[2025-05-04T22:51:58.293+0000] {processor.py:840} INFO - DAG(s) 'example_subdag_operator.section-1', 'example_subdag_operator.section-2', 'example_subdag_operator' retrieved from /home/airflow/.local/lib/python3.8/site-packages/airflow/example_dags/example_subdag_operator.py
[2025-05-04T22:51:58.299+0000] {logging_mixin.py:188} INFO - [2025-05-04T22:51:58.299+0000] {dag.py:3033} INFO - Sync 3 DAGs
[2025-05-04T22:51:58.306+0000] {logging_mixin.py:188} INFO - [2025-05-04T22:51:58.306+0000] {dag.py:3820} INFO - Setting next_dagrun for example_subdag_operator to 2022-01-01T00:00:00+00:00, run_after=2022-01-01T00:00:00+00:00
[2025-05-04T22:51:58.308+0000] {logging_mixin.py:188} INFO - [2025-05-04T22:51:58.308+0000] {dag.py:3820} INFO - Setting next_dagrun for example_subdag_operator.section-1 to None, run_after=None
[2025-05-04T22:51:58.308+0000] {logging_mixin.py:188} INFO - [2025-05-04T22:51:58.308+0000] {dag.py:3820} INFO - Setting next_dagrun for example_subdag_operator.section-2 to None, run_after=None
[2025-05-04T22:51:58.310+0000] {logging_mixin.py:188} INFO - [2025-05-04T22:51:58.310+0000] {dag.py:3033} INFO - Sync 2 DAGs
[2025-05-04T22:51:58.312+0000] {logging_mixin.py:188} INFO - [2025-05-04T22:51:58.312+0000] {dag.py:3820} INFO - Setting next_dagrun for example_subdag_operator.section-1 to None, run_after=None
[2025-05-04T22:51:58.312+0000] {logging_mixin.py:188} INFO - [2025-05-04T22:51:58.312+0000] {dag.py:3820} INFO - Setting next_dagrun for example_subdag_operator.section-2 to None, run_after=None
[2025-05-04T22:51:58.316+0000] {processor.py:183} INFO - Processing /home/airflow/.local/lib/python3.8/site-packages/airflow/example_dags/example_subdag_operator.py took 0.037 seconds
[2025-05-04T22:52:29.063+0000] {processor.py:161} INFO - Started process (PID=210) to work on /home/airflow/.local/lib/python3.8/site-packages/airflow/example_dags/example_subdag_operator.py
[2025-05-04T22:52:29.063+0000] {processor.py:830} INFO - Processing file /home/airflow/.local/lib/python3.8/site-packages/airflow/example_dags/example_subdag_operator.py for tasks to queue
[2025-05-04T22:52:29.064+0000] {logging_mixin.py:188} INFO - [2025-05-04T22:52:29.064+0000] {dagbag.py:538} INFO - Filling up the DagBag from /home/airflow/.local/lib/python3.8/site-packages/airflow/example_dags/example_subdag_operator.py
[2025-05-04T22:52:29.076+0000] {processor.py:840} INFO - DAG(s) 'example_subdag_operator.section-1', 'example_subdag_operator.section-2', 'example_subdag_operator' retrieved from /home/airflow/.local/lib/python3.8/site-packages/airflow/example_dags/example_subdag_operator.py
[2025-05-04T22:52:29.082+0000] {logging_mixin.py:188} INFO - [2025-05-04T22:52:29.082+0000] {dag.py:3033} INFO - Sync 3 DAGs
[2025-05-04T22:52:29.091+0000] {logging_mixin.py:188} INFO - [2025-05-04T22:52:29.091+0000] {dag.py:3820} INFO - Setting next_dagrun for example_subdag_operator to 2022-01-01T00:00:00+00:00, run_after=2022-01-01T00:00:00+00:00
[2025-05-04T22:52:29.092+0000] {logging_mixin.py:188} INFO - [2025-05-04T22:52:29.092+0000] {dag.py:3820} INFO - Setting next_dagrun for example_subdag_operator.section-1 to None, run_after=None
[2025-05-04T22:52:29.093+0000] {logging_mixin.py:188} INFO - [2025-05-04T22:52:29.093+0000] {dag.py:3820} INFO - Setting next_dagrun for example_subdag_operator.section-2 to None, run_after=None
[2025-05-04T22:52:29.095+0000] {logging_mixin.py:188} INFO - [2025-05-04T22:52:29.095+0000] {dag.py:3033} INFO - Sync 2 DAGs
[2025-05-04T22:52:29.097+0000] {logging_mixin.py:188} INFO - [2025-05-04T22:52:29.097+0000] {dag.py:3820} INFO - Setting next_dagrun for example_subdag_operator.section-1 to None, run_after=None
[2025-05-04T22:52:29.097+0000] {logging_mixin.py:188} INFO - [2025-05-04T22:52:29.097+0000] {dag.py:3820} INFO - Setting next_dagrun for example_subdag_operator.section-2 to None, run_after=None
[2025-05-04T22:52:29.101+0000] {processor.py:183} INFO - Processing /home/airflow/.local/lib/python3.8/site-packages/airflow/example_dags/example_subdag_operator.py took 0.041 seconds
[2025-05-04T22:52:59.708+0000] {processor.py:161} INFO - Started process (PID=266) to work on /home/airflow/.local/lib/python3.8/site-packages/airflow/example_dags/example_subdag_operator.py
[2025-05-04T22:52:59.709+0000] {processor.py:830} INFO - Processing file /home/airflow/.local/lib/python3.8/site-packages/airflow/example_dags/example_subdag_operator.py for tasks to queue
[2025-05-04T22:52:59.710+0000] {logging_mixin.py:188} INFO - [2025-05-04T22:52:59.710+0000] {dagbag.py:538} INFO - Filling up the DagBag from /home/airflow/.local/lib/python3.8/site-packages/airflow/example_dags/example_subdag_operator.py
[2025-05-04T22:52:59.720+0000] {processor.py:840} INFO - DAG(s) 'example_subdag_operator.section-1', 'example_subdag_operator.section-2', 'example_subdag_operator' retrieved from /home/airflow/.local/lib/python3.8/site-packages/airflow/example_dags/example_subdag_operator.py
[2025-05-04T22:52:59.726+0000] {logging_mixin.py:188} INFO - [2025-05-04T22:52:59.726+0000] {dag.py:3033} INFO - Sync 3 DAGs
[2025-05-04T22:52:59.733+0000] {logging_mixin.py:188} INFO - [2025-05-04T22:52:59.733+0000] {dag.py:3820} INFO - Setting next_dagrun for example_subdag_operator to 2022-01-01T00:00:00+00:00, run_after=2022-01-01T00:00:00+00:00
[2025-05-04T22:52:59.735+0000] {logging_mixin.py:188} INFO - [2025-05-04T22:52:59.735+0000] {dag.py:3820} INFO - Setting next_dagrun for example_subdag_operator.section-1 to None, run_after=None
[2025-05-04T22:52:59.735+0000] {logging_mixin.py:188} INFO - [2025-05-04T22:52:59.735+0000] {dag.py:3820} INFO - Setting next_dagrun for example_subdag_operator.section-2 to None, run_after=None
[2025-05-04T22:52:59.737+0000] {logging_mixin.py:188} INFO - [2025-05-04T22:52:59.737+0000] {dag.py:3033} INFO - Sync 2 DAGs
[2025-05-04T22:52:59.739+0000] {logging_mixin.py:188} INFO - [2025-05-04T22:52:59.739+0000] {dag.py:3820} INFO - Setting next_dagrun for example_subdag_operator.section-1 to None, run_after=None
[2025-05-04T22:52:59.739+0000] {logging_mixin.py:188} INFO - [2025-05-04T22:52:59.739+0000] {dag.py:3820} INFO - Setting next_dagrun for example_subdag_operator.section-2 to None, run_after=None
[2025-05-04T22:52:59.742+0000] {processor.py:183} INFO - Processing /home/airflow/.local/lib/python3.8/site-packages/airflow/example_dags/example_subdag_operator.py took 0.036 seconds
[2025-05-04T22:57:59.811+0000] {processor.py:161} INFO - Started process (PID=42) to work on /home/airflow/.local/lib/python3.8/site-packages/airflow/example_dags/example_subdag_operator.py
[2025-05-04T22:57:59.814+0000] {processor.py:830} INFO - Processing file /home/airflow/.local/lib/python3.8/site-packages/airflow/example_dags/example_subdag_operator.py for tasks to queue
[2025-05-04T22:57:59.816+0000] {logging_mixin.py:188} INFO - [2025-05-04T22:57:59.815+0000] {dagbag.py:538} INFO - Filling up the DagBag from /home/airflow/.local/lib/python3.8/site-packages/airflow/example_dags/example_subdag_operator.py
[2025-05-04T22:57:59.835+0000] {processor.py:840} INFO - DAG(s) 'example_subdag_operator.section-1', 'example_subdag_operator.section-2', 'example_subdag_operator' retrieved from /home/airflow/.local/lib/python3.8/site-packages/airflow/example_dags/example_subdag_operator.py
[2025-05-04T22:57:59.838+0000] {logging_mixin.py:188} INFO - [2025-05-04T22:57:59.838+0000] {dag.py:3033} INFO - Sync 3 DAGs
[2025-05-04T22:57:59.860+0000] {logging_mixin.py:188} INFO - [2025-05-04T22:57:59.857+0000] {dag.py:3820} INFO - Setting next_dagrun for example_subdag_operator to 2022-01-01T00:00:00+00:00, run_after=2022-01-01T00:00:00+00:00
[2025-05-04T22:57:59.865+0000] {logging_mixin.py:188} INFO - [2025-05-04T22:57:59.865+0000] {dag.py:3820} INFO - Setting next_dagrun for example_subdag_operator.section-1 to None, run_after=None
[2025-05-04T22:57:59.869+0000] {logging_mixin.py:188} INFO - [2025-05-04T22:57:59.869+0000] {dag.py:3820} INFO - Setting next_dagrun for example_subdag_operator.section-2 to None, run_after=None
[2025-05-04T22:57:59.879+0000] {logging_mixin.py:188} INFO - [2025-05-04T22:57:59.879+0000] {dag.py:3033} INFO - Sync 2 DAGs
[2025-05-04T22:57:59.892+0000] {logging_mixin.py:188} INFO - [2025-05-04T22:57:59.890+0000] {dag.py:3820} INFO - Setting next_dagrun for example_subdag_operator.section-1 to None, run_after=None
[2025-05-04T22:57:59.894+0000] {logging_mixin.py:188} INFO - [2025-05-04T22:57:59.894+0000] {dag.py:3820} INFO - Setting next_dagrun for example_subdag_operator.section-2 to None, run_after=None
[2025-05-04T22:57:59.912+0000] {processor.py:183} INFO - Processing /home/airflow/.local/lib/python3.8/site-packages/airflow/example_dags/example_subdag_operator.py took 0.108 seconds
[2025-05-04T22:58:30.365+0000] {processor.py:161} INFO - Started process (PID=98) to work on /home/airflow/.local/lib/python3.8/site-packages/airflow/example_dags/example_subdag_operator.py
[2025-05-04T22:58:30.366+0000] {processor.py:830} INFO - Processing file /home/airflow/.local/lib/python3.8/site-packages/airflow/example_dags/example_subdag_operator.py for tasks to queue
[2025-05-04T22:58:30.368+0000] {logging_mixin.py:188} INFO - [2025-05-04T22:58:30.367+0000] {dagbag.py:538} INFO - Filling up the DagBag from /home/airflow/.local/lib/python3.8/site-packages/airflow/example_dags/example_subdag_operator.py
[2025-05-04T22:58:30.380+0000] {processor.py:840} INFO - DAG(s) 'example_subdag_operator.section-1', 'example_subdag_operator.section-2', 'example_subdag_operator' retrieved from /home/airflow/.local/lib/python3.8/site-packages/airflow/example_dags/example_subdag_operator.py
[2025-05-04T22:58:30.425+0000] {logging_mixin.py:188} INFO - [2025-05-04T22:58:30.425+0000] {dag.py:3033} INFO - Sync 3 DAGs
[2025-05-04T22:58:30.442+0000] {logging_mixin.py:188} INFO - [2025-05-04T22:58:30.442+0000] {dag.py:3820} INFO - Setting next_dagrun for example_subdag_operator to 2022-01-01T00:00:00+00:00, run_after=2022-01-01T00:00:00+00:00
[2025-05-04T22:58:30.443+0000] {logging_mixin.py:188} INFO - [2025-05-04T22:58:30.443+0000] {dag.py:3820} INFO - Setting next_dagrun for example_subdag_operator.section-1 to None, run_after=None
[2025-05-04T22:58:30.443+0000] {logging_mixin.py:188} INFO - [2025-05-04T22:58:30.443+0000] {dag.py:3820} INFO - Setting next_dagrun for example_subdag_operator.section-2 to None, run_after=None
[2025-05-04T22:58:30.448+0000] {logging_mixin.py:188} INFO - [2025-05-04T22:58:30.448+0000] {dag.py:3033} INFO - Sync 2 DAGs
[2025-05-04T22:58:30.451+0000] {logging_mixin.py:188} INFO - [2025-05-04T22:58:30.450+0000] {dag.py:3820} INFO - Setting next_dagrun for example_subdag_operator.section-1 to None, run_after=None
[2025-05-04T22:58:30.451+0000] {logging_mixin.py:188} INFO - [2025-05-04T22:58:30.451+0000] {dag.py:3820} INFO - Setting next_dagrun for example_subdag_operator.section-2 to None, run_after=None
[2025-05-04T22:58:30.455+0000] {processor.py:183} INFO - Processing /home/airflow/.local/lib/python3.8/site-packages/airflow/example_dags/example_subdag_operator.py took 0.092 seconds
[2025-05-04T22:59:00.852+0000] {processor.py:161} INFO - Started process (PID=154) to work on /home/airflow/.local/lib/python3.8/site-packages/airflow/example_dags/example_subdag_operator.py
[2025-05-04T22:59:00.853+0000] {processor.py:830} INFO - Processing file /home/airflow/.local/lib/python3.8/site-packages/airflow/example_dags/example_subdag_operator.py for tasks to queue
[2025-05-04T22:59:00.854+0000] {logging_mixin.py:188} INFO - [2025-05-04T22:59:00.854+0000] {dagbag.py:538} INFO - Filling up the DagBag from /home/airflow/.local/lib/python3.8/site-packages/airflow/example_dags/example_subdag_operator.py
[2025-05-04T22:59:00.871+0000] {processor.py:840} INFO - DAG(s) 'example_subdag_operator.section-1', 'example_subdag_operator.section-2', 'example_subdag_operator' retrieved from /home/airflow/.local/lib/python3.8/site-packages/airflow/example_dags/example_subdag_operator.py
[2025-05-04T22:59:00.881+0000] {logging_mixin.py:188} INFO - [2025-05-04T22:59:00.881+0000] {dag.py:3033} INFO - Sync 3 DAGs
[2025-05-04T22:59:00.891+0000] {logging_mixin.py:188} INFO - [2025-05-04T22:59:00.891+0000] {dag.py:3820} INFO - Setting next_dagrun for example_subdag_operator to 2022-01-01T00:00:00+00:00, run_after=2022-01-01T00:00:00+00:00
[2025-05-04T22:59:00.895+0000] {logging_mixin.py:188} INFO - [2025-05-04T22:59:00.895+0000] {dag.py:3820} INFO - Setting next_dagrun for example_subdag_operator.section-1 to None, run_after=None
[2025-05-04T22:59:00.896+0000] {logging_mixin.py:188} INFO - [2025-05-04T22:59:00.896+0000] {dag.py:3820} INFO - Setting next_dagrun for example_subdag_operator.section-2 to None, run_after=None
[2025-05-04T22:59:00.900+0000] {logging_mixin.py:188} INFO - [2025-05-04T22:59:00.900+0000] {dag.py:3033} INFO - Sync 2 DAGs
[2025-05-04T22:59:00.903+0000] {logging_mixin.py:188} INFO - [2025-05-04T22:59:00.902+0000] {dag.py:3820} INFO - Setting next_dagrun for example_subdag_operator.section-1 to None, run_after=None
[2025-05-04T22:59:00.903+0000] {logging_mixin.py:188} INFO - [2025-05-04T22:59:00.903+0000] {dag.py:3820} INFO - Setting next_dagrun for example_subdag_operator.section-2 to None, run_after=None
[2025-05-04T22:59:00.909+0000] {processor.py:183} INFO - Processing /home/airflow/.local/lib/python3.8/site-packages/airflow/example_dags/example_subdag_operator.py took 0.058 seconds
[2025-05-04T22:59:31.681+0000] {processor.py:161} INFO - Started process (PID=210) to work on /home/airflow/.local/lib/python3.8/site-packages/airflow/example_dags/example_subdag_operator.py
[2025-05-04T22:59:31.682+0000] {processor.py:830} INFO - Processing file /home/airflow/.local/lib/python3.8/site-packages/airflow/example_dags/example_subdag_operator.py for tasks to queue
[2025-05-04T22:59:31.684+0000] {logging_mixin.py:188} INFO - [2025-05-04T22:59:31.684+0000] {dagbag.py:538} INFO - Filling up the DagBag from /home/airflow/.local/lib/python3.8/site-packages/airflow/example_dags/example_subdag_operator.py
[2025-05-04T22:59:31.696+0000] {processor.py:840} INFO - DAG(s) 'example_subdag_operator.section-1', 'example_subdag_operator.section-2', 'example_subdag_operator' retrieved from /home/airflow/.local/lib/python3.8/site-packages/airflow/example_dags/example_subdag_operator.py
[2025-05-04T22:59:31.703+0000] {logging_mixin.py:188} INFO - [2025-05-04T22:59:31.703+0000] {dag.py:3033} INFO - Sync 3 DAGs
[2025-05-04T22:59:31.712+0000] {logging_mixin.py:188} INFO - [2025-05-04T22:59:31.712+0000] {dag.py:3820} INFO - Setting next_dagrun for example_subdag_operator to 2022-01-01T00:00:00+00:00, run_after=2022-01-01T00:00:00+00:00
[2025-05-04T22:59:31.713+0000] {logging_mixin.py:188} INFO - [2025-05-04T22:59:31.713+0000] {dag.py:3820} INFO - Setting next_dagrun for example_subdag_operator.section-1 to None, run_after=None
[2025-05-04T22:59:31.714+0000] {logging_mixin.py:188} INFO - [2025-05-04T22:59:31.714+0000] {dag.py:3820} INFO - Setting next_dagrun for example_subdag_operator.section-2 to None, run_after=None
[2025-05-04T22:59:31.716+0000] {logging_mixin.py:188} INFO - [2025-05-04T22:59:31.716+0000] {dag.py:3033} INFO - Sync 2 DAGs
[2025-05-04T22:59:31.718+0000] {logging_mixin.py:188} INFO - [2025-05-04T22:59:31.718+0000] {dag.py:3820} INFO - Setting next_dagrun for example_subdag_operator.section-1 to None, run_after=None
[2025-05-04T22:59:31.718+0000] {logging_mixin.py:188} INFO - [2025-05-04T22:59:31.718+0000] {dag.py:3820} INFO - Setting next_dagrun for example_subdag_operator.section-2 to None, run_after=None
[2025-05-04T22:59:31.722+0000] {processor.py:183} INFO - Processing /home/airflow/.local/lib/python3.8/site-packages/airflow/example_dags/example_subdag_operator.py took 0.044 seconds
[2025-05-04T23:00:02.491+0000] {processor.py:161} INFO - Started process (PID=266) to work on /home/airflow/.local/lib/python3.8/site-packages/airflow/example_dags/example_subdag_operator.py
[2025-05-04T23:00:02.492+0000] {processor.py:830} INFO - Processing file /home/airflow/.local/lib/python3.8/site-packages/airflow/example_dags/example_subdag_operator.py for tasks to queue
[2025-05-04T23:00:02.493+0000] {logging_mixin.py:188} INFO - [2025-05-04T23:00:02.493+0000] {dagbag.py:538} INFO - Filling up the DagBag from /home/airflow/.local/lib/python3.8/site-packages/airflow/example_dags/example_subdag_operator.py
[2025-05-04T23:00:02.508+0000] {processor.py:840} INFO - DAG(s) 'example_subdag_operator.section-1', 'example_subdag_operator.section-2', 'example_subdag_operator' retrieved from /home/airflow/.local/lib/python3.8/site-packages/airflow/example_dags/example_subdag_operator.py
[2025-05-04T23:00:02.519+0000] {logging_mixin.py:188} INFO - [2025-05-04T23:00:02.519+0000] {dag.py:3033} INFO - Sync 3 DAGs
[2025-05-04T23:00:02.532+0000] {logging_mixin.py:188} INFO - [2025-05-04T23:00:02.532+0000] {dag.py:3820} INFO - Setting next_dagrun for example_subdag_operator to 2022-01-01T00:00:00+00:00, run_after=2022-01-01T00:00:00+00:00
[2025-05-04T23:00:02.535+0000] {logging_mixin.py:188} INFO - [2025-05-04T23:00:02.534+0000] {dag.py:3820} INFO - Setting next_dagrun for example_subdag_operator.section-1 to None, run_after=None
[2025-05-04T23:00:02.535+0000] {logging_mixin.py:188} INFO - [2025-05-04T23:00:02.535+0000] {dag.py:3820} INFO - Setting next_dagrun for example_subdag_operator.section-2 to None, run_after=None
[2025-05-04T23:00:02.538+0000] {logging_mixin.py:188} INFO - [2025-05-04T23:00:02.538+0000] {dag.py:3033} INFO - Sync 2 DAGs
[2025-05-04T23:00:02.541+0000] {logging_mixin.py:188} INFO - [2025-05-04T23:00:02.541+0000] {dag.py:3820} INFO - Setting next_dagrun for example_subdag_operator.section-1 to None, run_after=None
[2025-05-04T23:00:02.541+0000] {logging_mixin.py:188} INFO - [2025-05-04T23:00:02.541+0000] {dag.py:3820} INFO - Setting next_dagrun for example_subdag_operator.section-2 to None, run_after=None
[2025-05-04T23:00:02.550+0000] {processor.py:183} INFO - Processing /home/airflow/.local/lib/python3.8/site-packages/airflow/example_dags/example_subdag_operator.py took 0.061 seconds
[2025-05-04T23:00:33.171+0000] {processor.py:161} INFO - Started process (PID=322) to work on /home/airflow/.local/lib/python3.8/site-packages/airflow/example_dags/example_subdag_operator.py
[2025-05-04T23:00:33.172+0000] {processor.py:830} INFO - Processing file /home/airflow/.local/lib/python3.8/site-packages/airflow/example_dags/example_subdag_operator.py for tasks to queue
[2025-05-04T23:00:33.173+0000] {logging_mixin.py:188} INFO - [2025-05-04T23:00:33.173+0000] {dagbag.py:538} INFO - Filling up the DagBag from /home/airflow/.local/lib/python3.8/site-packages/airflow/example_dags/example_subdag_operator.py
[2025-05-04T23:00:33.191+0000] {processor.py:840} INFO - DAG(s) 'example_subdag_operator.section-1', 'example_subdag_operator.section-2', 'example_subdag_operator' retrieved from /home/airflow/.local/lib/python3.8/site-packages/airflow/example_dags/example_subdag_operator.py
[2025-05-04T23:00:33.198+0000] {logging_mixin.py:188} INFO - [2025-05-04T23:00:33.198+0000] {dag.py:3033} INFO - Sync 3 DAGs
[2025-05-04T23:00:33.209+0000] {logging_mixin.py:188} INFO - [2025-05-04T23:00:33.209+0000] {dag.py:3820} INFO - Setting next_dagrun for example_subdag_operator to 2022-01-01T00:00:00+00:00, run_after=2022-01-01T00:00:00+00:00
[2025-05-04T23:00:33.212+0000] {logging_mixin.py:188} INFO - [2025-05-04T23:00:33.212+0000] {dag.py:3820} INFO - Setting next_dagrun for example_subdag_operator.section-1 to None, run_after=None
[2025-05-04T23:00:33.213+0000] {logging_mixin.py:188} INFO - [2025-05-04T23:00:33.213+0000] {dag.py:3820} INFO - Setting next_dagrun for example_subdag_operator.section-2 to None, run_after=None
[2025-05-04T23:00:33.217+0000] {logging_mixin.py:188} INFO - [2025-05-04T23:00:33.217+0000] {dag.py:3033} INFO - Sync 2 DAGs
[2025-05-04T23:00:33.221+0000] {logging_mixin.py:188} INFO - [2025-05-04T23:00:33.221+0000] {dag.py:3820} INFO - Setting next_dagrun for example_subdag_operator.section-1 to None, run_after=None
[2025-05-04T23:00:33.221+0000] {logging_mixin.py:188} INFO - [2025-05-04T23:00:33.221+0000] {dag.py:3820} INFO - Setting next_dagrun for example_subdag_operator.section-2 to None, run_after=None
[2025-05-04T23:00:33.227+0000] {processor.py:183} INFO - Processing /home/airflow/.local/lib/python3.8/site-packages/airflow/example_dags/example_subdag_operator.py took 0.059 seconds
[2025-05-04T23:01:03.905+0000] {processor.py:161} INFO - Started process (PID=384) to work on /home/airflow/.local/lib/python3.8/site-packages/airflow/example_dags/example_subdag_operator.py
[2025-05-04T23:01:03.905+0000] {processor.py:830} INFO - Processing file /home/airflow/.local/lib/python3.8/site-packages/airflow/example_dags/example_subdag_operator.py for tasks to queue
[2025-05-04T23:01:03.906+0000] {logging_mixin.py:188} INFO - [2025-05-04T23:01:03.906+0000] {dagbag.py:538} INFO - Filling up the DagBag from /home/airflow/.local/lib/python3.8/site-packages/airflow/example_dags/example_subdag_operator.py
[2025-05-04T23:01:03.917+0000] {processor.py:840} INFO - DAG(s) 'example_subdag_operator.section-1', 'example_subdag_operator.section-2', 'example_subdag_operator' retrieved from /home/airflow/.local/lib/python3.8/site-packages/airflow/example_dags/example_subdag_operator.py
[2025-05-04T23:01:03.923+0000] {logging_mixin.py:188} INFO - [2025-05-04T23:01:03.923+0000] {dag.py:3033} INFO - Sync 3 DAGs
[2025-05-04T23:01:03.931+0000] {logging_mixin.py:188} INFO - [2025-05-04T23:01:03.931+0000] {dag.py:3820} INFO - Setting next_dagrun for example_subdag_operator to 2022-01-01T00:00:00+00:00, run_after=2022-01-01T00:00:00+00:00
[2025-05-04T23:01:03.932+0000] {logging_mixin.py:188} INFO - [2025-05-04T23:01:03.932+0000] {dag.py:3820} INFO - Setting next_dagrun for example_subdag_operator.section-1 to None, run_after=None
[2025-05-04T23:01:03.933+0000] {logging_mixin.py:188} INFO - [2025-05-04T23:01:03.933+0000] {dag.py:3820} INFO - Setting next_dagrun for example_subdag_operator.section-2 to None, run_after=None
[2025-05-04T23:01:03.935+0000] {logging_mixin.py:188} INFO - [2025-05-04T23:01:03.935+0000] {dag.py:3033} INFO - Sync 2 DAGs
[2025-05-04T23:01:03.937+0000] {logging_mixin.py:188} INFO - [2025-05-04T23:01:03.937+0000] {dag.py:3820} INFO - Setting next_dagrun for example_subdag_operator.section-1 to None, run_after=None
[2025-05-04T23:01:03.938+0000] {logging_mixin.py:188} INFO - [2025-05-04T23:01:03.938+0000] {dag.py:3820} INFO - Setting next_dagrun for example_subdag_operator.section-2 to None, run_after=None
[2025-05-04T23:01:03.941+0000] {processor.py:183} INFO - Processing /home/airflow/.local/lib/python3.8/site-packages/airflow/example_dags/example_subdag_operator.py took 0.038 seconds
[2025-05-04T23:01:34.511+0000] {processor.py:161} INFO - Started process (PID=440) to work on /home/airflow/.local/lib/python3.8/site-packages/airflow/example_dags/example_subdag_operator.py
[2025-05-04T23:01:34.512+0000] {processor.py:830} INFO - Processing file /home/airflow/.local/lib/python3.8/site-packages/airflow/example_dags/example_subdag_operator.py for tasks to queue
[2025-05-04T23:01:34.512+0000] {logging_mixin.py:188} INFO - [2025-05-04T23:01:34.512+0000] {dagbag.py:538} INFO - Filling up the DagBag from /home/airflow/.local/lib/python3.8/site-packages/airflow/example_dags/example_subdag_operator.py
[2025-05-04T23:01:34.523+0000] {processor.py:840} INFO - DAG(s) 'example_subdag_operator.section-1', 'example_subdag_operator.section-2', 'example_subdag_operator' retrieved from /home/airflow/.local/lib/python3.8/site-packages/airflow/example_dags/example_subdag_operator.py
[2025-05-04T23:01:34.529+0000] {logging_mixin.py:188} INFO - [2025-05-04T23:01:34.529+0000] {dag.py:3033} INFO - Sync 3 DAGs
[2025-05-04T23:01:34.537+0000] {logging_mixin.py:188} INFO - [2025-05-04T23:01:34.537+0000] {dag.py:3820} INFO - Setting next_dagrun for example_subdag_operator to 2022-01-01T00:00:00+00:00, run_after=2022-01-01T00:00:00+00:00
[2025-05-04T23:01:34.538+0000] {logging_mixin.py:188} INFO - [2025-05-04T23:01:34.538+0000] {dag.py:3820} INFO - Setting next_dagrun for example_subdag_operator.section-1 to None, run_after=None
[2025-05-04T23:01:34.538+0000] {logging_mixin.py:188} INFO - [2025-05-04T23:01:34.538+0000] {dag.py:3820} INFO - Setting next_dagrun for example_subdag_operator.section-2 to None, run_after=None
[2025-05-04T23:01:34.541+0000] {logging_mixin.py:188} INFO - [2025-05-04T23:01:34.541+0000] {dag.py:3033} INFO - Sync 2 DAGs
[2025-05-04T23:01:34.542+0000] {logging_mixin.py:188} INFO - [2025-05-04T23:01:34.542+0000] {dag.py:3820} INFO - Setting next_dagrun for example_subdag_operator.section-1 to None, run_after=None
[2025-05-04T23:01:34.542+0000] {logging_mixin.py:188} INFO - [2025-05-04T23:01:34.542+0000] {dag.py:3820} INFO - Setting next_dagrun for example_subdag_operator.section-2 to None, run_after=None
[2025-05-04T23:01:34.546+0000] {processor.py:183} INFO - Processing /home/airflow/.local/lib/python3.8/site-packages/airflow/example_dags/example_subdag_operator.py took 0.038 seconds
[2025-05-04T23:02:05.063+0000] {processor.py:161} INFO - Started process (PID=496) to work on /home/airflow/.local/lib/python3.8/site-packages/airflow/example_dags/example_subdag_operator.py
[2025-05-04T23:02:05.063+0000] {processor.py:830} INFO - Processing file /home/airflow/.local/lib/python3.8/site-packages/airflow/example_dags/example_subdag_operator.py for tasks to queue
[2025-05-04T23:02:05.064+0000] {logging_mixin.py:188} INFO - [2025-05-04T23:02:05.064+0000] {dagbag.py:538} INFO - Filling up the DagBag from /home/airflow/.local/lib/python3.8/site-packages/airflow/example_dags/example_subdag_operator.py
[2025-05-04T23:02:05.074+0000] {processor.py:840} INFO - DAG(s) 'example_subdag_operator.section-1', 'example_subdag_operator.section-2', 'example_subdag_operator' retrieved from /home/airflow/.local/lib/python3.8/site-packages/airflow/example_dags/example_subdag_operator.py
[2025-05-04T23:02:05.080+0000] {logging_mixin.py:188} INFO - [2025-05-04T23:02:05.080+0000] {dag.py:3033} INFO - Sync 3 DAGs
[2025-05-04T23:02:05.088+0000] {logging_mixin.py:188} INFO - [2025-05-04T23:02:05.088+0000] {dag.py:3820} INFO - Setting next_dagrun for example_subdag_operator to 2022-01-01T00:00:00+00:00, run_after=2022-01-01T00:00:00+00:00
[2025-05-04T23:02:05.089+0000] {logging_mixin.py:188} INFO - [2025-05-04T23:02:05.089+0000] {dag.py:3820} INFO - Setting next_dagrun for example_subdag_operator.section-1 to None, run_after=None
[2025-05-04T23:02:05.090+0000] {logging_mixin.py:188} INFO - [2025-05-04T23:02:05.090+0000] {dag.py:3820} INFO - Setting next_dagrun for example_subdag_operator.section-2 to None, run_after=None
[2025-05-04T23:02:05.092+0000] {logging_mixin.py:188} INFO - [2025-05-04T23:02:05.092+0000] {dag.py:3033} INFO - Sync 2 DAGs
[2025-05-04T23:02:05.093+0000] {logging_mixin.py:188} INFO - [2025-05-04T23:02:05.093+0000] {dag.py:3820} INFO - Setting next_dagrun for example_subdag_operator.section-1 to None, run_after=None
[2025-05-04T23:02:05.094+0000] {logging_mixin.py:188} INFO - [2025-05-04T23:02:05.094+0000] {dag.py:3820} INFO - Setting next_dagrun for example_subdag_operator.section-2 to None, run_after=None
[2025-05-04T23:02:05.097+0000] {processor.py:183} INFO - Processing /home/airflow/.local/lib/python3.8/site-packages/airflow/example_dags/example_subdag_operator.py took 0.036 seconds
[2025-05-04T23:02:35.549+0000] {processor.py:161} INFO - Started process (PID=552) to work on /home/airflow/.local/lib/python3.8/site-packages/airflow/example_dags/example_subdag_operator.py
[2025-05-04T23:02:35.550+0000] {processor.py:830} INFO - Processing file /home/airflow/.local/lib/python3.8/site-packages/airflow/example_dags/example_subdag_operator.py for tasks to queue
[2025-05-04T23:02:35.551+0000] {logging_mixin.py:188} INFO - [2025-05-04T23:02:35.551+0000] {dagbag.py:538} INFO - Filling up the DagBag from /home/airflow/.local/lib/python3.8/site-packages/airflow/example_dags/example_subdag_operator.py
[2025-05-04T23:02:35.566+0000] {processor.py:840} INFO - DAG(s) 'example_subdag_operator.section-1', 'example_subdag_operator.section-2', 'example_subdag_operator' retrieved from /home/airflow/.local/lib/python3.8/site-packages/airflow/example_dags/example_subdag_operator.py
[2025-05-04T23:02:35.575+0000] {logging_mixin.py:188} INFO - [2025-05-04T23:02:35.575+0000] {dag.py:3033} INFO - Sync 3 DAGs
[2025-05-04T23:02:35.585+0000] {logging_mixin.py:188} INFO - [2025-05-04T23:02:35.585+0000] {dag.py:3820} INFO - Setting next_dagrun for example_subdag_operator to 2022-01-01T00:00:00+00:00, run_after=2022-01-01T00:00:00+00:00
[2025-05-04T23:02:35.587+0000] {logging_mixin.py:188} INFO - [2025-05-04T23:02:35.587+0000] {dag.py:3820} INFO - Setting next_dagrun for example_subdag_operator.section-1 to None, run_after=None
[2025-05-04T23:02:35.587+0000] {logging_mixin.py:188} INFO - [2025-05-04T23:02:35.587+0000] {dag.py:3820} INFO - Setting next_dagrun for example_subdag_operator.section-2 to None, run_after=None
[2025-05-04T23:02:35.590+0000] {logging_mixin.py:188} INFO - [2025-05-04T23:02:35.590+0000] {dag.py:3033} INFO - Sync 2 DAGs
[2025-05-04T23:02:35.592+0000] {logging_mixin.py:188} INFO - [2025-05-04T23:02:35.592+0000] {dag.py:3820} INFO - Setting next_dagrun for example_subdag_operator.section-1 to None, run_after=None
[2025-05-04T23:02:35.592+0000] {logging_mixin.py:188} INFO - [2025-05-04T23:02:35.592+0000] {dag.py:3820} INFO - Setting next_dagrun for example_subdag_operator.section-2 to None, run_after=None
[2025-05-04T23:02:35.600+0000] {processor.py:183} INFO - Processing /home/airflow/.local/lib/python3.8/site-packages/airflow/example_dags/example_subdag_operator.py took 0.053 seconds
[2025-05-04T23:03:06.373+0000] {processor.py:161} INFO - Started process (PID=608) to work on /home/airflow/.local/lib/python3.8/site-packages/airflow/example_dags/example_subdag_operator.py
[2025-05-04T23:03:06.374+0000] {processor.py:830} INFO - Processing file /home/airflow/.local/lib/python3.8/site-packages/airflow/example_dags/example_subdag_operator.py for tasks to queue
[2025-05-04T23:03:06.376+0000] {logging_mixin.py:188} INFO - [2025-05-04T23:03:06.376+0000] {dagbag.py:538} INFO - Filling up the DagBag from /home/airflow/.local/lib/python3.8/site-packages/airflow/example_dags/example_subdag_operator.py
[2025-05-04T23:03:06.387+0000] {processor.py:840} INFO - DAG(s) 'example_subdag_operator.section-1', 'example_subdag_operator.section-2', 'example_subdag_operator' retrieved from /home/airflow/.local/lib/python3.8/site-packages/airflow/example_dags/example_subdag_operator.py
[2025-05-04T23:03:06.393+0000] {logging_mixin.py:188} INFO - [2025-05-04T23:03:06.393+0000] {dag.py:3033} INFO - Sync 3 DAGs
[2025-05-04T23:03:06.401+0000] {logging_mixin.py:188} INFO - [2025-05-04T23:03:06.401+0000] {dag.py:3820} INFO - Setting next_dagrun for example_subdag_operator to 2022-01-01T00:00:00+00:00, run_after=2022-01-01T00:00:00+00:00
[2025-05-04T23:03:06.403+0000] {logging_mixin.py:188} INFO - [2025-05-04T23:03:06.403+0000] {dag.py:3820} INFO - Setting next_dagrun for example_subdag_operator.section-1 to None, run_after=None
[2025-05-04T23:03:06.403+0000] {logging_mixin.py:188} INFO - [2025-05-04T23:03:06.403+0000] {dag.py:3820} INFO - Setting next_dagrun for example_subdag_operator.section-2 to None, run_after=None
[2025-05-04T23:03:06.406+0000] {logging_mixin.py:188} INFO - [2025-05-04T23:03:06.406+0000] {dag.py:3033} INFO - Sync 2 DAGs
[2025-05-04T23:03:06.408+0000] {logging_mixin.py:188} INFO - [2025-05-04T23:03:06.408+0000] {dag.py:3820} INFO - Setting next_dagrun for example_subdag_operator.section-1 to None, run_after=None
[2025-05-04T23:03:06.408+0000] {logging_mixin.py:188} INFO - [2025-05-04T23:03:06.408+0000] {dag.py:3820} INFO - Setting next_dagrun for example_subdag_operator.section-2 to None, run_after=None
[2025-05-04T23:03:06.411+0000] {processor.py:183} INFO - Processing /home/airflow/.local/lib/python3.8/site-packages/airflow/example_dags/example_subdag_operator.py took 0.041 seconds
[2025-05-04T23:03:36.954+0000] {processor.py:161} INFO - Started process (PID=664) to work on /home/airflow/.local/lib/python3.8/site-packages/airflow/example_dags/example_subdag_operator.py
[2025-05-04T23:03:36.955+0000] {processor.py:830} INFO - Processing file /home/airflow/.local/lib/python3.8/site-packages/airflow/example_dags/example_subdag_operator.py for tasks to queue
[2025-05-04T23:03:36.956+0000] {logging_mixin.py:188} INFO - [2025-05-04T23:03:36.956+0000] {dagbag.py:538} INFO - Filling up the DagBag from /home/airflow/.local/lib/python3.8/site-packages/airflow/example_dags/example_subdag_operator.py
[2025-05-04T23:03:36.967+0000] {processor.py:840} INFO - DAG(s) 'example_subdag_operator.section-1', 'example_subdag_operator.section-2', 'example_subdag_operator' retrieved from /home/airflow/.local/lib/python3.8/site-packages/airflow/example_dags/example_subdag_operator.py
[2025-05-04T23:03:36.973+0000] {logging_mixin.py:188} INFO - [2025-05-04T23:03:36.973+0000] {dag.py:3033} INFO - Sync 3 DAGs
[2025-05-04T23:03:36.981+0000] {logging_mixin.py:188} INFO - [2025-05-04T23:03:36.981+0000] {dag.py:3820} INFO - Setting next_dagrun for example_subdag_operator to 2022-01-01T00:00:00+00:00, run_after=2022-01-01T00:00:00+00:00
[2025-05-04T23:03:36.982+0000] {logging_mixin.py:188} INFO - [2025-05-04T23:03:36.982+0000] {dag.py:3820} INFO - Setting next_dagrun for example_subdag_operator.section-1 to None, run_after=None
[2025-05-04T23:03:36.982+0000] {logging_mixin.py:188} INFO - [2025-05-04T23:03:36.982+0000] {dag.py:3820} INFO - Setting next_dagrun for example_subdag_operator.section-2 to None, run_after=None
[2025-05-04T23:03:36.984+0000] {logging_mixin.py:188} INFO - [2025-05-04T23:03:36.984+0000] {dag.py:3033} INFO - Sync 2 DAGs
[2025-05-04T23:03:36.986+0000] {logging_mixin.py:188} INFO - [2025-05-04T23:03:36.986+0000] {dag.py:3820} INFO - Setting next_dagrun for example_subdag_operator.section-1 to None, run_after=None
[2025-05-04T23:03:36.986+0000] {logging_mixin.py:188} INFO - [2025-05-04T23:03:36.986+0000] {dag.py:3820} INFO - Setting next_dagrun for example_subdag_operator.section-2 to None, run_after=None
[2025-05-04T23:03:36.990+0000] {processor.py:183} INFO - Processing /home/airflow/.local/lib/python3.8/site-packages/airflow/example_dags/example_subdag_operator.py took 0.038 seconds
[2025-05-04T23:04:27.569+0000] {processor.py:161} INFO - Started process (PID=41) to work on /home/airflow/.local/lib/python3.8/site-packages/airflow/example_dags/example_subdag_operator.py
[2025-05-04T23:04:27.573+0000] {processor.py:830} INFO - Processing file /home/airflow/.local/lib/python3.8/site-packages/airflow/example_dags/example_subdag_operator.py for tasks to queue
[2025-05-04T23:04:27.578+0000] {logging_mixin.py:188} INFO - [2025-05-04T23:04:27.577+0000] {dagbag.py:538} INFO - Filling up the DagBag from /home/airflow/.local/lib/python3.8/site-packages/airflow/example_dags/example_subdag_operator.py
[2025-05-04T23:04:27.657+0000] {processor.py:840} INFO - DAG(s) 'example_subdag_operator.section-1', 'example_subdag_operator.section-2', 'example_subdag_operator' retrieved from /home/airflow/.local/lib/python3.8/site-packages/airflow/example_dags/example_subdag_operator.py
[2025-05-04T23:04:27.660+0000] {logging_mixin.py:188} INFO - [2025-05-04T23:04:27.660+0000] {dag.py:3033} INFO - Sync 3 DAGs
[2025-05-04T23:04:27.677+0000] {logging_mixin.py:188} INFO - [2025-05-04T23:04:27.677+0000] {dag.py:3820} INFO - Setting next_dagrun for example_subdag_operator to 2022-01-01T00:00:00+00:00, run_after=2022-01-01T00:00:00+00:00
[2025-05-04T23:04:27.681+0000] {logging_mixin.py:188} INFO - [2025-05-04T23:04:27.681+0000] {dag.py:3820} INFO - Setting next_dagrun for example_subdag_operator.section-1 to None, run_after=None
[2025-05-04T23:04:27.682+0000] {logging_mixin.py:188} INFO - [2025-05-04T23:04:27.682+0000] {dag.py:3820} INFO - Setting next_dagrun for example_subdag_operator.section-2 to None, run_after=None
[2025-05-04T23:04:27.686+0000] {logging_mixin.py:188} INFO - [2025-05-04T23:04:27.686+0000] {dag.py:3033} INFO - Sync 2 DAGs
[2025-05-04T23:04:27.692+0000] {logging_mixin.py:188} INFO - [2025-05-04T23:04:27.692+0000] {dag.py:3820} INFO - Setting next_dagrun for example_subdag_operator.section-1 to None, run_after=None
[2025-05-04T23:04:27.692+0000] {logging_mixin.py:188} INFO - [2025-05-04T23:04:27.692+0000] {dag.py:3820} INFO - Setting next_dagrun for example_subdag_operator.section-2 to None, run_after=None
[2025-05-04T23:04:27.701+0000] {processor.py:183} INFO - Processing /home/airflow/.local/lib/python3.8/site-packages/airflow/example_dags/example_subdag_operator.py took 0.134 seconds
[2025-05-04T23:04:57.882+0000] {processor.py:161} INFO - Started process (PID=103) to work on /home/airflow/.local/lib/python3.8/site-packages/airflow/example_dags/example_subdag_operator.py
[2025-05-04T23:04:57.882+0000] {processor.py:830} INFO - Processing file /home/airflow/.local/lib/python3.8/site-packages/airflow/example_dags/example_subdag_operator.py for tasks to queue
[2025-05-04T23:04:57.884+0000] {logging_mixin.py:188} INFO - [2025-05-04T23:04:57.883+0000] {dagbag.py:538} INFO - Filling up the DagBag from /home/airflow/.local/lib/python3.8/site-packages/airflow/example_dags/example_subdag_operator.py
[2025-05-04T23:04:57.896+0000] {processor.py:840} INFO - DAG(s) 'example_subdag_operator.section-1', 'example_subdag_operator.section-2', 'example_subdag_operator' retrieved from /home/airflow/.local/lib/python3.8/site-packages/airflow/example_dags/example_subdag_operator.py
[2025-05-04T23:04:57.940+0000] {logging_mixin.py:188} INFO - [2025-05-04T23:04:57.940+0000] {dag.py:3033} INFO - Sync 3 DAGs
[2025-05-04T23:04:57.951+0000] {logging_mixin.py:188} INFO - [2025-05-04T23:04:57.951+0000] {dag.py:3820} INFO - Setting next_dagrun for example_subdag_operator to 2022-01-01T00:00:00+00:00, run_after=2022-01-01T00:00:00+00:00
[2025-05-04T23:04:57.953+0000] {logging_mixin.py:188} INFO - [2025-05-04T23:04:57.953+0000] {dag.py:3820} INFO - Setting next_dagrun for example_subdag_operator.section-1 to None, run_after=None
[2025-05-04T23:04:57.954+0000] {logging_mixin.py:188} INFO - [2025-05-04T23:04:57.954+0000] {dag.py:3820} INFO - Setting next_dagrun for example_subdag_operator.section-2 to None, run_after=None
[2025-05-04T23:04:57.959+0000] {logging_mixin.py:188} INFO - [2025-05-04T23:04:57.959+0000] {dag.py:3033} INFO - Sync 2 DAGs
[2025-05-04T23:04:57.962+0000] {logging_mixin.py:188} INFO - [2025-05-04T23:04:57.962+0000] {dag.py:3820} INFO - Setting next_dagrun for example_subdag_operator.section-1 to None, run_after=None
[2025-05-04T23:04:57.963+0000] {logging_mixin.py:188} INFO - [2025-05-04T23:04:57.963+0000] {dag.py:3820} INFO - Setting next_dagrun for example_subdag_operator.section-2 to None, run_after=None
[2025-05-04T23:04:57.972+0000] {processor.py:183} INFO - Processing /home/airflow/.local/lib/python3.8/site-packages/airflow/example_dags/example_subdag_operator.py took 0.092 seconds
[2025-05-04T23:05:28.254+0000] {processor.py:161} INFO - Started process (PID=159) to work on /home/airflow/.local/lib/python3.8/site-packages/airflow/example_dags/example_subdag_operator.py
[2025-05-04T23:05:28.254+0000] {processor.py:830} INFO - Processing file /home/airflow/.local/lib/python3.8/site-packages/airflow/example_dags/example_subdag_operator.py for tasks to queue
[2025-05-04T23:05:28.256+0000] {logging_mixin.py:188} INFO - [2025-05-04T23:05:28.256+0000] {dagbag.py:538} INFO - Filling up the DagBag from /home/airflow/.local/lib/python3.8/site-packages/airflow/example_dags/example_subdag_operator.py
[2025-05-04T23:05:28.270+0000] {processor.py:840} INFO - DAG(s) 'example_subdag_operator.section-1', 'example_subdag_operator.section-2', 'example_subdag_operator' retrieved from /home/airflow/.local/lib/python3.8/site-packages/airflow/example_dags/example_subdag_operator.py
[2025-05-04T23:05:28.277+0000] {logging_mixin.py:188} INFO - [2025-05-04T23:05:28.277+0000] {dag.py:3033} INFO - Sync 3 DAGs
[2025-05-04T23:05:28.285+0000] {logging_mixin.py:188} INFO - [2025-05-04T23:05:28.285+0000] {dag.py:3820} INFO - Setting next_dagrun for example_subdag_operator to 2022-01-01T00:00:00+00:00, run_after=2022-01-01T00:00:00+00:00
[2025-05-04T23:05:28.287+0000] {logging_mixin.py:188} INFO - [2025-05-04T23:05:28.287+0000] {dag.py:3820} INFO - Setting next_dagrun for example_subdag_operator.section-1 to None, run_after=None
[2025-05-04T23:05:28.288+0000] {logging_mixin.py:188} INFO - [2025-05-04T23:05:28.288+0000] {dag.py:3820} INFO - Setting next_dagrun for example_subdag_operator.section-2 to None, run_after=None
[2025-05-04T23:05:28.291+0000] {logging_mixin.py:188} INFO - [2025-05-04T23:05:28.291+0000] {dag.py:3033} INFO - Sync 2 DAGs
[2025-05-04T23:05:28.293+0000] {logging_mixin.py:188} INFO - [2025-05-04T23:05:28.293+0000] {dag.py:3820} INFO - Setting next_dagrun for example_subdag_operator.section-1 to None, run_after=None
[2025-05-04T23:05:28.293+0000] {logging_mixin.py:188} INFO - [2025-05-04T23:05:28.293+0000] {dag.py:3820} INFO - Setting next_dagrun for example_subdag_operator.section-2 to None, run_after=None
[2025-05-04T23:05:28.297+0000] {processor.py:183} INFO - Processing /home/airflow/.local/lib/python3.8/site-packages/airflow/example_dags/example_subdag_operator.py took 0.046 seconds
[2025-05-04T23:05:58.410+0000] {processor.py:161} INFO - Started process (PID=214) to work on /home/airflow/.local/lib/python3.8/site-packages/airflow/example_dags/example_subdag_operator.py
[2025-05-04T23:05:58.411+0000] {processor.py:830} INFO - Processing file /home/airflow/.local/lib/python3.8/site-packages/airflow/example_dags/example_subdag_operator.py for tasks to queue
[2025-05-04T23:05:58.413+0000] {logging_mixin.py:188} INFO - [2025-05-04T23:05:58.413+0000] {dagbag.py:538} INFO - Filling up the DagBag from /home/airflow/.local/lib/python3.8/site-packages/airflow/example_dags/example_subdag_operator.py
[2025-05-04T23:05:58.441+0000] {processor.py:840} INFO - DAG(s) 'example_subdag_operator.section-1', 'example_subdag_operator.section-2', 'example_subdag_operator' retrieved from /home/airflow/.local/lib/python3.8/site-packages/airflow/example_dags/example_subdag_operator.py
[2025-05-04T23:05:58.464+0000] {logging_mixin.py:188} INFO - [2025-05-04T23:05:58.464+0000] {dag.py:3033} INFO - Sync 3 DAGs
[2025-05-04T23:05:58.508+0000] {logging_mixin.py:188} INFO - [2025-05-04T23:05:58.508+0000] {dag.py:3820} INFO - Setting next_dagrun for example_subdag_operator to 2022-01-01T00:00:00+00:00, run_after=2022-01-01T00:00:00+00:00
[2025-05-04T23:05:58.515+0000] {logging_mixin.py:188} INFO - [2025-05-04T23:05:58.515+0000] {dag.py:3820} INFO - Setting next_dagrun for example_subdag_operator.section-1 to None, run_after=None
[2025-05-04T23:05:58.518+0000] {logging_mixin.py:188} INFO - [2025-05-04T23:05:58.517+0000] {dag.py:3820} INFO - Setting next_dagrun for example_subdag_operator.section-2 to None, run_after=None
[2025-05-04T23:05:58.533+0000] {logging_mixin.py:188} INFO - [2025-05-04T23:05:58.533+0000] {dag.py:3033} INFO - Sync 2 DAGs
[2025-05-04T23:05:58.546+0000] {logging_mixin.py:188} INFO - [2025-05-04T23:05:58.546+0000] {dag.py:3820} INFO - Setting next_dagrun for example_subdag_operator.section-1 to None, run_after=None
[2025-05-04T23:05:58.547+0000] {logging_mixin.py:188} INFO - [2025-05-04T23:05:58.547+0000] {dag.py:3820} INFO - Setting next_dagrun for example_subdag_operator.section-2 to None, run_after=None
[2025-05-04T23:05:58.568+0000] {processor.py:183} INFO - Processing /home/airflow/.local/lib/python3.8/site-packages/airflow/example_dags/example_subdag_operator.py took 0.161 seconds
[2025-05-04T23:06:30.342+0000] {processor.py:161} INFO - Started process (PID=42) to work on /home/airflow/.local/lib/python3.8/site-packages/airflow/example_dags/example_subdag_operator.py
[2025-05-04T23:06:30.345+0000] {processor.py:830} INFO - Processing file /home/airflow/.local/lib/python3.8/site-packages/airflow/example_dags/example_subdag_operator.py for tasks to queue
[2025-05-04T23:06:30.347+0000] {logging_mixin.py:188} INFO - [2025-05-04T23:06:30.347+0000] {dagbag.py:538} INFO - Filling up the DagBag from /home/airflow/.local/lib/python3.8/site-packages/airflow/example_dags/example_subdag_operator.py
[2025-05-04T23:06:30.370+0000] {processor.py:840} INFO - DAG(s) 'example_subdag_operator.section-1', 'example_subdag_operator.section-2', 'example_subdag_operator' retrieved from /home/airflow/.local/lib/python3.8/site-packages/airflow/example_dags/example_subdag_operator.py
[2025-05-04T23:06:30.373+0000] {logging_mixin.py:188} INFO - [2025-05-04T23:06:30.373+0000] {dag.py:3033} INFO - Sync 3 DAGs
[2025-05-04T23:06:30.389+0000] {logging_mixin.py:188} INFO - [2025-05-04T23:06:30.389+0000] {dag.py:3820} INFO - Setting next_dagrun for example_subdag_operator to 2022-01-01T00:00:00+00:00, run_after=2022-01-01T00:00:00+00:00
[2025-05-04T23:06:30.392+0000] {logging_mixin.py:188} INFO - [2025-05-04T23:06:30.392+0000] {dag.py:3820} INFO - Setting next_dagrun for example_subdag_operator.section-1 to None, run_after=None
[2025-05-04T23:06:30.394+0000] {logging_mixin.py:188} INFO - [2025-05-04T23:06:30.394+0000] {dag.py:3820} INFO - Setting next_dagrun for example_subdag_operator.section-2 to None, run_after=None
[2025-05-04T23:06:30.403+0000] {logging_mixin.py:188} INFO - [2025-05-04T23:06:30.403+0000] {dag.py:3033} INFO - Sync 2 DAGs
[2025-05-04T23:06:30.409+0000] {logging_mixin.py:188} INFO - [2025-05-04T23:06:30.409+0000] {dag.py:3820} INFO - Setting next_dagrun for example_subdag_operator.section-1 to None, run_after=None
[2025-05-04T23:06:30.409+0000] {logging_mixin.py:188} INFO - [2025-05-04T23:06:30.409+0000] {dag.py:3820} INFO - Setting next_dagrun for example_subdag_operator.section-2 to None, run_after=None
[2025-05-04T23:06:30.430+0000] {processor.py:183} INFO - Processing /home/airflow/.local/lib/python3.8/site-packages/airflow/example_dags/example_subdag_operator.py took 0.091 seconds
[2025-05-04T23:07:00.810+0000] {processor.py:161} INFO - Started process (PID=98) to work on /home/airflow/.local/lib/python3.8/site-packages/airflow/example_dags/example_subdag_operator.py
[2025-05-04T23:07:00.811+0000] {processor.py:830} INFO - Processing file /home/airflow/.local/lib/python3.8/site-packages/airflow/example_dags/example_subdag_operator.py for tasks to queue
[2025-05-04T23:07:00.812+0000] {logging_mixin.py:188} INFO - [2025-05-04T23:07:00.812+0000] {dagbag.py:538} INFO - Filling up the DagBag from /home/airflow/.local/lib/python3.8/site-packages/airflow/example_dags/example_subdag_operator.py
[2025-05-04T23:07:00.827+0000] {processor.py:840} INFO - DAG(s) 'example_subdag_operator.section-1', 'example_subdag_operator.section-2', 'example_subdag_operator' retrieved from /home/airflow/.local/lib/python3.8/site-packages/airflow/example_dags/example_subdag_operator.py
[2025-05-04T23:07:00.871+0000] {logging_mixin.py:188} INFO - [2025-05-04T23:07:00.871+0000] {dag.py:3033} INFO - Sync 3 DAGs
[2025-05-04T23:07:00.883+0000] {logging_mixin.py:188} INFO - [2025-05-04T23:07:00.883+0000] {dag.py:3820} INFO - Setting next_dagrun for example_subdag_operator to 2022-01-01T00:00:00+00:00, run_after=2022-01-01T00:00:00+00:00
[2025-05-04T23:07:00.884+0000] {logging_mixin.py:188} INFO - [2025-05-04T23:07:00.884+0000] {dag.py:3820} INFO - Setting next_dagrun for example_subdag_operator.section-1 to None, run_after=None
[2025-05-04T23:07:00.885+0000] {logging_mixin.py:188} INFO - [2025-05-04T23:07:00.885+0000] {dag.py:3820} INFO - Setting next_dagrun for example_subdag_operator.section-2 to None, run_after=None
[2025-05-04T23:07:00.891+0000] {logging_mixin.py:188} INFO - [2025-05-04T23:07:00.891+0000] {dag.py:3033} INFO - Sync 2 DAGs
[2025-05-04T23:07:00.894+0000] {logging_mixin.py:188} INFO - [2025-05-04T23:07:00.894+0000] {dag.py:3820} INFO - Setting next_dagrun for example_subdag_operator.section-1 to None, run_after=None
[2025-05-04T23:07:00.895+0000] {logging_mixin.py:188} INFO - [2025-05-04T23:07:00.895+0000] {dag.py:3820} INFO - Setting next_dagrun for example_subdag_operator.section-2 to None, run_after=None
[2025-05-04T23:07:00.904+0000] {processor.py:183} INFO - Processing /home/airflow/.local/lib/python3.8/site-packages/airflow/example_dags/example_subdag_operator.py took 0.096 seconds
[2025-05-04T23:07:31.043+0000] {processor.py:161} INFO - Started process (PID=154) to work on /home/airflow/.local/lib/python3.8/site-packages/airflow/example_dags/example_subdag_operator.py
[2025-05-04T23:07:31.044+0000] {processor.py:830} INFO - Processing file /home/airflow/.local/lib/python3.8/site-packages/airflow/example_dags/example_subdag_operator.py for tasks to queue
[2025-05-04T23:07:31.045+0000] {logging_mixin.py:188} INFO - [2025-05-04T23:07:31.045+0000] {dagbag.py:538} INFO - Filling up the DagBag from /home/airflow/.local/lib/python3.8/site-packages/airflow/example_dags/example_subdag_operator.py
[2025-05-04T23:07:31.059+0000] {processor.py:840} INFO - DAG(s) 'example_subdag_operator.section-1', 'example_subdag_operator.section-2', 'example_subdag_operator' retrieved from /home/airflow/.local/lib/python3.8/site-packages/airflow/example_dags/example_subdag_operator.py
[2025-05-04T23:07:31.068+0000] {logging_mixin.py:188} INFO - [2025-05-04T23:07:31.067+0000] {dag.py:3033} INFO - Sync 3 DAGs
[2025-05-04T23:07:31.079+0000] {logging_mixin.py:188} INFO - [2025-05-04T23:07:31.079+0000] {dag.py:3820} INFO - Setting next_dagrun for example_subdag_operator to 2022-01-01T00:00:00+00:00, run_after=2022-01-01T00:00:00+00:00
[2025-05-04T23:07:31.083+0000] {logging_mixin.py:188} INFO - [2025-05-04T23:07:31.083+0000] {dag.py:3820} INFO - Setting next_dagrun for example_subdag_operator.section-1 to None, run_after=None
[2025-05-04T23:07:31.083+0000] {logging_mixin.py:188} INFO - [2025-05-04T23:07:31.083+0000] {dag.py:3820} INFO - Setting next_dagrun for example_subdag_operator.section-2 to None, run_after=None
[2025-05-04T23:07:31.088+0000] {logging_mixin.py:188} INFO - [2025-05-04T23:07:31.088+0000] {dag.py:3033} INFO - Sync 2 DAGs
[2025-05-04T23:07:31.090+0000] {logging_mixin.py:188} INFO - [2025-05-04T23:07:31.090+0000] {dag.py:3820} INFO - Setting next_dagrun for example_subdag_operator.section-1 to None, run_after=None
[2025-05-04T23:07:31.091+0000] {logging_mixin.py:188} INFO - [2025-05-04T23:07:31.091+0000] {dag.py:3820} INFO - Setting next_dagrun for example_subdag_operator.section-2 to None, run_after=None
[2025-05-04T23:07:31.098+0000] {processor.py:183} INFO - Processing /home/airflow/.local/lib/python3.8/site-packages/airflow/example_dags/example_subdag_operator.py took 0.057 seconds
[2025-05-04T23:08:01.701+0000] {processor.py:161} INFO - Started process (PID=210) to work on /home/airflow/.local/lib/python3.8/site-packages/airflow/example_dags/example_subdag_operator.py
[2025-05-04T23:08:01.702+0000] {processor.py:830} INFO - Processing file /home/airflow/.local/lib/python3.8/site-packages/airflow/example_dags/example_subdag_operator.py for tasks to queue
[2025-05-04T23:08:01.703+0000] {logging_mixin.py:188} INFO - [2025-05-04T23:08:01.703+0000] {dagbag.py:538} INFO - Filling up the DagBag from /home/airflow/.local/lib/python3.8/site-packages/airflow/example_dags/example_subdag_operator.py
[2025-05-04T23:08:01.719+0000] {processor.py:840} INFO - DAG(s) 'example_subdag_operator.section-1', 'example_subdag_operator.section-2', 'example_subdag_operator' retrieved from /home/airflow/.local/lib/python3.8/site-packages/airflow/example_dags/example_subdag_operator.py
[2025-05-04T23:08:01.725+0000] {logging_mixin.py:188} INFO - [2025-05-04T23:08:01.725+0000] {dag.py:3033} INFO - Sync 3 DAGs
[2025-05-04T23:08:01.734+0000] {logging_mixin.py:188} INFO - [2025-05-04T23:08:01.734+0000] {dag.py:3820} INFO - Setting next_dagrun for example_subdag_operator to 2022-01-01T00:00:00+00:00, run_after=2022-01-01T00:00:00+00:00
[2025-05-04T23:08:01.736+0000] {logging_mixin.py:188} INFO - [2025-05-04T23:08:01.736+0000] {dag.py:3820} INFO - Setting next_dagrun for example_subdag_operator.section-1 to None, run_after=None
[2025-05-04T23:08:01.738+0000] {logging_mixin.py:188} INFO - [2025-05-04T23:08:01.738+0000] {dag.py:3820} INFO - Setting next_dagrun for example_subdag_operator.section-2 to None, run_after=None
[2025-05-04T23:08:01.743+0000] {logging_mixin.py:188} INFO - [2025-05-04T23:08:01.743+0000] {dag.py:3033} INFO - Sync 2 DAGs
[2025-05-04T23:08:01.746+0000] {logging_mixin.py:188} INFO - [2025-05-04T23:08:01.746+0000] {dag.py:3820} INFO - Setting next_dagrun for example_subdag_operator.section-1 to None, run_after=None
[2025-05-04T23:08:01.746+0000] {logging_mixin.py:188} INFO - [2025-05-04T23:08:01.746+0000] {dag.py:3820} INFO - Setting next_dagrun for example_subdag_operator.section-2 to None, run_after=None
[2025-05-04T23:08:01.752+0000] {processor.py:183} INFO - Processing /home/airflow/.local/lib/python3.8/site-packages/airflow/example_dags/example_subdag_operator.py took 0.053 seconds
[2025-05-04T23:08:32.263+0000] {processor.py:161} INFO - Started process (PID=266) to work on /home/airflow/.local/lib/python3.8/site-packages/airflow/example_dags/example_subdag_operator.py
[2025-05-04T23:08:32.264+0000] {processor.py:830} INFO - Processing file /home/airflow/.local/lib/python3.8/site-packages/airflow/example_dags/example_subdag_operator.py for tasks to queue
[2025-05-04T23:08:32.264+0000] {logging_mixin.py:188} INFO - [2025-05-04T23:08:32.264+0000] {dagbag.py:538} INFO - Filling up the DagBag from /home/airflow/.local/lib/python3.8/site-packages/airflow/example_dags/example_subdag_operator.py
[2025-05-04T23:08:32.275+0000] {processor.py:840} INFO - DAG(s) 'example_subdag_operator.section-1', 'example_subdag_operator.section-2', 'example_subdag_operator' retrieved from /home/airflow/.local/lib/python3.8/site-packages/airflow/example_dags/example_subdag_operator.py
[2025-05-04T23:08:32.281+0000] {logging_mixin.py:188} INFO - [2025-05-04T23:08:32.281+0000] {dag.py:3033} INFO - Sync 3 DAGs
[2025-05-04T23:08:32.290+0000] {logging_mixin.py:188} INFO - [2025-05-04T23:08:32.290+0000] {dag.py:3820} INFO - Setting next_dagrun for example_subdag_operator to 2022-01-01T00:00:00+00:00, run_after=2022-01-01T00:00:00+00:00
[2025-05-04T23:08:32.291+0000] {logging_mixin.py:188} INFO - [2025-05-04T23:08:32.291+0000] {dag.py:3820} INFO - Setting next_dagrun for example_subdag_operator.section-1 to None, run_after=None
[2025-05-04T23:08:32.292+0000] {logging_mixin.py:188} INFO - [2025-05-04T23:08:32.292+0000] {dag.py:3820} INFO - Setting next_dagrun for example_subdag_operator.section-2 to None, run_after=None
[2025-05-04T23:08:32.295+0000] {logging_mixin.py:188} INFO - [2025-05-04T23:08:32.295+0000] {dag.py:3033} INFO - Sync 2 DAGs
[2025-05-04T23:08:32.297+0000] {logging_mixin.py:188} INFO - [2025-05-04T23:08:32.296+0000] {dag.py:3820} INFO - Setting next_dagrun for example_subdag_operator.section-1 to None, run_after=None
[2025-05-04T23:08:32.297+0000] {logging_mixin.py:188} INFO - [2025-05-04T23:08:32.297+0000] {dag.py:3820} INFO - Setting next_dagrun for example_subdag_operator.section-2 to None, run_after=None
[2025-05-04T23:08:32.301+0000] {processor.py:183} INFO - Processing /home/airflow/.local/lib/python3.8/site-packages/airflow/example_dags/example_subdag_operator.py took 0.040 seconds
[2025-05-04T23:09:02.908+0000] {processor.py:161} INFO - Started process (PID=327) to work on /home/airflow/.local/lib/python3.8/site-packages/airflow/example_dags/example_subdag_operator.py
[2025-05-04T23:09:02.909+0000] {processor.py:830} INFO - Processing file /home/airflow/.local/lib/python3.8/site-packages/airflow/example_dags/example_subdag_operator.py for tasks to queue
[2025-05-04T23:09:02.910+0000] {logging_mixin.py:188} INFO - [2025-05-04T23:09:02.909+0000] {dagbag.py:538} INFO - Filling up the DagBag from /home/airflow/.local/lib/python3.8/site-packages/airflow/example_dags/example_subdag_operator.py
[2025-05-04T23:09:02.925+0000] {processor.py:840} INFO - DAG(s) 'example_subdag_operator.section-1', 'example_subdag_operator.section-2', 'example_subdag_operator' retrieved from /home/airflow/.local/lib/python3.8/site-packages/airflow/example_dags/example_subdag_operator.py
[2025-05-04T23:09:02.933+0000] {logging_mixin.py:188} INFO - [2025-05-04T23:09:02.933+0000] {dag.py:3033} INFO - Sync 3 DAGs
[2025-05-04T23:09:02.943+0000] {logging_mixin.py:188} INFO - [2025-05-04T23:09:02.943+0000] {dag.py:3820} INFO - Setting next_dagrun for example_subdag_operator to 2022-01-01T00:00:00+00:00, run_after=2022-01-01T00:00:00+00:00
[2025-05-04T23:09:02.944+0000] {logging_mixin.py:188} INFO - [2025-05-04T23:09:02.944+0000] {dag.py:3820} INFO - Setting next_dagrun for example_subdag_operator.section-1 to None, run_after=None
[2025-05-04T23:09:02.945+0000] {logging_mixin.py:188} INFO - [2025-05-04T23:09:02.945+0000] {dag.py:3820} INFO - Setting next_dagrun for example_subdag_operator.section-2 to None, run_after=None
[2025-05-04T23:09:02.948+0000] {logging_mixin.py:188} INFO - [2025-05-04T23:09:02.948+0000] {dag.py:3033} INFO - Sync 2 DAGs
[2025-05-04T23:09:02.950+0000] {logging_mixin.py:188} INFO - [2025-05-04T23:09:02.950+0000] {dag.py:3820} INFO - Setting next_dagrun for example_subdag_operator.section-1 to None, run_after=None
[2025-05-04T23:09:02.950+0000] {logging_mixin.py:188} INFO - [2025-05-04T23:09:02.950+0000] {dag.py:3820} INFO - Setting next_dagrun for example_subdag_operator.section-2 to None, run_after=None
[2025-05-04T23:09:02.954+0000] {processor.py:183} INFO - Processing /home/airflow/.local/lib/python3.8/site-packages/airflow/example_dags/example_subdag_operator.py took 0.049 seconds
[2025-05-04T23:09:33.140+0000] {processor.py:161} INFO - Started process (PID=383) to work on /home/airflow/.local/lib/python3.8/site-packages/airflow/example_dags/example_subdag_operator.py
[2025-05-04T23:09:33.141+0000] {processor.py:830} INFO - Processing file /home/airflow/.local/lib/python3.8/site-packages/airflow/example_dags/example_subdag_operator.py for tasks to queue
[2025-05-04T23:09:33.143+0000] {logging_mixin.py:188} INFO - [2025-05-04T23:09:33.143+0000] {dagbag.py:538} INFO - Filling up the DagBag from /home/airflow/.local/lib/python3.8/site-packages/airflow/example_dags/example_subdag_operator.py
[2025-05-04T23:09:33.159+0000] {processor.py:840} INFO - DAG(s) 'example_subdag_operator.section-1', 'example_subdag_operator.section-2', 'example_subdag_operator' retrieved from /home/airflow/.local/lib/python3.8/site-packages/airflow/example_dags/example_subdag_operator.py
[2025-05-04T23:09:33.169+0000] {logging_mixin.py:188} INFO - [2025-05-04T23:09:33.169+0000] {dag.py:3033} INFO - Sync 3 DAGs
[2025-05-04T23:09:33.179+0000] {logging_mixin.py:188} INFO - [2025-05-04T23:09:33.179+0000] {dag.py:3820} INFO - Setting next_dagrun for example_subdag_operator to 2022-01-01T00:00:00+00:00, run_after=2022-01-01T00:00:00+00:00
[2025-05-04T23:09:33.181+0000] {logging_mixin.py:188} INFO - [2025-05-04T23:09:33.181+0000] {dag.py:3820} INFO - Setting next_dagrun for example_subdag_operator.section-1 to None, run_after=None
[2025-05-04T23:09:33.182+0000] {logging_mixin.py:188} INFO - [2025-05-04T23:09:33.182+0000] {dag.py:3820} INFO - Setting next_dagrun for example_subdag_operator.section-2 to None, run_after=None
[2025-05-04T23:09:33.186+0000] {logging_mixin.py:188} INFO - [2025-05-04T23:09:33.186+0000] {dag.py:3033} INFO - Sync 2 DAGs
[2025-05-04T23:09:33.189+0000] {logging_mixin.py:188} INFO - [2025-05-04T23:09:33.189+0000] {dag.py:3820} INFO - Setting next_dagrun for example_subdag_operator.section-1 to None, run_after=None
[2025-05-04T23:09:33.189+0000] {logging_mixin.py:188} INFO - [2025-05-04T23:09:33.189+0000] {dag.py:3820} INFO - Setting next_dagrun for example_subdag_operator.section-2 to None, run_after=None
[2025-05-04T23:09:33.196+0000] {processor.py:183} INFO - Processing /home/airflow/.local/lib/python3.8/site-packages/airflow/example_dags/example_subdag_operator.py took 0.058 seconds
[2025-05-04T23:10:03.824+0000] {processor.py:161} INFO - Started process (PID=439) to work on /home/airflow/.local/lib/python3.8/site-packages/airflow/example_dags/example_subdag_operator.py
[2025-05-04T23:10:03.825+0000] {processor.py:830} INFO - Processing file /home/airflow/.local/lib/python3.8/site-packages/airflow/example_dags/example_subdag_operator.py for tasks to queue
[2025-05-04T23:10:03.826+0000] {logging_mixin.py:188} INFO - [2025-05-04T23:10:03.826+0000] {dagbag.py:538} INFO - Filling up the DagBag from /home/airflow/.local/lib/python3.8/site-packages/airflow/example_dags/example_subdag_operator.py
[2025-05-04T23:10:03.843+0000] {processor.py:840} INFO - DAG(s) 'example_subdag_operator.section-1', 'example_subdag_operator.section-2', 'example_subdag_operator' retrieved from /home/airflow/.local/lib/python3.8/site-packages/airflow/example_dags/example_subdag_operator.py
[2025-05-04T23:10:03.854+0000] {logging_mixin.py:188} INFO - [2025-05-04T23:10:03.853+0000] {dag.py:3033} INFO - Sync 3 DAGs
[2025-05-04T23:10:03.864+0000] {logging_mixin.py:188} INFO - [2025-05-04T23:10:03.864+0000] {dag.py:3820} INFO - Setting next_dagrun for example_subdag_operator to 2022-01-01T00:00:00+00:00, run_after=2022-01-01T00:00:00+00:00
[2025-05-04T23:10:03.866+0000] {logging_mixin.py:188} INFO - [2025-05-04T23:10:03.866+0000] {dag.py:3820} INFO - Setting next_dagrun for example_subdag_operator.section-1 to None, run_after=None
[2025-05-04T23:10:03.866+0000] {logging_mixin.py:188} INFO - [2025-05-04T23:10:03.866+0000] {dag.py:3820} INFO - Setting next_dagrun for example_subdag_operator.section-2 to None, run_after=None
[2025-05-04T23:10:03.870+0000] {logging_mixin.py:188} INFO - [2025-05-04T23:10:03.870+0000] {dag.py:3033} INFO - Sync 2 DAGs
[2025-05-04T23:10:03.873+0000] {logging_mixin.py:188} INFO - [2025-05-04T23:10:03.873+0000] {dag.py:3820} INFO - Setting next_dagrun for example_subdag_operator.section-1 to None, run_after=None
[2025-05-04T23:10:03.874+0000] {logging_mixin.py:188} INFO - [2025-05-04T23:10:03.874+0000] {dag.py:3820} INFO - Setting next_dagrun for example_subdag_operator.section-2 to None, run_after=None
[2025-05-04T23:10:03.883+0000] {processor.py:183} INFO - Processing /home/airflow/.local/lib/python3.8/site-packages/airflow/example_dags/example_subdag_operator.py took 0.061 seconds
[2025-05-04T23:10:34.532+0000] {processor.py:161} INFO - Started process (PID=495) to work on /home/airflow/.local/lib/python3.8/site-packages/airflow/example_dags/example_subdag_operator.py
[2025-05-04T23:10:34.533+0000] {processor.py:830} INFO - Processing file /home/airflow/.local/lib/python3.8/site-packages/airflow/example_dags/example_subdag_operator.py for tasks to queue
[2025-05-04T23:10:34.535+0000] {logging_mixin.py:188} INFO - [2025-05-04T23:10:34.534+0000] {dagbag.py:538} INFO - Filling up the DagBag from /home/airflow/.local/lib/python3.8/site-packages/airflow/example_dags/example_subdag_operator.py
[2025-05-04T23:10:34.552+0000] {processor.py:840} INFO - DAG(s) 'example_subdag_operator.section-1', 'example_subdag_operator.section-2', 'example_subdag_operator' retrieved from /home/airflow/.local/lib/python3.8/site-packages/airflow/example_dags/example_subdag_operator.py
[2025-05-04T23:10:34.560+0000] {logging_mixin.py:188} INFO - [2025-05-04T23:10:34.560+0000] {dag.py:3033} INFO - Sync 3 DAGs
[2025-05-04T23:10:34.568+0000] {logging_mixin.py:188} INFO - [2025-05-04T23:10:34.568+0000] {dag.py:3820} INFO - Setting next_dagrun for example_subdag_operator to 2022-01-01T00:00:00+00:00, run_after=2022-01-01T00:00:00+00:00
[2025-05-04T23:10:34.570+0000] {logging_mixin.py:188} INFO - [2025-05-04T23:10:34.570+0000] {dag.py:3820} INFO - Setting next_dagrun for example_subdag_operator.section-1 to None, run_after=None
[2025-05-04T23:10:34.571+0000] {logging_mixin.py:188} INFO - [2025-05-04T23:10:34.571+0000] {dag.py:3820} INFO - Setting next_dagrun for example_subdag_operator.section-2 to None, run_after=None
[2025-05-04T23:10:34.574+0000] {logging_mixin.py:188} INFO - [2025-05-04T23:10:34.574+0000] {dag.py:3033} INFO - Sync 2 DAGs
[2025-05-04T23:10:34.577+0000] {logging_mixin.py:188} INFO - [2025-05-04T23:10:34.577+0000] {dag.py:3820} INFO - Setting next_dagrun for example_subdag_operator.section-1 to None, run_after=None
[2025-05-04T23:10:34.578+0000] {logging_mixin.py:188} INFO - [2025-05-04T23:10:34.578+0000] {dag.py:3820} INFO - Setting next_dagrun for example_subdag_operator.section-2 to None, run_after=None
[2025-05-04T23:10:34.583+0000] {processor.py:183} INFO - Processing /home/airflow/.local/lib/python3.8/site-packages/airflow/example_dags/example_subdag_operator.py took 0.053 seconds
[2025-05-04T23:11:05.208+0000] {processor.py:161} INFO - Started process (PID=551) to work on /home/airflow/.local/lib/python3.8/site-packages/airflow/example_dags/example_subdag_operator.py
[2025-05-04T23:11:05.209+0000] {processor.py:830} INFO - Processing file /home/airflow/.local/lib/python3.8/site-packages/airflow/example_dags/example_subdag_operator.py for tasks to queue
[2025-05-04T23:11:05.210+0000] {logging_mixin.py:188} INFO - [2025-05-04T23:11:05.210+0000] {dagbag.py:538} INFO - Filling up the DagBag from /home/airflow/.local/lib/python3.8/site-packages/airflow/example_dags/example_subdag_operator.py
[2025-05-04T23:11:05.226+0000] {processor.py:840} INFO - DAG(s) 'example_subdag_operator.section-1', 'example_subdag_operator.section-2', 'example_subdag_operator' retrieved from /home/airflow/.local/lib/python3.8/site-packages/airflow/example_dags/example_subdag_operator.py
[2025-05-04T23:11:05.235+0000] {logging_mixin.py:188} INFO - [2025-05-04T23:11:05.235+0000] {dag.py:3033} INFO - Sync 3 DAGs
[2025-05-04T23:11:05.247+0000] {logging_mixin.py:188} INFO - [2025-05-04T23:11:05.247+0000] {dag.py:3820} INFO - Setting next_dagrun for example_subdag_operator to 2022-01-01T00:00:00+00:00, run_after=2022-01-01T00:00:00+00:00
[2025-05-04T23:11:05.249+0000] {logging_mixin.py:188} INFO - [2025-05-04T23:11:05.249+0000] {dag.py:3820} INFO - Setting next_dagrun for example_subdag_operator.section-1 to None, run_after=None
[2025-05-04T23:11:05.249+0000] {logging_mixin.py:188} INFO - [2025-05-04T23:11:05.249+0000] {dag.py:3820} INFO - Setting next_dagrun for example_subdag_operator.section-2 to None, run_after=None
[2025-05-04T23:11:05.252+0000] {logging_mixin.py:188} INFO - [2025-05-04T23:11:05.252+0000] {dag.py:3033} INFO - Sync 2 DAGs
[2025-05-04T23:11:05.255+0000] {logging_mixin.py:188} INFO - [2025-05-04T23:11:05.255+0000] {dag.py:3820} INFO - Setting next_dagrun for example_subdag_operator.section-1 to None, run_after=None
[2025-05-04T23:11:05.255+0000] {logging_mixin.py:188} INFO - [2025-05-04T23:11:05.255+0000] {dag.py:3820} INFO - Setting next_dagrun for example_subdag_operator.section-2 to None, run_after=None
[2025-05-04T23:11:05.262+0000] {processor.py:183} INFO - Processing /home/airflow/.local/lib/python3.8/site-packages/airflow/example_dags/example_subdag_operator.py took 0.056 seconds
[2025-05-04T23:11:35.892+0000] {processor.py:161} INFO - Started process (PID=607) to work on /home/airflow/.local/lib/python3.8/site-packages/airflow/example_dags/example_subdag_operator.py
[2025-05-04T23:11:35.893+0000] {processor.py:830} INFO - Processing file /home/airflow/.local/lib/python3.8/site-packages/airflow/example_dags/example_subdag_operator.py for tasks to queue
[2025-05-04T23:11:35.894+0000] {logging_mixin.py:188} INFO - [2025-05-04T23:11:35.894+0000] {dagbag.py:538} INFO - Filling up the DagBag from /home/airflow/.local/lib/python3.8/site-packages/airflow/example_dags/example_subdag_operator.py
[2025-05-04T23:11:35.905+0000] {processor.py:840} INFO - DAG(s) 'example_subdag_operator.section-1', 'example_subdag_operator.section-2', 'example_subdag_operator' retrieved from /home/airflow/.local/lib/python3.8/site-packages/airflow/example_dags/example_subdag_operator.py
[2025-05-04T23:11:35.911+0000] {logging_mixin.py:188} INFO - [2025-05-04T23:11:35.911+0000] {dag.py:3033} INFO - Sync 3 DAGs
[2025-05-04T23:11:35.918+0000] {logging_mixin.py:188} INFO - [2025-05-04T23:11:35.918+0000] {dag.py:3820} INFO - Setting next_dagrun for example_subdag_operator to 2022-01-01T00:00:00+00:00, run_after=2022-01-01T00:00:00+00:00
[2025-05-04T23:11:35.920+0000] {logging_mixin.py:188} INFO - [2025-05-04T23:11:35.920+0000] {dag.py:3820} INFO - Setting next_dagrun for example_subdag_operator.section-1 to None, run_after=None
[2025-05-04T23:11:35.920+0000] {logging_mixin.py:188} INFO - [2025-05-04T23:11:35.920+0000] {dag.py:3820} INFO - Setting next_dagrun for example_subdag_operator.section-2 to None, run_after=None
[2025-05-04T23:11:35.923+0000] {logging_mixin.py:188} INFO - [2025-05-04T23:11:35.923+0000] {dag.py:3033} INFO - Sync 2 DAGs
[2025-05-04T23:11:35.924+0000] {logging_mixin.py:188} INFO - [2025-05-04T23:11:35.924+0000] {dag.py:3820} INFO - Setting next_dagrun for example_subdag_operator.section-1 to None, run_after=None
[2025-05-04T23:11:35.924+0000] {logging_mixin.py:188} INFO - [2025-05-04T23:11:35.924+0000] {dag.py:3820} INFO - Setting next_dagrun for example_subdag_operator.section-2 to None, run_after=None
[2025-05-04T23:11:35.928+0000] {processor.py:183} INFO - Processing /home/airflow/.local/lib/python3.8/site-packages/airflow/example_dags/example_subdag_operator.py took 0.037 seconds
[2025-05-04T23:12:06.447+0000] {processor.py:161} INFO - Started process (PID=663) to work on /home/airflow/.local/lib/python3.8/site-packages/airflow/example_dags/example_subdag_operator.py
[2025-05-04T23:12:06.448+0000] {processor.py:830} INFO - Processing file /home/airflow/.local/lib/python3.8/site-packages/airflow/example_dags/example_subdag_operator.py for tasks to queue
[2025-05-04T23:12:06.449+0000] {logging_mixin.py:188} INFO - [2025-05-04T23:12:06.449+0000] {dagbag.py:538} INFO - Filling up the DagBag from /home/airflow/.local/lib/python3.8/site-packages/airflow/example_dags/example_subdag_operator.py
[2025-05-04T23:12:06.464+0000] {processor.py:840} INFO - DAG(s) 'example_subdag_operator.section-1', 'example_subdag_operator.section-2', 'example_subdag_operator' retrieved from /home/airflow/.local/lib/python3.8/site-packages/airflow/example_dags/example_subdag_operator.py
[2025-05-04T23:12:06.471+0000] {logging_mixin.py:188} INFO - [2025-05-04T23:12:06.471+0000] {dag.py:3033} INFO - Sync 3 DAGs
[2025-05-04T23:12:06.483+0000] {logging_mixin.py:188} INFO - [2025-05-04T23:12:06.483+0000] {dag.py:3820} INFO - Setting next_dagrun for example_subdag_operator to 2022-01-01T00:00:00+00:00, run_after=2022-01-01T00:00:00+00:00
[2025-05-04T23:12:06.485+0000] {logging_mixin.py:188} INFO - [2025-05-04T23:12:06.485+0000] {dag.py:3820} INFO - Setting next_dagrun for example_subdag_operator.section-1 to None, run_after=None
[2025-05-04T23:12:06.486+0000] {logging_mixin.py:188} INFO - [2025-05-04T23:12:06.486+0000] {dag.py:3820} INFO - Setting next_dagrun for example_subdag_operator.section-2 to None, run_after=None
[2025-05-04T23:12:06.489+0000] {logging_mixin.py:188} INFO - [2025-05-04T23:12:06.489+0000] {dag.py:3033} INFO - Sync 2 DAGs
[2025-05-04T23:12:06.492+0000] {logging_mixin.py:188} INFO - [2025-05-04T23:12:06.492+0000] {dag.py:3820} INFO - Setting next_dagrun for example_subdag_operator.section-1 to None, run_after=None
[2025-05-04T23:12:06.493+0000] {logging_mixin.py:188} INFO - [2025-05-04T23:12:06.492+0000] {dag.py:3820} INFO - Setting next_dagrun for example_subdag_operator.section-2 to None, run_after=None
[2025-05-04T23:12:06.499+0000] {processor.py:183} INFO - Processing /home/airflow/.local/lib/python3.8/site-packages/airflow/example_dags/example_subdag_operator.py took 0.053 seconds
[2025-05-04T23:12:37.175+0000] {processor.py:161} INFO - Started process (PID=719) to work on /home/airflow/.local/lib/python3.8/site-packages/airflow/example_dags/example_subdag_operator.py
[2025-05-04T23:12:37.176+0000] {processor.py:830} INFO - Processing file /home/airflow/.local/lib/python3.8/site-packages/airflow/example_dags/example_subdag_operator.py for tasks to queue
[2025-05-04T23:12:37.177+0000] {logging_mixin.py:188} INFO - [2025-05-04T23:12:37.177+0000] {dagbag.py:538} INFO - Filling up the DagBag from /home/airflow/.local/lib/python3.8/site-packages/airflow/example_dags/example_subdag_operator.py
[2025-05-04T23:12:37.191+0000] {processor.py:840} INFO - DAG(s) 'example_subdag_operator.section-1', 'example_subdag_operator.section-2', 'example_subdag_operator' retrieved from /home/airflow/.local/lib/python3.8/site-packages/airflow/example_dags/example_subdag_operator.py
[2025-05-04T23:12:37.199+0000] {logging_mixin.py:188} INFO - [2025-05-04T23:12:37.199+0000] {dag.py:3033} INFO - Sync 3 DAGs
[2025-05-04T23:12:37.210+0000] {logging_mixin.py:188} INFO - [2025-05-04T23:12:37.210+0000] {dag.py:3820} INFO - Setting next_dagrun for example_subdag_operator to 2022-01-01T00:00:00+00:00, run_after=2022-01-01T00:00:00+00:00
[2025-05-04T23:12:37.213+0000] {logging_mixin.py:188} INFO - [2025-05-04T23:12:37.213+0000] {dag.py:3820} INFO - Setting next_dagrun for example_subdag_operator.section-1 to None, run_after=None
[2025-05-04T23:12:37.214+0000] {logging_mixin.py:188} INFO - [2025-05-04T23:12:37.214+0000] {dag.py:3820} INFO - Setting next_dagrun for example_subdag_operator.section-2 to None, run_after=None
[2025-05-04T23:12:37.218+0000] {logging_mixin.py:188} INFO - [2025-05-04T23:12:37.218+0000] {dag.py:3033} INFO - Sync 2 DAGs
[2025-05-04T23:12:37.220+0000] {logging_mixin.py:188} INFO - [2025-05-04T23:12:37.220+0000] {dag.py:3820} INFO - Setting next_dagrun for example_subdag_operator.section-1 to None, run_after=None
[2025-05-04T23:12:37.220+0000] {logging_mixin.py:188} INFO - [2025-05-04T23:12:37.220+0000] {dag.py:3820} INFO - Setting next_dagrun for example_subdag_operator.section-2 to None, run_after=None
[2025-05-04T23:12:37.227+0000] {processor.py:183} INFO - Processing /home/airflow/.local/lib/python3.8/site-packages/airflow/example_dags/example_subdag_operator.py took 0.054 seconds
[2025-05-04T23:13:07.840+0000] {processor.py:161} INFO - Started process (PID=775) to work on /home/airflow/.local/lib/python3.8/site-packages/airflow/example_dags/example_subdag_operator.py
[2025-05-04T23:13:07.841+0000] {processor.py:830} INFO - Processing file /home/airflow/.local/lib/python3.8/site-packages/airflow/example_dags/example_subdag_operator.py for tasks to queue
[2025-05-04T23:13:07.842+0000] {logging_mixin.py:188} INFO - [2025-05-04T23:13:07.842+0000] {dagbag.py:538} INFO - Filling up the DagBag from /home/airflow/.local/lib/python3.8/site-packages/airflow/example_dags/example_subdag_operator.py
[2025-05-04T23:13:07.853+0000] {processor.py:840} INFO - DAG(s) 'example_subdag_operator.section-1', 'example_subdag_operator.section-2', 'example_subdag_operator' retrieved from /home/airflow/.local/lib/python3.8/site-packages/airflow/example_dags/example_subdag_operator.py
[2025-05-04T23:13:07.859+0000] {logging_mixin.py:188} INFO - [2025-05-04T23:13:07.859+0000] {dag.py:3033} INFO - Sync 3 DAGs
[2025-05-04T23:13:07.867+0000] {logging_mixin.py:188} INFO - [2025-05-04T23:13:07.867+0000] {dag.py:3820} INFO - Setting next_dagrun for example_subdag_operator to 2022-01-01T00:00:00+00:00, run_after=2022-01-01T00:00:00+00:00
[2025-05-04T23:13:07.868+0000] {logging_mixin.py:188} INFO - [2025-05-04T23:13:07.868+0000] {dag.py:3820} INFO - Setting next_dagrun for example_subdag_operator.section-1 to None, run_after=None
[2025-05-04T23:13:07.868+0000] {logging_mixin.py:188} INFO - [2025-05-04T23:13:07.868+0000] {dag.py:3820} INFO - Setting next_dagrun for example_subdag_operator.section-2 to None, run_after=None
[2025-05-04T23:13:07.871+0000] {logging_mixin.py:188} INFO - [2025-05-04T23:13:07.871+0000] {dag.py:3033} INFO - Sync 2 DAGs
[2025-05-04T23:13:07.873+0000] {logging_mixin.py:188} INFO - [2025-05-04T23:13:07.873+0000] {dag.py:3820} INFO - Setting next_dagrun for example_subdag_operator.section-1 to None, run_after=None
[2025-05-04T23:13:07.873+0000] {logging_mixin.py:188} INFO - [2025-05-04T23:13:07.873+0000] {dag.py:3820} INFO - Setting next_dagrun for example_subdag_operator.section-2 to None, run_after=None
[2025-05-04T23:13:07.876+0000] {processor.py:183} INFO - Processing /home/airflow/.local/lib/python3.8/site-packages/airflow/example_dags/example_subdag_operator.py took 0.039 seconds
[2025-05-04T23:13:38.451+0000] {processor.py:161} INFO - Started process (PID=831) to work on /home/airflow/.local/lib/python3.8/site-packages/airflow/example_dags/example_subdag_operator.py
[2025-05-04T23:13:38.452+0000] {processor.py:830} INFO - Processing file /home/airflow/.local/lib/python3.8/site-packages/airflow/example_dags/example_subdag_operator.py for tasks to queue
[2025-05-04T23:13:38.453+0000] {logging_mixin.py:188} INFO - [2025-05-04T23:13:38.453+0000] {dagbag.py:538} INFO - Filling up the DagBag from /home/airflow/.local/lib/python3.8/site-packages/airflow/example_dags/example_subdag_operator.py
[2025-05-04T23:13:38.465+0000] {processor.py:840} INFO - DAG(s) 'example_subdag_operator.section-1', 'example_subdag_operator.section-2', 'example_subdag_operator' retrieved from /home/airflow/.local/lib/python3.8/site-packages/airflow/example_dags/example_subdag_operator.py
[2025-05-04T23:13:38.471+0000] {logging_mixin.py:188} INFO - [2025-05-04T23:13:38.471+0000] {dag.py:3033} INFO - Sync 3 DAGs
[2025-05-04T23:13:38.480+0000] {logging_mixin.py:188} INFO - [2025-05-04T23:13:38.480+0000] {dag.py:3820} INFO - Setting next_dagrun for example_subdag_operator to 2022-01-01T00:00:00+00:00, run_after=2022-01-01T00:00:00+00:00
[2025-05-04T23:13:38.482+0000] {logging_mixin.py:188} INFO - [2025-05-04T23:13:38.482+0000] {dag.py:3820} INFO - Setting next_dagrun for example_subdag_operator.section-1 to None, run_after=None
[2025-05-04T23:13:38.482+0000] {logging_mixin.py:188} INFO - [2025-05-04T23:13:38.482+0000] {dag.py:3820} INFO - Setting next_dagrun for example_subdag_operator.section-2 to None, run_after=None
[2025-05-04T23:13:38.485+0000] {logging_mixin.py:188} INFO - [2025-05-04T23:13:38.485+0000] {dag.py:3033} INFO - Sync 2 DAGs
[2025-05-04T23:13:38.487+0000] {logging_mixin.py:188} INFO - [2025-05-04T23:13:38.487+0000] {dag.py:3820} INFO - Setting next_dagrun for example_subdag_operator.section-1 to None, run_after=None
[2025-05-04T23:13:38.487+0000] {logging_mixin.py:188} INFO - [2025-05-04T23:13:38.487+0000] {dag.py:3820} INFO - Setting next_dagrun for example_subdag_operator.section-2 to None, run_after=None
[2025-05-04T23:13:38.491+0000] {processor.py:183} INFO - Processing /home/airflow/.local/lib/python3.8/site-packages/airflow/example_dags/example_subdag_operator.py took 0.042 seconds
[2025-05-04T23:14:09.159+0000] {processor.py:161} INFO - Started process (PID=887) to work on /home/airflow/.local/lib/python3.8/site-packages/airflow/example_dags/example_subdag_operator.py
[2025-05-04T23:14:09.161+0000] {processor.py:830} INFO - Processing file /home/airflow/.local/lib/python3.8/site-packages/airflow/example_dags/example_subdag_operator.py for tasks to queue
[2025-05-04T23:14:09.162+0000] {logging_mixin.py:188} INFO - [2025-05-04T23:14:09.162+0000] {dagbag.py:538} INFO - Filling up the DagBag from /home/airflow/.local/lib/python3.8/site-packages/airflow/example_dags/example_subdag_operator.py
[2025-05-04T23:14:09.173+0000] {processor.py:840} INFO - DAG(s) 'example_subdag_operator.section-1', 'example_subdag_operator.section-2', 'example_subdag_operator' retrieved from /home/airflow/.local/lib/python3.8/site-packages/airflow/example_dags/example_subdag_operator.py
[2025-05-04T23:14:09.179+0000] {logging_mixin.py:188} INFO - [2025-05-04T23:14:09.179+0000] {dag.py:3033} INFO - Sync 3 DAGs
[2025-05-04T23:14:09.187+0000] {logging_mixin.py:188} INFO - [2025-05-04T23:14:09.187+0000] {dag.py:3820} INFO - Setting next_dagrun for example_subdag_operator to 2022-01-01T00:00:00+00:00, run_after=2022-01-01T00:00:00+00:00
[2025-05-04T23:14:09.188+0000] {logging_mixin.py:188} INFO - [2025-05-04T23:14:09.188+0000] {dag.py:3820} INFO - Setting next_dagrun for example_subdag_operator.section-1 to None, run_after=None
[2025-05-04T23:14:09.188+0000] {logging_mixin.py:188} INFO - [2025-05-04T23:14:09.188+0000] {dag.py:3820} INFO - Setting next_dagrun for example_subdag_operator.section-2 to None, run_after=None
[2025-05-04T23:14:09.191+0000] {logging_mixin.py:188} INFO - [2025-05-04T23:14:09.191+0000] {dag.py:3033} INFO - Sync 2 DAGs
[2025-05-04T23:14:09.193+0000] {logging_mixin.py:188} INFO - [2025-05-04T23:14:09.192+0000] {dag.py:3820} INFO - Setting next_dagrun for example_subdag_operator.section-1 to None, run_after=None
[2025-05-04T23:14:09.193+0000] {logging_mixin.py:188} INFO - [2025-05-04T23:14:09.193+0000] {dag.py:3820} INFO - Setting next_dagrun for example_subdag_operator.section-2 to None, run_after=None
[2025-05-04T23:14:09.196+0000] {processor.py:183} INFO - Processing /home/airflow/.local/lib/python3.8/site-packages/airflow/example_dags/example_subdag_operator.py took 0.039 seconds
[2025-05-04T23:14:39.851+0000] {processor.py:161} INFO - Started process (PID=943) to work on /home/airflow/.local/lib/python3.8/site-packages/airflow/example_dags/example_subdag_operator.py
[2025-05-04T23:14:39.852+0000] {processor.py:830} INFO - Processing file /home/airflow/.local/lib/python3.8/site-packages/airflow/example_dags/example_subdag_operator.py for tasks to queue
[2025-05-04T23:14:39.853+0000] {logging_mixin.py:188} INFO - [2025-05-04T23:14:39.852+0000] {dagbag.py:538} INFO - Filling up the DagBag from /home/airflow/.local/lib/python3.8/site-packages/airflow/example_dags/example_subdag_operator.py
[2025-05-04T23:14:39.868+0000] {processor.py:840} INFO - DAG(s) 'example_subdag_operator.section-1', 'example_subdag_operator.section-2', 'example_subdag_operator' retrieved from /home/airflow/.local/lib/python3.8/site-packages/airflow/example_dags/example_subdag_operator.py
[2025-05-04T23:14:39.876+0000] {logging_mixin.py:188} INFO - [2025-05-04T23:14:39.876+0000] {dag.py:3033} INFO - Sync 3 DAGs
[2025-05-04T23:14:39.887+0000] {logging_mixin.py:188} INFO - [2025-05-04T23:14:39.887+0000] {dag.py:3820} INFO - Setting next_dagrun for example_subdag_operator to 2022-01-01T00:00:00+00:00, run_after=2022-01-01T00:00:00+00:00
[2025-05-04T23:14:39.889+0000] {logging_mixin.py:188} INFO - [2025-05-04T23:14:39.889+0000] {dag.py:3820} INFO - Setting next_dagrun for example_subdag_operator.section-1 to None, run_after=None
[2025-05-04T23:14:39.891+0000] {logging_mixin.py:188} INFO - [2025-05-04T23:14:39.891+0000] {dag.py:3820} INFO - Setting next_dagrun for example_subdag_operator.section-2 to None, run_after=None
[2025-05-04T23:14:39.894+0000] {logging_mixin.py:188} INFO - [2025-05-04T23:14:39.894+0000] {dag.py:3033} INFO - Sync 2 DAGs
[2025-05-04T23:14:39.896+0000] {logging_mixin.py:188} INFO - [2025-05-04T23:14:39.896+0000] {dag.py:3820} INFO - Setting next_dagrun for example_subdag_operator.section-1 to None, run_after=None
[2025-05-04T23:14:39.897+0000] {logging_mixin.py:188} INFO - [2025-05-04T23:14:39.897+0000] {dag.py:3820} INFO - Setting next_dagrun for example_subdag_operator.section-2 to None, run_after=None
[2025-05-04T23:14:39.904+0000] {processor.py:183} INFO - Processing /home/airflow/.local/lib/python3.8/site-packages/airflow/example_dags/example_subdag_operator.py took 0.055 seconds
[2025-05-04T23:15:10.101+0000] {processor.py:161} INFO - Started process (PID=999) to work on /home/airflow/.local/lib/python3.8/site-packages/airflow/example_dags/example_subdag_operator.py
[2025-05-04T23:15:10.103+0000] {processor.py:830} INFO - Processing file /home/airflow/.local/lib/python3.8/site-packages/airflow/example_dags/example_subdag_operator.py for tasks to queue
[2025-05-04T23:15:10.104+0000] {logging_mixin.py:188} INFO - [2025-05-04T23:15:10.104+0000] {dagbag.py:538} INFO - Filling up the DagBag from /home/airflow/.local/lib/python3.8/site-packages/airflow/example_dags/example_subdag_operator.py
[2025-05-04T23:15:10.116+0000] {processor.py:840} INFO - DAG(s) 'example_subdag_operator.section-1', 'example_subdag_operator.section-2', 'example_subdag_operator' retrieved from /home/airflow/.local/lib/python3.8/site-packages/airflow/example_dags/example_subdag_operator.py
[2025-05-04T23:15:10.123+0000] {logging_mixin.py:188} INFO - [2025-05-04T23:15:10.123+0000] {dag.py:3033} INFO - Sync 3 DAGs
[2025-05-04T23:15:10.131+0000] {logging_mixin.py:188} INFO - [2025-05-04T23:15:10.131+0000] {dag.py:3820} INFO - Setting next_dagrun for example_subdag_operator to 2022-01-01T00:00:00+00:00, run_after=2022-01-01T00:00:00+00:00
[2025-05-04T23:15:10.133+0000] {logging_mixin.py:188} INFO - [2025-05-04T23:15:10.133+0000] {dag.py:3820} INFO - Setting next_dagrun for example_subdag_operator.section-1 to None, run_after=None
[2025-05-04T23:15:10.133+0000] {logging_mixin.py:188} INFO - [2025-05-04T23:15:10.133+0000] {dag.py:3820} INFO - Setting next_dagrun for example_subdag_operator.section-2 to None, run_after=None
[2025-05-04T23:15:10.137+0000] {logging_mixin.py:188} INFO - [2025-05-04T23:15:10.137+0000] {dag.py:3033} INFO - Sync 2 DAGs
[2025-05-04T23:15:10.139+0000] {logging_mixin.py:188} INFO - [2025-05-04T23:15:10.139+0000] {dag.py:3820} INFO - Setting next_dagrun for example_subdag_operator.section-1 to None, run_after=None
[2025-05-04T23:15:10.139+0000] {logging_mixin.py:188} INFO - [2025-05-04T23:15:10.139+0000] {dag.py:3820} INFO - Setting next_dagrun for example_subdag_operator.section-2 to None, run_after=None
[2025-05-04T23:15:10.143+0000] {processor.py:183} INFO - Processing /home/airflow/.local/lib/python3.8/site-packages/airflow/example_dags/example_subdag_operator.py took 0.045 seconds
[2025-05-04T23:15:40.908+0000] {processor.py:161} INFO - Started process (PID=1055) to work on /home/airflow/.local/lib/python3.8/site-packages/airflow/example_dags/example_subdag_operator.py
[2025-05-04T23:15:40.908+0000] {processor.py:830} INFO - Processing file /home/airflow/.local/lib/python3.8/site-packages/airflow/example_dags/example_subdag_operator.py for tasks to queue
[2025-05-04T23:15:40.909+0000] {logging_mixin.py:188} INFO - [2025-05-04T23:15:40.909+0000] {dagbag.py:538} INFO - Filling up the DagBag from /home/airflow/.local/lib/python3.8/site-packages/airflow/example_dags/example_subdag_operator.py
[2025-05-04T23:15:40.923+0000] {processor.py:840} INFO - DAG(s) 'example_subdag_operator.section-1', 'example_subdag_operator.section-2', 'example_subdag_operator' retrieved from /home/airflow/.local/lib/python3.8/site-packages/airflow/example_dags/example_subdag_operator.py
[2025-05-04T23:15:40.930+0000] {logging_mixin.py:188} INFO - [2025-05-04T23:15:40.930+0000] {dag.py:3033} INFO - Sync 3 DAGs
[2025-05-04T23:15:40.940+0000] {logging_mixin.py:188} INFO - [2025-05-04T23:15:40.940+0000] {dag.py:3820} INFO - Setting next_dagrun for example_subdag_operator to 2022-01-01T00:00:00+00:00, run_after=2022-01-01T00:00:00+00:00
[2025-05-04T23:15:40.942+0000] {logging_mixin.py:188} INFO - [2025-05-04T23:15:40.942+0000] {dag.py:3820} INFO - Setting next_dagrun for example_subdag_operator.section-1 to None, run_after=None
[2025-05-04T23:15:40.942+0000] {logging_mixin.py:188} INFO - [2025-05-04T23:15:40.942+0000] {dag.py:3820} INFO - Setting next_dagrun for example_subdag_operator.section-2 to None, run_after=None
[2025-05-04T23:15:40.947+0000] {logging_mixin.py:188} INFO - [2025-05-04T23:15:40.947+0000] {dag.py:3033} INFO - Sync 2 DAGs
[2025-05-04T23:15:40.951+0000] {logging_mixin.py:188} INFO - [2025-05-04T23:15:40.951+0000] {dag.py:3820} INFO - Setting next_dagrun for example_subdag_operator.section-1 to None, run_after=None
[2025-05-04T23:15:40.951+0000] {logging_mixin.py:188} INFO - [2025-05-04T23:15:40.951+0000] {dag.py:3820} INFO - Setting next_dagrun for example_subdag_operator.section-2 to None, run_after=None
[2025-05-04T23:15:40.957+0000] {processor.py:183} INFO - Processing /home/airflow/.local/lib/python3.8/site-packages/airflow/example_dags/example_subdag_operator.py took 0.051 seconds
[2025-05-04T23:18:30.333+0000] {processor.py:161} INFO - Started process (PID=42) to work on /home/airflow/.local/lib/python3.8/site-packages/airflow/example_dags/example_subdag_operator.py
[2025-05-04T23:18:30.337+0000] {processor.py:830} INFO - Processing file /home/airflow/.local/lib/python3.8/site-packages/airflow/example_dags/example_subdag_operator.py for tasks to queue
[2025-05-04T23:18:30.341+0000] {logging_mixin.py:188} INFO - [2025-05-04T23:18:30.341+0000] {dagbag.py:538} INFO - Filling up the DagBag from /home/airflow/.local/lib/python3.8/site-packages/airflow/example_dags/example_subdag_operator.py
[2025-05-04T23:18:30.367+0000] {processor.py:840} INFO - DAG(s) 'example_subdag_operator.section-1', 'example_subdag_operator.section-2', 'example_subdag_operator' retrieved from /home/airflow/.local/lib/python3.8/site-packages/airflow/example_dags/example_subdag_operator.py
[2025-05-04T23:18:30.378+0000] {logging_mixin.py:188} INFO - [2025-05-04T23:18:30.378+0000] {dag.py:3033} INFO - Sync 3 DAGs
[2025-05-04T23:18:30.406+0000] {logging_mixin.py:188} INFO - [2025-05-04T23:18:30.406+0000] {dag.py:3820} INFO - Setting next_dagrun for example_subdag_operator to 2022-01-01T00:00:00+00:00, run_after=2022-01-01T00:00:00+00:00
[2025-05-04T23:18:30.414+0000] {logging_mixin.py:188} INFO - [2025-05-04T23:18:30.414+0000] {dag.py:3820} INFO - Setting next_dagrun for example_subdag_operator.section-1 to None, run_after=None
[2025-05-04T23:18:30.416+0000] {logging_mixin.py:188} INFO - [2025-05-04T23:18:30.416+0000] {dag.py:3820} INFO - Setting next_dagrun for example_subdag_operator.section-2 to None, run_after=None
[2025-05-04T23:18:30.423+0000] {logging_mixin.py:188} INFO - [2025-05-04T23:18:30.422+0000] {dag.py:3033} INFO - Sync 2 DAGs
[2025-05-04T23:18:30.430+0000] {logging_mixin.py:188} INFO - [2025-05-04T23:18:30.430+0000] {dag.py:3820} INFO - Setting next_dagrun for example_subdag_operator.section-1 to None, run_after=None
[2025-05-04T23:18:30.431+0000] {logging_mixin.py:188} INFO - [2025-05-04T23:18:30.430+0000] {dag.py:3820} INFO - Setting next_dagrun for example_subdag_operator.section-2 to None, run_after=None
[2025-05-04T23:18:30.445+0000] {processor.py:183} INFO - Processing /home/airflow/.local/lib/python3.8/site-packages/airflow/example_dags/example_subdag_operator.py took 0.117 seconds
[2025-05-04T23:19:00.941+0000] {processor.py:161} INFO - Started process (PID=98) to work on /home/airflow/.local/lib/python3.8/site-packages/airflow/example_dags/example_subdag_operator.py
[2025-05-04T23:19:00.942+0000] {processor.py:830} INFO - Processing file /home/airflow/.local/lib/python3.8/site-packages/airflow/example_dags/example_subdag_operator.py for tasks to queue
[2025-05-04T23:19:00.944+0000] {logging_mixin.py:188} INFO - [2025-05-04T23:19:00.944+0000] {dagbag.py:538} INFO - Filling up the DagBag from /home/airflow/.local/lib/python3.8/site-packages/airflow/example_dags/example_subdag_operator.py
[2025-05-04T23:19:00.960+0000] {processor.py:840} INFO - DAG(s) 'example_subdag_operator.section-1', 'example_subdag_operator.section-2', 'example_subdag_operator' retrieved from /home/airflow/.local/lib/python3.8/site-packages/airflow/example_dags/example_subdag_operator.py
[2025-05-04T23:19:01.010+0000] {logging_mixin.py:188} INFO - [2025-05-04T23:19:01.010+0000] {dag.py:3033} INFO - Sync 3 DAGs
[2025-05-04T23:19:01.023+0000] {logging_mixin.py:188} INFO - [2025-05-04T23:19:01.023+0000] {dag.py:3820} INFO - Setting next_dagrun for example_subdag_operator to 2022-01-01T00:00:00+00:00, run_after=2022-01-01T00:00:00+00:00
[2025-05-04T23:19:01.028+0000] {logging_mixin.py:188} INFO - [2025-05-04T23:19:01.028+0000] {dag.py:3820} INFO - Setting next_dagrun for example_subdag_operator.section-1 to None, run_after=None
[2025-05-04T23:19:01.028+0000] {logging_mixin.py:188} INFO - [2025-05-04T23:19:01.028+0000] {dag.py:3820} INFO - Setting next_dagrun for example_subdag_operator.section-2 to None, run_after=None
[2025-05-04T23:19:01.033+0000] {logging_mixin.py:188} INFO - [2025-05-04T23:19:01.033+0000] {dag.py:3033} INFO - Sync 2 DAGs
[2025-05-04T23:19:01.038+0000] {logging_mixin.py:188} INFO - [2025-05-04T23:19:01.038+0000] {dag.py:3820} INFO - Setting next_dagrun for example_subdag_operator.section-1 to None, run_after=None
[2025-05-04T23:19:01.038+0000] {logging_mixin.py:188} INFO - [2025-05-04T23:19:01.038+0000] {dag.py:3820} INFO - Setting next_dagrun for example_subdag_operator.section-2 to None, run_after=None
[2025-05-04T23:19:01.047+0000] {processor.py:183} INFO - Processing /home/airflow/.local/lib/python3.8/site-packages/airflow/example_dags/example_subdag_operator.py took 0.108 seconds
[2025-05-04T23:19:31.573+0000] {processor.py:161} INFO - Started process (PID=154) to work on /home/airflow/.local/lib/python3.8/site-packages/airflow/example_dags/example_subdag_operator.py
[2025-05-04T23:19:31.574+0000] {processor.py:830} INFO - Processing file /home/airflow/.local/lib/python3.8/site-packages/airflow/example_dags/example_subdag_operator.py for tasks to queue
[2025-05-04T23:19:31.575+0000] {logging_mixin.py:188} INFO - [2025-05-04T23:19:31.575+0000] {dagbag.py:538} INFO - Filling up the DagBag from /home/airflow/.local/lib/python3.8/site-packages/airflow/example_dags/example_subdag_operator.py
[2025-05-04T23:19:31.590+0000] {processor.py:840} INFO - DAG(s) 'example_subdag_operator.section-1', 'example_subdag_operator.section-2', 'example_subdag_operator' retrieved from /home/airflow/.local/lib/python3.8/site-packages/airflow/example_dags/example_subdag_operator.py
[2025-05-04T23:19:31.598+0000] {logging_mixin.py:188} INFO - [2025-05-04T23:19:31.598+0000] {dag.py:3033} INFO - Sync 3 DAGs
[2025-05-04T23:19:31.607+0000] {logging_mixin.py:188} INFO - [2025-05-04T23:19:31.607+0000] {dag.py:3820} INFO - Setting next_dagrun for example_subdag_operator to 2022-01-01T00:00:00+00:00, run_after=2022-01-01T00:00:00+00:00
[2025-05-04T23:19:31.608+0000] {logging_mixin.py:188} INFO - [2025-05-04T23:19:31.608+0000] {dag.py:3820} INFO - Setting next_dagrun for example_subdag_operator.section-1 to None, run_after=None
[2025-05-04T23:19:31.608+0000] {logging_mixin.py:188} INFO - [2025-05-04T23:19:31.608+0000] {dag.py:3820} INFO - Setting next_dagrun for example_subdag_operator.section-2 to None, run_after=None
[2025-05-04T23:19:31.612+0000] {logging_mixin.py:188} INFO - [2025-05-04T23:19:31.611+0000] {dag.py:3033} INFO - Sync 2 DAGs
[2025-05-04T23:19:31.614+0000] {logging_mixin.py:188} INFO - [2025-05-04T23:19:31.614+0000] {dag.py:3820} INFO - Setting next_dagrun for example_subdag_operator.section-1 to None, run_after=None
[2025-05-04T23:19:31.614+0000] {logging_mixin.py:188} INFO - [2025-05-04T23:19:31.614+0000] {dag.py:3820} INFO - Setting next_dagrun for example_subdag_operator.section-2 to None, run_after=None
[2025-05-04T23:19:31.619+0000] {processor.py:183} INFO - Processing /home/airflow/.local/lib/python3.8/site-packages/airflow/example_dags/example_subdag_operator.py took 0.049 seconds
[2025-05-04T23:20:02.255+0000] {processor.py:161} INFO - Started process (PID=210) to work on /home/airflow/.local/lib/python3.8/site-packages/airflow/example_dags/example_subdag_operator.py
[2025-05-04T23:20:02.257+0000] {processor.py:830} INFO - Processing file /home/airflow/.local/lib/python3.8/site-packages/airflow/example_dags/example_subdag_operator.py for tasks to queue
[2025-05-04T23:20:02.259+0000] {logging_mixin.py:188} INFO - [2025-05-04T23:20:02.259+0000] {dagbag.py:538} INFO - Filling up the DagBag from /home/airflow/.local/lib/python3.8/site-packages/airflow/example_dags/example_subdag_operator.py
[2025-05-04T23:20:02.275+0000] {processor.py:840} INFO - DAG(s) 'example_subdag_operator.section-1', 'example_subdag_operator.section-2', 'example_subdag_operator' retrieved from /home/airflow/.local/lib/python3.8/site-packages/airflow/example_dags/example_subdag_operator.py
[2025-05-04T23:20:02.285+0000] {logging_mixin.py:188} INFO - [2025-05-04T23:20:02.284+0000] {dag.py:3033} INFO - Sync 3 DAGs
[2025-05-04T23:20:02.297+0000] {logging_mixin.py:188} INFO - [2025-05-04T23:20:02.296+0000] {dag.py:3820} INFO - Setting next_dagrun for example_subdag_operator to 2022-01-01T00:00:00+00:00, run_after=2022-01-01T00:00:00+00:00
[2025-05-04T23:20:02.300+0000] {logging_mixin.py:188} INFO - [2025-05-04T23:20:02.300+0000] {dag.py:3820} INFO - Setting next_dagrun for example_subdag_operator.section-1 to None, run_after=None
[2025-05-04T23:20:02.301+0000] {logging_mixin.py:188} INFO - [2025-05-04T23:20:02.301+0000] {dag.py:3820} INFO - Setting next_dagrun for example_subdag_operator.section-2 to None, run_after=None
[2025-05-04T23:20:02.306+0000] {logging_mixin.py:188} INFO - [2025-05-04T23:20:02.306+0000] {dag.py:3033} INFO - Sync 2 DAGs
[2025-05-04T23:20:02.309+0000] {logging_mixin.py:188} INFO - [2025-05-04T23:20:02.309+0000] {dag.py:3820} INFO - Setting next_dagrun for example_subdag_operator.section-1 to None, run_after=None
[2025-05-04T23:20:02.309+0000] {logging_mixin.py:188} INFO - [2025-05-04T23:20:02.309+0000] {dag.py:3820} INFO - Setting next_dagrun for example_subdag_operator.section-2 to None, run_after=None
[2025-05-04T23:20:02.316+0000] {processor.py:183} INFO - Processing /home/airflow/.local/lib/python3.8/site-packages/airflow/example_dags/example_subdag_operator.py took 0.064 seconds
[2025-05-04T23:20:33.049+0000] {processor.py:161} INFO - Started process (PID=265) to work on /home/airflow/.local/lib/python3.8/site-packages/airflow/example_dags/example_subdag_operator.py
[2025-05-04T23:20:33.050+0000] {processor.py:830} INFO - Processing file /home/airflow/.local/lib/python3.8/site-packages/airflow/example_dags/example_subdag_operator.py for tasks to queue
[2025-05-04T23:20:33.052+0000] {logging_mixin.py:188} INFO - [2025-05-04T23:20:33.051+0000] {dagbag.py:538} INFO - Filling up the DagBag from /home/airflow/.local/lib/python3.8/site-packages/airflow/example_dags/example_subdag_operator.py
[2025-05-04T23:20:33.068+0000] {processor.py:840} INFO - DAG(s) 'example_subdag_operator.section-1', 'example_subdag_operator.section-2', 'example_subdag_operator' retrieved from /home/airflow/.local/lib/python3.8/site-packages/airflow/example_dags/example_subdag_operator.py
[2025-05-04T23:20:33.075+0000] {logging_mixin.py:188} INFO - [2025-05-04T23:20:33.075+0000] {dag.py:3033} INFO - Sync 3 DAGs
[2025-05-04T23:20:33.090+0000] {logging_mixin.py:188} INFO - [2025-05-04T23:20:33.090+0000] {dag.py:3820} INFO - Setting next_dagrun for example_subdag_operator to 2022-01-01T00:00:00+00:00, run_after=2022-01-01T00:00:00+00:00
[2025-05-04T23:20:33.095+0000] {logging_mixin.py:188} INFO - [2025-05-04T23:20:33.095+0000] {dag.py:3820} INFO - Setting next_dagrun for example_subdag_operator.section-1 to None, run_after=None
[2025-05-04T23:20:33.095+0000] {logging_mixin.py:188} INFO - [2025-05-04T23:20:33.095+0000] {dag.py:3820} INFO - Setting next_dagrun for example_subdag_operator.section-2 to None, run_after=None
[2025-05-04T23:20:33.100+0000] {logging_mixin.py:188} INFO - [2025-05-04T23:20:33.100+0000] {dag.py:3033} INFO - Sync 2 DAGs
[2025-05-04T23:20:33.104+0000] {logging_mixin.py:188} INFO - [2025-05-04T23:20:33.103+0000] {dag.py:3820} INFO - Setting next_dagrun for example_subdag_operator.section-1 to None, run_after=None
[2025-05-04T23:20:33.104+0000] {logging_mixin.py:188} INFO - [2025-05-04T23:20:33.104+0000] {dag.py:3820} INFO - Setting next_dagrun for example_subdag_operator.section-2 to None, run_after=None
[2025-05-04T23:20:33.111+0000] {processor.py:183} INFO - Processing /home/airflow/.local/lib/python3.8/site-packages/airflow/example_dags/example_subdag_operator.py took 0.064 seconds
[2025-05-04T23:21:03.146+0000] {processor.py:161} INFO - Started process (PID=321) to work on /home/airflow/.local/lib/python3.8/site-packages/airflow/example_dags/example_subdag_operator.py
[2025-05-04T23:21:03.147+0000] {processor.py:830} INFO - Processing file /home/airflow/.local/lib/python3.8/site-packages/airflow/example_dags/example_subdag_operator.py for tasks to queue
[2025-05-04T23:21:03.147+0000] {logging_mixin.py:188} INFO - [2025-05-04T23:21:03.147+0000] {dagbag.py:538} INFO - Filling up the DagBag from /home/airflow/.local/lib/python3.8/site-packages/airflow/example_dags/example_subdag_operator.py
[2025-05-04T23:21:03.158+0000] {processor.py:840} INFO - DAG(s) 'example_subdag_operator.section-1', 'example_subdag_operator.section-2', 'example_subdag_operator' retrieved from /home/airflow/.local/lib/python3.8/site-packages/airflow/example_dags/example_subdag_operator.py
[2025-05-04T23:21:03.163+0000] {logging_mixin.py:188} INFO - [2025-05-04T23:21:03.163+0000] {dag.py:3033} INFO - Sync 3 DAGs
[2025-05-04T23:21:03.171+0000] {logging_mixin.py:188} INFO - [2025-05-04T23:21:03.171+0000] {dag.py:3820} INFO - Setting next_dagrun for example_subdag_operator to 2022-01-01T00:00:00+00:00, run_after=2022-01-01T00:00:00+00:00
[2025-05-04T23:21:03.172+0000] {logging_mixin.py:188} INFO - [2025-05-04T23:21:03.172+0000] {dag.py:3820} INFO - Setting next_dagrun for example_subdag_operator.section-1 to None, run_after=None
[2025-05-04T23:21:03.173+0000] {logging_mixin.py:188} INFO - [2025-05-04T23:21:03.173+0000] {dag.py:3820} INFO - Setting next_dagrun for example_subdag_operator.section-2 to None, run_after=None
[2025-05-04T23:21:03.175+0000] {logging_mixin.py:188} INFO - [2025-05-04T23:21:03.175+0000] {dag.py:3033} INFO - Sync 2 DAGs
[2025-05-04T23:21:03.176+0000] {logging_mixin.py:188} INFO - [2025-05-04T23:21:03.176+0000] {dag.py:3820} INFO - Setting next_dagrun for example_subdag_operator.section-1 to None, run_after=None
[2025-05-04T23:21:03.176+0000] {logging_mixin.py:188} INFO - [2025-05-04T23:21:03.176+0000] {dag.py:3820} INFO - Setting next_dagrun for example_subdag_operator.section-2 to None, run_after=None
[2025-05-04T23:21:03.180+0000] {processor.py:183} INFO - Processing /home/airflow/.local/lib/python3.8/site-packages/airflow/example_dags/example_subdag_operator.py took 0.035 seconds
[2025-05-04T23:21:33.938+0000] {processor.py:161} INFO - Started process (PID=377) to work on /home/airflow/.local/lib/python3.8/site-packages/airflow/example_dags/example_subdag_operator.py
[2025-05-04T23:21:33.939+0000] {processor.py:830} INFO - Processing file /home/airflow/.local/lib/python3.8/site-packages/airflow/example_dags/example_subdag_operator.py for tasks to queue
[2025-05-04T23:21:33.940+0000] {logging_mixin.py:188} INFO - [2025-05-04T23:21:33.940+0000] {dagbag.py:538} INFO - Filling up the DagBag from /home/airflow/.local/lib/python3.8/site-packages/airflow/example_dags/example_subdag_operator.py
[2025-05-04T23:21:33.953+0000] {processor.py:840} INFO - DAG(s) 'example_subdag_operator.section-1', 'example_subdag_operator.section-2', 'example_subdag_operator' retrieved from /home/airflow/.local/lib/python3.8/site-packages/airflow/example_dags/example_subdag_operator.py
[2025-05-04T23:21:33.959+0000] {logging_mixin.py:188} INFO - [2025-05-04T23:21:33.959+0000] {dag.py:3033} INFO - Sync 3 DAGs
[2025-05-04T23:21:33.967+0000] {logging_mixin.py:188} INFO - [2025-05-04T23:21:33.967+0000] {dag.py:3820} INFO - Setting next_dagrun for example_subdag_operator to 2022-01-01T00:00:00+00:00, run_after=2022-01-01T00:00:00+00:00
[2025-05-04T23:21:33.968+0000] {logging_mixin.py:188} INFO - [2025-05-04T23:21:33.968+0000] {dag.py:3820} INFO - Setting next_dagrun for example_subdag_operator.section-1 to None, run_after=None
[2025-05-04T23:21:33.969+0000] {logging_mixin.py:188} INFO - [2025-05-04T23:21:33.969+0000] {dag.py:3820} INFO - Setting next_dagrun for example_subdag_operator.section-2 to None, run_after=None
[2025-05-04T23:21:33.971+0000] {logging_mixin.py:188} INFO - [2025-05-04T23:21:33.971+0000] {dag.py:3033} INFO - Sync 2 DAGs
[2025-05-04T23:21:33.973+0000] {logging_mixin.py:188} INFO - [2025-05-04T23:21:33.973+0000] {dag.py:3820} INFO - Setting next_dagrun for example_subdag_operator.section-1 to None, run_after=None
[2025-05-04T23:21:33.973+0000] {logging_mixin.py:188} INFO - [2025-05-04T23:21:33.973+0000] {dag.py:3820} INFO - Setting next_dagrun for example_subdag_operator.section-2 to None, run_after=None
[2025-05-04T23:21:33.977+0000] {processor.py:183} INFO - Processing /home/airflow/.local/lib/python3.8/site-packages/airflow/example_dags/example_subdag_operator.py took 0.041 seconds
[2025-05-04T23:22:04.579+0000] {processor.py:161} INFO - Started process (PID=433) to work on /home/airflow/.local/lib/python3.8/site-packages/airflow/example_dags/example_subdag_operator.py
[2025-05-04T23:22:04.582+0000] {processor.py:830} INFO - Processing file /home/airflow/.local/lib/python3.8/site-packages/airflow/example_dags/example_subdag_operator.py for tasks to queue
[2025-05-04T23:22:04.583+0000] {logging_mixin.py:188} INFO - [2025-05-04T23:22:04.583+0000] {dagbag.py:538} INFO - Filling up the DagBag from /home/airflow/.local/lib/python3.8/site-packages/airflow/example_dags/example_subdag_operator.py
[2025-05-04T23:22:04.597+0000] {processor.py:840} INFO - DAG(s) 'example_subdag_operator.section-1', 'example_subdag_operator.section-2', 'example_subdag_operator' retrieved from /home/airflow/.local/lib/python3.8/site-packages/airflow/example_dags/example_subdag_operator.py
[2025-05-04T23:22:04.607+0000] {logging_mixin.py:188} INFO - [2025-05-04T23:22:04.607+0000] {dag.py:3033} INFO - Sync 3 DAGs
[2025-05-04T23:22:04.618+0000] {logging_mixin.py:188} INFO - [2025-05-04T23:22:04.618+0000] {dag.py:3820} INFO - Setting next_dagrun for example_subdag_operator to 2022-01-01T00:00:00+00:00, run_after=2022-01-01T00:00:00+00:00
[2025-05-04T23:22:04.619+0000] {logging_mixin.py:188} INFO - [2025-05-04T23:22:04.619+0000] {dag.py:3820} INFO - Setting next_dagrun for example_subdag_operator.section-1 to None, run_after=None
[2025-05-04T23:22:04.619+0000] {logging_mixin.py:188} INFO - [2025-05-04T23:22:04.619+0000] {dag.py:3820} INFO - Setting next_dagrun for example_subdag_operator.section-2 to None, run_after=None
[2025-05-04T23:22:04.623+0000] {logging_mixin.py:188} INFO - [2025-05-04T23:22:04.623+0000] {dag.py:3033} INFO - Sync 2 DAGs
[2025-05-04T23:22:04.626+0000] {logging_mixin.py:188} INFO - [2025-05-04T23:22:04.626+0000] {dag.py:3820} INFO - Setting next_dagrun for example_subdag_operator.section-1 to None, run_after=None
[2025-05-04T23:22:04.626+0000] {logging_mixin.py:188} INFO - [2025-05-04T23:22:04.626+0000] {dag.py:3820} INFO - Setting next_dagrun for example_subdag_operator.section-2 to None, run_after=None
[2025-05-04T23:22:04.631+0000] {processor.py:183} INFO - Processing /home/airflow/.local/lib/python3.8/site-packages/airflow/example_dags/example_subdag_operator.py took 0.055 seconds
[2025-05-04T23:22:35.215+0000] {processor.py:161} INFO - Started process (PID=489) to work on /home/airflow/.local/lib/python3.8/site-packages/airflow/example_dags/example_subdag_operator.py
[2025-05-04T23:22:35.216+0000] {processor.py:830} INFO - Processing file /home/airflow/.local/lib/python3.8/site-packages/airflow/example_dags/example_subdag_operator.py for tasks to queue
[2025-05-04T23:22:35.217+0000] {logging_mixin.py:188} INFO - [2025-05-04T23:22:35.217+0000] {dagbag.py:538} INFO - Filling up the DagBag from /home/airflow/.local/lib/python3.8/site-packages/airflow/example_dags/example_subdag_operator.py
[2025-05-04T23:22:35.234+0000] {processor.py:840} INFO - DAG(s) 'example_subdag_operator.section-1', 'example_subdag_operator.section-2', 'example_subdag_operator' retrieved from /home/airflow/.local/lib/python3.8/site-packages/airflow/example_dags/example_subdag_operator.py
[2025-05-04T23:22:35.241+0000] {logging_mixin.py:188} INFO - [2025-05-04T23:22:35.241+0000] {dag.py:3033} INFO - Sync 3 DAGs
[2025-05-04T23:22:35.251+0000] {logging_mixin.py:188} INFO - [2025-05-04T23:22:35.251+0000] {dag.py:3820} INFO - Setting next_dagrun for example_subdag_operator to 2022-01-01T00:00:00+00:00, run_after=2022-01-01T00:00:00+00:00
[2025-05-04T23:22:35.253+0000] {logging_mixin.py:188} INFO - [2025-05-04T23:22:35.252+0000] {dag.py:3820} INFO - Setting next_dagrun for example_subdag_operator.section-1 to None, run_after=None
[2025-05-04T23:22:35.253+0000] {logging_mixin.py:188} INFO - [2025-05-04T23:22:35.253+0000] {dag.py:3820} INFO - Setting next_dagrun for example_subdag_operator.section-2 to None, run_after=None
[2025-05-04T23:22:35.256+0000] {logging_mixin.py:188} INFO - [2025-05-04T23:22:35.256+0000] {dag.py:3033} INFO - Sync 2 DAGs
[2025-05-04T23:22:35.258+0000] {logging_mixin.py:188} INFO - [2025-05-04T23:22:35.258+0000] {dag.py:3820} INFO - Setting next_dagrun for example_subdag_operator.section-1 to None, run_after=None
[2025-05-04T23:22:35.258+0000] {logging_mixin.py:188} INFO - [2025-05-04T23:22:35.258+0000] {dag.py:3820} INFO - Setting next_dagrun for example_subdag_operator.section-2 to None, run_after=None
[2025-05-04T23:22:35.266+0000] {processor.py:183} INFO - Processing /home/airflow/.local/lib/python3.8/site-packages/airflow/example_dags/example_subdag_operator.py took 0.053 seconds
[2025-05-04T23:23:05.759+0000] {processor.py:161} INFO - Started process (PID=545) to work on /home/airflow/.local/lib/python3.8/site-packages/airflow/example_dags/example_subdag_operator.py
[2025-05-04T23:23:05.759+0000] {processor.py:830} INFO - Processing file /home/airflow/.local/lib/python3.8/site-packages/airflow/example_dags/example_subdag_operator.py for tasks to queue
[2025-05-04T23:23:05.760+0000] {logging_mixin.py:188} INFO - [2025-05-04T23:23:05.760+0000] {dagbag.py:538} INFO - Filling up the DagBag from /home/airflow/.local/lib/python3.8/site-packages/airflow/example_dags/example_subdag_operator.py
[2025-05-04T23:23:05.771+0000] {processor.py:840} INFO - DAG(s) 'example_subdag_operator.section-1', 'example_subdag_operator.section-2', 'example_subdag_operator' retrieved from /home/airflow/.local/lib/python3.8/site-packages/airflow/example_dags/example_subdag_operator.py
[2025-05-04T23:23:05.778+0000] {logging_mixin.py:188} INFO - [2025-05-04T23:23:05.777+0000] {dag.py:3033} INFO - Sync 3 DAGs
[2025-05-04T23:23:05.785+0000] {logging_mixin.py:188} INFO - [2025-05-04T23:23:05.785+0000] {dag.py:3820} INFO - Setting next_dagrun for example_subdag_operator to 2022-01-01T00:00:00+00:00, run_after=2022-01-01T00:00:00+00:00
[2025-05-04T23:23:05.787+0000] {logging_mixin.py:188} INFO - [2025-05-04T23:23:05.787+0000] {dag.py:3820} INFO - Setting next_dagrun for example_subdag_operator.section-1 to None, run_after=None
[2025-05-04T23:23:05.787+0000] {logging_mixin.py:188} INFO - [2025-05-04T23:23:05.787+0000] {dag.py:3820} INFO - Setting next_dagrun for example_subdag_operator.section-2 to None, run_after=None
[2025-05-04T23:23:05.789+0000] {logging_mixin.py:188} INFO - [2025-05-04T23:23:05.789+0000] {dag.py:3033} INFO - Sync 2 DAGs
[2025-05-04T23:23:05.791+0000] {logging_mixin.py:188} INFO - [2025-05-04T23:23:05.791+0000] {dag.py:3820} INFO - Setting next_dagrun for example_subdag_operator.section-1 to None, run_after=None
[2025-05-04T23:23:05.791+0000] {logging_mixin.py:188} INFO - [2025-05-04T23:23:05.791+0000] {dag.py:3820} INFO - Setting next_dagrun for example_subdag_operator.section-2 to None, run_after=None
[2025-05-04T23:23:05.795+0000] {processor.py:183} INFO - Processing /home/airflow/.local/lib/python3.8/site-packages/airflow/example_dags/example_subdag_operator.py took 0.038 seconds
[2025-05-04T23:24:29.689+0000] {processor.py:161} INFO - Started process (PID=42) to work on /home/airflow/.local/lib/python3.8/site-packages/airflow/example_dags/example_subdag_operator.py
[2025-05-04T23:24:29.696+0000] {processor.py:830} INFO - Processing file /home/airflow/.local/lib/python3.8/site-packages/airflow/example_dags/example_subdag_operator.py for tasks to queue
[2025-05-04T23:24:29.702+0000] {logging_mixin.py:188} INFO - [2025-05-04T23:24:29.702+0000] {dagbag.py:538} INFO - Filling up the DagBag from /home/airflow/.local/lib/python3.8/site-packages/airflow/example_dags/example_subdag_operator.py
[2025-05-04T23:24:29.732+0000] {processor.py:840} INFO - DAG(s) 'example_subdag_operator.section-1', 'example_subdag_operator.section-2', 'example_subdag_operator' retrieved from /home/airflow/.local/lib/python3.8/site-packages/airflow/example_dags/example_subdag_operator.py
[2025-05-04T23:24:29.735+0000] {logging_mixin.py:188} INFO - [2025-05-04T23:24:29.735+0000] {dag.py:3033} INFO - Sync 3 DAGs
[2025-05-04T23:24:29.754+0000] {logging_mixin.py:188} INFO - [2025-05-04T23:24:29.754+0000] {dag.py:3820} INFO - Setting next_dagrun for example_subdag_operator to 2022-01-01T00:00:00+00:00, run_after=2022-01-01T00:00:00+00:00
[2025-05-04T23:24:29.764+0000] {logging_mixin.py:188} INFO - [2025-05-04T23:24:29.763+0000] {dag.py:3820} INFO - Setting next_dagrun for example_subdag_operator.section-1 to None, run_after=None
[2025-05-04T23:24:29.765+0000] {logging_mixin.py:188} INFO - [2025-05-04T23:24:29.765+0000] {dag.py:3820} INFO - Setting next_dagrun for example_subdag_operator.section-2 to None, run_after=None
[2025-05-04T23:24:29.780+0000] {logging_mixin.py:188} INFO - [2025-05-04T23:24:29.779+0000] {dag.py:3033} INFO - Sync 2 DAGs
[2025-05-04T23:24:29.791+0000] {logging_mixin.py:188} INFO - [2025-05-04T23:24:29.790+0000] {dag.py:3820} INFO - Setting next_dagrun for example_subdag_operator.section-1 to None, run_after=None
[2025-05-04T23:24:29.793+0000] {logging_mixin.py:188} INFO - [2025-05-04T23:24:29.793+0000] {dag.py:3820} INFO - Setting next_dagrun for example_subdag_operator.section-2 to None, run_after=None
[2025-05-04T23:24:29.820+0000] {processor.py:183} INFO - Processing /home/airflow/.local/lib/python3.8/site-packages/airflow/example_dags/example_subdag_operator.py took 0.135 seconds
[2025-05-04T23:25:00.390+0000] {processor.py:161} INFO - Started process (PID=98) to work on /home/airflow/.local/lib/python3.8/site-packages/airflow/example_dags/example_subdag_operator.py
[2025-05-04T23:25:00.391+0000] {processor.py:830} INFO - Processing file /home/airflow/.local/lib/python3.8/site-packages/airflow/example_dags/example_subdag_operator.py for tasks to queue
[2025-05-04T23:25:00.392+0000] {logging_mixin.py:188} INFO - [2025-05-04T23:25:00.392+0000] {dagbag.py:538} INFO - Filling up the DagBag from /home/airflow/.local/lib/python3.8/site-packages/airflow/example_dags/example_subdag_operator.py
[2025-05-04T23:25:00.404+0000] {processor.py:840} INFO - DAG(s) 'example_subdag_operator.section-1', 'example_subdag_operator.section-2', 'example_subdag_operator' retrieved from /home/airflow/.local/lib/python3.8/site-packages/airflow/example_dags/example_subdag_operator.py
[2025-05-04T23:25:00.444+0000] {logging_mixin.py:188} INFO - [2025-05-04T23:25:00.443+0000] {dag.py:3033} INFO - Sync 3 DAGs
[2025-05-04T23:25:00.452+0000] {logging_mixin.py:188} INFO - [2025-05-04T23:25:00.452+0000] {dag.py:3820} INFO - Setting next_dagrun for example_subdag_operator to 2022-01-01T00:00:00+00:00, run_after=2022-01-01T00:00:00+00:00
[2025-05-04T23:25:00.453+0000] {logging_mixin.py:188} INFO - [2025-05-04T23:25:00.453+0000] {dag.py:3820} INFO - Setting next_dagrun for example_subdag_operator.section-1 to None, run_after=None
[2025-05-04T23:25:00.453+0000] {logging_mixin.py:188} INFO - [2025-05-04T23:25:00.453+0000] {dag.py:3820} INFO - Setting next_dagrun for example_subdag_operator.section-2 to None, run_after=None
[2025-05-04T23:25:00.458+0000] {logging_mixin.py:188} INFO - [2025-05-04T23:25:00.458+0000] {dag.py:3033} INFO - Sync 2 DAGs
[2025-05-04T23:25:00.461+0000] {logging_mixin.py:188} INFO - [2025-05-04T23:25:00.461+0000] {dag.py:3820} INFO - Setting next_dagrun for example_subdag_operator.section-1 to None, run_after=None
[2025-05-04T23:25:00.462+0000] {logging_mixin.py:188} INFO - [2025-05-04T23:25:00.462+0000] {dag.py:3820} INFO - Setting next_dagrun for example_subdag_operator.section-2 to None, run_after=None
[2025-05-04T23:25:00.466+0000] {processor.py:183} INFO - Processing /home/airflow/.local/lib/python3.8/site-packages/airflow/example_dags/example_subdag_operator.py took 0.078 seconds
[2025-05-04T23:25:30.946+0000] {processor.py:161} INFO - Started process (PID=153) to work on /home/airflow/.local/lib/python3.8/site-packages/airflow/example_dags/example_subdag_operator.py
[2025-05-04T23:25:30.947+0000] {processor.py:830} INFO - Processing file /home/airflow/.local/lib/python3.8/site-packages/airflow/example_dags/example_subdag_operator.py for tasks to queue
[2025-05-04T23:25:30.947+0000] {logging_mixin.py:188} INFO - [2025-05-04T23:25:30.947+0000] {dagbag.py:538} INFO - Filling up the DagBag from /home/airflow/.local/lib/python3.8/site-packages/airflow/example_dags/example_subdag_operator.py
[2025-05-04T23:25:30.957+0000] {processor.py:840} INFO - DAG(s) 'example_subdag_operator.section-1', 'example_subdag_operator.section-2', 'example_subdag_operator' retrieved from /home/airflow/.local/lib/python3.8/site-packages/airflow/example_dags/example_subdag_operator.py
[2025-05-04T23:25:30.963+0000] {logging_mixin.py:188} INFO - [2025-05-04T23:25:30.963+0000] {dag.py:3033} INFO - Sync 3 DAGs
[2025-05-04T23:25:30.971+0000] {logging_mixin.py:188} INFO - [2025-05-04T23:25:30.971+0000] {dag.py:3820} INFO - Setting next_dagrun for example_subdag_operator to 2022-01-01T00:00:00+00:00, run_after=2022-01-01T00:00:00+00:00
[2025-05-04T23:25:30.972+0000] {logging_mixin.py:188} INFO - [2025-05-04T23:25:30.972+0000] {dag.py:3820} INFO - Setting next_dagrun for example_subdag_operator.section-1 to None, run_after=None
[2025-05-04T23:25:30.972+0000] {logging_mixin.py:188} INFO - [2025-05-04T23:25:30.972+0000] {dag.py:3820} INFO - Setting next_dagrun for example_subdag_operator.section-2 to None, run_after=None
[2025-05-04T23:25:30.975+0000] {logging_mixin.py:188} INFO - [2025-05-04T23:25:30.975+0000] {dag.py:3033} INFO - Sync 2 DAGs
[2025-05-04T23:25:30.976+0000] {logging_mixin.py:188} INFO - [2025-05-04T23:25:30.976+0000] {dag.py:3820} INFO - Setting next_dagrun for example_subdag_operator.section-1 to None, run_after=None
[2025-05-04T23:25:30.976+0000] {logging_mixin.py:188} INFO - [2025-05-04T23:25:30.976+0000] {dag.py:3820} INFO - Setting next_dagrun for example_subdag_operator.section-2 to None, run_after=None
[2025-05-04T23:25:30.980+0000] {processor.py:183} INFO - Processing /home/airflow/.local/lib/python3.8/site-packages/airflow/example_dags/example_subdag_operator.py took 0.036 seconds
[2025-05-04T23:26:01.616+0000] {processor.py:161} INFO - Started process (PID=209) to work on /home/airflow/.local/lib/python3.8/site-packages/airflow/example_dags/example_subdag_operator.py
[2025-05-04T23:26:01.617+0000] {processor.py:830} INFO - Processing file /home/airflow/.local/lib/python3.8/site-packages/airflow/example_dags/example_subdag_operator.py for tasks to queue
[2025-05-04T23:26:01.618+0000] {logging_mixin.py:188} INFO - [2025-05-04T23:26:01.618+0000] {dagbag.py:538} INFO - Filling up the DagBag from /home/airflow/.local/lib/python3.8/site-packages/airflow/example_dags/example_subdag_operator.py
[2025-05-04T23:26:01.635+0000] {processor.py:840} INFO - DAG(s) 'example_subdag_operator.section-1', 'example_subdag_operator.section-2', 'example_subdag_operator' retrieved from /home/airflow/.local/lib/python3.8/site-packages/airflow/example_dags/example_subdag_operator.py
[2025-05-04T23:26:01.644+0000] {logging_mixin.py:188} INFO - [2025-05-04T23:26:01.644+0000] {dag.py:3033} INFO - Sync 3 DAGs
[2025-05-04T23:26:01.655+0000] {logging_mixin.py:188} INFO - [2025-05-04T23:26:01.655+0000] {dag.py:3820} INFO - Setting next_dagrun for example_subdag_operator to 2022-01-01T00:00:00+00:00, run_after=2022-01-01T00:00:00+00:00
[2025-05-04T23:26:01.657+0000] {logging_mixin.py:188} INFO - [2025-05-04T23:26:01.657+0000] {dag.py:3820} INFO - Setting next_dagrun for example_subdag_operator.section-1 to None, run_after=None
[2025-05-04T23:26:01.657+0000] {logging_mixin.py:188} INFO - [2025-05-04T23:26:01.657+0000] {dag.py:3820} INFO - Setting next_dagrun for example_subdag_operator.section-2 to None, run_after=None
[2025-05-04T23:26:01.661+0000] {logging_mixin.py:188} INFO - [2025-05-04T23:26:01.661+0000] {dag.py:3033} INFO - Sync 2 DAGs
[2025-05-04T23:26:01.665+0000] {logging_mixin.py:188} INFO - [2025-05-04T23:26:01.665+0000] {dag.py:3820} INFO - Setting next_dagrun for example_subdag_operator.section-1 to None, run_after=None
[2025-05-04T23:26:01.665+0000] {logging_mixin.py:188} INFO - [2025-05-04T23:26:01.665+0000] {dag.py:3820} INFO - Setting next_dagrun for example_subdag_operator.section-2 to None, run_after=None
[2025-05-04T23:26:01.672+0000] {processor.py:183} INFO - Processing /home/airflow/.local/lib/python3.8/site-packages/airflow/example_dags/example_subdag_operator.py took 0.058 seconds
[2025-05-04T23:26:32.402+0000] {processor.py:161} INFO - Started process (PID=265) to work on /home/airflow/.local/lib/python3.8/site-packages/airflow/example_dags/example_subdag_operator.py
[2025-05-04T23:26:32.402+0000] {processor.py:830} INFO - Processing file /home/airflow/.local/lib/python3.8/site-packages/airflow/example_dags/example_subdag_operator.py for tasks to queue
[2025-05-04T23:26:32.403+0000] {logging_mixin.py:188} INFO - [2025-05-04T23:26:32.403+0000] {dagbag.py:538} INFO - Filling up the DagBag from /home/airflow/.local/lib/python3.8/site-packages/airflow/example_dags/example_subdag_operator.py
[2025-05-04T23:26:32.418+0000] {processor.py:840} INFO - DAG(s) 'example_subdag_operator.section-1', 'example_subdag_operator.section-2', 'example_subdag_operator' retrieved from /home/airflow/.local/lib/python3.8/site-packages/airflow/example_dags/example_subdag_operator.py
[2025-05-04T23:26:32.427+0000] {logging_mixin.py:188} INFO - [2025-05-04T23:26:32.427+0000] {dag.py:3033} INFO - Sync 3 DAGs
[2025-05-04T23:26:32.440+0000] {logging_mixin.py:188} INFO - [2025-05-04T23:26:32.439+0000] {dag.py:3820} INFO - Setting next_dagrun for example_subdag_operator to 2022-01-01T00:00:00+00:00, run_after=2022-01-01T00:00:00+00:00
[2025-05-04T23:26:32.442+0000] {logging_mixin.py:188} INFO - [2025-05-04T23:26:32.442+0000] {dag.py:3820} INFO - Setting next_dagrun for example_subdag_operator.section-1 to None, run_after=None
[2025-05-04T23:26:32.443+0000] {logging_mixin.py:188} INFO - [2025-05-04T23:26:32.443+0000] {dag.py:3820} INFO - Setting next_dagrun for example_subdag_operator.section-2 to None, run_after=None
[2025-05-04T23:26:32.446+0000] {logging_mixin.py:188} INFO - [2025-05-04T23:26:32.446+0000] {dag.py:3033} INFO - Sync 2 DAGs
[2025-05-04T23:26:32.449+0000] {logging_mixin.py:188} INFO - [2025-05-04T23:26:32.449+0000] {dag.py:3820} INFO - Setting next_dagrun for example_subdag_operator.section-1 to None, run_after=None
[2025-05-04T23:26:32.449+0000] {logging_mixin.py:188} INFO - [2025-05-04T23:26:32.449+0000] {dag.py:3820} INFO - Setting next_dagrun for example_subdag_operator.section-2 to None, run_after=None
[2025-05-04T23:26:32.455+0000] {processor.py:183} INFO - Processing /home/airflow/.local/lib/python3.8/site-packages/airflow/example_dags/example_subdag_operator.py took 0.056 seconds
[2025-05-04T23:27:03.183+0000] {processor.py:161} INFO - Started process (PID=321) to work on /home/airflow/.local/lib/python3.8/site-packages/airflow/example_dags/example_subdag_operator.py
[2025-05-04T23:27:03.184+0000] {processor.py:830} INFO - Processing file /home/airflow/.local/lib/python3.8/site-packages/airflow/example_dags/example_subdag_operator.py for tasks to queue
[2025-05-04T23:27:03.185+0000] {logging_mixin.py:188} INFO - [2025-05-04T23:27:03.185+0000] {dagbag.py:538} INFO - Filling up the DagBag from /home/airflow/.local/lib/python3.8/site-packages/airflow/example_dags/example_subdag_operator.py
[2025-05-04T23:27:03.196+0000] {processor.py:840} INFO - DAG(s) 'example_subdag_operator.section-1', 'example_subdag_operator.section-2', 'example_subdag_operator' retrieved from /home/airflow/.local/lib/python3.8/site-packages/airflow/example_dags/example_subdag_operator.py
[2025-05-04T23:27:03.202+0000] {logging_mixin.py:188} INFO - [2025-05-04T23:27:03.202+0000] {dag.py:3033} INFO - Sync 3 DAGs
[2025-05-04T23:27:03.210+0000] {logging_mixin.py:188} INFO - [2025-05-04T23:27:03.210+0000] {dag.py:3820} INFO - Setting next_dagrun for example_subdag_operator to 2022-01-01T00:00:00+00:00, run_after=2022-01-01T00:00:00+00:00
[2025-05-04T23:27:03.211+0000] {logging_mixin.py:188} INFO - [2025-05-04T23:27:03.211+0000] {dag.py:3820} INFO - Setting next_dagrun for example_subdag_operator.section-1 to None, run_after=None
[2025-05-04T23:27:03.211+0000] {logging_mixin.py:188} INFO - [2025-05-04T23:27:03.211+0000] {dag.py:3820} INFO - Setting next_dagrun for example_subdag_operator.section-2 to None, run_after=None
[2025-05-04T23:27:03.214+0000] {logging_mixin.py:188} INFO - [2025-05-04T23:27:03.214+0000] {dag.py:3033} INFO - Sync 2 DAGs
[2025-05-04T23:27:03.215+0000] {logging_mixin.py:188} INFO - [2025-05-04T23:27:03.215+0000] {dag.py:3820} INFO - Setting next_dagrun for example_subdag_operator.section-1 to None, run_after=None
[2025-05-04T23:27:03.215+0000] {logging_mixin.py:188} INFO - [2025-05-04T23:27:03.215+0000] {dag.py:3820} INFO - Setting next_dagrun for example_subdag_operator.section-2 to None, run_after=None
[2025-05-04T23:27:03.219+0000] {processor.py:183} INFO - Processing /home/airflow/.local/lib/python3.8/site-packages/airflow/example_dags/example_subdag_operator.py took 0.038 seconds
[2025-05-04T23:27:33.875+0000] {processor.py:161} INFO - Started process (PID=377) to work on /home/airflow/.local/lib/python3.8/site-packages/airflow/example_dags/example_subdag_operator.py
[2025-05-04T23:27:33.876+0000] {processor.py:830} INFO - Processing file /home/airflow/.local/lib/python3.8/site-packages/airflow/example_dags/example_subdag_operator.py for tasks to queue
[2025-05-04T23:27:33.877+0000] {logging_mixin.py:188} INFO - [2025-05-04T23:27:33.877+0000] {dagbag.py:538} INFO - Filling up the DagBag from /home/airflow/.local/lib/python3.8/site-packages/airflow/example_dags/example_subdag_operator.py
[2025-05-04T23:27:33.890+0000] {processor.py:840} INFO - DAG(s) 'example_subdag_operator.section-1', 'example_subdag_operator.section-2', 'example_subdag_operator' retrieved from /home/airflow/.local/lib/python3.8/site-packages/airflow/example_dags/example_subdag_operator.py
[2025-05-04T23:27:33.896+0000] {logging_mixin.py:188} INFO - [2025-05-04T23:27:33.896+0000] {dag.py:3033} INFO - Sync 3 DAGs
[2025-05-04T23:27:33.903+0000] {logging_mixin.py:188} INFO - [2025-05-04T23:27:33.903+0000] {dag.py:3820} INFO - Setting next_dagrun for example_subdag_operator to 2022-01-01T00:00:00+00:00, run_after=2022-01-01T00:00:00+00:00
[2025-05-04T23:27:33.905+0000] {logging_mixin.py:188} INFO - [2025-05-04T23:27:33.905+0000] {dag.py:3820} INFO - Setting next_dagrun for example_subdag_operator.section-1 to None, run_after=None
[2025-05-04T23:27:33.906+0000] {logging_mixin.py:188} INFO - [2025-05-04T23:27:33.905+0000] {dag.py:3820} INFO - Setting next_dagrun for example_subdag_operator.section-2 to None, run_after=None
[2025-05-04T23:27:33.908+0000] {logging_mixin.py:188} INFO - [2025-05-04T23:27:33.908+0000] {dag.py:3033} INFO - Sync 2 DAGs
[2025-05-04T23:27:33.910+0000] {logging_mixin.py:188} INFO - [2025-05-04T23:27:33.910+0000] {dag.py:3820} INFO - Setting next_dagrun for example_subdag_operator.section-1 to None, run_after=None
[2025-05-04T23:27:33.910+0000] {logging_mixin.py:188} INFO - [2025-05-04T23:27:33.910+0000] {dag.py:3820} INFO - Setting next_dagrun for example_subdag_operator.section-2 to None, run_after=None
[2025-05-04T23:27:33.914+0000] {processor.py:183} INFO - Processing /home/airflow/.local/lib/python3.8/site-packages/airflow/example_dags/example_subdag_operator.py took 0.041 seconds
[2025-05-04T23:28:23.206+0000] {processor.py:161} INFO - Started process (PID=42) to work on /home/airflow/.local/lib/python3.8/site-packages/airflow/example_dags/example_subdag_operator.py
[2025-05-04T23:28:23.212+0000] {processor.py:830} INFO - Processing file /home/airflow/.local/lib/python3.8/site-packages/airflow/example_dags/example_subdag_operator.py for tasks to queue
[2025-05-04T23:28:23.215+0000] {logging_mixin.py:188} INFO - [2025-05-04T23:28:23.215+0000] {dagbag.py:538} INFO - Filling up the DagBag from /home/airflow/.local/lib/python3.8/site-packages/airflow/example_dags/example_subdag_operator.py
[2025-05-04T23:28:23.250+0000] {processor.py:840} INFO - DAG(s) 'example_subdag_operator.section-1', 'example_subdag_operator.section-2', 'example_subdag_operator' retrieved from /home/airflow/.local/lib/python3.8/site-packages/airflow/example_dags/example_subdag_operator.py
[2025-05-04T23:28:23.255+0000] {logging_mixin.py:188} INFO - [2025-05-04T23:28:23.255+0000] {dag.py:3033} INFO - Sync 3 DAGs
[2025-05-04T23:28:23.274+0000] {logging_mixin.py:188} INFO - [2025-05-04T23:28:23.274+0000] {dag.py:3820} INFO - Setting next_dagrun for example_subdag_operator to 2022-01-01T00:00:00+00:00, run_after=2022-01-01T00:00:00+00:00
[2025-05-04T23:28:23.277+0000] {logging_mixin.py:188} INFO - [2025-05-04T23:28:23.277+0000] {dag.py:3820} INFO - Setting next_dagrun for example_subdag_operator.section-1 to None, run_after=None
[2025-05-04T23:28:23.278+0000] {logging_mixin.py:188} INFO - [2025-05-04T23:28:23.278+0000] {dag.py:3820} INFO - Setting next_dagrun for example_subdag_operator.section-2 to None, run_after=None
[2025-05-04T23:28:23.293+0000] {logging_mixin.py:188} INFO - [2025-05-04T23:28:23.293+0000] {dag.py:3033} INFO - Sync 2 DAGs
[2025-05-04T23:28:23.304+0000] {logging_mixin.py:188} INFO - [2025-05-04T23:28:23.304+0000] {dag.py:3820} INFO - Setting next_dagrun for example_subdag_operator.section-1 to None, run_after=None
[2025-05-04T23:28:23.305+0000] {logging_mixin.py:188} INFO - [2025-05-04T23:28:23.305+0000] {dag.py:3820} INFO - Setting next_dagrun for example_subdag_operator.section-2 to None, run_after=None
[2025-05-04T23:28:23.321+0000] {processor.py:183} INFO - Processing /home/airflow/.local/lib/python3.8/site-packages/airflow/example_dags/example_subdag_operator.py took 0.124 seconds
[2025-05-04T23:28:53.406+0000] {processor.py:161} INFO - Started process (PID=98) to work on /home/airflow/.local/lib/python3.8/site-packages/airflow/example_dags/example_subdag_operator.py
[2025-05-04T23:28:53.408+0000] {processor.py:830} INFO - Processing file /home/airflow/.local/lib/python3.8/site-packages/airflow/example_dags/example_subdag_operator.py for tasks to queue
[2025-05-04T23:28:53.409+0000] {logging_mixin.py:188} INFO - [2025-05-04T23:28:53.409+0000] {dagbag.py:538} INFO - Filling up the DagBag from /home/airflow/.local/lib/python3.8/site-packages/airflow/example_dags/example_subdag_operator.py
[2025-05-04T23:28:53.423+0000] {processor.py:840} INFO - DAG(s) 'example_subdag_operator.section-1', 'example_subdag_operator.section-2', 'example_subdag_operator' retrieved from /home/airflow/.local/lib/python3.8/site-packages/airflow/example_dags/example_subdag_operator.py
[2025-05-04T23:28:53.466+0000] {logging_mixin.py:188} INFO - [2025-05-04T23:28:53.466+0000] {dag.py:3033} INFO - Sync 3 DAGs
[2025-05-04T23:28:53.473+0000] {logging_mixin.py:188} INFO - [2025-05-04T23:28:53.473+0000] {dag.py:3820} INFO - Setting next_dagrun for example_subdag_operator to 2022-01-01T00:00:00+00:00, run_after=2022-01-01T00:00:00+00:00
[2025-05-04T23:28:53.475+0000] {logging_mixin.py:188} INFO - [2025-05-04T23:28:53.475+0000] {dag.py:3820} INFO - Setting next_dagrun for example_subdag_operator.section-1 to None, run_after=None
[2025-05-04T23:28:53.475+0000] {logging_mixin.py:188} INFO - [2025-05-04T23:28:53.475+0000] {dag.py:3820} INFO - Setting next_dagrun for example_subdag_operator.section-2 to None, run_after=None
[2025-05-04T23:28:53.479+0000] {logging_mixin.py:188} INFO - [2025-05-04T23:28:53.479+0000] {dag.py:3033} INFO - Sync 2 DAGs
[2025-05-04T23:28:53.481+0000] {logging_mixin.py:188} INFO - [2025-05-04T23:28:53.481+0000] {dag.py:3820} INFO - Setting next_dagrun for example_subdag_operator.section-1 to None, run_after=None
[2025-05-04T23:28:53.481+0000] {logging_mixin.py:188} INFO - [2025-05-04T23:28:53.481+0000] {dag.py:3820} INFO - Setting next_dagrun for example_subdag_operator.section-2 to None, run_after=None
[2025-05-04T23:28:53.484+0000] {processor.py:183} INFO - Processing /home/airflow/.local/lib/python3.8/site-packages/airflow/example_dags/example_subdag_operator.py took 0.080 seconds
[2025-05-04T23:29:23.976+0000] {processor.py:161} INFO - Started process (PID=154) to work on /home/airflow/.local/lib/python3.8/site-packages/airflow/example_dags/example_subdag_operator.py
[2025-05-04T23:29:23.977+0000] {processor.py:830} INFO - Processing file /home/airflow/.local/lib/python3.8/site-packages/airflow/example_dags/example_subdag_operator.py for tasks to queue
[2025-05-04T23:29:23.978+0000] {logging_mixin.py:188} INFO - [2025-05-04T23:29:23.978+0000] {dagbag.py:538} INFO - Filling up the DagBag from /home/airflow/.local/lib/python3.8/site-packages/airflow/example_dags/example_subdag_operator.py
[2025-05-04T23:29:23.989+0000] {processor.py:840} INFO - DAG(s) 'example_subdag_operator.section-1', 'example_subdag_operator.section-2', 'example_subdag_operator' retrieved from /home/airflow/.local/lib/python3.8/site-packages/airflow/example_dags/example_subdag_operator.py
[2025-05-04T23:29:23.995+0000] {logging_mixin.py:188} INFO - [2025-05-04T23:29:23.995+0000] {dag.py:3033} INFO - Sync 3 DAGs
[2025-05-04T23:29:24.003+0000] {logging_mixin.py:188} INFO - [2025-05-04T23:29:24.003+0000] {dag.py:3820} INFO - Setting next_dagrun for example_subdag_operator to 2022-01-01T00:00:00+00:00, run_after=2022-01-01T00:00:00+00:00
[2025-05-04T23:29:24.004+0000] {logging_mixin.py:188} INFO - [2025-05-04T23:29:24.004+0000] {dag.py:3820} INFO - Setting next_dagrun for example_subdag_operator.section-1 to None, run_after=None
[2025-05-04T23:29:24.004+0000] {logging_mixin.py:188} INFO - [2025-05-04T23:29:24.004+0000] {dag.py:3820} INFO - Setting next_dagrun for example_subdag_operator.section-2 to None, run_after=None
[2025-05-04T23:29:24.007+0000] {logging_mixin.py:188} INFO - [2025-05-04T23:29:24.007+0000] {dag.py:3033} INFO - Sync 2 DAGs
[2025-05-04T23:29:24.008+0000] {logging_mixin.py:188} INFO - [2025-05-04T23:29:24.008+0000] {dag.py:3820} INFO - Setting next_dagrun for example_subdag_operator.section-1 to None, run_after=None
[2025-05-04T23:29:24.009+0000] {logging_mixin.py:188} INFO - [2025-05-04T23:29:24.009+0000] {dag.py:3820} INFO - Setting next_dagrun for example_subdag_operator.section-2 to None, run_after=None
[2025-05-04T23:29:24.012+0000] {processor.py:183} INFO - Processing /home/airflow/.local/lib/python3.8/site-packages/airflow/example_dags/example_subdag_operator.py took 0.038 seconds
[2025-05-04T23:29:54.678+0000] {processor.py:161} INFO - Started process (PID=210) to work on /home/airflow/.local/lib/python3.8/site-packages/airflow/example_dags/example_subdag_operator.py
[2025-05-04T23:29:54.679+0000] {processor.py:830} INFO - Processing file /home/airflow/.local/lib/python3.8/site-packages/airflow/example_dags/example_subdag_operator.py for tasks to queue
[2025-05-04T23:29:54.680+0000] {logging_mixin.py:188} INFO - [2025-05-04T23:29:54.679+0000] {dagbag.py:538} INFO - Filling up the DagBag from /home/airflow/.local/lib/python3.8/site-packages/airflow/example_dags/example_subdag_operator.py
[2025-05-04T23:29:54.692+0000] {processor.py:840} INFO - DAG(s) 'example_subdag_operator.section-1', 'example_subdag_operator.section-2', 'example_subdag_operator' retrieved from /home/airflow/.local/lib/python3.8/site-packages/airflow/example_dags/example_subdag_operator.py
[2025-05-04T23:29:54.698+0000] {logging_mixin.py:188} INFO - [2025-05-04T23:29:54.697+0000] {dag.py:3033} INFO - Sync 3 DAGs
[2025-05-04T23:29:54.706+0000] {logging_mixin.py:188} INFO - [2025-05-04T23:29:54.706+0000] {dag.py:3820} INFO - Setting next_dagrun for example_subdag_operator to 2022-01-01T00:00:00+00:00, run_after=2022-01-01T00:00:00+00:00
[2025-05-04T23:29:54.707+0000] {logging_mixin.py:188} INFO - [2025-05-04T23:29:54.707+0000] {dag.py:3820} INFO - Setting next_dagrun for example_subdag_operator.section-1 to None, run_after=None
[2025-05-04T23:29:54.708+0000] {logging_mixin.py:188} INFO - [2025-05-04T23:29:54.708+0000] {dag.py:3820} INFO - Setting next_dagrun for example_subdag_operator.section-2 to None, run_after=None
[2025-05-04T23:29:54.710+0000] {logging_mixin.py:188} INFO - [2025-05-04T23:29:54.710+0000] {dag.py:3033} INFO - Sync 2 DAGs
[2025-05-04T23:29:54.712+0000] {logging_mixin.py:188} INFO - [2025-05-04T23:29:54.712+0000] {dag.py:3820} INFO - Setting next_dagrun for example_subdag_operator.section-1 to None, run_after=None
[2025-05-04T23:29:54.712+0000] {logging_mixin.py:188} INFO - [2025-05-04T23:29:54.712+0000] {dag.py:3820} INFO - Setting next_dagrun for example_subdag_operator.section-2 to None, run_after=None
[2025-05-04T23:29:54.716+0000] {processor.py:183} INFO - Processing /home/airflow/.local/lib/python3.8/site-packages/airflow/example_dags/example_subdag_operator.py took 0.040 seconds
[2025-05-04T23:30:25.553+0000] {processor.py:161} INFO - Started process (PID=266) to work on /home/airflow/.local/lib/python3.8/site-packages/airflow/example_dags/example_subdag_operator.py
[2025-05-04T23:30:25.554+0000] {processor.py:830} INFO - Processing file /home/airflow/.local/lib/python3.8/site-packages/airflow/example_dags/example_subdag_operator.py for tasks to queue
[2025-05-04T23:30:25.555+0000] {logging_mixin.py:188} INFO - [2025-05-04T23:30:25.555+0000] {dagbag.py:538} INFO - Filling up the DagBag from /home/airflow/.local/lib/python3.8/site-packages/airflow/example_dags/example_subdag_operator.py
[2025-05-04T23:30:25.571+0000] {processor.py:840} INFO - DAG(s) 'example_subdag_operator.section-1', 'example_subdag_operator.section-2', 'example_subdag_operator' retrieved from /home/airflow/.local/lib/python3.8/site-packages/airflow/example_dags/example_subdag_operator.py
[2025-05-04T23:30:25.580+0000] {logging_mixin.py:188} INFO - [2025-05-04T23:30:25.580+0000] {dag.py:3033} INFO - Sync 3 DAGs
[2025-05-04T23:30:25.590+0000] {logging_mixin.py:188} INFO - [2025-05-04T23:30:25.590+0000] {dag.py:3820} INFO - Setting next_dagrun for example_subdag_operator to 2022-01-01T00:00:00+00:00, run_after=2022-01-01T00:00:00+00:00
[2025-05-04T23:30:25.592+0000] {logging_mixin.py:188} INFO - [2025-05-04T23:30:25.592+0000] {dag.py:3820} INFO - Setting next_dagrun for example_subdag_operator.section-1 to None, run_after=None
[2025-05-04T23:30:25.594+0000] {logging_mixin.py:188} INFO - [2025-05-04T23:30:25.594+0000] {dag.py:3820} INFO - Setting next_dagrun for example_subdag_operator.section-2 to None, run_after=None
[2025-05-04T23:30:25.598+0000] {logging_mixin.py:188} INFO - [2025-05-04T23:30:25.598+0000] {dag.py:3033} INFO - Sync 2 DAGs
[2025-05-04T23:30:25.600+0000] {logging_mixin.py:188} INFO - [2025-05-04T23:30:25.600+0000] {dag.py:3820} INFO - Setting next_dagrun for example_subdag_operator.section-1 to None, run_after=None
[2025-05-04T23:30:25.601+0000] {logging_mixin.py:188} INFO - [2025-05-04T23:30:25.600+0000] {dag.py:3820} INFO - Setting next_dagrun for example_subdag_operator.section-2 to None, run_after=None
[2025-05-04T23:30:25.606+0000] {processor.py:183} INFO - Processing /home/airflow/.local/lib/python3.8/site-packages/airflow/example_dags/example_subdag_operator.py took 0.055 seconds
[2025-05-04T23:30:56.083+0000] {processor.py:161} INFO - Started process (PID=322) to work on /home/airflow/.local/lib/python3.8/site-packages/airflow/example_dags/example_subdag_operator.py
[2025-05-04T23:30:56.084+0000] {processor.py:830} INFO - Processing file /home/airflow/.local/lib/python3.8/site-packages/airflow/example_dags/example_subdag_operator.py for tasks to queue
[2025-05-04T23:30:56.085+0000] {logging_mixin.py:188} INFO - [2025-05-04T23:30:56.085+0000] {dagbag.py:538} INFO - Filling up the DagBag from /home/airflow/.local/lib/python3.8/site-packages/airflow/example_dags/example_subdag_operator.py
[2025-05-04T23:30:56.100+0000] {processor.py:840} INFO - DAG(s) 'example_subdag_operator.section-1', 'example_subdag_operator.section-2', 'example_subdag_operator' retrieved from /home/airflow/.local/lib/python3.8/site-packages/airflow/example_dags/example_subdag_operator.py
[2025-05-04T23:30:56.107+0000] {logging_mixin.py:188} INFO - [2025-05-04T23:30:56.107+0000] {dag.py:3033} INFO - Sync 3 DAGs
[2025-05-04T23:30:56.115+0000] {logging_mixin.py:188} INFO - [2025-05-04T23:30:56.115+0000] {dag.py:3820} INFO - Setting next_dagrun for example_subdag_operator to 2022-01-01T00:00:00+00:00, run_after=2022-01-01T00:00:00+00:00
[2025-05-04T23:30:56.117+0000] {logging_mixin.py:188} INFO - [2025-05-04T23:30:56.117+0000] {dag.py:3820} INFO - Setting next_dagrun for example_subdag_operator.section-1 to None, run_after=None
[2025-05-04T23:30:56.118+0000] {logging_mixin.py:188} INFO - [2025-05-04T23:30:56.118+0000] {dag.py:3820} INFO - Setting next_dagrun for example_subdag_operator.section-2 to None, run_after=None
[2025-05-04T23:30:56.122+0000] {logging_mixin.py:188} INFO - [2025-05-04T23:30:56.122+0000] {dag.py:3033} INFO - Sync 2 DAGs
[2025-05-04T23:30:56.125+0000] {logging_mixin.py:188} INFO - [2025-05-04T23:30:56.125+0000] {dag.py:3820} INFO - Setting next_dagrun for example_subdag_operator.section-1 to None, run_after=None
[2025-05-04T23:30:56.125+0000] {logging_mixin.py:188} INFO - [2025-05-04T23:30:56.125+0000] {dag.py:3820} INFO - Setting next_dagrun for example_subdag_operator.section-2 to None, run_after=None
[2025-05-04T23:30:56.131+0000] {processor.py:183} INFO - Processing /home/airflow/.local/lib/python3.8/site-packages/airflow/example_dags/example_subdag_operator.py took 0.049 seconds
[2025-05-04T23:31:26.793+0000] {processor.py:161} INFO - Started process (PID=377) to work on /home/airflow/.local/lib/python3.8/site-packages/airflow/example_dags/example_subdag_operator.py
[2025-05-04T23:31:26.794+0000] {processor.py:830} INFO - Processing file /home/airflow/.local/lib/python3.8/site-packages/airflow/example_dags/example_subdag_operator.py for tasks to queue
[2025-05-04T23:31:26.795+0000] {logging_mixin.py:188} INFO - [2025-05-04T23:31:26.794+0000] {dagbag.py:538} INFO - Filling up the DagBag from /home/airflow/.local/lib/python3.8/site-packages/airflow/example_dags/example_subdag_operator.py
[2025-05-04T23:31:26.810+0000] {processor.py:840} INFO - DAG(s) 'example_subdag_operator.section-1', 'example_subdag_operator.section-2', 'example_subdag_operator' retrieved from /home/airflow/.local/lib/python3.8/site-packages/airflow/example_dags/example_subdag_operator.py
[2025-05-04T23:31:26.819+0000] {logging_mixin.py:188} INFO - [2025-05-04T23:31:26.818+0000] {dag.py:3033} INFO - Sync 3 DAGs
[2025-05-04T23:31:26.827+0000] {logging_mixin.py:188} INFO - [2025-05-04T23:31:26.826+0000] {dag.py:3820} INFO - Setting next_dagrun for example_subdag_operator to 2022-01-01T00:00:00+00:00, run_after=2022-01-01T00:00:00+00:00
[2025-05-04T23:31:26.828+0000] {logging_mixin.py:188} INFO - [2025-05-04T23:31:26.828+0000] {dag.py:3820} INFO - Setting next_dagrun for example_subdag_operator.section-1 to None, run_after=None
[2025-05-04T23:31:26.829+0000] {logging_mixin.py:188} INFO - [2025-05-04T23:31:26.829+0000] {dag.py:3820} INFO - Setting next_dagrun for example_subdag_operator.section-2 to None, run_after=None
[2025-05-04T23:31:26.831+0000] {logging_mixin.py:188} INFO - [2025-05-04T23:31:26.831+0000] {dag.py:3033} INFO - Sync 2 DAGs
[2025-05-04T23:31:26.835+0000] {logging_mixin.py:188} INFO - [2025-05-04T23:31:26.834+0000] {dag.py:3820} INFO - Setting next_dagrun for example_subdag_operator.section-1 to None, run_after=None
[2025-05-04T23:31:26.835+0000] {logging_mixin.py:188} INFO - [2025-05-04T23:31:26.835+0000] {dag.py:3820} INFO - Setting next_dagrun for example_subdag_operator.section-2 to None, run_after=None
[2025-05-04T23:31:26.840+0000] {processor.py:183} INFO - Processing /home/airflow/.local/lib/python3.8/site-packages/airflow/example_dags/example_subdag_operator.py took 0.049 seconds
[2025-05-04T23:31:57.401+0000] {processor.py:161} INFO - Started process (PID=433) to work on /home/airflow/.local/lib/python3.8/site-packages/airflow/example_dags/example_subdag_operator.py
[2025-05-04T23:31:57.402+0000] {processor.py:830} INFO - Processing file /home/airflow/.local/lib/python3.8/site-packages/airflow/example_dags/example_subdag_operator.py for tasks to queue
[2025-05-04T23:31:57.403+0000] {logging_mixin.py:188} INFO - [2025-05-04T23:31:57.403+0000] {dagbag.py:538} INFO - Filling up the DagBag from /home/airflow/.local/lib/python3.8/site-packages/airflow/example_dags/example_subdag_operator.py
[2025-05-04T23:31:57.414+0000] {processor.py:840} INFO - DAG(s) 'example_subdag_operator.section-1', 'example_subdag_operator.section-2', 'example_subdag_operator' retrieved from /home/airflow/.local/lib/python3.8/site-packages/airflow/example_dags/example_subdag_operator.py
[2025-05-04T23:31:57.420+0000] {logging_mixin.py:188} INFO - [2025-05-04T23:31:57.420+0000] {dag.py:3033} INFO - Sync 3 DAGs
[2025-05-04T23:31:57.428+0000] {logging_mixin.py:188} INFO - [2025-05-04T23:31:57.428+0000] {dag.py:3820} INFO - Setting next_dagrun for example_subdag_operator to 2022-01-01T00:00:00+00:00, run_after=2022-01-01T00:00:00+00:00
[2025-05-04T23:31:57.429+0000] {logging_mixin.py:188} INFO - [2025-05-04T23:31:57.429+0000] {dag.py:3820} INFO - Setting next_dagrun for example_subdag_operator.section-1 to None, run_after=None
[2025-05-04T23:31:57.430+0000] {logging_mixin.py:188} INFO - [2025-05-04T23:31:57.430+0000] {dag.py:3820} INFO - Setting next_dagrun for example_subdag_operator.section-2 to None, run_after=None
[2025-05-04T23:31:57.432+0000] {logging_mixin.py:188} INFO - [2025-05-04T23:31:57.432+0000] {dag.py:3033} INFO - Sync 2 DAGs
[2025-05-04T23:31:57.434+0000] {logging_mixin.py:188} INFO - [2025-05-04T23:31:57.434+0000] {dag.py:3820} INFO - Setting next_dagrun for example_subdag_operator.section-1 to None, run_after=None
[2025-05-04T23:31:57.434+0000] {logging_mixin.py:188} INFO - [2025-05-04T23:31:57.434+0000] {dag.py:3820} INFO - Setting next_dagrun for example_subdag_operator.section-2 to None, run_after=None
[2025-05-04T23:31:57.438+0000] {processor.py:183} INFO - Processing /home/airflow/.local/lib/python3.8/site-packages/airflow/example_dags/example_subdag_operator.py took 0.039 seconds
[2025-05-04T23:32:28.079+0000] {processor.py:161} INFO - Started process (PID=495) to work on /home/airflow/.local/lib/python3.8/site-packages/airflow/example_dags/example_subdag_operator.py
[2025-05-04T23:32:28.080+0000] {processor.py:830} INFO - Processing file /home/airflow/.local/lib/python3.8/site-packages/airflow/example_dags/example_subdag_operator.py for tasks to queue
[2025-05-04T23:32:28.081+0000] {logging_mixin.py:188} INFO - [2025-05-04T23:32:28.080+0000] {dagbag.py:538} INFO - Filling up the DagBag from /home/airflow/.local/lib/python3.8/site-packages/airflow/example_dags/example_subdag_operator.py
[2025-05-04T23:32:28.092+0000] {processor.py:840} INFO - DAG(s) 'example_subdag_operator.section-1', 'example_subdag_operator.section-2', 'example_subdag_operator' retrieved from /home/airflow/.local/lib/python3.8/site-packages/airflow/example_dags/example_subdag_operator.py
[2025-05-04T23:32:28.099+0000] {logging_mixin.py:188} INFO - [2025-05-04T23:32:28.099+0000] {dag.py:3033} INFO - Sync 3 DAGs
[2025-05-04T23:32:28.108+0000] {logging_mixin.py:188} INFO - [2025-05-04T23:32:28.108+0000] {dag.py:3820} INFO - Setting next_dagrun for example_subdag_operator to 2022-01-01T00:00:00+00:00, run_after=2022-01-01T00:00:00+00:00
[2025-05-04T23:32:28.110+0000] {logging_mixin.py:188} INFO - [2025-05-04T23:32:28.109+0000] {dag.py:3820} INFO - Setting next_dagrun for example_subdag_operator.section-1 to None, run_after=None
[2025-05-04T23:32:28.110+0000] {logging_mixin.py:188} INFO - [2025-05-04T23:32:28.110+0000] {dag.py:3820} INFO - Setting next_dagrun for example_subdag_operator.section-2 to None, run_after=None
[2025-05-04T23:32:28.112+0000] {logging_mixin.py:188} INFO - [2025-05-04T23:32:28.112+0000] {dag.py:3033} INFO - Sync 2 DAGs
[2025-05-04T23:32:28.114+0000] {logging_mixin.py:188} INFO - [2025-05-04T23:32:28.114+0000] {dag.py:3820} INFO - Setting next_dagrun for example_subdag_operator.section-1 to None, run_after=None
[2025-05-04T23:32:28.114+0000] {logging_mixin.py:188} INFO - [2025-05-04T23:32:28.114+0000] {dag.py:3820} INFO - Setting next_dagrun for example_subdag_operator.section-2 to None, run_after=None
[2025-05-04T23:32:28.118+0000] {processor.py:183} INFO - Processing /home/airflow/.local/lib/python3.8/site-packages/airflow/example_dags/example_subdag_operator.py took 0.041 seconds
[2025-05-04T23:47:21.078+0000] {processor.py:161} INFO - Started process (PID=36) to work on /home/airflow/.local/lib/python3.8/site-packages/airflow/example_dags/example_subdag_operator.py
[2025-05-04T23:47:21.081+0000] {processor.py:830} INFO - Processing file /home/airflow/.local/lib/python3.8/site-packages/airflow/example_dags/example_subdag_operator.py for tasks to queue
[2025-05-04T23:47:21.084+0000] {logging_mixin.py:188} INFO - [2025-05-04T23:47:21.084+0000] {dagbag.py:538} INFO - Filling up the DagBag from /home/airflow/.local/lib/python3.8/site-packages/airflow/example_dags/example_subdag_operator.py
[2025-05-04T23:47:21.101+0000] {processor.py:840} INFO - DAG(s) 'example_subdag_operator.section-1', 'example_subdag_operator.section-2', 'example_subdag_operator' retrieved from /home/airflow/.local/lib/python3.8/site-packages/airflow/example_dags/example_subdag_operator.py
[2025-05-04T23:47:21.105+0000] {logging_mixin.py:188} INFO - [2025-05-04T23:47:21.105+0000] {dag.py:3033} INFO - Sync 3 DAGs
[2025-05-04T23:47:21.118+0000] {logging_mixin.py:188} INFO - [2025-05-04T23:47:21.118+0000] {dag.py:3820} INFO - Setting next_dagrun for example_subdag_operator to 2022-01-01T00:00:00+00:00, run_after=2022-01-01T00:00:00+00:00
[2025-05-04T23:47:21.122+0000] {logging_mixin.py:188} INFO - [2025-05-04T23:47:21.122+0000] {dag.py:3820} INFO - Setting next_dagrun for example_subdag_operator.section-1 to None, run_after=None
[2025-05-04T23:47:21.123+0000] {logging_mixin.py:188} INFO - [2025-05-04T23:47:21.123+0000] {dag.py:3820} INFO - Setting next_dagrun for example_subdag_operator.section-2 to None, run_after=None
[2025-05-04T23:47:21.127+0000] {logging_mixin.py:188} INFO - [2025-05-04T23:47:21.127+0000] {dag.py:3033} INFO - Sync 2 DAGs
[2025-05-04T23:47:21.131+0000] {logging_mixin.py:188} INFO - [2025-05-04T23:47:21.131+0000] {dag.py:3820} INFO - Setting next_dagrun for example_subdag_operator.section-1 to None, run_after=None
[2025-05-04T23:47:21.132+0000] {logging_mixin.py:188} INFO - [2025-05-04T23:47:21.132+0000] {dag.py:3820} INFO - Setting next_dagrun for example_subdag_operator.section-2 to None, run_after=None
[2025-05-04T23:47:21.138+0000] {processor.py:183} INFO - Processing /home/airflow/.local/lib/python3.8/site-packages/airflow/example_dags/example_subdag_operator.py took 0.062 seconds
[2025-05-04T23:47:51.821+0000] {processor.py:161} INFO - Started process (PID=98) to work on /home/airflow/.local/lib/python3.8/site-packages/airflow/example_dags/example_subdag_operator.py
[2025-05-04T23:47:51.822+0000] {processor.py:830} INFO - Processing file /home/airflow/.local/lib/python3.8/site-packages/airflow/example_dags/example_subdag_operator.py for tasks to queue
[2025-05-04T23:47:51.824+0000] {logging_mixin.py:188} INFO - [2025-05-04T23:47:51.823+0000] {dagbag.py:538} INFO - Filling up the DagBag from /home/airflow/.local/lib/python3.8/site-packages/airflow/example_dags/example_subdag_operator.py
[2025-05-04T23:47:51.836+0000] {processor.py:840} INFO - DAG(s) 'example_subdag_operator.section-1', 'example_subdag_operator.section-2', 'example_subdag_operator' retrieved from /home/airflow/.local/lib/python3.8/site-packages/airflow/example_dags/example_subdag_operator.py
[2025-05-04T23:47:51.881+0000] {logging_mixin.py:188} INFO - [2025-05-04T23:47:51.880+0000] {dag.py:3033} INFO - Sync 3 DAGs
[2025-05-04T23:47:51.890+0000] {logging_mixin.py:188} INFO - [2025-05-04T23:47:51.890+0000] {dag.py:3820} INFO - Setting next_dagrun for example_subdag_operator to 2022-01-01T00:00:00+00:00, run_after=2022-01-01T00:00:00+00:00
[2025-05-04T23:47:51.891+0000] {logging_mixin.py:188} INFO - [2025-05-04T23:47:51.891+0000] {dag.py:3820} INFO - Setting next_dagrun for example_subdag_operator.section-1 to None, run_after=None
[2025-05-04T23:47:51.893+0000] {logging_mixin.py:188} INFO - [2025-05-04T23:47:51.893+0000] {dag.py:3820} INFO - Setting next_dagrun for example_subdag_operator.section-2 to None, run_after=None
[2025-05-04T23:47:51.899+0000] {logging_mixin.py:188} INFO - [2025-05-04T23:47:51.899+0000] {dag.py:3033} INFO - Sync 2 DAGs
[2025-05-04T23:47:51.901+0000] {logging_mixin.py:188} INFO - [2025-05-04T23:47:51.901+0000] {dag.py:3820} INFO - Setting next_dagrun for example_subdag_operator.section-1 to None, run_after=None
[2025-05-04T23:47:51.903+0000] {logging_mixin.py:188} INFO - [2025-05-04T23:47:51.903+0000] {dag.py:3820} INFO - Setting next_dagrun for example_subdag_operator.section-2 to None, run_after=None
[2025-05-04T23:47:51.909+0000] {processor.py:183} INFO - Processing /home/airflow/.local/lib/python3.8/site-packages/airflow/example_dags/example_subdag_operator.py took 0.090 seconds
[2025-05-04T23:48:22.253+0000] {processor.py:161} INFO - Started process (PID=154) to work on /home/airflow/.local/lib/python3.8/site-packages/airflow/example_dags/example_subdag_operator.py
[2025-05-04T23:48:22.254+0000] {processor.py:830} INFO - Processing file /home/airflow/.local/lib/python3.8/site-packages/airflow/example_dags/example_subdag_operator.py for tasks to queue
[2025-05-04T23:48:22.255+0000] {logging_mixin.py:188} INFO - [2025-05-04T23:48:22.255+0000] {dagbag.py:538} INFO - Filling up the DagBag from /home/airflow/.local/lib/python3.8/site-packages/airflow/example_dags/example_subdag_operator.py
[2025-05-04T23:48:22.265+0000] {processor.py:840} INFO - DAG(s) 'example_subdag_operator.section-1', 'example_subdag_operator.section-2', 'example_subdag_operator' retrieved from /home/airflow/.local/lib/python3.8/site-packages/airflow/example_dags/example_subdag_operator.py
[2025-05-04T23:48:22.271+0000] {logging_mixin.py:188} INFO - [2025-05-04T23:48:22.271+0000] {dag.py:3033} INFO - Sync 3 DAGs
[2025-05-04T23:48:22.278+0000] {logging_mixin.py:188} INFO - [2025-05-04T23:48:22.278+0000] {dag.py:3820} INFO - Setting next_dagrun for example_subdag_operator to 2022-01-01T00:00:00+00:00, run_after=2022-01-01T00:00:00+00:00
[2025-05-04T23:48:22.279+0000] {logging_mixin.py:188} INFO - [2025-05-04T23:48:22.279+0000] {dag.py:3820} INFO - Setting next_dagrun for example_subdag_operator.section-1 to None, run_after=None
[2025-05-04T23:48:22.280+0000] {logging_mixin.py:188} INFO - [2025-05-04T23:48:22.280+0000] {dag.py:3820} INFO - Setting next_dagrun for example_subdag_operator.section-2 to None, run_after=None
[2025-05-04T23:48:22.282+0000] {logging_mixin.py:188} INFO - [2025-05-04T23:48:22.282+0000] {dag.py:3033} INFO - Sync 2 DAGs
[2025-05-04T23:48:22.283+0000] {logging_mixin.py:188} INFO - [2025-05-04T23:48:22.283+0000] {dag.py:3820} INFO - Setting next_dagrun for example_subdag_operator.section-1 to None, run_after=None
[2025-05-04T23:48:22.283+0000] {logging_mixin.py:188} INFO - [2025-05-04T23:48:22.283+0000] {dag.py:3820} INFO - Setting next_dagrun for example_subdag_operator.section-2 to None, run_after=None
[2025-05-04T23:48:22.287+0000] {processor.py:183} INFO - Processing /home/airflow/.local/lib/python3.8/site-packages/airflow/example_dags/example_subdag_operator.py took 0.036 seconds
[2025-05-04T23:48:52.960+0000] {processor.py:161} INFO - Started process (PID=210) to work on /home/airflow/.local/lib/python3.8/site-packages/airflow/example_dags/example_subdag_operator.py
[2025-05-04T23:48:52.961+0000] {processor.py:830} INFO - Processing file /home/airflow/.local/lib/python3.8/site-packages/airflow/example_dags/example_subdag_operator.py for tasks to queue
[2025-05-04T23:48:52.962+0000] {logging_mixin.py:188} INFO - [2025-05-04T23:48:52.962+0000] {dagbag.py:538} INFO - Filling up the DagBag from /home/airflow/.local/lib/python3.8/site-packages/airflow/example_dags/example_subdag_operator.py
[2025-05-04T23:48:52.972+0000] {processor.py:840} INFO - DAG(s) 'example_subdag_operator.section-1', 'example_subdag_operator.section-2', 'example_subdag_operator' retrieved from /home/airflow/.local/lib/python3.8/site-packages/airflow/example_dags/example_subdag_operator.py
[2025-05-04T23:48:52.978+0000] {logging_mixin.py:188} INFO - [2025-05-04T23:48:52.978+0000] {dag.py:3033} INFO - Sync 3 DAGs
[2025-05-04T23:48:52.985+0000] {logging_mixin.py:188} INFO - [2025-05-04T23:48:52.985+0000] {dag.py:3820} INFO - Setting next_dagrun for example_subdag_operator to 2022-01-01T00:00:00+00:00, run_after=2022-01-01T00:00:00+00:00
[2025-05-04T23:48:52.987+0000] {logging_mixin.py:188} INFO - [2025-05-04T23:48:52.987+0000] {dag.py:3820} INFO - Setting next_dagrun for example_subdag_operator.section-1 to None, run_after=None
[2025-05-04T23:48:52.987+0000] {logging_mixin.py:188} INFO - [2025-05-04T23:48:52.987+0000] {dag.py:3820} INFO - Setting next_dagrun for example_subdag_operator.section-2 to None, run_after=None
[2025-05-04T23:48:52.989+0000] {logging_mixin.py:188} INFO - [2025-05-04T23:48:52.989+0000] {dag.py:3033} INFO - Sync 2 DAGs
[2025-05-04T23:48:52.991+0000] {logging_mixin.py:188} INFO - [2025-05-04T23:48:52.991+0000] {dag.py:3820} INFO - Setting next_dagrun for example_subdag_operator.section-1 to None, run_after=None
[2025-05-04T23:48:52.991+0000] {logging_mixin.py:188} INFO - [2025-05-04T23:48:52.991+0000] {dag.py:3820} INFO - Setting next_dagrun for example_subdag_operator.section-2 to None, run_after=None
[2025-05-04T23:48:52.994+0000] {processor.py:183} INFO - Processing /home/airflow/.local/lib/python3.8/site-packages/airflow/example_dags/example_subdag_operator.py took 0.036 seconds
[2025-05-04T23:49:23.580+0000] {processor.py:161} INFO - Started process (PID=266) to work on /home/airflow/.local/lib/python3.8/site-packages/airflow/example_dags/example_subdag_operator.py
[2025-05-04T23:49:23.582+0000] {processor.py:830} INFO - Processing file /home/airflow/.local/lib/python3.8/site-packages/airflow/example_dags/example_subdag_operator.py for tasks to queue
[2025-05-04T23:49:23.583+0000] {logging_mixin.py:188} INFO - [2025-05-04T23:49:23.583+0000] {dagbag.py:538} INFO - Filling up the DagBag from /home/airflow/.local/lib/python3.8/site-packages/airflow/example_dags/example_subdag_operator.py
[2025-05-04T23:49:23.594+0000] {processor.py:840} INFO - DAG(s) 'example_subdag_operator.section-1', 'example_subdag_operator.section-2', 'example_subdag_operator' retrieved from /home/airflow/.local/lib/python3.8/site-packages/airflow/example_dags/example_subdag_operator.py
[2025-05-04T23:49:23.601+0000] {logging_mixin.py:188} INFO - [2025-05-04T23:49:23.601+0000] {dag.py:3033} INFO - Sync 3 DAGs
[2025-05-04T23:49:23.609+0000] {logging_mixin.py:188} INFO - [2025-05-04T23:49:23.609+0000] {dag.py:3820} INFO - Setting next_dagrun for example_subdag_operator to 2022-01-01T00:00:00+00:00, run_after=2022-01-01T00:00:00+00:00
[2025-05-04T23:49:23.611+0000] {logging_mixin.py:188} INFO - [2025-05-04T23:49:23.611+0000] {dag.py:3820} INFO - Setting next_dagrun for example_subdag_operator.section-1 to None, run_after=None
[2025-05-04T23:49:23.611+0000] {logging_mixin.py:188} INFO - [2025-05-04T23:49:23.611+0000] {dag.py:3820} INFO - Setting next_dagrun for example_subdag_operator.section-2 to None, run_after=None
[2025-05-04T23:49:23.614+0000] {logging_mixin.py:188} INFO - [2025-05-04T23:49:23.614+0000] {dag.py:3033} INFO - Sync 2 DAGs
[2025-05-04T23:49:23.615+0000] {logging_mixin.py:188} INFO - [2025-05-04T23:49:23.615+0000] {dag.py:3820} INFO - Setting next_dagrun for example_subdag_operator.section-1 to None, run_after=None
[2025-05-04T23:49:23.615+0000] {logging_mixin.py:188} INFO - [2025-05-04T23:49:23.615+0000] {dag.py:3820} INFO - Setting next_dagrun for example_subdag_operator.section-2 to None, run_after=None
[2025-05-04T23:49:23.619+0000] {processor.py:183} INFO - Processing /home/airflow/.local/lib/python3.8/site-packages/airflow/example_dags/example_subdag_operator.py took 0.041 seconds
[2025-05-04T23:49:54.484+0000] {processor.py:161} INFO - Started process (PID=322) to work on /home/airflow/.local/lib/python3.8/site-packages/airflow/example_dags/example_subdag_operator.py
[2025-05-04T23:49:54.484+0000] {processor.py:830} INFO - Processing file /home/airflow/.local/lib/python3.8/site-packages/airflow/example_dags/example_subdag_operator.py for tasks to queue
[2025-05-04T23:49:54.485+0000] {logging_mixin.py:188} INFO - [2025-05-04T23:49:54.485+0000] {dagbag.py:538} INFO - Filling up the DagBag from /home/airflow/.local/lib/python3.8/site-packages/airflow/example_dags/example_subdag_operator.py
[2025-05-04T23:49:54.496+0000] {processor.py:840} INFO - DAG(s) 'example_subdag_operator.section-1', 'example_subdag_operator.section-2', 'example_subdag_operator' retrieved from /home/airflow/.local/lib/python3.8/site-packages/airflow/example_dags/example_subdag_operator.py
[2025-05-04T23:49:54.502+0000] {logging_mixin.py:188} INFO - [2025-05-04T23:49:54.502+0000] {dag.py:3033} INFO - Sync 3 DAGs
[2025-05-04T23:49:54.509+0000] {logging_mixin.py:188} INFO - [2025-05-04T23:49:54.509+0000] {dag.py:3820} INFO - Setting next_dagrun for example_subdag_operator to 2022-01-01T00:00:00+00:00, run_after=2022-01-01T00:00:00+00:00
[2025-05-04T23:49:54.510+0000] {logging_mixin.py:188} INFO - [2025-05-04T23:49:54.510+0000] {dag.py:3820} INFO - Setting next_dagrun for example_subdag_operator.section-1 to None, run_after=None
[2025-05-04T23:49:54.511+0000] {logging_mixin.py:188} INFO - [2025-05-04T23:49:54.511+0000] {dag.py:3820} INFO - Setting next_dagrun for example_subdag_operator.section-2 to None, run_after=None
[2025-05-04T23:49:54.513+0000] {logging_mixin.py:188} INFO - [2025-05-04T23:49:54.513+0000] {dag.py:3033} INFO - Sync 2 DAGs
[2025-05-04T23:49:54.514+0000] {logging_mixin.py:188} INFO - [2025-05-04T23:49:54.514+0000] {dag.py:3820} INFO - Setting next_dagrun for example_subdag_operator.section-1 to None, run_after=None
[2025-05-04T23:49:54.515+0000] {logging_mixin.py:188} INFO - [2025-05-04T23:49:54.515+0000] {dag.py:3820} INFO - Setting next_dagrun for example_subdag_operator.section-2 to None, run_after=None
[2025-05-04T23:49:54.518+0000] {processor.py:183} INFO - Processing /home/airflow/.local/lib/python3.8/site-packages/airflow/example_dags/example_subdag_operator.py took 0.036 seconds
