[2025-05-04T22:22:10.853+0000] {processor.py:161} INFO - Started process (PID=70) to work on /home/airflow/.local/lib/python3.8/site-packages/airflow/example_dags/tutorial_taskflow_api_virtualenv.py
[2025-05-04T22:22:10.854+0000] {processor.py:830} INFO - Processing file /home/airflow/.local/lib/python3.8/site-packages/airflow/example_dags/tutorial_taskflow_api_virtualenv.py for tasks to queue
[2025-05-04T22:22:10.856+0000] {logging_mixin.py:188} INFO - [2025-05-04T22:22:10.856+0000] {dagbag.py:538} INFO - Filling up the DagBag from /home/airflow/.local/lib/python3.8/site-packages/airflow/example_dags/tutorial_taskflow_api_virtualenv.py
[2025-05-04T22:22:10.861+0000] {processor.py:840} INFO - DAG(s) 'tutorial_taskflow_api_virtualenv' retrieved from /home/airflow/.local/lib/python3.8/site-packages/airflow/example_dags/tutorial_taskflow_api_virtualenv.py
[2025-05-04T22:22:10.869+0000] {logging_mixin.py:188} INFO - [2025-05-04T22:22:10.869+0000] {dag.py:3033} INFO - Sync 1 DAGs
[2025-05-04T22:22:10.880+0000] {logging_mixin.py:188} INFO - [2025-05-04T22:22:10.880+0000] {dag.py:3820} INFO - Setting next_dagrun for tutorial_taskflow_api_virtualenv to None, run_after=None
[2025-05-04T22:22:10.896+0000] {processor.py:183} INFO - Processing /home/airflow/.local/lib/python3.8/site-packages/airflow/example_dags/tutorial_taskflow_api_virtualenv.py took 0.045 seconds
[2025-05-04T22:22:41.515+0000] {processor.py:161} INFO - Started process (PID=125) to work on /home/airflow/.local/lib/python3.8/site-packages/airflow/example_dags/tutorial_taskflow_api_virtualenv.py
[2025-05-04T22:22:41.516+0000] {processor.py:830} INFO - Processing file /home/airflow/.local/lib/python3.8/site-packages/airflow/example_dags/tutorial_taskflow_api_virtualenv.py for tasks to queue
[2025-05-04T22:22:41.517+0000] {logging_mixin.py:188} INFO - [2025-05-04T22:22:41.517+0000] {dagbag.py:538} INFO - Filling up the DagBag from /home/airflow/.local/lib/python3.8/site-packages/airflow/example_dags/tutorial_taskflow_api_virtualenv.py
[2025-05-04T22:22:41.522+0000] {processor.py:840} INFO - DAG(s) 'tutorial_taskflow_api_virtualenv' retrieved from /home/airflow/.local/lib/python3.8/site-packages/airflow/example_dags/tutorial_taskflow_api_virtualenv.py
[2025-05-04T22:22:41.571+0000] {logging_mixin.py:188} INFO - [2025-05-04T22:22:41.571+0000] {dag.py:3033} INFO - Sync 1 DAGs
[2025-05-04T22:22:41.576+0000] {logging_mixin.py:188} INFO - [2025-05-04T22:22:41.576+0000] {dag.py:3820} INFO - Setting next_dagrun for tutorial_taskflow_api_virtualenv to None, run_after=None
[2025-05-04T22:22:41.584+0000] {processor.py:183} INFO - Processing /home/airflow/.local/lib/python3.8/site-packages/airflow/example_dags/tutorial_taskflow_api_virtualenv.py took 0.071 seconds
[2025-05-04T22:23:12.376+0000] {processor.py:161} INFO - Started process (PID=180) to work on /home/airflow/.local/lib/python3.8/site-packages/airflow/example_dags/tutorial_taskflow_api_virtualenv.py
[2025-05-04T22:23:12.376+0000] {processor.py:830} INFO - Processing file /home/airflow/.local/lib/python3.8/site-packages/airflow/example_dags/tutorial_taskflow_api_virtualenv.py for tasks to queue
[2025-05-04T22:23:12.377+0000] {logging_mixin.py:188} INFO - [2025-05-04T22:23:12.377+0000] {dagbag.py:538} INFO - Filling up the DagBag from /home/airflow/.local/lib/python3.8/site-packages/airflow/example_dags/tutorial_taskflow_api_virtualenv.py
[2025-05-04T22:23:12.380+0000] {processor.py:840} INFO - DAG(s) 'tutorial_taskflow_api_virtualenv' retrieved from /home/airflow/.local/lib/python3.8/site-packages/airflow/example_dags/tutorial_taskflow_api_virtualenv.py
[2025-05-04T22:23:12.390+0000] {logging_mixin.py:188} INFO - [2025-05-04T22:23:12.390+0000] {dag.py:3033} INFO - Sync 1 DAGs
[2025-05-04T22:23:12.395+0000] {logging_mixin.py:188} INFO - [2025-05-04T22:23:12.395+0000] {dag.py:3820} INFO - Setting next_dagrun for tutorial_taskflow_api_virtualenv to None, run_after=None
[2025-05-04T22:23:12.402+0000] {processor.py:183} INFO - Processing /home/airflow/.local/lib/python3.8/site-packages/airflow/example_dags/tutorial_taskflow_api_virtualenv.py took 0.028 seconds
[2025-05-04T22:23:42.894+0000] {processor.py:161} INFO - Started process (PID=235) to work on /home/airflow/.local/lib/python3.8/site-packages/airflow/example_dags/tutorial_taskflow_api_virtualenv.py
[2025-05-04T22:23:42.894+0000] {processor.py:830} INFO - Processing file /home/airflow/.local/lib/python3.8/site-packages/airflow/example_dags/tutorial_taskflow_api_virtualenv.py for tasks to queue
[2025-05-04T22:23:42.895+0000] {logging_mixin.py:188} INFO - [2025-05-04T22:23:42.895+0000] {dagbag.py:538} INFO - Filling up the DagBag from /home/airflow/.local/lib/python3.8/site-packages/airflow/example_dags/tutorial_taskflow_api_virtualenv.py
[2025-05-04T22:23:42.898+0000] {processor.py:840} INFO - DAG(s) 'tutorial_taskflow_api_virtualenv' retrieved from /home/airflow/.local/lib/python3.8/site-packages/airflow/example_dags/tutorial_taskflow_api_virtualenv.py
[2025-05-04T22:23:42.908+0000] {logging_mixin.py:188} INFO - [2025-05-04T22:23:42.908+0000] {dag.py:3033} INFO - Sync 1 DAGs
[2025-05-04T22:23:42.914+0000] {logging_mixin.py:188} INFO - [2025-05-04T22:23:42.914+0000] {dag.py:3820} INFO - Setting next_dagrun for tutorial_taskflow_api_virtualenv to None, run_after=None
[2025-05-04T22:23:42.921+0000] {processor.py:183} INFO - Processing /home/airflow/.local/lib/python3.8/site-packages/airflow/example_dags/tutorial_taskflow_api_virtualenv.py took 0.029 seconds
[2025-05-04T22:24:13.538+0000] {processor.py:161} INFO - Started process (PID=290) to work on /home/airflow/.local/lib/python3.8/site-packages/airflow/example_dags/tutorial_taskflow_api_virtualenv.py
[2025-05-04T22:24:13.540+0000] {processor.py:830} INFO - Processing file /home/airflow/.local/lib/python3.8/site-packages/airflow/example_dags/tutorial_taskflow_api_virtualenv.py for tasks to queue
[2025-05-04T22:24:13.541+0000] {logging_mixin.py:188} INFO - [2025-05-04T22:24:13.541+0000] {dagbag.py:538} INFO - Filling up the DagBag from /home/airflow/.local/lib/python3.8/site-packages/airflow/example_dags/tutorial_taskflow_api_virtualenv.py
[2025-05-04T22:24:13.544+0000] {processor.py:840} INFO - DAG(s) 'tutorial_taskflow_api_virtualenv' retrieved from /home/airflow/.local/lib/python3.8/site-packages/airflow/example_dags/tutorial_taskflow_api_virtualenv.py
[2025-05-04T22:24:13.552+0000] {logging_mixin.py:188} INFO - [2025-05-04T22:24:13.552+0000] {dag.py:3033} INFO - Sync 1 DAGs
[2025-05-04T22:24:13.560+0000] {logging_mixin.py:188} INFO - [2025-05-04T22:24:13.559+0000] {dag.py:3820} INFO - Setting next_dagrun for tutorial_taskflow_api_virtualenv to None, run_after=None
[2025-05-04T22:24:13.566+0000] {processor.py:183} INFO - Processing /home/airflow/.local/lib/python3.8/site-packages/airflow/example_dags/tutorial_taskflow_api_virtualenv.py took 0.030 seconds
[2025-05-04T22:24:44.132+0000] {processor.py:161} INFO - Started process (PID=345) to work on /home/airflow/.local/lib/python3.8/site-packages/airflow/example_dags/tutorial_taskflow_api_virtualenv.py
[2025-05-04T22:24:44.133+0000] {processor.py:830} INFO - Processing file /home/airflow/.local/lib/python3.8/site-packages/airflow/example_dags/tutorial_taskflow_api_virtualenv.py for tasks to queue
[2025-05-04T22:24:44.134+0000] {logging_mixin.py:188} INFO - [2025-05-04T22:24:44.134+0000] {dagbag.py:538} INFO - Filling up the DagBag from /home/airflow/.local/lib/python3.8/site-packages/airflow/example_dags/tutorial_taskflow_api_virtualenv.py
[2025-05-04T22:24:44.137+0000] {processor.py:840} INFO - DAG(s) 'tutorial_taskflow_api_virtualenv' retrieved from /home/airflow/.local/lib/python3.8/site-packages/airflow/example_dags/tutorial_taskflow_api_virtualenv.py
[2025-05-04T22:24:44.146+0000] {logging_mixin.py:188} INFO - [2025-05-04T22:24:44.146+0000] {dag.py:3033} INFO - Sync 1 DAGs
[2025-05-04T22:24:44.151+0000] {logging_mixin.py:188} INFO - [2025-05-04T22:24:44.151+0000] {dag.py:3820} INFO - Setting next_dagrun for tutorial_taskflow_api_virtualenv to None, run_after=None
[2025-05-04T22:24:44.159+0000] {processor.py:183} INFO - Processing /home/airflow/.local/lib/python3.8/site-packages/airflow/example_dags/tutorial_taskflow_api_virtualenv.py took 0.028 seconds
[2025-05-04T22:25:29.567+0000] {processor.py:161} INFO - Started process (PID=71) to work on /home/airflow/.local/lib/python3.8/site-packages/airflow/example_dags/tutorial_taskflow_api_virtualenv.py
[2025-05-04T22:25:29.567+0000] {processor.py:830} INFO - Processing file /home/airflow/.local/lib/python3.8/site-packages/airflow/example_dags/tutorial_taskflow_api_virtualenv.py for tasks to queue
[2025-05-04T22:25:29.568+0000] {logging_mixin.py:188} INFO - [2025-05-04T22:25:29.568+0000] {dagbag.py:538} INFO - Filling up the DagBag from /home/airflow/.local/lib/python3.8/site-packages/airflow/example_dags/tutorial_taskflow_api_virtualenv.py
[2025-05-04T22:25:29.572+0000] {processor.py:840} INFO - DAG(s) 'tutorial_taskflow_api_virtualenv' retrieved from /home/airflow/.local/lib/python3.8/site-packages/airflow/example_dags/tutorial_taskflow_api_virtualenv.py
[2025-05-04T22:25:29.579+0000] {logging_mixin.py:188} INFO - [2025-05-04T22:25:29.579+0000] {dag.py:3033} INFO - Sync 1 DAGs
[2025-05-04T22:25:29.589+0000] {logging_mixin.py:188} INFO - [2025-05-04T22:25:29.588+0000] {dag.py:3820} INFO - Setting next_dagrun for tutorial_taskflow_api_virtualenv to None, run_after=None
[2025-05-04T22:25:29.608+0000] {processor.py:183} INFO - Processing /home/airflow/.local/lib/python3.8/site-packages/airflow/example_dags/tutorial_taskflow_api_virtualenv.py took 0.044 seconds
[2025-05-04T22:25:59.893+0000] {processor.py:161} INFO - Started process (PID=127) to work on /home/airflow/.local/lib/python3.8/site-packages/airflow/example_dags/tutorial_taskflow_api_virtualenv.py
[2025-05-04T22:25:59.893+0000] {processor.py:830} INFO - Processing file /home/airflow/.local/lib/python3.8/site-packages/airflow/example_dags/tutorial_taskflow_api_virtualenv.py for tasks to queue
[2025-05-04T22:25:59.895+0000] {logging_mixin.py:188} INFO - [2025-05-04T22:25:59.894+0000] {dagbag.py:538} INFO - Filling up the DagBag from /home/airflow/.local/lib/python3.8/site-packages/airflow/example_dags/tutorial_taskflow_api_virtualenv.py
[2025-05-04T22:25:59.900+0000] {processor.py:840} INFO - DAG(s) 'tutorial_taskflow_api_virtualenv' retrieved from /home/airflow/.local/lib/python3.8/site-packages/airflow/example_dags/tutorial_taskflow_api_virtualenv.py
[2025-05-04T22:25:59.952+0000] {logging_mixin.py:188} INFO - [2025-05-04T22:25:59.951+0000] {dag.py:3033} INFO - Sync 1 DAGs
[2025-05-04T22:25:59.958+0000] {logging_mixin.py:188} INFO - [2025-05-04T22:25:59.958+0000] {dag.py:3820} INFO - Setting next_dagrun for tutorial_taskflow_api_virtualenv to None, run_after=None
[2025-05-04T22:25:59.965+0000] {processor.py:183} INFO - Processing /home/airflow/.local/lib/python3.8/site-packages/airflow/example_dags/tutorial_taskflow_api_virtualenv.py took 0.075 seconds
[2025-05-04T22:26:30.927+0000] {processor.py:161} INFO - Started process (PID=183) to work on /home/airflow/.local/lib/python3.8/site-packages/airflow/example_dags/tutorial_taskflow_api_virtualenv.py
[2025-05-04T22:26:30.927+0000] {processor.py:830} INFO - Processing file /home/airflow/.local/lib/python3.8/site-packages/airflow/example_dags/tutorial_taskflow_api_virtualenv.py for tasks to queue
[2025-05-04T22:26:30.930+0000] {logging_mixin.py:188} INFO - [2025-05-04T22:26:30.929+0000] {dagbag.py:538} INFO - Filling up the DagBag from /home/airflow/.local/lib/python3.8/site-packages/airflow/example_dags/tutorial_taskflow_api_virtualenv.py
[2025-05-04T22:26:30.933+0000] {processor.py:840} INFO - DAG(s) 'tutorial_taskflow_api_virtualenv' retrieved from /home/airflow/.local/lib/python3.8/site-packages/airflow/example_dags/tutorial_taskflow_api_virtualenv.py
[2025-05-04T22:26:30.941+0000] {logging_mixin.py:188} INFO - [2025-05-04T22:26:30.941+0000] {dag.py:3033} INFO - Sync 1 DAGs
[2025-05-04T22:26:30.949+0000] {logging_mixin.py:188} INFO - [2025-05-04T22:26:30.949+0000] {dag.py:3820} INFO - Setting next_dagrun for tutorial_taskflow_api_virtualenv to None, run_after=None
[2025-05-04T22:26:30.968+0000] {processor.py:183} INFO - Processing /home/airflow/.local/lib/python3.8/site-packages/airflow/example_dags/tutorial_taskflow_api_virtualenv.py took 0.042 seconds
[2025-05-04T22:27:01.561+0000] {processor.py:161} INFO - Started process (PID=243) to work on /home/airflow/.local/lib/python3.8/site-packages/airflow/example_dags/tutorial_taskflow_api_virtualenv.py
[2025-05-04T22:27:01.562+0000] {processor.py:830} INFO - Processing file /home/airflow/.local/lib/python3.8/site-packages/airflow/example_dags/tutorial_taskflow_api_virtualenv.py for tasks to queue
[2025-05-04T22:27:01.564+0000] {logging_mixin.py:188} INFO - [2025-05-04T22:27:01.564+0000] {dagbag.py:538} INFO - Filling up the DagBag from /home/airflow/.local/lib/python3.8/site-packages/airflow/example_dags/tutorial_taskflow_api_virtualenv.py
[2025-05-04T22:27:01.568+0000] {processor.py:840} INFO - DAG(s) 'tutorial_taskflow_api_virtualenv' retrieved from /home/airflow/.local/lib/python3.8/site-packages/airflow/example_dags/tutorial_taskflow_api_virtualenv.py
[2025-05-04T22:27:01.580+0000] {logging_mixin.py:188} INFO - [2025-05-04T22:27:01.579+0000] {dag.py:3033} INFO - Sync 1 DAGs
[2025-05-04T22:27:01.585+0000] {logging_mixin.py:188} INFO - [2025-05-04T22:27:01.585+0000] {dag.py:3820} INFO - Setting next_dagrun for tutorial_taskflow_api_virtualenv to None, run_after=None
[2025-05-04T22:27:01.593+0000] {processor.py:183} INFO - Processing /home/airflow/.local/lib/python3.8/site-packages/airflow/example_dags/tutorial_taskflow_api_virtualenv.py took 0.033 seconds
[2025-05-04T22:27:32.204+0000] {processor.py:161} INFO - Started process (PID=299) to work on /home/airflow/.local/lib/python3.8/site-packages/airflow/example_dags/tutorial_taskflow_api_virtualenv.py
[2025-05-04T22:27:32.205+0000] {processor.py:830} INFO - Processing file /home/airflow/.local/lib/python3.8/site-packages/airflow/example_dags/tutorial_taskflow_api_virtualenv.py for tasks to queue
[2025-05-04T22:27:32.206+0000] {logging_mixin.py:188} INFO - [2025-05-04T22:27:32.206+0000] {dagbag.py:538} INFO - Filling up the DagBag from /home/airflow/.local/lib/python3.8/site-packages/airflow/example_dags/tutorial_taskflow_api_virtualenv.py
[2025-05-04T22:27:32.210+0000] {processor.py:840} INFO - DAG(s) 'tutorial_taskflow_api_virtualenv' retrieved from /home/airflow/.local/lib/python3.8/site-packages/airflow/example_dags/tutorial_taskflow_api_virtualenv.py
[2025-05-04T22:27:32.219+0000] {logging_mixin.py:188} INFO - [2025-05-04T22:27:32.219+0000] {dag.py:3033} INFO - Sync 1 DAGs
[2025-05-04T22:27:32.225+0000] {logging_mixin.py:188} INFO - [2025-05-04T22:27:32.224+0000] {dag.py:3820} INFO - Setting next_dagrun for tutorial_taskflow_api_virtualenv to None, run_after=None
[2025-05-04T22:27:32.236+0000] {processor.py:183} INFO - Processing /home/airflow/.local/lib/python3.8/site-packages/airflow/example_dags/tutorial_taskflow_api_virtualenv.py took 0.033 seconds
[2025-05-04T22:28:02.839+0000] {processor.py:161} INFO - Started process (PID=355) to work on /home/airflow/.local/lib/python3.8/site-packages/airflow/example_dags/tutorial_taskflow_api_virtualenv.py
[2025-05-04T22:28:02.840+0000] {processor.py:830} INFO - Processing file /home/airflow/.local/lib/python3.8/site-packages/airflow/example_dags/tutorial_taskflow_api_virtualenv.py for tasks to queue
[2025-05-04T22:28:02.841+0000] {logging_mixin.py:188} INFO - [2025-05-04T22:28:02.841+0000] {dagbag.py:538} INFO - Filling up the DagBag from /home/airflow/.local/lib/python3.8/site-packages/airflow/example_dags/tutorial_taskflow_api_virtualenv.py
[2025-05-04T22:28:02.845+0000] {processor.py:840} INFO - DAG(s) 'tutorial_taskflow_api_virtualenv' retrieved from /home/airflow/.local/lib/python3.8/site-packages/airflow/example_dags/tutorial_taskflow_api_virtualenv.py
[2025-05-04T22:28:02.854+0000] {logging_mixin.py:188} INFO - [2025-05-04T22:28:02.854+0000] {dag.py:3033} INFO - Sync 1 DAGs
[2025-05-04T22:28:02.859+0000] {logging_mixin.py:188} INFO - [2025-05-04T22:28:02.859+0000] {dag.py:3820} INFO - Setting next_dagrun for tutorial_taskflow_api_virtualenv to None, run_after=None
[2025-05-04T22:28:02.866+0000] {processor.py:183} INFO - Processing /home/airflow/.local/lib/python3.8/site-packages/airflow/example_dags/tutorial_taskflow_api_virtualenv.py took 0.028 seconds
[2025-05-04T22:28:33.499+0000] {processor.py:161} INFO - Started process (PID=411) to work on /home/airflow/.local/lib/python3.8/site-packages/airflow/example_dags/tutorial_taskflow_api_virtualenv.py
[2025-05-04T22:28:33.500+0000] {processor.py:830} INFO - Processing file /home/airflow/.local/lib/python3.8/site-packages/airflow/example_dags/tutorial_taskflow_api_virtualenv.py for tasks to queue
[2025-05-04T22:28:33.501+0000] {logging_mixin.py:188} INFO - [2025-05-04T22:28:33.501+0000] {dagbag.py:538} INFO - Filling up the DagBag from /home/airflow/.local/lib/python3.8/site-packages/airflow/example_dags/tutorial_taskflow_api_virtualenv.py
[2025-05-04T22:28:33.505+0000] {processor.py:840} INFO - DAG(s) 'tutorial_taskflow_api_virtualenv' retrieved from /home/airflow/.local/lib/python3.8/site-packages/airflow/example_dags/tutorial_taskflow_api_virtualenv.py
[2025-05-04T22:28:33.516+0000] {logging_mixin.py:188} INFO - [2025-05-04T22:28:33.516+0000] {dag.py:3033} INFO - Sync 1 DAGs
[2025-05-04T22:28:33.521+0000] {logging_mixin.py:188} INFO - [2025-05-04T22:28:33.521+0000] {dag.py:3820} INFO - Setting next_dagrun for tutorial_taskflow_api_virtualenv to None, run_after=None
[2025-05-04T22:28:33.532+0000] {processor.py:183} INFO - Processing /home/airflow/.local/lib/python3.8/site-packages/airflow/example_dags/tutorial_taskflow_api_virtualenv.py took 0.034 seconds
[2025-05-04T22:29:04.134+0000] {processor.py:161} INFO - Started process (PID=467) to work on /home/airflow/.local/lib/python3.8/site-packages/airflow/example_dags/tutorial_taskflow_api_virtualenv.py
[2025-05-04T22:29:04.135+0000] {processor.py:830} INFO - Processing file /home/airflow/.local/lib/python3.8/site-packages/airflow/example_dags/tutorial_taskflow_api_virtualenv.py for tasks to queue
[2025-05-04T22:29:04.136+0000] {logging_mixin.py:188} INFO - [2025-05-04T22:29:04.135+0000] {dagbag.py:538} INFO - Filling up the DagBag from /home/airflow/.local/lib/python3.8/site-packages/airflow/example_dags/tutorial_taskflow_api_virtualenv.py
[2025-05-04T22:29:04.138+0000] {processor.py:840} INFO - DAG(s) 'tutorial_taskflow_api_virtualenv' retrieved from /home/airflow/.local/lib/python3.8/site-packages/airflow/example_dags/tutorial_taskflow_api_virtualenv.py
[2025-05-04T22:29:04.149+0000] {logging_mixin.py:188} INFO - [2025-05-04T22:29:04.149+0000] {dag.py:3033} INFO - Sync 1 DAGs
[2025-05-04T22:29:04.154+0000] {logging_mixin.py:188} INFO - [2025-05-04T22:29:04.154+0000] {dag.py:3820} INFO - Setting next_dagrun for tutorial_taskflow_api_virtualenv to None, run_after=None
[2025-05-04T22:29:04.167+0000] {processor.py:183} INFO - Processing /home/airflow/.local/lib/python3.8/site-packages/airflow/example_dags/tutorial_taskflow_api_virtualenv.py took 0.034 seconds
[2025-05-04T22:29:35.003+0000] {processor.py:161} INFO - Started process (PID=523) to work on /home/airflow/.local/lib/python3.8/site-packages/airflow/example_dags/tutorial_taskflow_api_virtualenv.py
[2025-05-04T22:29:35.003+0000] {processor.py:830} INFO - Processing file /home/airflow/.local/lib/python3.8/site-packages/airflow/example_dags/tutorial_taskflow_api_virtualenv.py for tasks to queue
[2025-05-04T22:29:35.004+0000] {logging_mixin.py:188} INFO - [2025-05-04T22:29:35.004+0000] {dagbag.py:538} INFO - Filling up the DagBag from /home/airflow/.local/lib/python3.8/site-packages/airflow/example_dags/tutorial_taskflow_api_virtualenv.py
[2025-05-04T22:29:35.007+0000] {processor.py:840} INFO - DAG(s) 'tutorial_taskflow_api_virtualenv' retrieved from /home/airflow/.local/lib/python3.8/site-packages/airflow/example_dags/tutorial_taskflow_api_virtualenv.py
[2025-05-04T22:29:35.020+0000] {logging_mixin.py:188} INFO - [2025-05-04T22:29:35.020+0000] {dag.py:3033} INFO - Sync 1 DAGs
[2025-05-04T22:29:35.026+0000] {logging_mixin.py:188} INFO - [2025-05-04T22:29:35.026+0000] {dag.py:3820} INFO - Setting next_dagrun for tutorial_taskflow_api_virtualenv to None, run_after=None
[2025-05-04T22:29:35.041+0000] {processor.py:183} INFO - Processing /home/airflow/.local/lib/python3.8/site-packages/airflow/example_dags/tutorial_taskflow_api_virtualenv.py took 0.039 seconds
[2025-05-04T22:30:05.669+0000] {processor.py:161} INFO - Started process (PID=579) to work on /home/airflow/.local/lib/python3.8/site-packages/airflow/example_dags/tutorial_taskflow_api_virtualenv.py
[2025-05-04T22:30:05.670+0000] {processor.py:830} INFO - Processing file /home/airflow/.local/lib/python3.8/site-packages/airflow/example_dags/tutorial_taskflow_api_virtualenv.py for tasks to queue
[2025-05-04T22:30:05.671+0000] {logging_mixin.py:188} INFO - [2025-05-04T22:30:05.671+0000] {dagbag.py:538} INFO - Filling up the DagBag from /home/airflow/.local/lib/python3.8/site-packages/airflow/example_dags/tutorial_taskflow_api_virtualenv.py
[2025-05-04T22:30:05.675+0000] {processor.py:840} INFO - DAG(s) 'tutorial_taskflow_api_virtualenv' retrieved from /home/airflow/.local/lib/python3.8/site-packages/airflow/example_dags/tutorial_taskflow_api_virtualenv.py
[2025-05-04T22:30:05.693+0000] {logging_mixin.py:188} INFO - [2025-05-04T22:30:05.693+0000] {dag.py:3033} INFO - Sync 1 DAGs
[2025-05-04T22:30:05.697+0000] {logging_mixin.py:188} INFO - [2025-05-04T22:30:05.697+0000] {dag.py:3820} INFO - Setting next_dagrun for tutorial_taskflow_api_virtualenv to None, run_after=None
[2025-05-04T22:30:05.707+0000] {processor.py:183} INFO - Processing /home/airflow/.local/lib/python3.8/site-packages/airflow/example_dags/tutorial_taskflow_api_virtualenv.py took 0.039 seconds
[2025-05-04T22:30:36.348+0000] {processor.py:161} INFO - Started process (PID=635) to work on /home/airflow/.local/lib/python3.8/site-packages/airflow/example_dags/tutorial_taskflow_api_virtualenv.py
[2025-05-04T22:30:36.348+0000] {processor.py:830} INFO - Processing file /home/airflow/.local/lib/python3.8/site-packages/airflow/example_dags/tutorial_taskflow_api_virtualenv.py for tasks to queue
[2025-05-04T22:30:36.350+0000] {logging_mixin.py:188} INFO - [2025-05-04T22:30:36.350+0000] {dagbag.py:538} INFO - Filling up the DagBag from /home/airflow/.local/lib/python3.8/site-packages/airflow/example_dags/tutorial_taskflow_api_virtualenv.py
[2025-05-04T22:30:36.353+0000] {processor.py:840} INFO - DAG(s) 'tutorial_taskflow_api_virtualenv' retrieved from /home/airflow/.local/lib/python3.8/site-packages/airflow/example_dags/tutorial_taskflow_api_virtualenv.py
[2025-05-04T22:30:36.362+0000] {logging_mixin.py:188} INFO - [2025-05-04T22:30:36.362+0000] {dag.py:3033} INFO - Sync 1 DAGs
[2025-05-04T22:30:36.369+0000] {logging_mixin.py:188} INFO - [2025-05-04T22:30:36.369+0000] {dag.py:3820} INFO - Setting next_dagrun for tutorial_taskflow_api_virtualenv to None, run_after=None
[2025-05-04T22:30:36.384+0000] {processor.py:183} INFO - Processing /home/airflow/.local/lib/python3.8/site-packages/airflow/example_dags/tutorial_taskflow_api_virtualenv.py took 0.038 seconds
[2025-05-04T22:31:14.847+0000] {processor.py:161} INFO - Started process (PID=72) to work on /home/airflow/.local/lib/python3.8/site-packages/airflow/example_dags/tutorial_taskflow_api_virtualenv.py
[2025-05-04T22:31:14.848+0000] {processor.py:830} INFO - Processing file /home/airflow/.local/lib/python3.8/site-packages/airflow/example_dags/tutorial_taskflow_api_virtualenv.py for tasks to queue
[2025-05-04T22:31:14.849+0000] {logging_mixin.py:188} INFO - [2025-05-04T22:31:14.849+0000] {dagbag.py:538} INFO - Filling up the DagBag from /home/airflow/.local/lib/python3.8/site-packages/airflow/example_dags/tutorial_taskflow_api_virtualenv.py
[2025-05-04T22:31:14.854+0000] {processor.py:840} INFO - DAG(s) 'tutorial_taskflow_api_virtualenv' retrieved from /home/airflow/.local/lib/python3.8/site-packages/airflow/example_dags/tutorial_taskflow_api_virtualenv.py
[2025-05-04T22:31:14.862+0000] {logging_mixin.py:188} INFO - [2025-05-04T22:31:14.862+0000] {dag.py:3033} INFO - Sync 1 DAGs
[2025-05-04T22:31:14.872+0000] {logging_mixin.py:188} INFO - [2025-05-04T22:31:14.872+0000] {dag.py:3820} INFO - Setting next_dagrun for tutorial_taskflow_api_virtualenv to None, run_after=None
[2025-05-04T22:31:14.889+0000] {processor.py:183} INFO - Processing /home/airflow/.local/lib/python3.8/site-packages/airflow/example_dags/tutorial_taskflow_api_virtualenv.py took 0.045 seconds
[2025-05-04T22:31:44.964+0000] {processor.py:161} INFO - Started process (PID=128) to work on /home/airflow/.local/lib/python3.8/site-packages/airflow/example_dags/tutorial_taskflow_api_virtualenv.py
[2025-05-04T22:31:44.965+0000] {processor.py:830} INFO - Processing file /home/airflow/.local/lib/python3.8/site-packages/airflow/example_dags/tutorial_taskflow_api_virtualenv.py for tasks to queue
[2025-05-04T22:31:44.966+0000] {logging_mixin.py:188} INFO - [2025-05-04T22:31:44.966+0000] {dagbag.py:538} INFO - Filling up the DagBag from /home/airflow/.local/lib/python3.8/site-packages/airflow/example_dags/tutorial_taskflow_api_virtualenv.py
[2025-05-04T22:31:44.970+0000] {processor.py:840} INFO - DAG(s) 'tutorial_taskflow_api_virtualenv' retrieved from /home/airflow/.local/lib/python3.8/site-packages/airflow/example_dags/tutorial_taskflow_api_virtualenv.py
[2025-05-04T22:31:45.019+0000] {logging_mixin.py:188} INFO - [2025-05-04T22:31:45.019+0000] {dag.py:3033} INFO - Sync 1 DAGs
[2025-05-04T22:31:45.024+0000] {logging_mixin.py:188} INFO - [2025-05-04T22:31:45.024+0000] {dag.py:3820} INFO - Setting next_dagrun for tutorial_taskflow_api_virtualenv to None, run_after=None
[2025-05-04T22:31:45.037+0000] {processor.py:183} INFO - Processing /home/airflow/.local/lib/python3.8/site-packages/airflow/example_dags/tutorial_taskflow_api_virtualenv.py took 0.075 seconds
[2025-05-04T22:32:15.989+0000] {processor.py:161} INFO - Started process (PID=188) to work on /home/airflow/.local/lib/python3.8/site-packages/airflow/example_dags/tutorial_taskflow_api_virtualenv.py
[2025-05-04T22:32:15.990+0000] {processor.py:830} INFO - Processing file /home/airflow/.local/lib/python3.8/site-packages/airflow/example_dags/tutorial_taskflow_api_virtualenv.py for tasks to queue
[2025-05-04T22:32:15.991+0000] {logging_mixin.py:188} INFO - [2025-05-04T22:32:15.991+0000] {dagbag.py:538} INFO - Filling up the DagBag from /home/airflow/.local/lib/python3.8/site-packages/airflow/example_dags/tutorial_taskflow_api_virtualenv.py
[2025-05-04T22:32:15.995+0000] {processor.py:840} INFO - DAG(s) 'tutorial_taskflow_api_virtualenv' retrieved from /home/airflow/.local/lib/python3.8/site-packages/airflow/example_dags/tutorial_taskflow_api_virtualenv.py
[2025-05-04T22:32:16.056+0000] {logging_mixin.py:188} INFO - [2025-05-04T22:32:16.056+0000] {dag.py:3033} INFO - Sync 1 DAGs
[2025-05-04T22:32:16.066+0000] {logging_mixin.py:188} INFO - [2025-05-04T22:32:16.065+0000] {dag.py:3820} INFO - Setting next_dagrun for tutorial_taskflow_api_virtualenv to None, run_after=None
[2025-05-04T22:32:16.085+0000] {processor.py:183} INFO - Processing /home/airflow/.local/lib/python3.8/site-packages/airflow/example_dags/tutorial_taskflow_api_virtualenv.py took 0.098 seconds
[2025-05-04T22:32:46.761+0000] {processor.py:161} INFO - Started process (PID=244) to work on /home/airflow/.local/lib/python3.8/site-packages/airflow/example_dags/tutorial_taskflow_api_virtualenv.py
[2025-05-04T22:32:46.762+0000] {processor.py:830} INFO - Processing file /home/airflow/.local/lib/python3.8/site-packages/airflow/example_dags/tutorial_taskflow_api_virtualenv.py for tasks to queue
[2025-05-04T22:32:46.763+0000] {logging_mixin.py:188} INFO - [2025-05-04T22:32:46.763+0000] {dagbag.py:538} INFO - Filling up the DagBag from /home/airflow/.local/lib/python3.8/site-packages/airflow/example_dags/tutorial_taskflow_api_virtualenv.py
[2025-05-04T22:32:46.766+0000] {processor.py:840} INFO - DAG(s) 'tutorial_taskflow_api_virtualenv' retrieved from /home/airflow/.local/lib/python3.8/site-packages/airflow/example_dags/tutorial_taskflow_api_virtualenv.py
[2025-05-04T22:32:46.779+0000] {logging_mixin.py:188} INFO - [2025-05-04T22:32:46.778+0000] {dag.py:3033} INFO - Sync 1 DAGs
[2025-05-04T22:32:46.785+0000] {logging_mixin.py:188} INFO - [2025-05-04T22:32:46.785+0000] {dag.py:3820} INFO - Setting next_dagrun for tutorial_taskflow_api_virtualenv to None, run_after=None
[2025-05-04T22:32:46.799+0000] {processor.py:183} INFO - Processing /home/airflow/.local/lib/python3.8/site-packages/airflow/example_dags/tutorial_taskflow_api_virtualenv.py took 0.039 seconds
[2025-05-04T22:33:17.529+0000] {processor.py:161} INFO - Started process (PID=300) to work on /home/airflow/.local/lib/python3.8/site-packages/airflow/example_dags/tutorial_taskflow_api_virtualenv.py
[2025-05-04T22:33:17.530+0000] {processor.py:830} INFO - Processing file /home/airflow/.local/lib/python3.8/site-packages/airflow/example_dags/tutorial_taskflow_api_virtualenv.py for tasks to queue
[2025-05-04T22:33:17.531+0000] {logging_mixin.py:188} INFO - [2025-05-04T22:33:17.531+0000] {dagbag.py:538} INFO - Filling up the DagBag from /home/airflow/.local/lib/python3.8/site-packages/airflow/example_dags/tutorial_taskflow_api_virtualenv.py
[2025-05-04T22:33:17.535+0000] {processor.py:840} INFO - DAG(s) 'tutorial_taskflow_api_virtualenv' retrieved from /home/airflow/.local/lib/python3.8/site-packages/airflow/example_dags/tutorial_taskflow_api_virtualenv.py
[2025-05-04T22:33:17.545+0000] {logging_mixin.py:188} INFO - [2025-05-04T22:33:17.545+0000] {dag.py:3033} INFO - Sync 1 DAGs
[2025-05-04T22:33:17.551+0000] {logging_mixin.py:188} INFO - [2025-05-04T22:33:17.551+0000] {dag.py:3820} INFO - Setting next_dagrun for tutorial_taskflow_api_virtualenv to None, run_after=None
[2025-05-04T22:33:17.558+0000] {processor.py:183} INFO - Processing /home/airflow/.local/lib/python3.8/site-packages/airflow/example_dags/tutorial_taskflow_api_virtualenv.py took 0.031 seconds
[2025-05-04T22:33:48.153+0000] {processor.py:161} INFO - Started process (PID=356) to work on /home/airflow/.local/lib/python3.8/site-packages/airflow/example_dags/tutorial_taskflow_api_virtualenv.py
[2025-05-04T22:33:48.153+0000] {processor.py:830} INFO - Processing file /home/airflow/.local/lib/python3.8/site-packages/airflow/example_dags/tutorial_taskflow_api_virtualenv.py for tasks to queue
[2025-05-04T22:33:48.155+0000] {logging_mixin.py:188} INFO - [2025-05-04T22:33:48.155+0000] {dagbag.py:538} INFO - Filling up the DagBag from /home/airflow/.local/lib/python3.8/site-packages/airflow/example_dags/tutorial_taskflow_api_virtualenv.py
[2025-05-04T22:33:48.159+0000] {processor.py:840} INFO - DAG(s) 'tutorial_taskflow_api_virtualenv' retrieved from /home/airflow/.local/lib/python3.8/site-packages/airflow/example_dags/tutorial_taskflow_api_virtualenv.py
[2025-05-04T22:33:48.173+0000] {logging_mixin.py:188} INFO - [2025-05-04T22:33:48.173+0000] {dag.py:3033} INFO - Sync 1 DAGs
[2025-05-04T22:33:48.179+0000] {logging_mixin.py:188} INFO - [2025-05-04T22:33:48.179+0000] {dag.py:3820} INFO - Setting next_dagrun for tutorial_taskflow_api_virtualenv to None, run_after=None
[2025-05-04T22:33:48.192+0000] {processor.py:183} INFO - Processing /home/airflow/.local/lib/python3.8/site-packages/airflow/example_dags/tutorial_taskflow_api_virtualenv.py took 0.041 seconds
[2025-05-04T22:34:18.789+0000] {processor.py:161} INFO - Started process (PID=412) to work on /home/airflow/.local/lib/python3.8/site-packages/airflow/example_dags/tutorial_taskflow_api_virtualenv.py
[2025-05-04T22:34:18.790+0000] {processor.py:830} INFO - Processing file /home/airflow/.local/lib/python3.8/site-packages/airflow/example_dags/tutorial_taskflow_api_virtualenv.py for tasks to queue
[2025-05-04T22:34:18.791+0000] {logging_mixin.py:188} INFO - [2025-05-04T22:34:18.791+0000] {dagbag.py:538} INFO - Filling up the DagBag from /home/airflow/.local/lib/python3.8/site-packages/airflow/example_dags/tutorial_taskflow_api_virtualenv.py
[2025-05-04T22:34:18.797+0000] {processor.py:840} INFO - DAG(s) 'tutorial_taskflow_api_virtualenv' retrieved from /home/airflow/.local/lib/python3.8/site-packages/airflow/example_dags/tutorial_taskflow_api_virtualenv.py
[2025-05-04T22:34:18.813+0000] {logging_mixin.py:188} INFO - [2025-05-04T22:34:18.812+0000] {dag.py:3033} INFO - Sync 1 DAGs
[2025-05-04T22:34:18.822+0000] {logging_mixin.py:188} INFO - [2025-05-04T22:34:18.822+0000] {dag.py:3820} INFO - Setting next_dagrun for tutorial_taskflow_api_virtualenv to None, run_after=None
[2025-05-04T22:34:18.834+0000] {processor.py:183} INFO - Processing /home/airflow/.local/lib/python3.8/site-packages/airflow/example_dags/tutorial_taskflow_api_virtualenv.py took 0.046 seconds
[2025-05-04T22:36:26.021+0000] {processor.py:161} INFO - Started process (PID=70) to work on /home/airflow/.local/lib/python3.8/site-packages/airflow/example_dags/tutorial_taskflow_api_virtualenv.py
[2025-05-04T22:36:26.021+0000] {processor.py:830} INFO - Processing file /home/airflow/.local/lib/python3.8/site-packages/airflow/example_dags/tutorial_taskflow_api_virtualenv.py for tasks to queue
[2025-05-04T22:36:26.022+0000] {logging_mixin.py:188} INFO - [2025-05-04T22:36:26.022+0000] {dagbag.py:538} INFO - Filling up the DagBag from /home/airflow/.local/lib/python3.8/site-packages/airflow/example_dags/tutorial_taskflow_api_virtualenv.py
[2025-05-04T22:36:26.026+0000] {processor.py:840} INFO - DAG(s) 'tutorial_taskflow_api_virtualenv' retrieved from /home/airflow/.local/lib/python3.8/site-packages/airflow/example_dags/tutorial_taskflow_api_virtualenv.py
[2025-05-04T22:36:26.031+0000] {logging_mixin.py:188} INFO - [2025-05-04T22:36:26.031+0000] {dag.py:3033} INFO - Sync 1 DAGs
[2025-05-04T22:36:26.039+0000] {logging_mixin.py:188} INFO - [2025-05-04T22:36:26.038+0000] {dag.py:3820} INFO - Setting next_dagrun for tutorial_taskflow_api_virtualenv to None, run_after=None
[2025-05-04T22:36:26.048+0000] {processor.py:183} INFO - Processing /home/airflow/.local/lib/python3.8/site-packages/airflow/example_dags/tutorial_taskflow_api_virtualenv.py took 0.028 seconds
[2025-05-04T22:36:56.174+0000] {processor.py:161} INFO - Started process (PID=126) to work on /home/airflow/.local/lib/python3.8/site-packages/airflow/example_dags/tutorial_taskflow_api_virtualenv.py
[2025-05-04T22:36:56.175+0000] {processor.py:830} INFO - Processing file /home/airflow/.local/lib/python3.8/site-packages/airflow/example_dags/tutorial_taskflow_api_virtualenv.py for tasks to queue
[2025-05-04T22:36:56.176+0000] {logging_mixin.py:188} INFO - [2025-05-04T22:36:56.175+0000] {dagbag.py:538} INFO - Filling up the DagBag from /home/airflow/.local/lib/python3.8/site-packages/airflow/example_dags/tutorial_taskflow_api_virtualenv.py
[2025-05-04T22:36:56.179+0000] {processor.py:840} INFO - DAG(s) 'tutorial_taskflow_api_virtualenv' retrieved from /home/airflow/.local/lib/python3.8/site-packages/airflow/example_dags/tutorial_taskflow_api_virtualenv.py
[2025-05-04T22:36:56.226+0000] {logging_mixin.py:188} INFO - [2025-05-04T22:36:56.226+0000] {dag.py:3033} INFO - Sync 1 DAGs
[2025-05-04T22:36:56.233+0000] {logging_mixin.py:188} INFO - [2025-05-04T22:36:56.233+0000] {dag.py:3820} INFO - Setting next_dagrun for tutorial_taskflow_api_virtualenv to None, run_after=None
[2025-05-04T22:36:56.241+0000] {processor.py:183} INFO - Processing /home/airflow/.local/lib/python3.8/site-packages/airflow/example_dags/tutorial_taskflow_api_virtualenv.py took 0.068 seconds
[2025-05-04T22:37:27.177+0000] {processor.py:161} INFO - Started process (PID=182) to work on /home/airflow/.local/lib/python3.8/site-packages/airflow/example_dags/tutorial_taskflow_api_virtualenv.py
[2025-05-04T22:37:27.178+0000] {processor.py:830} INFO - Processing file /home/airflow/.local/lib/python3.8/site-packages/airflow/example_dags/tutorial_taskflow_api_virtualenv.py for tasks to queue
[2025-05-04T22:37:27.179+0000] {logging_mixin.py:188} INFO - [2025-05-04T22:37:27.179+0000] {dagbag.py:538} INFO - Filling up the DagBag from /home/airflow/.local/lib/python3.8/site-packages/airflow/example_dags/tutorial_taskflow_api_virtualenv.py
[2025-05-04T22:37:27.182+0000] {processor.py:840} INFO - DAG(s) 'tutorial_taskflow_api_virtualenv' retrieved from /home/airflow/.local/lib/python3.8/site-packages/airflow/example_dags/tutorial_taskflow_api_virtualenv.py
[2025-05-04T22:37:27.196+0000] {logging_mixin.py:188} INFO - [2025-05-04T22:37:27.196+0000] {dag.py:3033} INFO - Sync 1 DAGs
[2025-05-04T22:37:27.205+0000] {logging_mixin.py:188} INFO - [2025-05-04T22:37:27.205+0000] {dag.py:3820} INFO - Setting next_dagrun for tutorial_taskflow_api_virtualenv to None, run_after=None
[2025-05-04T22:37:27.225+0000] {processor.py:183} INFO - Processing /home/airflow/.local/lib/python3.8/site-packages/airflow/example_dags/tutorial_taskflow_api_virtualenv.py took 0.050 seconds
[2025-05-04T22:37:57.877+0000] {processor.py:161} INFO - Started process (PID=238) to work on /home/airflow/.local/lib/python3.8/site-packages/airflow/example_dags/tutorial_taskflow_api_virtualenv.py
[2025-05-04T22:37:57.878+0000] {processor.py:830} INFO - Processing file /home/airflow/.local/lib/python3.8/site-packages/airflow/example_dags/tutorial_taskflow_api_virtualenv.py for tasks to queue
[2025-05-04T22:37:57.879+0000] {logging_mixin.py:188} INFO - [2025-05-04T22:37:57.879+0000] {dagbag.py:538} INFO - Filling up the DagBag from /home/airflow/.local/lib/python3.8/site-packages/airflow/example_dags/tutorial_taskflow_api_virtualenv.py
[2025-05-04T22:37:57.883+0000] {processor.py:840} INFO - DAG(s) 'tutorial_taskflow_api_virtualenv' retrieved from /home/airflow/.local/lib/python3.8/site-packages/airflow/example_dags/tutorial_taskflow_api_virtualenv.py
[2025-05-04T22:37:57.897+0000] {logging_mixin.py:188} INFO - [2025-05-04T22:37:57.897+0000] {dag.py:3033} INFO - Sync 1 DAGs
[2025-05-04T22:37:57.909+0000] {logging_mixin.py:188} INFO - [2025-05-04T22:37:57.909+0000] {dag.py:3820} INFO - Setting next_dagrun for tutorial_taskflow_api_virtualenv to None, run_after=None
[2025-05-04T22:37:57.920+0000] {processor.py:183} INFO - Processing /home/airflow/.local/lib/python3.8/site-packages/airflow/example_dags/tutorial_taskflow_api_virtualenv.py took 0.044 seconds
[2025-05-04T22:38:28.618+0000] {processor.py:161} INFO - Started process (PID=294) to work on /home/airflow/.local/lib/python3.8/site-packages/airflow/example_dags/tutorial_taskflow_api_virtualenv.py
[2025-05-04T22:38:28.619+0000] {processor.py:830} INFO - Processing file /home/airflow/.local/lib/python3.8/site-packages/airflow/example_dags/tutorial_taskflow_api_virtualenv.py for tasks to queue
[2025-05-04T22:38:28.620+0000] {logging_mixin.py:188} INFO - [2025-05-04T22:38:28.620+0000] {dagbag.py:538} INFO - Filling up the DagBag from /home/airflow/.local/lib/python3.8/site-packages/airflow/example_dags/tutorial_taskflow_api_virtualenv.py
[2025-05-04T22:38:28.624+0000] {processor.py:840} INFO - DAG(s) 'tutorial_taskflow_api_virtualenv' retrieved from /home/airflow/.local/lib/python3.8/site-packages/airflow/example_dags/tutorial_taskflow_api_virtualenv.py
[2025-05-04T22:38:28.640+0000] {logging_mixin.py:188} INFO - [2025-05-04T22:38:28.640+0000] {dag.py:3033} INFO - Sync 1 DAGs
[2025-05-04T22:38:28.654+0000] {logging_mixin.py:188} INFO - [2025-05-04T22:38:28.654+0000] {dag.py:3820} INFO - Setting next_dagrun for tutorial_taskflow_api_virtualenv to None, run_after=None
[2025-05-04T22:38:28.675+0000] {processor.py:183} INFO - Processing /home/airflow/.local/lib/python3.8/site-packages/airflow/example_dags/tutorial_taskflow_api_virtualenv.py took 0.059 seconds
[2025-05-04T22:38:59.371+0000] {processor.py:161} INFO - Started process (PID=350) to work on /home/airflow/.local/lib/python3.8/site-packages/airflow/example_dags/tutorial_taskflow_api_virtualenv.py
[2025-05-04T22:38:59.371+0000] {processor.py:830} INFO - Processing file /home/airflow/.local/lib/python3.8/site-packages/airflow/example_dags/tutorial_taskflow_api_virtualenv.py for tasks to queue
[2025-05-04T22:38:59.372+0000] {logging_mixin.py:188} INFO - [2025-05-04T22:38:59.372+0000] {dagbag.py:538} INFO - Filling up the DagBag from /home/airflow/.local/lib/python3.8/site-packages/airflow/example_dags/tutorial_taskflow_api_virtualenv.py
[2025-05-04T22:38:59.376+0000] {processor.py:840} INFO - DAG(s) 'tutorial_taskflow_api_virtualenv' retrieved from /home/airflow/.local/lib/python3.8/site-packages/airflow/example_dags/tutorial_taskflow_api_virtualenv.py
[2025-05-04T22:38:59.385+0000] {logging_mixin.py:188} INFO - [2025-05-04T22:38:59.385+0000] {dag.py:3033} INFO - Sync 1 DAGs
[2025-05-04T22:38:59.391+0000] {logging_mixin.py:188} INFO - [2025-05-04T22:38:59.391+0000] {dag.py:3820} INFO - Setting next_dagrun for tutorial_taskflow_api_virtualenv to None, run_after=None
[2025-05-04T22:38:59.398+0000] {processor.py:183} INFO - Processing /home/airflow/.local/lib/python3.8/site-packages/airflow/example_dags/tutorial_taskflow_api_virtualenv.py took 0.029 seconds
[2025-05-04T22:39:30.218+0000] {processor.py:161} INFO - Started process (PID=406) to work on /home/airflow/.local/lib/python3.8/site-packages/airflow/example_dags/tutorial_taskflow_api_virtualenv.py
[2025-05-04T22:39:30.219+0000] {processor.py:830} INFO - Processing file /home/airflow/.local/lib/python3.8/site-packages/airflow/example_dags/tutorial_taskflow_api_virtualenv.py for tasks to queue
[2025-05-04T22:39:30.220+0000] {logging_mixin.py:188} INFO - [2025-05-04T22:39:30.220+0000] {dagbag.py:538} INFO - Filling up the DagBag from /home/airflow/.local/lib/python3.8/site-packages/airflow/example_dags/tutorial_taskflow_api_virtualenv.py
[2025-05-04T22:39:30.224+0000] {processor.py:840} INFO - DAG(s) 'tutorial_taskflow_api_virtualenv' retrieved from /home/airflow/.local/lib/python3.8/site-packages/airflow/example_dags/tutorial_taskflow_api_virtualenv.py
[2025-05-04T22:39:30.234+0000] {logging_mixin.py:188} INFO - [2025-05-04T22:39:30.234+0000] {dag.py:3033} INFO - Sync 1 DAGs
[2025-05-04T22:39:30.240+0000] {logging_mixin.py:188} INFO - [2025-05-04T22:39:30.240+0000] {dag.py:3820} INFO - Setting next_dagrun for tutorial_taskflow_api_virtualenv to None, run_after=None
[2025-05-04T22:39:30.247+0000] {processor.py:183} INFO - Processing /home/airflow/.local/lib/python3.8/site-packages/airflow/example_dags/tutorial_taskflow_api_virtualenv.py took 0.031 seconds
[2025-05-04T22:40:01.066+0000] {processor.py:161} INFO - Started process (PID=463) to work on /home/airflow/.local/lib/python3.8/site-packages/airflow/example_dags/tutorial_taskflow_api_virtualenv.py
[2025-05-04T22:40:01.067+0000] {processor.py:830} INFO - Processing file /home/airflow/.local/lib/python3.8/site-packages/airflow/example_dags/tutorial_taskflow_api_virtualenv.py for tasks to queue
[2025-05-04T22:40:01.068+0000] {logging_mixin.py:188} INFO - [2025-05-04T22:40:01.068+0000] {dagbag.py:538} INFO - Filling up the DagBag from /home/airflow/.local/lib/python3.8/site-packages/airflow/example_dags/tutorial_taskflow_api_virtualenv.py
[2025-05-04T22:40:01.071+0000] {processor.py:840} INFO - DAG(s) 'tutorial_taskflow_api_virtualenv' retrieved from /home/airflow/.local/lib/python3.8/site-packages/airflow/example_dags/tutorial_taskflow_api_virtualenv.py
[2025-05-04T22:40:01.080+0000] {logging_mixin.py:188} INFO - [2025-05-04T22:40:01.080+0000] {dag.py:3033} INFO - Sync 1 DAGs
[2025-05-04T22:40:01.086+0000] {logging_mixin.py:188} INFO - [2025-05-04T22:40:01.086+0000] {dag.py:3820} INFO - Setting next_dagrun for tutorial_taskflow_api_virtualenv to None, run_after=None
[2025-05-04T22:40:01.093+0000] {processor.py:183} INFO - Processing /home/airflow/.local/lib/python3.8/site-packages/airflow/example_dags/tutorial_taskflow_api_virtualenv.py took 0.029 seconds
[2025-05-04T22:40:32.073+0000] {processor.py:161} INFO - Started process (PID=519) to work on /home/airflow/.local/lib/python3.8/site-packages/airflow/example_dags/tutorial_taskflow_api_virtualenv.py
[2025-05-04T22:40:32.073+0000] {processor.py:830} INFO - Processing file /home/airflow/.local/lib/python3.8/site-packages/airflow/example_dags/tutorial_taskflow_api_virtualenv.py for tasks to queue
[2025-05-04T22:40:32.074+0000] {logging_mixin.py:188} INFO - [2025-05-04T22:40:32.074+0000] {dagbag.py:538} INFO - Filling up the DagBag from /home/airflow/.local/lib/python3.8/site-packages/airflow/example_dags/tutorial_taskflow_api_virtualenv.py
[2025-05-04T22:40:32.078+0000] {processor.py:840} INFO - DAG(s) 'tutorial_taskflow_api_virtualenv' retrieved from /home/airflow/.local/lib/python3.8/site-packages/airflow/example_dags/tutorial_taskflow_api_virtualenv.py
[2025-05-04T22:40:32.097+0000] {logging_mixin.py:188} INFO - [2025-05-04T22:40:32.097+0000] {dag.py:3033} INFO - Sync 1 DAGs
[2025-05-04T22:40:32.109+0000] {logging_mixin.py:188} INFO - [2025-05-04T22:40:32.109+0000] {dag.py:3820} INFO - Setting next_dagrun for tutorial_taskflow_api_virtualenv to None, run_after=None
[2025-05-04T22:40:32.124+0000] {processor.py:183} INFO - Processing /home/airflow/.local/lib/python3.8/site-packages/airflow/example_dags/tutorial_taskflow_api_virtualenv.py took 0.053 seconds
[2025-05-04T22:41:02.176+0000] {processor.py:161} INFO - Started process (PID=575) to work on /home/airflow/.local/lib/python3.8/site-packages/airflow/example_dags/tutorial_taskflow_api_virtualenv.py
[2025-05-04T22:41:02.177+0000] {processor.py:830} INFO - Processing file /home/airflow/.local/lib/python3.8/site-packages/airflow/example_dags/tutorial_taskflow_api_virtualenv.py for tasks to queue
[2025-05-04T22:41:02.178+0000] {logging_mixin.py:188} INFO - [2025-05-04T22:41:02.178+0000] {dagbag.py:538} INFO - Filling up the DagBag from /home/airflow/.local/lib/python3.8/site-packages/airflow/example_dags/tutorial_taskflow_api_virtualenv.py
[2025-05-04T22:41:02.181+0000] {processor.py:840} INFO - DAG(s) 'tutorial_taskflow_api_virtualenv' retrieved from /home/airflow/.local/lib/python3.8/site-packages/airflow/example_dags/tutorial_taskflow_api_virtualenv.py
[2025-05-04T22:41:02.191+0000] {logging_mixin.py:188} INFO - [2025-05-04T22:41:02.191+0000] {dag.py:3033} INFO - Sync 1 DAGs
[2025-05-04T22:41:02.197+0000] {logging_mixin.py:188} INFO - [2025-05-04T22:41:02.196+0000] {dag.py:3820} INFO - Setting next_dagrun for tutorial_taskflow_api_virtualenv to None, run_after=None
[2025-05-04T22:41:02.204+0000] {processor.py:183} INFO - Processing /home/airflow/.local/lib/python3.8/site-packages/airflow/example_dags/tutorial_taskflow_api_virtualenv.py took 0.029 seconds
[2025-05-04T22:41:32.819+0000] {processor.py:161} INFO - Started process (PID=631) to work on /home/airflow/.local/lib/python3.8/site-packages/airflow/example_dags/tutorial_taskflow_api_virtualenv.py
[2025-05-04T22:41:32.820+0000] {processor.py:830} INFO - Processing file /home/airflow/.local/lib/python3.8/site-packages/airflow/example_dags/tutorial_taskflow_api_virtualenv.py for tasks to queue
[2025-05-04T22:41:32.821+0000] {logging_mixin.py:188} INFO - [2025-05-04T22:41:32.821+0000] {dagbag.py:538} INFO - Filling up the DagBag from /home/airflow/.local/lib/python3.8/site-packages/airflow/example_dags/tutorial_taskflow_api_virtualenv.py
[2025-05-04T22:41:32.824+0000] {processor.py:840} INFO - DAG(s) 'tutorial_taskflow_api_virtualenv' retrieved from /home/airflow/.local/lib/python3.8/site-packages/airflow/example_dags/tutorial_taskflow_api_virtualenv.py
[2025-05-04T22:41:32.833+0000] {logging_mixin.py:188} INFO - [2025-05-04T22:41:32.833+0000] {dag.py:3033} INFO - Sync 1 DAGs
[2025-05-04T22:41:32.839+0000] {logging_mixin.py:188} INFO - [2025-05-04T22:41:32.839+0000] {dag.py:3820} INFO - Setting next_dagrun for tutorial_taskflow_api_virtualenv to None, run_after=None
[2025-05-04T22:41:32.845+0000] {processor.py:183} INFO - Processing /home/airflow/.local/lib/python3.8/site-packages/airflow/example_dags/tutorial_taskflow_api_virtualenv.py took 0.028 seconds
[2025-05-04T22:42:03.694+0000] {processor.py:161} INFO - Started process (PID=687) to work on /home/airflow/.local/lib/python3.8/site-packages/airflow/example_dags/tutorial_taskflow_api_virtualenv.py
[2025-05-04T22:42:03.695+0000] {processor.py:830} INFO - Processing file /home/airflow/.local/lib/python3.8/site-packages/airflow/example_dags/tutorial_taskflow_api_virtualenv.py for tasks to queue
[2025-05-04T22:42:03.696+0000] {logging_mixin.py:188} INFO - [2025-05-04T22:42:03.696+0000] {dagbag.py:538} INFO - Filling up the DagBag from /home/airflow/.local/lib/python3.8/site-packages/airflow/example_dags/tutorial_taskflow_api_virtualenv.py
[2025-05-04T22:42:03.699+0000] {processor.py:840} INFO - DAG(s) 'tutorial_taskflow_api_virtualenv' retrieved from /home/airflow/.local/lib/python3.8/site-packages/airflow/example_dags/tutorial_taskflow_api_virtualenv.py
[2025-05-04T22:42:03.712+0000] {logging_mixin.py:188} INFO - [2025-05-04T22:42:03.711+0000] {dag.py:3033} INFO - Sync 1 DAGs
[2025-05-04T22:42:03.719+0000] {logging_mixin.py:188} INFO - [2025-05-04T22:42:03.719+0000] {dag.py:3820} INFO - Setting next_dagrun for tutorial_taskflow_api_virtualenv to None, run_after=None
[2025-05-04T22:42:03.730+0000] {processor.py:183} INFO - Processing /home/airflow/.local/lib/python3.8/site-packages/airflow/example_dags/tutorial_taskflow_api_virtualenv.py took 0.038 seconds
[2025-05-04T22:42:34.464+0000] {processor.py:161} INFO - Started process (PID=743) to work on /home/airflow/.local/lib/python3.8/site-packages/airflow/example_dags/tutorial_taskflow_api_virtualenv.py
[2025-05-04T22:42:34.464+0000] {processor.py:830} INFO - Processing file /home/airflow/.local/lib/python3.8/site-packages/airflow/example_dags/tutorial_taskflow_api_virtualenv.py for tasks to queue
[2025-05-04T22:42:34.465+0000] {logging_mixin.py:188} INFO - [2025-05-04T22:42:34.465+0000] {dagbag.py:538} INFO - Filling up the DagBag from /home/airflow/.local/lib/python3.8/site-packages/airflow/example_dags/tutorial_taskflow_api_virtualenv.py
[2025-05-04T22:42:34.469+0000] {processor.py:840} INFO - DAG(s) 'tutorial_taskflow_api_virtualenv' retrieved from /home/airflow/.local/lib/python3.8/site-packages/airflow/example_dags/tutorial_taskflow_api_virtualenv.py
[2025-05-04T22:42:34.478+0000] {logging_mixin.py:188} INFO - [2025-05-04T22:42:34.478+0000] {dag.py:3033} INFO - Sync 1 DAGs
[2025-05-04T22:42:34.483+0000] {logging_mixin.py:188} INFO - [2025-05-04T22:42:34.483+0000] {dag.py:3820} INFO - Setting next_dagrun for tutorial_taskflow_api_virtualenv to None, run_after=None
[2025-05-04T22:42:34.490+0000] {processor.py:183} INFO - Processing /home/airflow/.local/lib/python3.8/site-packages/airflow/example_dags/tutorial_taskflow_api_virtualenv.py took 0.027 seconds
[2025-05-04T22:43:05.373+0000] {processor.py:161} INFO - Started process (PID=799) to work on /home/airflow/.local/lib/python3.8/site-packages/airflow/example_dags/tutorial_taskflow_api_virtualenv.py
[2025-05-04T22:43:05.374+0000] {processor.py:830} INFO - Processing file /home/airflow/.local/lib/python3.8/site-packages/airflow/example_dags/tutorial_taskflow_api_virtualenv.py for tasks to queue
[2025-05-04T22:43:05.375+0000] {logging_mixin.py:188} INFO - [2025-05-04T22:43:05.375+0000] {dagbag.py:538} INFO - Filling up the DagBag from /home/airflow/.local/lib/python3.8/site-packages/airflow/example_dags/tutorial_taskflow_api_virtualenv.py
[2025-05-04T22:43:05.379+0000] {processor.py:840} INFO - DAG(s) 'tutorial_taskflow_api_virtualenv' retrieved from /home/airflow/.local/lib/python3.8/site-packages/airflow/example_dags/tutorial_taskflow_api_virtualenv.py
[2025-05-04T22:43:05.392+0000] {logging_mixin.py:188} INFO - [2025-05-04T22:43:05.391+0000] {dag.py:3033} INFO - Sync 1 DAGs
[2025-05-04T22:43:05.408+0000] {logging_mixin.py:188} INFO - [2025-05-04T22:43:05.408+0000] {dag.py:3820} INFO - Setting next_dagrun for tutorial_taskflow_api_virtualenv to None, run_after=None
[2025-05-04T22:43:05.425+0000] {processor.py:183} INFO - Processing /home/airflow/.local/lib/python3.8/site-packages/airflow/example_dags/tutorial_taskflow_api_virtualenv.py took 0.054 seconds
[2025-05-04T22:43:36.330+0000] {processor.py:161} INFO - Started process (PID=855) to work on /home/airflow/.local/lib/python3.8/site-packages/airflow/example_dags/tutorial_taskflow_api_virtualenv.py
[2025-05-04T22:43:36.330+0000] {processor.py:830} INFO - Processing file /home/airflow/.local/lib/python3.8/site-packages/airflow/example_dags/tutorial_taskflow_api_virtualenv.py for tasks to queue
[2025-05-04T22:43:36.331+0000] {logging_mixin.py:188} INFO - [2025-05-04T22:43:36.331+0000] {dagbag.py:538} INFO - Filling up the DagBag from /home/airflow/.local/lib/python3.8/site-packages/airflow/example_dags/tutorial_taskflow_api_virtualenv.py
[2025-05-04T22:43:36.335+0000] {processor.py:840} INFO - DAG(s) 'tutorial_taskflow_api_virtualenv' retrieved from /home/airflow/.local/lib/python3.8/site-packages/airflow/example_dags/tutorial_taskflow_api_virtualenv.py
[2025-05-04T22:43:36.349+0000] {logging_mixin.py:188} INFO - [2025-05-04T22:43:36.348+0000] {dag.py:3033} INFO - Sync 1 DAGs
[2025-05-04T22:43:36.355+0000] {logging_mixin.py:188} INFO - [2025-05-04T22:43:36.355+0000] {dag.py:3820} INFO - Setting next_dagrun for tutorial_taskflow_api_virtualenv to None, run_after=None
[2025-05-04T22:43:36.373+0000] {processor.py:183} INFO - Processing /home/airflow/.local/lib/python3.8/site-packages/airflow/example_dags/tutorial_taskflow_api_virtualenv.py took 0.045 seconds
[2025-05-04T22:44:07.094+0000] {processor.py:161} INFO - Started process (PID=911) to work on /home/airflow/.local/lib/python3.8/site-packages/airflow/example_dags/tutorial_taskflow_api_virtualenv.py
[2025-05-04T22:44:07.094+0000] {processor.py:830} INFO - Processing file /home/airflow/.local/lib/python3.8/site-packages/airflow/example_dags/tutorial_taskflow_api_virtualenv.py for tasks to queue
[2025-05-04T22:44:07.095+0000] {logging_mixin.py:188} INFO - [2025-05-04T22:44:07.095+0000] {dagbag.py:538} INFO - Filling up the DagBag from /home/airflow/.local/lib/python3.8/site-packages/airflow/example_dags/tutorial_taskflow_api_virtualenv.py
[2025-05-04T22:44:07.099+0000] {processor.py:840} INFO - DAG(s) 'tutorial_taskflow_api_virtualenv' retrieved from /home/airflow/.local/lib/python3.8/site-packages/airflow/example_dags/tutorial_taskflow_api_virtualenv.py
[2025-05-04T22:44:07.111+0000] {logging_mixin.py:188} INFO - [2025-05-04T22:44:07.111+0000] {dag.py:3033} INFO - Sync 1 DAGs
[2025-05-04T22:44:07.121+0000] {logging_mixin.py:188} INFO - [2025-05-04T22:44:07.121+0000] {dag.py:3820} INFO - Setting next_dagrun for tutorial_taskflow_api_virtualenv to None, run_after=None
[2025-05-04T22:44:07.138+0000] {processor.py:183} INFO - Processing /home/airflow/.local/lib/python3.8/site-packages/airflow/example_dags/tutorial_taskflow_api_virtualenv.py took 0.046 seconds
[2025-05-04T22:44:37.922+0000] {processor.py:161} INFO - Started process (PID=967) to work on /home/airflow/.local/lib/python3.8/site-packages/airflow/example_dags/tutorial_taskflow_api_virtualenv.py
[2025-05-04T22:44:37.922+0000] {processor.py:830} INFO - Processing file /home/airflow/.local/lib/python3.8/site-packages/airflow/example_dags/tutorial_taskflow_api_virtualenv.py for tasks to queue
[2025-05-04T22:44:37.923+0000] {logging_mixin.py:188} INFO - [2025-05-04T22:44:37.923+0000] {dagbag.py:538} INFO - Filling up the DagBag from /home/airflow/.local/lib/python3.8/site-packages/airflow/example_dags/tutorial_taskflow_api_virtualenv.py
[2025-05-04T22:44:37.927+0000] {processor.py:840} INFO - DAG(s) 'tutorial_taskflow_api_virtualenv' retrieved from /home/airflow/.local/lib/python3.8/site-packages/airflow/example_dags/tutorial_taskflow_api_virtualenv.py
[2025-05-04T22:44:37.943+0000] {logging_mixin.py:188} INFO - [2025-05-04T22:44:37.941+0000] {dag.py:3033} INFO - Sync 1 DAGs
[2025-05-04T22:44:37.950+0000] {logging_mixin.py:188} INFO - [2025-05-04T22:44:37.950+0000] {dag.py:3820} INFO - Setting next_dagrun for tutorial_taskflow_api_virtualenv to None, run_after=None
[2025-05-04T22:44:37.960+0000] {processor.py:183} INFO - Processing /home/airflow/.local/lib/python3.8/site-packages/airflow/example_dags/tutorial_taskflow_api_virtualenv.py took 0.040 seconds
[2025-05-04T22:45:08.746+0000] {processor.py:161} INFO - Started process (PID=1023) to work on /home/airflow/.local/lib/python3.8/site-packages/airflow/example_dags/tutorial_taskflow_api_virtualenv.py
[2025-05-04T22:45:08.747+0000] {processor.py:830} INFO - Processing file /home/airflow/.local/lib/python3.8/site-packages/airflow/example_dags/tutorial_taskflow_api_virtualenv.py for tasks to queue
[2025-05-04T22:45:08.748+0000] {logging_mixin.py:188} INFO - [2025-05-04T22:45:08.748+0000] {dagbag.py:538} INFO - Filling up the DagBag from /home/airflow/.local/lib/python3.8/site-packages/airflow/example_dags/tutorial_taskflow_api_virtualenv.py
[2025-05-04T22:45:08.752+0000] {processor.py:840} INFO - DAG(s) 'tutorial_taskflow_api_virtualenv' retrieved from /home/airflow/.local/lib/python3.8/site-packages/airflow/example_dags/tutorial_taskflow_api_virtualenv.py
[2025-05-04T22:45:08.764+0000] {logging_mixin.py:188} INFO - [2025-05-04T22:45:08.764+0000] {dag.py:3033} INFO - Sync 1 DAGs
[2025-05-04T22:45:08.772+0000] {logging_mixin.py:188} INFO - [2025-05-04T22:45:08.772+0000] {dag.py:3820} INFO - Setting next_dagrun for tutorial_taskflow_api_virtualenv to None, run_after=None
[2025-05-04T22:45:08.783+0000] {processor.py:183} INFO - Processing /home/airflow/.local/lib/python3.8/site-packages/airflow/example_dags/tutorial_taskflow_api_virtualenv.py took 0.040 seconds
[2025-05-04T22:45:39.666+0000] {processor.py:161} INFO - Started process (PID=1079) to work on /home/airflow/.local/lib/python3.8/site-packages/airflow/example_dags/tutorial_taskflow_api_virtualenv.py
[2025-05-04T22:45:39.666+0000] {processor.py:830} INFO - Processing file /home/airflow/.local/lib/python3.8/site-packages/airflow/example_dags/tutorial_taskflow_api_virtualenv.py for tasks to queue
[2025-05-04T22:45:39.667+0000] {logging_mixin.py:188} INFO - [2025-05-04T22:45:39.667+0000] {dagbag.py:538} INFO - Filling up the DagBag from /home/airflow/.local/lib/python3.8/site-packages/airflow/example_dags/tutorial_taskflow_api_virtualenv.py
[2025-05-04T22:45:39.670+0000] {processor.py:840} INFO - DAG(s) 'tutorial_taskflow_api_virtualenv' retrieved from /home/airflow/.local/lib/python3.8/site-packages/airflow/example_dags/tutorial_taskflow_api_virtualenv.py
[2025-05-04T22:45:39.680+0000] {logging_mixin.py:188} INFO - [2025-05-04T22:45:39.680+0000] {dag.py:3033} INFO - Sync 1 DAGs
[2025-05-04T22:45:39.687+0000] {logging_mixin.py:188} INFO - [2025-05-04T22:45:39.687+0000] {dag.py:3820} INFO - Setting next_dagrun for tutorial_taskflow_api_virtualenv to None, run_after=None
[2025-05-04T22:45:39.701+0000] {processor.py:183} INFO - Processing /home/airflow/.local/lib/python3.8/site-packages/airflow/example_dags/tutorial_taskflow_api_virtualenv.py took 0.037 seconds
[2025-05-04T22:46:32.259+0000] {processor.py:161} INFO - Started process (PID=71) to work on /home/airflow/.local/lib/python3.8/site-packages/airflow/example_dags/tutorial_taskflow_api_virtualenv.py
[2025-05-04T22:46:32.260+0000] {processor.py:830} INFO - Processing file /home/airflow/.local/lib/python3.8/site-packages/airflow/example_dags/tutorial_taskflow_api_virtualenv.py for tasks to queue
[2025-05-04T22:46:32.262+0000] {logging_mixin.py:188} INFO - [2025-05-04T22:46:32.261+0000] {dagbag.py:538} INFO - Filling up the DagBag from /home/airflow/.local/lib/python3.8/site-packages/airflow/example_dags/tutorial_taskflow_api_virtualenv.py
[2025-05-04T22:46:32.265+0000] {processor.py:840} INFO - DAG(s) 'tutorial_taskflow_api_virtualenv' retrieved from /home/airflow/.local/lib/python3.8/site-packages/airflow/example_dags/tutorial_taskflow_api_virtualenv.py
[2025-05-04T22:46:32.275+0000] {logging_mixin.py:188} INFO - [2025-05-04T22:46:32.275+0000] {dag.py:3033} INFO - Sync 1 DAGs
[2025-05-04T22:46:32.281+0000] {logging_mixin.py:188} INFO - [2025-05-04T22:46:32.281+0000] {dag.py:3820} INFO - Setting next_dagrun for tutorial_taskflow_api_virtualenv to None, run_after=None
[2025-05-04T22:46:32.290+0000] {processor.py:183} INFO - Processing /home/airflow/.local/lib/python3.8/site-packages/airflow/example_dags/tutorial_taskflow_api_virtualenv.py took 0.033 seconds
[2025-05-04T22:46:56.692+0000] {processor.py:161} INFO - Started process (PID=70) to work on /home/airflow/.local/lib/python3.8/site-packages/airflow/example_dags/tutorial_taskflow_api_virtualenv.py
[2025-05-04T22:46:56.693+0000] {processor.py:830} INFO - Processing file /home/airflow/.local/lib/python3.8/site-packages/airflow/example_dags/tutorial_taskflow_api_virtualenv.py for tasks to queue
[2025-05-04T22:46:56.696+0000] {logging_mixin.py:188} INFO - [2025-05-04T22:46:56.696+0000] {dagbag.py:538} INFO - Filling up the DagBag from /home/airflow/.local/lib/python3.8/site-packages/airflow/example_dags/tutorial_taskflow_api_virtualenv.py
[2025-05-04T22:46:56.703+0000] {processor.py:840} INFO - DAG(s) 'tutorial_taskflow_api_virtualenv' retrieved from /home/airflow/.local/lib/python3.8/site-packages/airflow/example_dags/tutorial_taskflow_api_virtualenv.py
[2025-05-04T22:46:56.714+0000] {logging_mixin.py:188} INFO - [2025-05-04T22:46:56.714+0000] {dag.py:3033} INFO - Sync 1 DAGs
[2025-05-04T22:46:56.722+0000] {logging_mixin.py:188} INFO - [2025-05-04T22:46:56.722+0000] {dag.py:3820} INFO - Setting next_dagrun for tutorial_taskflow_api_virtualenv to None, run_after=None
[2025-05-04T22:46:56.739+0000] {processor.py:183} INFO - Processing /home/airflow/.local/lib/python3.8/site-packages/airflow/example_dags/tutorial_taskflow_api_virtualenv.py took 0.050 seconds
[2025-05-04T22:47:52.497+0000] {processor.py:161} INFO - Started process (PID=71) to work on /home/airflow/.local/lib/python3.8/site-packages/airflow/example_dags/tutorial_taskflow_api_virtualenv.py
[2025-05-04T22:47:52.498+0000] {processor.py:830} INFO - Processing file /home/airflow/.local/lib/python3.8/site-packages/airflow/example_dags/tutorial_taskflow_api_virtualenv.py for tasks to queue
[2025-05-04T22:47:52.500+0000] {logging_mixin.py:188} INFO - [2025-05-04T22:47:52.499+0000] {dagbag.py:538} INFO - Filling up the DagBag from /home/airflow/.local/lib/python3.8/site-packages/airflow/example_dags/tutorial_taskflow_api_virtualenv.py
[2025-05-04T22:47:52.503+0000] {processor.py:840} INFO - DAG(s) 'tutorial_taskflow_api_virtualenv' retrieved from /home/airflow/.local/lib/python3.8/site-packages/airflow/example_dags/tutorial_taskflow_api_virtualenv.py
[2025-05-04T22:47:52.514+0000] {logging_mixin.py:188} INFO - [2025-05-04T22:47:52.514+0000] {dag.py:3033} INFO - Sync 1 DAGs
[2025-05-04T22:47:52.526+0000] {logging_mixin.py:188} INFO - [2025-05-04T22:47:52.525+0000] {dag.py:3820} INFO - Setting next_dagrun for tutorial_taskflow_api_virtualenv to None, run_after=None
[2025-05-04T22:47:52.543+0000] {processor.py:183} INFO - Processing /home/airflow/.local/lib/python3.8/site-packages/airflow/example_dags/tutorial_taskflow_api_virtualenv.py took 0.049 seconds
[2025-05-04T22:48:22.638+0000] {processor.py:161} INFO - Started process (PID=127) to work on /home/airflow/.local/lib/python3.8/site-packages/airflow/example_dags/tutorial_taskflow_api_virtualenv.py
[2025-05-04T22:48:22.640+0000] {processor.py:830} INFO - Processing file /home/airflow/.local/lib/python3.8/site-packages/airflow/example_dags/tutorial_taskflow_api_virtualenv.py for tasks to queue
[2025-05-04T22:48:22.641+0000] {logging_mixin.py:188} INFO - [2025-05-04T22:48:22.641+0000] {dagbag.py:538} INFO - Filling up the DagBag from /home/airflow/.local/lib/python3.8/site-packages/airflow/example_dags/tutorial_taskflow_api_virtualenv.py
[2025-05-04T22:48:22.645+0000] {processor.py:840} INFO - DAG(s) 'tutorial_taskflow_api_virtualenv' retrieved from /home/airflow/.local/lib/python3.8/site-packages/airflow/example_dags/tutorial_taskflow_api_virtualenv.py
[2025-05-04T22:48:22.686+0000] {logging_mixin.py:188} INFO - [2025-05-04T22:48:22.686+0000] {dag.py:3033} INFO - Sync 1 DAGs
[2025-05-04T22:48:22.692+0000] {logging_mixin.py:188} INFO - [2025-05-04T22:48:22.691+0000] {dag.py:3820} INFO - Setting next_dagrun for tutorial_taskflow_api_virtualenv to None, run_after=None
[2025-05-04T22:48:22.700+0000] {processor.py:183} INFO - Processing /home/airflow/.local/lib/python3.8/site-packages/airflow/example_dags/tutorial_taskflow_api_virtualenv.py took 0.063 seconds
[2025-05-04T22:48:53.549+0000] {processor.py:161} INFO - Started process (PID=183) to work on /home/airflow/.local/lib/python3.8/site-packages/airflow/example_dags/tutorial_taskflow_api_virtualenv.py
[2025-05-04T22:48:53.551+0000] {processor.py:830} INFO - Processing file /home/airflow/.local/lib/python3.8/site-packages/airflow/example_dags/tutorial_taskflow_api_virtualenv.py for tasks to queue
[2025-05-04T22:48:53.552+0000] {logging_mixin.py:188} INFO - [2025-05-04T22:48:53.552+0000] {dagbag.py:538} INFO - Filling up the DagBag from /home/airflow/.local/lib/python3.8/site-packages/airflow/example_dags/tutorial_taskflow_api_virtualenv.py
[2025-05-04T22:48:53.555+0000] {processor.py:840} INFO - DAG(s) 'tutorial_taskflow_api_virtualenv' retrieved from /home/airflow/.local/lib/python3.8/site-packages/airflow/example_dags/tutorial_taskflow_api_virtualenv.py
[2025-05-04T22:48:53.568+0000] {logging_mixin.py:188} INFO - [2025-05-04T22:48:53.567+0000] {dag.py:3033} INFO - Sync 1 DAGs
[2025-05-04T22:48:53.574+0000] {logging_mixin.py:188} INFO - [2025-05-04T22:48:53.574+0000] {dag.py:3820} INFO - Setting next_dagrun for tutorial_taskflow_api_virtualenv to None, run_after=None
[2025-05-04T22:48:53.582+0000] {processor.py:183} INFO - Processing /home/airflow/.local/lib/python3.8/site-packages/airflow/example_dags/tutorial_taskflow_api_virtualenv.py took 0.034 seconds
[2025-05-04T22:49:24.460+0000] {processor.py:161} INFO - Started process (PID=239) to work on /home/airflow/.local/lib/python3.8/site-packages/airflow/example_dags/tutorial_taskflow_api_virtualenv.py
[2025-05-04T22:49:24.460+0000] {processor.py:830} INFO - Processing file /home/airflow/.local/lib/python3.8/site-packages/airflow/example_dags/tutorial_taskflow_api_virtualenv.py for tasks to queue
[2025-05-04T22:49:24.461+0000] {logging_mixin.py:188} INFO - [2025-05-04T22:49:24.461+0000] {dagbag.py:538} INFO - Filling up the DagBag from /home/airflow/.local/lib/python3.8/site-packages/airflow/example_dags/tutorial_taskflow_api_virtualenv.py
[2025-05-04T22:49:24.464+0000] {processor.py:840} INFO - DAG(s) 'tutorial_taskflow_api_virtualenv' retrieved from /home/airflow/.local/lib/python3.8/site-packages/airflow/example_dags/tutorial_taskflow_api_virtualenv.py
[2025-05-04T22:49:24.474+0000] {logging_mixin.py:188} INFO - [2025-05-04T22:49:24.474+0000] {dag.py:3033} INFO - Sync 1 DAGs
[2025-05-04T22:49:24.481+0000] {logging_mixin.py:188} INFO - [2025-05-04T22:49:24.481+0000] {dag.py:3820} INFO - Setting next_dagrun for tutorial_taskflow_api_virtualenv to None, run_after=None
[2025-05-04T22:49:24.492+0000] {processor.py:183} INFO - Processing /home/airflow/.local/lib/python3.8/site-packages/airflow/example_dags/tutorial_taskflow_api_virtualenv.py took 0.034 seconds
[2025-05-04T22:49:55.084+0000] {processor.py:161} INFO - Started process (PID=295) to work on /home/airflow/.local/lib/python3.8/site-packages/airflow/example_dags/tutorial_taskflow_api_virtualenv.py
[2025-05-04T22:49:55.085+0000] {processor.py:830} INFO - Processing file /home/airflow/.local/lib/python3.8/site-packages/airflow/example_dags/tutorial_taskflow_api_virtualenv.py for tasks to queue
[2025-05-04T22:49:55.086+0000] {logging_mixin.py:188} INFO - [2025-05-04T22:49:55.086+0000] {dagbag.py:538} INFO - Filling up the DagBag from /home/airflow/.local/lib/python3.8/site-packages/airflow/example_dags/tutorial_taskflow_api_virtualenv.py
[2025-05-04T22:49:55.091+0000] {processor.py:840} INFO - DAG(s) 'tutorial_taskflow_api_virtualenv' retrieved from /home/airflow/.local/lib/python3.8/site-packages/airflow/example_dags/tutorial_taskflow_api_virtualenv.py
[2025-05-04T22:49:55.101+0000] {logging_mixin.py:188} INFO - [2025-05-04T22:49:55.101+0000] {dag.py:3033} INFO - Sync 1 DAGs
[2025-05-04T22:49:55.107+0000] {logging_mixin.py:188} INFO - [2025-05-04T22:49:55.107+0000] {dag.py:3820} INFO - Setting next_dagrun for tutorial_taskflow_api_virtualenv to None, run_after=None
[2025-05-04T22:49:55.115+0000] {processor.py:183} INFO - Processing /home/airflow/.local/lib/python3.8/site-packages/airflow/example_dags/tutorial_taskflow_api_virtualenv.py took 0.032 seconds
[2025-05-04T22:50:25.841+0000] {processor.py:161} INFO - Started process (PID=351) to work on /home/airflow/.local/lib/python3.8/site-packages/airflow/example_dags/tutorial_taskflow_api_virtualenv.py
[2025-05-04T22:50:25.842+0000] {processor.py:830} INFO - Processing file /home/airflow/.local/lib/python3.8/site-packages/airflow/example_dags/tutorial_taskflow_api_virtualenv.py for tasks to queue
[2025-05-04T22:50:25.843+0000] {logging_mixin.py:188} INFO - [2025-05-04T22:50:25.843+0000] {dagbag.py:538} INFO - Filling up the DagBag from /home/airflow/.local/lib/python3.8/site-packages/airflow/example_dags/tutorial_taskflow_api_virtualenv.py
[2025-05-04T22:50:25.846+0000] {processor.py:840} INFO - DAG(s) 'tutorial_taskflow_api_virtualenv' retrieved from /home/airflow/.local/lib/python3.8/site-packages/airflow/example_dags/tutorial_taskflow_api_virtualenv.py
[2025-05-04T22:50:25.856+0000] {logging_mixin.py:188} INFO - [2025-05-04T22:50:25.856+0000] {dag.py:3033} INFO - Sync 1 DAGs
[2025-05-04T22:50:25.862+0000] {logging_mixin.py:188} INFO - [2025-05-04T22:50:25.862+0000] {dag.py:3820} INFO - Setting next_dagrun for tutorial_taskflow_api_virtualenv to None, run_after=None
[2025-05-04T22:50:25.876+0000] {processor.py:183} INFO - Processing /home/airflow/.local/lib/python3.8/site-packages/airflow/example_dags/tutorial_taskflow_api_virtualenv.py took 0.037 seconds
[2025-05-04T22:50:58.950+0000] {processor.py:161} INFO - Started process (PID=71) to work on /home/airflow/.local/lib/python3.8/site-packages/airflow/example_dags/tutorial_taskflow_api_virtualenv.py
[2025-05-04T22:50:58.952+0000] {processor.py:830} INFO - Processing file /home/airflow/.local/lib/python3.8/site-packages/airflow/example_dags/tutorial_taskflow_api_virtualenv.py for tasks to queue
[2025-05-04T22:50:58.954+0000] {logging_mixin.py:188} INFO - [2025-05-04T22:50:58.953+0000] {dagbag.py:538} INFO - Filling up the DagBag from /home/airflow/.local/lib/python3.8/site-packages/airflow/example_dags/tutorial_taskflow_api_virtualenv.py
[2025-05-04T22:50:58.958+0000] {processor.py:840} INFO - DAG(s) 'tutorial_taskflow_api_virtualenv' retrieved from /home/airflow/.local/lib/python3.8/site-packages/airflow/example_dags/tutorial_taskflow_api_virtualenv.py
[2025-05-04T22:50:58.966+0000] {logging_mixin.py:188} INFO - [2025-05-04T22:50:58.966+0000] {dag.py:3033} INFO - Sync 1 DAGs
[2025-05-04T22:50:58.973+0000] {logging_mixin.py:188} INFO - [2025-05-04T22:50:58.973+0000] {dag.py:3820} INFO - Setting next_dagrun for tutorial_taskflow_api_virtualenv to None, run_after=None
[2025-05-04T22:50:58.986+0000] {processor.py:183} INFO - Processing /home/airflow/.local/lib/python3.8/site-packages/airflow/example_dags/tutorial_taskflow_api_virtualenv.py took 0.038 seconds
[2025-05-04T22:51:29.106+0000] {processor.py:161} INFO - Started process (PID=127) to work on /home/airflow/.local/lib/python3.8/site-packages/airflow/example_dags/tutorial_taskflow_api_virtualenv.py
[2025-05-04T22:51:29.107+0000] {processor.py:830} INFO - Processing file /home/airflow/.local/lib/python3.8/site-packages/airflow/example_dags/tutorial_taskflow_api_virtualenv.py for tasks to queue
[2025-05-04T22:51:29.108+0000] {logging_mixin.py:188} INFO - [2025-05-04T22:51:29.108+0000] {dagbag.py:538} INFO - Filling up the DagBag from /home/airflow/.local/lib/python3.8/site-packages/airflow/example_dags/tutorial_taskflow_api_virtualenv.py
[2025-05-04T22:51:29.111+0000] {processor.py:840} INFO - DAG(s) 'tutorial_taskflow_api_virtualenv' retrieved from /home/airflow/.local/lib/python3.8/site-packages/airflow/example_dags/tutorial_taskflow_api_virtualenv.py
[2025-05-04T22:51:29.146+0000] {logging_mixin.py:188} INFO - [2025-05-04T22:51:29.146+0000] {dag.py:3033} INFO - Sync 1 DAGs
[2025-05-04T22:51:29.151+0000] {logging_mixin.py:188} INFO - [2025-05-04T22:51:29.151+0000] {dag.py:3820} INFO - Setting next_dagrun for tutorial_taskflow_api_virtualenv to None, run_after=None
[2025-05-04T22:51:29.157+0000] {processor.py:183} INFO - Processing /home/airflow/.local/lib/python3.8/site-packages/airflow/example_dags/tutorial_taskflow_api_virtualenv.py took 0.052 seconds
[2025-05-04T22:52:00.093+0000] {processor.py:161} INFO - Started process (PID=183) to work on /home/airflow/.local/lib/python3.8/site-packages/airflow/example_dags/tutorial_taskflow_api_virtualenv.py
[2025-05-04T22:52:00.094+0000] {processor.py:830} INFO - Processing file /home/airflow/.local/lib/python3.8/site-packages/airflow/example_dags/tutorial_taskflow_api_virtualenv.py for tasks to queue
[2025-05-04T22:52:00.095+0000] {logging_mixin.py:188} INFO - [2025-05-04T22:52:00.095+0000] {dagbag.py:538} INFO - Filling up the DagBag from /home/airflow/.local/lib/python3.8/site-packages/airflow/example_dags/tutorial_taskflow_api_virtualenv.py
[2025-05-04T22:52:00.098+0000] {processor.py:840} INFO - DAG(s) 'tutorial_taskflow_api_virtualenv' retrieved from /home/airflow/.local/lib/python3.8/site-packages/airflow/example_dags/tutorial_taskflow_api_virtualenv.py
[2025-05-04T22:52:00.108+0000] {logging_mixin.py:188} INFO - [2025-05-04T22:52:00.108+0000] {dag.py:3033} INFO - Sync 1 DAGs
[2025-05-04T22:52:00.114+0000] {logging_mixin.py:188} INFO - [2025-05-04T22:52:00.114+0000] {dag.py:3820} INFO - Setting next_dagrun for tutorial_taskflow_api_virtualenv to None, run_after=None
[2025-05-04T22:52:00.128+0000] {processor.py:183} INFO - Processing /home/airflow/.local/lib/python3.8/site-packages/airflow/example_dags/tutorial_taskflow_api_virtualenv.py took 0.037 seconds
[2025-05-04T22:52:30.923+0000] {processor.py:161} INFO - Started process (PID=239) to work on /home/airflow/.local/lib/python3.8/site-packages/airflow/example_dags/tutorial_taskflow_api_virtualenv.py
[2025-05-04T22:52:30.923+0000] {processor.py:830} INFO - Processing file /home/airflow/.local/lib/python3.8/site-packages/airflow/example_dags/tutorial_taskflow_api_virtualenv.py for tasks to queue
[2025-05-04T22:52:30.925+0000] {logging_mixin.py:188} INFO - [2025-05-04T22:52:30.925+0000] {dagbag.py:538} INFO - Filling up the DagBag from /home/airflow/.local/lib/python3.8/site-packages/airflow/example_dags/tutorial_taskflow_api_virtualenv.py
[2025-05-04T22:52:30.929+0000] {processor.py:840} INFO - DAG(s) 'tutorial_taskflow_api_virtualenv' retrieved from /home/airflow/.local/lib/python3.8/site-packages/airflow/example_dags/tutorial_taskflow_api_virtualenv.py
[2025-05-04T22:52:30.942+0000] {logging_mixin.py:188} INFO - [2025-05-04T22:52:30.942+0000] {dag.py:3033} INFO - Sync 1 DAGs
[2025-05-04T22:52:30.950+0000] {logging_mixin.py:188} INFO - [2025-05-04T22:52:30.950+0000] {dag.py:3820} INFO - Setting next_dagrun for tutorial_taskflow_api_virtualenv to None, run_after=None
[2025-05-04T22:52:30.961+0000] {processor.py:183} INFO - Processing /home/airflow/.local/lib/python3.8/site-packages/airflow/example_dags/tutorial_taskflow_api_virtualenv.py took 0.040 seconds
[2025-05-04T22:53:01.543+0000] {processor.py:161} INFO - Started process (PID=295) to work on /home/airflow/.local/lib/python3.8/site-packages/airflow/example_dags/tutorial_taskflow_api_virtualenv.py
[2025-05-04T22:53:01.543+0000] {processor.py:830} INFO - Processing file /home/airflow/.local/lib/python3.8/site-packages/airflow/example_dags/tutorial_taskflow_api_virtualenv.py for tasks to queue
[2025-05-04T22:53:01.544+0000] {logging_mixin.py:188} INFO - [2025-05-04T22:53:01.544+0000] {dagbag.py:538} INFO - Filling up the DagBag from /home/airflow/.local/lib/python3.8/site-packages/airflow/example_dags/tutorial_taskflow_api_virtualenv.py
[2025-05-04T22:53:01.548+0000] {processor.py:840} INFO - DAG(s) 'tutorial_taskflow_api_virtualenv' retrieved from /home/airflow/.local/lib/python3.8/site-packages/airflow/example_dags/tutorial_taskflow_api_virtualenv.py
[2025-05-04T22:53:01.557+0000] {logging_mixin.py:188} INFO - [2025-05-04T22:53:01.557+0000] {dag.py:3033} INFO - Sync 1 DAGs
[2025-05-04T22:53:01.562+0000] {logging_mixin.py:188} INFO - [2025-05-04T22:53:01.562+0000] {dag.py:3820} INFO - Setting next_dagrun for tutorial_taskflow_api_virtualenv to None, run_after=None
[2025-05-04T22:53:01.568+0000] {processor.py:183} INFO - Processing /home/airflow/.local/lib/python3.8/site-packages/airflow/example_dags/tutorial_taskflow_api_virtualenv.py took 0.028 seconds
[2025-05-04T22:58:01.265+0000] {processor.py:161} INFO - Started process (PID=71) to work on /home/airflow/.local/lib/python3.8/site-packages/airflow/example_dags/tutorial_taskflow_api_virtualenv.py
[2025-05-04T22:58:01.266+0000] {processor.py:830} INFO - Processing file /home/airflow/.local/lib/python3.8/site-packages/airflow/example_dags/tutorial_taskflow_api_virtualenv.py for tasks to queue
[2025-05-04T22:58:01.269+0000] {logging_mixin.py:188} INFO - [2025-05-04T22:58:01.268+0000] {dagbag.py:538} INFO - Filling up the DagBag from /home/airflow/.local/lib/python3.8/site-packages/airflow/example_dags/tutorial_taskflow_api_virtualenv.py
[2025-05-04T22:58:01.273+0000] {processor.py:840} INFO - DAG(s) 'tutorial_taskflow_api_virtualenv' retrieved from /home/airflow/.local/lib/python3.8/site-packages/airflow/example_dags/tutorial_taskflow_api_virtualenv.py
[2025-05-04T22:58:01.294+0000] {logging_mixin.py:188} INFO - [2025-05-04T22:58:01.293+0000] {dag.py:3033} INFO - Sync 1 DAGs
[2025-05-04T22:58:01.302+0000] {logging_mixin.py:188} INFO - [2025-05-04T22:58:01.302+0000] {dag.py:3820} INFO - Setting next_dagrun for tutorial_taskflow_api_virtualenv to None, run_after=None
[2025-05-04T22:58:01.318+0000] {processor.py:183} INFO - Processing /home/airflow/.local/lib/python3.8/site-packages/airflow/example_dags/tutorial_taskflow_api_virtualenv.py took 0.055 seconds
[2025-05-04T22:58:31.734+0000] {processor.py:161} INFO - Started process (PID=127) to work on /home/airflow/.local/lib/python3.8/site-packages/airflow/example_dags/tutorial_taskflow_api_virtualenv.py
[2025-05-04T22:58:31.734+0000] {processor.py:830} INFO - Processing file /home/airflow/.local/lib/python3.8/site-packages/airflow/example_dags/tutorial_taskflow_api_virtualenv.py for tasks to queue
[2025-05-04T22:58:31.736+0000] {logging_mixin.py:188} INFO - [2025-05-04T22:58:31.736+0000] {dagbag.py:538} INFO - Filling up the DagBag from /home/airflow/.local/lib/python3.8/site-packages/airflow/example_dags/tutorial_taskflow_api_virtualenv.py
[2025-05-04T22:58:31.740+0000] {processor.py:840} INFO - DAG(s) 'tutorial_taskflow_api_virtualenv' retrieved from /home/airflow/.local/lib/python3.8/site-packages/airflow/example_dags/tutorial_taskflow_api_virtualenv.py
[2025-05-04T22:58:31.786+0000] {logging_mixin.py:188} INFO - [2025-05-04T22:58:31.786+0000] {dag.py:3033} INFO - Sync 1 DAGs
[2025-05-04T22:58:31.792+0000] {logging_mixin.py:188} INFO - [2025-05-04T22:58:31.792+0000] {dag.py:3820} INFO - Setting next_dagrun for tutorial_taskflow_api_virtualenv to None, run_after=None
[2025-05-04T22:58:31.803+0000] {processor.py:183} INFO - Processing /home/airflow/.local/lib/python3.8/site-packages/airflow/example_dags/tutorial_taskflow_api_virtualenv.py took 0.070 seconds
[2025-05-04T22:59:02.815+0000] {processor.py:161} INFO - Started process (PID=183) to work on /home/airflow/.local/lib/python3.8/site-packages/airflow/example_dags/tutorial_taskflow_api_virtualenv.py
[2025-05-04T22:59:02.816+0000] {processor.py:830} INFO - Processing file /home/airflow/.local/lib/python3.8/site-packages/airflow/example_dags/tutorial_taskflow_api_virtualenv.py for tasks to queue
[2025-05-04T22:59:02.817+0000] {logging_mixin.py:188} INFO - [2025-05-04T22:59:02.817+0000] {dagbag.py:538} INFO - Filling up the DagBag from /home/airflow/.local/lib/python3.8/site-packages/airflow/example_dags/tutorial_taskflow_api_virtualenv.py
[2025-05-04T22:59:02.820+0000] {processor.py:840} INFO - DAG(s) 'tutorial_taskflow_api_virtualenv' retrieved from /home/airflow/.local/lib/python3.8/site-packages/airflow/example_dags/tutorial_taskflow_api_virtualenv.py
[2025-05-04T22:59:02.835+0000] {logging_mixin.py:188} INFO - [2025-05-04T22:59:02.835+0000] {dag.py:3033} INFO - Sync 1 DAGs
[2025-05-04T22:59:02.845+0000] {logging_mixin.py:188} INFO - [2025-05-04T22:59:02.845+0000] {dag.py:3820} INFO - Setting next_dagrun for tutorial_taskflow_api_virtualenv to None, run_after=None
[2025-05-04T22:59:02.859+0000] {processor.py:183} INFO - Processing /home/airflow/.local/lib/python3.8/site-packages/airflow/example_dags/tutorial_taskflow_api_virtualenv.py took 0.046 seconds
[2025-05-04T22:59:33.587+0000] {processor.py:161} INFO - Started process (PID=239) to work on /home/airflow/.local/lib/python3.8/site-packages/airflow/example_dags/tutorial_taskflow_api_virtualenv.py
[2025-05-04T22:59:33.588+0000] {processor.py:830} INFO - Processing file /home/airflow/.local/lib/python3.8/site-packages/airflow/example_dags/tutorial_taskflow_api_virtualenv.py for tasks to queue
[2025-05-04T22:59:33.589+0000] {logging_mixin.py:188} INFO - [2025-05-04T22:59:33.589+0000] {dagbag.py:538} INFO - Filling up the DagBag from /home/airflow/.local/lib/python3.8/site-packages/airflow/example_dags/tutorial_taskflow_api_virtualenv.py
[2025-05-04T22:59:33.593+0000] {processor.py:840} INFO - DAG(s) 'tutorial_taskflow_api_virtualenv' retrieved from /home/airflow/.local/lib/python3.8/site-packages/airflow/example_dags/tutorial_taskflow_api_virtualenv.py
[2025-05-04T22:59:33.605+0000] {logging_mixin.py:188} INFO - [2025-05-04T22:59:33.605+0000] {dag.py:3033} INFO - Sync 1 DAGs
[2025-05-04T22:59:33.616+0000] {logging_mixin.py:188} INFO - [2025-05-04T22:59:33.616+0000] {dag.py:3820} INFO - Setting next_dagrun for tutorial_taskflow_api_virtualenv to None, run_after=None
[2025-05-04T22:59:33.634+0000] {processor.py:183} INFO - Processing /home/airflow/.local/lib/python3.8/site-packages/airflow/example_dags/tutorial_taskflow_api_virtualenv.py took 0.049 seconds
[2025-05-04T23:00:04.349+0000] {processor.py:161} INFO - Started process (PID=301) to work on /home/airflow/.local/lib/python3.8/site-packages/airflow/example_dags/tutorial_taskflow_api_virtualenv.py
[2025-05-04T23:00:04.351+0000] {processor.py:830} INFO - Processing file /home/airflow/.local/lib/python3.8/site-packages/airflow/example_dags/tutorial_taskflow_api_virtualenv.py for tasks to queue
[2025-05-04T23:00:04.353+0000] {logging_mixin.py:188} INFO - [2025-05-04T23:00:04.352+0000] {dagbag.py:538} INFO - Filling up the DagBag from /home/airflow/.local/lib/python3.8/site-packages/airflow/example_dags/tutorial_taskflow_api_virtualenv.py
[2025-05-04T23:00:04.356+0000] {processor.py:840} INFO - DAG(s) 'tutorial_taskflow_api_virtualenv' retrieved from /home/airflow/.local/lib/python3.8/site-packages/airflow/example_dags/tutorial_taskflow_api_virtualenv.py
[2025-05-04T23:00:04.366+0000] {logging_mixin.py:188} INFO - [2025-05-04T23:00:04.366+0000] {dag.py:3033} INFO - Sync 1 DAGs
[2025-05-04T23:00:04.373+0000] {logging_mixin.py:188} INFO - [2025-05-04T23:00:04.373+0000] {dag.py:3820} INFO - Setting next_dagrun for tutorial_taskflow_api_virtualenv to None, run_after=None
[2025-05-04T23:00:04.382+0000] {processor.py:183} INFO - Processing /home/airflow/.local/lib/python3.8/site-packages/airflow/example_dags/tutorial_taskflow_api_virtualenv.py took 0.035 seconds
[2025-05-04T23:00:35.022+0000] {processor.py:161} INFO - Started process (PID=357) to work on /home/airflow/.local/lib/python3.8/site-packages/airflow/example_dags/tutorial_taskflow_api_virtualenv.py
[2025-05-04T23:00:35.022+0000] {processor.py:830} INFO - Processing file /home/airflow/.local/lib/python3.8/site-packages/airflow/example_dags/tutorial_taskflow_api_virtualenv.py for tasks to queue
[2025-05-04T23:00:35.024+0000] {logging_mixin.py:188} INFO - [2025-05-04T23:00:35.024+0000] {dagbag.py:538} INFO - Filling up the DagBag from /home/airflow/.local/lib/python3.8/site-packages/airflow/example_dags/tutorial_taskflow_api_virtualenv.py
[2025-05-04T23:00:35.027+0000] {processor.py:840} INFO - DAG(s) 'tutorial_taskflow_api_virtualenv' retrieved from /home/airflow/.local/lib/python3.8/site-packages/airflow/example_dags/tutorial_taskflow_api_virtualenv.py
[2025-05-04T23:00:35.041+0000] {logging_mixin.py:188} INFO - [2025-05-04T23:00:35.041+0000] {dag.py:3033} INFO - Sync 1 DAGs
[2025-05-04T23:00:35.049+0000] {logging_mixin.py:188} INFO - [2025-05-04T23:00:35.049+0000] {dag.py:3820} INFO - Setting next_dagrun for tutorial_taskflow_api_virtualenv to None, run_after=None
[2025-05-04T23:00:35.061+0000] {processor.py:183} INFO - Processing /home/airflow/.local/lib/python3.8/site-packages/airflow/example_dags/tutorial_taskflow_api_virtualenv.py took 0.041 seconds
[2025-05-04T23:01:05.690+0000] {processor.py:161} INFO - Started process (PID=413) to work on /home/airflow/.local/lib/python3.8/site-packages/airflow/example_dags/tutorial_taskflow_api_virtualenv.py
[2025-05-04T23:01:05.691+0000] {processor.py:830} INFO - Processing file /home/airflow/.local/lib/python3.8/site-packages/airflow/example_dags/tutorial_taskflow_api_virtualenv.py for tasks to queue
[2025-05-04T23:01:05.692+0000] {logging_mixin.py:188} INFO - [2025-05-04T23:01:05.692+0000] {dagbag.py:538} INFO - Filling up the DagBag from /home/airflow/.local/lib/python3.8/site-packages/airflow/example_dags/tutorial_taskflow_api_virtualenv.py
[2025-05-04T23:01:05.697+0000] {processor.py:840} INFO - DAG(s) 'tutorial_taskflow_api_virtualenv' retrieved from /home/airflow/.local/lib/python3.8/site-packages/airflow/example_dags/tutorial_taskflow_api_virtualenv.py
[2025-05-04T23:01:05.709+0000] {logging_mixin.py:188} INFO - [2025-05-04T23:01:05.708+0000] {dag.py:3033} INFO - Sync 1 DAGs
[2025-05-04T23:01:05.715+0000] {logging_mixin.py:188} INFO - [2025-05-04T23:01:05.715+0000] {dag.py:3820} INFO - Setting next_dagrun for tutorial_taskflow_api_virtualenv to None, run_after=None
[2025-05-04T23:01:05.731+0000] {processor.py:183} INFO - Processing /home/airflow/.local/lib/python3.8/site-packages/airflow/example_dags/tutorial_taskflow_api_virtualenv.py took 0.043 seconds
[2025-05-04T23:01:36.259+0000] {processor.py:161} INFO - Started process (PID=469) to work on /home/airflow/.local/lib/python3.8/site-packages/airflow/example_dags/tutorial_taskflow_api_virtualenv.py
[2025-05-04T23:01:36.260+0000] {processor.py:830} INFO - Processing file /home/airflow/.local/lib/python3.8/site-packages/airflow/example_dags/tutorial_taskflow_api_virtualenv.py for tasks to queue
[2025-05-04T23:01:36.262+0000] {logging_mixin.py:188} INFO - [2025-05-04T23:01:36.262+0000] {dagbag.py:538} INFO - Filling up the DagBag from /home/airflow/.local/lib/python3.8/site-packages/airflow/example_dags/tutorial_taskflow_api_virtualenv.py
[2025-05-04T23:01:36.265+0000] {processor.py:840} INFO - DAG(s) 'tutorial_taskflow_api_virtualenv' retrieved from /home/airflow/.local/lib/python3.8/site-packages/airflow/example_dags/tutorial_taskflow_api_virtualenv.py
[2025-05-04T23:01:36.278+0000] {logging_mixin.py:188} INFO - [2025-05-04T23:01:36.278+0000] {dag.py:3033} INFO - Sync 1 DAGs
[2025-05-04T23:01:36.284+0000] {logging_mixin.py:188} INFO - [2025-05-04T23:01:36.283+0000] {dag.py:3820} INFO - Setting next_dagrun for tutorial_taskflow_api_virtualenv to None, run_after=None
[2025-05-04T23:01:36.296+0000] {processor.py:183} INFO - Processing /home/airflow/.local/lib/python3.8/site-packages/airflow/example_dags/tutorial_taskflow_api_virtualenv.py took 0.038 seconds
[2025-05-04T23:02:06.776+0000] {processor.py:161} INFO - Started process (PID=525) to work on /home/airflow/.local/lib/python3.8/site-packages/airflow/example_dags/tutorial_taskflow_api_virtualenv.py
[2025-05-04T23:02:06.777+0000] {processor.py:830} INFO - Processing file /home/airflow/.local/lib/python3.8/site-packages/airflow/example_dags/tutorial_taskflow_api_virtualenv.py for tasks to queue
[2025-05-04T23:02:06.778+0000] {logging_mixin.py:188} INFO - [2025-05-04T23:02:06.778+0000] {dagbag.py:538} INFO - Filling up the DagBag from /home/airflow/.local/lib/python3.8/site-packages/airflow/example_dags/tutorial_taskflow_api_virtualenv.py
[2025-05-04T23:02:06.783+0000] {processor.py:840} INFO - DAG(s) 'tutorial_taskflow_api_virtualenv' retrieved from /home/airflow/.local/lib/python3.8/site-packages/airflow/example_dags/tutorial_taskflow_api_virtualenv.py
[2025-05-04T23:02:06.795+0000] {logging_mixin.py:188} INFO - [2025-05-04T23:02:06.795+0000] {dag.py:3033} INFO - Sync 1 DAGs
[2025-05-04T23:02:06.802+0000] {logging_mixin.py:188} INFO - [2025-05-04T23:02:06.802+0000] {dag.py:3820} INFO - Setting next_dagrun for tutorial_taskflow_api_virtualenv to None, run_after=None
[2025-05-04T23:02:06.811+0000] {processor.py:183} INFO - Processing /home/airflow/.local/lib/python3.8/site-packages/airflow/example_dags/tutorial_taskflow_api_virtualenv.py took 0.037 seconds
[2025-05-04T23:02:37.374+0000] {processor.py:161} INFO - Started process (PID=581) to work on /home/airflow/.local/lib/python3.8/site-packages/airflow/example_dags/tutorial_taskflow_api_virtualenv.py
[2025-05-04T23:02:37.375+0000] {processor.py:830} INFO - Processing file /home/airflow/.local/lib/python3.8/site-packages/airflow/example_dags/tutorial_taskflow_api_virtualenv.py for tasks to queue
[2025-05-04T23:02:37.376+0000] {logging_mixin.py:188} INFO - [2025-05-04T23:02:37.376+0000] {dagbag.py:538} INFO - Filling up the DagBag from /home/airflow/.local/lib/python3.8/site-packages/airflow/example_dags/tutorial_taskflow_api_virtualenv.py
[2025-05-04T23:02:37.379+0000] {processor.py:840} INFO - DAG(s) 'tutorial_taskflow_api_virtualenv' retrieved from /home/airflow/.local/lib/python3.8/site-packages/airflow/example_dags/tutorial_taskflow_api_virtualenv.py
[2025-05-04T23:02:37.394+0000] {logging_mixin.py:188} INFO - [2025-05-04T23:02:37.394+0000] {dag.py:3033} INFO - Sync 1 DAGs
[2025-05-04T23:02:37.400+0000] {logging_mixin.py:188} INFO - [2025-05-04T23:02:37.400+0000] {dag.py:3820} INFO - Setting next_dagrun for tutorial_taskflow_api_virtualenv to None, run_after=None
[2025-05-04T23:02:37.410+0000] {processor.py:183} INFO - Processing /home/airflow/.local/lib/python3.8/site-packages/airflow/example_dags/tutorial_taskflow_api_virtualenv.py took 0.038 seconds
[2025-05-04T23:03:08.172+0000] {processor.py:161} INFO - Started process (PID=637) to work on /home/airflow/.local/lib/python3.8/site-packages/airflow/example_dags/tutorial_taskflow_api_virtualenv.py
[2025-05-04T23:03:08.175+0000] {processor.py:830} INFO - Processing file /home/airflow/.local/lib/python3.8/site-packages/airflow/example_dags/tutorial_taskflow_api_virtualenv.py for tasks to queue
[2025-05-04T23:03:08.177+0000] {logging_mixin.py:188} INFO - [2025-05-04T23:03:08.177+0000] {dagbag.py:538} INFO - Filling up the DagBag from /home/airflow/.local/lib/python3.8/site-packages/airflow/example_dags/tutorial_taskflow_api_virtualenv.py
[2025-05-04T23:03:08.181+0000] {processor.py:840} INFO - DAG(s) 'tutorial_taskflow_api_virtualenv' retrieved from /home/airflow/.local/lib/python3.8/site-packages/airflow/example_dags/tutorial_taskflow_api_virtualenv.py
[2025-05-04T23:03:08.194+0000] {logging_mixin.py:188} INFO - [2025-05-04T23:03:08.194+0000] {dag.py:3033} INFO - Sync 1 DAGs
[2025-05-04T23:03:08.201+0000] {logging_mixin.py:188} INFO - [2025-05-04T23:03:08.201+0000] {dag.py:3820} INFO - Setting next_dagrun for tutorial_taskflow_api_virtualenv to None, run_after=None
[2025-05-04T23:03:08.208+0000] {processor.py:183} INFO - Processing /home/airflow/.local/lib/python3.8/site-packages/airflow/example_dags/tutorial_taskflow_api_virtualenv.py took 0.038 seconds
[2025-05-04T23:03:38.740+0000] {processor.py:161} INFO - Started process (PID=693) to work on /home/airflow/.local/lib/python3.8/site-packages/airflow/example_dags/tutorial_taskflow_api_virtualenv.py
[2025-05-04T23:03:38.741+0000] {processor.py:830} INFO - Processing file /home/airflow/.local/lib/python3.8/site-packages/airflow/example_dags/tutorial_taskflow_api_virtualenv.py for tasks to queue
[2025-05-04T23:03:38.742+0000] {logging_mixin.py:188} INFO - [2025-05-04T23:03:38.741+0000] {dagbag.py:538} INFO - Filling up the DagBag from /home/airflow/.local/lib/python3.8/site-packages/airflow/example_dags/tutorial_taskflow_api_virtualenv.py
[2025-05-04T23:03:38.746+0000] {processor.py:840} INFO - DAG(s) 'tutorial_taskflow_api_virtualenv' retrieved from /home/airflow/.local/lib/python3.8/site-packages/airflow/example_dags/tutorial_taskflow_api_virtualenv.py
[2025-05-04T23:03:38.755+0000] {logging_mixin.py:188} INFO - [2025-05-04T23:03:38.755+0000] {dag.py:3033} INFO - Sync 1 DAGs
[2025-05-04T23:03:38.759+0000] {logging_mixin.py:188} INFO - [2025-05-04T23:03:38.759+0000] {dag.py:3820} INFO - Setting next_dagrun for tutorial_taskflow_api_virtualenv to None, run_after=None
[2025-05-04T23:03:38.769+0000] {processor.py:183} INFO - Processing /home/airflow/.local/lib/python3.8/site-packages/airflow/example_dags/tutorial_taskflow_api_virtualenv.py took 0.031 seconds
[2025-05-04T23:04:28.927+0000] {processor.py:161} INFO - Started process (PID=76) to work on /home/airflow/.local/lib/python3.8/site-packages/airflow/example_dags/tutorial_taskflow_api_virtualenv.py
[2025-05-04T23:04:28.929+0000] {processor.py:830} INFO - Processing file /home/airflow/.local/lib/python3.8/site-packages/airflow/example_dags/tutorial_taskflow_api_virtualenv.py for tasks to queue
[2025-05-04T23:04:28.930+0000] {logging_mixin.py:188} INFO - [2025-05-04T23:04:28.930+0000] {dagbag.py:538} INFO - Filling up the DagBag from /home/airflow/.local/lib/python3.8/site-packages/airflow/example_dags/tutorial_taskflow_api_virtualenv.py
[2025-05-04T23:04:28.938+0000] {processor.py:840} INFO - DAG(s) 'tutorial_taskflow_api_virtualenv' retrieved from /home/airflow/.local/lib/python3.8/site-packages/airflow/example_dags/tutorial_taskflow_api_virtualenv.py
[2025-05-04T23:04:28.954+0000] {logging_mixin.py:188} INFO - [2025-05-04T23:04:28.953+0000] {dag.py:3033} INFO - Sync 1 DAGs
[2025-05-04T23:04:28.965+0000] {logging_mixin.py:188} INFO - [2025-05-04T23:04:28.965+0000] {dag.py:3820} INFO - Setting next_dagrun for tutorial_taskflow_api_virtualenv to None, run_after=None
[2025-05-04T23:04:28.990+0000] {processor.py:183} INFO - Processing /home/airflow/.local/lib/python3.8/site-packages/airflow/example_dags/tutorial_taskflow_api_virtualenv.py took 0.065 seconds
[2025-05-04T23:04:59.214+0000] {processor.py:161} INFO - Started process (PID=132) to work on /home/airflow/.local/lib/python3.8/site-packages/airflow/example_dags/tutorial_taskflow_api_virtualenv.py
[2025-05-04T23:04:59.215+0000] {processor.py:830} INFO - Processing file /home/airflow/.local/lib/python3.8/site-packages/airflow/example_dags/tutorial_taskflow_api_virtualenv.py for tasks to queue
[2025-05-04T23:04:59.217+0000] {logging_mixin.py:188} INFO - [2025-05-04T23:04:59.217+0000] {dagbag.py:538} INFO - Filling up the DagBag from /home/airflow/.local/lib/python3.8/site-packages/airflow/example_dags/tutorial_taskflow_api_virtualenv.py
[2025-05-04T23:04:59.221+0000] {processor.py:840} INFO - DAG(s) 'tutorial_taskflow_api_virtualenv' retrieved from /home/airflow/.local/lib/python3.8/site-packages/airflow/example_dags/tutorial_taskflow_api_virtualenv.py
[2025-05-04T23:04:59.262+0000] {logging_mixin.py:188} INFO - [2025-05-04T23:04:59.262+0000] {dag.py:3033} INFO - Sync 1 DAGs
[2025-05-04T23:04:59.267+0000] {logging_mixin.py:188} INFO - [2025-05-04T23:04:59.267+0000] {dag.py:3820} INFO - Setting next_dagrun for tutorial_taskflow_api_virtualenv to None, run_after=None
[2025-05-04T23:04:59.274+0000] {processor.py:183} INFO - Processing /home/airflow/.local/lib/python3.8/site-packages/airflow/example_dags/tutorial_taskflow_api_virtualenv.py took 0.061 seconds
[2025-05-04T23:05:30.195+0000] {processor.py:161} INFO - Started process (PID=188) to work on /home/airflow/.local/lib/python3.8/site-packages/airflow/example_dags/tutorial_taskflow_api_virtualenv.py
[2025-05-04T23:05:30.196+0000] {processor.py:830} INFO - Processing file /home/airflow/.local/lib/python3.8/site-packages/airflow/example_dags/tutorial_taskflow_api_virtualenv.py for tasks to queue
[2025-05-04T23:05:30.197+0000] {logging_mixin.py:188} INFO - [2025-05-04T23:05:30.197+0000] {dagbag.py:538} INFO - Filling up the DagBag from /home/airflow/.local/lib/python3.8/site-packages/airflow/example_dags/tutorial_taskflow_api_virtualenv.py
[2025-05-04T23:05:30.200+0000] {processor.py:840} INFO - DAG(s) 'tutorial_taskflow_api_virtualenv' retrieved from /home/airflow/.local/lib/python3.8/site-packages/airflow/example_dags/tutorial_taskflow_api_virtualenv.py
[2025-05-04T23:05:30.215+0000] {logging_mixin.py:188} INFO - [2025-05-04T23:05:30.215+0000] {dag.py:3033} INFO - Sync 1 DAGs
[2025-05-04T23:05:30.222+0000] {logging_mixin.py:188} INFO - [2025-05-04T23:05:30.222+0000] {dag.py:3820} INFO - Setting next_dagrun for tutorial_taskflow_api_virtualenv to None, run_after=None
[2025-05-04T23:05:30.240+0000] {processor.py:183} INFO - Processing /home/airflow/.local/lib/python3.8/site-packages/airflow/example_dags/tutorial_taskflow_api_virtualenv.py took 0.047 seconds
[2025-05-04T23:06:31.841+0000] {processor.py:161} INFO - Started process (PID=71) to work on /home/airflow/.local/lib/python3.8/site-packages/airflow/example_dags/tutorial_taskflow_api_virtualenv.py
[2025-05-04T23:06:31.844+0000] {processor.py:830} INFO - Processing file /home/airflow/.local/lib/python3.8/site-packages/airflow/example_dags/tutorial_taskflow_api_virtualenv.py for tasks to queue
[2025-05-04T23:06:31.845+0000] {logging_mixin.py:188} INFO - [2025-05-04T23:06:31.845+0000] {dagbag.py:538} INFO - Filling up the DagBag from /home/airflow/.local/lib/python3.8/site-packages/airflow/example_dags/tutorial_taskflow_api_virtualenv.py
[2025-05-04T23:06:31.851+0000] {processor.py:840} INFO - DAG(s) 'tutorial_taskflow_api_virtualenv' retrieved from /home/airflow/.local/lib/python3.8/site-packages/airflow/example_dags/tutorial_taskflow_api_virtualenv.py
[2025-05-04T23:06:31.862+0000] {logging_mixin.py:188} INFO - [2025-05-04T23:06:31.862+0000] {dag.py:3033} INFO - Sync 1 DAGs
[2025-05-04T23:06:31.872+0000] {logging_mixin.py:188} INFO - [2025-05-04T23:06:31.872+0000] {dag.py:3820} INFO - Setting next_dagrun for tutorial_taskflow_api_virtualenv to None, run_after=None
[2025-05-04T23:06:31.885+0000] {processor.py:183} INFO - Processing /home/airflow/.local/lib/python3.8/site-packages/airflow/example_dags/tutorial_taskflow_api_virtualenv.py took 0.046 seconds
[2025-05-04T23:07:02.044+0000] {processor.py:161} INFO - Started process (PID=127) to work on /home/airflow/.local/lib/python3.8/site-packages/airflow/example_dags/tutorial_taskflow_api_virtualenv.py
[2025-05-04T23:07:02.045+0000] {processor.py:830} INFO - Processing file /home/airflow/.local/lib/python3.8/site-packages/airflow/example_dags/tutorial_taskflow_api_virtualenv.py for tasks to queue
[2025-05-04T23:07:02.046+0000] {logging_mixin.py:188} INFO - [2025-05-04T23:07:02.046+0000] {dagbag.py:538} INFO - Filling up the DagBag from /home/airflow/.local/lib/python3.8/site-packages/airflow/example_dags/tutorial_taskflow_api_virtualenv.py
[2025-05-04T23:07:02.050+0000] {processor.py:840} INFO - DAG(s) 'tutorial_taskflow_api_virtualenv' retrieved from /home/airflow/.local/lib/python3.8/site-packages/airflow/example_dags/tutorial_taskflow_api_virtualenv.py
[2025-05-04T23:07:02.094+0000] {logging_mixin.py:188} INFO - [2025-05-04T23:07:02.094+0000] {dag.py:3033} INFO - Sync 1 DAGs
[2025-05-04T23:07:02.102+0000] {logging_mixin.py:188} INFO - [2025-05-04T23:07:02.102+0000] {dag.py:3820} INFO - Setting next_dagrun for tutorial_taskflow_api_virtualenv to None, run_after=None
[2025-05-04T23:07:02.113+0000] {processor.py:183} INFO - Processing /home/airflow/.local/lib/python3.8/site-packages/airflow/example_dags/tutorial_taskflow_api_virtualenv.py took 0.070 seconds
[2025-05-04T23:07:32.952+0000] {processor.py:161} INFO - Started process (PID=189) to work on /home/airflow/.local/lib/python3.8/site-packages/airflow/example_dags/tutorial_taskflow_api_virtualenv.py
[2025-05-04T23:07:32.953+0000] {processor.py:830} INFO - Processing file /home/airflow/.local/lib/python3.8/site-packages/airflow/example_dags/tutorial_taskflow_api_virtualenv.py for tasks to queue
[2025-05-04T23:07:32.954+0000] {logging_mixin.py:188} INFO - [2025-05-04T23:07:32.954+0000] {dagbag.py:538} INFO - Filling up the DagBag from /home/airflow/.local/lib/python3.8/site-packages/airflow/example_dags/tutorial_taskflow_api_virtualenv.py
[2025-05-04T23:07:32.957+0000] {processor.py:840} INFO - DAG(s) 'tutorial_taskflow_api_virtualenv' retrieved from /home/airflow/.local/lib/python3.8/site-packages/airflow/example_dags/tutorial_taskflow_api_virtualenv.py
[2025-05-04T23:07:32.965+0000] {logging_mixin.py:188} INFO - [2025-05-04T23:07:32.964+0000] {dag.py:3033} INFO - Sync 1 DAGs
[2025-05-04T23:07:32.970+0000] {logging_mixin.py:188} INFO - [2025-05-04T23:07:32.970+0000] {dag.py:3820} INFO - Setting next_dagrun for tutorial_taskflow_api_virtualenv to None, run_after=None
[2025-05-04T23:07:32.981+0000] {processor.py:183} INFO - Processing /home/airflow/.local/lib/python3.8/site-packages/airflow/example_dags/tutorial_taskflow_api_virtualenv.py took 0.031 seconds
[2025-05-04T23:08:03.506+0000] {processor.py:161} INFO - Started process (PID=245) to work on /home/airflow/.local/lib/python3.8/site-packages/airflow/example_dags/tutorial_taskflow_api_virtualenv.py
[2025-05-04T23:08:03.507+0000] {processor.py:830} INFO - Processing file /home/airflow/.local/lib/python3.8/site-packages/airflow/example_dags/tutorial_taskflow_api_virtualenv.py for tasks to queue
[2025-05-04T23:08:03.509+0000] {logging_mixin.py:188} INFO - [2025-05-04T23:08:03.508+0000] {dagbag.py:538} INFO - Filling up the DagBag from /home/airflow/.local/lib/python3.8/site-packages/airflow/example_dags/tutorial_taskflow_api_virtualenv.py
[2025-05-04T23:08:03.513+0000] {processor.py:840} INFO - DAG(s) 'tutorial_taskflow_api_virtualenv' retrieved from /home/airflow/.local/lib/python3.8/site-packages/airflow/example_dags/tutorial_taskflow_api_virtualenv.py
[2025-05-04T23:08:03.525+0000] {logging_mixin.py:188} INFO - [2025-05-04T23:08:03.525+0000] {dag.py:3033} INFO - Sync 1 DAGs
[2025-05-04T23:08:03.533+0000] {logging_mixin.py:188} INFO - [2025-05-04T23:08:03.533+0000] {dag.py:3820} INFO - Setting next_dagrun for tutorial_taskflow_api_virtualenv to None, run_after=None
[2025-05-04T23:08:03.544+0000] {processor.py:183} INFO - Processing /home/airflow/.local/lib/python3.8/site-packages/airflow/example_dags/tutorial_taskflow_api_virtualenv.py took 0.040 seconds
[2025-05-04T23:08:34.098+0000] {processor.py:161} INFO - Started process (PID=301) to work on /home/airflow/.local/lib/python3.8/site-packages/airflow/example_dags/tutorial_taskflow_api_virtualenv.py
[2025-05-04T23:08:34.098+0000] {processor.py:830} INFO - Processing file /home/airflow/.local/lib/python3.8/site-packages/airflow/example_dags/tutorial_taskflow_api_virtualenv.py for tasks to queue
[2025-05-04T23:08:34.101+0000] {logging_mixin.py:188} INFO - [2025-05-04T23:08:34.101+0000] {dagbag.py:538} INFO - Filling up the DagBag from /home/airflow/.local/lib/python3.8/site-packages/airflow/example_dags/tutorial_taskflow_api_virtualenv.py
[2025-05-04T23:08:34.105+0000] {processor.py:840} INFO - DAG(s) 'tutorial_taskflow_api_virtualenv' retrieved from /home/airflow/.local/lib/python3.8/site-packages/airflow/example_dags/tutorial_taskflow_api_virtualenv.py
[2025-05-04T23:08:34.113+0000] {logging_mixin.py:188} INFO - [2025-05-04T23:08:34.112+0000] {dag.py:3033} INFO - Sync 1 DAGs
[2025-05-04T23:08:34.117+0000] {logging_mixin.py:188} INFO - [2025-05-04T23:08:34.117+0000] {dag.py:3820} INFO - Setting next_dagrun for tutorial_taskflow_api_virtualenv to None, run_after=None
[2025-05-04T23:08:34.126+0000] {processor.py:183} INFO - Processing /home/airflow/.local/lib/python3.8/site-packages/airflow/example_dags/tutorial_taskflow_api_virtualenv.py took 0.031 seconds
[2025-05-04T23:09:04.858+0000] {processor.py:161} INFO - Started process (PID=356) to work on /home/airflow/.local/lib/python3.8/site-packages/airflow/example_dags/tutorial_taskflow_api_virtualenv.py
[2025-05-04T23:09:04.860+0000] {processor.py:830} INFO - Processing file /home/airflow/.local/lib/python3.8/site-packages/airflow/example_dags/tutorial_taskflow_api_virtualenv.py for tasks to queue
[2025-05-04T23:09:04.861+0000] {logging_mixin.py:188} INFO - [2025-05-04T23:09:04.861+0000] {dagbag.py:538} INFO - Filling up the DagBag from /home/airflow/.local/lib/python3.8/site-packages/airflow/example_dags/tutorial_taskflow_api_virtualenv.py
[2025-05-04T23:09:04.864+0000] {processor.py:840} INFO - DAG(s) 'tutorial_taskflow_api_virtualenv' retrieved from /home/airflow/.local/lib/python3.8/site-packages/airflow/example_dags/tutorial_taskflow_api_virtualenv.py
[2025-05-04T23:09:04.874+0000] {logging_mixin.py:188} INFO - [2025-05-04T23:09:04.874+0000] {dag.py:3033} INFO - Sync 1 DAGs
[2025-05-04T23:09:04.879+0000] {logging_mixin.py:188} INFO - [2025-05-04T23:09:04.879+0000] {dag.py:3820} INFO - Setting next_dagrun for tutorial_taskflow_api_virtualenv to None, run_after=None
[2025-05-04T23:09:04.889+0000] {processor.py:183} INFO - Processing /home/airflow/.local/lib/python3.8/site-packages/airflow/example_dags/tutorial_taskflow_api_virtualenv.py took 0.033 seconds
[2025-05-04T23:09:34.933+0000] {processor.py:161} INFO - Started process (PID=412) to work on /home/airflow/.local/lib/python3.8/site-packages/airflow/example_dags/tutorial_taskflow_api_virtualenv.py
[2025-05-04T23:09:34.934+0000] {processor.py:830} INFO - Processing file /home/airflow/.local/lib/python3.8/site-packages/airflow/example_dags/tutorial_taskflow_api_virtualenv.py for tasks to queue
[2025-05-04T23:09:34.935+0000] {logging_mixin.py:188} INFO - [2025-05-04T23:09:34.935+0000] {dagbag.py:538} INFO - Filling up the DagBag from /home/airflow/.local/lib/python3.8/site-packages/airflow/example_dags/tutorial_taskflow_api_virtualenv.py
[2025-05-04T23:09:34.939+0000] {processor.py:840} INFO - DAG(s) 'tutorial_taskflow_api_virtualenv' retrieved from /home/airflow/.local/lib/python3.8/site-packages/airflow/example_dags/tutorial_taskflow_api_virtualenv.py
[2025-05-04T23:09:34.956+0000] {logging_mixin.py:188} INFO - [2025-05-04T23:09:34.956+0000] {dag.py:3033} INFO - Sync 1 DAGs
[2025-05-04T23:09:34.962+0000] {logging_mixin.py:188} INFO - [2025-05-04T23:09:34.962+0000] {dag.py:3820} INFO - Setting next_dagrun for tutorial_taskflow_api_virtualenv to None, run_after=None
[2025-05-04T23:09:34.975+0000] {processor.py:183} INFO - Processing /home/airflow/.local/lib/python3.8/site-packages/airflow/example_dags/tutorial_taskflow_api_virtualenv.py took 0.044 seconds
[2025-05-04T23:10:05.739+0000] {processor.py:161} INFO - Started process (PID=468) to work on /home/airflow/.local/lib/python3.8/site-packages/airflow/example_dags/tutorial_taskflow_api_virtualenv.py
[2025-05-04T23:10:05.742+0000] {processor.py:830} INFO - Processing file /home/airflow/.local/lib/python3.8/site-packages/airflow/example_dags/tutorial_taskflow_api_virtualenv.py for tasks to queue
[2025-05-04T23:10:05.743+0000] {logging_mixin.py:188} INFO - [2025-05-04T23:10:05.742+0000] {dagbag.py:538} INFO - Filling up the DagBag from /home/airflow/.local/lib/python3.8/site-packages/airflow/example_dags/tutorial_taskflow_api_virtualenv.py
[2025-05-04T23:10:05.746+0000] {processor.py:840} INFO - DAG(s) 'tutorial_taskflow_api_virtualenv' retrieved from /home/airflow/.local/lib/python3.8/site-packages/airflow/example_dags/tutorial_taskflow_api_virtualenv.py
[2025-05-04T23:10:05.757+0000] {logging_mixin.py:188} INFO - [2025-05-04T23:10:05.757+0000] {dag.py:3033} INFO - Sync 1 DAGs
[2025-05-04T23:10:05.763+0000] {logging_mixin.py:188} INFO - [2025-05-04T23:10:05.762+0000] {dag.py:3820} INFO - Setting next_dagrun for tutorial_taskflow_api_virtualenv to None, run_after=None
[2025-05-04T23:10:05.770+0000] {processor.py:183} INFO - Processing /home/airflow/.local/lib/python3.8/site-packages/airflow/example_dags/tutorial_taskflow_api_virtualenv.py took 0.033 seconds
[2025-05-04T23:10:36.386+0000] {processor.py:161} INFO - Started process (PID=524) to work on /home/airflow/.local/lib/python3.8/site-packages/airflow/example_dags/tutorial_taskflow_api_virtualenv.py
[2025-05-04T23:10:36.387+0000] {processor.py:830} INFO - Processing file /home/airflow/.local/lib/python3.8/site-packages/airflow/example_dags/tutorial_taskflow_api_virtualenv.py for tasks to queue
[2025-05-04T23:10:36.388+0000] {logging_mixin.py:188} INFO - [2025-05-04T23:10:36.388+0000] {dagbag.py:538} INFO - Filling up the DagBag from /home/airflow/.local/lib/python3.8/site-packages/airflow/example_dags/tutorial_taskflow_api_virtualenv.py
[2025-05-04T23:10:36.391+0000] {processor.py:840} INFO - DAG(s) 'tutorial_taskflow_api_virtualenv' retrieved from /home/airflow/.local/lib/python3.8/site-packages/airflow/example_dags/tutorial_taskflow_api_virtualenv.py
[2025-05-04T23:10:36.400+0000] {logging_mixin.py:188} INFO - [2025-05-04T23:10:36.400+0000] {dag.py:3033} INFO - Sync 1 DAGs
[2025-05-04T23:10:36.407+0000] {logging_mixin.py:188} INFO - [2025-05-04T23:10:36.407+0000] {dag.py:3820} INFO - Setting next_dagrun for tutorial_taskflow_api_virtualenv to None, run_after=None
[2025-05-04T23:10:36.419+0000] {processor.py:183} INFO - Processing /home/airflow/.local/lib/python3.8/site-packages/airflow/example_dags/tutorial_taskflow_api_virtualenv.py took 0.034 seconds
[2025-05-04T23:11:07.117+0000] {processor.py:161} INFO - Started process (PID=580) to work on /home/airflow/.local/lib/python3.8/site-packages/airflow/example_dags/tutorial_taskflow_api_virtualenv.py
[2025-05-04T23:11:07.118+0000] {processor.py:830} INFO - Processing file /home/airflow/.local/lib/python3.8/site-packages/airflow/example_dags/tutorial_taskflow_api_virtualenv.py for tasks to queue
[2025-05-04T23:11:07.119+0000] {logging_mixin.py:188} INFO - [2025-05-04T23:11:07.119+0000] {dagbag.py:538} INFO - Filling up the DagBag from /home/airflow/.local/lib/python3.8/site-packages/airflow/example_dags/tutorial_taskflow_api_virtualenv.py
[2025-05-04T23:11:07.122+0000] {processor.py:840} INFO - DAG(s) 'tutorial_taskflow_api_virtualenv' retrieved from /home/airflow/.local/lib/python3.8/site-packages/airflow/example_dags/tutorial_taskflow_api_virtualenv.py
[2025-05-04T23:11:07.132+0000] {logging_mixin.py:188} INFO - [2025-05-04T23:11:07.132+0000] {dag.py:3033} INFO - Sync 1 DAGs
[2025-05-04T23:11:07.137+0000] {logging_mixin.py:188} INFO - [2025-05-04T23:11:07.136+0000] {dag.py:3820} INFO - Setting next_dagrun for tutorial_taskflow_api_virtualenv to None, run_after=None
[2025-05-04T23:11:07.147+0000] {processor.py:183} INFO - Processing /home/airflow/.local/lib/python3.8/site-packages/airflow/example_dags/tutorial_taskflow_api_virtualenv.py took 0.032 seconds
[2025-05-04T23:11:37.739+0000] {processor.py:161} INFO - Started process (PID=636) to work on /home/airflow/.local/lib/python3.8/site-packages/airflow/example_dags/tutorial_taskflow_api_virtualenv.py
[2025-05-04T23:11:37.740+0000] {processor.py:830} INFO - Processing file /home/airflow/.local/lib/python3.8/site-packages/airflow/example_dags/tutorial_taskflow_api_virtualenv.py for tasks to queue
[2025-05-04T23:11:37.741+0000] {logging_mixin.py:188} INFO - [2025-05-04T23:11:37.741+0000] {dagbag.py:538} INFO - Filling up the DagBag from /home/airflow/.local/lib/python3.8/site-packages/airflow/example_dags/tutorial_taskflow_api_virtualenv.py
[2025-05-04T23:11:37.744+0000] {processor.py:840} INFO - DAG(s) 'tutorial_taskflow_api_virtualenv' retrieved from /home/airflow/.local/lib/python3.8/site-packages/airflow/example_dags/tutorial_taskflow_api_virtualenv.py
[2025-05-04T23:11:37.754+0000] {logging_mixin.py:188} INFO - [2025-05-04T23:11:37.754+0000] {dag.py:3033} INFO - Sync 1 DAGs
[2025-05-04T23:11:37.760+0000] {logging_mixin.py:188} INFO - [2025-05-04T23:11:37.760+0000] {dag.py:3820} INFO - Setting next_dagrun for tutorial_taskflow_api_virtualenv to None, run_after=None
[2025-05-04T23:11:37.771+0000] {processor.py:183} INFO - Processing /home/airflow/.local/lib/python3.8/site-packages/airflow/example_dags/tutorial_taskflow_api_virtualenv.py took 0.034 seconds
[2025-05-04T23:12:08.354+0000] {processor.py:161} INFO - Started process (PID=692) to work on /home/airflow/.local/lib/python3.8/site-packages/airflow/example_dags/tutorial_taskflow_api_virtualenv.py
[2025-05-04T23:12:08.354+0000] {processor.py:830} INFO - Processing file /home/airflow/.local/lib/python3.8/site-packages/airflow/example_dags/tutorial_taskflow_api_virtualenv.py for tasks to queue
[2025-05-04T23:12:08.355+0000] {logging_mixin.py:188} INFO - [2025-05-04T23:12:08.355+0000] {dagbag.py:538} INFO - Filling up the DagBag from /home/airflow/.local/lib/python3.8/site-packages/airflow/example_dags/tutorial_taskflow_api_virtualenv.py
[2025-05-04T23:12:08.358+0000] {processor.py:840} INFO - DAG(s) 'tutorial_taskflow_api_virtualenv' retrieved from /home/airflow/.local/lib/python3.8/site-packages/airflow/example_dags/tutorial_taskflow_api_virtualenv.py
[2025-05-04T23:12:08.371+0000] {logging_mixin.py:188} INFO - [2025-05-04T23:12:08.371+0000] {dag.py:3033} INFO - Sync 1 DAGs
[2025-05-04T23:12:08.377+0000] {logging_mixin.py:188} INFO - [2025-05-04T23:12:08.377+0000] {dag.py:3820} INFO - Setting next_dagrun for tutorial_taskflow_api_virtualenv to None, run_after=None
[2025-05-04T23:12:08.384+0000] {processor.py:183} INFO - Processing /home/airflow/.local/lib/python3.8/site-packages/airflow/example_dags/tutorial_taskflow_api_virtualenv.py took 0.032 seconds
[2025-05-04T23:12:39.045+0000] {processor.py:161} INFO - Started process (PID=748) to work on /home/airflow/.local/lib/python3.8/site-packages/airflow/example_dags/tutorial_taskflow_api_virtualenv.py
[2025-05-04T23:12:39.047+0000] {processor.py:830} INFO - Processing file /home/airflow/.local/lib/python3.8/site-packages/airflow/example_dags/tutorial_taskflow_api_virtualenv.py for tasks to queue
[2025-05-04T23:12:39.048+0000] {logging_mixin.py:188} INFO - [2025-05-04T23:12:39.048+0000] {dagbag.py:538} INFO - Filling up the DagBag from /home/airflow/.local/lib/python3.8/site-packages/airflow/example_dags/tutorial_taskflow_api_virtualenv.py
[2025-05-04T23:12:39.051+0000] {processor.py:840} INFO - DAG(s) 'tutorial_taskflow_api_virtualenv' retrieved from /home/airflow/.local/lib/python3.8/site-packages/airflow/example_dags/tutorial_taskflow_api_virtualenv.py
[2025-05-04T23:12:39.060+0000] {logging_mixin.py:188} INFO - [2025-05-04T23:12:39.059+0000] {dag.py:3033} INFO - Sync 1 DAGs
[2025-05-04T23:12:39.064+0000] {logging_mixin.py:188} INFO - [2025-05-04T23:12:39.064+0000] {dag.py:3820} INFO - Setting next_dagrun for tutorial_taskflow_api_virtualenv to None, run_after=None
[2025-05-04T23:12:39.073+0000] {processor.py:183} INFO - Processing /home/airflow/.local/lib/python3.8/site-packages/airflow/example_dags/tutorial_taskflow_api_virtualenv.py took 0.030 seconds
[2025-05-04T23:13:09.680+0000] {processor.py:161} INFO - Started process (PID=804) to work on /home/airflow/.local/lib/python3.8/site-packages/airflow/example_dags/tutorial_taskflow_api_virtualenv.py
[2025-05-04T23:13:09.681+0000] {processor.py:830} INFO - Processing file /home/airflow/.local/lib/python3.8/site-packages/airflow/example_dags/tutorial_taskflow_api_virtualenv.py for tasks to queue
[2025-05-04T23:13:09.683+0000] {logging_mixin.py:188} INFO - [2025-05-04T23:13:09.683+0000] {dagbag.py:538} INFO - Filling up the DagBag from /home/airflow/.local/lib/python3.8/site-packages/airflow/example_dags/tutorial_taskflow_api_virtualenv.py
[2025-05-04T23:13:09.687+0000] {processor.py:840} INFO - DAG(s) 'tutorial_taskflow_api_virtualenv' retrieved from /home/airflow/.local/lib/python3.8/site-packages/airflow/example_dags/tutorial_taskflow_api_virtualenv.py
[2025-05-04T23:13:09.696+0000] {logging_mixin.py:188} INFO - [2025-05-04T23:13:09.696+0000] {dag.py:3033} INFO - Sync 1 DAGs
[2025-05-04T23:13:09.704+0000] {logging_mixin.py:188} INFO - [2025-05-04T23:13:09.703+0000] {dag.py:3820} INFO - Setting next_dagrun for tutorial_taskflow_api_virtualenv to None, run_after=None
[2025-05-04T23:13:09.711+0000] {processor.py:183} INFO - Processing /home/airflow/.local/lib/python3.8/site-packages/airflow/example_dags/tutorial_taskflow_api_virtualenv.py took 0.033 seconds
[2025-05-04T23:13:40.346+0000] {processor.py:161} INFO - Started process (PID=860) to work on /home/airflow/.local/lib/python3.8/site-packages/airflow/example_dags/tutorial_taskflow_api_virtualenv.py
[2025-05-04T23:13:40.346+0000] {processor.py:830} INFO - Processing file /home/airflow/.local/lib/python3.8/site-packages/airflow/example_dags/tutorial_taskflow_api_virtualenv.py for tasks to queue
[2025-05-04T23:13:40.349+0000] {logging_mixin.py:188} INFO - [2025-05-04T23:13:40.349+0000] {dagbag.py:538} INFO - Filling up the DagBag from /home/airflow/.local/lib/python3.8/site-packages/airflow/example_dags/tutorial_taskflow_api_virtualenv.py
[2025-05-04T23:13:40.352+0000] {processor.py:840} INFO - DAG(s) 'tutorial_taskflow_api_virtualenv' retrieved from /home/airflow/.local/lib/python3.8/site-packages/airflow/example_dags/tutorial_taskflow_api_virtualenv.py
[2025-05-04T23:13:40.362+0000] {logging_mixin.py:188} INFO - [2025-05-04T23:13:40.362+0000] {dag.py:3033} INFO - Sync 1 DAGs
[2025-05-04T23:13:40.369+0000] {logging_mixin.py:188} INFO - [2025-05-04T23:13:40.369+0000] {dag.py:3820} INFO - Setting next_dagrun for tutorial_taskflow_api_virtualenv to None, run_after=None
[2025-05-04T23:13:40.375+0000] {processor.py:183} INFO - Processing /home/airflow/.local/lib/python3.8/site-packages/airflow/example_dags/tutorial_taskflow_api_virtualenv.py took 0.031 seconds
[2025-05-04T23:14:11.008+0000] {processor.py:161} INFO - Started process (PID=916) to work on /home/airflow/.local/lib/python3.8/site-packages/airflow/example_dags/tutorial_taskflow_api_virtualenv.py
[2025-05-04T23:14:11.009+0000] {processor.py:830} INFO - Processing file /home/airflow/.local/lib/python3.8/site-packages/airflow/example_dags/tutorial_taskflow_api_virtualenv.py for tasks to queue
[2025-05-04T23:14:11.012+0000] {logging_mixin.py:188} INFO - [2025-05-04T23:14:11.012+0000] {dagbag.py:538} INFO - Filling up the DagBag from /home/airflow/.local/lib/python3.8/site-packages/airflow/example_dags/tutorial_taskflow_api_virtualenv.py
[2025-05-04T23:14:11.015+0000] {processor.py:840} INFO - DAG(s) 'tutorial_taskflow_api_virtualenv' retrieved from /home/airflow/.local/lib/python3.8/site-packages/airflow/example_dags/tutorial_taskflow_api_virtualenv.py
[2025-05-04T23:14:11.026+0000] {logging_mixin.py:188} INFO - [2025-05-04T23:14:11.026+0000] {dag.py:3033} INFO - Sync 1 DAGs
[2025-05-04T23:14:11.031+0000] {logging_mixin.py:188} INFO - [2025-05-04T23:14:11.031+0000] {dag.py:3820} INFO - Setting next_dagrun for tutorial_taskflow_api_virtualenv to None, run_after=None
[2025-05-04T23:14:11.038+0000] {processor.py:183} INFO - Processing /home/airflow/.local/lib/python3.8/site-packages/airflow/example_dags/tutorial_taskflow_api_virtualenv.py took 0.032 seconds
[2025-05-04T23:14:42.002+0000] {processor.py:161} INFO - Started process (PID=972) to work on /home/airflow/.local/lib/python3.8/site-packages/airflow/example_dags/tutorial_taskflow_api_virtualenv.py
[2025-05-04T23:14:42.005+0000] {processor.py:830} INFO - Processing file /home/airflow/.local/lib/python3.8/site-packages/airflow/example_dags/tutorial_taskflow_api_virtualenv.py for tasks to queue
[2025-05-04T23:14:42.006+0000] {logging_mixin.py:188} INFO - [2025-05-04T23:14:42.006+0000] {dagbag.py:538} INFO - Filling up the DagBag from /home/airflow/.local/lib/python3.8/site-packages/airflow/example_dags/tutorial_taskflow_api_virtualenv.py
[2025-05-04T23:14:42.009+0000] {processor.py:840} INFO - DAG(s) 'tutorial_taskflow_api_virtualenv' retrieved from /home/airflow/.local/lib/python3.8/site-packages/airflow/example_dags/tutorial_taskflow_api_virtualenv.py
[2025-05-04T23:14:42.021+0000] {logging_mixin.py:188} INFO - [2025-05-04T23:14:42.021+0000] {dag.py:3033} INFO - Sync 1 DAGs
[2025-05-04T23:14:42.029+0000] {logging_mixin.py:188} INFO - [2025-05-04T23:14:42.029+0000] {dag.py:3820} INFO - Setting next_dagrun for tutorial_taskflow_api_virtualenv to None, run_after=None
[2025-05-04T23:14:42.043+0000] {processor.py:183} INFO - Processing /home/airflow/.local/lib/python3.8/site-packages/airflow/example_dags/tutorial_taskflow_api_virtualenv.py took 0.043 seconds
[2025-05-04T23:15:12.155+0000] {processor.py:161} INFO - Started process (PID=1028) to work on /home/airflow/.local/lib/python3.8/site-packages/airflow/example_dags/tutorial_taskflow_api_virtualenv.py
[2025-05-04T23:15:12.156+0000] {processor.py:830} INFO - Processing file /home/airflow/.local/lib/python3.8/site-packages/airflow/example_dags/tutorial_taskflow_api_virtualenv.py for tasks to queue
[2025-05-04T23:15:12.156+0000] {logging_mixin.py:188} INFO - [2025-05-04T23:15:12.156+0000] {dagbag.py:538} INFO - Filling up the DagBag from /home/airflow/.local/lib/python3.8/site-packages/airflow/example_dags/tutorial_taskflow_api_virtualenv.py
[2025-05-04T23:15:12.159+0000] {processor.py:840} INFO - DAG(s) 'tutorial_taskflow_api_virtualenv' retrieved from /home/airflow/.local/lib/python3.8/site-packages/airflow/example_dags/tutorial_taskflow_api_virtualenv.py
[2025-05-04T23:15:12.168+0000] {logging_mixin.py:188} INFO - [2025-05-04T23:15:12.168+0000] {dag.py:3033} INFO - Sync 1 DAGs
[2025-05-04T23:15:12.174+0000] {logging_mixin.py:188} INFO - [2025-05-04T23:15:12.174+0000] {dag.py:3820} INFO - Setting next_dagrun for tutorial_taskflow_api_virtualenv to None, run_after=None
[2025-05-04T23:15:12.184+0000] {processor.py:183} INFO - Processing /home/airflow/.local/lib/python3.8/site-packages/airflow/example_dags/tutorial_taskflow_api_virtualenv.py took 0.031 seconds
[2025-05-04T23:15:42.702+0000] {processor.py:161} INFO - Started process (PID=1084) to work on /home/airflow/.local/lib/python3.8/site-packages/airflow/example_dags/tutorial_taskflow_api_virtualenv.py
[2025-05-04T23:15:42.703+0000] {processor.py:830} INFO - Processing file /home/airflow/.local/lib/python3.8/site-packages/airflow/example_dags/tutorial_taskflow_api_virtualenv.py for tasks to queue
[2025-05-04T23:15:42.704+0000] {logging_mixin.py:188} INFO - [2025-05-04T23:15:42.704+0000] {dagbag.py:538} INFO - Filling up the DagBag from /home/airflow/.local/lib/python3.8/site-packages/airflow/example_dags/tutorial_taskflow_api_virtualenv.py
[2025-05-04T23:15:42.707+0000] {processor.py:840} INFO - DAG(s) 'tutorial_taskflow_api_virtualenv' retrieved from /home/airflow/.local/lib/python3.8/site-packages/airflow/example_dags/tutorial_taskflow_api_virtualenv.py
[2025-05-04T23:15:42.717+0000] {logging_mixin.py:188} INFO - [2025-05-04T23:15:42.717+0000] {dag.py:3033} INFO - Sync 1 DAGs
[2025-05-04T23:15:42.724+0000] {logging_mixin.py:188} INFO - [2025-05-04T23:15:42.724+0000] {dag.py:3820} INFO - Setting next_dagrun for tutorial_taskflow_api_virtualenv to None, run_after=None
[2025-05-04T23:15:42.731+0000] {processor.py:183} INFO - Processing /home/airflow/.local/lib/python3.8/site-packages/airflow/example_dags/tutorial_taskflow_api_virtualenv.py took 0.030 seconds
[2025-05-04T23:18:31.995+0000] {processor.py:161} INFO - Started process (PID=71) to work on /home/airflow/.local/lib/python3.8/site-packages/airflow/example_dags/tutorial_taskflow_api_virtualenv.py
[2025-05-04T23:18:31.997+0000] {processor.py:830} INFO - Processing file /home/airflow/.local/lib/python3.8/site-packages/airflow/example_dags/tutorial_taskflow_api_virtualenv.py for tasks to queue
[2025-05-04T23:18:31.998+0000] {logging_mixin.py:188} INFO - [2025-05-04T23:18:31.998+0000] {dagbag.py:538} INFO - Filling up the DagBag from /home/airflow/.local/lib/python3.8/site-packages/airflow/example_dags/tutorial_taskflow_api_virtualenv.py
[2025-05-04T23:18:32.002+0000] {processor.py:840} INFO - DAG(s) 'tutorial_taskflow_api_virtualenv' retrieved from /home/airflow/.local/lib/python3.8/site-packages/airflow/example_dags/tutorial_taskflow_api_virtualenv.py
[2025-05-04T23:18:32.008+0000] {logging_mixin.py:188} INFO - [2025-05-04T23:18:32.008+0000] {dag.py:3033} INFO - Sync 1 DAGs
[2025-05-04T23:18:32.014+0000] {logging_mixin.py:188} INFO - [2025-05-04T23:18:32.014+0000] {dag.py:3820} INFO - Setting next_dagrun for tutorial_taskflow_api_virtualenv to None, run_after=None
[2025-05-04T23:18:32.024+0000] {processor.py:183} INFO - Processing /home/airflow/.local/lib/python3.8/site-packages/airflow/example_dags/tutorial_taskflow_api_virtualenv.py took 0.031 seconds
[2025-05-04T23:19:02.253+0000] {processor.py:161} INFO - Started process (PID=127) to work on /home/airflow/.local/lib/python3.8/site-packages/airflow/example_dags/tutorial_taskflow_api_virtualenv.py
[2025-05-04T23:19:02.255+0000] {processor.py:830} INFO - Processing file /home/airflow/.local/lib/python3.8/site-packages/airflow/example_dags/tutorial_taskflow_api_virtualenv.py for tasks to queue
[2025-05-04T23:19:02.256+0000] {logging_mixin.py:188} INFO - [2025-05-04T23:19:02.256+0000] {dagbag.py:538} INFO - Filling up the DagBag from /home/airflow/.local/lib/python3.8/site-packages/airflow/example_dags/tutorial_taskflow_api_virtualenv.py
[2025-05-04T23:19:02.260+0000] {processor.py:840} INFO - DAG(s) 'tutorial_taskflow_api_virtualenv' retrieved from /home/airflow/.local/lib/python3.8/site-packages/airflow/example_dags/tutorial_taskflow_api_virtualenv.py
[2025-05-04T23:19:02.314+0000] {logging_mixin.py:188} INFO - [2025-05-04T23:19:02.314+0000] {dag.py:3033} INFO - Sync 1 DAGs
[2025-05-04T23:19:02.321+0000] {logging_mixin.py:188} INFO - [2025-05-04T23:19:02.321+0000] {dag.py:3820} INFO - Setting next_dagrun for tutorial_taskflow_api_virtualenv to None, run_after=None
[2025-05-04T23:19:02.335+0000] {processor.py:183} INFO - Processing /home/airflow/.local/lib/python3.8/site-packages/airflow/example_dags/tutorial_taskflow_api_virtualenv.py took 0.084 seconds
[2025-05-04T23:19:32.418+0000] {processor.py:161} INFO - Started process (PID=183) to work on /home/airflow/.local/lib/python3.8/site-packages/airflow/example_dags/tutorial_taskflow_api_virtualenv.py
[2025-05-04T23:19:32.419+0000] {processor.py:830} INFO - Processing file /home/airflow/.local/lib/python3.8/site-packages/airflow/example_dags/tutorial_taskflow_api_virtualenv.py for tasks to queue
[2025-05-04T23:19:32.420+0000] {logging_mixin.py:188} INFO - [2025-05-04T23:19:32.420+0000] {dagbag.py:538} INFO - Filling up the DagBag from /home/airflow/.local/lib/python3.8/site-packages/airflow/example_dags/tutorial_taskflow_api_virtualenv.py
[2025-05-04T23:19:32.423+0000] {processor.py:840} INFO - DAG(s) 'tutorial_taskflow_api_virtualenv' retrieved from /home/airflow/.local/lib/python3.8/site-packages/airflow/example_dags/tutorial_taskflow_api_virtualenv.py
[2025-05-04T23:19:32.436+0000] {logging_mixin.py:188} INFO - [2025-05-04T23:19:32.436+0000] {dag.py:3033} INFO - Sync 1 DAGs
[2025-05-04T23:19:32.440+0000] {logging_mixin.py:188} INFO - [2025-05-04T23:19:32.440+0000] {dag.py:3820} INFO - Setting next_dagrun for tutorial_taskflow_api_virtualenv to None, run_after=None
[2025-05-04T23:19:32.449+0000] {processor.py:183} INFO - Processing /home/airflow/.local/lib/python3.8/site-packages/airflow/example_dags/tutorial_taskflow_api_virtualenv.py took 0.034 seconds
[2025-05-04T23:20:03.094+0000] {processor.py:161} INFO - Started process (PID=239) to work on /home/airflow/.local/lib/python3.8/site-packages/airflow/example_dags/tutorial_taskflow_api_virtualenv.py
[2025-05-04T23:20:03.095+0000] {processor.py:830} INFO - Processing file /home/airflow/.local/lib/python3.8/site-packages/airflow/example_dags/tutorial_taskflow_api_virtualenv.py for tasks to queue
[2025-05-04T23:20:03.096+0000] {logging_mixin.py:188} INFO - [2025-05-04T23:20:03.096+0000] {dagbag.py:538} INFO - Filling up the DagBag from /home/airflow/.local/lib/python3.8/site-packages/airflow/example_dags/tutorial_taskflow_api_virtualenv.py
[2025-05-04T23:20:03.101+0000] {processor.py:840} INFO - DAG(s) 'tutorial_taskflow_api_virtualenv' retrieved from /home/airflow/.local/lib/python3.8/site-packages/airflow/example_dags/tutorial_taskflow_api_virtualenv.py
[2025-05-04T23:20:03.113+0000] {logging_mixin.py:188} INFO - [2025-05-04T23:20:03.113+0000] {dag.py:3033} INFO - Sync 1 DAGs
[2025-05-04T23:20:03.120+0000] {logging_mixin.py:188} INFO - [2025-05-04T23:20:03.120+0000] {dag.py:3820} INFO - Setting next_dagrun for tutorial_taskflow_api_virtualenv to None, run_after=None
[2025-05-04T23:20:03.130+0000] {processor.py:183} INFO - Processing /home/airflow/.local/lib/python3.8/site-packages/airflow/example_dags/tutorial_taskflow_api_virtualenv.py took 0.038 seconds
[2025-05-04T23:20:33.935+0000] {processor.py:161} INFO - Started process (PID=294) to work on /home/airflow/.local/lib/python3.8/site-packages/airflow/example_dags/tutorial_taskflow_api_virtualenv.py
[2025-05-04T23:20:33.938+0000] {processor.py:830} INFO - Processing file /home/airflow/.local/lib/python3.8/site-packages/airflow/example_dags/tutorial_taskflow_api_virtualenv.py for tasks to queue
[2025-05-04T23:20:33.939+0000] {logging_mixin.py:188} INFO - [2025-05-04T23:20:33.939+0000] {dagbag.py:538} INFO - Filling up the DagBag from /home/airflow/.local/lib/python3.8/site-packages/airflow/example_dags/tutorial_taskflow_api_virtualenv.py
[2025-05-04T23:20:33.942+0000] {processor.py:840} INFO - DAG(s) 'tutorial_taskflow_api_virtualenv' retrieved from /home/airflow/.local/lib/python3.8/site-packages/airflow/example_dags/tutorial_taskflow_api_virtualenv.py
[2025-05-04T23:20:33.950+0000] {logging_mixin.py:188} INFO - [2025-05-04T23:20:33.950+0000] {dag.py:3033} INFO - Sync 1 DAGs
[2025-05-04T23:20:33.955+0000] {logging_mixin.py:188} INFO - [2025-05-04T23:20:33.955+0000] {dag.py:3820} INFO - Setting next_dagrun for tutorial_taskflow_api_virtualenv to None, run_after=None
[2025-05-04T23:20:33.964+0000] {processor.py:183} INFO - Processing /home/airflow/.local/lib/python3.8/site-packages/airflow/example_dags/tutorial_taskflow_api_virtualenv.py took 0.031 seconds
[2025-05-04T23:21:04.101+0000] {processor.py:161} INFO - Started process (PID=350) to work on /home/airflow/.local/lib/python3.8/site-packages/airflow/example_dags/tutorial_taskflow_api_virtualenv.py
[2025-05-04T23:21:04.102+0000] {processor.py:830} INFO - Processing file /home/airflow/.local/lib/python3.8/site-packages/airflow/example_dags/tutorial_taskflow_api_virtualenv.py for tasks to queue
[2025-05-04T23:21:04.103+0000] {logging_mixin.py:188} INFO - [2025-05-04T23:21:04.103+0000] {dagbag.py:538} INFO - Filling up the DagBag from /home/airflow/.local/lib/python3.8/site-packages/airflow/example_dags/tutorial_taskflow_api_virtualenv.py
[2025-05-04T23:21:04.106+0000] {processor.py:840} INFO - DAG(s) 'tutorial_taskflow_api_virtualenv' retrieved from /home/airflow/.local/lib/python3.8/site-packages/airflow/example_dags/tutorial_taskflow_api_virtualenv.py
[2025-05-04T23:21:04.117+0000] {logging_mixin.py:188} INFO - [2025-05-04T23:21:04.117+0000] {dag.py:3033} INFO - Sync 1 DAGs
[2025-05-04T23:21:04.124+0000] {logging_mixin.py:188} INFO - [2025-05-04T23:21:04.124+0000] {dag.py:3820} INFO - Setting next_dagrun for tutorial_taskflow_api_virtualenv to None, run_after=None
[2025-05-04T23:21:04.136+0000] {processor.py:183} INFO - Processing /home/airflow/.local/lib/python3.8/site-packages/airflow/example_dags/tutorial_taskflow_api_virtualenv.py took 0.036 seconds
[2025-05-04T23:21:34.744+0000] {processor.py:161} INFO - Started process (PID=406) to work on /home/airflow/.local/lib/python3.8/site-packages/airflow/example_dags/tutorial_taskflow_api_virtualenv.py
[2025-05-04T23:21:34.745+0000] {processor.py:830} INFO - Processing file /home/airflow/.local/lib/python3.8/site-packages/airflow/example_dags/tutorial_taskflow_api_virtualenv.py for tasks to queue
[2025-05-04T23:21:34.747+0000] {logging_mixin.py:188} INFO - [2025-05-04T23:21:34.746+0000] {dagbag.py:538} INFO - Filling up the DagBag from /home/airflow/.local/lib/python3.8/site-packages/airflow/example_dags/tutorial_taskflow_api_virtualenv.py
[2025-05-04T23:21:34.749+0000] {processor.py:840} INFO - DAG(s) 'tutorial_taskflow_api_virtualenv' retrieved from /home/airflow/.local/lib/python3.8/site-packages/airflow/example_dags/tutorial_taskflow_api_virtualenv.py
[2025-05-04T23:21:34.760+0000] {logging_mixin.py:188} INFO - [2025-05-04T23:21:34.760+0000] {dag.py:3033} INFO - Sync 1 DAGs
[2025-05-04T23:21:34.769+0000] {logging_mixin.py:188} INFO - [2025-05-04T23:21:34.769+0000] {dag.py:3820} INFO - Setting next_dagrun for tutorial_taskflow_api_virtualenv to None, run_after=None
[2025-05-04T23:21:34.779+0000] {processor.py:183} INFO - Processing /home/airflow/.local/lib/python3.8/site-packages/airflow/example_dags/tutorial_taskflow_api_virtualenv.py took 0.037 seconds
[2025-05-04T23:22:05.412+0000] {processor.py:161} INFO - Started process (PID=462) to work on /home/airflow/.local/lib/python3.8/site-packages/airflow/example_dags/tutorial_taskflow_api_virtualenv.py
[2025-05-04T23:22:05.413+0000] {processor.py:830} INFO - Processing file /home/airflow/.local/lib/python3.8/site-packages/airflow/example_dags/tutorial_taskflow_api_virtualenv.py for tasks to queue
[2025-05-04T23:22:05.415+0000] {logging_mixin.py:188} INFO - [2025-05-04T23:22:05.415+0000] {dagbag.py:538} INFO - Filling up the DagBag from /home/airflow/.local/lib/python3.8/site-packages/airflow/example_dags/tutorial_taskflow_api_virtualenv.py
[2025-05-04T23:22:05.418+0000] {processor.py:840} INFO - DAG(s) 'tutorial_taskflow_api_virtualenv' retrieved from /home/airflow/.local/lib/python3.8/site-packages/airflow/example_dags/tutorial_taskflow_api_virtualenv.py
[2025-05-04T23:22:05.429+0000] {logging_mixin.py:188} INFO - [2025-05-04T23:22:05.429+0000] {dag.py:3033} INFO - Sync 1 DAGs
[2025-05-04T23:22:05.434+0000] {logging_mixin.py:188} INFO - [2025-05-04T23:22:05.434+0000] {dag.py:3820} INFO - Setting next_dagrun for tutorial_taskflow_api_virtualenv to None, run_after=None
[2025-05-04T23:22:05.441+0000] {processor.py:183} INFO - Processing /home/airflow/.local/lib/python3.8/site-packages/airflow/example_dags/tutorial_taskflow_api_virtualenv.py took 0.030 seconds
[2025-05-04T23:22:35.968+0000] {processor.py:161} INFO - Started process (PID=518) to work on /home/airflow/.local/lib/python3.8/site-packages/airflow/example_dags/tutorial_taskflow_api_virtualenv.py
[2025-05-04T23:22:35.976+0000] {processor.py:830} INFO - Processing file /home/airflow/.local/lib/python3.8/site-packages/airflow/example_dags/tutorial_taskflow_api_virtualenv.py for tasks to queue
[2025-05-04T23:22:35.980+0000] {logging_mixin.py:188} INFO - [2025-05-04T23:22:35.980+0000] {dagbag.py:538} INFO - Filling up the DagBag from /home/airflow/.local/lib/python3.8/site-packages/airflow/example_dags/tutorial_taskflow_api_virtualenv.py
[2025-05-04T23:22:35.984+0000] {processor.py:840} INFO - DAG(s) 'tutorial_taskflow_api_virtualenv' retrieved from /home/airflow/.local/lib/python3.8/site-packages/airflow/example_dags/tutorial_taskflow_api_virtualenv.py
[2025-05-04T23:22:35.996+0000] {logging_mixin.py:188} INFO - [2025-05-04T23:22:35.996+0000] {dag.py:3033} INFO - Sync 1 DAGs
[2025-05-04T23:22:36.003+0000] {logging_mixin.py:188} INFO - [2025-05-04T23:22:36.003+0000] {dag.py:3820} INFO - Setting next_dagrun for tutorial_taskflow_api_virtualenv to None, run_after=None
[2025-05-04T23:22:36.010+0000] {processor.py:183} INFO - Processing /home/airflow/.local/lib/python3.8/site-packages/airflow/example_dags/tutorial_taskflow_api_virtualenv.py took 0.044 seconds
[2025-05-04T23:23:06.540+0000] {processor.py:161} INFO - Started process (PID=574) to work on /home/airflow/.local/lib/python3.8/site-packages/airflow/example_dags/tutorial_taskflow_api_virtualenv.py
[2025-05-04T23:23:06.543+0000] {processor.py:830} INFO - Processing file /home/airflow/.local/lib/python3.8/site-packages/airflow/example_dags/tutorial_taskflow_api_virtualenv.py for tasks to queue
[2025-05-04T23:23:06.545+0000] {logging_mixin.py:188} INFO - [2025-05-04T23:23:06.545+0000] {dagbag.py:538} INFO - Filling up the DagBag from /home/airflow/.local/lib/python3.8/site-packages/airflow/example_dags/tutorial_taskflow_api_virtualenv.py
[2025-05-04T23:23:06.548+0000] {processor.py:840} INFO - DAG(s) 'tutorial_taskflow_api_virtualenv' retrieved from /home/airflow/.local/lib/python3.8/site-packages/airflow/example_dags/tutorial_taskflow_api_virtualenv.py
[2025-05-04T23:23:06.557+0000] {logging_mixin.py:188} INFO - [2025-05-04T23:23:06.557+0000] {dag.py:3033} INFO - Sync 1 DAGs
[2025-05-04T23:23:06.564+0000] {logging_mixin.py:188} INFO - [2025-05-04T23:23:06.564+0000] {dag.py:3820} INFO - Setting next_dagrun for tutorial_taskflow_api_virtualenv to None, run_after=None
[2025-05-04T23:23:06.574+0000] {processor.py:183} INFO - Processing /home/airflow/.local/lib/python3.8/site-packages/airflow/example_dags/tutorial_taskflow_api_virtualenv.py took 0.036 seconds
[2025-05-04T23:24:31.232+0000] {processor.py:161} INFO - Started process (PID=71) to work on /home/airflow/.local/lib/python3.8/site-packages/airflow/example_dags/tutorial_taskflow_api_virtualenv.py
[2025-05-04T23:24:31.234+0000] {processor.py:830} INFO - Processing file /home/airflow/.local/lib/python3.8/site-packages/airflow/example_dags/tutorial_taskflow_api_virtualenv.py for tasks to queue
[2025-05-04T23:24:31.235+0000] {logging_mixin.py:188} INFO - [2025-05-04T23:24:31.235+0000] {dagbag.py:538} INFO - Filling up the DagBag from /home/airflow/.local/lib/python3.8/site-packages/airflow/example_dags/tutorial_taskflow_api_virtualenv.py
[2025-05-04T23:24:31.239+0000] {processor.py:840} INFO - DAG(s) 'tutorial_taskflow_api_virtualenv' retrieved from /home/airflow/.local/lib/python3.8/site-packages/airflow/example_dags/tutorial_taskflow_api_virtualenv.py
[2025-05-04T23:24:31.245+0000] {logging_mixin.py:188} INFO - [2025-05-04T23:24:31.245+0000] {dag.py:3033} INFO - Sync 1 DAGs
[2025-05-04T23:24:31.252+0000] {logging_mixin.py:188} INFO - [2025-05-04T23:24:31.252+0000] {dag.py:3820} INFO - Setting next_dagrun for tutorial_taskflow_api_virtualenv to None, run_after=None
[2025-05-04T23:24:31.265+0000] {processor.py:183} INFO - Processing /home/airflow/.local/lib/python3.8/site-packages/airflow/example_dags/tutorial_taskflow_api_virtualenv.py took 0.035 seconds
[2025-05-04T23:25:01.783+0000] {processor.py:161} INFO - Started process (PID=127) to work on /home/airflow/.local/lib/python3.8/site-packages/airflow/example_dags/tutorial_taskflow_api_virtualenv.py
[2025-05-04T23:25:01.784+0000] {processor.py:830} INFO - Processing file /home/airflow/.local/lib/python3.8/site-packages/airflow/example_dags/tutorial_taskflow_api_virtualenv.py for tasks to queue
[2025-05-04T23:25:01.785+0000] {logging_mixin.py:188} INFO - [2025-05-04T23:25:01.785+0000] {dagbag.py:538} INFO - Filling up the DagBag from /home/airflow/.local/lib/python3.8/site-packages/airflow/example_dags/tutorial_taskflow_api_virtualenv.py
[2025-05-04T23:25:01.788+0000] {processor.py:840} INFO - DAG(s) 'tutorial_taskflow_api_virtualenv' retrieved from /home/airflow/.local/lib/python3.8/site-packages/airflow/example_dags/tutorial_taskflow_api_virtualenv.py
[2025-05-04T23:25:01.826+0000] {logging_mixin.py:188} INFO - [2025-05-04T23:25:01.826+0000] {dag.py:3033} INFO - Sync 1 DAGs
[2025-05-04T23:25:01.831+0000] {logging_mixin.py:188} INFO - [2025-05-04T23:25:01.831+0000] {dag.py:3820} INFO - Setting next_dagrun for tutorial_taskflow_api_virtualenv to None, run_after=None
[2025-05-04T23:25:01.839+0000] {processor.py:183} INFO - Processing /home/airflow/.local/lib/python3.8/site-packages/airflow/example_dags/tutorial_taskflow_api_virtualenv.py took 0.058 seconds
[2025-05-04T23:25:32.711+0000] {processor.py:161} INFO - Started process (PID=182) to work on /home/airflow/.local/lib/python3.8/site-packages/airflow/example_dags/tutorial_taskflow_api_virtualenv.py
[2025-05-04T23:25:32.712+0000] {processor.py:830} INFO - Processing file /home/airflow/.local/lib/python3.8/site-packages/airflow/example_dags/tutorial_taskflow_api_virtualenv.py for tasks to queue
[2025-05-04T23:25:32.713+0000] {logging_mixin.py:188} INFO - [2025-05-04T23:25:32.713+0000] {dagbag.py:538} INFO - Filling up the DagBag from /home/airflow/.local/lib/python3.8/site-packages/airflow/example_dags/tutorial_taskflow_api_virtualenv.py
[2025-05-04T23:25:32.716+0000] {processor.py:840} INFO - DAG(s) 'tutorial_taskflow_api_virtualenv' retrieved from /home/airflow/.local/lib/python3.8/site-packages/airflow/example_dags/tutorial_taskflow_api_virtualenv.py
[2025-05-04T23:25:32.736+0000] {logging_mixin.py:188} INFO - [2025-05-04T23:25:32.735+0000] {dag.py:3033} INFO - Sync 1 DAGs
[2025-05-04T23:25:32.741+0000] {logging_mixin.py:188} INFO - [2025-05-04T23:25:32.741+0000] {dag.py:3820} INFO - Setting next_dagrun for tutorial_taskflow_api_virtualenv to None, run_after=None
[2025-05-04T23:25:32.753+0000] {processor.py:183} INFO - Processing /home/airflow/.local/lib/python3.8/site-packages/airflow/example_dags/tutorial_taskflow_api_virtualenv.py took 0.043 seconds
[2025-05-04T23:26:03.540+0000] {processor.py:161} INFO - Started process (PID=238) to work on /home/airflow/.local/lib/python3.8/site-packages/airflow/example_dags/tutorial_taskflow_api_virtualenv.py
[2025-05-04T23:26:03.541+0000] {processor.py:830} INFO - Processing file /home/airflow/.local/lib/python3.8/site-packages/airflow/example_dags/tutorial_taskflow_api_virtualenv.py for tasks to queue
[2025-05-04T23:26:03.544+0000] {logging_mixin.py:188} INFO - [2025-05-04T23:26:03.544+0000] {dagbag.py:538} INFO - Filling up the DagBag from /home/airflow/.local/lib/python3.8/site-packages/airflow/example_dags/tutorial_taskflow_api_virtualenv.py
[2025-05-04T23:26:03.548+0000] {processor.py:840} INFO - DAG(s) 'tutorial_taskflow_api_virtualenv' retrieved from /home/airflow/.local/lib/python3.8/site-packages/airflow/example_dags/tutorial_taskflow_api_virtualenv.py
[2025-05-04T23:26:03.565+0000] {logging_mixin.py:188} INFO - [2025-05-04T23:26:03.564+0000] {dag.py:3033} INFO - Sync 1 DAGs
[2025-05-04T23:26:03.571+0000] {logging_mixin.py:188} INFO - [2025-05-04T23:26:03.571+0000] {dag.py:3820} INFO - Setting next_dagrun for tutorial_taskflow_api_virtualenv to None, run_after=None
[2025-05-04T23:26:03.580+0000] {processor.py:183} INFO - Processing /home/airflow/.local/lib/python3.8/site-packages/airflow/example_dags/tutorial_taskflow_api_virtualenv.py took 0.042 seconds
[2025-05-04T23:26:34.317+0000] {processor.py:161} INFO - Started process (PID=294) to work on /home/airflow/.local/lib/python3.8/site-packages/airflow/example_dags/tutorial_taskflow_api_virtualenv.py
[2025-05-04T23:26:34.319+0000] {processor.py:830} INFO - Processing file /home/airflow/.local/lib/python3.8/site-packages/airflow/example_dags/tutorial_taskflow_api_virtualenv.py for tasks to queue
[2025-05-04T23:26:34.320+0000] {logging_mixin.py:188} INFO - [2025-05-04T23:26:34.320+0000] {dagbag.py:538} INFO - Filling up the DagBag from /home/airflow/.local/lib/python3.8/site-packages/airflow/example_dags/tutorial_taskflow_api_virtualenv.py
[2025-05-04T23:26:34.323+0000] {processor.py:840} INFO - DAG(s) 'tutorial_taskflow_api_virtualenv' retrieved from /home/airflow/.local/lib/python3.8/site-packages/airflow/example_dags/tutorial_taskflow_api_virtualenv.py
[2025-05-04T23:26:34.334+0000] {logging_mixin.py:188} INFO - [2025-05-04T23:26:34.334+0000] {dag.py:3033} INFO - Sync 1 DAGs
[2025-05-04T23:26:34.341+0000] {logging_mixin.py:188} INFO - [2025-05-04T23:26:34.341+0000] {dag.py:3820} INFO - Setting next_dagrun for tutorial_taskflow_api_virtualenv to None, run_after=None
[2025-05-04T23:26:34.353+0000] {processor.py:183} INFO - Processing /home/airflow/.local/lib/python3.8/site-packages/airflow/example_dags/tutorial_taskflow_api_virtualenv.py took 0.037 seconds
[2025-05-04T23:27:05.037+0000] {processor.py:161} INFO - Started process (PID=356) to work on /home/airflow/.local/lib/python3.8/site-packages/airflow/example_dags/tutorial_taskflow_api_virtualenv.py
[2025-05-04T23:27:05.038+0000] {processor.py:830} INFO - Processing file /home/airflow/.local/lib/python3.8/site-packages/airflow/example_dags/tutorial_taskflow_api_virtualenv.py for tasks to queue
[2025-05-04T23:27:05.039+0000] {logging_mixin.py:188} INFO - [2025-05-04T23:27:05.039+0000] {dagbag.py:538} INFO - Filling up the DagBag from /home/airflow/.local/lib/python3.8/site-packages/airflow/example_dags/tutorial_taskflow_api_virtualenv.py
[2025-05-04T23:27:05.043+0000] {processor.py:840} INFO - DAG(s) 'tutorial_taskflow_api_virtualenv' retrieved from /home/airflow/.local/lib/python3.8/site-packages/airflow/example_dags/tutorial_taskflow_api_virtualenv.py
[2025-05-04T23:27:05.057+0000] {logging_mixin.py:188} INFO - [2025-05-04T23:27:05.057+0000] {dag.py:3033} INFO - Sync 1 DAGs
[2025-05-04T23:27:05.062+0000] {logging_mixin.py:188} INFO - [2025-05-04T23:27:05.062+0000] {dag.py:3820} INFO - Setting next_dagrun for tutorial_taskflow_api_virtualenv to None, run_after=None
[2025-05-04T23:27:05.072+0000] {processor.py:183} INFO - Processing /home/airflow/.local/lib/python3.8/site-packages/airflow/example_dags/tutorial_taskflow_api_virtualenv.py took 0.037 seconds
[2025-05-04T23:27:35.670+0000] {processor.py:161} INFO - Started process (PID=412) to work on /home/airflow/.local/lib/python3.8/site-packages/airflow/example_dags/tutorial_taskflow_api_virtualenv.py
[2025-05-04T23:27:35.672+0000] {processor.py:830} INFO - Processing file /home/airflow/.local/lib/python3.8/site-packages/airflow/example_dags/tutorial_taskflow_api_virtualenv.py for tasks to queue
[2025-05-04T23:27:35.673+0000] {logging_mixin.py:188} INFO - [2025-05-04T23:27:35.673+0000] {dagbag.py:538} INFO - Filling up the DagBag from /home/airflow/.local/lib/python3.8/site-packages/airflow/example_dags/tutorial_taskflow_api_virtualenv.py
[2025-05-04T23:27:35.677+0000] {processor.py:840} INFO - DAG(s) 'tutorial_taskflow_api_virtualenv' retrieved from /home/airflow/.local/lib/python3.8/site-packages/airflow/example_dags/tutorial_taskflow_api_virtualenv.py
[2025-05-04T23:27:35.688+0000] {logging_mixin.py:188} INFO - [2025-05-04T23:27:35.688+0000] {dag.py:3033} INFO - Sync 1 DAGs
[2025-05-04T23:27:35.696+0000] {logging_mixin.py:188} INFO - [2025-05-04T23:27:35.696+0000] {dag.py:3820} INFO - Setting next_dagrun for tutorial_taskflow_api_virtualenv to None, run_after=None
[2025-05-04T23:27:35.710+0000] {processor.py:183} INFO - Processing /home/airflow/.local/lib/python3.8/site-packages/airflow/example_dags/tutorial_taskflow_api_virtualenv.py took 0.043 seconds
[2025-05-04T23:28:24.549+0000] {processor.py:161} INFO - Started process (PID=71) to work on /home/airflow/.local/lib/python3.8/site-packages/airflow/example_dags/tutorial_taskflow_api_virtualenv.py
[2025-05-04T23:28:24.551+0000] {processor.py:830} INFO - Processing file /home/airflow/.local/lib/python3.8/site-packages/airflow/example_dags/tutorial_taskflow_api_virtualenv.py for tasks to queue
[2025-05-04T23:28:24.553+0000] {logging_mixin.py:188} INFO - [2025-05-04T23:28:24.553+0000] {dagbag.py:538} INFO - Filling up the DagBag from /home/airflow/.local/lib/python3.8/site-packages/airflow/example_dags/tutorial_taskflow_api_virtualenv.py
[2025-05-04T23:28:24.556+0000] {processor.py:840} INFO - DAG(s) 'tutorial_taskflow_api_virtualenv' retrieved from /home/airflow/.local/lib/python3.8/site-packages/airflow/example_dags/tutorial_taskflow_api_virtualenv.py
[2025-05-04T23:28:24.562+0000] {logging_mixin.py:188} INFO - [2025-05-04T23:28:24.562+0000] {dag.py:3033} INFO - Sync 1 DAGs
[2025-05-04T23:28:24.569+0000] {logging_mixin.py:188} INFO - [2025-05-04T23:28:24.569+0000] {dag.py:3820} INFO - Setting next_dagrun for tutorial_taskflow_api_virtualenv to None, run_after=None
[2025-05-04T23:28:24.587+0000] {processor.py:183} INFO - Processing /home/airflow/.local/lib/python3.8/site-packages/airflow/example_dags/tutorial_taskflow_api_virtualenv.py took 0.039 seconds
[2025-05-04T23:28:55.666+0000] {processor.py:161} INFO - Started process (PID=127) to work on /home/airflow/.local/lib/python3.8/site-packages/airflow/example_dags/tutorial_taskflow_api_virtualenv.py
[2025-05-04T23:28:55.667+0000] {processor.py:830} INFO - Processing file /home/airflow/.local/lib/python3.8/site-packages/airflow/example_dags/tutorial_taskflow_api_virtualenv.py for tasks to queue
[2025-05-04T23:28:55.667+0000] {logging_mixin.py:188} INFO - [2025-05-04T23:28:55.667+0000] {dagbag.py:538} INFO - Filling up the DagBag from /home/airflow/.local/lib/python3.8/site-packages/airflow/example_dags/tutorial_taskflow_api_virtualenv.py
[2025-05-04T23:28:55.671+0000] {processor.py:840} INFO - DAG(s) 'tutorial_taskflow_api_virtualenv' retrieved from /home/airflow/.local/lib/python3.8/site-packages/airflow/example_dags/tutorial_taskflow_api_virtualenv.py
[2025-05-04T23:28:55.714+0000] {logging_mixin.py:188} INFO - [2025-05-04T23:28:55.714+0000] {dag.py:3033} INFO - Sync 1 DAGs
[2025-05-04T23:28:55.719+0000] {logging_mixin.py:188} INFO - [2025-05-04T23:28:55.719+0000] {dag.py:3820} INFO - Setting next_dagrun for tutorial_taskflow_api_virtualenv to None, run_after=None
[2025-05-04T23:28:55.731+0000] {processor.py:183} INFO - Processing /home/airflow/.local/lib/python3.8/site-packages/airflow/example_dags/tutorial_taskflow_api_virtualenv.py took 0.067 seconds
[2025-05-04T23:29:25.755+0000] {processor.py:161} INFO - Started process (PID=183) to work on /home/airflow/.local/lib/python3.8/site-packages/airflow/example_dags/tutorial_taskflow_api_virtualenv.py
[2025-05-04T23:29:25.756+0000] {processor.py:830} INFO - Processing file /home/airflow/.local/lib/python3.8/site-packages/airflow/example_dags/tutorial_taskflow_api_virtualenv.py for tasks to queue
[2025-05-04T23:29:25.757+0000] {logging_mixin.py:188} INFO - [2025-05-04T23:29:25.757+0000] {dagbag.py:538} INFO - Filling up the DagBag from /home/airflow/.local/lib/python3.8/site-packages/airflow/example_dags/tutorial_taskflow_api_virtualenv.py
[2025-05-04T23:29:25.760+0000] {processor.py:840} INFO - DAG(s) 'tutorial_taskflow_api_virtualenv' retrieved from /home/airflow/.local/lib/python3.8/site-packages/airflow/example_dags/tutorial_taskflow_api_virtualenv.py
[2025-05-04T23:29:25.768+0000] {logging_mixin.py:188} INFO - [2025-05-04T23:29:25.768+0000] {dag.py:3033} INFO - Sync 1 DAGs
[2025-05-04T23:29:25.774+0000] {logging_mixin.py:188} INFO - [2025-05-04T23:29:25.774+0000] {dag.py:3820} INFO - Setting next_dagrun for tutorial_taskflow_api_virtualenv to None, run_after=None
[2025-05-04T23:29:25.785+0000] {processor.py:183} INFO - Processing /home/airflow/.local/lib/python3.8/site-packages/airflow/example_dags/tutorial_taskflow_api_virtualenv.py took 0.031 seconds
[2025-05-04T23:29:56.512+0000] {processor.py:161} INFO - Started process (PID=239) to work on /home/airflow/.local/lib/python3.8/site-packages/airflow/example_dags/tutorial_taskflow_api_virtualenv.py
[2025-05-04T23:29:56.515+0000] {processor.py:830} INFO - Processing file /home/airflow/.local/lib/python3.8/site-packages/airflow/example_dags/tutorial_taskflow_api_virtualenv.py for tasks to queue
[2025-05-04T23:29:56.517+0000] {logging_mixin.py:188} INFO - [2025-05-04T23:29:56.517+0000] {dagbag.py:538} INFO - Filling up the DagBag from /home/airflow/.local/lib/python3.8/site-packages/airflow/example_dags/tutorial_taskflow_api_virtualenv.py
[2025-05-04T23:29:56.520+0000] {processor.py:840} INFO - DAG(s) 'tutorial_taskflow_api_virtualenv' retrieved from /home/airflow/.local/lib/python3.8/site-packages/airflow/example_dags/tutorial_taskflow_api_virtualenv.py
[2025-05-04T23:29:56.531+0000] {logging_mixin.py:188} INFO - [2025-05-04T23:29:56.531+0000] {dag.py:3033} INFO - Sync 1 DAGs
[2025-05-04T23:29:56.537+0000] {logging_mixin.py:188} INFO - [2025-05-04T23:29:56.537+0000] {dag.py:3820} INFO - Setting next_dagrun for tutorial_taskflow_api_virtualenv to None, run_after=None
[2025-05-04T23:29:56.546+0000] {processor.py:183} INFO - Processing /home/airflow/.local/lib/python3.8/site-packages/airflow/example_dags/tutorial_taskflow_api_virtualenv.py took 0.036 seconds
[2025-05-04T23:30:27.266+0000] {processor.py:161} INFO - Started process (PID=295) to work on /home/airflow/.local/lib/python3.8/site-packages/airflow/example_dags/tutorial_taskflow_api_virtualenv.py
[2025-05-04T23:30:27.267+0000] {processor.py:830} INFO - Processing file /home/airflow/.local/lib/python3.8/site-packages/airflow/example_dags/tutorial_taskflow_api_virtualenv.py for tasks to queue
[2025-05-04T23:30:27.268+0000] {logging_mixin.py:188} INFO - [2025-05-04T23:30:27.268+0000] {dagbag.py:538} INFO - Filling up the DagBag from /home/airflow/.local/lib/python3.8/site-packages/airflow/example_dags/tutorial_taskflow_api_virtualenv.py
[2025-05-04T23:30:27.272+0000] {processor.py:840} INFO - DAG(s) 'tutorial_taskflow_api_virtualenv' retrieved from /home/airflow/.local/lib/python3.8/site-packages/airflow/example_dags/tutorial_taskflow_api_virtualenv.py
[2025-05-04T23:30:27.283+0000] {logging_mixin.py:188} INFO - [2025-05-04T23:30:27.283+0000] {dag.py:3033} INFO - Sync 1 DAGs
[2025-05-04T23:30:27.288+0000] {logging_mixin.py:188} INFO - [2025-05-04T23:30:27.288+0000] {dag.py:3820} INFO - Setting next_dagrun for tutorial_taskflow_api_virtualenv to None, run_after=None
[2025-05-04T23:30:27.294+0000] {processor.py:183} INFO - Processing /home/airflow/.local/lib/python3.8/site-packages/airflow/example_dags/tutorial_taskflow_api_virtualenv.py took 0.030 seconds
[2025-05-04T23:30:57.825+0000] {processor.py:161} INFO - Started process (PID=356) to work on /home/airflow/.local/lib/python3.8/site-packages/airflow/example_dags/tutorial_taskflow_api_virtualenv.py
[2025-05-04T23:30:57.827+0000] {processor.py:830} INFO - Processing file /home/airflow/.local/lib/python3.8/site-packages/airflow/example_dags/tutorial_taskflow_api_virtualenv.py for tasks to queue
[2025-05-04T23:30:57.827+0000] {logging_mixin.py:188} INFO - [2025-05-04T23:30:57.827+0000] {dagbag.py:538} INFO - Filling up the DagBag from /home/airflow/.local/lib/python3.8/site-packages/airflow/example_dags/tutorial_taskflow_api_virtualenv.py
[2025-05-04T23:30:57.830+0000] {processor.py:840} INFO - DAG(s) 'tutorial_taskflow_api_virtualenv' retrieved from /home/airflow/.local/lib/python3.8/site-packages/airflow/example_dags/tutorial_taskflow_api_virtualenv.py
[2025-05-04T23:30:57.840+0000] {logging_mixin.py:188} INFO - [2025-05-04T23:30:57.840+0000] {dag.py:3033} INFO - Sync 1 DAGs
[2025-05-04T23:30:57.845+0000] {logging_mixin.py:188} INFO - [2025-05-04T23:30:57.845+0000] {dag.py:3820} INFO - Setting next_dagrun for tutorial_taskflow_api_virtualenv to None, run_after=None
[2025-05-04T23:30:57.850+0000] {processor.py:183} INFO - Processing /home/airflow/.local/lib/python3.8/site-packages/airflow/example_dags/tutorial_taskflow_api_virtualenv.py took 0.027 seconds
[2025-05-04T23:31:28.516+0000] {processor.py:161} INFO - Started process (PID=412) to work on /home/airflow/.local/lib/python3.8/site-packages/airflow/example_dags/tutorial_taskflow_api_virtualenv.py
[2025-05-04T23:31:28.516+0000] {processor.py:830} INFO - Processing file /home/airflow/.local/lib/python3.8/site-packages/airflow/example_dags/tutorial_taskflow_api_virtualenv.py for tasks to queue
[2025-05-04T23:31:28.517+0000] {logging_mixin.py:188} INFO - [2025-05-04T23:31:28.517+0000] {dagbag.py:538} INFO - Filling up the DagBag from /home/airflow/.local/lib/python3.8/site-packages/airflow/example_dags/tutorial_taskflow_api_virtualenv.py
[2025-05-04T23:31:28.520+0000] {processor.py:840} INFO - DAG(s) 'tutorial_taskflow_api_virtualenv' retrieved from /home/airflow/.local/lib/python3.8/site-packages/airflow/example_dags/tutorial_taskflow_api_virtualenv.py
[2025-05-04T23:31:28.527+0000] {logging_mixin.py:188} INFO - [2025-05-04T23:31:28.527+0000] {dag.py:3033} INFO - Sync 1 DAGs
[2025-05-04T23:31:28.532+0000] {logging_mixin.py:188} INFO - [2025-05-04T23:31:28.532+0000] {dag.py:3820} INFO - Setting next_dagrun for tutorial_taskflow_api_virtualenv to None, run_after=None
[2025-05-04T23:31:28.539+0000] {processor.py:183} INFO - Processing /home/airflow/.local/lib/python3.8/site-packages/airflow/example_dags/tutorial_taskflow_api_virtualenv.py took 0.025 seconds
[2025-05-04T23:31:59.210+0000] {processor.py:161} INFO - Started process (PID=468) to work on /home/airflow/.local/lib/python3.8/site-packages/airflow/example_dags/tutorial_taskflow_api_virtualenv.py
[2025-05-04T23:31:59.211+0000] {processor.py:830} INFO - Processing file /home/airflow/.local/lib/python3.8/site-packages/airflow/example_dags/tutorial_taskflow_api_virtualenv.py for tasks to queue
[2025-05-04T23:31:59.213+0000] {logging_mixin.py:188} INFO - [2025-05-04T23:31:59.213+0000] {dagbag.py:538} INFO - Filling up the DagBag from /home/airflow/.local/lib/python3.8/site-packages/airflow/example_dags/tutorial_taskflow_api_virtualenv.py
[2025-05-04T23:31:59.216+0000] {processor.py:840} INFO - DAG(s) 'tutorial_taskflow_api_virtualenv' retrieved from /home/airflow/.local/lib/python3.8/site-packages/airflow/example_dags/tutorial_taskflow_api_virtualenv.py
[2025-05-04T23:31:59.225+0000] {logging_mixin.py:188} INFO - [2025-05-04T23:31:59.225+0000] {dag.py:3033} INFO - Sync 1 DAGs
[2025-05-04T23:31:59.231+0000] {logging_mixin.py:188} INFO - [2025-05-04T23:31:59.231+0000] {dag.py:3820} INFO - Setting next_dagrun for tutorial_taskflow_api_virtualenv to None, run_after=None
[2025-05-04T23:31:59.238+0000] {processor.py:183} INFO - Processing /home/airflow/.local/lib/python3.8/site-packages/airflow/example_dags/tutorial_taskflow_api_virtualenv.py took 0.030 seconds
[2025-05-04T23:32:29.867+0000] {processor.py:161} INFO - Started process (PID=524) to work on /home/airflow/.local/lib/python3.8/site-packages/airflow/example_dags/tutorial_taskflow_api_virtualenv.py
[2025-05-04T23:32:29.869+0000] {processor.py:830} INFO - Processing file /home/airflow/.local/lib/python3.8/site-packages/airflow/example_dags/tutorial_taskflow_api_virtualenv.py for tasks to queue
[2025-05-04T23:32:29.871+0000] {logging_mixin.py:188} INFO - [2025-05-04T23:32:29.871+0000] {dagbag.py:538} INFO - Filling up the DagBag from /home/airflow/.local/lib/python3.8/site-packages/airflow/example_dags/tutorial_taskflow_api_virtualenv.py
[2025-05-04T23:32:29.874+0000] {processor.py:840} INFO - DAG(s) 'tutorial_taskflow_api_virtualenv' retrieved from /home/airflow/.local/lib/python3.8/site-packages/airflow/example_dags/tutorial_taskflow_api_virtualenv.py
[2025-05-04T23:32:29.883+0000] {logging_mixin.py:188} INFO - [2025-05-04T23:32:29.883+0000] {dag.py:3033} INFO - Sync 1 DAGs
[2025-05-04T23:32:29.889+0000] {logging_mixin.py:188} INFO - [2025-05-04T23:32:29.889+0000] {dag.py:3820} INFO - Setting next_dagrun for tutorial_taskflow_api_virtualenv to None, run_after=None
[2025-05-04T23:32:29.928+0000] {processor.py:183} INFO - Processing /home/airflow/.local/lib/python3.8/site-packages/airflow/example_dags/tutorial_taskflow_api_virtualenv.py took 0.063 seconds
[2025-05-04T23:47:22.946+0000] {processor.py:161} INFO - Started process (PID=71) to work on /home/airflow/.local/lib/python3.8/site-packages/airflow/example_dags/tutorial_taskflow_api_virtualenv.py
[2025-05-04T23:47:22.948+0000] {processor.py:830} INFO - Processing file /home/airflow/.local/lib/python3.8/site-packages/airflow/example_dags/tutorial_taskflow_api_virtualenv.py for tasks to queue
[2025-05-04T23:47:22.954+0000] {logging_mixin.py:188} INFO - [2025-05-04T23:47:22.953+0000] {dagbag.py:538} INFO - Filling up the DagBag from /home/airflow/.local/lib/python3.8/site-packages/airflow/example_dags/tutorial_taskflow_api_virtualenv.py
[2025-05-04T23:47:22.958+0000] {processor.py:840} INFO - DAG(s) 'tutorial_taskflow_api_virtualenv' retrieved from /home/airflow/.local/lib/python3.8/site-packages/airflow/example_dags/tutorial_taskflow_api_virtualenv.py
[2025-05-04T23:47:22.975+0000] {logging_mixin.py:188} INFO - [2025-05-04T23:47:22.975+0000] {dag.py:3033} INFO - Sync 1 DAGs
[2025-05-04T23:47:22.985+0000] {logging_mixin.py:188} INFO - [2025-05-04T23:47:22.985+0000] {dag.py:3820} INFO - Setting next_dagrun for tutorial_taskflow_api_virtualenv to None, run_after=None
[2025-05-04T23:47:23.019+0000] {processor.py:183} INFO - Processing /home/airflow/.local/lib/python3.8/site-packages/airflow/example_dags/tutorial_taskflow_api_virtualenv.py took 0.078 seconds
[2025-05-04T23:47:53.078+0000] {processor.py:161} INFO - Started process (PID=127) to work on /home/airflow/.local/lib/python3.8/site-packages/airflow/example_dags/tutorial_taskflow_api_virtualenv.py
[2025-05-04T23:47:53.078+0000] {processor.py:830} INFO - Processing file /home/airflow/.local/lib/python3.8/site-packages/airflow/example_dags/tutorial_taskflow_api_virtualenv.py for tasks to queue
[2025-05-04T23:47:53.079+0000] {logging_mixin.py:188} INFO - [2025-05-04T23:47:53.079+0000] {dagbag.py:538} INFO - Filling up the DagBag from /home/airflow/.local/lib/python3.8/site-packages/airflow/example_dags/tutorial_taskflow_api_virtualenv.py
[2025-05-04T23:47:53.083+0000] {processor.py:840} INFO - DAG(s) 'tutorial_taskflow_api_virtualenv' retrieved from /home/airflow/.local/lib/python3.8/site-packages/airflow/example_dags/tutorial_taskflow_api_virtualenv.py
[2025-05-04T23:47:53.124+0000] {logging_mixin.py:188} INFO - [2025-05-04T23:47:53.124+0000] {dag.py:3033} INFO - Sync 1 DAGs
[2025-05-04T23:47:53.129+0000] {logging_mixin.py:188} INFO - [2025-05-04T23:47:53.129+0000] {dag.py:3820} INFO - Setting next_dagrun for tutorial_taskflow_api_virtualenv to None, run_after=None
[2025-05-04T23:47:53.137+0000] {processor.py:183} INFO - Processing /home/airflow/.local/lib/python3.8/site-packages/airflow/example_dags/tutorial_taskflow_api_virtualenv.py took 0.061 seconds
[2025-05-04T23:48:24.062+0000] {processor.py:161} INFO - Started process (PID=183) to work on /home/airflow/.local/lib/python3.8/site-packages/airflow/example_dags/tutorial_taskflow_api_virtualenv.py
[2025-05-04T23:48:24.064+0000] {processor.py:830} INFO - Processing file /home/airflow/.local/lib/python3.8/site-packages/airflow/example_dags/tutorial_taskflow_api_virtualenv.py for tasks to queue
[2025-05-04T23:48:24.066+0000] {logging_mixin.py:188} INFO - [2025-05-04T23:48:24.066+0000] {dagbag.py:538} INFO - Filling up the DagBag from /home/airflow/.local/lib/python3.8/site-packages/airflow/example_dags/tutorial_taskflow_api_virtualenv.py
[2025-05-04T23:48:24.072+0000] {processor.py:840} INFO - DAG(s) 'tutorial_taskflow_api_virtualenv' retrieved from /home/airflow/.local/lib/python3.8/site-packages/airflow/example_dags/tutorial_taskflow_api_virtualenv.py
[2025-05-04T23:48:24.087+0000] {logging_mixin.py:188} INFO - [2025-05-04T23:48:24.087+0000] {dag.py:3033} INFO - Sync 1 DAGs
[2025-05-04T23:48:24.094+0000] {logging_mixin.py:188} INFO - [2025-05-04T23:48:24.094+0000] {dag.py:3820} INFO - Setting next_dagrun for tutorial_taskflow_api_virtualenv to None, run_after=None
[2025-05-04T23:48:24.105+0000] {processor.py:183} INFO - Processing /home/airflow/.local/lib/python3.8/site-packages/airflow/example_dags/tutorial_taskflow_api_virtualenv.py took 0.045 seconds
[2025-05-04T23:48:54.709+0000] {processor.py:161} INFO - Started process (PID=239) to work on /home/airflow/.local/lib/python3.8/site-packages/airflow/example_dags/tutorial_taskflow_api_virtualenv.py
[2025-05-04T23:48:54.711+0000] {processor.py:830} INFO - Processing file /home/airflow/.local/lib/python3.8/site-packages/airflow/example_dags/tutorial_taskflow_api_virtualenv.py for tasks to queue
[2025-05-04T23:48:54.712+0000] {logging_mixin.py:188} INFO - [2025-05-04T23:48:54.712+0000] {dagbag.py:538} INFO - Filling up the DagBag from /home/airflow/.local/lib/python3.8/site-packages/airflow/example_dags/tutorial_taskflow_api_virtualenv.py
[2025-05-04T23:48:54.719+0000] {processor.py:840} INFO - DAG(s) 'tutorial_taskflow_api_virtualenv' retrieved from /home/airflow/.local/lib/python3.8/site-packages/airflow/example_dags/tutorial_taskflow_api_virtualenv.py
[2025-05-04T23:48:54.730+0000] {logging_mixin.py:188} INFO - [2025-05-04T23:48:54.730+0000] {dag.py:3033} INFO - Sync 1 DAGs
[2025-05-04T23:48:54.737+0000] {logging_mixin.py:188} INFO - [2025-05-04T23:48:54.736+0000] {dag.py:3820} INFO - Setting next_dagrun for tutorial_taskflow_api_virtualenv to None, run_after=None
[2025-05-04T23:48:54.746+0000] {processor.py:183} INFO - Processing /home/airflow/.local/lib/python3.8/site-packages/airflow/example_dags/tutorial_taskflow_api_virtualenv.py took 0.040 seconds
[2025-05-04T23:49:25.379+0000] {processor.py:161} INFO - Started process (PID=295) to work on /home/airflow/.local/lib/python3.8/site-packages/airflow/example_dags/tutorial_taskflow_api_virtualenv.py
[2025-05-04T23:49:25.382+0000] {processor.py:830} INFO - Processing file /home/airflow/.local/lib/python3.8/site-packages/airflow/example_dags/tutorial_taskflow_api_virtualenv.py for tasks to queue
[2025-05-04T23:49:25.384+0000] {logging_mixin.py:188} INFO - [2025-05-04T23:49:25.384+0000] {dagbag.py:538} INFO - Filling up the DagBag from /home/airflow/.local/lib/python3.8/site-packages/airflow/example_dags/tutorial_taskflow_api_virtualenv.py
[2025-05-04T23:49:25.392+0000] {processor.py:840} INFO - DAG(s) 'tutorial_taskflow_api_virtualenv' retrieved from /home/airflow/.local/lib/python3.8/site-packages/airflow/example_dags/tutorial_taskflow_api_virtualenv.py
[2025-05-04T23:49:25.408+0000] {logging_mixin.py:188} INFO - [2025-05-04T23:49:25.408+0000] {dag.py:3033} INFO - Sync 1 DAGs
[2025-05-04T23:49:25.416+0000] {logging_mixin.py:188} INFO - [2025-05-04T23:49:25.416+0000] {dag.py:3820} INFO - Setting next_dagrun for tutorial_taskflow_api_virtualenv to None, run_after=None
[2025-05-04T23:49:25.433+0000] {processor.py:183} INFO - Processing /home/airflow/.local/lib/python3.8/site-packages/airflow/example_dags/tutorial_taskflow_api_virtualenv.py took 0.057 seconds
[2025-05-04T23:49:56.200+0000] {processor.py:161} INFO - Started process (PID=351) to work on /home/airflow/.local/lib/python3.8/site-packages/airflow/example_dags/tutorial_taskflow_api_virtualenv.py
[2025-05-04T23:49:56.201+0000] {processor.py:830} INFO - Processing file /home/airflow/.local/lib/python3.8/site-packages/airflow/example_dags/tutorial_taskflow_api_virtualenv.py for tasks to queue
[2025-05-04T23:49:56.203+0000] {logging_mixin.py:188} INFO - [2025-05-04T23:49:56.203+0000] {dagbag.py:538} INFO - Filling up the DagBag from /home/airflow/.local/lib/python3.8/site-packages/airflow/example_dags/tutorial_taskflow_api_virtualenv.py
[2025-05-04T23:49:56.208+0000] {processor.py:840} INFO - DAG(s) 'tutorial_taskflow_api_virtualenv' retrieved from /home/airflow/.local/lib/python3.8/site-packages/airflow/example_dags/tutorial_taskflow_api_virtualenv.py
[2025-05-04T23:49:56.224+0000] {logging_mixin.py:188} INFO - [2025-05-04T23:49:56.224+0000] {dag.py:3033} INFO - Sync 1 DAGs
[2025-05-04T23:49:56.230+0000] {logging_mixin.py:188} INFO - [2025-05-04T23:49:56.230+0000] {dag.py:3820} INFO - Setting next_dagrun for tutorial_taskflow_api_virtualenv to None, run_after=None
[2025-05-04T23:49:56.243+0000] {processor.py:183} INFO - Processing /home/airflow/.local/lib/python3.8/site-packages/airflow/example_dags/tutorial_taskflow_api_virtualenv.py took 0.046 seconds
