[2025-05-04T22:22:09.822+0000] {processor.py:161} INFO - Started process (PID=45) to work on /home/airflow/.local/lib/python3.8/site-packages/airflow/example_dags/tutorial_objectstorage.py
[2025-05-04T22:22:09.824+0000] {processor.py:830} INFO - Processing file /home/airflow/.local/lib/python3.8/site-packages/airflow/example_dags/tutorial_objectstorage.py for tasks to queue
[2025-05-04T22:22:09.825+0000] {logging_mixin.py:188} INFO - [2025-05-04T22:22:09.825+0000] {dagbag.py:538} INFO - Filling up the DagBag from /home/airflow/.local/lib/python3.8/site-packages/airflow/example_dags/tutorial_objectstorage.py
[2025-05-04T22:22:09.830+0000] {processor.py:840} INFO - DAG(s) 'tutorial_objectstorage' retrieved from /home/airflow/.local/lib/python3.8/site-packages/airflow/example_dags/tutorial_objectstorage.py
[2025-05-04T22:22:09.843+0000] {logging_mixin.py:188} INFO - [2025-05-04T22:22:09.843+0000] {dag.py:3033} INFO - Sync 1 DAGs
[2025-05-04T22:22:09.855+0000] {logging_mixin.py:188} INFO - [2025-05-04T22:22:09.855+0000] {dag.py:3820} INFO - Setting next_dagrun for tutorial_objectstorage to None, run_after=None
[2025-05-04T22:22:09.880+0000] {processor.py:183} INFO - Processing /home/airflow/.local/lib/python3.8/site-packages/airflow/example_dags/tutorial_objectstorage.py took 0.062 seconds
[2025-05-04T22:22:40.475+0000] {processor.py:161} INFO - Started process (PID=100) to work on /home/airflow/.local/lib/python3.8/site-packages/airflow/example_dags/tutorial_objectstorage.py
[2025-05-04T22:22:40.475+0000] {processor.py:830} INFO - Processing file /home/airflow/.local/lib/python3.8/site-packages/airflow/example_dags/tutorial_objectstorage.py for tasks to queue
[2025-05-04T22:22:40.476+0000] {logging_mixin.py:188} INFO - [2025-05-04T22:22:40.476+0000] {dagbag.py:538} INFO - Filling up the DagBag from /home/airflow/.local/lib/python3.8/site-packages/airflow/example_dags/tutorial_objectstorage.py
[2025-05-04T22:22:40.481+0000] {processor.py:840} INFO - DAG(s) 'tutorial_objectstorage' retrieved from /home/airflow/.local/lib/python3.8/site-packages/airflow/example_dags/tutorial_objectstorage.py
[2025-05-04T22:22:40.524+0000] {logging_mixin.py:188} INFO - [2025-05-04T22:22:40.524+0000] {dag.py:3033} INFO - Sync 1 DAGs
[2025-05-04T22:22:40.530+0000] {logging_mixin.py:188} INFO - [2025-05-04T22:22:40.530+0000] {dag.py:3820} INFO - Setting next_dagrun for tutorial_objectstorage to None, run_after=None
[2025-05-04T22:22:40.537+0000] {processor.py:183} INFO - Processing /home/airflow/.local/lib/python3.8/site-packages/airflow/example_dags/tutorial_objectstorage.py took 0.064 seconds
[2025-05-04T22:23:10.623+0000] {processor.py:161} INFO - Started process (PID=155) to work on /home/airflow/.local/lib/python3.8/site-packages/airflow/example_dags/tutorial_objectstorage.py
[2025-05-04T22:23:10.631+0000] {processor.py:830} INFO - Processing file /home/airflow/.local/lib/python3.8/site-packages/airflow/example_dags/tutorial_objectstorage.py for tasks to queue
[2025-05-04T22:23:10.636+0000] {logging_mixin.py:188} INFO - [2025-05-04T22:23:10.635+0000] {dagbag.py:538} INFO - Filling up the DagBag from /home/airflow/.local/lib/python3.8/site-packages/airflow/example_dags/tutorial_objectstorage.py
[2025-05-04T22:23:10.648+0000] {processor.py:840} INFO - DAG(s) 'tutorial_objectstorage' retrieved from /home/airflow/.local/lib/python3.8/site-packages/airflow/example_dags/tutorial_objectstorage.py
[2025-05-04T22:23:10.676+0000] {logging_mixin.py:188} INFO - [2025-05-04T22:23:10.675+0000] {dag.py:3033} INFO - Sync 1 DAGs
[2025-05-04T22:23:10.687+0000] {logging_mixin.py:188} INFO - [2025-05-04T22:23:10.687+0000] {dag.py:3820} INFO - Setting next_dagrun for tutorial_objectstorage to None, run_after=None
[2025-05-04T22:23:10.695+0000] {processor.py:183} INFO - Processing /home/airflow/.local/lib/python3.8/site-packages/airflow/example_dags/tutorial_objectstorage.py took 0.080 seconds
[2025-05-04T22:23:41.272+0000] {processor.py:161} INFO - Started process (PID=210) to work on /home/airflow/.local/lib/python3.8/site-packages/airflow/example_dags/tutorial_objectstorage.py
[2025-05-04T22:23:41.272+0000] {processor.py:830} INFO - Processing file /home/airflow/.local/lib/python3.8/site-packages/airflow/example_dags/tutorial_objectstorage.py for tasks to queue
[2025-05-04T22:23:41.274+0000] {logging_mixin.py:188} INFO - [2025-05-04T22:23:41.273+0000] {dagbag.py:538} INFO - Filling up the DagBag from /home/airflow/.local/lib/python3.8/site-packages/airflow/example_dags/tutorial_objectstorage.py
[2025-05-04T22:23:41.278+0000] {processor.py:840} INFO - DAG(s) 'tutorial_objectstorage' retrieved from /home/airflow/.local/lib/python3.8/site-packages/airflow/example_dags/tutorial_objectstorage.py
[2025-05-04T22:23:41.287+0000] {logging_mixin.py:188} INFO - [2025-05-04T22:23:41.287+0000] {dag.py:3033} INFO - Sync 1 DAGs
[2025-05-04T22:23:41.293+0000] {logging_mixin.py:188} INFO - [2025-05-04T22:23:41.293+0000] {dag.py:3820} INFO - Setting next_dagrun for tutorial_objectstorage to None, run_after=None
[2025-05-04T22:23:41.301+0000] {processor.py:183} INFO - Processing /home/airflow/.local/lib/python3.8/site-packages/airflow/example_dags/tutorial_objectstorage.py took 0.032 seconds
[2025-05-04T22:24:11.876+0000] {processor.py:161} INFO - Started process (PID=265) to work on /home/airflow/.local/lib/python3.8/site-packages/airflow/example_dags/tutorial_objectstorage.py
[2025-05-04T22:24:11.877+0000] {processor.py:830} INFO - Processing file /home/airflow/.local/lib/python3.8/site-packages/airflow/example_dags/tutorial_objectstorage.py for tasks to queue
[2025-05-04T22:24:11.878+0000] {logging_mixin.py:188} INFO - [2025-05-04T22:24:11.878+0000] {dagbag.py:538} INFO - Filling up the DagBag from /home/airflow/.local/lib/python3.8/site-packages/airflow/example_dags/tutorial_objectstorage.py
[2025-05-04T22:24:11.882+0000] {processor.py:840} INFO - DAG(s) 'tutorial_objectstorage' retrieved from /home/airflow/.local/lib/python3.8/site-packages/airflow/example_dags/tutorial_objectstorage.py
[2025-05-04T22:24:11.893+0000] {logging_mixin.py:188} INFO - [2025-05-04T22:24:11.893+0000] {dag.py:3033} INFO - Sync 1 DAGs
[2025-05-04T22:24:11.898+0000] {logging_mixin.py:188} INFO - [2025-05-04T22:24:11.898+0000] {dag.py:3820} INFO - Setting next_dagrun for tutorial_objectstorage to None, run_after=None
[2025-05-04T22:24:11.907+0000] {processor.py:183} INFO - Processing /home/airflow/.local/lib/python3.8/site-packages/airflow/example_dags/tutorial_objectstorage.py took 0.033 seconds
[2025-05-04T22:24:42.421+0000] {processor.py:161} INFO - Started process (PID=320) to work on /home/airflow/.local/lib/python3.8/site-packages/airflow/example_dags/tutorial_objectstorage.py
[2025-05-04T22:24:42.422+0000] {processor.py:830} INFO - Processing file /home/airflow/.local/lib/python3.8/site-packages/airflow/example_dags/tutorial_objectstorage.py for tasks to queue
[2025-05-04T22:24:42.422+0000] {logging_mixin.py:188} INFO - [2025-05-04T22:24:42.422+0000] {dagbag.py:538} INFO - Filling up the DagBag from /home/airflow/.local/lib/python3.8/site-packages/airflow/example_dags/tutorial_objectstorage.py
[2025-05-04T22:24:42.426+0000] {processor.py:840} INFO - DAG(s) 'tutorial_objectstorage' retrieved from /home/airflow/.local/lib/python3.8/site-packages/airflow/example_dags/tutorial_objectstorage.py
[2025-05-04T22:24:42.435+0000] {logging_mixin.py:188} INFO - [2025-05-04T22:24:42.435+0000] {dag.py:3033} INFO - Sync 1 DAGs
[2025-05-04T22:24:42.440+0000] {logging_mixin.py:188} INFO - [2025-05-04T22:24:42.439+0000] {dag.py:3820} INFO - Setting next_dagrun for tutorial_objectstorage to None, run_after=None
[2025-05-04T22:24:42.446+0000] {processor.py:183} INFO - Processing /home/airflow/.local/lib/python3.8/site-packages/airflow/example_dags/tutorial_objectstorage.py took 0.027 seconds
[2025-05-04T22:25:28.221+0000] {processor.py:161} INFO - Started process (PID=40) to work on /home/airflow/.local/lib/python3.8/site-packages/airflow/example_dags/tutorial_objectstorage.py
[2025-05-04T22:25:28.222+0000] {processor.py:830} INFO - Processing file /home/airflow/.local/lib/python3.8/site-packages/airflow/example_dags/tutorial_objectstorage.py for tasks to queue
[2025-05-04T22:25:28.223+0000] {logging_mixin.py:188} INFO - [2025-05-04T22:25:28.223+0000] {dagbag.py:538} INFO - Filling up the DagBag from /home/airflow/.local/lib/python3.8/site-packages/airflow/example_dags/tutorial_objectstorage.py
[2025-05-04T22:25:28.227+0000] {processor.py:840} INFO - DAG(s) 'tutorial_objectstorage' retrieved from /home/airflow/.local/lib/python3.8/site-packages/airflow/example_dags/tutorial_objectstorage.py
[2025-05-04T22:25:28.233+0000] {logging_mixin.py:188} INFO - [2025-05-04T22:25:28.233+0000] {dag.py:3033} INFO - Sync 1 DAGs
[2025-05-04T22:25:28.239+0000] {logging_mixin.py:188} INFO - [2025-05-04T22:25:28.239+0000] {dag.py:3820} INFO - Setting next_dagrun for tutorial_objectstorage to None, run_after=None
[2025-05-04T22:25:28.259+0000] {processor.py:183} INFO - Processing /home/airflow/.local/lib/python3.8/site-packages/airflow/example_dags/tutorial_objectstorage.py took 0.040 seconds
[2025-05-04T22:25:58.849+0000] {processor.py:161} INFO - Started process (PID=102) to work on /home/airflow/.local/lib/python3.8/site-packages/airflow/example_dags/tutorial_objectstorage.py
[2025-05-04T22:25:58.849+0000] {processor.py:830} INFO - Processing file /home/airflow/.local/lib/python3.8/site-packages/airflow/example_dags/tutorial_objectstorage.py for tasks to queue
[2025-05-04T22:25:58.850+0000] {logging_mixin.py:188} INFO - [2025-05-04T22:25:58.850+0000] {dagbag.py:538} INFO - Filling up the DagBag from /home/airflow/.local/lib/python3.8/site-packages/airflow/example_dags/tutorial_objectstorage.py
[2025-05-04T22:25:58.853+0000] {processor.py:840} INFO - DAG(s) 'tutorial_objectstorage' retrieved from /home/airflow/.local/lib/python3.8/site-packages/airflow/example_dags/tutorial_objectstorage.py
[2025-05-04T22:25:58.891+0000] {logging_mixin.py:188} INFO - [2025-05-04T22:25:58.891+0000] {dag.py:3033} INFO - Sync 1 DAGs
[2025-05-04T22:25:58.895+0000] {logging_mixin.py:188} INFO - [2025-05-04T22:25:58.895+0000] {dag.py:3820} INFO - Setting next_dagrun for tutorial_objectstorage to None, run_after=None
[2025-05-04T22:25:58.902+0000] {processor.py:183} INFO - Processing /home/airflow/.local/lib/python3.8/site-packages/airflow/example_dags/tutorial_objectstorage.py took 0.055 seconds
[2025-05-04T22:26:29.151+0000] {processor.py:161} INFO - Started process (PID=158) to work on /home/airflow/.local/lib/python3.8/site-packages/airflow/example_dags/tutorial_objectstorage.py
[2025-05-04T22:26:29.152+0000] {processor.py:830} INFO - Processing file /home/airflow/.local/lib/python3.8/site-packages/airflow/example_dags/tutorial_objectstorage.py for tasks to queue
[2025-05-04T22:26:29.153+0000] {logging_mixin.py:188} INFO - [2025-05-04T22:26:29.152+0000] {dagbag.py:538} INFO - Filling up the DagBag from /home/airflow/.local/lib/python3.8/site-packages/airflow/example_dags/tutorial_objectstorage.py
[2025-05-04T22:26:29.157+0000] {processor.py:840} INFO - DAG(s) 'tutorial_objectstorage' retrieved from /home/airflow/.local/lib/python3.8/site-packages/airflow/example_dags/tutorial_objectstorage.py
[2025-05-04T22:26:29.171+0000] {logging_mixin.py:188} INFO - [2025-05-04T22:26:29.170+0000] {dag.py:3033} INFO - Sync 1 DAGs
[2025-05-04T22:26:29.176+0000] {logging_mixin.py:188} INFO - [2025-05-04T22:26:29.176+0000] {dag.py:3820} INFO - Setting next_dagrun for tutorial_objectstorage to None, run_after=None
[2025-05-04T22:26:29.184+0000] {processor.py:183} INFO - Processing /home/airflow/.local/lib/python3.8/site-packages/airflow/example_dags/tutorial_objectstorage.py took 0.035 seconds
[2025-05-04T22:26:59.869+0000] {processor.py:161} INFO - Started process (PID=218) to work on /home/airflow/.local/lib/python3.8/site-packages/airflow/example_dags/tutorial_objectstorage.py
[2025-05-04T22:26:59.870+0000] {processor.py:830} INFO - Processing file /home/airflow/.local/lib/python3.8/site-packages/airflow/example_dags/tutorial_objectstorage.py for tasks to queue
[2025-05-04T22:26:59.872+0000] {logging_mixin.py:188} INFO - [2025-05-04T22:26:59.871+0000] {dagbag.py:538} INFO - Filling up the DagBag from /home/airflow/.local/lib/python3.8/site-packages/airflow/example_dags/tutorial_objectstorage.py
[2025-05-04T22:26:59.876+0000] {processor.py:840} INFO - DAG(s) 'tutorial_objectstorage' retrieved from /home/airflow/.local/lib/python3.8/site-packages/airflow/example_dags/tutorial_objectstorage.py
[2025-05-04T22:26:59.888+0000] {logging_mixin.py:188} INFO - [2025-05-04T22:26:59.888+0000] {dag.py:3033} INFO - Sync 1 DAGs
[2025-05-04T22:26:59.893+0000] {logging_mixin.py:188} INFO - [2025-05-04T22:26:59.893+0000] {dag.py:3820} INFO - Setting next_dagrun for tutorial_objectstorage to None, run_after=None
[2025-05-04T22:26:59.903+0000] {processor.py:183} INFO - Processing /home/airflow/.local/lib/python3.8/site-packages/airflow/example_dags/tutorial_objectstorage.py took 0.036 seconds
[2025-05-04T22:27:30.554+0000] {processor.py:161} INFO - Started process (PID=274) to work on /home/airflow/.local/lib/python3.8/site-packages/airflow/example_dags/tutorial_objectstorage.py
[2025-05-04T22:27:30.556+0000] {processor.py:830} INFO - Processing file /home/airflow/.local/lib/python3.8/site-packages/airflow/example_dags/tutorial_objectstorage.py for tasks to queue
[2025-05-04T22:27:30.557+0000] {logging_mixin.py:188} INFO - [2025-05-04T22:27:30.557+0000] {dagbag.py:538} INFO - Filling up the DagBag from /home/airflow/.local/lib/python3.8/site-packages/airflow/example_dags/tutorial_objectstorage.py
[2025-05-04T22:27:30.561+0000] {processor.py:840} INFO - DAG(s) 'tutorial_objectstorage' retrieved from /home/airflow/.local/lib/python3.8/site-packages/airflow/example_dags/tutorial_objectstorage.py
[2025-05-04T22:27:30.574+0000] {logging_mixin.py:188} INFO - [2025-05-04T22:27:30.574+0000] {dag.py:3033} INFO - Sync 1 DAGs
[2025-05-04T22:27:30.581+0000] {logging_mixin.py:188} INFO - [2025-05-04T22:27:30.581+0000] {dag.py:3820} INFO - Setting next_dagrun for tutorial_objectstorage to None, run_after=None
[2025-05-04T22:27:30.589+0000] {processor.py:183} INFO - Processing /home/airflow/.local/lib/python3.8/site-packages/airflow/example_dags/tutorial_objectstorage.py took 0.036 seconds
[2025-05-04T22:28:01.191+0000] {processor.py:161} INFO - Started process (PID=330) to work on /home/airflow/.local/lib/python3.8/site-packages/airflow/example_dags/tutorial_objectstorage.py
[2025-05-04T22:28:01.192+0000] {processor.py:830} INFO - Processing file /home/airflow/.local/lib/python3.8/site-packages/airflow/example_dags/tutorial_objectstorage.py for tasks to queue
[2025-05-04T22:28:01.193+0000] {logging_mixin.py:188} INFO - [2025-05-04T22:28:01.193+0000] {dagbag.py:538} INFO - Filling up the DagBag from /home/airflow/.local/lib/python3.8/site-packages/airflow/example_dags/tutorial_objectstorage.py
[2025-05-04T22:28:01.197+0000] {processor.py:840} INFO - DAG(s) 'tutorial_objectstorage' retrieved from /home/airflow/.local/lib/python3.8/site-packages/airflow/example_dags/tutorial_objectstorage.py
[2025-05-04T22:28:01.205+0000] {logging_mixin.py:188} INFO - [2025-05-04T22:28:01.205+0000] {dag.py:3033} INFO - Sync 1 DAGs
[2025-05-04T22:28:01.211+0000] {logging_mixin.py:188} INFO - [2025-05-04T22:28:01.211+0000] {dag.py:3820} INFO - Setting next_dagrun for tutorial_objectstorage to None, run_after=None
[2025-05-04T22:28:01.221+0000] {processor.py:183} INFO - Processing /home/airflow/.local/lib/python3.8/site-packages/airflow/example_dags/tutorial_objectstorage.py took 0.033 seconds
[2025-05-04T22:28:31.768+0000] {processor.py:161} INFO - Started process (PID=386) to work on /home/airflow/.local/lib/python3.8/site-packages/airflow/example_dags/tutorial_objectstorage.py
[2025-05-04T22:28:31.768+0000] {processor.py:830} INFO - Processing file /home/airflow/.local/lib/python3.8/site-packages/airflow/example_dags/tutorial_objectstorage.py for tasks to queue
[2025-05-04T22:28:31.769+0000] {logging_mixin.py:188} INFO - [2025-05-04T22:28:31.769+0000] {dagbag.py:538} INFO - Filling up the DagBag from /home/airflow/.local/lib/python3.8/site-packages/airflow/example_dags/tutorial_objectstorage.py
[2025-05-04T22:28:31.773+0000] {processor.py:840} INFO - DAG(s) 'tutorial_objectstorage' retrieved from /home/airflow/.local/lib/python3.8/site-packages/airflow/example_dags/tutorial_objectstorage.py
[2025-05-04T22:28:31.786+0000] {logging_mixin.py:188} INFO - [2025-05-04T22:28:31.786+0000] {dag.py:3033} INFO - Sync 1 DAGs
[2025-05-04T22:28:31.792+0000] {logging_mixin.py:188} INFO - [2025-05-04T22:28:31.792+0000] {dag.py:3820} INFO - Setting next_dagrun for tutorial_objectstorage to None, run_after=None
[2025-05-04T22:28:31.799+0000] {processor.py:183} INFO - Processing /home/airflow/.local/lib/python3.8/site-packages/airflow/example_dags/tutorial_objectstorage.py took 0.034 seconds
[2025-05-04T22:29:02.419+0000] {processor.py:161} INFO - Started process (PID=442) to work on /home/airflow/.local/lib/python3.8/site-packages/airflow/example_dags/tutorial_objectstorage.py
[2025-05-04T22:29:02.419+0000] {processor.py:830} INFO - Processing file /home/airflow/.local/lib/python3.8/site-packages/airflow/example_dags/tutorial_objectstorage.py for tasks to queue
[2025-05-04T22:29:02.421+0000] {logging_mixin.py:188} INFO - [2025-05-04T22:29:02.421+0000] {dagbag.py:538} INFO - Filling up the DagBag from /home/airflow/.local/lib/python3.8/site-packages/airflow/example_dags/tutorial_objectstorage.py
[2025-05-04T22:29:02.425+0000] {processor.py:840} INFO - DAG(s) 'tutorial_objectstorage' retrieved from /home/airflow/.local/lib/python3.8/site-packages/airflow/example_dags/tutorial_objectstorage.py
[2025-05-04T22:29:02.438+0000] {logging_mixin.py:188} INFO - [2025-05-04T22:29:02.438+0000] {dag.py:3033} INFO - Sync 1 DAGs
[2025-05-04T22:29:02.447+0000] {logging_mixin.py:188} INFO - [2025-05-04T22:29:02.447+0000] {dag.py:3820} INFO - Setting next_dagrun for tutorial_objectstorage to None, run_after=None
[2025-05-04T22:29:02.460+0000] {processor.py:183} INFO - Processing /home/airflow/.local/lib/python3.8/site-packages/airflow/example_dags/tutorial_objectstorage.py took 0.044 seconds
[2025-05-04T22:29:33.250+0000] {processor.py:161} INFO - Started process (PID=498) to work on /home/airflow/.local/lib/python3.8/site-packages/airflow/example_dags/tutorial_objectstorage.py
[2025-05-04T22:29:33.251+0000] {processor.py:830} INFO - Processing file /home/airflow/.local/lib/python3.8/site-packages/airflow/example_dags/tutorial_objectstorage.py for tasks to queue
[2025-05-04T22:29:33.253+0000] {logging_mixin.py:188} INFO - [2025-05-04T22:29:33.252+0000] {dagbag.py:538} INFO - Filling up the DagBag from /home/airflow/.local/lib/python3.8/site-packages/airflow/example_dags/tutorial_objectstorage.py
[2025-05-04T22:29:33.261+0000] {processor.py:840} INFO - DAG(s) 'tutorial_objectstorage' retrieved from /home/airflow/.local/lib/python3.8/site-packages/airflow/example_dags/tutorial_objectstorage.py
[2025-05-04T22:29:33.279+0000] {logging_mixin.py:188} INFO - [2025-05-04T22:29:33.279+0000] {dag.py:3033} INFO - Sync 1 DAGs
[2025-05-04T22:29:33.284+0000] {logging_mixin.py:188} INFO - [2025-05-04T22:29:33.284+0000] {dag.py:3820} INFO - Setting next_dagrun for tutorial_objectstorage to None, run_after=None
[2025-05-04T22:29:33.292+0000] {processor.py:183} INFO - Processing /home/airflow/.local/lib/python3.8/site-packages/airflow/example_dags/tutorial_objectstorage.py took 0.045 seconds
[2025-05-04T22:30:03.875+0000] {processor.py:161} INFO - Started process (PID=554) to work on /home/airflow/.local/lib/python3.8/site-packages/airflow/example_dags/tutorial_objectstorage.py
[2025-05-04T22:30:03.876+0000] {processor.py:830} INFO - Processing file /home/airflow/.local/lib/python3.8/site-packages/airflow/example_dags/tutorial_objectstorage.py for tasks to queue
[2025-05-04T22:30:03.877+0000] {logging_mixin.py:188} INFO - [2025-05-04T22:30:03.877+0000] {dagbag.py:538} INFO - Filling up the DagBag from /home/airflow/.local/lib/python3.8/site-packages/airflow/example_dags/tutorial_objectstorage.py
[2025-05-04T22:30:03.880+0000] {processor.py:840} INFO - DAG(s) 'tutorial_objectstorage' retrieved from /home/airflow/.local/lib/python3.8/site-packages/airflow/example_dags/tutorial_objectstorage.py
[2025-05-04T22:30:03.895+0000] {logging_mixin.py:188} INFO - [2025-05-04T22:30:03.895+0000] {dag.py:3033} INFO - Sync 1 DAGs
[2025-05-04T22:30:03.905+0000] {logging_mixin.py:188} INFO - [2025-05-04T22:30:03.905+0000] {dag.py:3820} INFO - Setting next_dagrun for tutorial_objectstorage to None, run_after=None
[2025-05-04T22:30:03.914+0000] {processor.py:183} INFO - Processing /home/airflow/.local/lib/python3.8/site-packages/airflow/example_dags/tutorial_objectstorage.py took 0.041 seconds
[2025-05-04T22:30:34.652+0000] {processor.py:161} INFO - Started process (PID=610) to work on /home/airflow/.local/lib/python3.8/site-packages/airflow/example_dags/tutorial_objectstorage.py
[2025-05-04T22:30:34.652+0000] {processor.py:830} INFO - Processing file /home/airflow/.local/lib/python3.8/site-packages/airflow/example_dags/tutorial_objectstorage.py for tasks to queue
[2025-05-04T22:30:34.653+0000] {logging_mixin.py:188} INFO - [2025-05-04T22:30:34.653+0000] {dagbag.py:538} INFO - Filling up the DagBag from /home/airflow/.local/lib/python3.8/site-packages/airflow/example_dags/tutorial_objectstorage.py
[2025-05-04T22:30:34.657+0000] {processor.py:840} INFO - DAG(s) 'tutorial_objectstorage' retrieved from /home/airflow/.local/lib/python3.8/site-packages/airflow/example_dags/tutorial_objectstorage.py
[2025-05-04T22:30:34.667+0000] {logging_mixin.py:188} INFO - [2025-05-04T22:30:34.667+0000] {dag.py:3033} INFO - Sync 1 DAGs
[2025-05-04T22:30:34.673+0000] {logging_mixin.py:188} INFO - [2025-05-04T22:30:34.673+0000] {dag.py:3820} INFO - Setting next_dagrun for tutorial_objectstorage to None, run_after=None
[2025-05-04T22:30:34.682+0000] {processor.py:183} INFO - Processing /home/airflow/.local/lib/python3.8/site-packages/airflow/example_dags/tutorial_objectstorage.py took 0.032 seconds
[2025-05-04T22:31:13.443+0000] {processor.py:161} INFO - Started process (PID=47) to work on /home/airflow/.local/lib/python3.8/site-packages/airflow/example_dags/tutorial_objectstorage.py
[2025-05-04T22:31:13.444+0000] {processor.py:830} INFO - Processing file /home/airflow/.local/lib/python3.8/site-packages/airflow/example_dags/tutorial_objectstorage.py for tasks to queue
[2025-05-04T22:31:13.450+0000] {logging_mixin.py:188} INFO - [2025-05-04T22:31:13.450+0000] {dagbag.py:538} INFO - Filling up the DagBag from /home/airflow/.local/lib/python3.8/site-packages/airflow/example_dags/tutorial_objectstorage.py
[2025-05-04T22:31:13.486+0000] {processor.py:840} INFO - DAG(s) 'tutorial_objectstorage' retrieved from /home/airflow/.local/lib/python3.8/site-packages/airflow/example_dags/tutorial_objectstorage.py
[2025-05-04T22:31:13.505+0000] {logging_mixin.py:188} INFO - [2025-05-04T22:31:13.504+0000] {dag.py:3033} INFO - Sync 1 DAGs
[2025-05-04T22:31:13.524+0000] {logging_mixin.py:188} INFO - [2025-05-04T22:31:13.524+0000] {dag.py:3820} INFO - Setting next_dagrun for tutorial_objectstorage to None, run_after=None
[2025-05-04T22:31:13.553+0000] {processor.py:183} INFO - Processing /home/airflow/.local/lib/python3.8/site-packages/airflow/example_dags/tutorial_objectstorage.py took 0.113 seconds
[2025-05-04T22:31:43.869+0000] {processor.py:161} INFO - Started process (PID=103) to work on /home/airflow/.local/lib/python3.8/site-packages/airflow/example_dags/tutorial_objectstorage.py
[2025-05-04T22:31:43.870+0000] {processor.py:830} INFO - Processing file /home/airflow/.local/lib/python3.8/site-packages/airflow/example_dags/tutorial_objectstorage.py for tasks to queue
[2025-05-04T22:31:43.871+0000] {logging_mixin.py:188} INFO - [2025-05-04T22:31:43.871+0000] {dagbag.py:538} INFO - Filling up the DagBag from /home/airflow/.local/lib/python3.8/site-packages/airflow/example_dags/tutorial_objectstorage.py
[2025-05-04T22:31:43.874+0000] {processor.py:840} INFO - DAG(s) 'tutorial_objectstorage' retrieved from /home/airflow/.local/lib/python3.8/site-packages/airflow/example_dags/tutorial_objectstorage.py
[2025-05-04T22:31:43.923+0000] {logging_mixin.py:188} INFO - [2025-05-04T22:31:43.923+0000] {dag.py:3033} INFO - Sync 1 DAGs
[2025-05-04T22:31:43.929+0000] {logging_mixin.py:188} INFO - [2025-05-04T22:31:43.929+0000] {dag.py:3820} INFO - Setting next_dagrun for tutorial_objectstorage to None, run_after=None
[2025-05-04T22:31:43.946+0000] {processor.py:183} INFO - Processing /home/airflow/.local/lib/python3.8/site-packages/airflow/example_dags/tutorial_objectstorage.py took 0.079 seconds
[2025-05-04T22:32:14.211+0000] {processor.py:161} INFO - Started process (PID=163) to work on /home/airflow/.local/lib/python3.8/site-packages/airflow/example_dags/tutorial_objectstorage.py
[2025-05-04T22:32:14.212+0000] {processor.py:830} INFO - Processing file /home/airflow/.local/lib/python3.8/site-packages/airflow/example_dags/tutorial_objectstorage.py for tasks to queue
[2025-05-04T22:32:14.213+0000] {logging_mixin.py:188} INFO - [2025-05-04T22:32:14.213+0000] {dagbag.py:538} INFO - Filling up the DagBag from /home/airflow/.local/lib/python3.8/site-packages/airflow/example_dags/tutorial_objectstorage.py
[2025-05-04T22:32:14.218+0000] {processor.py:840} INFO - DAG(s) 'tutorial_objectstorage' retrieved from /home/airflow/.local/lib/python3.8/site-packages/airflow/example_dags/tutorial_objectstorage.py
[2025-05-04T22:32:14.234+0000] {logging_mixin.py:188} INFO - [2025-05-04T22:32:14.234+0000] {dag.py:3033} INFO - Sync 1 DAGs
[2025-05-04T22:32:14.241+0000] {logging_mixin.py:188} INFO - [2025-05-04T22:32:14.241+0000] {dag.py:3820} INFO - Setting next_dagrun for tutorial_objectstorage to None, run_after=None
[2025-05-04T22:32:14.249+0000] {processor.py:183} INFO - Processing /home/airflow/.local/lib/python3.8/site-packages/airflow/example_dags/tutorial_objectstorage.py took 0.040 seconds
[2025-05-04T22:32:45.086+0000] {processor.py:161} INFO - Started process (PID=219) to work on /home/airflow/.local/lib/python3.8/site-packages/airflow/example_dags/tutorial_objectstorage.py
[2025-05-04T22:32:45.087+0000] {processor.py:830} INFO - Processing file /home/airflow/.local/lib/python3.8/site-packages/airflow/example_dags/tutorial_objectstorage.py for tasks to queue
[2025-05-04T22:32:45.089+0000] {logging_mixin.py:188} INFO - [2025-05-04T22:32:45.089+0000] {dagbag.py:538} INFO - Filling up the DagBag from /home/airflow/.local/lib/python3.8/site-packages/airflow/example_dags/tutorial_objectstorage.py
[2025-05-04T22:32:45.093+0000] {processor.py:840} INFO - DAG(s) 'tutorial_objectstorage' retrieved from /home/airflow/.local/lib/python3.8/site-packages/airflow/example_dags/tutorial_objectstorage.py
[2025-05-04T22:32:45.105+0000] {logging_mixin.py:188} INFO - [2025-05-04T22:32:45.105+0000] {dag.py:3033} INFO - Sync 1 DAGs
[2025-05-04T22:32:45.112+0000] {logging_mixin.py:188} INFO - [2025-05-04T22:32:45.112+0000] {dag.py:3820} INFO - Setting next_dagrun for tutorial_objectstorage to None, run_after=None
[2025-05-04T22:32:45.128+0000] {processor.py:183} INFO - Processing /home/airflow/.local/lib/python3.8/site-packages/airflow/example_dags/tutorial_objectstorage.py took 0.044 seconds
[2025-05-04T22:33:15.808+0000] {processor.py:161} INFO - Started process (PID=275) to work on /home/airflow/.local/lib/python3.8/site-packages/airflow/example_dags/tutorial_objectstorage.py
[2025-05-04T22:33:15.809+0000] {processor.py:830} INFO - Processing file /home/airflow/.local/lib/python3.8/site-packages/airflow/example_dags/tutorial_objectstorage.py for tasks to queue
[2025-05-04T22:33:15.812+0000] {logging_mixin.py:188} INFO - [2025-05-04T22:33:15.812+0000] {dagbag.py:538} INFO - Filling up the DagBag from /home/airflow/.local/lib/python3.8/site-packages/airflow/example_dags/tutorial_objectstorage.py
[2025-05-04T22:33:15.816+0000] {processor.py:840} INFO - DAG(s) 'tutorial_objectstorage' retrieved from /home/airflow/.local/lib/python3.8/site-packages/airflow/example_dags/tutorial_objectstorage.py
[2025-05-04T22:33:15.829+0000] {logging_mixin.py:188} INFO - [2025-05-04T22:33:15.829+0000] {dag.py:3033} INFO - Sync 1 DAGs
[2025-05-04T22:33:15.836+0000] {logging_mixin.py:188} INFO - [2025-05-04T22:33:15.836+0000] {dag.py:3820} INFO - Setting next_dagrun for tutorial_objectstorage to None, run_after=None
[2025-05-04T22:33:15.846+0000] {processor.py:183} INFO - Processing /home/airflow/.local/lib/python3.8/site-packages/airflow/example_dags/tutorial_objectstorage.py took 0.040 seconds
[2025-05-04T22:33:46.501+0000] {processor.py:161} INFO - Started process (PID=331) to work on /home/airflow/.local/lib/python3.8/site-packages/airflow/example_dags/tutorial_objectstorage.py
[2025-05-04T22:33:46.502+0000] {processor.py:830} INFO - Processing file /home/airflow/.local/lib/python3.8/site-packages/airflow/example_dags/tutorial_objectstorage.py for tasks to queue
[2025-05-04T22:33:46.504+0000] {logging_mixin.py:188} INFO - [2025-05-04T22:33:46.503+0000] {dagbag.py:538} INFO - Filling up the DagBag from /home/airflow/.local/lib/python3.8/site-packages/airflow/example_dags/tutorial_objectstorage.py
[2025-05-04T22:33:46.507+0000] {processor.py:840} INFO - DAG(s) 'tutorial_objectstorage' retrieved from /home/airflow/.local/lib/python3.8/site-packages/airflow/example_dags/tutorial_objectstorage.py
[2025-05-04T22:33:46.517+0000] {logging_mixin.py:188} INFO - [2025-05-04T22:33:46.517+0000] {dag.py:3033} INFO - Sync 1 DAGs
[2025-05-04T22:33:46.526+0000] {logging_mixin.py:188} INFO - [2025-05-04T22:33:46.526+0000] {dag.py:3820} INFO - Setting next_dagrun for tutorial_objectstorage to None, run_after=None
[2025-05-04T22:33:46.545+0000] {processor.py:183} INFO - Processing /home/airflow/.local/lib/python3.8/site-packages/airflow/example_dags/tutorial_objectstorage.py took 0.045 seconds
[2025-05-04T22:34:17.120+0000] {processor.py:161} INFO - Started process (PID=387) to work on /home/airflow/.local/lib/python3.8/site-packages/airflow/example_dags/tutorial_objectstorage.py
[2025-05-04T22:34:17.121+0000] {processor.py:830} INFO - Processing file /home/airflow/.local/lib/python3.8/site-packages/airflow/example_dags/tutorial_objectstorage.py for tasks to queue
[2025-05-04T22:34:17.122+0000] {logging_mixin.py:188} INFO - [2025-05-04T22:34:17.122+0000] {dagbag.py:538} INFO - Filling up the DagBag from /home/airflow/.local/lib/python3.8/site-packages/airflow/example_dags/tutorial_objectstorage.py
[2025-05-04T22:34:17.129+0000] {processor.py:840} INFO - DAG(s) 'tutorial_objectstorage' retrieved from /home/airflow/.local/lib/python3.8/site-packages/airflow/example_dags/tutorial_objectstorage.py
[2025-05-04T22:34:17.142+0000] {logging_mixin.py:188} INFO - [2025-05-04T22:34:17.142+0000] {dag.py:3033} INFO - Sync 1 DAGs
[2025-05-04T22:34:17.147+0000] {logging_mixin.py:188} INFO - [2025-05-04T22:34:17.147+0000] {dag.py:3820} INFO - Setting next_dagrun for tutorial_objectstorage to None, run_after=None
[2025-05-04T22:34:17.155+0000] {processor.py:183} INFO - Processing /home/airflow/.local/lib/python3.8/site-packages/airflow/example_dags/tutorial_objectstorage.py took 0.037 seconds
[2025-05-04T22:36:24.555+0000] {processor.py:161} INFO - Started process (PID=45) to work on /home/airflow/.local/lib/python3.8/site-packages/airflow/example_dags/tutorial_objectstorage.py
[2025-05-04T22:36:24.557+0000] {processor.py:830} INFO - Processing file /home/airflow/.local/lib/python3.8/site-packages/airflow/example_dags/tutorial_objectstorage.py for tasks to queue
[2025-05-04T22:36:24.560+0000] {logging_mixin.py:188} INFO - [2025-05-04T22:36:24.559+0000] {dagbag.py:538} INFO - Filling up the DagBag from /home/airflow/.local/lib/python3.8/site-packages/airflow/example_dags/tutorial_objectstorage.py
[2025-05-04T22:36:24.568+0000] {processor.py:840} INFO - DAG(s) 'tutorial_objectstorage' retrieved from /home/airflow/.local/lib/python3.8/site-packages/airflow/example_dags/tutorial_objectstorage.py
[2025-05-04T22:36:24.627+0000] {logging_mixin.py:188} INFO - [2025-05-04T22:36:24.627+0000] {dag.py:3033} INFO - Sync 1 DAGs
[2025-05-04T22:36:24.645+0000] {logging_mixin.py:188} INFO - [2025-05-04T22:36:24.645+0000] {dag.py:3820} INFO - Setting next_dagrun for tutorial_objectstorage to None, run_after=None
[2025-05-04T22:36:24.667+0000] {processor.py:183} INFO - Processing /home/airflow/.local/lib/python3.8/site-packages/airflow/example_dags/tutorial_objectstorage.py took 0.115 seconds
[2025-05-04T22:36:55.062+0000] {processor.py:161} INFO - Started process (PID=101) to work on /home/airflow/.local/lib/python3.8/site-packages/airflow/example_dags/tutorial_objectstorage.py
[2025-05-04T22:36:55.063+0000] {processor.py:830} INFO - Processing file /home/airflow/.local/lib/python3.8/site-packages/airflow/example_dags/tutorial_objectstorage.py for tasks to queue
[2025-05-04T22:36:55.064+0000] {logging_mixin.py:188} INFO - [2025-05-04T22:36:55.064+0000] {dagbag.py:538} INFO - Filling up the DagBag from /home/airflow/.local/lib/python3.8/site-packages/airflow/example_dags/tutorial_objectstorage.py
[2025-05-04T22:36:55.068+0000] {processor.py:840} INFO - DAG(s) 'tutorial_objectstorage' retrieved from /home/airflow/.local/lib/python3.8/site-packages/airflow/example_dags/tutorial_objectstorage.py
[2025-05-04T22:36:55.116+0000] {logging_mixin.py:188} INFO - [2025-05-04T22:36:55.115+0000] {dag.py:3033} INFO - Sync 1 DAGs
[2025-05-04T22:36:55.121+0000] {logging_mixin.py:188} INFO - [2025-05-04T22:36:55.120+0000] {dag.py:3820} INFO - Setting next_dagrun for tutorial_objectstorage to None, run_after=None
[2025-05-04T22:36:55.131+0000] {processor.py:183} INFO - Processing /home/airflow/.local/lib/python3.8/site-packages/airflow/example_dags/tutorial_objectstorage.py took 0.070 seconds
[2025-05-04T22:37:25.478+0000] {processor.py:161} INFO - Started process (PID=157) to work on /home/airflow/.local/lib/python3.8/site-packages/airflow/example_dags/tutorial_objectstorage.py
[2025-05-04T22:37:25.479+0000] {processor.py:830} INFO - Processing file /home/airflow/.local/lib/python3.8/site-packages/airflow/example_dags/tutorial_objectstorage.py for tasks to queue
[2025-05-04T22:37:25.480+0000] {logging_mixin.py:188} INFO - [2025-05-04T22:37:25.480+0000] {dagbag.py:538} INFO - Filling up the DagBag from /home/airflow/.local/lib/python3.8/site-packages/airflow/example_dags/tutorial_objectstorage.py
[2025-05-04T22:37:25.484+0000] {processor.py:840} INFO - DAG(s) 'tutorial_objectstorage' retrieved from /home/airflow/.local/lib/python3.8/site-packages/airflow/example_dags/tutorial_objectstorage.py
[2025-05-04T22:37:25.498+0000] {logging_mixin.py:188} INFO - [2025-05-04T22:37:25.498+0000] {dag.py:3033} INFO - Sync 1 DAGs
[2025-05-04T22:37:25.504+0000] {logging_mixin.py:188} INFO - [2025-05-04T22:37:25.504+0000] {dag.py:3820} INFO - Setting next_dagrun for tutorial_objectstorage to None, run_after=None
[2025-05-04T22:37:25.517+0000] {processor.py:183} INFO - Processing /home/airflow/.local/lib/python3.8/site-packages/airflow/example_dags/tutorial_objectstorage.py took 0.041 seconds
[2025-05-04T22:37:56.214+0000] {processor.py:161} INFO - Started process (PID=213) to work on /home/airflow/.local/lib/python3.8/site-packages/airflow/example_dags/tutorial_objectstorage.py
[2025-05-04T22:37:56.215+0000] {processor.py:830} INFO - Processing file /home/airflow/.local/lib/python3.8/site-packages/airflow/example_dags/tutorial_objectstorage.py for tasks to queue
[2025-05-04T22:37:56.216+0000] {logging_mixin.py:188} INFO - [2025-05-04T22:37:56.216+0000] {dagbag.py:538} INFO - Filling up the DagBag from /home/airflow/.local/lib/python3.8/site-packages/airflow/example_dags/tutorial_objectstorage.py
[2025-05-04T22:37:56.220+0000] {processor.py:840} INFO - DAG(s) 'tutorial_objectstorage' retrieved from /home/airflow/.local/lib/python3.8/site-packages/airflow/example_dags/tutorial_objectstorage.py
[2025-05-04T22:37:56.233+0000] {logging_mixin.py:188} INFO - [2025-05-04T22:37:56.233+0000] {dag.py:3033} INFO - Sync 1 DAGs
[2025-05-04T22:37:56.241+0000] {logging_mixin.py:188} INFO - [2025-05-04T22:37:56.241+0000] {dag.py:3820} INFO - Setting next_dagrun for tutorial_objectstorage to None, run_after=None
[2025-05-04T22:37:56.254+0000] {processor.py:183} INFO - Processing /home/airflow/.local/lib/python3.8/site-packages/airflow/example_dags/tutorial_objectstorage.py took 0.042 seconds
[2025-05-04T22:38:26.890+0000] {processor.py:161} INFO - Started process (PID=269) to work on /home/airflow/.local/lib/python3.8/site-packages/airflow/example_dags/tutorial_objectstorage.py
[2025-05-04T22:38:26.890+0000] {processor.py:830} INFO - Processing file /home/airflow/.local/lib/python3.8/site-packages/airflow/example_dags/tutorial_objectstorage.py for tasks to queue
[2025-05-04T22:38:26.893+0000] {logging_mixin.py:188} INFO - [2025-05-04T22:38:26.893+0000] {dagbag.py:538} INFO - Filling up the DagBag from /home/airflow/.local/lib/python3.8/site-packages/airflow/example_dags/tutorial_objectstorage.py
[2025-05-04T22:38:26.897+0000] {processor.py:840} INFO - DAG(s) 'tutorial_objectstorage' retrieved from /home/airflow/.local/lib/python3.8/site-packages/airflow/example_dags/tutorial_objectstorage.py
[2025-05-04T22:38:26.907+0000] {logging_mixin.py:188} INFO - [2025-05-04T22:38:26.907+0000] {dag.py:3033} INFO - Sync 1 DAGs
[2025-05-04T22:38:26.914+0000] {logging_mixin.py:188} INFO - [2025-05-04T22:38:26.914+0000] {dag.py:3820} INFO - Setting next_dagrun for tutorial_objectstorage to None, run_after=None
[2025-05-04T22:38:26.922+0000] {processor.py:183} INFO - Processing /home/airflow/.local/lib/python3.8/site-packages/airflow/example_dags/tutorial_objectstorage.py took 0.034 seconds
[2025-05-04T22:38:57.624+0000] {processor.py:161} INFO - Started process (PID=325) to work on /home/airflow/.local/lib/python3.8/site-packages/airflow/example_dags/tutorial_objectstorage.py
[2025-05-04T22:38:57.627+0000] {processor.py:830} INFO - Processing file /home/airflow/.local/lib/python3.8/site-packages/airflow/example_dags/tutorial_objectstorage.py for tasks to queue
[2025-05-04T22:38:57.627+0000] {logging_mixin.py:188} INFO - [2025-05-04T22:38:57.627+0000] {dagbag.py:538} INFO - Filling up the DagBag from /home/airflow/.local/lib/python3.8/site-packages/airflow/example_dags/tutorial_objectstorage.py
[2025-05-04T22:38:57.630+0000] {processor.py:840} INFO - DAG(s) 'tutorial_objectstorage' retrieved from /home/airflow/.local/lib/python3.8/site-packages/airflow/example_dags/tutorial_objectstorage.py
[2025-05-04T22:38:57.642+0000] {logging_mixin.py:188} INFO - [2025-05-04T22:38:57.642+0000] {dag.py:3033} INFO - Sync 1 DAGs
[2025-05-04T22:38:57.647+0000] {logging_mixin.py:188} INFO - [2025-05-04T22:38:57.647+0000] {dag.py:3820} INFO - Setting next_dagrun for tutorial_objectstorage to None, run_after=None
[2025-05-04T22:38:57.658+0000] {processor.py:183} INFO - Processing /home/airflow/.local/lib/python3.8/site-packages/airflow/example_dags/tutorial_objectstorage.py took 0.034 seconds
[2025-05-04T22:39:28.417+0000] {processor.py:161} INFO - Started process (PID=381) to work on /home/airflow/.local/lib/python3.8/site-packages/airflow/example_dags/tutorial_objectstorage.py
[2025-05-04T22:39:28.418+0000] {processor.py:830} INFO - Processing file /home/airflow/.local/lib/python3.8/site-packages/airflow/example_dags/tutorial_objectstorage.py for tasks to queue
[2025-05-04T22:39:28.419+0000] {logging_mixin.py:188} INFO - [2025-05-04T22:39:28.419+0000] {dagbag.py:538} INFO - Filling up the DagBag from /home/airflow/.local/lib/python3.8/site-packages/airflow/example_dags/tutorial_objectstorage.py
[2025-05-04T22:39:28.424+0000] {processor.py:840} INFO - DAG(s) 'tutorial_objectstorage' retrieved from /home/airflow/.local/lib/python3.8/site-packages/airflow/example_dags/tutorial_objectstorage.py
[2025-05-04T22:39:28.434+0000] {logging_mixin.py:188} INFO - [2025-05-04T22:39:28.434+0000] {dag.py:3033} INFO - Sync 1 DAGs
[2025-05-04T22:39:28.440+0000] {logging_mixin.py:188} INFO - [2025-05-04T22:39:28.440+0000] {dag.py:3820} INFO - Setting next_dagrun for tutorial_objectstorage to None, run_after=None
[2025-05-04T22:39:28.447+0000] {processor.py:183} INFO - Processing /home/airflow/.local/lib/python3.8/site-packages/airflow/example_dags/tutorial_objectstorage.py took 0.032 seconds
[2025-05-04T22:39:59.273+0000] {processor.py:161} INFO - Started process (PID=438) to work on /home/airflow/.local/lib/python3.8/site-packages/airflow/example_dags/tutorial_objectstorage.py
[2025-05-04T22:39:59.274+0000] {processor.py:830} INFO - Processing file /home/airflow/.local/lib/python3.8/site-packages/airflow/example_dags/tutorial_objectstorage.py for tasks to queue
[2025-05-04T22:39:59.275+0000] {logging_mixin.py:188} INFO - [2025-05-04T22:39:59.274+0000] {dagbag.py:538} INFO - Filling up the DagBag from /home/airflow/.local/lib/python3.8/site-packages/airflow/example_dags/tutorial_objectstorage.py
[2025-05-04T22:39:59.278+0000] {processor.py:840} INFO - DAG(s) 'tutorial_objectstorage' retrieved from /home/airflow/.local/lib/python3.8/site-packages/airflow/example_dags/tutorial_objectstorage.py
[2025-05-04T22:39:59.295+0000] {logging_mixin.py:188} INFO - [2025-05-04T22:39:59.295+0000] {dag.py:3033} INFO - Sync 1 DAGs
[2025-05-04T22:39:59.303+0000] {logging_mixin.py:188} INFO - [2025-05-04T22:39:59.303+0000] {dag.py:3820} INFO - Setting next_dagrun for tutorial_objectstorage to None, run_after=None
[2025-05-04T22:39:59.312+0000] {processor.py:183} INFO - Processing /home/airflow/.local/lib/python3.8/site-packages/airflow/example_dags/tutorial_objectstorage.py took 0.041 seconds
[2025-05-04T22:40:30.238+0000] {processor.py:161} INFO - Started process (PID=494) to work on /home/airflow/.local/lib/python3.8/site-packages/airflow/example_dags/tutorial_objectstorage.py
[2025-05-04T22:40:30.239+0000] {processor.py:830} INFO - Processing file /home/airflow/.local/lib/python3.8/site-packages/airflow/example_dags/tutorial_objectstorage.py for tasks to queue
[2025-05-04T22:40:30.241+0000] {logging_mixin.py:188} INFO - [2025-05-04T22:40:30.240+0000] {dagbag.py:538} INFO - Filling up the DagBag from /home/airflow/.local/lib/python3.8/site-packages/airflow/example_dags/tutorial_objectstorage.py
[2025-05-04T22:40:30.244+0000] {processor.py:840} INFO - DAG(s) 'tutorial_objectstorage' retrieved from /home/airflow/.local/lib/python3.8/site-packages/airflow/example_dags/tutorial_objectstorage.py
[2025-05-04T22:40:30.269+0000] {logging_mixin.py:188} INFO - [2025-05-04T22:40:30.269+0000] {dag.py:3033} INFO - Sync 1 DAGs
[2025-05-04T22:40:30.277+0000] {logging_mixin.py:188} INFO - [2025-05-04T22:40:30.277+0000] {dag.py:3820} INFO - Setting next_dagrun for tutorial_objectstorage to None, run_after=None
[2025-05-04T22:40:30.291+0000] {processor.py:183} INFO - Processing /home/airflow/.local/lib/python3.8/site-packages/airflow/example_dags/tutorial_objectstorage.py took 0.056 seconds
[2025-05-04T22:41:00.376+0000] {processor.py:161} INFO - Started process (PID=550) to work on /home/airflow/.local/lib/python3.8/site-packages/airflow/example_dags/tutorial_objectstorage.py
[2025-05-04T22:41:00.377+0000] {processor.py:830} INFO - Processing file /home/airflow/.local/lib/python3.8/site-packages/airflow/example_dags/tutorial_objectstorage.py for tasks to queue
[2025-05-04T22:41:00.378+0000] {logging_mixin.py:188} INFO - [2025-05-04T22:41:00.378+0000] {dagbag.py:538} INFO - Filling up the DagBag from /home/airflow/.local/lib/python3.8/site-packages/airflow/example_dags/tutorial_objectstorage.py
[2025-05-04T22:41:00.382+0000] {processor.py:840} INFO - DAG(s) 'tutorial_objectstorage' retrieved from /home/airflow/.local/lib/python3.8/site-packages/airflow/example_dags/tutorial_objectstorage.py
[2025-05-04T22:41:00.394+0000] {logging_mixin.py:188} INFO - [2025-05-04T22:41:00.394+0000] {dag.py:3033} INFO - Sync 1 DAGs
[2025-05-04T22:41:00.402+0000] {logging_mixin.py:188} INFO - [2025-05-04T22:41:00.402+0000] {dag.py:3820} INFO - Setting next_dagrun for tutorial_objectstorage to None, run_after=None
[2025-05-04T22:41:00.418+0000] {processor.py:183} INFO - Processing /home/airflow/.local/lib/python3.8/site-packages/airflow/example_dags/tutorial_objectstorage.py took 0.044 seconds
[2025-05-04T22:41:31.130+0000] {processor.py:161} INFO - Started process (PID=606) to work on /home/airflow/.local/lib/python3.8/site-packages/airflow/example_dags/tutorial_objectstorage.py
[2025-05-04T22:41:31.131+0000] {processor.py:830} INFO - Processing file /home/airflow/.local/lib/python3.8/site-packages/airflow/example_dags/tutorial_objectstorage.py for tasks to queue
[2025-05-04T22:41:31.135+0000] {logging_mixin.py:188} INFO - [2025-05-04T22:41:31.135+0000] {dagbag.py:538} INFO - Filling up the DagBag from /home/airflow/.local/lib/python3.8/site-packages/airflow/example_dags/tutorial_objectstorage.py
[2025-05-04T22:41:31.138+0000] {processor.py:840} INFO - DAG(s) 'tutorial_objectstorage' retrieved from /home/airflow/.local/lib/python3.8/site-packages/airflow/example_dags/tutorial_objectstorage.py
[2025-05-04T22:41:31.147+0000] {logging_mixin.py:188} INFO - [2025-05-04T22:41:31.147+0000] {dag.py:3033} INFO - Sync 1 DAGs
[2025-05-04T22:41:31.153+0000] {logging_mixin.py:188} INFO - [2025-05-04T22:41:31.153+0000] {dag.py:3820} INFO - Setting next_dagrun for tutorial_objectstorage to None, run_after=None
[2025-05-04T22:41:31.160+0000] {processor.py:183} INFO - Processing /home/airflow/.local/lib/python3.8/site-packages/airflow/example_dags/tutorial_objectstorage.py took 0.032 seconds
[2025-05-04T22:42:01.992+0000] {processor.py:161} INFO - Started process (PID=662) to work on /home/airflow/.local/lib/python3.8/site-packages/airflow/example_dags/tutorial_objectstorage.py
[2025-05-04T22:42:01.993+0000] {processor.py:830} INFO - Processing file /home/airflow/.local/lib/python3.8/site-packages/airflow/example_dags/tutorial_objectstorage.py for tasks to queue
[2025-05-04T22:42:01.994+0000] {logging_mixin.py:188} INFO - [2025-05-04T22:42:01.993+0000] {dagbag.py:538} INFO - Filling up the DagBag from /home/airflow/.local/lib/python3.8/site-packages/airflow/example_dags/tutorial_objectstorage.py
[2025-05-04T22:42:01.997+0000] {processor.py:840} INFO - DAG(s) 'tutorial_objectstorage' retrieved from /home/airflow/.local/lib/python3.8/site-packages/airflow/example_dags/tutorial_objectstorage.py
[2025-05-04T22:42:02.007+0000] {logging_mixin.py:188} INFO - [2025-05-04T22:42:02.007+0000] {dag.py:3033} INFO - Sync 1 DAGs
[2025-05-04T22:42:02.015+0000] {logging_mixin.py:188} INFO - [2025-05-04T22:42:02.015+0000] {dag.py:3820} INFO - Setting next_dagrun for tutorial_objectstorage to None, run_after=None
[2025-05-04T22:42:02.024+0000] {processor.py:183} INFO - Processing /home/airflow/.local/lib/python3.8/site-packages/airflow/example_dags/tutorial_objectstorage.py took 0.034 seconds
[2025-05-04T22:42:32.741+0000] {processor.py:161} INFO - Started process (PID=718) to work on /home/airflow/.local/lib/python3.8/site-packages/airflow/example_dags/tutorial_objectstorage.py
[2025-05-04T22:42:32.743+0000] {processor.py:830} INFO - Processing file /home/airflow/.local/lib/python3.8/site-packages/airflow/example_dags/tutorial_objectstorage.py for tasks to queue
[2025-05-04T22:42:32.746+0000] {logging_mixin.py:188} INFO - [2025-05-04T22:42:32.745+0000] {dagbag.py:538} INFO - Filling up the DagBag from /home/airflow/.local/lib/python3.8/site-packages/airflow/example_dags/tutorial_objectstorage.py
[2025-05-04T22:42:32.750+0000] {processor.py:840} INFO - DAG(s) 'tutorial_objectstorage' retrieved from /home/airflow/.local/lib/python3.8/site-packages/airflow/example_dags/tutorial_objectstorage.py
[2025-05-04T22:42:32.762+0000] {logging_mixin.py:188} INFO - [2025-05-04T22:42:32.762+0000] {dag.py:3033} INFO - Sync 1 DAGs
[2025-05-04T22:42:32.771+0000] {logging_mixin.py:188} INFO - [2025-05-04T22:42:32.771+0000] {dag.py:3820} INFO - Setting next_dagrun for tutorial_objectstorage to None, run_after=None
[2025-05-04T22:42:32.780+0000] {processor.py:183} INFO - Processing /home/airflow/.local/lib/python3.8/site-packages/airflow/example_dags/tutorial_objectstorage.py took 0.041 seconds
[2025-05-04T22:43:03.552+0000] {processor.py:161} INFO - Started process (PID=774) to work on /home/airflow/.local/lib/python3.8/site-packages/airflow/example_dags/tutorial_objectstorage.py
[2025-05-04T22:43:03.553+0000] {processor.py:830} INFO - Processing file /home/airflow/.local/lib/python3.8/site-packages/airflow/example_dags/tutorial_objectstorage.py for tasks to queue
[2025-05-04T22:43:03.554+0000] {logging_mixin.py:188} INFO - [2025-05-04T22:43:03.553+0000] {dagbag.py:538} INFO - Filling up the DagBag from /home/airflow/.local/lib/python3.8/site-packages/airflow/example_dags/tutorial_objectstorage.py
[2025-05-04T22:43:03.557+0000] {processor.py:840} INFO - DAG(s) 'tutorial_objectstorage' retrieved from /home/airflow/.local/lib/python3.8/site-packages/airflow/example_dags/tutorial_objectstorage.py
[2025-05-04T22:43:03.571+0000] {logging_mixin.py:188} INFO - [2025-05-04T22:43:03.571+0000] {dag.py:3033} INFO - Sync 1 DAGs
[2025-05-04T22:43:03.579+0000] {logging_mixin.py:188} INFO - [2025-05-04T22:43:03.578+0000] {dag.py:3820} INFO - Setting next_dagrun for tutorial_objectstorage to None, run_after=None
[2025-05-04T22:43:03.589+0000] {processor.py:183} INFO - Processing /home/airflow/.local/lib/python3.8/site-packages/airflow/example_dags/tutorial_objectstorage.py took 0.038 seconds
[2025-05-04T22:43:34.608+0000] {processor.py:161} INFO - Started process (PID=830) to work on /home/airflow/.local/lib/python3.8/site-packages/airflow/example_dags/tutorial_objectstorage.py
[2025-05-04T22:43:34.610+0000] {processor.py:830} INFO - Processing file /home/airflow/.local/lib/python3.8/site-packages/airflow/example_dags/tutorial_objectstorage.py for tasks to queue
[2025-05-04T22:43:34.611+0000] {logging_mixin.py:188} INFO - [2025-05-04T22:43:34.611+0000] {dagbag.py:538} INFO - Filling up the DagBag from /home/airflow/.local/lib/python3.8/site-packages/airflow/example_dags/tutorial_objectstorage.py
[2025-05-04T22:43:34.615+0000] {processor.py:840} INFO - DAG(s) 'tutorial_objectstorage' retrieved from /home/airflow/.local/lib/python3.8/site-packages/airflow/example_dags/tutorial_objectstorage.py
[2025-05-04T22:43:34.626+0000] {logging_mixin.py:188} INFO - [2025-05-04T22:43:34.626+0000] {dag.py:3033} INFO - Sync 1 DAGs
[2025-05-04T22:43:34.634+0000] {logging_mixin.py:188} INFO - [2025-05-04T22:43:34.634+0000] {dag.py:3820} INFO - Setting next_dagrun for tutorial_objectstorage to None, run_after=None
[2025-05-04T22:43:34.643+0000] {processor.py:183} INFO - Processing /home/airflow/.local/lib/python3.8/site-packages/airflow/example_dags/tutorial_objectstorage.py took 0.037 seconds
[2025-05-04T22:44:05.361+0000] {processor.py:161} INFO - Started process (PID=886) to work on /home/airflow/.local/lib/python3.8/site-packages/airflow/example_dags/tutorial_objectstorage.py
[2025-05-04T22:44:05.364+0000] {processor.py:830} INFO - Processing file /home/airflow/.local/lib/python3.8/site-packages/airflow/example_dags/tutorial_objectstorage.py for tasks to queue
[2025-05-04T22:44:05.366+0000] {logging_mixin.py:188} INFO - [2025-05-04T22:44:05.366+0000] {dagbag.py:538} INFO - Filling up the DagBag from /home/airflow/.local/lib/python3.8/site-packages/airflow/example_dags/tutorial_objectstorage.py
[2025-05-04T22:44:05.369+0000] {processor.py:840} INFO - DAG(s) 'tutorial_objectstorage' retrieved from /home/airflow/.local/lib/python3.8/site-packages/airflow/example_dags/tutorial_objectstorage.py
[2025-05-04T22:44:05.378+0000] {logging_mixin.py:188} INFO - [2025-05-04T22:44:05.378+0000] {dag.py:3033} INFO - Sync 1 DAGs
[2025-05-04T22:44:05.383+0000] {logging_mixin.py:188} INFO - [2025-05-04T22:44:05.383+0000] {dag.py:3820} INFO - Setting next_dagrun for tutorial_objectstorage to None, run_after=None
[2025-05-04T22:44:05.391+0000] {processor.py:183} INFO - Processing /home/airflow/.local/lib/python3.8/site-packages/airflow/example_dags/tutorial_objectstorage.py took 0.031 seconds
[2025-05-04T22:44:36.214+0000] {processor.py:161} INFO - Started process (PID=942) to work on /home/airflow/.local/lib/python3.8/site-packages/airflow/example_dags/tutorial_objectstorage.py
[2025-05-04T22:44:36.214+0000] {processor.py:830} INFO - Processing file /home/airflow/.local/lib/python3.8/site-packages/airflow/example_dags/tutorial_objectstorage.py for tasks to queue
[2025-05-04T22:44:36.217+0000] {logging_mixin.py:188} INFO - [2025-05-04T22:44:36.217+0000] {dagbag.py:538} INFO - Filling up the DagBag from /home/airflow/.local/lib/python3.8/site-packages/airflow/example_dags/tutorial_objectstorage.py
[2025-05-04T22:44:36.221+0000] {processor.py:840} INFO - DAG(s) 'tutorial_objectstorage' retrieved from /home/airflow/.local/lib/python3.8/site-packages/airflow/example_dags/tutorial_objectstorage.py
[2025-05-04T22:44:36.231+0000] {logging_mixin.py:188} INFO - [2025-05-04T22:44:36.231+0000] {dag.py:3033} INFO - Sync 1 DAGs
[2025-05-04T22:44:36.237+0000] {logging_mixin.py:188} INFO - [2025-05-04T22:44:36.237+0000] {dag.py:3820} INFO - Setting next_dagrun for tutorial_objectstorage to None, run_after=None
[2025-05-04T22:44:36.247+0000] {processor.py:183} INFO - Processing /home/airflow/.local/lib/python3.8/site-packages/airflow/example_dags/tutorial_objectstorage.py took 0.035 seconds
[2025-05-04T22:45:06.996+0000] {processor.py:161} INFO - Started process (PID=998) to work on /home/airflow/.local/lib/python3.8/site-packages/airflow/example_dags/tutorial_objectstorage.py
[2025-05-04T22:45:06.997+0000] {processor.py:830} INFO - Processing file /home/airflow/.local/lib/python3.8/site-packages/airflow/example_dags/tutorial_objectstorage.py for tasks to queue
[2025-05-04T22:45:06.998+0000] {logging_mixin.py:188} INFO - [2025-05-04T22:45:06.998+0000] {dagbag.py:538} INFO - Filling up the DagBag from /home/airflow/.local/lib/python3.8/site-packages/airflow/example_dags/tutorial_objectstorage.py
[2025-05-04T22:45:07.001+0000] {processor.py:840} INFO - DAG(s) 'tutorial_objectstorage' retrieved from /home/airflow/.local/lib/python3.8/site-packages/airflow/example_dags/tutorial_objectstorage.py
[2025-05-04T22:45:07.012+0000] {logging_mixin.py:188} INFO - [2025-05-04T22:45:07.012+0000] {dag.py:3033} INFO - Sync 1 DAGs
[2025-05-04T22:45:07.018+0000] {logging_mixin.py:188} INFO - [2025-05-04T22:45:07.018+0000] {dag.py:3820} INFO - Setting next_dagrun for tutorial_objectstorage to None, run_after=None
[2025-05-04T22:45:07.026+0000] {processor.py:183} INFO - Processing /home/airflow/.local/lib/python3.8/site-packages/airflow/example_dags/tutorial_objectstorage.py took 0.032 seconds
[2025-05-04T22:45:37.908+0000] {processor.py:161} INFO - Started process (PID=1054) to work on /home/airflow/.local/lib/python3.8/site-packages/airflow/example_dags/tutorial_objectstorage.py
[2025-05-04T22:45:37.909+0000] {processor.py:830} INFO - Processing file /home/airflow/.local/lib/python3.8/site-packages/airflow/example_dags/tutorial_objectstorage.py for tasks to queue
[2025-05-04T22:45:37.910+0000] {logging_mixin.py:188} INFO - [2025-05-04T22:45:37.910+0000] {dagbag.py:538} INFO - Filling up the DagBag from /home/airflow/.local/lib/python3.8/site-packages/airflow/example_dags/tutorial_objectstorage.py
[2025-05-04T22:45:37.913+0000] {processor.py:840} INFO - DAG(s) 'tutorial_objectstorage' retrieved from /home/airflow/.local/lib/python3.8/site-packages/airflow/example_dags/tutorial_objectstorage.py
[2025-05-04T22:45:37.924+0000] {logging_mixin.py:188} INFO - [2025-05-04T22:45:37.924+0000] {dag.py:3033} INFO - Sync 1 DAGs
[2025-05-04T22:45:37.930+0000] {logging_mixin.py:188} INFO - [2025-05-04T22:45:37.930+0000] {dag.py:3820} INFO - Setting next_dagrun for tutorial_objectstorage to None, run_after=None
[2025-05-04T22:45:37.942+0000] {processor.py:183} INFO - Processing /home/airflow/.local/lib/python3.8/site-packages/airflow/example_dags/tutorial_objectstorage.py took 0.035 seconds
[2025-05-04T22:46:30.845+0000] {processor.py:161} INFO - Started process (PID=46) to work on /home/airflow/.local/lib/python3.8/site-packages/airflow/example_dags/tutorial_objectstorage.py
[2025-05-04T22:46:30.847+0000] {processor.py:830} INFO - Processing file /home/airflow/.local/lib/python3.8/site-packages/airflow/example_dags/tutorial_objectstorage.py for tasks to queue
[2025-05-04T22:46:30.850+0000] {logging_mixin.py:188} INFO - [2025-05-04T22:46:30.850+0000] {dagbag.py:538} INFO - Filling up the DagBag from /home/airflow/.local/lib/python3.8/site-packages/airflow/example_dags/tutorial_objectstorage.py
[2025-05-04T22:46:30.859+0000] {processor.py:840} INFO - DAG(s) 'tutorial_objectstorage' retrieved from /home/airflow/.local/lib/python3.8/site-packages/airflow/example_dags/tutorial_objectstorage.py
[2025-05-04T22:46:30.885+0000] {logging_mixin.py:188} INFO - [2025-05-04T22:46:30.884+0000] {dag.py:3033} INFO - Sync 1 DAGs
[2025-05-04T22:46:30.908+0000] {logging_mixin.py:188} INFO - [2025-05-04T22:46:30.908+0000] {dag.py:3820} INFO - Setting next_dagrun for tutorial_objectstorage to None, run_after=None
[2025-05-04T22:46:30.952+0000] {processor.py:183} INFO - Processing /home/airflow/.local/lib/python3.8/site-packages/airflow/example_dags/tutorial_objectstorage.py took 0.115 seconds
[2025-05-04T22:46:55.503+0000] {processor.py:161} INFO - Started process (PID=45) to work on /home/airflow/.local/lib/python3.8/site-packages/airflow/example_dags/tutorial_objectstorage.py
[2025-05-04T22:46:55.504+0000] {processor.py:830} INFO - Processing file /home/airflow/.local/lib/python3.8/site-packages/airflow/example_dags/tutorial_objectstorage.py for tasks to queue
[2025-05-04T22:46:55.506+0000] {logging_mixin.py:188} INFO - [2025-05-04T22:46:55.506+0000] {dagbag.py:538} INFO - Filling up the DagBag from /home/airflow/.local/lib/python3.8/site-packages/airflow/example_dags/tutorial_objectstorage.py
[2025-05-04T22:46:55.511+0000] {processor.py:840} INFO - DAG(s) 'tutorial_objectstorage' retrieved from /home/airflow/.local/lib/python3.8/site-packages/airflow/example_dags/tutorial_objectstorage.py
[2025-05-04T22:46:55.527+0000] {logging_mixin.py:188} INFO - [2025-05-04T22:46:55.527+0000] {dag.py:3033} INFO - Sync 1 DAGs
[2025-05-04T22:46:55.541+0000] {logging_mixin.py:188} INFO - [2025-05-04T22:46:55.540+0000] {dag.py:3820} INFO - Setting next_dagrun for tutorial_objectstorage to None, run_after=None
[2025-05-04T22:46:55.566+0000] {processor.py:183} INFO - Processing /home/airflow/.local/lib/python3.8/site-packages/airflow/example_dags/tutorial_objectstorage.py took 0.066 seconds
[2025-05-04T22:47:51.046+0000] {processor.py:161} INFO - Started process (PID=40) to work on /home/airflow/.local/lib/python3.8/site-packages/airflow/example_dags/tutorial_objectstorage.py
[2025-05-04T22:47:51.047+0000] {processor.py:830} INFO - Processing file /home/airflow/.local/lib/python3.8/site-packages/airflow/example_dags/tutorial_objectstorage.py for tasks to queue
[2025-05-04T22:47:51.048+0000] {logging_mixin.py:188} INFO - [2025-05-04T22:47:51.048+0000] {dagbag.py:538} INFO - Filling up the DagBag from /home/airflow/.local/lib/python3.8/site-packages/airflow/example_dags/tutorial_objectstorage.py
[2025-05-04T22:47:51.051+0000] {processor.py:840} INFO - DAG(s) 'tutorial_objectstorage' retrieved from /home/airflow/.local/lib/python3.8/site-packages/airflow/example_dags/tutorial_objectstorage.py
[2025-05-04T22:47:51.065+0000] {logging_mixin.py:188} INFO - [2025-05-04T22:47:51.065+0000] {dag.py:3033} INFO - Sync 1 DAGs
[2025-05-04T22:47:51.074+0000] {logging_mixin.py:188} INFO - [2025-05-04T22:47:51.074+0000] {dag.py:3820} INFO - Setting next_dagrun for tutorial_objectstorage to None, run_after=None
[2025-05-04T22:47:51.088+0000] {processor.py:183} INFO - Processing /home/airflow/.local/lib/python3.8/site-packages/airflow/example_dags/tutorial_objectstorage.py took 0.044 seconds
[2025-05-04T22:48:21.510+0000] {processor.py:161} INFO - Started process (PID=102) to work on /home/airflow/.local/lib/python3.8/site-packages/airflow/example_dags/tutorial_objectstorage.py
[2025-05-04T22:48:21.510+0000] {processor.py:830} INFO - Processing file /home/airflow/.local/lib/python3.8/site-packages/airflow/example_dags/tutorial_objectstorage.py for tasks to queue
[2025-05-04T22:48:21.511+0000] {logging_mixin.py:188} INFO - [2025-05-04T22:48:21.511+0000] {dagbag.py:538} INFO - Filling up the DagBag from /home/airflow/.local/lib/python3.8/site-packages/airflow/example_dags/tutorial_objectstorage.py
[2025-05-04T22:48:21.514+0000] {processor.py:840} INFO - DAG(s) 'tutorial_objectstorage' retrieved from /home/airflow/.local/lib/python3.8/site-packages/airflow/example_dags/tutorial_objectstorage.py
[2025-05-04T22:48:21.566+0000] {logging_mixin.py:188} INFO - [2025-05-04T22:48:21.566+0000] {dag.py:3033} INFO - Sync 1 DAGs
[2025-05-04T22:48:21.570+0000] {logging_mixin.py:188} INFO - [2025-05-04T22:48:21.570+0000] {dag.py:3820} INFO - Setting next_dagrun for tutorial_objectstorage to None, run_after=None
[2025-05-04T22:48:21.577+0000] {processor.py:183} INFO - Processing /home/airflow/.local/lib/python3.8/site-packages/airflow/example_dags/tutorial_objectstorage.py took 0.069 seconds
[2025-05-04T22:48:51.774+0000] {processor.py:161} INFO - Started process (PID=158) to work on /home/airflow/.local/lib/python3.8/site-packages/airflow/example_dags/tutorial_objectstorage.py
[2025-05-04T22:48:51.774+0000] {processor.py:830} INFO - Processing file /home/airflow/.local/lib/python3.8/site-packages/airflow/example_dags/tutorial_objectstorage.py for tasks to queue
[2025-05-04T22:48:51.775+0000] {logging_mixin.py:188} INFO - [2025-05-04T22:48:51.775+0000] {dagbag.py:538} INFO - Filling up the DagBag from /home/airflow/.local/lib/python3.8/site-packages/airflow/example_dags/tutorial_objectstorage.py
[2025-05-04T22:48:51.779+0000] {processor.py:840} INFO - DAG(s) 'tutorial_objectstorage' retrieved from /home/airflow/.local/lib/python3.8/site-packages/airflow/example_dags/tutorial_objectstorage.py
[2025-05-04T22:48:51.791+0000] {logging_mixin.py:188} INFO - [2025-05-04T22:48:51.791+0000] {dag.py:3033} INFO - Sync 1 DAGs
[2025-05-04T22:48:51.798+0000] {logging_mixin.py:188} INFO - [2025-05-04T22:48:51.798+0000] {dag.py:3820} INFO - Setting next_dagrun for tutorial_objectstorage to None, run_after=None
[2025-05-04T22:48:51.806+0000] {processor.py:183} INFO - Processing /home/airflow/.local/lib/python3.8/site-packages/airflow/example_dags/tutorial_objectstorage.py took 0.034 seconds
[2025-05-04T22:49:22.668+0000] {processor.py:161} INFO - Started process (PID=214) to work on /home/airflow/.local/lib/python3.8/site-packages/airflow/example_dags/tutorial_objectstorage.py
[2025-05-04T22:49:22.668+0000] {processor.py:830} INFO - Processing file /home/airflow/.local/lib/python3.8/site-packages/airflow/example_dags/tutorial_objectstorage.py for tasks to queue
[2025-05-04T22:49:22.669+0000] {logging_mixin.py:188} INFO - [2025-05-04T22:49:22.669+0000] {dagbag.py:538} INFO - Filling up the DagBag from /home/airflow/.local/lib/python3.8/site-packages/airflow/example_dags/tutorial_objectstorage.py
[2025-05-04T22:49:22.673+0000] {processor.py:840} INFO - DAG(s) 'tutorial_objectstorage' retrieved from /home/airflow/.local/lib/python3.8/site-packages/airflow/example_dags/tutorial_objectstorage.py
[2025-05-04T22:49:22.685+0000] {logging_mixin.py:188} INFO - [2025-05-04T22:49:22.685+0000] {dag.py:3033} INFO - Sync 1 DAGs
[2025-05-04T22:49:22.691+0000] {logging_mixin.py:188} INFO - [2025-05-04T22:49:22.691+0000] {dag.py:3820} INFO - Setting next_dagrun for tutorial_objectstorage to None, run_after=None
[2025-05-04T22:49:22.700+0000] {processor.py:183} INFO - Processing /home/airflow/.local/lib/python3.8/site-packages/airflow/example_dags/tutorial_objectstorage.py took 0.035 seconds
[2025-05-04T22:49:53.403+0000] {processor.py:161} INFO - Started process (PID=270) to work on /home/airflow/.local/lib/python3.8/site-packages/airflow/example_dags/tutorial_objectstorage.py
[2025-05-04T22:49:53.404+0000] {processor.py:830} INFO - Processing file /home/airflow/.local/lib/python3.8/site-packages/airflow/example_dags/tutorial_objectstorage.py for tasks to queue
[2025-05-04T22:49:53.405+0000] {logging_mixin.py:188} INFO - [2025-05-04T22:49:53.405+0000] {dagbag.py:538} INFO - Filling up the DagBag from /home/airflow/.local/lib/python3.8/site-packages/airflow/example_dags/tutorial_objectstorage.py
[2025-05-04T22:49:53.408+0000] {processor.py:840} INFO - DAG(s) 'tutorial_objectstorage' retrieved from /home/airflow/.local/lib/python3.8/site-packages/airflow/example_dags/tutorial_objectstorage.py
[2025-05-04T22:49:53.417+0000] {logging_mixin.py:188} INFO - [2025-05-04T22:49:53.417+0000] {dag.py:3033} INFO - Sync 1 DAGs
[2025-05-04T22:49:53.422+0000] {logging_mixin.py:188} INFO - [2025-05-04T22:49:53.422+0000] {dag.py:3820} INFO - Setting next_dagrun for tutorial_objectstorage to None, run_after=None
[2025-05-04T22:49:53.434+0000] {processor.py:183} INFO - Processing /home/airflow/.local/lib/python3.8/site-packages/airflow/example_dags/tutorial_objectstorage.py took 0.032 seconds
[2025-05-04T22:50:24.054+0000] {processor.py:161} INFO - Started process (PID=326) to work on /home/airflow/.local/lib/python3.8/site-packages/airflow/example_dags/tutorial_objectstorage.py
[2025-05-04T22:50:24.055+0000] {processor.py:830} INFO - Processing file /home/airflow/.local/lib/python3.8/site-packages/airflow/example_dags/tutorial_objectstorage.py for tasks to queue
[2025-05-04T22:50:24.056+0000] {logging_mixin.py:188} INFO - [2025-05-04T22:50:24.056+0000] {dagbag.py:538} INFO - Filling up the DagBag from /home/airflow/.local/lib/python3.8/site-packages/airflow/example_dags/tutorial_objectstorage.py
[2025-05-04T22:50:24.061+0000] {processor.py:840} INFO - DAG(s) 'tutorial_objectstorage' retrieved from /home/airflow/.local/lib/python3.8/site-packages/airflow/example_dags/tutorial_objectstorage.py
[2025-05-04T22:50:24.071+0000] {logging_mixin.py:188} INFO - [2025-05-04T22:50:24.071+0000] {dag.py:3033} INFO - Sync 1 DAGs
[2025-05-04T22:50:24.077+0000] {logging_mixin.py:188} INFO - [2025-05-04T22:50:24.076+0000] {dag.py:3820} INFO - Setting next_dagrun for tutorial_objectstorage to None, run_after=None
[2025-05-04T22:50:24.089+0000] {processor.py:183} INFO - Processing /home/airflow/.local/lib/python3.8/site-packages/airflow/example_dags/tutorial_objectstorage.py took 0.037 seconds
[2025-05-04T22:50:57.670+0000] {processor.py:161} INFO - Started process (PID=40) to work on /home/airflow/.local/lib/python3.8/site-packages/airflow/example_dags/tutorial_objectstorage.py
[2025-05-04T22:50:57.671+0000] {processor.py:830} INFO - Processing file /home/airflow/.local/lib/python3.8/site-packages/airflow/example_dags/tutorial_objectstorage.py for tasks to queue
[2025-05-04T22:50:57.673+0000] {logging_mixin.py:188} INFO - [2025-05-04T22:50:57.672+0000] {dagbag.py:538} INFO - Filling up the DagBag from /home/airflow/.local/lib/python3.8/site-packages/airflow/example_dags/tutorial_objectstorage.py
[2025-05-04T22:50:57.677+0000] {processor.py:840} INFO - DAG(s) 'tutorial_objectstorage' retrieved from /home/airflow/.local/lib/python3.8/site-packages/airflow/example_dags/tutorial_objectstorage.py
[2025-05-04T22:50:57.694+0000] {logging_mixin.py:188} INFO - [2025-05-04T22:50:57.693+0000] {dag.py:3033} INFO - Sync 1 DAGs
[2025-05-04T22:50:57.706+0000] {logging_mixin.py:188} INFO - [2025-05-04T22:50:57.706+0000] {dag.py:3820} INFO - Setting next_dagrun for tutorial_objectstorage to None, run_after=None
[2025-05-04T22:50:57.747+0000] {processor.py:183} INFO - Processing /home/airflow/.local/lib/python3.8/site-packages/airflow/example_dags/tutorial_objectstorage.py took 0.081 seconds
[2025-05-04T22:51:28.064+0000] {processor.py:161} INFO - Started process (PID=102) to work on /home/airflow/.local/lib/python3.8/site-packages/airflow/example_dags/tutorial_objectstorage.py
[2025-05-04T22:51:28.065+0000] {processor.py:830} INFO - Processing file /home/airflow/.local/lib/python3.8/site-packages/airflow/example_dags/tutorial_objectstorage.py for tasks to queue
[2025-05-04T22:51:28.066+0000] {logging_mixin.py:188} INFO - [2025-05-04T22:51:28.065+0000] {dagbag.py:538} INFO - Filling up the DagBag from /home/airflow/.local/lib/python3.8/site-packages/airflow/example_dags/tutorial_objectstorage.py
[2025-05-04T22:51:28.068+0000] {processor.py:840} INFO - DAG(s) 'tutorial_objectstorage' retrieved from /home/airflow/.local/lib/python3.8/site-packages/airflow/example_dags/tutorial_objectstorage.py
[2025-05-04T22:51:28.113+0000] {logging_mixin.py:188} INFO - [2025-05-04T22:51:28.113+0000] {dag.py:3033} INFO - Sync 1 DAGs
[2025-05-04T22:51:28.119+0000] {logging_mixin.py:188} INFO - [2025-05-04T22:51:28.119+0000] {dag.py:3820} INFO - Setting next_dagrun for tutorial_objectstorage to None, run_after=None
[2025-05-04T22:51:28.132+0000] {processor.py:183} INFO - Processing /home/airflow/.local/lib/python3.8/site-packages/airflow/example_dags/tutorial_objectstorage.py took 0.070 seconds
[2025-05-04T22:51:58.425+0000] {processor.py:161} INFO - Started process (PID=158) to work on /home/airflow/.local/lib/python3.8/site-packages/airflow/example_dags/tutorial_objectstorage.py
[2025-05-04T22:51:58.425+0000] {processor.py:830} INFO - Processing file /home/airflow/.local/lib/python3.8/site-packages/airflow/example_dags/tutorial_objectstorage.py for tasks to queue
[2025-05-04T22:51:58.430+0000] {logging_mixin.py:188} INFO - [2025-05-04T22:51:58.429+0000] {dagbag.py:538} INFO - Filling up the DagBag from /home/airflow/.local/lib/python3.8/site-packages/airflow/example_dags/tutorial_objectstorage.py
[2025-05-04T22:51:58.433+0000] {processor.py:840} INFO - DAG(s) 'tutorial_objectstorage' retrieved from /home/airflow/.local/lib/python3.8/site-packages/airflow/example_dags/tutorial_objectstorage.py
[2025-05-04T22:51:58.443+0000] {logging_mixin.py:188} INFO - [2025-05-04T22:51:58.442+0000] {dag.py:3033} INFO - Sync 1 DAGs
[2025-05-04T22:51:58.451+0000] {logging_mixin.py:188} INFO - [2025-05-04T22:51:58.450+0000] {dag.py:3820} INFO - Setting next_dagrun for tutorial_objectstorage to None, run_after=None
[2025-05-04T22:51:58.462+0000] {processor.py:183} INFO - Processing /home/airflow/.local/lib/python3.8/site-packages/airflow/example_dags/tutorial_objectstorage.py took 0.039 seconds
[2025-05-04T22:52:29.222+0000] {processor.py:161} INFO - Started process (PID=214) to work on /home/airflow/.local/lib/python3.8/site-packages/airflow/example_dags/tutorial_objectstorage.py
[2025-05-04T22:52:29.223+0000] {processor.py:830} INFO - Processing file /home/airflow/.local/lib/python3.8/site-packages/airflow/example_dags/tutorial_objectstorage.py for tasks to queue
[2025-05-04T22:52:29.224+0000] {logging_mixin.py:188} INFO - [2025-05-04T22:52:29.224+0000] {dagbag.py:538} INFO - Filling up the DagBag from /home/airflow/.local/lib/python3.8/site-packages/airflow/example_dags/tutorial_objectstorage.py
[2025-05-04T22:52:29.228+0000] {processor.py:840} INFO - DAG(s) 'tutorial_objectstorage' retrieved from /home/airflow/.local/lib/python3.8/site-packages/airflow/example_dags/tutorial_objectstorage.py
[2025-05-04T22:52:29.241+0000] {logging_mixin.py:188} INFO - [2025-05-04T22:52:29.241+0000] {dag.py:3033} INFO - Sync 1 DAGs
[2025-05-04T22:52:29.247+0000] {logging_mixin.py:188} INFO - [2025-05-04T22:52:29.247+0000] {dag.py:3820} INFO - Setting next_dagrun for tutorial_objectstorage to None, run_after=None
[2025-05-04T22:52:29.255+0000] {processor.py:183} INFO - Processing /home/airflow/.local/lib/python3.8/site-packages/airflow/example_dags/tutorial_objectstorage.py took 0.035 seconds
[2025-05-04T22:52:59.845+0000] {processor.py:161} INFO - Started process (PID=270) to work on /home/airflow/.local/lib/python3.8/site-packages/airflow/example_dags/tutorial_objectstorage.py
[2025-05-04T22:52:59.845+0000] {processor.py:830} INFO - Processing file /home/airflow/.local/lib/python3.8/site-packages/airflow/example_dags/tutorial_objectstorage.py for tasks to queue
[2025-05-04T22:52:59.846+0000] {logging_mixin.py:188} INFO - [2025-05-04T22:52:59.846+0000] {dagbag.py:538} INFO - Filling up the DagBag from /home/airflow/.local/lib/python3.8/site-packages/airflow/example_dags/tutorial_objectstorage.py
[2025-05-04T22:52:59.849+0000] {processor.py:840} INFO - DAG(s) 'tutorial_objectstorage' retrieved from /home/airflow/.local/lib/python3.8/site-packages/airflow/example_dags/tutorial_objectstorage.py
[2025-05-04T22:52:59.859+0000] {logging_mixin.py:188} INFO - [2025-05-04T22:52:59.859+0000] {dag.py:3033} INFO - Sync 1 DAGs
[2025-05-04T22:52:59.864+0000] {logging_mixin.py:188} INFO - [2025-05-04T22:52:59.864+0000] {dag.py:3820} INFO - Setting next_dagrun for tutorial_objectstorage to None, run_after=None
[2025-05-04T22:52:59.872+0000] {processor.py:183} INFO - Processing /home/airflow/.local/lib/python3.8/site-packages/airflow/example_dags/tutorial_objectstorage.py took 0.029 seconds
[2025-05-04T22:58:00.182+0000] {processor.py:161} INFO - Started process (PID=46) to work on /home/airflow/.local/lib/python3.8/site-packages/airflow/example_dags/tutorial_objectstorage.py
[2025-05-04T22:58:00.183+0000] {processor.py:830} INFO - Processing file /home/airflow/.local/lib/python3.8/site-packages/airflow/example_dags/tutorial_objectstorage.py for tasks to queue
[2025-05-04T22:58:00.184+0000] {logging_mixin.py:188} INFO - [2025-05-04T22:58:00.184+0000] {dagbag.py:538} INFO - Filling up the DagBag from /home/airflow/.local/lib/python3.8/site-packages/airflow/example_dags/tutorial_objectstorage.py
[2025-05-04T22:58:00.187+0000] {processor.py:840} INFO - DAG(s) 'tutorial_objectstorage' retrieved from /home/airflow/.local/lib/python3.8/site-packages/airflow/example_dags/tutorial_objectstorage.py
[2025-05-04T22:58:00.193+0000] {logging_mixin.py:188} INFO - [2025-05-04T22:58:00.193+0000] {dag.py:3033} INFO - Sync 1 DAGs
[2025-05-04T22:58:00.201+0000] {logging_mixin.py:188} INFO - [2025-05-04T22:58:00.201+0000] {dag.py:3820} INFO - Setting next_dagrun for tutorial_objectstorage to None, run_after=None
[2025-05-04T22:58:00.211+0000] {processor.py:183} INFO - Processing /home/airflow/.local/lib/python3.8/site-packages/airflow/example_dags/tutorial_objectstorage.py took 0.031 seconds
[2025-05-04T22:58:30.590+0000] {processor.py:161} INFO - Started process (PID=102) to work on /home/airflow/.local/lib/python3.8/site-packages/airflow/example_dags/tutorial_objectstorage.py
[2025-05-04T22:58:30.590+0000] {processor.py:830} INFO - Processing file /home/airflow/.local/lib/python3.8/site-packages/airflow/example_dags/tutorial_objectstorage.py for tasks to queue
[2025-05-04T22:58:30.591+0000] {logging_mixin.py:188} INFO - [2025-05-04T22:58:30.591+0000] {dagbag.py:538} INFO - Filling up the DagBag from /home/airflow/.local/lib/python3.8/site-packages/airflow/example_dags/tutorial_objectstorage.py
[2025-05-04T22:58:30.594+0000] {processor.py:840} INFO - DAG(s) 'tutorial_objectstorage' retrieved from /home/airflow/.local/lib/python3.8/site-packages/airflow/example_dags/tutorial_objectstorage.py
[2025-05-04T22:58:30.632+0000] {logging_mixin.py:188} INFO - [2025-05-04T22:58:30.632+0000] {dag.py:3033} INFO - Sync 1 DAGs
[2025-05-04T22:58:30.636+0000] {logging_mixin.py:188} INFO - [2025-05-04T22:58:30.636+0000] {dag.py:3820} INFO - Setting next_dagrun for tutorial_objectstorage to None, run_after=None
[2025-05-04T22:58:30.643+0000] {processor.py:183} INFO - Processing /home/airflow/.local/lib/python3.8/site-packages/airflow/example_dags/tutorial_objectstorage.py took 0.055 seconds
[2025-05-04T22:59:01.031+0000] {processor.py:161} INFO - Started process (PID=158) to work on /home/airflow/.local/lib/python3.8/site-packages/airflow/example_dags/tutorial_objectstorage.py
[2025-05-04T22:59:01.034+0000] {processor.py:830} INFO - Processing file /home/airflow/.local/lib/python3.8/site-packages/airflow/example_dags/tutorial_objectstorage.py for tasks to queue
[2025-05-04T22:59:01.035+0000] {logging_mixin.py:188} INFO - [2025-05-04T22:59:01.035+0000] {dagbag.py:538} INFO - Filling up the DagBag from /home/airflow/.local/lib/python3.8/site-packages/airflow/example_dags/tutorial_objectstorage.py
[2025-05-04T22:59:01.038+0000] {processor.py:840} INFO - DAG(s) 'tutorial_objectstorage' retrieved from /home/airflow/.local/lib/python3.8/site-packages/airflow/example_dags/tutorial_objectstorage.py
[2025-05-04T22:59:01.049+0000] {logging_mixin.py:188} INFO - [2025-05-04T22:59:01.049+0000] {dag.py:3033} INFO - Sync 1 DAGs
[2025-05-04T22:59:01.057+0000] {logging_mixin.py:188} INFO - [2025-05-04T22:59:01.056+0000] {dag.py:3820} INFO - Setting next_dagrun for tutorial_objectstorage to None, run_after=None
[2025-05-04T22:59:01.068+0000] {processor.py:183} INFO - Processing /home/airflow/.local/lib/python3.8/site-packages/airflow/example_dags/tutorial_objectstorage.py took 0.037 seconds
[2025-05-04T22:59:31.836+0000] {processor.py:161} INFO - Started process (PID=214) to work on /home/airflow/.local/lib/python3.8/site-packages/airflow/example_dags/tutorial_objectstorage.py
[2025-05-04T22:59:31.836+0000] {processor.py:830} INFO - Processing file /home/airflow/.local/lib/python3.8/site-packages/airflow/example_dags/tutorial_objectstorage.py for tasks to queue
[2025-05-04T22:59:31.837+0000] {logging_mixin.py:188} INFO - [2025-05-04T22:59:31.837+0000] {dagbag.py:538} INFO - Filling up the DagBag from /home/airflow/.local/lib/python3.8/site-packages/airflow/example_dags/tutorial_objectstorage.py
[2025-05-04T22:59:31.842+0000] {processor.py:840} INFO - DAG(s) 'tutorial_objectstorage' retrieved from /home/airflow/.local/lib/python3.8/site-packages/airflow/example_dags/tutorial_objectstorage.py
[2025-05-04T22:59:31.855+0000] {logging_mixin.py:188} INFO - [2025-05-04T22:59:31.855+0000] {dag.py:3033} INFO - Sync 1 DAGs
[2025-05-04T22:59:31.860+0000] {logging_mixin.py:188} INFO - [2025-05-04T22:59:31.860+0000] {dag.py:3820} INFO - Setting next_dagrun for tutorial_objectstorage to None, run_after=None
[2025-05-04T22:59:31.870+0000] {processor.py:183} INFO - Processing /home/airflow/.local/lib/python3.8/site-packages/airflow/example_dags/tutorial_objectstorage.py took 0.036 seconds
[2025-05-04T23:00:02.672+0000] {processor.py:161} INFO - Started process (PID=270) to work on /home/airflow/.local/lib/python3.8/site-packages/airflow/example_dags/tutorial_objectstorage.py
[2025-05-04T23:00:02.673+0000] {processor.py:830} INFO - Processing file /home/airflow/.local/lib/python3.8/site-packages/airflow/example_dags/tutorial_objectstorage.py for tasks to queue
[2025-05-04T23:00:02.674+0000] {logging_mixin.py:188} INFO - [2025-05-04T23:00:02.674+0000] {dagbag.py:538} INFO - Filling up the DagBag from /home/airflow/.local/lib/python3.8/site-packages/airflow/example_dags/tutorial_objectstorage.py
[2025-05-04T23:00:02.677+0000] {processor.py:840} INFO - DAG(s) 'tutorial_objectstorage' retrieved from /home/airflow/.local/lib/python3.8/site-packages/airflow/example_dags/tutorial_objectstorage.py
[2025-05-04T23:00:02.692+0000] {logging_mixin.py:188} INFO - [2025-05-04T23:00:02.692+0000] {dag.py:3033} INFO - Sync 1 DAGs
[2025-05-04T23:00:02.697+0000] {logging_mixin.py:188} INFO - [2025-05-04T23:00:02.697+0000] {dag.py:3820} INFO - Setting next_dagrun for tutorial_objectstorage to None, run_after=None
[2025-05-04T23:00:02.707+0000] {processor.py:183} INFO - Processing /home/airflow/.local/lib/python3.8/site-packages/airflow/example_dags/tutorial_objectstorage.py took 0.037 seconds
[2025-05-04T23:00:33.351+0000] {processor.py:161} INFO - Started process (PID=326) to work on /home/airflow/.local/lib/python3.8/site-packages/airflow/example_dags/tutorial_objectstorage.py
[2025-05-04T23:00:33.351+0000] {processor.py:830} INFO - Processing file /home/airflow/.local/lib/python3.8/site-packages/airflow/example_dags/tutorial_objectstorage.py for tasks to queue
[2025-05-04T23:00:33.352+0000] {logging_mixin.py:188} INFO - [2025-05-04T23:00:33.352+0000] {dagbag.py:538} INFO - Filling up the DagBag from /home/airflow/.local/lib/python3.8/site-packages/airflow/example_dags/tutorial_objectstorage.py
[2025-05-04T23:00:33.356+0000] {processor.py:840} INFO - DAG(s) 'tutorial_objectstorage' retrieved from /home/airflow/.local/lib/python3.8/site-packages/airflow/example_dags/tutorial_objectstorage.py
[2025-05-04T23:00:33.368+0000] {logging_mixin.py:188} INFO - [2025-05-04T23:00:33.368+0000] {dag.py:3033} INFO - Sync 1 DAGs
[2025-05-04T23:00:33.375+0000] {logging_mixin.py:188} INFO - [2025-05-04T23:00:33.375+0000] {dag.py:3820} INFO - Setting next_dagrun for tutorial_objectstorage to None, run_after=None
[2025-05-04T23:00:33.386+0000] {processor.py:183} INFO - Processing /home/airflow/.local/lib/python3.8/site-packages/airflow/example_dags/tutorial_objectstorage.py took 0.037 seconds
[2025-05-04T23:01:04.046+0000] {processor.py:161} INFO - Started process (PID=388) to work on /home/airflow/.local/lib/python3.8/site-packages/airflow/example_dags/tutorial_objectstorage.py
[2025-05-04T23:01:04.047+0000] {processor.py:830} INFO - Processing file /home/airflow/.local/lib/python3.8/site-packages/airflow/example_dags/tutorial_objectstorage.py for tasks to queue
[2025-05-04T23:01:04.049+0000] {logging_mixin.py:188} INFO - [2025-05-04T23:01:04.049+0000] {dagbag.py:538} INFO - Filling up the DagBag from /home/airflow/.local/lib/python3.8/site-packages/airflow/example_dags/tutorial_objectstorage.py
[2025-05-04T23:01:04.052+0000] {processor.py:840} INFO - DAG(s) 'tutorial_objectstorage' retrieved from /home/airflow/.local/lib/python3.8/site-packages/airflow/example_dags/tutorial_objectstorage.py
[2025-05-04T23:01:04.062+0000] {logging_mixin.py:188} INFO - [2025-05-04T23:01:04.062+0000] {dag.py:3033} INFO - Sync 1 DAGs
[2025-05-04T23:01:04.067+0000] {logging_mixin.py:188} INFO - [2025-05-04T23:01:04.067+0000] {dag.py:3820} INFO - Setting next_dagrun for tutorial_objectstorage to None, run_after=None
[2025-05-04T23:01:04.074+0000] {processor.py:183} INFO - Processing /home/airflow/.local/lib/python3.8/site-packages/airflow/example_dags/tutorial_objectstorage.py took 0.029 seconds
[2025-05-04T23:01:34.643+0000] {processor.py:161} INFO - Started process (PID=444) to work on /home/airflow/.local/lib/python3.8/site-packages/airflow/example_dags/tutorial_objectstorage.py
[2025-05-04T23:01:34.645+0000] {processor.py:830} INFO - Processing file /home/airflow/.local/lib/python3.8/site-packages/airflow/example_dags/tutorial_objectstorage.py for tasks to queue
[2025-05-04T23:01:34.646+0000] {logging_mixin.py:188} INFO - [2025-05-04T23:01:34.646+0000] {dagbag.py:538} INFO - Filling up the DagBag from /home/airflow/.local/lib/python3.8/site-packages/airflow/example_dags/tutorial_objectstorage.py
[2025-05-04T23:01:34.651+0000] {processor.py:840} INFO - DAG(s) 'tutorial_objectstorage' retrieved from /home/airflow/.local/lib/python3.8/site-packages/airflow/example_dags/tutorial_objectstorage.py
[2025-05-04T23:01:34.661+0000] {logging_mixin.py:188} INFO - [2025-05-04T23:01:34.661+0000] {dag.py:3033} INFO - Sync 1 DAGs
[2025-05-04T23:01:34.666+0000] {logging_mixin.py:188} INFO - [2025-05-04T23:01:34.666+0000] {dag.py:3820} INFO - Setting next_dagrun for tutorial_objectstorage to None, run_after=None
[2025-05-04T23:01:34.677+0000] {processor.py:183} INFO - Processing /home/airflow/.local/lib/python3.8/site-packages/airflow/example_dags/tutorial_objectstorage.py took 0.036 seconds
[2025-05-04T23:02:05.202+0000] {processor.py:161} INFO - Started process (PID=500) to work on /home/airflow/.local/lib/python3.8/site-packages/airflow/example_dags/tutorial_objectstorage.py
[2025-05-04T23:02:05.202+0000] {processor.py:830} INFO - Processing file /home/airflow/.local/lib/python3.8/site-packages/airflow/example_dags/tutorial_objectstorage.py for tasks to queue
[2025-05-04T23:02:05.204+0000] {logging_mixin.py:188} INFO - [2025-05-04T23:02:05.204+0000] {dagbag.py:538} INFO - Filling up the DagBag from /home/airflow/.local/lib/python3.8/site-packages/airflow/example_dags/tutorial_objectstorage.py
[2025-05-04T23:02:05.207+0000] {processor.py:840} INFO - DAG(s) 'tutorial_objectstorage' retrieved from /home/airflow/.local/lib/python3.8/site-packages/airflow/example_dags/tutorial_objectstorage.py
[2025-05-04T23:02:05.216+0000] {logging_mixin.py:188} INFO - [2025-05-04T23:02:05.216+0000] {dag.py:3033} INFO - Sync 1 DAGs
[2025-05-04T23:02:05.221+0000] {logging_mixin.py:188} INFO - [2025-05-04T23:02:05.221+0000] {dag.py:3820} INFO - Setting next_dagrun for tutorial_objectstorage to None, run_after=None
[2025-05-04T23:02:05.232+0000] {processor.py:183} INFO - Processing /home/airflow/.local/lib/python3.8/site-packages/airflow/example_dags/tutorial_objectstorage.py took 0.031 seconds
[2025-05-04T23:02:35.705+0000] {processor.py:161} INFO - Started process (PID=556) to work on /home/airflow/.local/lib/python3.8/site-packages/airflow/example_dags/tutorial_objectstorage.py
[2025-05-04T23:02:35.706+0000] {processor.py:830} INFO - Processing file /home/airflow/.local/lib/python3.8/site-packages/airflow/example_dags/tutorial_objectstorage.py for tasks to queue
[2025-05-04T23:02:35.708+0000] {logging_mixin.py:188} INFO - [2025-05-04T23:02:35.708+0000] {dagbag.py:538} INFO - Filling up the DagBag from /home/airflow/.local/lib/python3.8/site-packages/airflow/example_dags/tutorial_objectstorage.py
[2025-05-04T23:02:35.712+0000] {processor.py:840} INFO - DAG(s) 'tutorial_objectstorage' retrieved from /home/airflow/.local/lib/python3.8/site-packages/airflow/example_dags/tutorial_objectstorage.py
[2025-05-04T23:02:35.724+0000] {logging_mixin.py:188} INFO - [2025-05-04T23:02:35.724+0000] {dag.py:3033} INFO - Sync 1 DAGs
[2025-05-04T23:02:35.729+0000] {logging_mixin.py:188} INFO - [2025-05-04T23:02:35.729+0000] {dag.py:3820} INFO - Setting next_dagrun for tutorial_objectstorage to None, run_after=None
[2025-05-04T23:02:35.738+0000] {processor.py:183} INFO - Processing /home/airflow/.local/lib/python3.8/site-packages/airflow/example_dags/tutorial_objectstorage.py took 0.034 seconds
[2025-05-04T23:03:06.531+0000] {processor.py:161} INFO - Started process (PID=612) to work on /home/airflow/.local/lib/python3.8/site-packages/airflow/example_dags/tutorial_objectstorage.py
[2025-05-04T23:03:06.532+0000] {processor.py:830} INFO - Processing file /home/airflow/.local/lib/python3.8/site-packages/airflow/example_dags/tutorial_objectstorage.py for tasks to queue
[2025-05-04T23:03:06.534+0000] {logging_mixin.py:188} INFO - [2025-05-04T23:03:06.534+0000] {dagbag.py:538} INFO - Filling up the DagBag from /home/airflow/.local/lib/python3.8/site-packages/airflow/example_dags/tutorial_objectstorage.py
[2025-05-04T23:03:06.537+0000] {processor.py:840} INFO - DAG(s) 'tutorial_objectstorage' retrieved from /home/airflow/.local/lib/python3.8/site-packages/airflow/example_dags/tutorial_objectstorage.py
[2025-05-04T23:03:06.551+0000] {logging_mixin.py:188} INFO - [2025-05-04T23:03:06.550+0000] {dag.py:3033} INFO - Sync 1 DAGs
[2025-05-04T23:03:06.557+0000] {logging_mixin.py:188} INFO - [2025-05-04T23:03:06.557+0000] {dag.py:3820} INFO - Setting next_dagrun for tutorial_objectstorage to None, run_after=None
[2025-05-04T23:03:06.567+0000] {processor.py:183} INFO - Processing /home/airflow/.local/lib/python3.8/site-packages/airflow/example_dags/tutorial_objectstorage.py took 0.039 seconds
[2025-05-04T23:03:37.096+0000] {processor.py:161} INFO - Started process (PID=668) to work on /home/airflow/.local/lib/python3.8/site-packages/airflow/example_dags/tutorial_objectstorage.py
[2025-05-04T23:03:37.099+0000] {processor.py:830} INFO - Processing file /home/airflow/.local/lib/python3.8/site-packages/airflow/example_dags/tutorial_objectstorage.py for tasks to queue
[2025-05-04T23:03:37.100+0000] {logging_mixin.py:188} INFO - [2025-05-04T23:03:37.100+0000] {dagbag.py:538} INFO - Filling up the DagBag from /home/airflow/.local/lib/python3.8/site-packages/airflow/example_dags/tutorial_objectstorage.py
[2025-05-04T23:03:37.103+0000] {processor.py:840} INFO - DAG(s) 'tutorial_objectstorage' retrieved from /home/airflow/.local/lib/python3.8/site-packages/airflow/example_dags/tutorial_objectstorage.py
[2025-05-04T23:03:37.114+0000] {logging_mixin.py:188} INFO - [2025-05-04T23:03:37.114+0000] {dag.py:3033} INFO - Sync 1 DAGs
[2025-05-04T23:03:37.120+0000] {logging_mixin.py:188} INFO - [2025-05-04T23:03:37.120+0000] {dag.py:3820} INFO - Setting next_dagrun for tutorial_objectstorage to None, run_after=None
[2025-05-04T23:03:37.127+0000] {processor.py:183} INFO - Processing /home/airflow/.local/lib/python3.8/site-packages/airflow/example_dags/tutorial_objectstorage.py took 0.033 seconds
[2025-05-04T23:04:27.976+0000] {processor.py:161} INFO - Started process (PID=51) to work on /home/airflow/.local/lib/python3.8/site-packages/airflow/example_dags/tutorial_objectstorage.py
[2025-05-04T23:04:27.978+0000] {processor.py:830} INFO - Processing file /home/airflow/.local/lib/python3.8/site-packages/airflow/example_dags/tutorial_objectstorage.py for tasks to queue
[2025-05-04T23:04:27.984+0000] {logging_mixin.py:188} INFO - [2025-05-04T23:04:27.983+0000] {dagbag.py:538} INFO - Filling up the DagBag from /home/airflow/.local/lib/python3.8/site-packages/airflow/example_dags/tutorial_objectstorage.py
[2025-05-04T23:04:27.991+0000] {processor.py:840} INFO - DAG(s) 'tutorial_objectstorage' retrieved from /home/airflow/.local/lib/python3.8/site-packages/airflow/example_dags/tutorial_objectstorage.py
[2025-05-04T23:04:28.002+0000] {logging_mixin.py:188} INFO - [2025-05-04T23:04:28.002+0000] {dag.py:3033} INFO - Sync 1 DAGs
[2025-05-04T23:04:28.009+0000] {logging_mixin.py:188} INFO - [2025-05-04T23:04:28.009+0000] {dag.py:3820} INFO - Setting next_dagrun for tutorial_objectstorage to None, run_after=None
[2025-05-04T23:04:28.040+0000] {processor.py:183} INFO - Processing /home/airflow/.local/lib/python3.8/site-packages/airflow/example_dags/tutorial_objectstorage.py took 0.068 seconds
[2025-05-04T23:04:58.087+0000] {processor.py:161} INFO - Started process (PID=107) to work on /home/airflow/.local/lib/python3.8/site-packages/airflow/example_dags/tutorial_objectstorage.py
[2025-05-04T23:04:58.088+0000] {processor.py:830} INFO - Processing file /home/airflow/.local/lib/python3.8/site-packages/airflow/example_dags/tutorial_objectstorage.py for tasks to queue
[2025-05-04T23:04:58.088+0000] {logging_mixin.py:188} INFO - [2025-05-04T23:04:58.088+0000] {dagbag.py:538} INFO - Filling up the DagBag from /home/airflow/.local/lib/python3.8/site-packages/airflow/example_dags/tutorial_objectstorage.py
[2025-05-04T23:04:58.092+0000] {processor.py:840} INFO - DAG(s) 'tutorial_objectstorage' retrieved from /home/airflow/.local/lib/python3.8/site-packages/airflow/example_dags/tutorial_objectstorage.py
[2025-05-04T23:04:58.130+0000] {logging_mixin.py:188} INFO - [2025-05-04T23:04:58.129+0000] {dag.py:3033} INFO - Sync 1 DAGs
[2025-05-04T23:04:58.134+0000] {logging_mixin.py:188} INFO - [2025-05-04T23:04:58.134+0000] {dag.py:3820} INFO - Setting next_dagrun for tutorial_objectstorage to None, run_after=None
[2025-05-04T23:04:58.149+0000] {processor.py:183} INFO - Processing /home/airflow/.local/lib/python3.8/site-packages/airflow/example_dags/tutorial_objectstorage.py took 0.063 seconds
[2025-05-04T23:05:28.416+0000] {processor.py:161} INFO - Started process (PID=163) to work on /home/airflow/.local/lib/python3.8/site-packages/airflow/example_dags/tutorial_objectstorage.py
[2025-05-04T23:05:28.417+0000] {processor.py:830} INFO - Processing file /home/airflow/.local/lib/python3.8/site-packages/airflow/example_dags/tutorial_objectstorage.py for tasks to queue
[2025-05-04T23:05:28.419+0000] {logging_mixin.py:188} INFO - [2025-05-04T23:05:28.418+0000] {dagbag.py:538} INFO - Filling up the DagBag from /home/airflow/.local/lib/python3.8/site-packages/airflow/example_dags/tutorial_objectstorage.py
[2025-05-04T23:05:28.423+0000] {processor.py:840} INFO - DAG(s) 'tutorial_objectstorage' retrieved from /home/airflow/.local/lib/python3.8/site-packages/airflow/example_dags/tutorial_objectstorage.py
[2025-05-04T23:05:28.436+0000] {logging_mixin.py:188} INFO - [2025-05-04T23:05:28.436+0000] {dag.py:3033} INFO - Sync 1 DAGs
[2025-05-04T23:05:28.442+0000] {logging_mixin.py:188} INFO - [2025-05-04T23:05:28.442+0000] {dag.py:3820} INFO - Setting next_dagrun for tutorial_objectstorage to None, run_after=None
[2025-05-04T23:05:28.456+0000] {processor.py:183} INFO - Processing /home/airflow/.local/lib/python3.8/site-packages/airflow/example_dags/tutorial_objectstorage.py took 0.042 seconds
[2025-05-04T23:05:58.747+0000] {processor.py:161} INFO - Started process (PID=218) to work on /home/airflow/.local/lib/python3.8/site-packages/airflow/example_dags/tutorial_objectstorage.py
[2025-05-04T23:05:58.748+0000] {processor.py:830} INFO - Processing file /home/airflow/.local/lib/python3.8/site-packages/airflow/example_dags/tutorial_objectstorage.py for tasks to queue
[2025-05-04T23:05:58.753+0000] {logging_mixin.py:188} INFO - [2025-05-04T23:05:58.752+0000] {dagbag.py:538} INFO - Filling up the DagBag from /home/airflow/.local/lib/python3.8/site-packages/airflow/example_dags/tutorial_objectstorage.py
[2025-05-04T23:05:59.024+0000] {logging_mixin.py:188} INFO - [2025-05-04T23:05:59.023+0000] {process_utils.py:262} INFO - Waiting up to 5 seconds for processes to exit...
[2025-05-04T23:06:30.765+0000] {processor.py:161} INFO - Started process (PID=46) to work on /home/airflow/.local/lib/python3.8/site-packages/airflow/example_dags/tutorial_objectstorage.py
[2025-05-04T23:06:30.766+0000] {processor.py:830} INFO - Processing file /home/airflow/.local/lib/python3.8/site-packages/airflow/example_dags/tutorial_objectstorage.py for tasks to queue
[2025-05-04T23:06:30.767+0000] {logging_mixin.py:188} INFO - [2025-05-04T23:06:30.767+0000] {dagbag.py:538} INFO - Filling up the DagBag from /home/airflow/.local/lib/python3.8/site-packages/airflow/example_dags/tutorial_objectstorage.py
[2025-05-04T23:06:30.771+0000] {processor.py:840} INFO - DAG(s) 'tutorial_objectstorage' retrieved from /home/airflow/.local/lib/python3.8/site-packages/airflow/example_dags/tutorial_objectstorage.py
[2025-05-04T23:06:30.778+0000] {logging_mixin.py:188} INFO - [2025-05-04T23:06:30.778+0000] {dag.py:3033} INFO - Sync 1 DAGs
[2025-05-04T23:06:30.785+0000] {logging_mixin.py:188} INFO - [2025-05-04T23:06:30.785+0000] {dag.py:3820} INFO - Setting next_dagrun for tutorial_objectstorage to None, run_after=None
[2025-05-04T23:06:30.804+0000] {processor.py:183} INFO - Processing /home/airflow/.local/lib/python3.8/site-packages/airflow/example_dags/tutorial_objectstorage.py took 0.042 seconds
[2025-05-04T23:07:01.013+0000] {processor.py:161} INFO - Started process (PID=102) to work on /home/airflow/.local/lib/python3.8/site-packages/airflow/example_dags/tutorial_objectstorage.py
[2025-05-04T23:07:01.015+0000] {processor.py:830} INFO - Processing file /home/airflow/.local/lib/python3.8/site-packages/airflow/example_dags/tutorial_objectstorage.py for tasks to queue
[2025-05-04T23:07:01.016+0000] {logging_mixin.py:188} INFO - [2025-05-04T23:07:01.016+0000] {dagbag.py:538} INFO - Filling up the DagBag from /home/airflow/.local/lib/python3.8/site-packages/airflow/example_dags/tutorial_objectstorage.py
[2025-05-04T23:07:01.020+0000] {processor.py:840} INFO - DAG(s) 'tutorial_objectstorage' retrieved from /home/airflow/.local/lib/python3.8/site-packages/airflow/example_dags/tutorial_objectstorage.py
[2025-05-04T23:07:01.067+0000] {logging_mixin.py:188} INFO - [2025-05-04T23:07:01.067+0000] {dag.py:3033} INFO - Sync 1 DAGs
[2025-05-04T23:07:01.072+0000] {logging_mixin.py:188} INFO - [2025-05-04T23:07:01.072+0000] {dag.py:3820} INFO - Setting next_dagrun for tutorial_objectstorage to None, run_after=None
[2025-05-04T23:07:01.084+0000] {processor.py:183} INFO - Processing /home/airflow/.local/lib/python3.8/site-packages/airflow/example_dags/tutorial_objectstorage.py took 0.073 seconds
[2025-05-04T23:07:31.206+0000] {processor.py:161} INFO - Started process (PID=158) to work on /home/airflow/.local/lib/python3.8/site-packages/airflow/example_dags/tutorial_objectstorage.py
[2025-05-04T23:07:31.206+0000] {processor.py:830} INFO - Processing file /home/airflow/.local/lib/python3.8/site-packages/airflow/example_dags/tutorial_objectstorage.py for tasks to queue
[2025-05-04T23:07:31.208+0000] {logging_mixin.py:188} INFO - [2025-05-04T23:07:31.208+0000] {dagbag.py:538} INFO - Filling up the DagBag from /home/airflow/.local/lib/python3.8/site-packages/airflow/example_dags/tutorial_objectstorage.py
[2025-05-04T23:07:31.211+0000] {processor.py:840} INFO - DAG(s) 'tutorial_objectstorage' retrieved from /home/airflow/.local/lib/python3.8/site-packages/airflow/example_dags/tutorial_objectstorage.py
[2025-05-04T23:07:31.228+0000] {logging_mixin.py:188} INFO - [2025-05-04T23:07:31.227+0000] {dag.py:3033} INFO - Sync 1 DAGs
[2025-05-04T23:07:31.235+0000] {logging_mixin.py:188} INFO - [2025-05-04T23:07:31.234+0000] {dag.py:3820} INFO - Setting next_dagrun for tutorial_objectstorage to None, run_after=None
[2025-05-04T23:07:31.244+0000] {processor.py:183} INFO - Processing /home/airflow/.local/lib/python3.8/site-packages/airflow/example_dags/tutorial_objectstorage.py took 0.041 seconds
[2025-05-04T23:08:01.808+0000] {processor.py:161} INFO - Started process (PID=214) to work on /home/airflow/.local/lib/python3.8/site-packages/airflow/example_dags/tutorial_objectstorage.py
[2025-05-04T23:08:01.811+0000] {processor.py:830} INFO - Processing file /home/airflow/.local/lib/python3.8/site-packages/airflow/example_dags/tutorial_objectstorage.py for tasks to queue
[2025-05-04T23:08:01.812+0000] {logging_mixin.py:188} INFO - [2025-05-04T23:08:01.812+0000] {dagbag.py:538} INFO - Filling up the DagBag from /home/airflow/.local/lib/python3.8/site-packages/airflow/example_dags/tutorial_objectstorage.py
[2025-05-04T23:08:01.816+0000] {processor.py:840} INFO - DAG(s) 'tutorial_objectstorage' retrieved from /home/airflow/.local/lib/python3.8/site-packages/airflow/example_dags/tutorial_objectstorage.py
[2025-05-04T23:08:01.824+0000] {logging_mixin.py:188} INFO - [2025-05-04T23:08:01.824+0000] {dag.py:3033} INFO - Sync 1 DAGs
[2025-05-04T23:08:01.829+0000] {logging_mixin.py:188} INFO - [2025-05-04T23:08:01.829+0000] {dag.py:3820} INFO - Setting next_dagrun for tutorial_objectstorage to None, run_after=None
[2025-05-04T23:08:01.836+0000] {processor.py:183} INFO - Processing /home/airflow/.local/lib/python3.8/site-packages/airflow/example_dags/tutorial_objectstorage.py took 0.030 seconds
[2025-05-04T23:08:32.432+0000] {processor.py:161} INFO - Started process (PID=276) to work on /home/airflow/.local/lib/python3.8/site-packages/airflow/example_dags/tutorial_objectstorage.py
[2025-05-04T23:08:32.432+0000] {processor.py:830} INFO - Processing file /home/airflow/.local/lib/python3.8/site-packages/airflow/example_dags/tutorial_objectstorage.py for tasks to queue
[2025-05-04T23:08:32.434+0000] {logging_mixin.py:188} INFO - [2025-05-04T23:08:32.434+0000] {dagbag.py:538} INFO - Filling up the DagBag from /home/airflow/.local/lib/python3.8/site-packages/airflow/example_dags/tutorial_objectstorage.py
[2025-05-04T23:08:32.438+0000] {processor.py:840} INFO - DAG(s) 'tutorial_objectstorage' retrieved from /home/airflow/.local/lib/python3.8/site-packages/airflow/example_dags/tutorial_objectstorage.py
[2025-05-04T23:08:32.446+0000] {logging_mixin.py:188} INFO - [2025-05-04T23:08:32.446+0000] {dag.py:3033} INFO - Sync 1 DAGs
[2025-05-04T23:08:32.453+0000] {logging_mixin.py:188} INFO - [2025-05-04T23:08:32.453+0000] {dag.py:3820} INFO - Setting next_dagrun for tutorial_objectstorage to None, run_after=None
[2025-05-04T23:08:32.463+0000] {processor.py:183} INFO - Processing /home/airflow/.local/lib/python3.8/site-packages/airflow/example_dags/tutorial_objectstorage.py took 0.034 seconds
[2025-05-04T23:09:03.099+0000] {processor.py:161} INFO - Started process (PID=331) to work on /home/airflow/.local/lib/python3.8/site-packages/airflow/example_dags/tutorial_objectstorage.py
[2025-05-04T23:09:03.099+0000] {processor.py:830} INFO - Processing file /home/airflow/.local/lib/python3.8/site-packages/airflow/example_dags/tutorial_objectstorage.py for tasks to queue
[2025-05-04T23:09:03.101+0000] {logging_mixin.py:188} INFO - [2025-05-04T23:09:03.101+0000] {dagbag.py:538} INFO - Filling up the DagBag from /home/airflow/.local/lib/python3.8/site-packages/airflow/example_dags/tutorial_objectstorage.py
[2025-05-04T23:09:03.104+0000] {processor.py:840} INFO - DAG(s) 'tutorial_objectstorage' retrieved from /home/airflow/.local/lib/python3.8/site-packages/airflow/example_dags/tutorial_objectstorage.py
[2025-05-04T23:09:03.115+0000] {logging_mixin.py:188} INFO - [2025-05-04T23:09:03.115+0000] {dag.py:3033} INFO - Sync 1 DAGs
[2025-05-04T23:09:03.122+0000] {logging_mixin.py:188} INFO - [2025-05-04T23:09:03.122+0000] {dag.py:3820} INFO - Setting next_dagrun for tutorial_objectstorage to None, run_after=None
[2025-05-04T23:09:03.131+0000] {processor.py:183} INFO - Processing /home/airflow/.local/lib/python3.8/site-packages/airflow/example_dags/tutorial_objectstorage.py took 0.035 seconds
[2025-05-04T23:09:33.249+0000] {processor.py:161} INFO - Started process (PID=387) to work on /home/airflow/.local/lib/python3.8/site-packages/airflow/example_dags/tutorial_objectstorage.py
[2025-05-04T23:09:33.251+0000] {processor.py:830} INFO - Processing file /home/airflow/.local/lib/python3.8/site-packages/airflow/example_dags/tutorial_objectstorage.py for tasks to queue
[2025-05-04T23:09:33.253+0000] {logging_mixin.py:188} INFO - [2025-05-04T23:09:33.252+0000] {dagbag.py:538} INFO - Filling up the DagBag from /home/airflow/.local/lib/python3.8/site-packages/airflow/example_dags/tutorial_objectstorage.py
[2025-05-04T23:09:33.257+0000] {processor.py:840} INFO - DAG(s) 'tutorial_objectstorage' retrieved from /home/airflow/.local/lib/python3.8/site-packages/airflow/example_dags/tutorial_objectstorage.py
[2025-05-04T23:09:33.272+0000] {logging_mixin.py:188} INFO - [2025-05-04T23:09:33.272+0000] {dag.py:3033} INFO - Sync 1 DAGs
[2025-05-04T23:09:33.277+0000] {logging_mixin.py:188} INFO - [2025-05-04T23:09:33.277+0000] {dag.py:3820} INFO - Setting next_dagrun for tutorial_objectstorage to None, run_after=None
[2025-05-04T23:09:33.284+0000] {processor.py:183} INFO - Processing /home/airflow/.local/lib/python3.8/site-packages/airflow/example_dags/tutorial_objectstorage.py took 0.037 seconds
[2025-05-04T23:10:04.010+0000] {processor.py:161} INFO - Started process (PID=443) to work on /home/airflow/.local/lib/python3.8/site-packages/airflow/example_dags/tutorial_objectstorage.py
[2025-05-04T23:10:04.012+0000] {processor.py:830} INFO - Processing file /home/airflow/.local/lib/python3.8/site-packages/airflow/example_dags/tutorial_objectstorage.py for tasks to queue
[2025-05-04T23:10:04.014+0000] {logging_mixin.py:188} INFO - [2025-05-04T23:10:04.014+0000] {dagbag.py:538} INFO - Filling up the DagBag from /home/airflow/.local/lib/python3.8/site-packages/airflow/example_dags/tutorial_objectstorage.py
[2025-05-04T23:10:04.017+0000] {processor.py:840} INFO - DAG(s) 'tutorial_objectstorage' retrieved from /home/airflow/.local/lib/python3.8/site-packages/airflow/example_dags/tutorial_objectstorage.py
[2025-05-04T23:10:04.034+0000] {logging_mixin.py:188} INFO - [2025-05-04T23:10:04.033+0000] {dag.py:3033} INFO - Sync 1 DAGs
[2025-05-04T23:10:04.040+0000] {logging_mixin.py:188} INFO - [2025-05-04T23:10:04.040+0000] {dag.py:3820} INFO - Setting next_dagrun for tutorial_objectstorage to None, run_after=None
[2025-05-04T23:10:04.053+0000] {processor.py:183} INFO - Processing /home/airflow/.local/lib/python3.8/site-packages/airflow/example_dags/tutorial_objectstorage.py took 0.044 seconds
[2025-05-04T23:10:34.688+0000] {processor.py:161} INFO - Started process (PID=499) to work on /home/airflow/.local/lib/python3.8/site-packages/airflow/example_dags/tutorial_objectstorage.py
[2025-05-04T23:10:34.689+0000] {processor.py:830} INFO - Processing file /home/airflow/.local/lib/python3.8/site-packages/airflow/example_dags/tutorial_objectstorage.py for tasks to queue
[2025-05-04T23:10:34.690+0000] {logging_mixin.py:188} INFO - [2025-05-04T23:10:34.690+0000] {dagbag.py:538} INFO - Filling up the DagBag from /home/airflow/.local/lib/python3.8/site-packages/airflow/example_dags/tutorial_objectstorage.py
[2025-05-04T23:10:34.693+0000] {processor.py:840} INFO - DAG(s) 'tutorial_objectstorage' retrieved from /home/airflow/.local/lib/python3.8/site-packages/airflow/example_dags/tutorial_objectstorage.py
[2025-05-04T23:10:34.705+0000] {logging_mixin.py:188} INFO - [2025-05-04T23:10:34.705+0000] {dag.py:3033} INFO - Sync 1 DAGs
[2025-05-04T23:10:34.711+0000] {logging_mixin.py:188} INFO - [2025-05-04T23:10:34.710+0000] {dag.py:3820} INFO - Setting next_dagrun for tutorial_objectstorage to None, run_after=None
[2025-05-04T23:10:34.722+0000] {processor.py:183} INFO - Processing /home/airflow/.local/lib/python3.8/site-packages/airflow/example_dags/tutorial_objectstorage.py took 0.036 seconds
[2025-05-04T23:11:05.344+0000] {processor.py:161} INFO - Started process (PID=555) to work on /home/airflow/.local/lib/python3.8/site-packages/airflow/example_dags/tutorial_objectstorage.py
[2025-05-04T23:11:05.345+0000] {processor.py:830} INFO - Processing file /home/airflow/.local/lib/python3.8/site-packages/airflow/example_dags/tutorial_objectstorage.py for tasks to queue
[2025-05-04T23:11:05.346+0000] {logging_mixin.py:188} INFO - [2025-05-04T23:11:05.346+0000] {dagbag.py:538} INFO - Filling up the DagBag from /home/airflow/.local/lib/python3.8/site-packages/airflow/example_dags/tutorial_objectstorage.py
[2025-05-04T23:11:05.350+0000] {processor.py:840} INFO - DAG(s) 'tutorial_objectstorage' retrieved from /home/airflow/.local/lib/python3.8/site-packages/airflow/example_dags/tutorial_objectstorage.py
[2025-05-04T23:11:05.359+0000] {logging_mixin.py:188} INFO - [2025-05-04T23:11:05.359+0000] {dag.py:3033} INFO - Sync 1 DAGs
[2025-05-04T23:11:05.365+0000] {logging_mixin.py:188} INFO - [2025-05-04T23:11:05.365+0000] {dag.py:3820} INFO - Setting next_dagrun for tutorial_objectstorage to None, run_after=None
[2025-05-04T23:11:05.380+0000] {processor.py:183} INFO - Processing /home/airflow/.local/lib/python3.8/site-packages/airflow/example_dags/tutorial_objectstorage.py took 0.038 seconds
[2025-05-04T23:11:36.036+0000] {processor.py:161} INFO - Started process (PID=611) to work on /home/airflow/.local/lib/python3.8/site-packages/airflow/example_dags/tutorial_objectstorage.py
[2025-05-04T23:11:36.037+0000] {processor.py:830} INFO - Processing file /home/airflow/.local/lib/python3.8/site-packages/airflow/example_dags/tutorial_objectstorage.py for tasks to queue
[2025-05-04T23:11:36.038+0000] {logging_mixin.py:188} INFO - [2025-05-04T23:11:36.038+0000] {dagbag.py:538} INFO - Filling up the DagBag from /home/airflow/.local/lib/python3.8/site-packages/airflow/example_dags/tutorial_objectstorage.py
[2025-05-04T23:11:36.041+0000] {processor.py:840} INFO - DAG(s) 'tutorial_objectstorage' retrieved from /home/airflow/.local/lib/python3.8/site-packages/airflow/example_dags/tutorial_objectstorage.py
[2025-05-04T23:11:36.053+0000] {logging_mixin.py:188} INFO - [2025-05-04T23:11:36.053+0000] {dag.py:3033} INFO - Sync 1 DAGs
[2025-05-04T23:11:36.060+0000] {logging_mixin.py:188} INFO - [2025-05-04T23:11:36.060+0000] {dag.py:3820} INFO - Setting next_dagrun for tutorial_objectstorage to None, run_after=None
[2025-05-04T23:11:36.071+0000] {processor.py:183} INFO - Processing /home/airflow/.local/lib/python3.8/site-packages/airflow/example_dags/tutorial_objectstorage.py took 0.036 seconds
[2025-05-04T23:12:06.664+0000] {processor.py:161} INFO - Started process (PID=667) to work on /home/airflow/.local/lib/python3.8/site-packages/airflow/example_dags/tutorial_objectstorage.py
[2025-05-04T23:12:06.666+0000] {processor.py:830} INFO - Processing file /home/airflow/.local/lib/python3.8/site-packages/airflow/example_dags/tutorial_objectstorage.py for tasks to queue
[2025-05-04T23:12:06.666+0000] {logging_mixin.py:188} INFO - [2025-05-04T23:12:06.666+0000] {dagbag.py:538} INFO - Filling up the DagBag from /home/airflow/.local/lib/python3.8/site-packages/airflow/example_dags/tutorial_objectstorage.py
[2025-05-04T23:12:06.669+0000] {processor.py:840} INFO - DAG(s) 'tutorial_objectstorage' retrieved from /home/airflow/.local/lib/python3.8/site-packages/airflow/example_dags/tutorial_objectstorage.py
[2025-05-04T23:12:06.681+0000] {logging_mixin.py:188} INFO - [2025-05-04T23:12:06.681+0000] {dag.py:3033} INFO - Sync 1 DAGs
[2025-05-04T23:12:06.686+0000] {logging_mixin.py:188} INFO - [2025-05-04T23:12:06.686+0000] {dag.py:3820} INFO - Setting next_dagrun for tutorial_objectstorage to None, run_after=None
[2025-05-04T23:12:06.695+0000] {processor.py:183} INFO - Processing /home/airflow/.local/lib/python3.8/site-packages/airflow/example_dags/tutorial_objectstorage.py took 0.033 seconds
[2025-05-04T23:12:37.291+0000] {processor.py:161} INFO - Started process (PID=723) to work on /home/airflow/.local/lib/python3.8/site-packages/airflow/example_dags/tutorial_objectstorage.py
[2025-05-04T23:12:37.292+0000] {processor.py:830} INFO - Processing file /home/airflow/.local/lib/python3.8/site-packages/airflow/example_dags/tutorial_objectstorage.py for tasks to queue
[2025-05-04T23:12:37.293+0000] {logging_mixin.py:188} INFO - [2025-05-04T23:12:37.293+0000] {dagbag.py:538} INFO - Filling up the DagBag from /home/airflow/.local/lib/python3.8/site-packages/airflow/example_dags/tutorial_objectstorage.py
[2025-05-04T23:12:37.299+0000] {processor.py:840} INFO - DAG(s) 'tutorial_objectstorage' retrieved from /home/airflow/.local/lib/python3.8/site-packages/airflow/example_dags/tutorial_objectstorage.py
[2025-05-04T23:12:37.307+0000] {logging_mixin.py:188} INFO - [2025-05-04T23:12:37.307+0000] {dag.py:3033} INFO - Sync 1 DAGs
[2025-05-04T23:12:37.312+0000] {logging_mixin.py:188} INFO - [2025-05-04T23:12:37.312+0000] {dag.py:3820} INFO - Setting next_dagrun for tutorial_objectstorage to None, run_after=None
[2025-05-04T23:12:37.319+0000] {processor.py:183} INFO - Processing /home/airflow/.local/lib/python3.8/site-packages/airflow/example_dags/tutorial_objectstorage.py took 0.030 seconds
[2025-05-04T23:13:07.988+0000] {processor.py:161} INFO - Started process (PID=779) to work on /home/airflow/.local/lib/python3.8/site-packages/airflow/example_dags/tutorial_objectstorage.py
[2025-05-04T23:13:07.988+0000] {processor.py:830} INFO - Processing file /home/airflow/.local/lib/python3.8/site-packages/airflow/example_dags/tutorial_objectstorage.py for tasks to queue
[2025-05-04T23:13:07.990+0000] {logging_mixin.py:188} INFO - [2025-05-04T23:13:07.990+0000] {dagbag.py:538} INFO - Filling up the DagBag from /home/airflow/.local/lib/python3.8/site-packages/airflow/example_dags/tutorial_objectstorage.py
[2025-05-04T23:13:07.995+0000] {processor.py:840} INFO - DAG(s) 'tutorial_objectstorage' retrieved from /home/airflow/.local/lib/python3.8/site-packages/airflow/example_dags/tutorial_objectstorage.py
[2025-05-04T23:13:08.005+0000] {logging_mixin.py:188} INFO - [2025-05-04T23:13:08.005+0000] {dag.py:3033} INFO - Sync 1 DAGs
[2025-05-04T23:13:08.011+0000] {logging_mixin.py:188} INFO - [2025-05-04T23:13:08.011+0000] {dag.py:3820} INFO - Setting next_dagrun for tutorial_objectstorage to None, run_after=None
[2025-05-04T23:13:08.018+0000] {processor.py:183} INFO - Processing /home/airflow/.local/lib/python3.8/site-packages/airflow/example_dags/tutorial_objectstorage.py took 0.033 seconds
[2025-05-04T23:13:38.612+0000] {processor.py:161} INFO - Started process (PID=835) to work on /home/airflow/.local/lib/python3.8/site-packages/airflow/example_dags/tutorial_objectstorage.py
[2025-05-04T23:13:38.612+0000] {processor.py:830} INFO - Processing file /home/airflow/.local/lib/python3.8/site-packages/airflow/example_dags/tutorial_objectstorage.py for tasks to queue
[2025-05-04T23:13:38.613+0000] {logging_mixin.py:188} INFO - [2025-05-04T23:13:38.613+0000] {dagbag.py:538} INFO - Filling up the DagBag from /home/airflow/.local/lib/python3.8/site-packages/airflow/example_dags/tutorial_objectstorage.py
[2025-05-04T23:13:38.617+0000] {processor.py:840} INFO - DAG(s) 'tutorial_objectstorage' retrieved from /home/airflow/.local/lib/python3.8/site-packages/airflow/example_dags/tutorial_objectstorage.py
[2025-05-04T23:13:38.627+0000] {logging_mixin.py:188} INFO - [2025-05-04T23:13:38.627+0000] {dag.py:3033} INFO - Sync 1 DAGs
[2025-05-04T23:13:38.633+0000] {logging_mixin.py:188} INFO - [2025-05-04T23:13:38.632+0000] {dag.py:3820} INFO - Setting next_dagrun for tutorial_objectstorage to None, run_after=None
[2025-05-04T23:13:38.642+0000] {processor.py:183} INFO - Processing /home/airflow/.local/lib/python3.8/site-packages/airflow/example_dags/tutorial_objectstorage.py took 0.032 seconds
[2025-05-04T23:14:09.306+0000] {processor.py:161} INFO - Started process (PID=891) to work on /home/airflow/.local/lib/python3.8/site-packages/airflow/example_dags/tutorial_objectstorage.py
[2025-05-04T23:14:09.307+0000] {processor.py:830} INFO - Processing file /home/airflow/.local/lib/python3.8/site-packages/airflow/example_dags/tutorial_objectstorage.py for tasks to queue
[2025-05-04T23:14:09.308+0000] {logging_mixin.py:188} INFO - [2025-05-04T23:14:09.308+0000] {dagbag.py:538} INFO - Filling up the DagBag from /home/airflow/.local/lib/python3.8/site-packages/airflow/example_dags/tutorial_objectstorage.py
[2025-05-04T23:14:09.312+0000] {processor.py:840} INFO - DAG(s) 'tutorial_objectstorage' retrieved from /home/airflow/.local/lib/python3.8/site-packages/airflow/example_dags/tutorial_objectstorage.py
[2025-05-04T23:14:09.327+0000] {logging_mixin.py:188} INFO - [2025-05-04T23:14:09.326+0000] {dag.py:3033} INFO - Sync 1 DAGs
[2025-05-04T23:14:09.333+0000] {logging_mixin.py:188} INFO - [2025-05-04T23:14:09.333+0000] {dag.py:3820} INFO - Setting next_dagrun for tutorial_objectstorage to None, run_after=None
[2025-05-04T23:14:09.343+0000] {processor.py:183} INFO - Processing /home/airflow/.local/lib/python3.8/site-packages/airflow/example_dags/tutorial_objectstorage.py took 0.039 seconds
[2025-05-04T23:14:40.165+0000] {processor.py:161} INFO - Started process (PID=947) to work on /home/airflow/.local/lib/python3.8/site-packages/airflow/example_dags/tutorial_objectstorage.py
[2025-05-04T23:14:40.167+0000] {processor.py:830} INFO - Processing file /home/airflow/.local/lib/python3.8/site-packages/airflow/example_dags/tutorial_objectstorage.py for tasks to queue
[2025-05-04T23:14:40.169+0000] {logging_mixin.py:188} INFO - [2025-05-04T23:14:40.169+0000] {dagbag.py:538} INFO - Filling up the DagBag from /home/airflow/.local/lib/python3.8/site-packages/airflow/example_dags/tutorial_objectstorage.py
[2025-05-04T23:14:40.171+0000] {processor.py:840} INFO - DAG(s) 'tutorial_objectstorage' retrieved from /home/airflow/.local/lib/python3.8/site-packages/airflow/example_dags/tutorial_objectstorage.py
[2025-05-04T23:14:40.184+0000] {logging_mixin.py:188} INFO - [2025-05-04T23:14:40.183+0000] {dag.py:3033} INFO - Sync 1 DAGs
[2025-05-04T23:14:40.192+0000] {logging_mixin.py:188} INFO - [2025-05-04T23:14:40.192+0000] {dag.py:3820} INFO - Setting next_dagrun for tutorial_objectstorage to None, run_after=None
[2025-05-04T23:14:40.203+0000] {processor.py:183} INFO - Processing /home/airflow/.local/lib/python3.8/site-packages/airflow/example_dags/tutorial_objectstorage.py took 0.039 seconds
[2025-05-04T23:15:10.382+0000] {processor.py:161} INFO - Started process (PID=1003) to work on /home/airflow/.local/lib/python3.8/site-packages/airflow/example_dags/tutorial_objectstorage.py
[2025-05-04T23:15:10.383+0000] {processor.py:830} INFO - Processing file /home/airflow/.local/lib/python3.8/site-packages/airflow/example_dags/tutorial_objectstorage.py for tasks to queue
[2025-05-04T23:15:10.385+0000] {logging_mixin.py:188} INFO - [2025-05-04T23:15:10.385+0000] {dagbag.py:538} INFO - Filling up the DagBag from /home/airflow/.local/lib/python3.8/site-packages/airflow/example_dags/tutorial_objectstorage.py
[2025-05-04T23:15:10.388+0000] {processor.py:840} INFO - DAG(s) 'tutorial_objectstorage' retrieved from /home/airflow/.local/lib/python3.8/site-packages/airflow/example_dags/tutorial_objectstorage.py
[2025-05-04T23:15:10.402+0000] {logging_mixin.py:188} INFO - [2025-05-04T23:15:10.402+0000] {dag.py:3033} INFO - Sync 1 DAGs
[2025-05-04T23:15:10.409+0000] {logging_mixin.py:188} INFO - [2025-05-04T23:15:10.409+0000] {dag.py:3820} INFO - Setting next_dagrun for tutorial_objectstorage to None, run_after=None
[2025-05-04T23:15:10.420+0000] {processor.py:183} INFO - Processing /home/airflow/.local/lib/python3.8/site-packages/airflow/example_dags/tutorial_objectstorage.py took 0.040 seconds
[2025-05-04T23:15:41.016+0000] {processor.py:161} INFO - Started process (PID=1059) to work on /home/airflow/.local/lib/python3.8/site-packages/airflow/example_dags/tutorial_objectstorage.py
[2025-05-04T23:15:41.018+0000] {processor.py:830} INFO - Processing file /home/airflow/.local/lib/python3.8/site-packages/airflow/example_dags/tutorial_objectstorage.py for tasks to queue
[2025-05-04T23:15:41.019+0000] {logging_mixin.py:188} INFO - [2025-05-04T23:15:41.018+0000] {dagbag.py:538} INFO - Filling up the DagBag from /home/airflow/.local/lib/python3.8/site-packages/airflow/example_dags/tutorial_objectstorage.py
[2025-05-04T23:15:41.023+0000] {processor.py:840} INFO - DAG(s) 'tutorial_objectstorage' retrieved from /home/airflow/.local/lib/python3.8/site-packages/airflow/example_dags/tutorial_objectstorage.py
[2025-05-04T23:15:41.034+0000] {logging_mixin.py:188} INFO - [2025-05-04T23:15:41.034+0000] {dag.py:3033} INFO - Sync 1 DAGs
[2025-05-04T23:15:41.039+0000] {logging_mixin.py:188} INFO - [2025-05-04T23:15:41.039+0000] {dag.py:3820} INFO - Setting next_dagrun for tutorial_objectstorage to None, run_after=None
[2025-05-04T23:15:41.046+0000] {processor.py:183} INFO - Processing /home/airflow/.local/lib/python3.8/site-packages/airflow/example_dags/tutorial_objectstorage.py took 0.031 seconds
[2025-05-04T23:18:30.717+0000] {processor.py:161} INFO - Started process (PID=46) to work on /home/airflow/.local/lib/python3.8/site-packages/airflow/example_dags/tutorial_objectstorage.py
[2025-05-04T23:18:30.719+0000] {processor.py:830} INFO - Processing file /home/airflow/.local/lib/python3.8/site-packages/airflow/example_dags/tutorial_objectstorage.py for tasks to queue
[2025-05-04T23:18:30.721+0000] {logging_mixin.py:188} INFO - [2025-05-04T23:18:30.721+0000] {dagbag.py:538} INFO - Filling up the DagBag from /home/airflow/.local/lib/python3.8/site-packages/airflow/example_dags/tutorial_objectstorage.py
[2025-05-04T23:18:30.725+0000] {processor.py:840} INFO - DAG(s) 'tutorial_objectstorage' retrieved from /home/airflow/.local/lib/python3.8/site-packages/airflow/example_dags/tutorial_objectstorage.py
[2025-05-04T23:18:30.741+0000] {logging_mixin.py:188} INFO - [2025-05-04T23:18:30.741+0000] {dag.py:3033} INFO - Sync 1 DAGs
[2025-05-04T23:18:30.751+0000] {logging_mixin.py:188} INFO - [2025-05-04T23:18:30.751+0000] {dag.py:3820} INFO - Setting next_dagrun for tutorial_objectstorage to None, run_after=None
[2025-05-04T23:18:30.778+0000] {processor.py:183} INFO - Processing /home/airflow/.local/lib/python3.8/site-packages/airflow/example_dags/tutorial_objectstorage.py took 0.064 seconds
[2025-05-04T23:19:01.192+0000] {processor.py:161} INFO - Started process (PID=102) to work on /home/airflow/.local/lib/python3.8/site-packages/airflow/example_dags/tutorial_objectstorage.py
[2025-05-04T23:19:01.193+0000] {processor.py:830} INFO - Processing file /home/airflow/.local/lib/python3.8/site-packages/airflow/example_dags/tutorial_objectstorage.py for tasks to queue
[2025-05-04T23:19:01.194+0000] {logging_mixin.py:188} INFO - [2025-05-04T23:19:01.194+0000] {dagbag.py:538} INFO - Filling up the DagBag from /home/airflow/.local/lib/python3.8/site-packages/airflow/example_dags/tutorial_objectstorage.py
[2025-05-04T23:19:01.197+0000] {processor.py:840} INFO - DAG(s) 'tutorial_objectstorage' retrieved from /home/airflow/.local/lib/python3.8/site-packages/airflow/example_dags/tutorial_objectstorage.py
[2025-05-04T23:19:01.235+0000] {logging_mixin.py:188} INFO - [2025-05-04T23:19:01.235+0000] {dag.py:3033} INFO - Sync 1 DAGs
[2025-05-04T23:19:01.239+0000] {logging_mixin.py:188} INFO - [2025-05-04T23:19:01.239+0000] {dag.py:3820} INFO - Setting next_dagrun for tutorial_objectstorage to None, run_after=None
[2025-05-04T23:19:01.246+0000] {processor.py:183} INFO - Processing /home/airflow/.local/lib/python3.8/site-packages/airflow/example_dags/tutorial_objectstorage.py took 0.056 seconds
[2025-05-04T23:19:31.760+0000] {processor.py:161} INFO - Started process (PID=158) to work on /home/airflow/.local/lib/python3.8/site-packages/airflow/example_dags/tutorial_objectstorage.py
[2025-05-04T23:19:31.760+0000] {processor.py:830} INFO - Processing file /home/airflow/.local/lib/python3.8/site-packages/airflow/example_dags/tutorial_objectstorage.py for tasks to queue
[2025-05-04T23:19:31.762+0000] {logging_mixin.py:188} INFO - [2025-05-04T23:19:31.761+0000] {dagbag.py:538} INFO - Filling up the DagBag from /home/airflow/.local/lib/python3.8/site-packages/airflow/example_dags/tutorial_objectstorage.py
[2025-05-04T23:19:31.765+0000] {processor.py:840} INFO - DAG(s) 'tutorial_objectstorage' retrieved from /home/airflow/.local/lib/python3.8/site-packages/airflow/example_dags/tutorial_objectstorage.py
[2025-05-04T23:19:31.776+0000] {logging_mixin.py:188} INFO - [2025-05-04T23:19:31.775+0000] {dag.py:3033} INFO - Sync 1 DAGs
[2025-05-04T23:19:31.782+0000] {logging_mixin.py:188} INFO - [2025-05-04T23:19:31.781+0000] {dag.py:3820} INFO - Setting next_dagrun for tutorial_objectstorage to None, run_after=None
[2025-05-04T23:19:31.791+0000] {processor.py:183} INFO - Processing /home/airflow/.local/lib/python3.8/site-packages/airflow/example_dags/tutorial_objectstorage.py took 0.034 seconds
[2025-05-04T23:20:02.424+0000] {processor.py:161} INFO - Started process (PID=214) to work on /home/airflow/.local/lib/python3.8/site-packages/airflow/example_dags/tutorial_objectstorage.py
[2025-05-04T23:20:02.426+0000] {processor.py:830} INFO - Processing file /home/airflow/.local/lib/python3.8/site-packages/airflow/example_dags/tutorial_objectstorage.py for tasks to queue
[2025-05-04T23:20:02.427+0000] {logging_mixin.py:188} INFO - [2025-05-04T23:20:02.427+0000] {dagbag.py:538} INFO - Filling up the DagBag from /home/airflow/.local/lib/python3.8/site-packages/airflow/example_dags/tutorial_objectstorage.py
[2025-05-04T23:20:02.430+0000] {processor.py:840} INFO - DAG(s) 'tutorial_objectstorage' retrieved from /home/airflow/.local/lib/python3.8/site-packages/airflow/example_dags/tutorial_objectstorage.py
[2025-05-04T23:20:02.443+0000] {logging_mixin.py:188} INFO - [2025-05-04T23:20:02.443+0000] {dag.py:3033} INFO - Sync 1 DAGs
[2025-05-04T23:20:02.450+0000] {logging_mixin.py:188} INFO - [2025-05-04T23:20:02.450+0000] {dag.py:3820} INFO - Setting next_dagrun for tutorial_objectstorage to None, run_after=None
[2025-05-04T23:20:02.462+0000] {processor.py:183} INFO - Processing /home/airflow/.local/lib/python3.8/site-packages/airflow/example_dags/tutorial_objectstorage.py took 0.039 seconds
[2025-05-04T23:20:33.243+0000] {processor.py:161} INFO - Started process (PID=269) to work on /home/airflow/.local/lib/python3.8/site-packages/airflow/example_dags/tutorial_objectstorage.py
[2025-05-04T23:20:33.244+0000] {processor.py:830} INFO - Processing file /home/airflow/.local/lib/python3.8/site-packages/airflow/example_dags/tutorial_objectstorage.py for tasks to queue
[2025-05-04T23:20:33.246+0000] {logging_mixin.py:188} INFO - [2025-05-04T23:20:33.246+0000] {dagbag.py:538} INFO - Filling up the DagBag from /home/airflow/.local/lib/python3.8/site-packages/airflow/example_dags/tutorial_objectstorage.py
[2025-05-04T23:20:33.249+0000] {processor.py:840} INFO - DAG(s) 'tutorial_objectstorage' retrieved from /home/airflow/.local/lib/python3.8/site-packages/airflow/example_dags/tutorial_objectstorage.py
[2025-05-04T23:20:33.263+0000] {logging_mixin.py:188} INFO - [2025-05-04T23:20:33.263+0000] {dag.py:3033} INFO - Sync 1 DAGs
[2025-05-04T23:20:33.269+0000] {logging_mixin.py:188} INFO - [2025-05-04T23:20:33.269+0000] {dag.py:3820} INFO - Setting next_dagrun for tutorial_objectstorage to None, run_after=None
[2025-05-04T23:20:33.279+0000] {processor.py:183} INFO - Processing /home/airflow/.local/lib/python3.8/site-packages/airflow/example_dags/tutorial_objectstorage.py took 0.038 seconds
[2025-05-04T23:21:03.389+0000] {processor.py:161} INFO - Started process (PID=325) to work on /home/airflow/.local/lib/python3.8/site-packages/airflow/example_dags/tutorial_objectstorage.py
[2025-05-04T23:21:03.390+0000] {processor.py:830} INFO - Processing file /home/airflow/.local/lib/python3.8/site-packages/airflow/example_dags/tutorial_objectstorage.py for tasks to queue
[2025-05-04T23:21:03.391+0000] {logging_mixin.py:188} INFO - [2025-05-04T23:21:03.391+0000] {dagbag.py:538} INFO - Filling up the DagBag from /home/airflow/.local/lib/python3.8/site-packages/airflow/example_dags/tutorial_objectstorage.py
[2025-05-04T23:21:03.395+0000] {processor.py:840} INFO - DAG(s) 'tutorial_objectstorage' retrieved from /home/airflow/.local/lib/python3.8/site-packages/airflow/example_dags/tutorial_objectstorage.py
[2025-05-04T23:21:03.408+0000] {logging_mixin.py:188} INFO - [2025-05-04T23:21:03.408+0000] {dag.py:3033} INFO - Sync 1 DAGs
[2025-05-04T23:21:03.418+0000] {logging_mixin.py:188} INFO - [2025-05-04T23:21:03.418+0000] {dag.py:3820} INFO - Setting next_dagrun for tutorial_objectstorage to None, run_after=None
[2025-05-04T23:21:03.431+0000] {processor.py:183} INFO - Processing /home/airflow/.local/lib/python3.8/site-packages/airflow/example_dags/tutorial_objectstorage.py took 0.044 seconds
[2025-05-04T23:21:34.087+0000] {processor.py:161} INFO - Started process (PID=381) to work on /home/airflow/.local/lib/python3.8/site-packages/airflow/example_dags/tutorial_objectstorage.py
[2025-05-04T23:21:34.088+0000] {processor.py:830} INFO - Processing file /home/airflow/.local/lib/python3.8/site-packages/airflow/example_dags/tutorial_objectstorage.py for tasks to queue
[2025-05-04T23:21:34.088+0000] {logging_mixin.py:188} INFO - [2025-05-04T23:21:34.088+0000] {dagbag.py:538} INFO - Filling up the DagBag from /home/airflow/.local/lib/python3.8/site-packages/airflow/example_dags/tutorial_objectstorage.py
[2025-05-04T23:21:34.093+0000] {processor.py:840} INFO - DAG(s) 'tutorial_objectstorage' retrieved from /home/airflow/.local/lib/python3.8/site-packages/airflow/example_dags/tutorial_objectstorage.py
[2025-05-04T23:21:34.105+0000] {logging_mixin.py:188} INFO - [2025-05-04T23:21:34.105+0000] {dag.py:3033} INFO - Sync 1 DAGs
[2025-05-04T23:21:34.110+0000] {logging_mixin.py:188} INFO - [2025-05-04T23:21:34.110+0000] {dag.py:3820} INFO - Setting next_dagrun for tutorial_objectstorage to None, run_after=None
[2025-05-04T23:21:34.121+0000] {processor.py:183} INFO - Processing /home/airflow/.local/lib/python3.8/site-packages/airflow/example_dags/tutorial_objectstorage.py took 0.036 seconds
[2025-05-04T23:22:04.741+0000] {processor.py:161} INFO - Started process (PID=437) to work on /home/airflow/.local/lib/python3.8/site-packages/airflow/example_dags/tutorial_objectstorage.py
[2025-05-04T23:22:04.742+0000] {processor.py:830} INFO - Processing file /home/airflow/.local/lib/python3.8/site-packages/airflow/example_dags/tutorial_objectstorage.py for tasks to queue
[2025-05-04T23:22:04.743+0000] {logging_mixin.py:188} INFO - [2025-05-04T23:22:04.743+0000] {dagbag.py:538} INFO - Filling up the DagBag from /home/airflow/.local/lib/python3.8/site-packages/airflow/example_dags/tutorial_objectstorage.py
[2025-05-04T23:22:04.746+0000] {processor.py:840} INFO - DAG(s) 'tutorial_objectstorage' retrieved from /home/airflow/.local/lib/python3.8/site-packages/airflow/example_dags/tutorial_objectstorage.py
[2025-05-04T23:22:04.758+0000] {logging_mixin.py:188} INFO - [2025-05-04T23:22:04.758+0000] {dag.py:3033} INFO - Sync 1 DAGs
[2025-05-04T23:22:04.766+0000] {logging_mixin.py:188} INFO - [2025-05-04T23:22:04.766+0000] {dag.py:3820} INFO - Setting next_dagrun for tutorial_objectstorage to None, run_after=None
[2025-05-04T23:22:04.775+0000] {processor.py:183} INFO - Processing /home/airflow/.local/lib/python3.8/site-packages/airflow/example_dags/tutorial_objectstorage.py took 0.036 seconds
[2025-05-04T23:22:35.332+0000] {processor.py:161} INFO - Started process (PID=493) to work on /home/airflow/.local/lib/python3.8/site-packages/airflow/example_dags/tutorial_objectstorage.py
[2025-05-04T23:22:35.333+0000] {processor.py:830} INFO - Processing file /home/airflow/.local/lib/python3.8/site-packages/airflow/example_dags/tutorial_objectstorage.py for tasks to queue
[2025-05-04T23:22:35.336+0000] {logging_mixin.py:188} INFO - [2025-05-04T23:22:35.335+0000] {dagbag.py:538} INFO - Filling up the DagBag from /home/airflow/.local/lib/python3.8/site-packages/airflow/example_dags/tutorial_objectstorage.py
[2025-05-04T23:22:35.340+0000] {processor.py:840} INFO - DAG(s) 'tutorial_objectstorage' retrieved from /home/airflow/.local/lib/python3.8/site-packages/airflow/example_dags/tutorial_objectstorage.py
[2025-05-04T23:22:35.352+0000] {logging_mixin.py:188} INFO - [2025-05-04T23:22:35.352+0000] {dag.py:3033} INFO - Sync 1 DAGs
[2025-05-04T23:22:35.357+0000] {logging_mixin.py:188} INFO - [2025-05-04T23:22:35.357+0000] {dag.py:3820} INFO - Setting next_dagrun for tutorial_objectstorage to None, run_after=None
[2025-05-04T23:22:35.364+0000] {processor.py:183} INFO - Processing /home/airflow/.local/lib/python3.8/site-packages/airflow/example_dags/tutorial_objectstorage.py took 0.034 seconds
[2025-05-04T23:23:05.933+0000] {processor.py:161} INFO - Started process (PID=549) to work on /home/airflow/.local/lib/python3.8/site-packages/airflow/example_dags/tutorial_objectstorage.py
[2025-05-04T23:23:05.934+0000] {processor.py:830} INFO - Processing file /home/airflow/.local/lib/python3.8/site-packages/airflow/example_dags/tutorial_objectstorage.py for tasks to queue
[2025-05-04T23:23:05.935+0000] {logging_mixin.py:188} INFO - [2025-05-04T23:23:05.934+0000] {dagbag.py:538} INFO - Filling up the DagBag from /home/airflow/.local/lib/python3.8/site-packages/airflow/example_dags/tutorial_objectstorage.py
[2025-05-04T23:23:05.938+0000] {processor.py:840} INFO - DAG(s) 'tutorial_objectstorage' retrieved from /home/airflow/.local/lib/python3.8/site-packages/airflow/example_dags/tutorial_objectstorage.py
[2025-05-04T23:23:05.950+0000] {logging_mixin.py:188} INFO - [2025-05-04T23:23:05.950+0000] {dag.py:3033} INFO - Sync 1 DAGs
[2025-05-04T23:23:05.955+0000] {logging_mixin.py:188} INFO - [2025-05-04T23:23:05.955+0000] {dag.py:3820} INFO - Setting next_dagrun for tutorial_objectstorage to None, run_after=None
[2025-05-04T23:23:05.968+0000] {processor.py:183} INFO - Processing /home/airflow/.local/lib/python3.8/site-packages/airflow/example_dags/tutorial_objectstorage.py took 0.037 seconds
[2025-05-04T23:24:30.072+0000] {processor.py:161} INFO - Started process (PID=46) to work on /home/airflow/.local/lib/python3.8/site-packages/airflow/example_dags/tutorial_objectstorage.py
[2025-05-04T23:24:30.075+0000] {processor.py:830} INFO - Processing file /home/airflow/.local/lib/python3.8/site-packages/airflow/example_dags/tutorial_objectstorage.py for tasks to queue
[2025-05-04T23:24:30.077+0000] {logging_mixin.py:188} INFO - [2025-05-04T23:24:30.077+0000] {dagbag.py:538} INFO - Filling up the DagBag from /home/airflow/.local/lib/python3.8/site-packages/airflow/example_dags/tutorial_objectstorage.py
[2025-05-04T23:24:30.083+0000] {processor.py:840} INFO - DAG(s) 'tutorial_objectstorage' retrieved from /home/airflow/.local/lib/python3.8/site-packages/airflow/example_dags/tutorial_objectstorage.py
[2025-05-04T23:24:30.103+0000] {logging_mixin.py:188} INFO - [2025-05-04T23:24:30.103+0000] {dag.py:3033} INFO - Sync 1 DAGs
[2025-05-04T23:24:30.113+0000] {logging_mixin.py:188} INFO - [2025-05-04T23:24:30.113+0000] {dag.py:3820} INFO - Setting next_dagrun for tutorial_objectstorage to None, run_after=None
[2025-05-04T23:24:30.130+0000] {processor.py:183} INFO - Processing /home/airflow/.local/lib/python3.8/site-packages/airflow/example_dags/tutorial_objectstorage.py took 0.064 seconds
[2025-05-04T23:25:00.606+0000] {processor.py:161} INFO - Started process (PID=102) to work on /home/airflow/.local/lib/python3.8/site-packages/airflow/example_dags/tutorial_objectstorage.py
[2025-05-04T23:25:00.607+0000] {processor.py:830} INFO - Processing file /home/airflow/.local/lib/python3.8/site-packages/airflow/example_dags/tutorial_objectstorage.py for tasks to queue
[2025-05-04T23:25:00.608+0000] {logging_mixin.py:188} INFO - [2025-05-04T23:25:00.608+0000] {dagbag.py:538} INFO - Filling up the DagBag from /home/airflow/.local/lib/python3.8/site-packages/airflow/example_dags/tutorial_objectstorage.py
[2025-05-04T23:25:00.611+0000] {processor.py:840} INFO - DAG(s) 'tutorial_objectstorage' retrieved from /home/airflow/.local/lib/python3.8/site-packages/airflow/example_dags/tutorial_objectstorage.py
[2025-05-04T23:25:00.658+0000] {logging_mixin.py:188} INFO - [2025-05-04T23:25:00.658+0000] {dag.py:3033} INFO - Sync 1 DAGs
[2025-05-04T23:25:00.663+0000] {logging_mixin.py:188} INFO - [2025-05-04T23:25:00.663+0000] {dag.py:3820} INFO - Setting next_dagrun for tutorial_objectstorage to None, run_after=None
[2025-05-04T23:25:00.675+0000] {processor.py:183} INFO - Processing /home/airflow/.local/lib/python3.8/site-packages/airflow/example_dags/tutorial_objectstorage.py took 0.071 seconds
[2025-05-04T23:25:31.074+0000] {processor.py:161} INFO - Started process (PID=157) to work on /home/airflow/.local/lib/python3.8/site-packages/airflow/example_dags/tutorial_objectstorage.py
[2025-05-04T23:25:31.074+0000] {processor.py:830} INFO - Processing file /home/airflow/.local/lib/python3.8/site-packages/airflow/example_dags/tutorial_objectstorage.py for tasks to queue
[2025-05-04T23:25:31.077+0000] {logging_mixin.py:188} INFO - [2025-05-04T23:25:31.077+0000] {dagbag.py:538} INFO - Filling up the DagBag from /home/airflow/.local/lib/python3.8/site-packages/airflow/example_dags/tutorial_objectstorage.py
[2025-05-04T23:25:31.081+0000] {processor.py:840} INFO - DAG(s) 'tutorial_objectstorage' retrieved from /home/airflow/.local/lib/python3.8/site-packages/airflow/example_dags/tutorial_objectstorage.py
[2025-05-04T23:25:31.091+0000] {logging_mixin.py:188} INFO - [2025-05-04T23:25:31.091+0000] {dag.py:3033} INFO - Sync 1 DAGs
[2025-05-04T23:25:31.098+0000] {logging_mixin.py:188} INFO - [2025-05-04T23:25:31.098+0000] {dag.py:3820} INFO - Setting next_dagrun for tutorial_objectstorage to None, run_after=None
[2025-05-04T23:25:31.104+0000] {processor.py:183} INFO - Processing /home/airflow/.local/lib/python3.8/site-packages/airflow/example_dags/tutorial_objectstorage.py took 0.032 seconds
[2025-05-04T23:26:01.787+0000] {processor.py:161} INFO - Started process (PID=213) to work on /home/airflow/.local/lib/python3.8/site-packages/airflow/example_dags/tutorial_objectstorage.py
[2025-05-04T23:26:01.788+0000] {processor.py:830} INFO - Processing file /home/airflow/.local/lib/python3.8/site-packages/airflow/example_dags/tutorial_objectstorage.py for tasks to queue
[2025-05-04T23:26:01.790+0000] {logging_mixin.py:188} INFO - [2025-05-04T23:26:01.790+0000] {dagbag.py:538} INFO - Filling up the DagBag from /home/airflow/.local/lib/python3.8/site-packages/airflow/example_dags/tutorial_objectstorage.py
[2025-05-04T23:26:01.793+0000] {processor.py:840} INFO - DAG(s) 'tutorial_objectstorage' retrieved from /home/airflow/.local/lib/python3.8/site-packages/airflow/example_dags/tutorial_objectstorage.py
[2025-05-04T23:26:01.808+0000] {logging_mixin.py:188} INFO - [2025-05-04T23:26:01.808+0000] {dag.py:3033} INFO - Sync 1 DAGs
[2025-05-04T23:26:01.814+0000] {logging_mixin.py:188} INFO - [2025-05-04T23:26:01.814+0000] {dag.py:3820} INFO - Setting next_dagrun for tutorial_objectstorage to None, run_after=None
[2025-05-04T23:26:01.824+0000] {processor.py:183} INFO - Processing /home/airflow/.local/lib/python3.8/site-packages/airflow/example_dags/tutorial_objectstorage.py took 0.038 seconds
[2025-05-04T23:26:32.565+0000] {processor.py:161} INFO - Started process (PID=269) to work on /home/airflow/.local/lib/python3.8/site-packages/airflow/example_dags/tutorial_objectstorage.py
[2025-05-04T23:26:32.567+0000] {processor.py:830} INFO - Processing file /home/airflow/.local/lib/python3.8/site-packages/airflow/example_dags/tutorial_objectstorage.py for tasks to queue
[2025-05-04T23:26:32.568+0000] {logging_mixin.py:188} INFO - [2025-05-04T23:26:32.567+0000] {dagbag.py:538} INFO - Filling up the DagBag from /home/airflow/.local/lib/python3.8/site-packages/airflow/example_dags/tutorial_objectstorage.py
[2025-05-04T23:26:32.571+0000] {processor.py:840} INFO - DAG(s) 'tutorial_objectstorage' retrieved from /home/airflow/.local/lib/python3.8/site-packages/airflow/example_dags/tutorial_objectstorage.py
[2025-05-04T23:26:32.586+0000] {logging_mixin.py:188} INFO - [2025-05-04T23:26:32.586+0000] {dag.py:3033} INFO - Sync 1 DAGs
[2025-05-04T23:26:32.592+0000] {logging_mixin.py:188} INFO - [2025-05-04T23:26:32.592+0000] {dag.py:3820} INFO - Setting next_dagrun for tutorial_objectstorage to None, run_after=None
[2025-05-04T23:26:32.602+0000] {processor.py:183} INFO - Processing /home/airflow/.local/lib/python3.8/site-packages/airflow/example_dags/tutorial_objectstorage.py took 0.039 seconds
[2025-05-04T23:27:03.337+0000] {processor.py:161} INFO - Started process (PID=325) to work on /home/airflow/.local/lib/python3.8/site-packages/airflow/example_dags/tutorial_objectstorage.py
[2025-05-04T23:27:03.338+0000] {processor.py:830} INFO - Processing file /home/airflow/.local/lib/python3.8/site-packages/airflow/example_dags/tutorial_objectstorage.py for tasks to queue
[2025-05-04T23:27:03.340+0000] {logging_mixin.py:188} INFO - [2025-05-04T23:27:03.340+0000] {dagbag.py:538} INFO - Filling up the DagBag from /home/airflow/.local/lib/python3.8/site-packages/airflow/example_dags/tutorial_objectstorage.py
[2025-05-04T23:27:03.344+0000] {processor.py:840} INFO - DAG(s) 'tutorial_objectstorage' retrieved from /home/airflow/.local/lib/python3.8/site-packages/airflow/example_dags/tutorial_objectstorage.py
[2025-05-04T23:27:03.357+0000] {logging_mixin.py:188} INFO - [2025-05-04T23:27:03.357+0000] {dag.py:3033} INFO - Sync 1 DAGs
[2025-05-04T23:27:03.364+0000] {logging_mixin.py:188} INFO - [2025-05-04T23:27:03.364+0000] {dag.py:3820} INFO - Setting next_dagrun for tutorial_objectstorage to None, run_after=None
[2025-05-04T23:27:03.381+0000] {processor.py:183} INFO - Processing /home/airflow/.local/lib/python3.8/site-packages/airflow/example_dags/tutorial_objectstorage.py took 0.045 seconds
[2025-05-04T23:27:34.012+0000] {processor.py:161} INFO - Started process (PID=381) to work on /home/airflow/.local/lib/python3.8/site-packages/airflow/example_dags/tutorial_objectstorage.py
[2025-05-04T23:27:34.013+0000] {processor.py:830} INFO - Processing file /home/airflow/.local/lib/python3.8/site-packages/airflow/example_dags/tutorial_objectstorage.py for tasks to queue
[2025-05-04T23:27:34.014+0000] {logging_mixin.py:188} INFO - [2025-05-04T23:27:34.014+0000] {dagbag.py:538} INFO - Filling up the DagBag from /home/airflow/.local/lib/python3.8/site-packages/airflow/example_dags/tutorial_objectstorage.py
[2025-05-04T23:27:34.017+0000] {processor.py:840} INFO - DAG(s) 'tutorial_objectstorage' retrieved from /home/airflow/.local/lib/python3.8/site-packages/airflow/example_dags/tutorial_objectstorage.py
[2025-05-04T23:27:34.027+0000] {logging_mixin.py:188} INFO - [2025-05-04T23:27:34.027+0000] {dag.py:3033} INFO - Sync 1 DAGs
[2025-05-04T23:27:34.033+0000] {logging_mixin.py:188} INFO - [2025-05-04T23:27:34.033+0000] {dag.py:3820} INFO - Setting next_dagrun for tutorial_objectstorage to None, run_after=None
[2025-05-04T23:27:34.043+0000] {processor.py:183} INFO - Processing /home/airflow/.local/lib/python3.8/site-packages/airflow/example_dags/tutorial_objectstorage.py took 0.033 seconds
[2025-05-04T23:28:23.626+0000] {processor.py:161} INFO - Started process (PID=46) to work on /home/airflow/.local/lib/python3.8/site-packages/airflow/example_dags/tutorial_objectstorage.py
[2025-05-04T23:28:23.631+0000] {processor.py:830} INFO - Processing file /home/airflow/.local/lib/python3.8/site-packages/airflow/example_dags/tutorial_objectstorage.py for tasks to queue
[2025-05-04T23:28:23.634+0000] {logging_mixin.py:188} INFO - [2025-05-04T23:28:23.634+0000] {dagbag.py:538} INFO - Filling up the DagBag from /home/airflow/.local/lib/python3.8/site-packages/airflow/example_dags/tutorial_objectstorage.py
[2025-05-04T23:28:23.639+0000] {processor.py:840} INFO - DAG(s) 'tutorial_objectstorage' retrieved from /home/airflow/.local/lib/python3.8/site-packages/airflow/example_dags/tutorial_objectstorage.py
[2025-05-04T23:28:23.650+0000] {logging_mixin.py:188} INFO - [2025-05-04T23:28:23.650+0000] {dag.py:3033} INFO - Sync 1 DAGs
[2025-05-04T23:28:23.667+0000] {logging_mixin.py:188} INFO - [2025-05-04T23:28:23.667+0000] {dag.py:3820} INFO - Setting next_dagrun for tutorial_objectstorage to None, run_after=None
[2025-05-04T23:28:23.686+0000] {processor.py:183} INFO - Processing /home/airflow/.local/lib/python3.8/site-packages/airflow/example_dags/tutorial_objectstorage.py took 0.065 seconds
[2025-05-04T23:28:54.603+0000] {processor.py:161} INFO - Started process (PID=102) to work on /home/airflow/.local/lib/python3.8/site-packages/airflow/example_dags/tutorial_objectstorage.py
[2025-05-04T23:28:54.605+0000] {processor.py:830} INFO - Processing file /home/airflow/.local/lib/python3.8/site-packages/airflow/example_dags/tutorial_objectstorage.py for tasks to queue
[2025-05-04T23:28:54.606+0000] {logging_mixin.py:188} INFO - [2025-05-04T23:28:54.606+0000] {dagbag.py:538} INFO - Filling up the DagBag from /home/airflow/.local/lib/python3.8/site-packages/airflow/example_dags/tutorial_objectstorage.py
[2025-05-04T23:28:54.609+0000] {processor.py:840} INFO - DAG(s) 'tutorial_objectstorage' retrieved from /home/airflow/.local/lib/python3.8/site-packages/airflow/example_dags/tutorial_objectstorage.py
[2025-05-04T23:28:54.653+0000] {logging_mixin.py:188} INFO - [2025-05-04T23:28:54.652+0000] {dag.py:3033} INFO - Sync 1 DAGs
[2025-05-04T23:28:54.659+0000] {logging_mixin.py:188} INFO - [2025-05-04T23:28:54.659+0000] {dag.py:3820} INFO - Setting next_dagrun for tutorial_objectstorage to None, run_after=None
[2025-05-04T23:28:54.666+0000] {processor.py:183} INFO - Processing /home/airflow/.local/lib/python3.8/site-packages/airflow/example_dags/tutorial_objectstorage.py took 0.065 seconds
[2025-05-04T23:29:25.111+0000] {processor.py:161} INFO - Started process (PID=158) to work on /home/airflow/.local/lib/python3.8/site-packages/airflow/example_dags/tutorial_objectstorage.py
[2025-05-04T23:29:25.111+0000] {processor.py:830} INFO - Processing file /home/airflow/.local/lib/python3.8/site-packages/airflow/example_dags/tutorial_objectstorage.py for tasks to queue
[2025-05-04T23:29:25.113+0000] {logging_mixin.py:188} INFO - [2025-05-04T23:29:25.112+0000] {dagbag.py:538} INFO - Filling up the DagBag from /home/airflow/.local/lib/python3.8/site-packages/airflow/example_dags/tutorial_objectstorage.py
[2025-05-04T23:29:25.119+0000] {processor.py:840} INFO - DAG(s) 'tutorial_objectstorage' retrieved from /home/airflow/.local/lib/python3.8/site-packages/airflow/example_dags/tutorial_objectstorage.py
[2025-05-04T23:29:25.130+0000] {logging_mixin.py:188} INFO - [2025-05-04T23:29:25.130+0000] {dag.py:3033} INFO - Sync 1 DAGs
[2025-05-04T23:29:25.136+0000] {logging_mixin.py:188} INFO - [2025-05-04T23:29:25.136+0000] {dag.py:3820} INFO - Setting next_dagrun for tutorial_objectstorage to None, run_after=None
[2025-05-04T23:29:25.147+0000] {processor.py:183} INFO - Processing /home/airflow/.local/lib/python3.8/site-packages/airflow/example_dags/tutorial_objectstorage.py took 0.039 seconds
[2025-05-04T23:29:55.827+0000] {processor.py:161} INFO - Started process (PID=214) to work on /home/airflow/.local/lib/python3.8/site-packages/airflow/example_dags/tutorial_objectstorage.py
[2025-05-04T23:29:55.828+0000] {processor.py:830} INFO - Processing file /home/airflow/.local/lib/python3.8/site-packages/airflow/example_dags/tutorial_objectstorage.py for tasks to queue
[2025-05-04T23:29:55.829+0000] {logging_mixin.py:188} INFO - [2025-05-04T23:29:55.829+0000] {dagbag.py:538} INFO - Filling up the DagBag from /home/airflow/.local/lib/python3.8/site-packages/airflow/example_dags/tutorial_objectstorage.py
[2025-05-04T23:29:55.834+0000] {processor.py:840} INFO - DAG(s) 'tutorial_objectstorage' retrieved from /home/airflow/.local/lib/python3.8/site-packages/airflow/example_dags/tutorial_objectstorage.py
[2025-05-04T23:29:55.845+0000] {logging_mixin.py:188} INFO - [2025-05-04T23:29:55.845+0000] {dag.py:3033} INFO - Sync 1 DAGs
[2025-05-04T23:29:55.853+0000] {logging_mixin.py:188} INFO - [2025-05-04T23:29:55.852+0000] {dag.py:3820} INFO - Setting next_dagrun for tutorial_objectstorage to None, run_after=None
[2025-05-04T23:29:55.864+0000] {processor.py:183} INFO - Processing /home/airflow/.local/lib/python3.8/site-packages/airflow/example_dags/tutorial_objectstorage.py took 0.039 seconds
[2025-05-04T23:30:26.683+0000] {processor.py:161} INFO - Started process (PID=270) to work on /home/airflow/.local/lib/python3.8/site-packages/airflow/example_dags/tutorial_objectstorage.py
[2025-05-04T23:30:26.684+0000] {processor.py:830} INFO - Processing file /home/airflow/.local/lib/python3.8/site-packages/airflow/example_dags/tutorial_objectstorage.py for tasks to queue
[2025-05-04T23:30:26.685+0000] {logging_mixin.py:188} INFO - [2025-05-04T23:30:26.685+0000] {dagbag.py:538} INFO - Filling up the DagBag from /home/airflow/.local/lib/python3.8/site-packages/airflow/example_dags/tutorial_objectstorage.py
[2025-05-04T23:30:26.689+0000] {processor.py:840} INFO - DAG(s) 'tutorial_objectstorage' retrieved from /home/airflow/.local/lib/python3.8/site-packages/airflow/example_dags/tutorial_objectstorage.py
[2025-05-04T23:30:26.701+0000] {logging_mixin.py:188} INFO - [2025-05-04T23:30:26.701+0000] {dag.py:3033} INFO - Sync 1 DAGs
[2025-05-04T23:30:26.708+0000] {logging_mixin.py:188} INFO - [2025-05-04T23:30:26.708+0000] {dag.py:3820} INFO - Setting next_dagrun for tutorial_objectstorage to None, run_after=None
[2025-05-04T23:30:26.717+0000] {processor.py:183} INFO - Processing /home/airflow/.local/lib/python3.8/site-packages/airflow/example_dags/tutorial_objectstorage.py took 0.036 seconds
[2025-05-04T23:30:57.167+0000] {processor.py:161} INFO - Started process (PID=326) to work on /home/airflow/.local/lib/python3.8/site-packages/airflow/example_dags/tutorial_objectstorage.py
[2025-05-04T23:30:57.169+0000] {processor.py:830} INFO - Processing file /home/airflow/.local/lib/python3.8/site-packages/airflow/example_dags/tutorial_objectstorage.py for tasks to queue
[2025-05-04T23:30:57.170+0000] {logging_mixin.py:188} INFO - [2025-05-04T23:30:57.170+0000] {dagbag.py:538} INFO - Filling up the DagBag from /home/airflow/.local/lib/python3.8/site-packages/airflow/example_dags/tutorial_objectstorage.py
[2025-05-04T23:30:57.174+0000] {processor.py:840} INFO - DAG(s) 'tutorial_objectstorage' retrieved from /home/airflow/.local/lib/python3.8/site-packages/airflow/example_dags/tutorial_objectstorage.py
[2025-05-04T23:30:57.186+0000] {logging_mixin.py:188} INFO - [2025-05-04T23:30:57.186+0000] {dag.py:3033} INFO - Sync 1 DAGs
[2025-05-04T23:30:57.194+0000] {logging_mixin.py:188} INFO - [2025-05-04T23:30:57.194+0000] {dag.py:3820} INFO - Setting next_dagrun for tutorial_objectstorage to None, run_after=None
[2025-05-04T23:30:57.206+0000] {processor.py:183} INFO - Processing /home/airflow/.local/lib/python3.8/site-packages/airflow/example_dags/tutorial_objectstorage.py took 0.041 seconds
[2025-05-04T23:31:27.868+0000] {processor.py:161} INFO - Started process (PID=387) to work on /home/airflow/.local/lib/python3.8/site-packages/airflow/example_dags/tutorial_objectstorage.py
[2025-05-04T23:31:27.871+0000] {processor.py:830} INFO - Processing file /home/airflow/.local/lib/python3.8/site-packages/airflow/example_dags/tutorial_objectstorage.py for tasks to queue
[2025-05-04T23:31:27.872+0000] {logging_mixin.py:188} INFO - [2025-05-04T23:31:27.872+0000] {dagbag.py:538} INFO - Filling up the DagBag from /home/airflow/.local/lib/python3.8/site-packages/airflow/example_dags/tutorial_objectstorage.py
[2025-05-04T23:31:27.875+0000] {processor.py:840} INFO - DAG(s) 'tutorial_objectstorage' retrieved from /home/airflow/.local/lib/python3.8/site-packages/airflow/example_dags/tutorial_objectstorage.py
[2025-05-04T23:31:27.884+0000] {logging_mixin.py:188} INFO - [2025-05-04T23:31:27.884+0000] {dag.py:3033} INFO - Sync 1 DAGs
[2025-05-04T23:31:27.890+0000] {logging_mixin.py:188} INFO - [2025-05-04T23:31:27.890+0000] {dag.py:3820} INFO - Setting next_dagrun for tutorial_objectstorage to None, run_after=None
[2025-05-04T23:31:27.899+0000] {processor.py:183} INFO - Processing /home/airflow/.local/lib/python3.8/site-packages/airflow/example_dags/tutorial_objectstorage.py took 0.032 seconds
[2025-05-04T23:31:58.532+0000] {processor.py:161} INFO - Started process (PID=443) to work on /home/airflow/.local/lib/python3.8/site-packages/airflow/example_dags/tutorial_objectstorage.py
[2025-05-04T23:31:58.534+0000] {processor.py:830} INFO - Processing file /home/airflow/.local/lib/python3.8/site-packages/airflow/example_dags/tutorial_objectstorage.py for tasks to queue
[2025-05-04T23:31:58.535+0000] {logging_mixin.py:188} INFO - [2025-05-04T23:31:58.535+0000] {dagbag.py:538} INFO - Filling up the DagBag from /home/airflow/.local/lib/python3.8/site-packages/airflow/example_dags/tutorial_objectstorage.py
[2025-05-04T23:31:58.540+0000] {processor.py:840} INFO - DAG(s) 'tutorial_objectstorage' retrieved from /home/airflow/.local/lib/python3.8/site-packages/airflow/example_dags/tutorial_objectstorage.py
[2025-05-04T23:31:58.551+0000] {logging_mixin.py:188} INFO - [2025-05-04T23:31:58.551+0000] {dag.py:3033} INFO - Sync 1 DAGs
[2025-05-04T23:31:58.556+0000] {logging_mixin.py:188} INFO - [2025-05-04T23:31:58.556+0000] {dag.py:3820} INFO - Setting next_dagrun for tutorial_objectstorage to None, run_after=None
[2025-05-04T23:31:58.567+0000] {processor.py:183} INFO - Processing /home/airflow/.local/lib/python3.8/site-packages/airflow/example_dags/tutorial_objectstorage.py took 0.037 seconds
[2025-05-04T23:32:29.215+0000] {processor.py:161} INFO - Started process (PID=499) to work on /home/airflow/.local/lib/python3.8/site-packages/airflow/example_dags/tutorial_objectstorage.py
[2025-05-04T23:32:29.215+0000] {processor.py:830} INFO - Processing file /home/airflow/.local/lib/python3.8/site-packages/airflow/example_dags/tutorial_objectstorage.py for tasks to queue
[2025-05-04T23:32:29.217+0000] {logging_mixin.py:188} INFO - [2025-05-04T23:32:29.216+0000] {dagbag.py:538} INFO - Filling up the DagBag from /home/airflow/.local/lib/python3.8/site-packages/airflow/example_dags/tutorial_objectstorage.py
[2025-05-04T23:32:29.222+0000] {processor.py:840} INFO - DAG(s) 'tutorial_objectstorage' retrieved from /home/airflow/.local/lib/python3.8/site-packages/airflow/example_dags/tutorial_objectstorage.py
[2025-05-04T23:32:29.239+0000] {logging_mixin.py:188} INFO - [2025-05-04T23:32:29.239+0000] {dag.py:3033} INFO - Sync 1 DAGs
[2025-05-04T23:32:29.246+0000] {logging_mixin.py:188} INFO - [2025-05-04T23:32:29.246+0000] {dag.py:3820} INFO - Setting next_dagrun for tutorial_objectstorage to None, run_after=None
[2025-05-04T23:32:29.260+0000] {processor.py:183} INFO - Processing /home/airflow/.local/lib/python3.8/site-packages/airflow/example_dags/tutorial_objectstorage.py took 0.047 seconds
[2025-05-04T23:47:21.418+0000] {processor.py:161} INFO - Started process (PID=46) to work on /home/airflow/.local/lib/python3.8/site-packages/airflow/example_dags/tutorial_objectstorage.py
[2025-05-04T23:47:21.424+0000] {processor.py:830} INFO - Processing file /home/airflow/.local/lib/python3.8/site-packages/airflow/example_dags/tutorial_objectstorage.py for tasks to queue
[2025-05-04T23:47:21.428+0000] {logging_mixin.py:188} INFO - [2025-05-04T23:47:21.428+0000] {dagbag.py:538} INFO - Filling up the DagBag from /home/airflow/.local/lib/python3.8/site-packages/airflow/example_dags/tutorial_objectstorage.py
[2025-05-04T23:47:21.433+0000] {processor.py:840} INFO - DAG(s) 'tutorial_objectstorage' retrieved from /home/airflow/.local/lib/python3.8/site-packages/airflow/example_dags/tutorial_objectstorage.py
[2025-05-04T23:47:21.452+0000] {logging_mixin.py:188} INFO - [2025-05-04T23:47:21.452+0000] {dag.py:3033} INFO - Sync 1 DAGs
[2025-05-04T23:47:21.467+0000] {logging_mixin.py:188} INFO - [2025-05-04T23:47:21.467+0000] {dag.py:3820} INFO - Setting next_dagrun for tutorial_objectstorage to None, run_after=None
[2025-05-04T23:47:21.500+0000] {processor.py:183} INFO - Processing /home/airflow/.local/lib/python3.8/site-packages/airflow/example_dags/tutorial_objectstorage.py took 0.088 seconds
[2025-05-04T23:47:52.033+0000] {processor.py:161} INFO - Started process (PID=102) to work on /home/airflow/.local/lib/python3.8/site-packages/airflow/example_dags/tutorial_objectstorage.py
[2025-05-04T23:47:52.033+0000] {processor.py:830} INFO - Processing file /home/airflow/.local/lib/python3.8/site-packages/airflow/example_dags/tutorial_objectstorage.py for tasks to queue
[2025-05-04T23:47:52.036+0000] {logging_mixin.py:188} INFO - [2025-05-04T23:47:52.035+0000] {dagbag.py:538} INFO - Filling up the DagBag from /home/airflow/.local/lib/python3.8/site-packages/airflow/example_dags/tutorial_objectstorage.py
[2025-05-04T23:47:52.040+0000] {processor.py:840} INFO - DAG(s) 'tutorial_objectstorage' retrieved from /home/airflow/.local/lib/python3.8/site-packages/airflow/example_dags/tutorial_objectstorage.py
[2025-05-04T23:47:52.080+0000] {logging_mixin.py:188} INFO - [2025-05-04T23:47:52.080+0000] {dag.py:3033} INFO - Sync 1 DAGs
[2025-05-04T23:47:52.084+0000] {logging_mixin.py:188} INFO - [2025-05-04T23:47:52.084+0000] {dag.py:3820} INFO - Setting next_dagrun for tutorial_objectstorage to None, run_after=None
[2025-05-04T23:47:52.096+0000] {processor.py:183} INFO - Processing /home/airflow/.local/lib/python3.8/site-packages/airflow/example_dags/tutorial_objectstorage.py took 0.065 seconds
[2025-05-04T23:48:22.393+0000] {processor.py:161} INFO - Started process (PID=158) to work on /home/airflow/.local/lib/python3.8/site-packages/airflow/example_dags/tutorial_objectstorage.py
[2025-05-04T23:48:22.394+0000] {processor.py:830} INFO - Processing file /home/airflow/.local/lib/python3.8/site-packages/airflow/example_dags/tutorial_objectstorage.py for tasks to queue
[2025-05-04T23:48:22.395+0000] {logging_mixin.py:188} INFO - [2025-05-04T23:48:22.395+0000] {dagbag.py:538} INFO - Filling up the DagBag from /home/airflow/.local/lib/python3.8/site-packages/airflow/example_dags/tutorial_objectstorage.py
[2025-05-04T23:48:22.399+0000] {processor.py:840} INFO - DAG(s) 'tutorial_objectstorage' retrieved from /home/airflow/.local/lib/python3.8/site-packages/airflow/example_dags/tutorial_objectstorage.py
[2025-05-04T23:48:22.410+0000] {logging_mixin.py:188} INFO - [2025-05-04T23:48:22.410+0000] {dag.py:3033} INFO - Sync 1 DAGs
[2025-05-04T23:48:22.415+0000] {logging_mixin.py:188} INFO - [2025-05-04T23:48:22.415+0000] {dag.py:3820} INFO - Setting next_dagrun for tutorial_objectstorage to None, run_after=None
[2025-05-04T23:48:22.421+0000] {processor.py:183} INFO - Processing /home/airflow/.local/lib/python3.8/site-packages/airflow/example_dags/tutorial_objectstorage.py took 0.030 seconds
[2025-05-04T23:48:53.109+0000] {processor.py:161} INFO - Started process (PID=214) to work on /home/airflow/.local/lib/python3.8/site-packages/airflow/example_dags/tutorial_objectstorage.py
[2025-05-04T23:48:53.109+0000] {processor.py:830} INFO - Processing file /home/airflow/.local/lib/python3.8/site-packages/airflow/example_dags/tutorial_objectstorage.py for tasks to queue
[2025-05-04T23:48:53.110+0000] {logging_mixin.py:188} INFO - [2025-05-04T23:48:53.110+0000] {dagbag.py:538} INFO - Filling up the DagBag from /home/airflow/.local/lib/python3.8/site-packages/airflow/example_dags/tutorial_objectstorage.py
[2025-05-04T23:48:53.113+0000] {processor.py:840} INFO - DAG(s) 'tutorial_objectstorage' retrieved from /home/airflow/.local/lib/python3.8/site-packages/airflow/example_dags/tutorial_objectstorage.py
[2025-05-04T23:48:53.121+0000] {logging_mixin.py:188} INFO - [2025-05-04T23:48:53.121+0000] {dag.py:3033} INFO - Sync 1 DAGs
[2025-05-04T23:48:53.126+0000] {logging_mixin.py:188} INFO - [2025-05-04T23:48:53.126+0000] {dag.py:3820} INFO - Setting next_dagrun for tutorial_objectstorage to None, run_after=None
[2025-05-04T23:48:53.134+0000] {processor.py:183} INFO - Processing /home/airflow/.local/lib/python3.8/site-packages/airflow/example_dags/tutorial_objectstorage.py took 0.027 seconds
[2025-05-04T23:49:23.738+0000] {processor.py:161} INFO - Started process (PID=270) to work on /home/airflow/.local/lib/python3.8/site-packages/airflow/example_dags/tutorial_objectstorage.py
[2025-05-04T23:49:23.739+0000] {processor.py:830} INFO - Processing file /home/airflow/.local/lib/python3.8/site-packages/airflow/example_dags/tutorial_objectstorage.py for tasks to queue
[2025-05-04T23:49:23.740+0000] {logging_mixin.py:188} INFO - [2025-05-04T23:49:23.740+0000] {dagbag.py:538} INFO - Filling up the DagBag from /home/airflow/.local/lib/python3.8/site-packages/airflow/example_dags/tutorial_objectstorage.py
[2025-05-04T23:49:23.745+0000] {processor.py:840} INFO - DAG(s) 'tutorial_objectstorage' retrieved from /home/airflow/.local/lib/python3.8/site-packages/airflow/example_dags/tutorial_objectstorage.py
[2025-05-04T23:49:23.755+0000] {logging_mixin.py:188} INFO - [2025-05-04T23:49:23.755+0000] {dag.py:3033} INFO - Sync 1 DAGs
[2025-05-04T23:49:23.761+0000] {logging_mixin.py:188} INFO - [2025-05-04T23:49:23.761+0000] {dag.py:3820} INFO - Setting next_dagrun for tutorial_objectstorage to None, run_after=None
[2025-05-04T23:49:23.769+0000] {processor.py:183} INFO - Processing /home/airflow/.local/lib/python3.8/site-packages/airflow/example_dags/tutorial_objectstorage.py took 0.032 seconds
[2025-05-04T23:49:54.609+0000] {processor.py:161} INFO - Started process (PID=326) to work on /home/airflow/.local/lib/python3.8/site-packages/airflow/example_dags/tutorial_objectstorage.py
[2025-05-04T23:49:54.610+0000] {processor.py:830} INFO - Processing file /home/airflow/.local/lib/python3.8/site-packages/airflow/example_dags/tutorial_objectstorage.py for tasks to queue
[2025-05-04T23:49:54.612+0000] {logging_mixin.py:188} INFO - [2025-05-04T23:49:54.612+0000] {dagbag.py:538} INFO - Filling up the DagBag from /home/airflow/.local/lib/python3.8/site-packages/airflow/example_dags/tutorial_objectstorage.py
[2025-05-04T23:49:54.617+0000] {processor.py:840} INFO - DAG(s) 'tutorial_objectstorage' retrieved from /home/airflow/.local/lib/python3.8/site-packages/airflow/example_dags/tutorial_objectstorage.py
[2025-05-04T23:49:54.628+0000] {logging_mixin.py:188} INFO - [2025-05-04T23:49:54.628+0000] {dag.py:3033} INFO - Sync 1 DAGs
[2025-05-04T23:49:54.635+0000] {logging_mixin.py:188} INFO - [2025-05-04T23:49:54.635+0000] {dag.py:3820} INFO - Setting next_dagrun for tutorial_objectstorage to None, run_after=None
[2025-05-04T23:49:54.645+0000] {processor.py:183} INFO - Processing /home/airflow/.local/lib/python3.8/site-packages/airflow/example_dags/tutorial_objectstorage.py took 0.038 seconds
