[2025-05-04T22:22:10.383+0000] {processor.py:161} INFO - Started process (PID=57) to work on /home/airflow/.local/lib/python3.8/site-packages/airflow/example_dags/tutorial_dag.py
[2025-05-04T22:22:10.384+0000] {processor.py:830} INFO - Processing file /home/airflow/.local/lib/python3.8/site-packages/airflow/example_dags/tutorial_dag.py for tasks to queue
[2025-05-04T22:22:10.385+0000] {logging_mixin.py:188} INFO - [2025-05-04T22:22:10.385+0000] {dagbag.py:538} INFO - Filling up the DagBag from /home/airflow/.local/lib/python3.8/site-packages/airflow/example_dags/tutorial_dag.py
[2025-05-04T22:22:10.389+0000] {processor.py:840} INFO - DAG(s) 'tutorial_dag' retrieved from /home/airflow/.local/lib/python3.8/site-packages/airflow/example_dags/tutorial_dag.py
[2025-05-04T22:22:10.399+0000] {logging_mixin.py:188} INFO - [2025-05-04T22:22:10.399+0000] {dag.py:3033} INFO - Sync 1 DAGs
[2025-05-04T22:22:10.411+0000] {logging_mixin.py:188} INFO - [2025-05-04T22:22:10.411+0000] {dag.py:3820} INFO - Setting next_dagrun for tutorial_dag to None, run_after=None
[2025-05-04T22:22:10.430+0000] {processor.py:183} INFO - Processing /home/airflow/.local/lib/python3.8/site-packages/airflow/example_dags/tutorial_dag.py took 0.050 seconds
[2025-05-04T22:22:40.978+0000] {processor.py:161} INFO - Started process (PID=112) to work on /home/airflow/.local/lib/python3.8/site-packages/airflow/example_dags/tutorial_dag.py
[2025-05-04T22:22:40.978+0000] {processor.py:830} INFO - Processing file /home/airflow/.local/lib/python3.8/site-packages/airflow/example_dags/tutorial_dag.py for tasks to queue
[2025-05-04T22:22:40.979+0000] {logging_mixin.py:188} INFO - [2025-05-04T22:22:40.979+0000] {dagbag.py:538} INFO - Filling up the DagBag from /home/airflow/.local/lib/python3.8/site-packages/airflow/example_dags/tutorial_dag.py
[2025-05-04T22:22:40.982+0000] {processor.py:840} INFO - DAG(s) 'tutorial_dag' retrieved from /home/airflow/.local/lib/python3.8/site-packages/airflow/example_dags/tutorial_dag.py
[2025-05-04T22:22:41.024+0000] {logging_mixin.py:188} INFO - [2025-05-04T22:22:41.024+0000] {dag.py:3033} INFO - Sync 1 DAGs
[2025-05-04T22:22:41.030+0000] {logging_mixin.py:188} INFO - [2025-05-04T22:22:41.030+0000] {dag.py:3820} INFO - Setting next_dagrun for tutorial_dag to None, run_after=None
[2025-05-04T22:22:41.040+0000] {processor.py:183} INFO - Processing /home/airflow/.local/lib/python3.8/site-packages/airflow/example_dags/tutorial_dag.py took 0.063 seconds
[2025-05-04T22:23:11.052+0000] {processor.py:161} INFO - Started process (PID=167) to work on /home/airflow/.local/lib/python3.8/site-packages/airflow/example_dags/tutorial_dag.py
[2025-05-04T22:23:11.052+0000] {processor.py:830} INFO - Processing file /home/airflow/.local/lib/python3.8/site-packages/airflow/example_dags/tutorial_dag.py for tasks to queue
[2025-05-04T22:23:11.054+0000] {logging_mixin.py:188} INFO - [2025-05-04T22:23:11.054+0000] {dagbag.py:538} INFO - Filling up the DagBag from /home/airflow/.local/lib/python3.8/site-packages/airflow/example_dags/tutorial_dag.py
[2025-05-04T22:23:11.057+0000] {processor.py:840} INFO - DAG(s) 'tutorial_dag' retrieved from /home/airflow/.local/lib/python3.8/site-packages/airflow/example_dags/tutorial_dag.py
[2025-05-04T22:23:11.066+0000] {logging_mixin.py:188} INFO - [2025-05-04T22:23:11.066+0000] {dag.py:3033} INFO - Sync 1 DAGs
[2025-05-04T22:23:11.073+0000] {logging_mixin.py:188} INFO - [2025-05-04T22:23:11.073+0000] {dag.py:3820} INFO - Setting next_dagrun for tutorial_dag to None, run_after=None
[2025-05-04T22:23:11.081+0000] {processor.py:183} INFO - Processing /home/airflow/.local/lib/python3.8/site-packages/airflow/example_dags/tutorial_dag.py took 0.031 seconds
[2025-05-04T22:23:41.539+0000] {processor.py:161} INFO - Started process (PID=222) to work on /home/airflow/.local/lib/python3.8/site-packages/airflow/example_dags/tutorial_dag.py
[2025-05-04T22:23:41.540+0000] {processor.py:830} INFO - Processing file /home/airflow/.local/lib/python3.8/site-packages/airflow/example_dags/tutorial_dag.py for tasks to queue
[2025-05-04T22:23:41.541+0000] {logging_mixin.py:188} INFO - [2025-05-04T22:23:41.541+0000] {dagbag.py:538} INFO - Filling up the DagBag from /home/airflow/.local/lib/python3.8/site-packages/airflow/example_dags/tutorial_dag.py
[2025-05-04T22:23:41.543+0000] {processor.py:840} INFO - DAG(s) 'tutorial_dag' retrieved from /home/airflow/.local/lib/python3.8/site-packages/airflow/example_dags/tutorial_dag.py
[2025-05-04T22:23:41.552+0000] {logging_mixin.py:188} INFO - [2025-05-04T22:23:41.551+0000] {dag.py:3033} INFO - Sync 1 DAGs
[2025-05-04T22:23:41.556+0000] {logging_mixin.py:188} INFO - [2025-05-04T22:23:41.556+0000] {dag.py:3820} INFO - Setting next_dagrun for tutorial_dag to None, run_after=None
[2025-05-04T22:23:41.562+0000] {processor.py:183} INFO - Processing /home/airflow/.local/lib/python3.8/site-packages/airflow/example_dags/tutorial_dag.py took 0.025 seconds
[2025-05-04T22:24:12.138+0000] {processor.py:161} INFO - Started process (PID=277) to work on /home/airflow/.local/lib/python3.8/site-packages/airflow/example_dags/tutorial_dag.py
[2025-05-04T22:24:12.139+0000] {processor.py:830} INFO - Processing file /home/airflow/.local/lib/python3.8/site-packages/airflow/example_dags/tutorial_dag.py for tasks to queue
[2025-05-04T22:24:12.140+0000] {logging_mixin.py:188} INFO - [2025-05-04T22:24:12.140+0000] {dagbag.py:538} INFO - Filling up the DagBag from /home/airflow/.local/lib/python3.8/site-packages/airflow/example_dags/tutorial_dag.py
[2025-05-04T22:24:12.143+0000] {processor.py:840} INFO - DAG(s) 'tutorial_dag' retrieved from /home/airflow/.local/lib/python3.8/site-packages/airflow/example_dags/tutorial_dag.py
[2025-05-04T22:24:12.152+0000] {logging_mixin.py:188} INFO - [2025-05-04T22:24:12.152+0000] {dag.py:3033} INFO - Sync 1 DAGs
[2025-05-04T22:24:12.157+0000] {logging_mixin.py:188} INFO - [2025-05-04T22:24:12.157+0000] {dag.py:3820} INFO - Setting next_dagrun for tutorial_dag to None, run_after=None
[2025-05-04T22:24:12.164+0000] {processor.py:183} INFO - Processing /home/airflow/.local/lib/python3.8/site-packages/airflow/example_dags/tutorial_dag.py took 0.028 seconds
[2025-05-04T22:24:42.794+0000] {processor.py:161} INFO - Started process (PID=332) to work on /home/airflow/.local/lib/python3.8/site-packages/airflow/example_dags/tutorial_dag.py
[2025-05-04T22:24:42.794+0000] {processor.py:830} INFO - Processing file /home/airflow/.local/lib/python3.8/site-packages/airflow/example_dags/tutorial_dag.py for tasks to queue
[2025-05-04T22:24:42.795+0000] {logging_mixin.py:188} INFO - [2025-05-04T22:24:42.795+0000] {dagbag.py:538} INFO - Filling up the DagBag from /home/airflow/.local/lib/python3.8/site-packages/airflow/example_dags/tutorial_dag.py
[2025-05-04T22:24:42.798+0000] {processor.py:840} INFO - DAG(s) 'tutorial_dag' retrieved from /home/airflow/.local/lib/python3.8/site-packages/airflow/example_dags/tutorial_dag.py
[2025-05-04T22:24:42.810+0000] {logging_mixin.py:188} INFO - [2025-05-04T22:24:42.810+0000] {dag.py:3033} INFO - Sync 1 DAGs
[2025-05-04T22:24:42.815+0000] {logging_mixin.py:188} INFO - [2025-05-04T22:24:42.815+0000] {dag.py:3820} INFO - Setting next_dagrun for tutorial_dag to None, run_after=None
[2025-05-04T22:24:42.823+0000] {processor.py:183} INFO - Processing /home/airflow/.local/lib/python3.8/site-packages/airflow/example_dags/tutorial_dag.py took 0.031 seconds
[2025-05-04T22:25:28.871+0000] {processor.py:161} INFO - Started process (PID=58) to work on /home/airflow/.local/lib/python3.8/site-packages/airflow/example_dags/tutorial_dag.py
[2025-05-04T22:25:28.872+0000] {processor.py:830} INFO - Processing file /home/airflow/.local/lib/python3.8/site-packages/airflow/example_dags/tutorial_dag.py for tasks to queue
[2025-05-04T22:25:28.876+0000] {logging_mixin.py:188} INFO - [2025-05-04T22:25:28.875+0000] {dagbag.py:538} INFO - Filling up the DagBag from /home/airflow/.local/lib/python3.8/site-packages/airflow/example_dags/tutorial_dag.py
[2025-05-04T22:25:28.888+0000] {processor.py:840} INFO - DAG(s) 'tutorial_dag' retrieved from /home/airflow/.local/lib/python3.8/site-packages/airflow/example_dags/tutorial_dag.py
[2025-05-04T22:25:28.918+0000] {logging_mixin.py:188} INFO - [2025-05-04T22:25:28.917+0000] {dag.py:3033} INFO - Sync 1 DAGs
[2025-05-04T22:25:28.936+0000] {logging_mixin.py:188} INFO - [2025-05-04T22:25:28.936+0000] {dag.py:3820} INFO - Setting next_dagrun for tutorial_dag to None, run_after=None
[2025-05-04T22:25:28.963+0000] {processor.py:183} INFO - Processing /home/airflow/.local/lib/python3.8/site-packages/airflow/example_dags/tutorial_dag.py took 0.096 seconds
[2025-05-04T22:25:59.334+0000] {processor.py:161} INFO - Started process (PID=114) to work on /home/airflow/.local/lib/python3.8/site-packages/airflow/example_dags/tutorial_dag.py
[2025-05-04T22:25:59.335+0000] {processor.py:830} INFO - Processing file /home/airflow/.local/lib/python3.8/site-packages/airflow/example_dags/tutorial_dag.py for tasks to queue
[2025-05-04T22:25:59.336+0000] {logging_mixin.py:188} INFO - [2025-05-04T22:25:59.336+0000] {dagbag.py:538} INFO - Filling up the DagBag from /home/airflow/.local/lib/python3.8/site-packages/airflow/example_dags/tutorial_dag.py
[2025-05-04T22:25:59.340+0000] {processor.py:840} INFO - DAG(s) 'tutorial_dag' retrieved from /home/airflow/.local/lib/python3.8/site-packages/airflow/example_dags/tutorial_dag.py
[2025-05-04T22:25:59.397+0000] {logging_mixin.py:188} INFO - [2025-05-04T22:25:59.397+0000] {dag.py:3033} INFO - Sync 1 DAGs
[2025-05-04T22:25:59.403+0000] {logging_mixin.py:188} INFO - [2025-05-04T22:25:59.403+0000] {dag.py:3820} INFO - Setting next_dagrun for tutorial_dag to None, run_after=None
[2025-05-04T22:25:59.412+0000] {processor.py:183} INFO - Processing /home/airflow/.local/lib/python3.8/site-packages/airflow/example_dags/tutorial_dag.py took 0.080 seconds
[2025-05-04T22:26:29.459+0000] {processor.py:161} INFO - Started process (PID=170) to work on /home/airflow/.local/lib/python3.8/site-packages/airflow/example_dags/tutorial_dag.py
[2025-05-04T22:26:29.459+0000] {processor.py:830} INFO - Processing file /home/airflow/.local/lib/python3.8/site-packages/airflow/example_dags/tutorial_dag.py for tasks to queue
[2025-05-04T22:26:29.460+0000] {logging_mixin.py:188} INFO - [2025-05-04T22:26:29.460+0000] {dagbag.py:538} INFO - Filling up the DagBag from /home/airflow/.local/lib/python3.8/site-packages/airflow/example_dags/tutorial_dag.py
[2025-05-04T22:26:29.463+0000] {processor.py:840} INFO - DAG(s) 'tutorial_dag' retrieved from /home/airflow/.local/lib/python3.8/site-packages/airflow/example_dags/tutorial_dag.py
[2025-05-04T22:26:29.471+0000] {logging_mixin.py:188} INFO - [2025-05-04T22:26:29.471+0000] {dag.py:3033} INFO - Sync 1 DAGs
[2025-05-04T22:26:29.477+0000] {logging_mixin.py:188} INFO - [2025-05-04T22:26:29.477+0000] {dag.py:3820} INFO - Setting next_dagrun for tutorial_dag to None, run_after=None
[2025-05-04T22:26:29.488+0000] {processor.py:183} INFO - Processing /home/airflow/.local/lib/python3.8/site-packages/airflow/example_dags/tutorial_dag.py took 0.031 seconds
[2025-05-04T22:27:00.170+0000] {processor.py:161} INFO - Started process (PID=230) to work on /home/airflow/.local/lib/python3.8/site-packages/airflow/example_dags/tutorial_dag.py
[2025-05-04T22:27:00.171+0000] {processor.py:830} INFO - Processing file /home/airflow/.local/lib/python3.8/site-packages/airflow/example_dags/tutorial_dag.py for tasks to queue
[2025-05-04T22:27:00.172+0000] {logging_mixin.py:188} INFO - [2025-05-04T22:27:00.172+0000] {dagbag.py:538} INFO - Filling up the DagBag from /home/airflow/.local/lib/python3.8/site-packages/airflow/example_dags/tutorial_dag.py
[2025-05-04T22:27:00.175+0000] {processor.py:840} INFO - DAG(s) 'tutorial_dag' retrieved from /home/airflow/.local/lib/python3.8/site-packages/airflow/example_dags/tutorial_dag.py
[2025-05-04T22:27:00.186+0000] {logging_mixin.py:188} INFO - [2025-05-04T22:27:00.186+0000] {dag.py:3033} INFO - Sync 1 DAGs
[2025-05-04T22:27:00.193+0000] {logging_mixin.py:188} INFO - [2025-05-04T22:27:00.193+0000] {dag.py:3820} INFO - Setting next_dagrun for tutorial_dag to None, run_after=None
[2025-05-04T22:27:00.199+0000] {processor.py:183} INFO - Processing /home/airflow/.local/lib/python3.8/site-packages/airflow/example_dags/tutorial_dag.py took 0.031 seconds
[2025-05-04T22:27:30.858+0000] {processor.py:161} INFO - Started process (PID=286) to work on /home/airflow/.local/lib/python3.8/site-packages/airflow/example_dags/tutorial_dag.py
[2025-05-04T22:27:30.858+0000] {processor.py:830} INFO - Processing file /home/airflow/.local/lib/python3.8/site-packages/airflow/example_dags/tutorial_dag.py for tasks to queue
[2025-05-04T22:27:30.859+0000] {logging_mixin.py:188} INFO - [2025-05-04T22:27:30.859+0000] {dagbag.py:538} INFO - Filling up the DagBag from /home/airflow/.local/lib/python3.8/site-packages/airflow/example_dags/tutorial_dag.py
[2025-05-04T22:27:30.861+0000] {processor.py:840} INFO - DAG(s) 'tutorial_dag' retrieved from /home/airflow/.local/lib/python3.8/site-packages/airflow/example_dags/tutorial_dag.py
[2025-05-04T22:27:30.869+0000] {logging_mixin.py:188} INFO - [2025-05-04T22:27:30.869+0000] {dag.py:3033} INFO - Sync 1 DAGs
[2025-05-04T22:27:30.874+0000] {logging_mixin.py:188} INFO - [2025-05-04T22:27:30.874+0000] {dag.py:3820} INFO - Setting next_dagrun for tutorial_dag to None, run_after=None
[2025-05-04T22:27:30.880+0000] {processor.py:183} INFO - Processing /home/airflow/.local/lib/python3.8/site-packages/airflow/example_dags/tutorial_dag.py took 0.023 seconds
[2025-05-04T22:28:01.509+0000] {processor.py:161} INFO - Started process (PID=342) to work on /home/airflow/.local/lib/python3.8/site-packages/airflow/example_dags/tutorial_dag.py
[2025-05-04T22:28:01.511+0000] {processor.py:830} INFO - Processing file /home/airflow/.local/lib/python3.8/site-packages/airflow/example_dags/tutorial_dag.py for tasks to queue
[2025-05-04T22:28:01.512+0000] {logging_mixin.py:188} INFO - [2025-05-04T22:28:01.512+0000] {dagbag.py:538} INFO - Filling up the DagBag from /home/airflow/.local/lib/python3.8/site-packages/airflow/example_dags/tutorial_dag.py
[2025-05-04T22:28:01.514+0000] {processor.py:840} INFO - DAG(s) 'tutorial_dag' retrieved from /home/airflow/.local/lib/python3.8/site-packages/airflow/example_dags/tutorial_dag.py
[2025-05-04T22:28:01.521+0000] {logging_mixin.py:188} INFO - [2025-05-04T22:28:01.521+0000] {dag.py:3033} INFO - Sync 1 DAGs
[2025-05-04T22:28:01.526+0000] {logging_mixin.py:188} INFO - [2025-05-04T22:28:01.526+0000] {dag.py:3820} INFO - Setting next_dagrun for tutorial_dag to None, run_after=None
[2025-05-04T22:28:01.532+0000] {processor.py:183} INFO - Processing /home/airflow/.local/lib/python3.8/site-packages/airflow/example_dags/tutorial_dag.py took 0.025 seconds
[2025-05-04T22:28:32.077+0000] {processor.py:161} INFO - Started process (PID=398) to work on /home/airflow/.local/lib/python3.8/site-packages/airflow/example_dags/tutorial_dag.py
[2025-05-04T22:28:32.077+0000] {processor.py:830} INFO - Processing file /home/airflow/.local/lib/python3.8/site-packages/airflow/example_dags/tutorial_dag.py for tasks to queue
[2025-05-04T22:28:32.078+0000] {logging_mixin.py:188} INFO - [2025-05-04T22:28:32.078+0000] {dagbag.py:538} INFO - Filling up the DagBag from /home/airflow/.local/lib/python3.8/site-packages/airflow/example_dags/tutorial_dag.py
[2025-05-04T22:28:32.080+0000] {processor.py:840} INFO - DAG(s) 'tutorial_dag' retrieved from /home/airflow/.local/lib/python3.8/site-packages/airflow/example_dags/tutorial_dag.py
[2025-05-04T22:28:32.089+0000] {logging_mixin.py:188} INFO - [2025-05-04T22:28:32.089+0000] {dag.py:3033} INFO - Sync 1 DAGs
[2025-05-04T22:28:32.094+0000] {logging_mixin.py:188} INFO - [2025-05-04T22:28:32.094+0000] {dag.py:3820} INFO - Setting next_dagrun for tutorial_dag to None, run_after=None
[2025-05-04T22:28:32.102+0000] {processor.py:183} INFO - Processing /home/airflow/.local/lib/python3.8/site-packages/airflow/example_dags/tutorial_dag.py took 0.026 seconds
[2025-05-04T22:29:02.709+0000] {processor.py:161} INFO - Started process (PID=454) to work on /home/airflow/.local/lib/python3.8/site-packages/airflow/example_dags/tutorial_dag.py
[2025-05-04T22:29:02.710+0000] {processor.py:830} INFO - Processing file /home/airflow/.local/lib/python3.8/site-packages/airflow/example_dags/tutorial_dag.py for tasks to queue
[2025-05-04T22:29:02.711+0000] {logging_mixin.py:188} INFO - [2025-05-04T22:29:02.711+0000] {dagbag.py:538} INFO - Filling up the DagBag from /home/airflow/.local/lib/python3.8/site-packages/airflow/example_dags/tutorial_dag.py
[2025-05-04T22:29:02.742+0000] {processor.py:840} INFO - DAG(s) 'tutorial_dag' retrieved from /home/airflow/.local/lib/python3.8/site-packages/airflow/example_dags/tutorial_dag.py
[2025-05-04T22:29:02.762+0000] {logging_mixin.py:188} INFO - [2025-05-04T22:29:02.762+0000] {dag.py:3033} INFO - Sync 1 DAGs
[2025-05-04T22:29:02.770+0000] {logging_mixin.py:188} INFO - [2025-05-04T22:29:02.770+0000] {dag.py:3820} INFO - Setting next_dagrun for tutorial_dag to None, run_after=None
[2025-05-04T22:29:02.780+0000] {processor.py:183} INFO - Processing /home/airflow/.local/lib/python3.8/site-packages/airflow/example_dags/tutorial_dag.py took 0.073 seconds
[2025-05-04T22:29:33.551+0000] {processor.py:161} INFO - Started process (PID=510) to work on /home/airflow/.local/lib/python3.8/site-packages/airflow/example_dags/tutorial_dag.py
[2025-05-04T22:29:33.551+0000] {processor.py:830} INFO - Processing file /home/airflow/.local/lib/python3.8/site-packages/airflow/example_dags/tutorial_dag.py for tasks to queue
[2025-05-04T22:29:33.552+0000] {logging_mixin.py:188} INFO - [2025-05-04T22:29:33.552+0000] {dagbag.py:538} INFO - Filling up the DagBag from /home/airflow/.local/lib/python3.8/site-packages/airflow/example_dags/tutorial_dag.py
[2025-05-04T22:29:33.554+0000] {processor.py:840} INFO - DAG(s) 'tutorial_dag' retrieved from /home/airflow/.local/lib/python3.8/site-packages/airflow/example_dags/tutorial_dag.py
[2025-05-04T22:29:33.567+0000] {logging_mixin.py:188} INFO - [2025-05-04T22:29:33.567+0000] {dag.py:3033} INFO - Sync 1 DAGs
[2025-05-04T22:29:33.572+0000] {logging_mixin.py:188} INFO - [2025-05-04T22:29:33.572+0000] {dag.py:3820} INFO - Setting next_dagrun for tutorial_dag to None, run_after=None
[2025-05-04T22:29:33.582+0000] {processor.py:183} INFO - Processing /home/airflow/.local/lib/python3.8/site-packages/airflow/example_dags/tutorial_dag.py took 0.032 seconds
[2025-05-04T22:30:04.224+0000] {processor.py:161} INFO - Started process (PID=566) to work on /home/airflow/.local/lib/python3.8/site-packages/airflow/example_dags/tutorial_dag.py
[2025-05-04T22:30:04.225+0000] {processor.py:830} INFO - Processing file /home/airflow/.local/lib/python3.8/site-packages/airflow/example_dags/tutorial_dag.py for tasks to queue
[2025-05-04T22:30:04.226+0000] {logging_mixin.py:188} INFO - [2025-05-04T22:30:04.226+0000] {dagbag.py:538} INFO - Filling up the DagBag from /home/airflow/.local/lib/python3.8/site-packages/airflow/example_dags/tutorial_dag.py
[2025-05-04T22:30:04.229+0000] {processor.py:840} INFO - DAG(s) 'tutorial_dag' retrieved from /home/airflow/.local/lib/python3.8/site-packages/airflow/example_dags/tutorial_dag.py
[2025-05-04T22:30:04.238+0000] {logging_mixin.py:188} INFO - [2025-05-04T22:30:04.238+0000] {dag.py:3033} INFO - Sync 1 DAGs
[2025-05-04T22:30:04.243+0000] {logging_mixin.py:188} INFO - [2025-05-04T22:30:04.243+0000] {dag.py:3820} INFO - Setting next_dagrun for tutorial_dag to None, run_after=None
[2025-05-04T22:30:04.250+0000] {processor.py:183} INFO - Processing /home/airflow/.local/lib/python3.8/site-packages/airflow/example_dags/tutorial_dag.py took 0.028 seconds
[2025-05-04T22:30:34.978+0000] {processor.py:161} INFO - Started process (PID=622) to work on /home/airflow/.local/lib/python3.8/site-packages/airflow/example_dags/tutorial_dag.py
[2025-05-04T22:30:34.979+0000] {processor.py:830} INFO - Processing file /home/airflow/.local/lib/python3.8/site-packages/airflow/example_dags/tutorial_dag.py for tasks to queue
[2025-05-04T22:30:34.980+0000] {logging_mixin.py:188} INFO - [2025-05-04T22:30:34.979+0000] {dagbag.py:538} INFO - Filling up the DagBag from /home/airflow/.local/lib/python3.8/site-packages/airflow/example_dags/tutorial_dag.py
[2025-05-04T22:30:34.982+0000] {processor.py:840} INFO - DAG(s) 'tutorial_dag' retrieved from /home/airflow/.local/lib/python3.8/site-packages/airflow/example_dags/tutorial_dag.py
[2025-05-04T22:30:34.990+0000] {logging_mixin.py:188} INFO - [2025-05-04T22:30:34.990+0000] {dag.py:3033} INFO - Sync 1 DAGs
[2025-05-04T22:30:34.994+0000] {logging_mixin.py:188} INFO - [2025-05-04T22:30:34.994+0000] {dag.py:3820} INFO - Setting next_dagrun for tutorial_dag to None, run_after=None
[2025-05-04T22:30:35.001+0000] {processor.py:183} INFO - Processing /home/airflow/.local/lib/python3.8/site-packages/airflow/example_dags/tutorial_dag.py took 0.024 seconds
[2025-05-04T22:31:14.163+0000] {processor.py:161} INFO - Started process (PID=59) to work on /home/airflow/.local/lib/python3.8/site-packages/airflow/example_dags/tutorial_dag.py
[2025-05-04T22:31:14.165+0000] {processor.py:830} INFO - Processing file /home/airflow/.local/lib/python3.8/site-packages/airflow/example_dags/tutorial_dag.py for tasks to queue
[2025-05-04T22:31:14.170+0000] {logging_mixin.py:188} INFO - [2025-05-04T22:31:14.170+0000] {dagbag.py:538} INFO - Filling up the DagBag from /home/airflow/.local/lib/python3.8/site-packages/airflow/example_dags/tutorial_dag.py
[2025-05-04T22:31:14.173+0000] {processor.py:840} INFO - DAG(s) 'tutorial_dag' retrieved from /home/airflow/.local/lib/python3.8/site-packages/airflow/example_dags/tutorial_dag.py
[2025-05-04T22:31:14.190+0000] {logging_mixin.py:188} INFO - [2025-05-04T22:31:14.190+0000] {dag.py:3033} INFO - Sync 1 DAGs
[2025-05-04T22:31:14.200+0000] {logging_mixin.py:188} INFO - [2025-05-04T22:31:14.200+0000] {dag.py:3820} INFO - Setting next_dagrun for tutorial_dag to None, run_after=None
[2025-05-04T22:31:14.234+0000] {processor.py:183} INFO - Processing /home/airflow/.local/lib/python3.8/site-packages/airflow/example_dags/tutorial_dag.py took 0.074 seconds
[2025-05-04T22:31:44.390+0000] {processor.py:161} INFO - Started process (PID=115) to work on /home/airflow/.local/lib/python3.8/site-packages/airflow/example_dags/tutorial_dag.py
[2025-05-04T22:31:44.391+0000] {processor.py:830} INFO - Processing file /home/airflow/.local/lib/python3.8/site-packages/airflow/example_dags/tutorial_dag.py for tasks to queue
[2025-05-04T22:31:44.392+0000] {logging_mixin.py:188} INFO - [2025-05-04T22:31:44.392+0000] {dagbag.py:538} INFO - Filling up the DagBag from /home/airflow/.local/lib/python3.8/site-packages/airflow/example_dags/tutorial_dag.py
[2025-05-04T22:31:44.396+0000] {processor.py:840} INFO - DAG(s) 'tutorial_dag' retrieved from /home/airflow/.local/lib/python3.8/site-packages/airflow/example_dags/tutorial_dag.py
[2025-05-04T22:31:44.452+0000] {logging_mixin.py:188} INFO - [2025-05-04T22:31:44.451+0000] {dag.py:3033} INFO - Sync 1 DAGs
[2025-05-04T22:31:44.460+0000] {logging_mixin.py:188} INFO - [2025-05-04T22:31:44.460+0000] {dag.py:3820} INFO - Setting next_dagrun for tutorial_dag to None, run_after=None
[2025-05-04T22:31:44.478+0000] {processor.py:183} INFO - Processing /home/airflow/.local/lib/python3.8/site-packages/airflow/example_dags/tutorial_dag.py took 0.090 seconds
[2025-05-04T22:32:14.583+0000] {processor.py:161} INFO - Started process (PID=175) to work on /home/airflow/.local/lib/python3.8/site-packages/airflow/example_dags/tutorial_dag.py
[2025-05-04T22:32:14.584+0000] {processor.py:830} INFO - Processing file /home/airflow/.local/lib/python3.8/site-packages/airflow/example_dags/tutorial_dag.py for tasks to queue
[2025-05-04T22:32:14.585+0000] {logging_mixin.py:188} INFO - [2025-05-04T22:32:14.585+0000] {dagbag.py:538} INFO - Filling up the DagBag from /home/airflow/.local/lib/python3.8/site-packages/airflow/example_dags/tutorial_dag.py
[2025-05-04T22:32:14.588+0000] {processor.py:840} INFO - DAG(s) 'tutorial_dag' retrieved from /home/airflow/.local/lib/python3.8/site-packages/airflow/example_dags/tutorial_dag.py
[2025-05-04T22:32:14.598+0000] {logging_mixin.py:188} INFO - [2025-05-04T22:32:14.598+0000] {dag.py:3033} INFO - Sync 1 DAGs
[2025-05-04T22:32:14.604+0000] {logging_mixin.py:188} INFO - [2025-05-04T22:32:14.604+0000] {dag.py:3820} INFO - Setting next_dagrun for tutorial_dag to None, run_after=None
[2025-05-04T22:32:14.618+0000] {processor.py:183} INFO - Processing /home/airflow/.local/lib/python3.8/site-packages/airflow/example_dags/tutorial_dag.py took 0.037 seconds
[2025-05-04T22:32:45.395+0000] {processor.py:161} INFO - Started process (PID=231) to work on /home/airflow/.local/lib/python3.8/site-packages/airflow/example_dags/tutorial_dag.py
[2025-05-04T22:32:45.396+0000] {processor.py:830} INFO - Processing file /home/airflow/.local/lib/python3.8/site-packages/airflow/example_dags/tutorial_dag.py for tasks to queue
[2025-05-04T22:32:45.397+0000] {logging_mixin.py:188} INFO - [2025-05-04T22:32:45.397+0000] {dagbag.py:538} INFO - Filling up the DagBag from /home/airflow/.local/lib/python3.8/site-packages/airflow/example_dags/tutorial_dag.py
[2025-05-04T22:32:45.400+0000] {processor.py:840} INFO - DAG(s) 'tutorial_dag' retrieved from /home/airflow/.local/lib/python3.8/site-packages/airflow/example_dags/tutorial_dag.py
[2025-05-04T22:32:45.410+0000] {logging_mixin.py:188} INFO - [2025-05-04T22:32:45.410+0000] {dag.py:3033} INFO - Sync 1 DAGs
[2025-05-04T22:32:45.415+0000] {logging_mixin.py:188} INFO - [2025-05-04T22:32:45.415+0000] {dag.py:3820} INFO - Setting next_dagrun for tutorial_dag to None, run_after=None
[2025-05-04T22:32:45.423+0000] {processor.py:183} INFO - Processing /home/airflow/.local/lib/python3.8/site-packages/airflow/example_dags/tutorial_dag.py took 0.030 seconds
[2025-05-04T22:33:16.103+0000] {processor.py:161} INFO - Started process (PID=287) to work on /home/airflow/.local/lib/python3.8/site-packages/airflow/example_dags/tutorial_dag.py
[2025-05-04T22:33:16.104+0000] {processor.py:830} INFO - Processing file /home/airflow/.local/lib/python3.8/site-packages/airflow/example_dags/tutorial_dag.py for tasks to queue
[2025-05-04T22:33:16.105+0000] {logging_mixin.py:188} INFO - [2025-05-04T22:33:16.105+0000] {dagbag.py:538} INFO - Filling up the DagBag from /home/airflow/.local/lib/python3.8/site-packages/airflow/example_dags/tutorial_dag.py
[2025-05-04T22:33:16.108+0000] {processor.py:840} INFO - DAG(s) 'tutorial_dag' retrieved from /home/airflow/.local/lib/python3.8/site-packages/airflow/example_dags/tutorial_dag.py
[2025-05-04T22:33:16.120+0000] {logging_mixin.py:188} INFO - [2025-05-04T22:33:16.120+0000] {dag.py:3033} INFO - Sync 1 DAGs
[2025-05-04T22:33:16.126+0000] {logging_mixin.py:188} INFO - [2025-05-04T22:33:16.126+0000] {dag.py:3820} INFO - Setting next_dagrun for tutorial_dag to None, run_after=None
[2025-05-04T22:33:16.135+0000] {processor.py:183} INFO - Processing /home/airflow/.local/lib/python3.8/site-packages/airflow/example_dags/tutorial_dag.py took 0.034 seconds
[2025-05-04T22:33:46.792+0000] {processor.py:161} INFO - Started process (PID=343) to work on /home/airflow/.local/lib/python3.8/site-packages/airflow/example_dags/tutorial_dag.py
[2025-05-04T22:33:46.793+0000] {processor.py:830} INFO - Processing file /home/airflow/.local/lib/python3.8/site-packages/airflow/example_dags/tutorial_dag.py for tasks to queue
[2025-05-04T22:33:46.795+0000] {logging_mixin.py:188} INFO - [2025-05-04T22:33:46.795+0000] {dagbag.py:538} INFO - Filling up the DagBag from /home/airflow/.local/lib/python3.8/site-packages/airflow/example_dags/tutorial_dag.py
[2025-05-04T22:33:46.797+0000] {processor.py:840} INFO - DAG(s) 'tutorial_dag' retrieved from /home/airflow/.local/lib/python3.8/site-packages/airflow/example_dags/tutorial_dag.py
[2025-05-04T22:33:46.805+0000] {logging_mixin.py:188} INFO - [2025-05-04T22:33:46.805+0000] {dag.py:3033} INFO - Sync 1 DAGs
[2025-05-04T22:33:46.811+0000] {logging_mixin.py:188} INFO - [2025-05-04T22:33:46.811+0000] {dag.py:3820} INFO - Setting next_dagrun for tutorial_dag to None, run_after=None
[2025-05-04T22:33:46.823+0000] {processor.py:183} INFO - Processing /home/airflow/.local/lib/python3.8/site-packages/airflow/example_dags/tutorial_dag.py took 0.032 seconds
[2025-05-04T22:34:17.440+0000] {processor.py:161} INFO - Started process (PID=399) to work on /home/airflow/.local/lib/python3.8/site-packages/airflow/example_dags/tutorial_dag.py
[2025-05-04T22:34:17.443+0000] {processor.py:830} INFO - Processing file /home/airflow/.local/lib/python3.8/site-packages/airflow/example_dags/tutorial_dag.py for tasks to queue
[2025-05-04T22:34:17.445+0000] {logging_mixin.py:188} INFO - [2025-05-04T22:34:17.445+0000] {dagbag.py:538} INFO - Filling up the DagBag from /home/airflow/.local/lib/python3.8/site-packages/airflow/example_dags/tutorial_dag.py
[2025-05-04T22:34:17.448+0000] {processor.py:840} INFO - DAG(s) 'tutorial_dag' retrieved from /home/airflow/.local/lib/python3.8/site-packages/airflow/example_dags/tutorial_dag.py
[2025-05-04T22:34:17.459+0000] {logging_mixin.py:188} INFO - [2025-05-04T22:34:17.459+0000] {dag.py:3033} INFO - Sync 1 DAGs
[2025-05-04T22:34:17.464+0000] {logging_mixin.py:188} INFO - [2025-05-04T22:34:17.464+0000] {dag.py:3820} INFO - Setting next_dagrun for tutorial_dag to None, run_after=None
[2025-05-04T22:34:17.475+0000] {processor.py:183} INFO - Processing /home/airflow/.local/lib/python3.8/site-packages/airflow/example_dags/tutorial_dag.py took 0.037 seconds
[2025-05-04T22:36:25.395+0000] {processor.py:161} INFO - Started process (PID=57) to work on /home/airflow/.local/lib/python3.8/site-packages/airflow/example_dags/tutorial_dag.py
[2025-05-04T22:36:25.396+0000] {processor.py:830} INFO - Processing file /home/airflow/.local/lib/python3.8/site-packages/airflow/example_dags/tutorial_dag.py for tasks to queue
[2025-05-04T22:36:25.399+0000] {logging_mixin.py:188} INFO - [2025-05-04T22:36:25.398+0000] {dagbag.py:538} INFO - Filling up the DagBag from /home/airflow/.local/lib/python3.8/site-packages/airflow/example_dags/tutorial_dag.py
[2025-05-04T22:36:25.402+0000] {processor.py:840} INFO - DAG(s) 'tutorial_dag' retrieved from /home/airflow/.local/lib/python3.8/site-packages/airflow/example_dags/tutorial_dag.py
[2025-05-04T22:36:25.418+0000] {logging_mixin.py:188} INFO - [2025-05-04T22:36:25.418+0000] {dag.py:3033} INFO - Sync 1 DAGs
[2025-05-04T22:36:25.439+0000] {logging_mixin.py:188} INFO - [2025-05-04T22:36:25.438+0000] {dag.py:3820} INFO - Setting next_dagrun for tutorial_dag to None, run_after=None
[2025-05-04T22:36:25.487+0000] {processor.py:183} INFO - Processing /home/airflow/.local/lib/python3.8/site-packages/airflow/example_dags/tutorial_dag.py took 0.095 seconds
[2025-05-04T22:36:55.544+0000] {processor.py:161} INFO - Started process (PID=113) to work on /home/airflow/.local/lib/python3.8/site-packages/airflow/example_dags/tutorial_dag.py
[2025-05-04T22:36:55.544+0000] {processor.py:830} INFO - Processing file /home/airflow/.local/lib/python3.8/site-packages/airflow/example_dags/tutorial_dag.py for tasks to queue
[2025-05-04T22:36:55.546+0000] {logging_mixin.py:188} INFO - [2025-05-04T22:36:55.546+0000] {dagbag.py:538} INFO - Filling up the DagBag from /home/airflow/.local/lib/python3.8/site-packages/airflow/example_dags/tutorial_dag.py
[2025-05-04T22:36:55.548+0000] {processor.py:840} INFO - DAG(s) 'tutorial_dag' retrieved from /home/airflow/.local/lib/python3.8/site-packages/airflow/example_dags/tutorial_dag.py
[2025-05-04T22:36:55.597+0000] {logging_mixin.py:188} INFO - [2025-05-04T22:36:55.597+0000] {dag.py:3033} INFO - Sync 1 DAGs
[2025-05-04T22:36:55.604+0000] {logging_mixin.py:188} INFO - [2025-05-04T22:36:55.604+0000] {dag.py:3820} INFO - Setting next_dagrun for tutorial_dag to None, run_after=None
[2025-05-04T22:36:55.611+0000] {processor.py:183} INFO - Processing /home/airflow/.local/lib/python3.8/site-packages/airflow/example_dags/tutorial_dag.py took 0.068 seconds
[2025-05-04T22:37:25.828+0000] {processor.py:161} INFO - Started process (PID=169) to work on /home/airflow/.local/lib/python3.8/site-packages/airflow/example_dags/tutorial_dag.py
[2025-05-04T22:37:25.828+0000] {processor.py:830} INFO - Processing file /home/airflow/.local/lib/python3.8/site-packages/airflow/example_dags/tutorial_dag.py for tasks to queue
[2025-05-04T22:37:25.829+0000] {logging_mixin.py:188} INFO - [2025-05-04T22:37:25.829+0000] {dagbag.py:538} INFO - Filling up the DagBag from /home/airflow/.local/lib/python3.8/site-packages/airflow/example_dags/tutorial_dag.py
[2025-05-04T22:37:25.831+0000] {processor.py:840} INFO - DAG(s) 'tutorial_dag' retrieved from /home/airflow/.local/lib/python3.8/site-packages/airflow/example_dags/tutorial_dag.py
[2025-05-04T22:37:25.840+0000] {logging_mixin.py:188} INFO - [2025-05-04T22:37:25.840+0000] {dag.py:3033} INFO - Sync 1 DAGs
[2025-05-04T22:37:25.846+0000] {logging_mixin.py:188} INFO - [2025-05-04T22:37:25.846+0000] {dag.py:3820} INFO - Setting next_dagrun for tutorial_dag to None, run_after=None
[2025-05-04T22:37:25.859+0000] {processor.py:183} INFO - Processing /home/airflow/.local/lib/python3.8/site-packages/airflow/example_dags/tutorial_dag.py took 0.033 seconds
[2025-05-04T22:37:56.562+0000] {processor.py:161} INFO - Started process (PID=225) to work on /home/airflow/.local/lib/python3.8/site-packages/airflow/example_dags/tutorial_dag.py
[2025-05-04T22:37:56.563+0000] {processor.py:830} INFO - Processing file /home/airflow/.local/lib/python3.8/site-packages/airflow/example_dags/tutorial_dag.py for tasks to queue
[2025-05-04T22:37:56.564+0000] {logging_mixin.py:188} INFO - [2025-05-04T22:37:56.563+0000] {dagbag.py:538} INFO - Filling up the DagBag from /home/airflow/.local/lib/python3.8/site-packages/airflow/example_dags/tutorial_dag.py
[2025-05-04T22:37:56.566+0000] {processor.py:840} INFO - DAG(s) 'tutorial_dag' retrieved from /home/airflow/.local/lib/python3.8/site-packages/airflow/example_dags/tutorial_dag.py
[2025-05-04T22:37:56.577+0000] {logging_mixin.py:188} INFO - [2025-05-04T22:37:56.577+0000] {dag.py:3033} INFO - Sync 1 DAGs
[2025-05-04T22:37:56.584+0000] {logging_mixin.py:188} INFO - [2025-05-04T22:37:56.584+0000] {dag.py:3820} INFO - Setting next_dagrun for tutorial_dag to None, run_after=None
[2025-05-04T22:37:56.597+0000] {processor.py:183} INFO - Processing /home/airflow/.local/lib/python3.8/site-packages/airflow/example_dags/tutorial_dag.py took 0.036 seconds
[2025-05-04T22:38:27.206+0000] {processor.py:161} INFO - Started process (PID=281) to work on /home/airflow/.local/lib/python3.8/site-packages/airflow/example_dags/tutorial_dag.py
[2025-05-04T22:38:27.207+0000] {processor.py:830} INFO - Processing file /home/airflow/.local/lib/python3.8/site-packages/airflow/example_dags/tutorial_dag.py for tasks to queue
[2025-05-04T22:38:27.208+0000] {logging_mixin.py:188} INFO - [2025-05-04T22:38:27.208+0000] {dagbag.py:538} INFO - Filling up the DagBag from /home/airflow/.local/lib/python3.8/site-packages/airflow/example_dags/tutorial_dag.py
[2025-05-04T22:38:27.212+0000] {processor.py:840} INFO - DAG(s) 'tutorial_dag' retrieved from /home/airflow/.local/lib/python3.8/site-packages/airflow/example_dags/tutorial_dag.py
[2025-05-04T22:38:27.225+0000] {logging_mixin.py:188} INFO - [2025-05-04T22:38:27.225+0000] {dag.py:3033} INFO - Sync 1 DAGs
[2025-05-04T22:38:27.231+0000] {logging_mixin.py:188} INFO - [2025-05-04T22:38:27.231+0000] {dag.py:3820} INFO - Setting next_dagrun for tutorial_dag to None, run_after=None
[2025-05-04T22:38:27.243+0000] {processor.py:183} INFO - Processing /home/airflow/.local/lib/python3.8/site-packages/airflow/example_dags/tutorial_dag.py took 0.039 seconds
[2025-05-04T22:38:57.949+0000] {processor.py:161} INFO - Started process (PID=337) to work on /home/airflow/.local/lib/python3.8/site-packages/airflow/example_dags/tutorial_dag.py
[2025-05-04T22:38:57.950+0000] {processor.py:830} INFO - Processing file /home/airflow/.local/lib/python3.8/site-packages/airflow/example_dags/tutorial_dag.py for tasks to queue
[2025-05-04T22:38:57.951+0000] {logging_mixin.py:188} INFO - [2025-05-04T22:38:57.951+0000] {dagbag.py:538} INFO - Filling up the DagBag from /home/airflow/.local/lib/python3.8/site-packages/airflow/example_dags/tutorial_dag.py
[2025-05-04T22:38:57.954+0000] {processor.py:840} INFO - DAG(s) 'tutorial_dag' retrieved from /home/airflow/.local/lib/python3.8/site-packages/airflow/example_dags/tutorial_dag.py
[2025-05-04T22:38:57.968+0000] {logging_mixin.py:188} INFO - [2025-05-04T22:38:57.968+0000] {dag.py:3033} INFO - Sync 1 DAGs
[2025-05-04T22:38:57.974+0000] {logging_mixin.py:188} INFO - [2025-05-04T22:38:57.974+0000] {dag.py:3820} INFO - Setting next_dagrun for tutorial_dag to None, run_after=None
[2025-05-04T22:38:57.983+0000] {processor.py:183} INFO - Processing /home/airflow/.local/lib/python3.8/site-packages/airflow/example_dags/tutorial_dag.py took 0.037 seconds
[2025-05-04T22:39:28.850+0000] {processor.py:161} INFO - Started process (PID=393) to work on /home/airflow/.local/lib/python3.8/site-packages/airflow/example_dags/tutorial_dag.py
[2025-05-04T22:39:28.853+0000] {processor.py:830} INFO - Processing file /home/airflow/.local/lib/python3.8/site-packages/airflow/example_dags/tutorial_dag.py for tasks to queue
[2025-05-04T22:39:28.854+0000] {logging_mixin.py:188} INFO - [2025-05-04T22:39:28.853+0000] {dagbag.py:538} INFO - Filling up the DagBag from /home/airflow/.local/lib/python3.8/site-packages/airflow/example_dags/tutorial_dag.py
[2025-05-04T22:39:28.857+0000] {processor.py:840} INFO - DAG(s) 'tutorial_dag' retrieved from /home/airflow/.local/lib/python3.8/site-packages/airflow/example_dags/tutorial_dag.py
[2025-05-04T22:39:28.869+0000] {logging_mixin.py:188} INFO - [2025-05-04T22:39:28.869+0000] {dag.py:3033} INFO - Sync 1 DAGs
[2025-05-04T22:39:28.875+0000] {logging_mixin.py:188} INFO - [2025-05-04T22:39:28.875+0000] {dag.py:3820} INFO - Setting next_dagrun for tutorial_dag to None, run_after=None
[2025-05-04T22:39:28.883+0000] {processor.py:183} INFO - Processing /home/airflow/.local/lib/python3.8/site-packages/airflow/example_dags/tutorial_dag.py took 0.035 seconds
[2025-05-04T22:39:59.628+0000] {processor.py:161} INFO - Started process (PID=450) to work on /home/airflow/.local/lib/python3.8/site-packages/airflow/example_dags/tutorial_dag.py
[2025-05-04T22:39:59.629+0000] {processor.py:830} INFO - Processing file /home/airflow/.local/lib/python3.8/site-packages/airflow/example_dags/tutorial_dag.py for tasks to queue
[2025-05-04T22:39:59.629+0000] {logging_mixin.py:188} INFO - [2025-05-04T22:39:59.629+0000] {dagbag.py:538} INFO - Filling up the DagBag from /home/airflow/.local/lib/python3.8/site-packages/airflow/example_dags/tutorial_dag.py
[2025-05-04T22:39:59.632+0000] {processor.py:840} INFO - DAG(s) 'tutorial_dag' retrieved from /home/airflow/.local/lib/python3.8/site-packages/airflow/example_dags/tutorial_dag.py
[2025-05-04T22:39:59.645+0000] {logging_mixin.py:188} INFO - [2025-05-04T22:39:59.645+0000] {dag.py:3033} INFO - Sync 1 DAGs
[2025-05-04T22:39:59.655+0000] {logging_mixin.py:188} INFO - [2025-05-04T22:39:59.654+0000] {dag.py:3820} INFO - Setting next_dagrun for tutorial_dag to None, run_after=None
[2025-05-04T22:39:59.688+0000] {processor.py:183} INFO - Processing /home/airflow/.local/lib/python3.8/site-packages/airflow/example_dags/tutorial_dag.py took 0.063 seconds
[2025-05-04T22:40:30.670+0000] {processor.py:161} INFO - Started process (PID=506) to work on /home/airflow/.local/lib/python3.8/site-packages/airflow/example_dags/tutorial_dag.py
[2025-05-04T22:40:30.670+0000] {processor.py:830} INFO - Processing file /home/airflow/.local/lib/python3.8/site-packages/airflow/example_dags/tutorial_dag.py for tasks to queue
[2025-05-04T22:40:30.671+0000] {logging_mixin.py:188} INFO - [2025-05-04T22:40:30.671+0000] {dagbag.py:538} INFO - Filling up the DagBag from /home/airflow/.local/lib/python3.8/site-packages/airflow/example_dags/tutorial_dag.py
[2025-05-04T22:40:30.674+0000] {processor.py:840} INFO - DAG(s) 'tutorial_dag' retrieved from /home/airflow/.local/lib/python3.8/site-packages/airflow/example_dags/tutorial_dag.py
[2025-05-04T22:40:30.685+0000] {logging_mixin.py:188} INFO - [2025-05-04T22:40:30.685+0000] {dag.py:3033} INFO - Sync 1 DAGs
[2025-05-04T22:40:30.692+0000] {logging_mixin.py:188} INFO - [2025-05-04T22:40:30.692+0000] {dag.py:3820} INFO - Setting next_dagrun for tutorial_dag to None, run_after=None
[2025-05-04T22:40:30.706+0000] {processor.py:183} INFO - Processing /home/airflow/.local/lib/python3.8/site-packages/airflow/example_dags/tutorial_dag.py took 0.038 seconds
[2025-05-04T22:41:00.748+0000] {processor.py:161} INFO - Started process (PID=562) to work on /home/airflow/.local/lib/python3.8/site-packages/airflow/example_dags/tutorial_dag.py
[2025-05-04T22:41:00.749+0000] {processor.py:830} INFO - Processing file /home/airflow/.local/lib/python3.8/site-packages/airflow/example_dags/tutorial_dag.py for tasks to queue
[2025-05-04T22:41:00.750+0000] {logging_mixin.py:188} INFO - [2025-05-04T22:41:00.750+0000] {dagbag.py:538} INFO - Filling up the DagBag from /home/airflow/.local/lib/python3.8/site-packages/airflow/example_dags/tutorial_dag.py
[2025-05-04T22:41:00.753+0000] {processor.py:840} INFO - DAG(s) 'tutorial_dag' retrieved from /home/airflow/.local/lib/python3.8/site-packages/airflow/example_dags/tutorial_dag.py
[2025-05-04T22:41:00.765+0000] {logging_mixin.py:188} INFO - [2025-05-04T22:41:00.765+0000] {dag.py:3033} INFO - Sync 1 DAGs
[2025-05-04T22:41:00.772+0000] {logging_mixin.py:188} INFO - [2025-05-04T22:41:00.772+0000] {dag.py:3820} INFO - Setting next_dagrun for tutorial_dag to None, run_after=None
[2025-05-04T22:41:00.781+0000] {processor.py:183} INFO - Processing /home/airflow/.local/lib/python3.8/site-packages/airflow/example_dags/tutorial_dag.py took 0.034 seconds
[2025-05-04T22:41:31.444+0000] {processor.py:161} INFO - Started process (PID=618) to work on /home/airflow/.local/lib/python3.8/site-packages/airflow/example_dags/tutorial_dag.py
[2025-05-04T22:41:31.445+0000] {processor.py:830} INFO - Processing file /home/airflow/.local/lib/python3.8/site-packages/airflow/example_dags/tutorial_dag.py for tasks to queue
[2025-05-04T22:41:31.446+0000] {logging_mixin.py:188} INFO - [2025-05-04T22:41:31.446+0000] {dagbag.py:538} INFO - Filling up the DagBag from /home/airflow/.local/lib/python3.8/site-packages/airflow/example_dags/tutorial_dag.py
[2025-05-04T22:41:31.449+0000] {processor.py:840} INFO - DAG(s) 'tutorial_dag' retrieved from /home/airflow/.local/lib/python3.8/site-packages/airflow/example_dags/tutorial_dag.py
[2025-05-04T22:41:31.461+0000] {logging_mixin.py:188} INFO - [2025-05-04T22:41:31.461+0000] {dag.py:3033} INFO - Sync 1 DAGs
[2025-05-04T22:41:31.467+0000] {logging_mixin.py:188} INFO - [2025-05-04T22:41:31.467+0000] {dag.py:3820} INFO - Setting next_dagrun for tutorial_dag to None, run_after=None
[2025-05-04T22:41:31.476+0000] {processor.py:183} INFO - Processing /home/airflow/.local/lib/python3.8/site-packages/airflow/example_dags/tutorial_dag.py took 0.033 seconds
[2025-05-04T22:42:02.303+0000] {processor.py:161} INFO - Started process (PID=674) to work on /home/airflow/.local/lib/python3.8/site-packages/airflow/example_dags/tutorial_dag.py
[2025-05-04T22:42:02.303+0000] {processor.py:830} INFO - Processing file /home/airflow/.local/lib/python3.8/site-packages/airflow/example_dags/tutorial_dag.py for tasks to queue
[2025-05-04T22:42:02.304+0000] {logging_mixin.py:188} INFO - [2025-05-04T22:42:02.304+0000] {dagbag.py:538} INFO - Filling up the DagBag from /home/airflow/.local/lib/python3.8/site-packages/airflow/example_dags/tutorial_dag.py
[2025-05-04T22:42:02.307+0000] {processor.py:840} INFO - DAG(s) 'tutorial_dag' retrieved from /home/airflow/.local/lib/python3.8/site-packages/airflow/example_dags/tutorial_dag.py
[2025-05-04T22:42:02.316+0000] {logging_mixin.py:188} INFO - [2025-05-04T22:42:02.316+0000] {dag.py:3033} INFO - Sync 1 DAGs
[2025-05-04T22:42:02.323+0000] {logging_mixin.py:188} INFO - [2025-05-04T22:42:02.323+0000] {dag.py:3820} INFO - Setting next_dagrun for tutorial_dag to None, run_after=None
[2025-05-04T22:42:02.335+0000] {processor.py:183} INFO - Processing /home/airflow/.local/lib/python3.8/site-packages/airflow/example_dags/tutorial_dag.py took 0.034 seconds
[2025-05-04T22:42:33.075+0000] {processor.py:161} INFO - Started process (PID=730) to work on /home/airflow/.local/lib/python3.8/site-packages/airflow/example_dags/tutorial_dag.py
[2025-05-04T22:42:33.076+0000] {processor.py:830} INFO - Processing file /home/airflow/.local/lib/python3.8/site-packages/airflow/example_dags/tutorial_dag.py for tasks to queue
[2025-05-04T22:42:33.077+0000] {logging_mixin.py:188} INFO - [2025-05-04T22:42:33.077+0000] {dagbag.py:538} INFO - Filling up the DagBag from /home/airflow/.local/lib/python3.8/site-packages/airflow/example_dags/tutorial_dag.py
[2025-05-04T22:42:33.082+0000] {processor.py:840} INFO - DAG(s) 'tutorial_dag' retrieved from /home/airflow/.local/lib/python3.8/site-packages/airflow/example_dags/tutorial_dag.py
[2025-05-04T22:42:33.096+0000] {logging_mixin.py:188} INFO - [2025-05-04T22:42:33.096+0000] {dag.py:3033} INFO - Sync 1 DAGs
[2025-05-04T22:42:33.104+0000] {logging_mixin.py:188} INFO - [2025-05-04T22:42:33.104+0000] {dag.py:3820} INFO - Setting next_dagrun for tutorial_dag to None, run_after=None
[2025-05-04T22:42:33.115+0000] {processor.py:183} INFO - Processing /home/airflow/.local/lib/python3.8/site-packages/airflow/example_dags/tutorial_dag.py took 0.041 seconds
[2025-05-04T22:43:03.939+0000] {processor.py:161} INFO - Started process (PID=786) to work on /home/airflow/.local/lib/python3.8/site-packages/airflow/example_dags/tutorial_dag.py
[2025-05-04T22:43:03.939+0000] {processor.py:830} INFO - Processing file /home/airflow/.local/lib/python3.8/site-packages/airflow/example_dags/tutorial_dag.py for tasks to queue
[2025-05-04T22:43:03.943+0000] {logging_mixin.py:188} INFO - [2025-05-04T22:43:03.942+0000] {dagbag.py:538} INFO - Filling up the DagBag from /home/airflow/.local/lib/python3.8/site-packages/airflow/example_dags/tutorial_dag.py
[2025-05-04T22:43:03.945+0000] {processor.py:840} INFO - DAG(s) 'tutorial_dag' retrieved from /home/airflow/.local/lib/python3.8/site-packages/airflow/example_dags/tutorial_dag.py
[2025-05-04T22:43:03.953+0000] {logging_mixin.py:188} INFO - [2025-05-04T22:43:03.953+0000] {dag.py:3033} INFO - Sync 1 DAGs
[2025-05-04T22:43:03.963+0000] {logging_mixin.py:188} INFO - [2025-05-04T22:43:03.963+0000] {dag.py:3820} INFO - Setting next_dagrun for tutorial_dag to None, run_after=None
[2025-05-04T22:43:03.974+0000] {processor.py:183} INFO - Processing /home/airflow/.local/lib/python3.8/site-packages/airflow/example_dags/tutorial_dag.py took 0.037 seconds
[2025-05-04T22:43:34.937+0000] {processor.py:161} INFO - Started process (PID=842) to work on /home/airflow/.local/lib/python3.8/site-packages/airflow/example_dags/tutorial_dag.py
[2025-05-04T22:43:34.937+0000] {processor.py:830} INFO - Processing file /home/airflow/.local/lib/python3.8/site-packages/airflow/example_dags/tutorial_dag.py for tasks to queue
[2025-05-04T22:43:34.940+0000] {logging_mixin.py:188} INFO - [2025-05-04T22:43:34.940+0000] {dagbag.py:538} INFO - Filling up the DagBag from /home/airflow/.local/lib/python3.8/site-packages/airflow/example_dags/tutorial_dag.py
[2025-05-04T22:43:34.942+0000] {processor.py:840} INFO - DAG(s) 'tutorial_dag' retrieved from /home/airflow/.local/lib/python3.8/site-packages/airflow/example_dags/tutorial_dag.py
[2025-05-04T22:43:34.952+0000] {logging_mixin.py:188} INFO - [2025-05-04T22:43:34.952+0000] {dag.py:3033} INFO - Sync 1 DAGs
[2025-05-04T22:43:34.958+0000] {logging_mixin.py:188} INFO - [2025-05-04T22:43:34.958+0000] {dag.py:3820} INFO - Setting next_dagrun for tutorial_dag to None, run_after=None
[2025-05-04T22:43:34.971+0000] {processor.py:183} INFO - Processing /home/airflow/.local/lib/python3.8/site-packages/airflow/example_dags/tutorial_dag.py took 0.036 seconds
[2025-05-04T22:44:05.705+0000] {processor.py:161} INFO - Started process (PID=898) to work on /home/airflow/.local/lib/python3.8/site-packages/airflow/example_dags/tutorial_dag.py
[2025-05-04T22:44:05.706+0000] {processor.py:830} INFO - Processing file /home/airflow/.local/lib/python3.8/site-packages/airflow/example_dags/tutorial_dag.py for tasks to queue
[2025-05-04T22:44:05.708+0000] {logging_mixin.py:188} INFO - [2025-05-04T22:44:05.708+0000] {dagbag.py:538} INFO - Filling up the DagBag from /home/airflow/.local/lib/python3.8/site-packages/airflow/example_dags/tutorial_dag.py
[2025-05-04T22:44:05.711+0000] {processor.py:840} INFO - DAG(s) 'tutorial_dag' retrieved from /home/airflow/.local/lib/python3.8/site-packages/airflow/example_dags/tutorial_dag.py
[2025-05-04T22:44:05.719+0000] {logging_mixin.py:188} INFO - [2025-05-04T22:44:05.719+0000] {dag.py:3033} INFO - Sync 1 DAGs
[2025-05-04T22:44:05.726+0000] {logging_mixin.py:188} INFO - [2025-05-04T22:44:05.726+0000] {dag.py:3820} INFO - Setting next_dagrun for tutorial_dag to None, run_after=None
[2025-05-04T22:44:05.739+0000] {processor.py:183} INFO - Processing /home/airflow/.local/lib/python3.8/site-packages/airflow/example_dags/tutorial_dag.py took 0.036 seconds
[2025-05-04T22:44:36.519+0000] {processor.py:161} INFO - Started process (PID=954) to work on /home/airflow/.local/lib/python3.8/site-packages/airflow/example_dags/tutorial_dag.py
[2025-05-04T22:44:36.520+0000] {processor.py:830} INFO - Processing file /home/airflow/.local/lib/python3.8/site-packages/airflow/example_dags/tutorial_dag.py for tasks to queue
[2025-05-04T22:44:36.521+0000] {logging_mixin.py:188} INFO - [2025-05-04T22:44:36.521+0000] {dagbag.py:538} INFO - Filling up the DagBag from /home/airflow/.local/lib/python3.8/site-packages/airflow/example_dags/tutorial_dag.py
[2025-05-04T22:44:36.523+0000] {processor.py:840} INFO - DAG(s) 'tutorial_dag' retrieved from /home/airflow/.local/lib/python3.8/site-packages/airflow/example_dags/tutorial_dag.py
[2025-05-04T22:44:36.538+0000] {logging_mixin.py:188} INFO - [2025-05-04T22:44:36.538+0000] {dag.py:3033} INFO - Sync 1 DAGs
[2025-05-04T22:44:36.545+0000] {logging_mixin.py:188} INFO - [2025-05-04T22:44:36.545+0000] {dag.py:3820} INFO - Setting next_dagrun for tutorial_dag to None, run_after=None
[2025-05-04T22:44:36.558+0000] {processor.py:183} INFO - Processing /home/airflow/.local/lib/python3.8/site-packages/airflow/example_dags/tutorial_dag.py took 0.040 seconds
[2025-05-04T22:45:07.341+0000] {processor.py:161} INFO - Started process (PID=1010) to work on /home/airflow/.local/lib/python3.8/site-packages/airflow/example_dags/tutorial_dag.py
[2025-05-04T22:45:07.342+0000] {processor.py:830} INFO - Processing file /home/airflow/.local/lib/python3.8/site-packages/airflow/example_dags/tutorial_dag.py for tasks to queue
[2025-05-04T22:45:07.342+0000] {logging_mixin.py:188} INFO - [2025-05-04T22:45:07.342+0000] {dagbag.py:538} INFO - Filling up the DagBag from /home/airflow/.local/lib/python3.8/site-packages/airflow/example_dags/tutorial_dag.py
[2025-05-04T22:45:07.345+0000] {processor.py:840} INFO - DAG(s) 'tutorial_dag' retrieved from /home/airflow/.local/lib/python3.8/site-packages/airflow/example_dags/tutorial_dag.py
[2025-05-04T22:45:07.354+0000] {logging_mixin.py:188} INFO - [2025-05-04T22:45:07.354+0000] {dag.py:3033} INFO - Sync 1 DAGs
[2025-05-04T22:45:07.360+0000] {logging_mixin.py:188} INFO - [2025-05-04T22:45:07.360+0000] {dag.py:3820} INFO - Setting next_dagrun for tutorial_dag to None, run_after=None
[2025-05-04T22:45:07.376+0000] {processor.py:183} INFO - Processing /home/airflow/.local/lib/python3.8/site-packages/airflow/example_dags/tutorial_dag.py took 0.036 seconds
[2025-05-04T22:45:38.260+0000] {processor.py:161} INFO - Started process (PID=1066) to work on /home/airflow/.local/lib/python3.8/site-packages/airflow/example_dags/tutorial_dag.py
[2025-05-04T22:45:38.261+0000] {processor.py:830} INFO - Processing file /home/airflow/.local/lib/python3.8/site-packages/airflow/example_dags/tutorial_dag.py for tasks to queue
[2025-05-04T22:45:38.262+0000] {logging_mixin.py:188} INFO - [2025-05-04T22:45:38.262+0000] {dagbag.py:538} INFO - Filling up the DagBag from /home/airflow/.local/lib/python3.8/site-packages/airflow/example_dags/tutorial_dag.py
[2025-05-04T22:45:38.265+0000] {processor.py:840} INFO - DAG(s) 'tutorial_dag' retrieved from /home/airflow/.local/lib/python3.8/site-packages/airflow/example_dags/tutorial_dag.py
[2025-05-04T22:45:38.279+0000] {logging_mixin.py:188} INFO - [2025-05-04T22:45:38.279+0000] {dag.py:3033} INFO - Sync 1 DAGs
[2025-05-04T22:45:38.287+0000] {logging_mixin.py:188} INFO - [2025-05-04T22:45:38.287+0000] {dag.py:3820} INFO - Setting next_dagrun for tutorial_dag to None, run_after=None
[2025-05-04T22:45:38.297+0000] {processor.py:183} INFO - Processing /home/airflow/.local/lib/python3.8/site-packages/airflow/example_dags/tutorial_dag.py took 0.039 seconds
[2025-05-04T22:46:31.619+0000] {processor.py:161} INFO - Started process (PID=58) to work on /home/airflow/.local/lib/python3.8/site-packages/airflow/example_dags/tutorial_dag.py
[2025-05-04T22:46:31.625+0000] {processor.py:830} INFO - Processing file /home/airflow/.local/lib/python3.8/site-packages/airflow/example_dags/tutorial_dag.py for tasks to queue
[2025-05-04T22:46:31.633+0000] {logging_mixin.py:188} INFO - [2025-05-04T22:46:31.631+0000] {dagbag.py:538} INFO - Filling up the DagBag from /home/airflow/.local/lib/python3.8/site-packages/airflow/example_dags/tutorial_dag.py
[2025-05-04T22:46:31.636+0000] {processor.py:840} INFO - DAG(s) 'tutorial_dag' retrieved from /home/airflow/.local/lib/python3.8/site-packages/airflow/example_dags/tutorial_dag.py
[2025-05-04T22:46:31.665+0000] {logging_mixin.py:188} INFO - [2025-05-04T22:46:31.665+0000] {dag.py:3033} INFO - Sync 1 DAGs
[2025-05-04T22:46:31.682+0000] {logging_mixin.py:188} INFO - [2025-05-04T22:46:31.682+0000] {dag.py:3820} INFO - Setting next_dagrun for tutorial_dag to None, run_after=None
[2025-05-04T22:46:31.716+0000] {processor.py:183} INFO - Processing /home/airflow/.local/lib/python3.8/site-packages/airflow/example_dags/tutorial_dag.py took 0.100 seconds
[2025-05-04T22:46:56.168+0000] {processor.py:161} INFO - Started process (PID=57) to work on /home/airflow/.local/lib/python3.8/site-packages/airflow/example_dags/tutorial_dag.py
[2025-05-04T22:46:56.169+0000] {processor.py:830} INFO - Processing file /home/airflow/.local/lib/python3.8/site-packages/airflow/example_dags/tutorial_dag.py for tasks to queue
[2025-05-04T22:46:56.172+0000] {logging_mixin.py:188} INFO - [2025-05-04T22:46:56.172+0000] {dagbag.py:538} INFO - Filling up the DagBag from /home/airflow/.local/lib/python3.8/site-packages/airflow/example_dags/tutorial_dag.py
[2025-05-04T22:46:56.178+0000] {processor.py:840} INFO - DAG(s) 'tutorial_dag' retrieved from /home/airflow/.local/lib/python3.8/site-packages/airflow/example_dags/tutorial_dag.py
[2025-05-04T22:46:56.196+0000] {logging_mixin.py:188} INFO - [2025-05-04T22:46:56.196+0000] {dag.py:3033} INFO - Sync 1 DAGs
[2025-05-04T22:46:56.205+0000] {logging_mixin.py:188} INFO - [2025-05-04T22:46:56.205+0000] {dag.py:3820} INFO - Setting next_dagrun for tutorial_dag to None, run_after=None
[2025-05-04T22:46:56.231+0000] {processor.py:183} INFO - Processing /home/airflow/.local/lib/python3.8/site-packages/airflow/example_dags/tutorial_dag.py took 0.067 seconds
[2025-05-04T22:47:51.922+0000] {processor.py:161} INFO - Started process (PID=58) to work on /home/airflow/.local/lib/python3.8/site-packages/airflow/example_dags/tutorial_dag.py
[2025-05-04T22:47:51.926+0000] {processor.py:830} INFO - Processing file /home/airflow/.local/lib/python3.8/site-packages/airflow/example_dags/tutorial_dag.py for tasks to queue
[2025-05-04T22:47:51.931+0000] {logging_mixin.py:188} INFO - [2025-05-04T22:47:51.930+0000] {dagbag.py:538} INFO - Filling up the DagBag from /home/airflow/.local/lib/python3.8/site-packages/airflow/example_dags/tutorial_dag.py
[2025-05-04T22:47:51.936+0000] {processor.py:840} INFO - DAG(s) 'tutorial_dag' retrieved from /home/airflow/.local/lib/python3.8/site-packages/airflow/example_dags/tutorial_dag.py
[2025-05-04T22:47:51.951+0000] {logging_mixin.py:188} INFO - [2025-05-04T22:47:51.950+0000] {dag.py:3033} INFO - Sync 1 DAGs
[2025-05-04T22:47:51.961+0000] {logging_mixin.py:188} INFO - [2025-05-04T22:47:51.961+0000] {dag.py:3820} INFO - Setting next_dagrun for tutorial_dag to None, run_after=None
[2025-05-04T22:47:51.991+0000] {processor.py:183} INFO - Processing /home/airflow/.local/lib/python3.8/site-packages/airflow/example_dags/tutorial_dag.py took 0.073 seconds
[2025-05-04T22:48:22.014+0000] {processor.py:161} INFO - Started process (PID=114) to work on /home/airflow/.local/lib/python3.8/site-packages/airflow/example_dags/tutorial_dag.py
[2025-05-04T22:48:22.016+0000] {processor.py:830} INFO - Processing file /home/airflow/.local/lib/python3.8/site-packages/airflow/example_dags/tutorial_dag.py for tasks to queue
[2025-05-04T22:48:22.018+0000] {logging_mixin.py:188} INFO - [2025-05-04T22:48:22.018+0000] {dagbag.py:538} INFO - Filling up the DagBag from /home/airflow/.local/lib/python3.8/site-packages/airflow/example_dags/tutorial_dag.py
[2025-05-04T22:48:22.022+0000] {processor.py:840} INFO - DAG(s) 'tutorial_dag' retrieved from /home/airflow/.local/lib/python3.8/site-packages/airflow/example_dags/tutorial_dag.py
[2025-05-04T22:48:22.066+0000] {logging_mixin.py:188} INFO - [2025-05-04T22:48:22.066+0000] {dag.py:3033} INFO - Sync 1 DAGs
[2025-05-04T22:48:22.071+0000] {logging_mixin.py:188} INFO - [2025-05-04T22:48:22.070+0000] {dag.py:3820} INFO - Setting next_dagrun for tutorial_dag to None, run_after=None
[2025-05-04T22:48:22.086+0000] {processor.py:183} INFO - Processing /home/airflow/.local/lib/python3.8/site-packages/airflow/example_dags/tutorial_dag.py took 0.073 seconds
[2025-05-04T22:48:52.098+0000] {processor.py:161} INFO - Started process (PID=170) to work on /home/airflow/.local/lib/python3.8/site-packages/airflow/example_dags/tutorial_dag.py
[2025-05-04T22:48:52.098+0000] {processor.py:830} INFO - Processing file /home/airflow/.local/lib/python3.8/site-packages/airflow/example_dags/tutorial_dag.py for tasks to queue
[2025-05-04T22:48:52.099+0000] {logging_mixin.py:188} INFO - [2025-05-04T22:48:52.099+0000] {dagbag.py:538} INFO - Filling up the DagBag from /home/airflow/.local/lib/python3.8/site-packages/airflow/example_dags/tutorial_dag.py
[2025-05-04T22:48:52.101+0000] {processor.py:840} INFO - DAG(s) 'tutorial_dag' retrieved from /home/airflow/.local/lib/python3.8/site-packages/airflow/example_dags/tutorial_dag.py
[2025-05-04T22:48:52.109+0000] {logging_mixin.py:188} INFO - [2025-05-04T22:48:52.109+0000] {dag.py:3033} INFO - Sync 1 DAGs
[2025-05-04T22:48:52.114+0000] {logging_mixin.py:188} INFO - [2025-05-04T22:48:52.114+0000] {dag.py:3820} INFO - Setting next_dagrun for tutorial_dag to None, run_after=None
[2025-05-04T22:48:52.120+0000] {processor.py:183} INFO - Processing /home/airflow/.local/lib/python3.8/site-packages/airflow/example_dags/tutorial_dag.py took 0.023 seconds
[2025-05-04T22:49:23.062+0000] {processor.py:161} INFO - Started process (PID=226) to work on /home/airflow/.local/lib/python3.8/site-packages/airflow/example_dags/tutorial_dag.py
[2025-05-04T22:49:23.063+0000] {processor.py:830} INFO - Processing file /home/airflow/.local/lib/python3.8/site-packages/airflow/example_dags/tutorial_dag.py for tasks to queue
[2025-05-04T22:49:23.064+0000] {logging_mixin.py:188} INFO - [2025-05-04T22:49:23.064+0000] {dagbag.py:538} INFO - Filling up the DagBag from /home/airflow/.local/lib/python3.8/site-packages/airflow/example_dags/tutorial_dag.py
[2025-05-04T22:49:23.067+0000] {processor.py:840} INFO - DAG(s) 'tutorial_dag' retrieved from /home/airflow/.local/lib/python3.8/site-packages/airflow/example_dags/tutorial_dag.py
[2025-05-04T22:49:23.079+0000] {logging_mixin.py:188} INFO - [2025-05-04T22:49:23.079+0000] {dag.py:3033} INFO - Sync 1 DAGs
[2025-05-04T22:49:23.086+0000] {logging_mixin.py:188} INFO - [2025-05-04T22:49:23.086+0000] {dag.py:3820} INFO - Setting next_dagrun for tutorial_dag to None, run_after=None
[2025-05-04T22:49:23.098+0000] {processor.py:183} INFO - Processing /home/airflow/.local/lib/python3.8/site-packages/airflow/example_dags/tutorial_dag.py took 0.038 seconds
[2025-05-04T22:49:53.719+0000] {processor.py:161} INFO - Started process (PID=282) to work on /home/airflow/.local/lib/python3.8/site-packages/airflow/example_dags/tutorial_dag.py
[2025-05-04T22:49:53.721+0000] {processor.py:830} INFO - Processing file /home/airflow/.local/lib/python3.8/site-packages/airflow/example_dags/tutorial_dag.py for tasks to queue
[2025-05-04T22:49:53.723+0000] {logging_mixin.py:188} INFO - [2025-05-04T22:49:53.723+0000] {dagbag.py:538} INFO - Filling up the DagBag from /home/airflow/.local/lib/python3.8/site-packages/airflow/example_dags/tutorial_dag.py
[2025-05-04T22:49:53.725+0000] {processor.py:840} INFO - DAG(s) 'tutorial_dag' retrieved from /home/airflow/.local/lib/python3.8/site-packages/airflow/example_dags/tutorial_dag.py
[2025-05-04T22:49:53.736+0000] {logging_mixin.py:188} INFO - [2025-05-04T22:49:53.736+0000] {dag.py:3033} INFO - Sync 1 DAGs
[2025-05-04T22:49:53.742+0000] {logging_mixin.py:188} INFO - [2025-05-04T22:49:53.742+0000] {dag.py:3820} INFO - Setting next_dagrun for tutorial_dag to None, run_after=None
[2025-05-04T22:49:53.751+0000] {processor.py:183} INFO - Processing /home/airflow/.local/lib/python3.8/site-packages/airflow/example_dags/tutorial_dag.py took 0.033 seconds
[2025-05-04T22:50:24.452+0000] {processor.py:161} INFO - Started process (PID=338) to work on /home/airflow/.local/lib/python3.8/site-packages/airflow/example_dags/tutorial_dag.py
[2025-05-04T22:50:24.453+0000] {processor.py:830} INFO - Processing file /home/airflow/.local/lib/python3.8/site-packages/airflow/example_dags/tutorial_dag.py for tasks to queue
[2025-05-04T22:50:24.454+0000] {logging_mixin.py:188} INFO - [2025-05-04T22:50:24.454+0000] {dagbag.py:538} INFO - Filling up the DagBag from /home/airflow/.local/lib/python3.8/site-packages/airflow/example_dags/tutorial_dag.py
[2025-05-04T22:50:24.457+0000] {processor.py:840} INFO - DAG(s) 'tutorial_dag' retrieved from /home/airflow/.local/lib/python3.8/site-packages/airflow/example_dags/tutorial_dag.py
[2025-05-04T22:50:24.469+0000] {logging_mixin.py:188} INFO - [2025-05-04T22:50:24.469+0000] {dag.py:3033} INFO - Sync 1 DAGs
[2025-05-04T22:50:24.478+0000] {logging_mixin.py:188} INFO - [2025-05-04T22:50:24.478+0000] {dag.py:3820} INFO - Setting next_dagrun for tutorial_dag to None, run_after=None
[2025-05-04T22:50:24.489+0000] {processor.py:183} INFO - Processing /home/airflow/.local/lib/python3.8/site-packages/airflow/example_dags/tutorial_dag.py took 0.038 seconds
[2025-05-04T22:50:58.376+0000] {processor.py:161} INFO - Started process (PID=58) to work on /home/airflow/.local/lib/python3.8/site-packages/airflow/example_dags/tutorial_dag.py
[2025-05-04T22:50:58.378+0000] {processor.py:830} INFO - Processing file /home/airflow/.local/lib/python3.8/site-packages/airflow/example_dags/tutorial_dag.py for tasks to queue
[2025-05-04T22:50:58.383+0000] {logging_mixin.py:188} INFO - [2025-05-04T22:50:58.382+0000] {dagbag.py:538} INFO - Filling up the DagBag from /home/airflow/.local/lib/python3.8/site-packages/airflow/example_dags/tutorial_dag.py
[2025-05-04T22:50:58.391+0000] {processor.py:840} INFO - DAG(s) 'tutorial_dag' retrieved from /home/airflow/.local/lib/python3.8/site-packages/airflow/example_dags/tutorial_dag.py
[2025-05-04T22:50:58.407+0000] {logging_mixin.py:188} INFO - [2025-05-04T22:50:58.407+0000] {dag.py:3033} INFO - Sync 1 DAGs
[2025-05-04T22:50:58.415+0000] {logging_mixin.py:188} INFO - [2025-05-04T22:50:58.415+0000] {dag.py:3820} INFO - Setting next_dagrun for tutorial_dag to None, run_after=None
[2025-05-04T22:50:58.435+0000] {processor.py:183} INFO - Processing /home/airflow/.local/lib/python3.8/site-packages/airflow/example_dags/tutorial_dag.py took 0.069 seconds
[2025-05-04T22:51:28.564+0000] {processor.py:161} INFO - Started process (PID=114) to work on /home/airflow/.local/lib/python3.8/site-packages/airflow/example_dags/tutorial_dag.py
[2025-05-04T22:51:28.565+0000] {processor.py:830} INFO - Processing file /home/airflow/.local/lib/python3.8/site-packages/airflow/example_dags/tutorial_dag.py for tasks to queue
[2025-05-04T22:51:28.567+0000] {logging_mixin.py:188} INFO - [2025-05-04T22:51:28.567+0000] {dagbag.py:538} INFO - Filling up the DagBag from /home/airflow/.local/lib/python3.8/site-packages/airflow/example_dags/tutorial_dag.py
[2025-05-04T22:51:28.571+0000] {processor.py:840} INFO - DAG(s) 'tutorial_dag' retrieved from /home/airflow/.local/lib/python3.8/site-packages/airflow/example_dags/tutorial_dag.py
[2025-05-04T22:51:28.611+0000] {logging_mixin.py:188} INFO - [2025-05-04T22:51:28.611+0000] {dag.py:3033} INFO - Sync 1 DAGs
[2025-05-04T22:51:28.617+0000] {logging_mixin.py:188} INFO - [2025-05-04T22:51:28.617+0000] {dag.py:3820} INFO - Setting next_dagrun for tutorial_dag to None, run_after=None
[2025-05-04T22:51:28.624+0000] {processor.py:183} INFO - Processing /home/airflow/.local/lib/python3.8/site-packages/airflow/example_dags/tutorial_dag.py took 0.062 seconds
[2025-05-04T22:51:58.729+0000] {processor.py:161} INFO - Started process (PID=170) to work on /home/airflow/.local/lib/python3.8/site-packages/airflow/example_dags/tutorial_dag.py
[2025-05-04T22:51:58.730+0000] {processor.py:830} INFO - Processing file /home/airflow/.local/lib/python3.8/site-packages/airflow/example_dags/tutorial_dag.py for tasks to queue
[2025-05-04T22:51:58.731+0000] {logging_mixin.py:188} INFO - [2025-05-04T22:51:58.730+0000] {dagbag.py:538} INFO - Filling up the DagBag from /home/airflow/.local/lib/python3.8/site-packages/airflow/example_dags/tutorial_dag.py
[2025-05-04T22:51:58.733+0000] {processor.py:840} INFO - DAG(s) 'tutorial_dag' retrieved from /home/airflow/.local/lib/python3.8/site-packages/airflow/example_dags/tutorial_dag.py
[2025-05-04T22:51:58.743+0000] {logging_mixin.py:188} INFO - [2025-05-04T22:51:58.742+0000] {dag.py:3033} INFO - Sync 1 DAGs
[2025-05-04T22:51:58.749+0000] {logging_mixin.py:188} INFO - [2025-05-04T22:51:58.749+0000] {dag.py:3820} INFO - Setting next_dagrun for tutorial_dag to None, run_after=None
[2025-05-04T22:51:58.761+0000] {processor.py:183} INFO - Processing /home/airflow/.local/lib/python3.8/site-packages/airflow/example_dags/tutorial_dag.py took 0.034 seconds
[2025-05-04T22:52:29.542+0000] {processor.py:161} INFO - Started process (PID=226) to work on /home/airflow/.local/lib/python3.8/site-packages/airflow/example_dags/tutorial_dag.py
[2025-05-04T22:52:29.542+0000] {processor.py:830} INFO - Processing file /home/airflow/.local/lib/python3.8/site-packages/airflow/example_dags/tutorial_dag.py for tasks to queue
[2025-05-04T22:52:29.544+0000] {logging_mixin.py:188} INFO - [2025-05-04T22:52:29.544+0000] {dagbag.py:538} INFO - Filling up the DagBag from /home/airflow/.local/lib/python3.8/site-packages/airflow/example_dags/tutorial_dag.py
[2025-05-04T22:52:29.547+0000] {processor.py:840} INFO - DAG(s) 'tutorial_dag' retrieved from /home/airflow/.local/lib/python3.8/site-packages/airflow/example_dags/tutorial_dag.py
[2025-05-04T22:52:29.559+0000] {logging_mixin.py:188} INFO - [2025-05-04T22:52:29.558+0000] {dag.py:3033} INFO - Sync 1 DAGs
[2025-05-04T22:52:29.566+0000] {logging_mixin.py:188} INFO - [2025-05-04T22:52:29.566+0000] {dag.py:3820} INFO - Setting next_dagrun for tutorial_dag to None, run_after=None
[2025-05-04T22:52:29.578+0000] {processor.py:183} INFO - Processing /home/airflow/.local/lib/python3.8/site-packages/airflow/example_dags/tutorial_dag.py took 0.038 seconds
[2025-05-04T22:53:00.136+0000] {processor.py:161} INFO - Started process (PID=282) to work on /home/airflow/.local/lib/python3.8/site-packages/airflow/example_dags/tutorial_dag.py
[2025-05-04T22:53:00.137+0000] {processor.py:830} INFO - Processing file /home/airflow/.local/lib/python3.8/site-packages/airflow/example_dags/tutorial_dag.py for tasks to queue
[2025-05-04T22:53:00.139+0000] {logging_mixin.py:188} INFO - [2025-05-04T22:53:00.139+0000] {dagbag.py:538} INFO - Filling up the DagBag from /home/airflow/.local/lib/python3.8/site-packages/airflow/example_dags/tutorial_dag.py
[2025-05-04T22:53:00.142+0000] {processor.py:840} INFO - DAG(s) 'tutorial_dag' retrieved from /home/airflow/.local/lib/python3.8/site-packages/airflow/example_dags/tutorial_dag.py
[2025-05-04T22:53:00.152+0000] {logging_mixin.py:188} INFO - [2025-05-04T22:53:00.152+0000] {dag.py:3033} INFO - Sync 1 DAGs
[2025-05-04T22:53:00.160+0000] {logging_mixin.py:188} INFO - [2025-05-04T22:53:00.160+0000] {dag.py:3820} INFO - Setting next_dagrun for tutorial_dag to None, run_after=None
[2025-05-04T22:53:00.170+0000] {processor.py:183} INFO - Processing /home/airflow/.local/lib/python3.8/site-packages/airflow/example_dags/tutorial_dag.py took 0.035 seconds
[2025-05-04T22:58:00.677+0000] {processor.py:161} INFO - Started process (PID=58) to work on /home/airflow/.local/lib/python3.8/site-packages/airflow/example_dags/tutorial_dag.py
[2025-05-04T22:58:00.679+0000] {processor.py:830} INFO - Processing file /home/airflow/.local/lib/python3.8/site-packages/airflow/example_dags/tutorial_dag.py for tasks to queue
[2025-05-04T22:58:00.681+0000] {logging_mixin.py:188} INFO - [2025-05-04T22:58:00.681+0000] {dagbag.py:538} INFO - Filling up the DagBag from /home/airflow/.local/lib/python3.8/site-packages/airflow/example_dags/tutorial_dag.py
[2025-05-04T22:58:00.686+0000] {processor.py:840} INFO - DAG(s) 'tutorial_dag' retrieved from /home/airflow/.local/lib/python3.8/site-packages/airflow/example_dags/tutorial_dag.py
[2025-05-04T22:58:00.701+0000] {logging_mixin.py:188} INFO - [2025-05-04T22:58:00.701+0000] {dag.py:3033} INFO - Sync 1 DAGs
[2025-05-04T22:58:00.718+0000] {logging_mixin.py:188} INFO - [2025-05-04T22:58:00.718+0000] {dag.py:3820} INFO - Setting next_dagrun for tutorial_dag to None, run_after=None
[2025-05-04T22:58:00.745+0000] {processor.py:183} INFO - Processing /home/airflow/.local/lib/python3.8/site-packages/airflow/example_dags/tutorial_dag.py took 0.073 seconds
[2025-05-04T22:58:31.203+0000] {processor.py:161} INFO - Started process (PID=114) to work on /home/airflow/.local/lib/python3.8/site-packages/airflow/example_dags/tutorial_dag.py
[2025-05-04T22:58:31.204+0000] {processor.py:830} INFO - Processing file /home/airflow/.local/lib/python3.8/site-packages/airflow/example_dags/tutorial_dag.py for tasks to queue
[2025-05-04T22:58:31.207+0000] {logging_mixin.py:188} INFO - [2025-05-04T22:58:31.204+0000] {dagbag.py:538} INFO - Filling up the DagBag from /home/airflow/.local/lib/python3.8/site-packages/airflow/example_dags/tutorial_dag.py
[2025-05-04T22:58:31.210+0000] {processor.py:840} INFO - DAG(s) 'tutorial_dag' retrieved from /home/airflow/.local/lib/python3.8/site-packages/airflow/example_dags/tutorial_dag.py
[2025-05-04T22:58:31.254+0000] {logging_mixin.py:188} INFO - [2025-05-04T22:58:31.254+0000] {dag.py:3033} INFO - Sync 1 DAGs
[2025-05-04T22:58:31.258+0000] {logging_mixin.py:188} INFO - [2025-05-04T22:58:31.258+0000] {dag.py:3820} INFO - Setting next_dagrun for tutorial_dag to None, run_after=None
[2025-05-04T22:58:31.265+0000] {processor.py:183} INFO - Processing /home/airflow/.local/lib/python3.8/site-packages/airflow/example_dags/tutorial_dag.py took 0.063 seconds
[2025-05-04T22:59:01.426+0000] {processor.py:161} INFO - Started process (PID=170) to work on /home/airflow/.local/lib/python3.8/site-packages/airflow/example_dags/tutorial_dag.py
[2025-05-04T22:59:01.426+0000] {processor.py:830} INFO - Processing file /home/airflow/.local/lib/python3.8/site-packages/airflow/example_dags/tutorial_dag.py for tasks to queue
[2025-05-04T22:59:01.427+0000] {logging_mixin.py:188} INFO - [2025-05-04T22:59:01.427+0000] {dagbag.py:538} INFO - Filling up the DagBag from /home/airflow/.local/lib/python3.8/site-packages/airflow/example_dags/tutorial_dag.py
[2025-05-04T22:59:01.431+0000] {processor.py:840} INFO - DAG(s) 'tutorial_dag' retrieved from /home/airflow/.local/lib/python3.8/site-packages/airflow/example_dags/tutorial_dag.py
[2025-05-04T22:59:01.443+0000] {logging_mixin.py:188} INFO - [2025-05-04T22:59:01.443+0000] {dag.py:3033} INFO - Sync 1 DAGs
[2025-05-04T22:59:01.448+0000] {logging_mixin.py:188} INFO - [2025-05-04T22:59:01.448+0000] {dag.py:3820} INFO - Setting next_dagrun for tutorial_dag to None, run_after=None
[2025-05-04T22:59:01.465+0000] {processor.py:183} INFO - Processing /home/airflow/.local/lib/python3.8/site-packages/airflow/example_dags/tutorial_dag.py took 0.041 seconds
[2025-05-04T22:59:32.171+0000] {processor.py:161} INFO - Started process (PID=226) to work on /home/airflow/.local/lib/python3.8/site-packages/airflow/example_dags/tutorial_dag.py
[2025-05-04T22:59:32.172+0000] {processor.py:830} INFO - Processing file /home/airflow/.local/lib/python3.8/site-packages/airflow/example_dags/tutorial_dag.py for tasks to queue
[2025-05-04T22:59:32.175+0000] {logging_mixin.py:188} INFO - [2025-05-04T22:59:32.175+0000] {dagbag.py:538} INFO - Filling up the DagBag from /home/airflow/.local/lib/python3.8/site-packages/airflow/example_dags/tutorial_dag.py
[2025-05-04T22:59:32.178+0000] {processor.py:840} INFO - DAG(s) 'tutorial_dag' retrieved from /home/airflow/.local/lib/python3.8/site-packages/airflow/example_dags/tutorial_dag.py
[2025-05-04T22:59:32.190+0000] {logging_mixin.py:188} INFO - [2025-05-04T22:59:32.190+0000] {dag.py:3033} INFO - Sync 1 DAGs
[2025-05-04T22:59:32.201+0000] {logging_mixin.py:188} INFO - [2025-05-04T22:59:32.201+0000] {dag.py:3820} INFO - Setting next_dagrun for tutorial_dag to None, run_after=None
[2025-05-04T22:59:32.211+0000] {processor.py:183} INFO - Processing /home/airflow/.local/lib/python3.8/site-packages/airflow/example_dags/tutorial_dag.py took 0.041 seconds
[2025-05-04T23:00:03.020+0000] {processor.py:161} INFO - Started process (PID=282) to work on /home/airflow/.local/lib/python3.8/site-packages/airflow/example_dags/tutorial_dag.py
[2025-05-04T23:00:03.022+0000] {processor.py:830} INFO - Processing file /home/airflow/.local/lib/python3.8/site-packages/airflow/example_dags/tutorial_dag.py for tasks to queue
[2025-05-04T23:00:03.023+0000] {logging_mixin.py:188} INFO - [2025-05-04T23:00:03.023+0000] {dagbag.py:538} INFO - Filling up the DagBag from /home/airflow/.local/lib/python3.8/site-packages/airflow/example_dags/tutorial_dag.py
[2025-05-04T23:00:03.026+0000] {processor.py:840} INFO - DAG(s) 'tutorial_dag' retrieved from /home/airflow/.local/lib/python3.8/site-packages/airflow/example_dags/tutorial_dag.py
[2025-05-04T23:00:03.035+0000] {logging_mixin.py:188} INFO - [2025-05-04T23:00:03.035+0000] {dag.py:3033} INFO - Sync 1 DAGs
[2025-05-04T23:00:03.042+0000] {logging_mixin.py:188} INFO - [2025-05-04T23:00:03.042+0000] {dag.py:3820} INFO - Setting next_dagrun for tutorial_dag to None, run_after=None
[2025-05-04T23:00:03.056+0000] {processor.py:183} INFO - Processing /home/airflow/.local/lib/python3.8/site-packages/airflow/example_dags/tutorial_dag.py took 0.038 seconds
[2025-05-04T23:00:33.669+0000] {processor.py:161} INFO - Started process (PID=338) to work on /home/airflow/.local/lib/python3.8/site-packages/airflow/example_dags/tutorial_dag.py
[2025-05-04T23:00:33.670+0000] {processor.py:830} INFO - Processing file /home/airflow/.local/lib/python3.8/site-packages/airflow/example_dags/tutorial_dag.py for tasks to queue
[2025-05-04T23:00:33.671+0000] {logging_mixin.py:188} INFO - [2025-05-04T23:00:33.671+0000] {dagbag.py:538} INFO - Filling up the DagBag from /home/airflow/.local/lib/python3.8/site-packages/airflow/example_dags/tutorial_dag.py
[2025-05-04T23:00:33.674+0000] {processor.py:840} INFO - DAG(s) 'tutorial_dag' retrieved from /home/airflow/.local/lib/python3.8/site-packages/airflow/example_dags/tutorial_dag.py
[2025-05-04T23:00:33.683+0000] {logging_mixin.py:188} INFO - [2025-05-04T23:00:33.683+0000] {dag.py:3033} INFO - Sync 1 DAGs
[2025-05-04T23:00:33.691+0000] {logging_mixin.py:188} INFO - [2025-05-04T23:00:33.691+0000] {dag.py:3820} INFO - Setting next_dagrun for tutorial_dag to None, run_after=None
[2025-05-04T23:00:33.699+0000] {processor.py:183} INFO - Processing /home/airflow/.local/lib/python3.8/site-packages/airflow/example_dags/tutorial_dag.py took 0.031 seconds
[2025-05-04T23:01:04.343+0000] {processor.py:161} INFO - Started process (PID=400) to work on /home/airflow/.local/lib/python3.8/site-packages/airflow/example_dags/tutorial_dag.py
[2025-05-04T23:01:04.343+0000] {processor.py:830} INFO - Processing file /home/airflow/.local/lib/python3.8/site-packages/airflow/example_dags/tutorial_dag.py for tasks to queue
[2025-05-04T23:01:04.346+0000] {logging_mixin.py:188} INFO - [2025-05-04T23:01:04.346+0000] {dagbag.py:538} INFO - Filling up the DagBag from /home/airflow/.local/lib/python3.8/site-packages/airflow/example_dags/tutorial_dag.py
[2025-05-04T23:01:04.348+0000] {processor.py:840} INFO - DAG(s) 'tutorial_dag' retrieved from /home/airflow/.local/lib/python3.8/site-packages/airflow/example_dags/tutorial_dag.py
[2025-05-04T23:01:04.358+0000] {logging_mixin.py:188} INFO - [2025-05-04T23:01:04.358+0000] {dag.py:3033} INFO - Sync 1 DAGs
[2025-05-04T23:01:04.363+0000] {logging_mixin.py:188} INFO - [2025-05-04T23:01:04.363+0000] {dag.py:3820} INFO - Setting next_dagrun for tutorial_dag to None, run_after=None
[2025-05-04T23:01:04.375+0000] {processor.py:183} INFO - Processing /home/airflow/.local/lib/python3.8/site-packages/airflow/example_dags/tutorial_dag.py took 0.034 seconds
[2025-05-04T23:01:34.906+0000] {processor.py:161} INFO - Started process (PID=456) to work on /home/airflow/.local/lib/python3.8/site-packages/airflow/example_dags/tutorial_dag.py
[2025-05-04T23:01:34.907+0000] {processor.py:830} INFO - Processing file /home/airflow/.local/lib/python3.8/site-packages/airflow/example_dags/tutorial_dag.py for tasks to queue
[2025-05-04T23:01:34.908+0000] {logging_mixin.py:188} INFO - [2025-05-04T23:01:34.908+0000] {dagbag.py:538} INFO - Filling up the DagBag from /home/airflow/.local/lib/python3.8/site-packages/airflow/example_dags/tutorial_dag.py
[2025-05-04T23:01:34.911+0000] {processor.py:840} INFO - DAG(s) 'tutorial_dag' retrieved from /home/airflow/.local/lib/python3.8/site-packages/airflow/example_dags/tutorial_dag.py
[2025-05-04T23:01:34.923+0000] {logging_mixin.py:188} INFO - [2025-05-04T23:01:34.923+0000] {dag.py:3033} INFO - Sync 1 DAGs
[2025-05-04T23:01:34.928+0000] {logging_mixin.py:188} INFO - [2025-05-04T23:01:34.928+0000] {dag.py:3820} INFO - Setting next_dagrun for tutorial_dag to None, run_after=None
[2025-05-04T23:01:34.938+0000] {processor.py:183} INFO - Processing /home/airflow/.local/lib/python3.8/site-packages/airflow/example_dags/tutorial_dag.py took 0.034 seconds
[2025-05-04T23:02:05.459+0000] {processor.py:161} INFO - Started process (PID=512) to work on /home/airflow/.local/lib/python3.8/site-packages/airflow/example_dags/tutorial_dag.py
[2025-05-04T23:02:05.459+0000] {processor.py:830} INFO - Processing file /home/airflow/.local/lib/python3.8/site-packages/airflow/example_dags/tutorial_dag.py for tasks to queue
[2025-05-04T23:02:05.460+0000] {logging_mixin.py:188} INFO - [2025-05-04T23:02:05.460+0000] {dagbag.py:538} INFO - Filling up the DagBag from /home/airflow/.local/lib/python3.8/site-packages/airflow/example_dags/tutorial_dag.py
[2025-05-04T23:02:05.463+0000] {processor.py:840} INFO - DAG(s) 'tutorial_dag' retrieved from /home/airflow/.local/lib/python3.8/site-packages/airflow/example_dags/tutorial_dag.py
[2025-05-04T23:02:05.473+0000] {logging_mixin.py:188} INFO - [2025-05-04T23:02:05.473+0000] {dag.py:3033} INFO - Sync 1 DAGs
[2025-05-04T23:02:05.478+0000] {logging_mixin.py:188} INFO - [2025-05-04T23:02:05.478+0000] {dag.py:3820} INFO - Setting next_dagrun for tutorial_dag to None, run_after=None
[2025-05-04T23:02:05.486+0000] {processor.py:183} INFO - Processing /home/airflow/.local/lib/python3.8/site-packages/airflow/example_dags/tutorial_dag.py took 0.028 seconds
[2025-05-04T23:02:36.017+0000] {processor.py:161} INFO - Started process (PID=568) to work on /home/airflow/.local/lib/python3.8/site-packages/airflow/example_dags/tutorial_dag.py
[2025-05-04T23:02:36.019+0000] {processor.py:830} INFO - Processing file /home/airflow/.local/lib/python3.8/site-packages/airflow/example_dags/tutorial_dag.py for tasks to queue
[2025-05-04T23:02:36.020+0000] {logging_mixin.py:188} INFO - [2025-05-04T23:02:36.020+0000] {dagbag.py:538} INFO - Filling up the DagBag from /home/airflow/.local/lib/python3.8/site-packages/airflow/example_dags/tutorial_dag.py
[2025-05-04T23:02:36.022+0000] {processor.py:840} INFO - DAG(s) 'tutorial_dag' retrieved from /home/airflow/.local/lib/python3.8/site-packages/airflow/example_dags/tutorial_dag.py
[2025-05-04T23:02:36.031+0000] {logging_mixin.py:188} INFO - [2025-05-04T23:02:36.031+0000] {dag.py:3033} INFO - Sync 1 DAGs
[2025-05-04T23:02:36.037+0000] {logging_mixin.py:188} INFO - [2025-05-04T23:02:36.037+0000] {dag.py:3820} INFO - Setting next_dagrun for tutorial_dag to None, run_after=None
[2025-05-04T23:02:36.047+0000] {processor.py:183} INFO - Processing /home/airflow/.local/lib/python3.8/site-packages/airflow/example_dags/tutorial_dag.py took 0.031 seconds
[2025-05-04T23:03:06.839+0000] {processor.py:161} INFO - Started process (PID=624) to work on /home/airflow/.local/lib/python3.8/site-packages/airflow/example_dags/tutorial_dag.py
[2025-05-04T23:03:06.840+0000] {processor.py:830} INFO - Processing file /home/airflow/.local/lib/python3.8/site-packages/airflow/example_dags/tutorial_dag.py for tasks to queue
[2025-05-04T23:03:06.841+0000] {logging_mixin.py:188} INFO - [2025-05-04T23:03:06.841+0000] {dagbag.py:538} INFO - Filling up the DagBag from /home/airflow/.local/lib/python3.8/site-packages/airflow/example_dags/tutorial_dag.py
[2025-05-04T23:03:06.843+0000] {processor.py:840} INFO - DAG(s) 'tutorial_dag' retrieved from /home/airflow/.local/lib/python3.8/site-packages/airflow/example_dags/tutorial_dag.py
[2025-05-04T23:03:06.853+0000] {logging_mixin.py:188} INFO - [2025-05-04T23:03:06.853+0000] {dag.py:3033} INFO - Sync 1 DAGs
[2025-05-04T23:03:06.860+0000] {logging_mixin.py:188} INFO - [2025-05-04T23:03:06.860+0000] {dag.py:3820} INFO - Setting next_dagrun for tutorial_dag to None, run_after=None
[2025-05-04T23:03:06.868+0000] {processor.py:183} INFO - Processing /home/airflow/.local/lib/python3.8/site-packages/airflow/example_dags/tutorial_dag.py took 0.032 seconds
[2025-05-04T23:03:37.387+0000] {processor.py:161} INFO - Started process (PID=680) to work on /home/airflow/.local/lib/python3.8/site-packages/airflow/example_dags/tutorial_dag.py
[2025-05-04T23:03:37.387+0000] {processor.py:830} INFO - Processing file /home/airflow/.local/lib/python3.8/site-packages/airflow/example_dags/tutorial_dag.py for tasks to queue
[2025-05-04T23:03:37.388+0000] {logging_mixin.py:188} INFO - [2025-05-04T23:03:37.388+0000] {dagbag.py:538} INFO - Filling up the DagBag from /home/airflow/.local/lib/python3.8/site-packages/airflow/example_dags/tutorial_dag.py
[2025-05-04T23:03:37.391+0000] {processor.py:840} INFO - DAG(s) 'tutorial_dag' retrieved from /home/airflow/.local/lib/python3.8/site-packages/airflow/example_dags/tutorial_dag.py
[2025-05-04T23:03:37.399+0000] {logging_mixin.py:188} INFO - [2025-05-04T23:03:37.399+0000] {dag.py:3033} INFO - Sync 1 DAGs
[2025-05-04T23:03:37.404+0000] {logging_mixin.py:188} INFO - [2025-05-04T23:03:37.404+0000] {dag.py:3820} INFO - Setting next_dagrun for tutorial_dag to None, run_after=None
[2025-05-04T23:03:37.413+0000] {processor.py:183} INFO - Processing /home/airflow/.local/lib/python3.8/site-packages/airflow/example_dags/tutorial_dag.py took 0.028 seconds
[2025-05-04T23:04:28.471+0000] {processor.py:161} INFO - Started process (PID=63) to work on /home/airflow/.local/lib/python3.8/site-packages/airflow/example_dags/tutorial_dag.py
[2025-05-04T23:04:28.473+0000] {processor.py:830} INFO - Processing file /home/airflow/.local/lib/python3.8/site-packages/airflow/example_dags/tutorial_dag.py for tasks to queue
[2025-05-04T23:04:28.476+0000] {logging_mixin.py:188} INFO - [2025-05-04T23:04:28.475+0000] {dagbag.py:538} INFO - Filling up the DagBag from /home/airflow/.local/lib/python3.8/site-packages/airflow/example_dags/tutorial_dag.py
[2025-05-04T23:04:28.482+0000] {processor.py:840} INFO - DAG(s) 'tutorial_dag' retrieved from /home/airflow/.local/lib/python3.8/site-packages/airflow/example_dags/tutorial_dag.py
[2025-05-04T23:04:28.492+0000] {logging_mixin.py:188} INFO - [2025-05-04T23:04:28.492+0000] {dag.py:3033} INFO - Sync 1 DAGs
[2025-05-04T23:04:28.502+0000] {logging_mixin.py:188} INFO - [2025-05-04T23:04:28.502+0000] {dag.py:3820} INFO - Setting next_dagrun for tutorial_dag to None, run_after=None
[2025-05-04T23:04:28.514+0000] {processor.py:183} INFO - Processing /home/airflow/.local/lib/python3.8/site-packages/airflow/example_dags/tutorial_dag.py took 0.044 seconds
[2025-05-04T23:04:58.658+0000] {processor.py:161} INFO - Started process (PID=119) to work on /home/airflow/.local/lib/python3.8/site-packages/airflow/example_dags/tutorial_dag.py
[2025-05-04T23:04:58.658+0000] {processor.py:830} INFO - Processing file /home/airflow/.local/lib/python3.8/site-packages/airflow/example_dags/tutorial_dag.py for tasks to queue
[2025-05-04T23:04:58.662+0000] {logging_mixin.py:188} INFO - [2025-05-04T23:04:58.661+0000] {dagbag.py:538} INFO - Filling up the DagBag from /home/airflow/.local/lib/python3.8/site-packages/airflow/example_dags/tutorial_dag.py
[2025-05-04T23:04:58.664+0000] {processor.py:840} INFO - DAG(s) 'tutorial_dag' retrieved from /home/airflow/.local/lib/python3.8/site-packages/airflow/example_dags/tutorial_dag.py
[2025-05-04T23:04:58.713+0000] {logging_mixin.py:188} INFO - [2025-05-04T23:04:58.713+0000] {dag.py:3033} INFO - Sync 1 DAGs
[2025-05-04T23:04:58.718+0000] {logging_mixin.py:188} INFO - [2025-05-04T23:04:58.718+0000] {dag.py:3820} INFO - Setting next_dagrun for tutorial_dag to None, run_after=None
[2025-05-04T23:04:58.727+0000] {processor.py:183} INFO - Processing /home/airflow/.local/lib/python3.8/site-packages/airflow/example_dags/tutorial_dag.py took 0.071 seconds
[2025-05-04T23:05:28.745+0000] {processor.py:161} INFO - Started process (PID=175) to work on /home/airflow/.local/lib/python3.8/site-packages/airflow/example_dags/tutorial_dag.py
[2025-05-04T23:05:28.746+0000] {processor.py:830} INFO - Processing file /home/airflow/.local/lib/python3.8/site-packages/airflow/example_dags/tutorial_dag.py for tasks to queue
[2025-05-04T23:05:28.747+0000] {logging_mixin.py:188} INFO - [2025-05-04T23:05:28.747+0000] {dagbag.py:538} INFO - Filling up the DagBag from /home/airflow/.local/lib/python3.8/site-packages/airflow/example_dags/tutorial_dag.py
[2025-05-04T23:05:28.750+0000] {processor.py:840} INFO - DAG(s) 'tutorial_dag' retrieved from /home/airflow/.local/lib/python3.8/site-packages/airflow/example_dags/tutorial_dag.py
[2025-05-04T23:05:28.763+0000] {logging_mixin.py:188} INFO - [2025-05-04T23:05:28.763+0000] {dag.py:3033} INFO - Sync 1 DAGs
[2025-05-04T23:05:28.770+0000] {logging_mixin.py:188} INFO - [2025-05-04T23:05:28.770+0000] {dag.py:3820} INFO - Setting next_dagrun for tutorial_dag to None, run_after=None
[2025-05-04T23:05:28.786+0000] {processor.py:183} INFO - Processing /home/airflow/.local/lib/python3.8/site-packages/airflow/example_dags/tutorial_dag.py took 0.042 seconds
[2025-05-04T23:06:31.252+0000] {processor.py:161} INFO - Started process (PID=58) to work on /home/airflow/.local/lib/python3.8/site-packages/airflow/example_dags/tutorial_dag.py
[2025-05-04T23:06:31.253+0000] {processor.py:830} INFO - Processing file /home/airflow/.local/lib/python3.8/site-packages/airflow/example_dags/tutorial_dag.py for tasks to queue
[2025-05-04T23:06:31.254+0000] {logging_mixin.py:188} INFO - [2025-05-04T23:06:31.254+0000] {dagbag.py:538} INFO - Filling up the DagBag from /home/airflow/.local/lib/python3.8/site-packages/airflow/example_dags/tutorial_dag.py
[2025-05-04T23:06:31.257+0000] {processor.py:840} INFO - DAG(s) 'tutorial_dag' retrieved from /home/airflow/.local/lib/python3.8/site-packages/airflow/example_dags/tutorial_dag.py
[2025-05-04T23:06:31.265+0000] {logging_mixin.py:188} INFO - [2025-05-04T23:06:31.265+0000] {dag.py:3033} INFO - Sync 1 DAGs
[2025-05-04T23:06:31.275+0000] {logging_mixin.py:188} INFO - [2025-05-04T23:06:31.275+0000] {dag.py:3820} INFO - Setting next_dagrun for tutorial_dag to None, run_after=None
[2025-05-04T23:06:31.287+0000] {processor.py:183} INFO - Processing /home/airflow/.local/lib/python3.8/site-packages/airflow/example_dags/tutorial_dag.py took 0.038 seconds
[2025-05-04T23:07:01.498+0000] {processor.py:161} INFO - Started process (PID=114) to work on /home/airflow/.local/lib/python3.8/site-packages/airflow/example_dags/tutorial_dag.py
[2025-05-04T23:07:01.499+0000] {processor.py:830} INFO - Processing file /home/airflow/.local/lib/python3.8/site-packages/airflow/example_dags/tutorial_dag.py for tasks to queue
[2025-05-04T23:07:01.500+0000] {logging_mixin.py:188} INFO - [2025-05-04T23:07:01.500+0000] {dagbag.py:538} INFO - Filling up the DagBag from /home/airflow/.local/lib/python3.8/site-packages/airflow/example_dags/tutorial_dag.py
[2025-05-04T23:07:01.502+0000] {processor.py:840} INFO - DAG(s) 'tutorial_dag' retrieved from /home/airflow/.local/lib/python3.8/site-packages/airflow/example_dags/tutorial_dag.py
[2025-05-04T23:07:01.548+0000] {logging_mixin.py:188} INFO - [2025-05-04T23:07:01.548+0000] {dag.py:3033} INFO - Sync 1 DAGs
[2025-05-04T23:07:01.553+0000] {logging_mixin.py:188} INFO - [2025-05-04T23:07:01.553+0000] {dag.py:3820} INFO - Setting next_dagrun for tutorial_dag to None, run_after=None
[2025-05-04T23:07:01.566+0000] {processor.py:183} INFO - Processing /home/airflow/.local/lib/python3.8/site-packages/airflow/example_dags/tutorial_dag.py took 0.070 seconds
[2025-05-04T23:07:32.575+0000] {processor.py:161} INFO - Started process (PID=176) to work on /home/airflow/.local/lib/python3.8/site-packages/airflow/example_dags/tutorial_dag.py
[2025-05-04T23:07:32.579+0000] {processor.py:830} INFO - Processing file /home/airflow/.local/lib/python3.8/site-packages/airflow/example_dags/tutorial_dag.py for tasks to queue
[2025-05-04T23:07:32.580+0000] {logging_mixin.py:188} INFO - [2025-05-04T23:07:32.580+0000] {dagbag.py:538} INFO - Filling up the DagBag from /home/airflow/.local/lib/python3.8/site-packages/airflow/example_dags/tutorial_dag.py
[2025-05-04T23:07:32.585+0000] {processor.py:840} INFO - DAG(s) 'tutorial_dag' retrieved from /home/airflow/.local/lib/python3.8/site-packages/airflow/example_dags/tutorial_dag.py
[2025-05-04T23:07:32.602+0000] {logging_mixin.py:188} INFO - [2025-05-04T23:07:32.602+0000] {dag.py:3033} INFO - Sync 1 DAGs
[2025-05-04T23:07:32.608+0000] {logging_mixin.py:188} INFO - [2025-05-04T23:07:32.608+0000] {dag.py:3820} INFO - Setting next_dagrun for tutorial_dag to None, run_after=None
[2025-05-04T23:07:32.619+0000] {processor.py:183} INFO - Processing /home/airflow/.local/lib/python3.8/site-packages/airflow/example_dags/tutorial_dag.py took 0.048 seconds
[2025-05-04T23:08:03.117+0000] {processor.py:161} INFO - Started process (PID=232) to work on /home/airflow/.local/lib/python3.8/site-packages/airflow/example_dags/tutorial_dag.py
[2025-05-04T23:08:03.120+0000] {processor.py:830} INFO - Processing file /home/airflow/.local/lib/python3.8/site-packages/airflow/example_dags/tutorial_dag.py for tasks to queue
[2025-05-04T23:08:03.121+0000] {logging_mixin.py:188} INFO - [2025-05-04T23:08:03.121+0000] {dagbag.py:538} INFO - Filling up the DagBag from /home/airflow/.local/lib/python3.8/site-packages/airflow/example_dags/tutorial_dag.py
[2025-05-04T23:08:03.125+0000] {processor.py:840} INFO - DAG(s) 'tutorial_dag' retrieved from /home/airflow/.local/lib/python3.8/site-packages/airflow/example_dags/tutorial_dag.py
[2025-05-04T23:08:03.138+0000] {logging_mixin.py:188} INFO - [2025-05-04T23:08:03.138+0000] {dag.py:3033} INFO - Sync 1 DAGs
[2025-05-04T23:08:03.147+0000] {logging_mixin.py:188} INFO - [2025-05-04T23:08:03.147+0000] {dag.py:3820} INFO - Setting next_dagrun for tutorial_dag to None, run_after=None
[2025-05-04T23:08:03.160+0000] {processor.py:183} INFO - Processing /home/airflow/.local/lib/python3.8/site-packages/airflow/example_dags/tutorial_dag.py took 0.046 seconds
[2025-05-04T23:08:33.700+0000] {processor.py:161} INFO - Started process (PID=288) to work on /home/airflow/.local/lib/python3.8/site-packages/airflow/example_dags/tutorial_dag.py
[2025-05-04T23:08:33.705+0000] {processor.py:830} INFO - Processing file /home/airflow/.local/lib/python3.8/site-packages/airflow/example_dags/tutorial_dag.py for tasks to queue
[2025-05-04T23:08:33.708+0000] {logging_mixin.py:188} INFO - [2025-05-04T23:08:33.708+0000] {dagbag.py:538} INFO - Filling up the DagBag from /home/airflow/.local/lib/python3.8/site-packages/airflow/example_dags/tutorial_dag.py
[2025-05-04T23:08:33.712+0000] {processor.py:840} INFO - DAG(s) 'tutorial_dag' retrieved from /home/airflow/.local/lib/python3.8/site-packages/airflow/example_dags/tutorial_dag.py
[2025-05-04T23:08:33.724+0000] {logging_mixin.py:188} INFO - [2025-05-04T23:08:33.724+0000] {dag.py:3033} INFO - Sync 1 DAGs
[2025-05-04T23:08:33.731+0000] {logging_mixin.py:188} INFO - [2025-05-04T23:08:33.731+0000] {dag.py:3820} INFO - Setting next_dagrun for tutorial_dag to None, run_after=None
[2025-05-04T23:08:33.743+0000] {processor.py:183} INFO - Processing /home/airflow/.local/lib/python3.8/site-packages/airflow/example_dags/tutorial_dag.py took 0.045 seconds
[2025-05-04T23:09:04.466+0000] {processor.py:161} INFO - Started process (PID=343) to work on /home/airflow/.local/lib/python3.8/site-packages/airflow/example_dags/tutorial_dag.py
[2025-05-04T23:09:04.470+0000] {processor.py:830} INFO - Processing file /home/airflow/.local/lib/python3.8/site-packages/airflow/example_dags/tutorial_dag.py for tasks to queue
[2025-05-04T23:09:04.473+0000] {logging_mixin.py:188} INFO - [2025-05-04T23:09:04.473+0000] {dagbag.py:538} INFO - Filling up the DagBag from /home/airflow/.local/lib/python3.8/site-packages/airflow/example_dags/tutorial_dag.py
[2025-05-04T23:09:04.477+0000] {processor.py:840} INFO - DAG(s) 'tutorial_dag' retrieved from /home/airflow/.local/lib/python3.8/site-packages/airflow/example_dags/tutorial_dag.py
[2025-05-04T23:09:04.493+0000] {logging_mixin.py:188} INFO - [2025-05-04T23:09:04.493+0000] {dag.py:3033} INFO - Sync 1 DAGs
[2025-05-04T23:09:04.499+0000] {logging_mixin.py:188} INFO - [2025-05-04T23:09:04.499+0000] {dag.py:3820} INFO - Setting next_dagrun for tutorial_dag to None, run_after=None
[2025-05-04T23:09:04.511+0000] {processor.py:183} INFO - Processing /home/airflow/.local/lib/python3.8/site-packages/airflow/example_dags/tutorial_dag.py took 0.049 seconds
[2025-05-04T23:09:34.544+0000] {processor.py:161} INFO - Started process (PID=399) to work on /home/airflow/.local/lib/python3.8/site-packages/airflow/example_dags/tutorial_dag.py
[2025-05-04T23:09:34.544+0000] {processor.py:830} INFO - Processing file /home/airflow/.local/lib/python3.8/site-packages/airflow/example_dags/tutorial_dag.py for tasks to queue
[2025-05-04T23:09:34.548+0000] {logging_mixin.py:188} INFO - [2025-05-04T23:09:34.548+0000] {dagbag.py:538} INFO - Filling up the DagBag from /home/airflow/.local/lib/python3.8/site-packages/airflow/example_dags/tutorial_dag.py
[2025-05-04T23:09:34.551+0000] {processor.py:840} INFO - DAG(s) 'tutorial_dag' retrieved from /home/airflow/.local/lib/python3.8/site-packages/airflow/example_dags/tutorial_dag.py
[2025-05-04T23:09:34.564+0000] {logging_mixin.py:188} INFO - [2025-05-04T23:09:34.564+0000] {dag.py:3033} INFO - Sync 1 DAGs
[2025-05-04T23:09:34.570+0000] {logging_mixin.py:188} INFO - [2025-05-04T23:09:34.570+0000] {dag.py:3820} INFO - Setting next_dagrun for tutorial_dag to None, run_after=None
[2025-05-04T23:09:34.580+0000] {processor.py:183} INFO - Processing /home/airflow/.local/lib/python3.8/site-packages/airflow/example_dags/tutorial_dag.py took 0.037 seconds
[2025-05-04T23:10:05.330+0000] {processor.py:161} INFO - Started process (PID=455) to work on /home/airflow/.local/lib/python3.8/site-packages/airflow/example_dags/tutorial_dag.py
[2025-05-04T23:10:05.331+0000] {processor.py:830} INFO - Processing file /home/airflow/.local/lib/python3.8/site-packages/airflow/example_dags/tutorial_dag.py for tasks to queue
[2025-05-04T23:10:05.333+0000] {logging_mixin.py:188} INFO - [2025-05-04T23:10:05.333+0000] {dagbag.py:538} INFO - Filling up the DagBag from /home/airflow/.local/lib/python3.8/site-packages/airflow/example_dags/tutorial_dag.py
[2025-05-04T23:10:05.338+0000] {processor.py:840} INFO - DAG(s) 'tutorial_dag' retrieved from /home/airflow/.local/lib/python3.8/site-packages/airflow/example_dags/tutorial_dag.py
[2025-05-04T23:10:05.356+0000] {logging_mixin.py:188} INFO - [2025-05-04T23:10:05.356+0000] {dag.py:3033} INFO - Sync 1 DAGs
[2025-05-04T23:10:05.364+0000] {logging_mixin.py:188} INFO - [2025-05-04T23:10:05.364+0000] {dag.py:3820} INFO - Setting next_dagrun for tutorial_dag to None, run_after=None
[2025-05-04T23:10:05.377+0000] {processor.py:183} INFO - Processing /home/airflow/.local/lib/python3.8/site-packages/airflow/example_dags/tutorial_dag.py took 0.050 seconds
[2025-05-04T23:10:36.028+0000] {processor.py:161} INFO - Started process (PID=511) to work on /home/airflow/.local/lib/python3.8/site-packages/airflow/example_dags/tutorial_dag.py
[2025-05-04T23:10:36.030+0000] {processor.py:830} INFO - Processing file /home/airflow/.local/lib/python3.8/site-packages/airflow/example_dags/tutorial_dag.py for tasks to queue
[2025-05-04T23:10:36.033+0000] {logging_mixin.py:188} INFO - [2025-05-04T23:10:36.032+0000] {dagbag.py:538} INFO - Filling up the DagBag from /home/airflow/.local/lib/python3.8/site-packages/airflow/example_dags/tutorial_dag.py
[2025-05-04T23:10:36.036+0000] {processor.py:840} INFO - DAG(s) 'tutorial_dag' retrieved from /home/airflow/.local/lib/python3.8/site-packages/airflow/example_dags/tutorial_dag.py
[2025-05-04T23:10:36.052+0000] {logging_mixin.py:188} INFO - [2025-05-04T23:10:36.052+0000] {dag.py:3033} INFO - Sync 1 DAGs
[2025-05-04T23:10:36.058+0000] {logging_mixin.py:188} INFO - [2025-05-04T23:10:36.058+0000] {dag.py:3820} INFO - Setting next_dagrun for tutorial_dag to None, run_after=None
[2025-05-04T23:10:36.072+0000] {processor.py:183} INFO - Processing /home/airflow/.local/lib/python3.8/site-packages/airflow/example_dags/tutorial_dag.py took 0.047 seconds
[2025-05-04T23:11:06.729+0000] {processor.py:161} INFO - Started process (PID=567) to work on /home/airflow/.local/lib/python3.8/site-packages/airflow/example_dags/tutorial_dag.py
[2025-05-04T23:11:06.730+0000] {processor.py:830} INFO - Processing file /home/airflow/.local/lib/python3.8/site-packages/airflow/example_dags/tutorial_dag.py for tasks to queue
[2025-05-04T23:11:06.732+0000] {logging_mixin.py:188} INFO - [2025-05-04T23:11:06.732+0000] {dagbag.py:538} INFO - Filling up the DagBag from /home/airflow/.local/lib/python3.8/site-packages/airflow/example_dags/tutorial_dag.py
[2025-05-04T23:11:06.736+0000] {processor.py:840} INFO - DAG(s) 'tutorial_dag' retrieved from /home/airflow/.local/lib/python3.8/site-packages/airflow/example_dags/tutorial_dag.py
[2025-05-04T23:11:06.751+0000] {logging_mixin.py:188} INFO - [2025-05-04T23:11:06.751+0000] {dag.py:3033} INFO - Sync 1 DAGs
[2025-05-04T23:11:06.760+0000] {logging_mixin.py:188} INFO - [2025-05-04T23:11:06.760+0000] {dag.py:3820} INFO - Setting next_dagrun for tutorial_dag to None, run_after=None
[2025-05-04T23:11:06.772+0000] {processor.py:183} INFO - Processing /home/airflow/.local/lib/python3.8/site-packages/airflow/example_dags/tutorial_dag.py took 0.046 seconds
[2025-05-04T23:11:37.366+0000] {processor.py:161} INFO - Started process (PID=623) to work on /home/airflow/.local/lib/python3.8/site-packages/airflow/example_dags/tutorial_dag.py
[2025-05-04T23:11:37.368+0000] {processor.py:830} INFO - Processing file /home/airflow/.local/lib/python3.8/site-packages/airflow/example_dags/tutorial_dag.py for tasks to queue
[2025-05-04T23:11:37.371+0000] {logging_mixin.py:188} INFO - [2025-05-04T23:11:37.371+0000] {dagbag.py:538} INFO - Filling up the DagBag from /home/airflow/.local/lib/python3.8/site-packages/airflow/example_dags/tutorial_dag.py
[2025-05-04T23:11:37.375+0000] {processor.py:840} INFO - DAG(s) 'tutorial_dag' retrieved from /home/airflow/.local/lib/python3.8/site-packages/airflow/example_dags/tutorial_dag.py
[2025-05-04T23:11:37.391+0000] {logging_mixin.py:188} INFO - [2025-05-04T23:11:37.391+0000] {dag.py:3033} INFO - Sync 1 DAGs
[2025-05-04T23:11:37.399+0000] {logging_mixin.py:188} INFO - [2025-05-04T23:11:37.399+0000] {dag.py:3820} INFO - Setting next_dagrun for tutorial_dag to None, run_after=None
[2025-05-04T23:11:37.410+0000] {processor.py:183} INFO - Processing /home/airflow/.local/lib/python3.8/site-packages/airflow/example_dags/tutorial_dag.py took 0.048 seconds
[2025-05-04T23:12:07.963+0000] {processor.py:161} INFO - Started process (PID=679) to work on /home/airflow/.local/lib/python3.8/site-packages/airflow/example_dags/tutorial_dag.py
[2025-05-04T23:12:07.966+0000] {processor.py:830} INFO - Processing file /home/airflow/.local/lib/python3.8/site-packages/airflow/example_dags/tutorial_dag.py for tasks to queue
[2025-05-04T23:12:07.970+0000] {logging_mixin.py:188} INFO - [2025-05-04T23:12:07.970+0000] {dagbag.py:538} INFO - Filling up the DagBag from /home/airflow/.local/lib/python3.8/site-packages/airflow/example_dags/tutorial_dag.py
[2025-05-04T23:12:07.977+0000] {processor.py:840} INFO - DAG(s) 'tutorial_dag' retrieved from /home/airflow/.local/lib/python3.8/site-packages/airflow/example_dags/tutorial_dag.py
[2025-05-04T23:12:07.991+0000] {logging_mixin.py:188} INFO - [2025-05-04T23:12:07.991+0000] {dag.py:3033} INFO - Sync 1 DAGs
[2025-05-04T23:12:08.003+0000] {logging_mixin.py:188} INFO - [2025-05-04T23:12:08.003+0000] {dag.py:3820} INFO - Setting next_dagrun for tutorial_dag to None, run_after=None
[2025-05-04T23:12:08.020+0000] {processor.py:183} INFO - Processing /home/airflow/.local/lib/python3.8/site-packages/airflow/example_dags/tutorial_dag.py took 0.061 seconds
[2025-05-04T23:12:38.659+0000] {processor.py:161} INFO - Started process (PID=735) to work on /home/airflow/.local/lib/python3.8/site-packages/airflow/example_dags/tutorial_dag.py
[2025-05-04T23:12:38.662+0000] {processor.py:830} INFO - Processing file /home/airflow/.local/lib/python3.8/site-packages/airflow/example_dags/tutorial_dag.py for tasks to queue
[2025-05-04T23:12:38.664+0000] {logging_mixin.py:188} INFO - [2025-05-04T23:12:38.664+0000] {dagbag.py:538} INFO - Filling up the DagBag from /home/airflow/.local/lib/python3.8/site-packages/airflow/example_dags/tutorial_dag.py
[2025-05-04T23:12:38.669+0000] {processor.py:840} INFO - DAG(s) 'tutorial_dag' retrieved from /home/airflow/.local/lib/python3.8/site-packages/airflow/example_dags/tutorial_dag.py
[2025-05-04T23:12:38.682+0000] {logging_mixin.py:188} INFO - [2025-05-04T23:12:38.682+0000] {dag.py:3033} INFO - Sync 1 DAGs
[2025-05-04T23:12:38.689+0000] {logging_mixin.py:188} INFO - [2025-05-04T23:12:38.689+0000] {dag.py:3820} INFO - Setting next_dagrun for tutorial_dag to None, run_after=None
[2025-05-04T23:12:38.700+0000] {processor.py:183} INFO - Processing /home/airflow/.local/lib/python3.8/site-packages/airflow/example_dags/tutorial_dag.py took 0.044 seconds
[2025-05-04T23:13:09.283+0000] {processor.py:161} INFO - Started process (PID=791) to work on /home/airflow/.local/lib/python3.8/site-packages/airflow/example_dags/tutorial_dag.py
[2025-05-04T23:13:09.285+0000] {processor.py:830} INFO - Processing file /home/airflow/.local/lib/python3.8/site-packages/airflow/example_dags/tutorial_dag.py for tasks to queue
[2025-05-04T23:13:09.287+0000] {logging_mixin.py:188} INFO - [2025-05-04T23:13:09.287+0000] {dagbag.py:538} INFO - Filling up the DagBag from /home/airflow/.local/lib/python3.8/site-packages/airflow/example_dags/tutorial_dag.py
[2025-05-04T23:13:09.291+0000] {processor.py:840} INFO - DAG(s) 'tutorial_dag' retrieved from /home/airflow/.local/lib/python3.8/site-packages/airflow/example_dags/tutorial_dag.py
[2025-05-04T23:13:09.305+0000] {logging_mixin.py:188} INFO - [2025-05-04T23:13:09.305+0000] {dag.py:3033} INFO - Sync 1 DAGs
[2025-05-04T23:13:09.312+0000] {logging_mixin.py:188} INFO - [2025-05-04T23:13:09.312+0000] {dag.py:3820} INFO - Setting next_dagrun for tutorial_dag to None, run_after=None
[2025-05-04T23:13:09.326+0000] {processor.py:183} INFO - Processing /home/airflow/.local/lib/python3.8/site-packages/airflow/example_dags/tutorial_dag.py took 0.046 seconds
[2025-05-04T23:13:39.905+0000] {processor.py:161} INFO - Started process (PID=847) to work on /home/airflow/.local/lib/python3.8/site-packages/airflow/example_dags/tutorial_dag.py
[2025-05-04T23:13:39.908+0000] {processor.py:830} INFO - Processing file /home/airflow/.local/lib/python3.8/site-packages/airflow/example_dags/tutorial_dag.py for tasks to queue
[2025-05-04T23:13:39.912+0000] {logging_mixin.py:188} INFO - [2025-05-04T23:13:39.911+0000] {dagbag.py:538} INFO - Filling up the DagBag from /home/airflow/.local/lib/python3.8/site-packages/airflow/example_dags/tutorial_dag.py
[2025-05-04T23:13:39.924+0000] {processor.py:840} INFO - DAG(s) 'tutorial_dag' retrieved from /home/airflow/.local/lib/python3.8/site-packages/airflow/example_dags/tutorial_dag.py
[2025-05-04T23:13:39.948+0000] {logging_mixin.py:188} INFO - [2025-05-04T23:13:39.948+0000] {dag.py:3033} INFO - Sync 1 DAGs
[2025-05-04T23:13:39.954+0000] {logging_mixin.py:188} INFO - [2025-05-04T23:13:39.954+0000] {dag.py:3820} INFO - Setting next_dagrun for tutorial_dag to None, run_after=None
[2025-05-04T23:13:39.970+0000] {processor.py:183} INFO - Processing /home/airflow/.local/lib/python3.8/site-packages/airflow/example_dags/tutorial_dag.py took 0.069 seconds
[2025-05-04T23:14:10.663+0000] {processor.py:161} INFO - Started process (PID=903) to work on /home/airflow/.local/lib/python3.8/site-packages/airflow/example_dags/tutorial_dag.py
[2025-05-04T23:14:10.665+0000] {processor.py:830} INFO - Processing file /home/airflow/.local/lib/python3.8/site-packages/airflow/example_dags/tutorial_dag.py for tasks to queue
[2025-05-04T23:14:10.667+0000] {logging_mixin.py:188} INFO - [2025-05-04T23:14:10.667+0000] {dagbag.py:538} INFO - Filling up the DagBag from /home/airflow/.local/lib/python3.8/site-packages/airflow/example_dags/tutorial_dag.py
[2025-05-04T23:14:10.671+0000] {processor.py:840} INFO - DAG(s) 'tutorial_dag' retrieved from /home/airflow/.local/lib/python3.8/site-packages/airflow/example_dags/tutorial_dag.py
[2025-05-04T23:14:10.685+0000] {logging_mixin.py:188} INFO - [2025-05-04T23:14:10.685+0000] {dag.py:3033} INFO - Sync 1 DAGs
[2025-05-04T23:14:10.691+0000] {logging_mixin.py:188} INFO - [2025-05-04T23:14:10.691+0000] {dag.py:3820} INFO - Setting next_dagrun for tutorial_dag to None, run_after=None
[2025-05-04T23:14:10.702+0000] {processor.py:183} INFO - Processing /home/airflow/.local/lib/python3.8/site-packages/airflow/example_dags/tutorial_dag.py took 0.042 seconds
[2025-05-04T23:14:41.600+0000] {processor.py:161} INFO - Started process (PID=959) to work on /home/airflow/.local/lib/python3.8/site-packages/airflow/example_dags/tutorial_dag.py
[2025-05-04T23:14:41.605+0000] {processor.py:830} INFO - Processing file /home/airflow/.local/lib/python3.8/site-packages/airflow/example_dags/tutorial_dag.py for tasks to queue
[2025-05-04T23:14:41.606+0000] {logging_mixin.py:188} INFO - [2025-05-04T23:14:41.606+0000] {dagbag.py:538} INFO - Filling up the DagBag from /home/airflow/.local/lib/python3.8/site-packages/airflow/example_dags/tutorial_dag.py
[2025-05-04T23:14:41.612+0000] {processor.py:840} INFO - DAG(s) 'tutorial_dag' retrieved from /home/airflow/.local/lib/python3.8/site-packages/airflow/example_dags/tutorial_dag.py
[2025-05-04T23:14:41.632+0000] {logging_mixin.py:188} INFO - [2025-05-04T23:14:41.632+0000] {dag.py:3033} INFO - Sync 1 DAGs
[2025-05-04T23:14:41.638+0000] {logging_mixin.py:188} INFO - [2025-05-04T23:14:41.638+0000] {dag.py:3820} INFO - Setting next_dagrun for tutorial_dag to None, run_after=None
[2025-05-04T23:14:41.652+0000] {processor.py:183} INFO - Processing /home/airflow/.local/lib/python3.8/site-packages/airflow/example_dags/tutorial_dag.py took 0.055 seconds
[2025-05-04T23:15:11.731+0000] {processor.py:161} INFO - Started process (PID=1015) to work on /home/airflow/.local/lib/python3.8/site-packages/airflow/example_dags/tutorial_dag.py
[2025-05-04T23:15:11.733+0000] {processor.py:830} INFO - Processing file /home/airflow/.local/lib/python3.8/site-packages/airflow/example_dags/tutorial_dag.py for tasks to queue
[2025-05-04T23:15:11.734+0000] {logging_mixin.py:188} INFO - [2025-05-04T23:15:11.734+0000] {dagbag.py:538} INFO - Filling up the DagBag from /home/airflow/.local/lib/python3.8/site-packages/airflow/example_dags/tutorial_dag.py
[2025-05-04T23:15:11.738+0000] {processor.py:840} INFO - DAG(s) 'tutorial_dag' retrieved from /home/airflow/.local/lib/python3.8/site-packages/airflow/example_dags/tutorial_dag.py
[2025-05-04T23:15:11.790+0000] {logging_mixin.py:188} INFO - [2025-05-04T23:15:11.790+0000] {dag.py:3033} INFO - Sync 1 DAGs
[2025-05-04T23:15:11.797+0000] {logging_mixin.py:188} INFO - [2025-05-04T23:15:11.797+0000] {dag.py:3820} INFO - Setting next_dagrun for tutorial_dag to None, run_after=None
[2025-05-04T23:15:11.810+0000] {processor.py:183} INFO - Processing /home/airflow/.local/lib/python3.8/site-packages/airflow/example_dags/tutorial_dag.py took 0.081 seconds
[2025-05-04T23:15:42.356+0000] {processor.py:161} INFO - Started process (PID=1071) to work on /home/airflow/.local/lib/python3.8/site-packages/airflow/example_dags/tutorial_dag.py
[2025-05-04T23:15:42.358+0000] {processor.py:830} INFO - Processing file /home/airflow/.local/lib/python3.8/site-packages/airflow/example_dags/tutorial_dag.py for tasks to queue
[2025-05-04T23:15:42.360+0000] {logging_mixin.py:188} INFO - [2025-05-04T23:15:42.360+0000] {dagbag.py:538} INFO - Filling up the DagBag from /home/airflow/.local/lib/python3.8/site-packages/airflow/example_dags/tutorial_dag.py
[2025-05-04T23:15:42.362+0000] {processor.py:840} INFO - DAG(s) 'tutorial_dag' retrieved from /home/airflow/.local/lib/python3.8/site-packages/airflow/example_dags/tutorial_dag.py
[2025-05-04T23:15:42.373+0000] {logging_mixin.py:188} INFO - [2025-05-04T23:15:42.373+0000] {dag.py:3033} INFO - Sync 1 DAGs
[2025-05-04T23:15:42.379+0000] {logging_mixin.py:188} INFO - [2025-05-04T23:15:42.379+0000] {dag.py:3820} INFO - Setting next_dagrun for tutorial_dag to None, run_after=None
[2025-05-04T23:15:42.390+0000] {processor.py:183} INFO - Processing /home/airflow/.local/lib/python3.8/site-packages/airflow/example_dags/tutorial_dag.py took 0.035 seconds
[2025-05-04T23:18:31.446+0000] {processor.py:161} INFO - Started process (PID=58) to work on /home/airflow/.local/lib/python3.8/site-packages/airflow/example_dags/tutorial_dag.py
[2025-05-04T23:18:31.450+0000] {processor.py:830} INFO - Processing file /home/airflow/.local/lib/python3.8/site-packages/airflow/example_dags/tutorial_dag.py for tasks to queue
[2025-05-04T23:18:31.453+0000] {logging_mixin.py:188} INFO - [2025-05-04T23:18:31.453+0000] {dagbag.py:538} INFO - Filling up the DagBag from /home/airflow/.local/lib/python3.8/site-packages/airflow/example_dags/tutorial_dag.py
[2025-05-04T23:18:31.463+0000] {processor.py:840} INFO - DAG(s) 'tutorial_dag' retrieved from /home/airflow/.local/lib/python3.8/site-packages/airflow/example_dags/tutorial_dag.py
[2025-05-04T23:18:31.478+0000] {logging_mixin.py:188} INFO - [2025-05-04T23:18:31.478+0000] {dag.py:3033} INFO - Sync 1 DAGs
[2025-05-04T23:18:31.486+0000] {logging_mixin.py:188} INFO - [2025-05-04T23:18:31.486+0000] {dag.py:3820} INFO - Setting next_dagrun for tutorial_dag to None, run_after=None
[2025-05-04T23:18:31.502+0000] {processor.py:183} INFO - Processing /home/airflow/.local/lib/python3.8/site-packages/airflow/example_dags/tutorial_dag.py took 0.060 seconds
[2025-05-04T23:19:01.707+0000] {processor.py:161} INFO - Started process (PID=114) to work on /home/airflow/.local/lib/python3.8/site-packages/airflow/example_dags/tutorial_dag.py
[2025-05-04T23:19:01.707+0000] {processor.py:830} INFO - Processing file /home/airflow/.local/lib/python3.8/site-packages/airflow/example_dags/tutorial_dag.py for tasks to queue
[2025-05-04T23:19:01.708+0000] {logging_mixin.py:188} INFO - [2025-05-04T23:19:01.708+0000] {dagbag.py:538} INFO - Filling up the DagBag from /home/airflow/.local/lib/python3.8/site-packages/airflow/example_dags/tutorial_dag.py
[2025-05-04T23:19:01.711+0000] {processor.py:840} INFO - DAG(s) 'tutorial_dag' retrieved from /home/airflow/.local/lib/python3.8/site-packages/airflow/example_dags/tutorial_dag.py
[2025-05-04T23:19:01.760+0000] {logging_mixin.py:188} INFO - [2025-05-04T23:19:01.760+0000] {dag.py:3033} INFO - Sync 1 DAGs
[2025-05-04T23:19:01.764+0000] {logging_mixin.py:188} INFO - [2025-05-04T23:19:01.764+0000] {dag.py:3820} INFO - Setting next_dagrun for tutorial_dag to None, run_after=None
[2025-05-04T23:19:01.779+0000] {processor.py:183} INFO - Processing /home/airflow/.local/lib/python3.8/site-packages/airflow/example_dags/tutorial_dag.py took 0.074 seconds
[2025-05-04T23:19:32.114+0000] {processor.py:161} INFO - Started process (PID=170) to work on /home/airflow/.local/lib/python3.8/site-packages/airflow/example_dags/tutorial_dag.py
[2025-05-04T23:19:32.117+0000] {processor.py:830} INFO - Processing file /home/airflow/.local/lib/python3.8/site-packages/airflow/example_dags/tutorial_dag.py for tasks to queue
[2025-05-04T23:19:32.118+0000] {logging_mixin.py:188} INFO - [2025-05-04T23:19:32.118+0000] {dagbag.py:538} INFO - Filling up the DagBag from /home/airflow/.local/lib/python3.8/site-packages/airflow/example_dags/tutorial_dag.py
[2025-05-04T23:19:32.120+0000] {processor.py:840} INFO - DAG(s) 'tutorial_dag' retrieved from /home/airflow/.local/lib/python3.8/site-packages/airflow/example_dags/tutorial_dag.py
[2025-05-04T23:19:32.129+0000] {logging_mixin.py:188} INFO - [2025-05-04T23:19:32.129+0000] {dag.py:3033} INFO - Sync 1 DAGs
[2025-05-04T23:19:32.135+0000] {logging_mixin.py:188} INFO - [2025-05-04T23:19:32.135+0000] {dag.py:3820} INFO - Setting next_dagrun for tutorial_dag to None, run_after=None
[2025-05-04T23:19:32.147+0000] {processor.py:183} INFO - Processing /home/airflow/.local/lib/python3.8/site-packages/airflow/example_dags/tutorial_dag.py took 0.034 seconds
[2025-05-04T23:20:02.756+0000] {processor.py:161} INFO - Started process (PID=226) to work on /home/airflow/.local/lib/python3.8/site-packages/airflow/example_dags/tutorial_dag.py
[2025-05-04T23:20:02.758+0000] {processor.py:830} INFO - Processing file /home/airflow/.local/lib/python3.8/site-packages/airflow/example_dags/tutorial_dag.py for tasks to queue
[2025-05-04T23:20:02.759+0000] {logging_mixin.py:188} INFO - [2025-05-04T23:20:02.759+0000] {dagbag.py:538} INFO - Filling up the DagBag from /home/airflow/.local/lib/python3.8/site-packages/airflow/example_dags/tutorial_dag.py
[2025-05-04T23:20:02.762+0000] {processor.py:840} INFO - DAG(s) 'tutorial_dag' retrieved from /home/airflow/.local/lib/python3.8/site-packages/airflow/example_dags/tutorial_dag.py
[2025-05-04T23:20:02.771+0000] {logging_mixin.py:188} INFO - [2025-05-04T23:20:02.771+0000] {dag.py:3033} INFO - Sync 1 DAGs
[2025-05-04T23:20:02.776+0000] {logging_mixin.py:188} INFO - [2025-05-04T23:20:02.776+0000] {dag.py:3820} INFO - Setting next_dagrun for tutorial_dag to None, run_after=None
[2025-05-04T23:20:02.788+0000] {processor.py:183} INFO - Processing /home/airflow/.local/lib/python3.8/site-packages/airflow/example_dags/tutorial_dag.py took 0.034 seconds
[2025-05-04T23:20:33.591+0000] {processor.py:161} INFO - Started process (PID=281) to work on /home/airflow/.local/lib/python3.8/site-packages/airflow/example_dags/tutorial_dag.py
[2025-05-04T23:20:33.595+0000] {processor.py:830} INFO - Processing file /home/airflow/.local/lib/python3.8/site-packages/airflow/example_dags/tutorial_dag.py for tasks to queue
[2025-05-04T23:20:33.595+0000] {logging_mixin.py:188} INFO - [2025-05-04T23:20:33.595+0000] {dagbag.py:538} INFO - Filling up the DagBag from /home/airflow/.local/lib/python3.8/site-packages/airflow/example_dags/tutorial_dag.py
[2025-05-04T23:20:33.598+0000] {processor.py:840} INFO - DAG(s) 'tutorial_dag' retrieved from /home/airflow/.local/lib/python3.8/site-packages/airflow/example_dags/tutorial_dag.py
[2025-05-04T23:20:33.609+0000] {logging_mixin.py:188} INFO - [2025-05-04T23:20:33.608+0000] {dag.py:3033} INFO - Sync 1 DAGs
[2025-05-04T23:20:33.615+0000] {logging_mixin.py:188} INFO - [2025-05-04T23:20:33.615+0000] {dag.py:3820} INFO - Setting next_dagrun for tutorial_dag to None, run_after=None
[2025-05-04T23:20:33.624+0000] {processor.py:183} INFO - Processing /home/airflow/.local/lib/python3.8/site-packages/airflow/example_dags/tutorial_dag.py took 0.035 seconds
[2025-05-04T23:21:03.761+0000] {processor.py:161} INFO - Started process (PID=337) to work on /home/airflow/.local/lib/python3.8/site-packages/airflow/example_dags/tutorial_dag.py
[2025-05-04T23:21:03.762+0000] {processor.py:830} INFO - Processing file /home/airflow/.local/lib/python3.8/site-packages/airflow/example_dags/tutorial_dag.py for tasks to queue
[2025-05-04T23:21:03.763+0000] {logging_mixin.py:188} INFO - [2025-05-04T23:21:03.763+0000] {dagbag.py:538} INFO - Filling up the DagBag from /home/airflow/.local/lib/python3.8/site-packages/airflow/example_dags/tutorial_dag.py
[2025-05-04T23:21:03.766+0000] {processor.py:840} INFO - DAG(s) 'tutorial_dag' retrieved from /home/airflow/.local/lib/python3.8/site-packages/airflow/example_dags/tutorial_dag.py
[2025-05-04T23:21:03.776+0000] {logging_mixin.py:188} INFO - [2025-05-04T23:21:03.776+0000] {dag.py:3033} INFO - Sync 1 DAGs
[2025-05-04T23:21:03.784+0000] {logging_mixin.py:188} INFO - [2025-05-04T23:21:03.784+0000] {dag.py:3820} INFO - Setting next_dagrun for tutorial_dag to None, run_after=None
[2025-05-04T23:21:03.801+0000] {processor.py:183} INFO - Processing /home/airflow/.local/lib/python3.8/site-packages/airflow/example_dags/tutorial_dag.py took 0.041 seconds
[2025-05-04T23:21:34.388+0000] {processor.py:161} INFO - Started process (PID=393) to work on /home/airflow/.local/lib/python3.8/site-packages/airflow/example_dags/tutorial_dag.py
[2025-05-04T23:21:34.389+0000] {processor.py:830} INFO - Processing file /home/airflow/.local/lib/python3.8/site-packages/airflow/example_dags/tutorial_dag.py for tasks to queue
[2025-05-04T23:21:34.390+0000] {logging_mixin.py:188} INFO - [2025-05-04T23:21:34.390+0000] {dagbag.py:538} INFO - Filling up the DagBag from /home/airflow/.local/lib/python3.8/site-packages/airflow/example_dags/tutorial_dag.py
[2025-05-04T23:21:34.392+0000] {processor.py:840} INFO - DAG(s) 'tutorial_dag' retrieved from /home/airflow/.local/lib/python3.8/site-packages/airflow/example_dags/tutorial_dag.py
[2025-05-04T23:21:34.407+0000] {logging_mixin.py:188} INFO - [2025-05-04T23:21:34.407+0000] {dag.py:3033} INFO - Sync 1 DAGs
[2025-05-04T23:21:34.414+0000] {logging_mixin.py:188} INFO - [2025-05-04T23:21:34.413+0000] {dag.py:3820} INFO - Setting next_dagrun for tutorial_dag to None, run_after=None
[2025-05-04T23:21:34.427+0000] {processor.py:183} INFO - Processing /home/airflow/.local/lib/python3.8/site-packages/airflow/example_dags/tutorial_dag.py took 0.041 seconds
[2025-05-04T23:22:05.080+0000] {processor.py:161} INFO - Started process (PID=449) to work on /home/airflow/.local/lib/python3.8/site-packages/airflow/example_dags/tutorial_dag.py
[2025-05-04T23:22:05.081+0000] {processor.py:830} INFO - Processing file /home/airflow/.local/lib/python3.8/site-packages/airflow/example_dags/tutorial_dag.py for tasks to queue
[2025-05-04T23:22:05.082+0000] {logging_mixin.py:188} INFO - [2025-05-04T23:22:05.082+0000] {dagbag.py:538} INFO - Filling up the DagBag from /home/airflow/.local/lib/python3.8/site-packages/airflow/example_dags/tutorial_dag.py
[2025-05-04T23:22:05.085+0000] {processor.py:840} INFO - DAG(s) 'tutorial_dag' retrieved from /home/airflow/.local/lib/python3.8/site-packages/airflow/example_dags/tutorial_dag.py
[2025-05-04T23:22:05.096+0000] {logging_mixin.py:188} INFO - [2025-05-04T23:22:05.096+0000] {dag.py:3033} INFO - Sync 1 DAGs
[2025-05-04T23:22:05.103+0000] {logging_mixin.py:188} INFO - [2025-05-04T23:22:05.103+0000] {dag.py:3820} INFO - Setting next_dagrun for tutorial_dag to None, run_after=None
[2025-05-04T23:22:05.111+0000] {processor.py:183} INFO - Processing /home/airflow/.local/lib/python3.8/site-packages/airflow/example_dags/tutorial_dag.py took 0.033 seconds
[2025-05-04T23:22:35.626+0000] {processor.py:161} INFO - Started process (PID=505) to work on /home/airflow/.local/lib/python3.8/site-packages/airflow/example_dags/tutorial_dag.py
[2025-05-04T23:22:35.627+0000] {processor.py:830} INFO - Processing file /home/airflow/.local/lib/python3.8/site-packages/airflow/example_dags/tutorial_dag.py for tasks to queue
[2025-05-04T23:22:35.628+0000] {logging_mixin.py:188} INFO - [2025-05-04T23:22:35.627+0000] {dagbag.py:538} INFO - Filling up the DagBag from /home/airflow/.local/lib/python3.8/site-packages/airflow/example_dags/tutorial_dag.py
[2025-05-04T23:22:35.630+0000] {processor.py:840} INFO - DAG(s) 'tutorial_dag' retrieved from /home/airflow/.local/lib/python3.8/site-packages/airflow/example_dags/tutorial_dag.py
[2025-05-04T23:22:35.638+0000] {logging_mixin.py:188} INFO - [2025-05-04T23:22:35.638+0000] {dag.py:3033} INFO - Sync 1 DAGs
[2025-05-04T23:22:35.643+0000] {logging_mixin.py:188} INFO - [2025-05-04T23:22:35.643+0000] {dag.py:3820} INFO - Setting next_dagrun for tutorial_dag to None, run_after=None
[2025-05-04T23:22:35.653+0000] {processor.py:183} INFO - Processing /home/airflow/.local/lib/python3.8/site-packages/airflow/example_dags/tutorial_dag.py took 0.029 seconds
[2025-05-04T23:23:06.211+0000] {processor.py:161} INFO - Started process (PID=561) to work on /home/airflow/.local/lib/python3.8/site-packages/airflow/example_dags/tutorial_dag.py
[2025-05-04T23:23:06.213+0000] {processor.py:830} INFO - Processing file /home/airflow/.local/lib/python3.8/site-packages/airflow/example_dags/tutorial_dag.py for tasks to queue
[2025-05-04T23:23:06.215+0000] {logging_mixin.py:188} INFO - [2025-05-04T23:23:06.215+0000] {dagbag.py:538} INFO - Filling up the DagBag from /home/airflow/.local/lib/python3.8/site-packages/airflow/example_dags/tutorial_dag.py
[2025-05-04T23:23:06.217+0000] {processor.py:840} INFO - DAG(s) 'tutorial_dag' retrieved from /home/airflow/.local/lib/python3.8/site-packages/airflow/example_dags/tutorial_dag.py
[2025-05-04T23:23:06.228+0000] {logging_mixin.py:188} INFO - [2025-05-04T23:23:06.228+0000] {dag.py:3033} INFO - Sync 1 DAGs
[2025-05-04T23:23:06.234+0000] {logging_mixin.py:188} INFO - [2025-05-04T23:23:06.234+0000] {dag.py:3820} INFO - Setting next_dagrun for tutorial_dag to None, run_after=None
[2025-05-04T23:23:06.247+0000] {processor.py:183} INFO - Processing /home/airflow/.local/lib/python3.8/site-packages/airflow/example_dags/tutorial_dag.py took 0.037 seconds
[2025-05-04T23:24:30.767+0000] {processor.py:161} INFO - Started process (PID=58) to work on /home/airflow/.local/lib/python3.8/site-packages/airflow/example_dags/tutorial_dag.py
[2025-05-04T23:24:30.770+0000] {processor.py:830} INFO - Processing file /home/airflow/.local/lib/python3.8/site-packages/airflow/example_dags/tutorial_dag.py for tasks to queue
[2025-05-04T23:24:30.771+0000] {logging_mixin.py:188} INFO - [2025-05-04T23:24:30.771+0000] {dagbag.py:538} INFO - Filling up the DagBag from /home/airflow/.local/lib/python3.8/site-packages/airflow/example_dags/tutorial_dag.py
[2025-05-04T23:24:30.774+0000] {processor.py:840} INFO - DAG(s) 'tutorial_dag' retrieved from /home/airflow/.local/lib/python3.8/site-packages/airflow/example_dags/tutorial_dag.py
[2025-05-04T23:24:30.790+0000] {logging_mixin.py:188} INFO - [2025-05-04T23:24:30.789+0000] {dag.py:3033} INFO - Sync 1 DAGs
[2025-05-04T23:24:30.802+0000] {logging_mixin.py:188} INFO - [2025-05-04T23:24:30.802+0000] {dag.py:3820} INFO - Setting next_dagrun for tutorial_dag to None, run_after=None
[2025-05-04T23:24:30.831+0000] {processor.py:183} INFO - Processing /home/airflow/.local/lib/python3.8/site-packages/airflow/example_dags/tutorial_dag.py took 0.066 seconds
[2025-05-04T23:25:01.157+0000] {processor.py:161} INFO - Started process (PID=114) to work on /home/airflow/.local/lib/python3.8/site-packages/airflow/example_dags/tutorial_dag.py
[2025-05-04T23:25:01.158+0000] {processor.py:830} INFO - Processing file /home/airflow/.local/lib/python3.8/site-packages/airflow/example_dags/tutorial_dag.py for tasks to queue
[2025-05-04T23:25:01.159+0000] {logging_mixin.py:188} INFO - [2025-05-04T23:25:01.159+0000] {dagbag.py:538} INFO - Filling up the DagBag from /home/airflow/.local/lib/python3.8/site-packages/airflow/example_dags/tutorial_dag.py
[2025-05-04T23:25:01.161+0000] {processor.py:840} INFO - DAG(s) 'tutorial_dag' retrieved from /home/airflow/.local/lib/python3.8/site-packages/airflow/example_dags/tutorial_dag.py
[2025-05-04T23:25:01.215+0000] {logging_mixin.py:188} INFO - [2025-05-04T23:25:01.215+0000] {dag.py:3033} INFO - Sync 1 DAGs
[2025-05-04T23:25:01.220+0000] {logging_mixin.py:188} INFO - [2025-05-04T23:25:01.220+0000] {dag.py:3820} INFO - Setting next_dagrun for tutorial_dag to None, run_after=None
[2025-05-04T23:25:01.240+0000] {processor.py:183} INFO - Processing /home/airflow/.local/lib/python3.8/site-packages/airflow/example_dags/tutorial_dag.py took 0.084 seconds
[2025-05-04T23:25:31.384+0000] {processor.py:161} INFO - Started process (PID=169) to work on /home/airflow/.local/lib/python3.8/site-packages/airflow/example_dags/tutorial_dag.py
[2025-05-04T23:25:31.385+0000] {processor.py:830} INFO - Processing file /home/airflow/.local/lib/python3.8/site-packages/airflow/example_dags/tutorial_dag.py for tasks to queue
[2025-05-04T23:25:31.386+0000] {logging_mixin.py:188} INFO - [2025-05-04T23:25:31.386+0000] {dagbag.py:538} INFO - Filling up the DagBag from /home/airflow/.local/lib/python3.8/site-packages/airflow/example_dags/tutorial_dag.py
[2025-05-04T23:25:31.388+0000] {processor.py:840} INFO - DAG(s) 'tutorial_dag' retrieved from /home/airflow/.local/lib/python3.8/site-packages/airflow/example_dags/tutorial_dag.py
[2025-05-04T23:25:31.400+0000] {logging_mixin.py:188} INFO - [2025-05-04T23:25:31.400+0000] {dag.py:3033} INFO - Sync 1 DAGs
[2025-05-04T23:25:31.407+0000] {logging_mixin.py:188} INFO - [2025-05-04T23:25:31.407+0000] {dag.py:3820} INFO - Setting next_dagrun for tutorial_dag to None, run_after=None
[2025-05-04T23:25:31.418+0000] {processor.py:183} INFO - Processing /home/airflow/.local/lib/python3.8/site-packages/airflow/example_dags/tutorial_dag.py took 0.035 seconds
[2025-05-04T23:26:02.152+0000] {processor.py:161} INFO - Started process (PID=225) to work on /home/airflow/.local/lib/python3.8/site-packages/airflow/example_dags/tutorial_dag.py
[2025-05-04T23:26:02.153+0000] {processor.py:830} INFO - Processing file /home/airflow/.local/lib/python3.8/site-packages/airflow/example_dags/tutorial_dag.py for tasks to queue
[2025-05-04T23:26:02.154+0000] {logging_mixin.py:188} INFO - [2025-05-04T23:26:02.154+0000] {dagbag.py:538} INFO - Filling up the DagBag from /home/airflow/.local/lib/python3.8/site-packages/airflow/example_dags/tutorial_dag.py
[2025-05-04T23:26:02.156+0000] {processor.py:840} INFO - DAG(s) 'tutorial_dag' retrieved from /home/airflow/.local/lib/python3.8/site-packages/airflow/example_dags/tutorial_dag.py
[2025-05-04T23:26:02.165+0000] {logging_mixin.py:188} INFO - [2025-05-04T23:26:02.165+0000] {dag.py:3033} INFO - Sync 1 DAGs
[2025-05-04T23:26:02.170+0000] {logging_mixin.py:188} INFO - [2025-05-04T23:26:02.170+0000] {dag.py:3820} INFO - Setting next_dagrun for tutorial_dag to None, run_after=None
[2025-05-04T23:26:02.184+0000] {processor.py:183} INFO - Processing /home/airflow/.local/lib/python3.8/site-packages/airflow/example_dags/tutorial_dag.py took 0.033 seconds
[2025-05-04T23:26:32.961+0000] {processor.py:161} INFO - Started process (PID=281) to work on /home/airflow/.local/lib/python3.8/site-packages/airflow/example_dags/tutorial_dag.py
[2025-05-04T23:26:32.961+0000] {processor.py:830} INFO - Processing file /home/airflow/.local/lib/python3.8/site-packages/airflow/example_dags/tutorial_dag.py for tasks to queue
[2025-05-04T23:26:32.962+0000] {logging_mixin.py:188} INFO - [2025-05-04T23:26:32.962+0000] {dagbag.py:538} INFO - Filling up the DagBag from /home/airflow/.local/lib/python3.8/site-packages/airflow/example_dags/tutorial_dag.py
[2025-05-04T23:26:32.965+0000] {processor.py:840} INFO - DAG(s) 'tutorial_dag' retrieved from /home/airflow/.local/lib/python3.8/site-packages/airflow/example_dags/tutorial_dag.py
[2025-05-04T23:26:32.977+0000] {logging_mixin.py:188} INFO - [2025-05-04T23:26:32.976+0000] {dag.py:3033} INFO - Sync 1 DAGs
[2025-05-04T23:26:32.984+0000] {logging_mixin.py:188} INFO - [2025-05-04T23:26:32.984+0000] {dag.py:3820} INFO - Setting next_dagrun for tutorial_dag to None, run_after=None
[2025-05-04T23:26:32.996+0000] {processor.py:183} INFO - Processing /home/airflow/.local/lib/python3.8/site-packages/airflow/example_dags/tutorial_dag.py took 0.037 seconds
[2025-05-04T23:27:03.669+0000] {processor.py:161} INFO - Started process (PID=337) to work on /home/airflow/.local/lib/python3.8/site-packages/airflow/example_dags/tutorial_dag.py
[2025-05-04T23:27:03.670+0000] {processor.py:830} INFO - Processing file /home/airflow/.local/lib/python3.8/site-packages/airflow/example_dags/tutorial_dag.py for tasks to queue
[2025-05-04T23:27:03.670+0000] {logging_mixin.py:188} INFO - [2025-05-04T23:27:03.670+0000] {dagbag.py:538} INFO - Filling up the DagBag from /home/airflow/.local/lib/python3.8/site-packages/airflow/example_dags/tutorial_dag.py
[2025-05-04T23:27:03.673+0000] {processor.py:840} INFO - DAG(s) 'tutorial_dag' retrieved from /home/airflow/.local/lib/python3.8/site-packages/airflow/example_dags/tutorial_dag.py
[2025-05-04T23:27:03.684+0000] {logging_mixin.py:188} INFO - [2025-05-04T23:27:03.684+0000] {dag.py:3033} INFO - Sync 1 DAGs
[2025-05-04T23:27:03.691+0000] {logging_mixin.py:188} INFO - [2025-05-04T23:27:03.691+0000] {dag.py:3820} INFO - Setting next_dagrun for tutorial_dag to None, run_after=None
[2025-05-04T23:27:03.706+0000] {processor.py:183} INFO - Processing /home/airflow/.local/lib/python3.8/site-packages/airflow/example_dags/tutorial_dag.py took 0.039 seconds
[2025-05-04T23:27:34.334+0000] {processor.py:161} INFO - Started process (PID=393) to work on /home/airflow/.local/lib/python3.8/site-packages/airflow/example_dags/tutorial_dag.py
[2025-05-04T23:27:34.335+0000] {processor.py:830} INFO - Processing file /home/airflow/.local/lib/python3.8/site-packages/airflow/example_dags/tutorial_dag.py for tasks to queue
[2025-05-04T23:27:34.337+0000] {logging_mixin.py:188} INFO - [2025-05-04T23:27:34.336+0000] {dagbag.py:538} INFO - Filling up the DagBag from /home/airflow/.local/lib/python3.8/site-packages/airflow/example_dags/tutorial_dag.py
[2025-05-04T23:27:34.340+0000] {processor.py:840} INFO - DAG(s) 'tutorial_dag' retrieved from /home/airflow/.local/lib/python3.8/site-packages/airflow/example_dags/tutorial_dag.py
[2025-05-04T23:27:34.354+0000] {logging_mixin.py:188} INFO - [2025-05-04T23:27:34.354+0000] {dag.py:3033} INFO - Sync 1 DAGs
[2025-05-04T23:27:34.361+0000] {logging_mixin.py:188} INFO - [2025-05-04T23:27:34.361+0000] {dag.py:3820} INFO - Setting next_dagrun for tutorial_dag to None, run_after=None
[2025-05-04T23:27:34.373+0000] {processor.py:183} INFO - Processing /home/airflow/.local/lib/python3.8/site-packages/airflow/example_dags/tutorial_dag.py took 0.041 seconds
[2025-05-04T23:28:24.156+0000] {processor.py:161} INFO - Started process (PID=58) to work on /home/airflow/.local/lib/python3.8/site-packages/airflow/example_dags/tutorial_dag.py
[2025-05-04T23:28:24.158+0000] {processor.py:830} INFO - Processing file /home/airflow/.local/lib/python3.8/site-packages/airflow/example_dags/tutorial_dag.py for tasks to queue
[2025-05-04T23:28:24.161+0000] {logging_mixin.py:188} INFO - [2025-05-04T23:28:24.160+0000] {dagbag.py:538} INFO - Filling up the DagBag from /home/airflow/.local/lib/python3.8/site-packages/airflow/example_dags/tutorial_dag.py
[2025-05-04T23:28:24.164+0000] {processor.py:840} INFO - DAG(s) 'tutorial_dag' retrieved from /home/airflow/.local/lib/python3.8/site-packages/airflow/example_dags/tutorial_dag.py
[2025-05-04T23:28:24.174+0000] {logging_mixin.py:188} INFO - [2025-05-04T23:28:24.173+0000] {dag.py:3033} INFO - Sync 1 DAGs
[2025-05-04T23:28:24.181+0000] {logging_mixin.py:188} INFO - [2025-05-04T23:28:24.181+0000] {dag.py:3820} INFO - Setting next_dagrun for tutorial_dag to None, run_after=None
[2025-05-04T23:28:24.194+0000] {processor.py:183} INFO - Processing /home/airflow/.local/lib/python3.8/site-packages/airflow/example_dags/tutorial_dag.py took 0.040 seconds
[2025-05-04T23:28:55.101+0000] {processor.py:161} INFO - Started process (PID=114) to work on /home/airflow/.local/lib/python3.8/site-packages/airflow/example_dags/tutorial_dag.py
[2025-05-04T23:28:55.102+0000] {processor.py:830} INFO - Processing file /home/airflow/.local/lib/python3.8/site-packages/airflow/example_dags/tutorial_dag.py for tasks to queue
[2025-05-04T23:28:55.103+0000] {logging_mixin.py:188} INFO - [2025-05-04T23:28:55.102+0000] {dagbag.py:538} INFO - Filling up the DagBag from /home/airflow/.local/lib/python3.8/site-packages/airflow/example_dags/tutorial_dag.py
[2025-05-04T23:28:55.105+0000] {processor.py:840} INFO - DAG(s) 'tutorial_dag' retrieved from /home/airflow/.local/lib/python3.8/site-packages/airflow/example_dags/tutorial_dag.py
[2025-05-04T23:28:55.150+0000] {logging_mixin.py:188} INFO - [2025-05-04T23:28:55.149+0000] {dag.py:3033} INFO - Sync 1 DAGs
[2025-05-04T23:28:55.156+0000] {logging_mixin.py:188} INFO - [2025-05-04T23:28:55.156+0000] {dag.py:3820} INFO - Setting next_dagrun for tutorial_dag to None, run_after=None
[2025-05-04T23:28:55.168+0000] {processor.py:183} INFO - Processing /home/airflow/.local/lib/python3.8/site-packages/airflow/example_dags/tutorial_dag.py took 0.068 seconds
[2025-05-04T23:29:25.446+0000] {processor.py:161} INFO - Started process (PID=170) to work on /home/airflow/.local/lib/python3.8/site-packages/airflow/example_dags/tutorial_dag.py
[2025-05-04T23:29:25.448+0000] {processor.py:830} INFO - Processing file /home/airflow/.local/lib/python3.8/site-packages/airflow/example_dags/tutorial_dag.py for tasks to queue
[2025-05-04T23:29:25.449+0000] {logging_mixin.py:188} INFO - [2025-05-04T23:29:25.449+0000] {dagbag.py:538} INFO - Filling up the DagBag from /home/airflow/.local/lib/python3.8/site-packages/airflow/example_dags/tutorial_dag.py
[2025-05-04T23:29:25.452+0000] {processor.py:840} INFO - DAG(s) 'tutorial_dag' retrieved from /home/airflow/.local/lib/python3.8/site-packages/airflow/example_dags/tutorial_dag.py
[2025-05-04T23:29:25.465+0000] {logging_mixin.py:188} INFO - [2025-05-04T23:29:25.465+0000] {dag.py:3033} INFO - Sync 1 DAGs
[2025-05-04T23:29:25.471+0000] {logging_mixin.py:188} INFO - [2025-05-04T23:29:25.471+0000] {dag.py:3820} INFO - Setting next_dagrun for tutorial_dag to None, run_after=None
[2025-05-04T23:29:25.480+0000] {processor.py:183} INFO - Processing /home/airflow/.local/lib/python3.8/site-packages/airflow/example_dags/tutorial_dag.py took 0.036 seconds
[2025-05-04T23:29:56.157+0000] {processor.py:161} INFO - Started process (PID=226) to work on /home/airflow/.local/lib/python3.8/site-packages/airflow/example_dags/tutorial_dag.py
[2025-05-04T23:29:56.161+0000] {processor.py:830} INFO - Processing file /home/airflow/.local/lib/python3.8/site-packages/airflow/example_dags/tutorial_dag.py for tasks to queue
[2025-05-04T23:29:56.162+0000] {logging_mixin.py:188} INFO - [2025-05-04T23:29:56.162+0000] {dagbag.py:538} INFO - Filling up the DagBag from /home/airflow/.local/lib/python3.8/site-packages/airflow/example_dags/tutorial_dag.py
[2025-05-04T23:29:56.165+0000] {processor.py:840} INFO - DAG(s) 'tutorial_dag' retrieved from /home/airflow/.local/lib/python3.8/site-packages/airflow/example_dags/tutorial_dag.py
[2025-05-04T23:29:56.174+0000] {logging_mixin.py:188} INFO - [2025-05-04T23:29:56.174+0000] {dag.py:3033} INFO - Sync 1 DAGs
[2025-05-04T23:29:56.179+0000] {logging_mixin.py:188} INFO - [2025-05-04T23:29:56.179+0000] {dag.py:3820} INFO - Setting next_dagrun for tutorial_dag to None, run_after=None
[2025-05-04T23:29:56.187+0000] {processor.py:183} INFO - Processing /home/airflow/.local/lib/python3.8/site-packages/airflow/example_dags/tutorial_dag.py took 0.031 seconds
[2025-05-04T23:30:26.964+0000] {processor.py:161} INFO - Started process (PID=282) to work on /home/airflow/.local/lib/python3.8/site-packages/airflow/example_dags/tutorial_dag.py
[2025-05-04T23:30:26.965+0000] {processor.py:830} INFO - Processing file /home/airflow/.local/lib/python3.8/site-packages/airflow/example_dags/tutorial_dag.py for tasks to queue
[2025-05-04T23:30:26.967+0000] {logging_mixin.py:188} INFO - [2025-05-04T23:30:26.967+0000] {dagbag.py:538} INFO - Filling up the DagBag from /home/airflow/.local/lib/python3.8/site-packages/airflow/example_dags/tutorial_dag.py
[2025-05-04T23:30:26.970+0000] {processor.py:840} INFO - DAG(s) 'tutorial_dag' retrieved from /home/airflow/.local/lib/python3.8/site-packages/airflow/example_dags/tutorial_dag.py
[2025-05-04T23:30:26.981+0000] {logging_mixin.py:188} INFO - [2025-05-04T23:30:26.981+0000] {dag.py:3033} INFO - Sync 1 DAGs
[2025-05-04T23:30:26.987+0000] {logging_mixin.py:188} INFO - [2025-05-04T23:30:26.987+0000] {dag.py:3820} INFO - Setting next_dagrun for tutorial_dag to None, run_after=None
[2025-05-04T23:30:26.994+0000] {processor.py:183} INFO - Processing /home/airflow/.local/lib/python3.8/site-packages/airflow/example_dags/tutorial_dag.py took 0.032 seconds
[2025-05-04T23:30:57.499+0000] {processor.py:161} INFO - Started process (PID=338) to work on /home/airflow/.local/lib/python3.8/site-packages/airflow/example_dags/tutorial_dag.py
[2025-05-04T23:30:57.500+0000] {processor.py:830} INFO - Processing file /home/airflow/.local/lib/python3.8/site-packages/airflow/example_dags/tutorial_dag.py for tasks to queue
[2025-05-04T23:30:57.501+0000] {logging_mixin.py:188} INFO - [2025-05-04T23:30:57.501+0000] {dagbag.py:538} INFO - Filling up the DagBag from /home/airflow/.local/lib/python3.8/site-packages/airflow/example_dags/tutorial_dag.py
[2025-05-04T23:30:57.503+0000] {processor.py:840} INFO - DAG(s) 'tutorial_dag' retrieved from /home/airflow/.local/lib/python3.8/site-packages/airflow/example_dags/tutorial_dag.py
[2025-05-04T23:30:57.514+0000] {logging_mixin.py:188} INFO - [2025-05-04T23:30:57.514+0000] {dag.py:3033} INFO - Sync 1 DAGs
[2025-05-04T23:30:57.520+0000] {logging_mixin.py:188} INFO - [2025-05-04T23:30:57.520+0000] {dag.py:3820} INFO - Setting next_dagrun for tutorial_dag to None, run_after=None
[2025-05-04T23:30:57.532+0000] {processor.py:183} INFO - Processing /home/airflow/.local/lib/python3.8/site-packages/airflow/example_dags/tutorial_dag.py took 0.034 seconds
[2025-05-04T23:31:28.183+0000] {processor.py:161} INFO - Started process (PID=399) to work on /home/airflow/.local/lib/python3.8/site-packages/airflow/example_dags/tutorial_dag.py
[2025-05-04T23:31:28.183+0000] {processor.py:830} INFO - Processing file /home/airflow/.local/lib/python3.8/site-packages/airflow/example_dags/tutorial_dag.py for tasks to queue
[2025-05-04T23:31:28.184+0000] {logging_mixin.py:188} INFO - [2025-05-04T23:31:28.184+0000] {dagbag.py:538} INFO - Filling up the DagBag from /home/airflow/.local/lib/python3.8/site-packages/airflow/example_dags/tutorial_dag.py
[2025-05-04T23:31:28.188+0000] {processor.py:840} INFO - DAG(s) 'tutorial_dag' retrieved from /home/airflow/.local/lib/python3.8/site-packages/airflow/example_dags/tutorial_dag.py
[2025-05-04T23:31:28.200+0000] {logging_mixin.py:188} INFO - [2025-05-04T23:31:28.198+0000] {dag.py:3033} INFO - Sync 1 DAGs
[2025-05-04T23:31:28.205+0000] {logging_mixin.py:188} INFO - [2025-05-04T23:31:28.205+0000] {dag.py:3820} INFO - Setting next_dagrun for tutorial_dag to None, run_after=None
[2025-05-04T23:31:28.213+0000] {processor.py:183} INFO - Processing /home/airflow/.local/lib/python3.8/site-packages/airflow/example_dags/tutorial_dag.py took 0.032 seconds
[2025-05-04T23:31:58.874+0000] {processor.py:161} INFO - Started process (PID=455) to work on /home/airflow/.local/lib/python3.8/site-packages/airflow/example_dags/tutorial_dag.py
[2025-05-04T23:31:58.876+0000] {processor.py:830} INFO - Processing file /home/airflow/.local/lib/python3.8/site-packages/airflow/example_dags/tutorial_dag.py for tasks to queue
[2025-05-04T23:31:58.877+0000] {logging_mixin.py:188} INFO - [2025-05-04T23:31:58.877+0000] {dagbag.py:538} INFO - Filling up the DagBag from /home/airflow/.local/lib/python3.8/site-packages/airflow/example_dags/tutorial_dag.py
[2025-05-04T23:31:58.881+0000] {processor.py:840} INFO - DAG(s) 'tutorial_dag' retrieved from /home/airflow/.local/lib/python3.8/site-packages/airflow/example_dags/tutorial_dag.py
[2025-05-04T23:31:58.890+0000] {logging_mixin.py:188} INFO - [2025-05-04T23:31:58.890+0000] {dag.py:3033} INFO - Sync 1 DAGs
[2025-05-04T23:31:58.897+0000] {logging_mixin.py:188} INFO - [2025-05-04T23:31:58.897+0000] {dag.py:3820} INFO - Setting next_dagrun for tutorial_dag to None, run_after=None
[2025-05-04T23:31:58.908+0000] {processor.py:183} INFO - Processing /home/airflow/.local/lib/python3.8/site-packages/airflow/example_dags/tutorial_dag.py took 0.035 seconds
[2025-05-04T23:32:29.563+0000] {processor.py:161} INFO - Started process (PID=511) to work on /home/airflow/.local/lib/python3.8/site-packages/airflow/example_dags/tutorial_dag.py
[2025-05-04T23:32:29.565+0000] {processor.py:830} INFO - Processing file /home/airflow/.local/lib/python3.8/site-packages/airflow/example_dags/tutorial_dag.py for tasks to queue
[2025-05-04T23:32:29.565+0000] {logging_mixin.py:188} INFO - [2025-05-04T23:32:29.565+0000] {dagbag.py:538} INFO - Filling up the DagBag from /home/airflow/.local/lib/python3.8/site-packages/airflow/example_dags/tutorial_dag.py
[2025-05-04T23:32:29.568+0000] {processor.py:840} INFO - DAG(s) 'tutorial_dag' retrieved from /home/airflow/.local/lib/python3.8/site-packages/airflow/example_dags/tutorial_dag.py
[2025-05-04T23:32:29.577+0000] {logging_mixin.py:188} INFO - [2025-05-04T23:32:29.577+0000] {dag.py:3033} INFO - Sync 1 DAGs
[2025-05-04T23:32:29.582+0000] {logging_mixin.py:188} INFO - [2025-05-04T23:32:29.582+0000] {dag.py:3820} INFO - Setting next_dagrun for tutorial_dag to None, run_after=None
[2025-05-04T23:32:29.595+0000] {processor.py:183} INFO - Processing /home/airflow/.local/lib/python3.8/site-packages/airflow/example_dags/tutorial_dag.py took 0.033 seconds
[2025-05-04T23:47:22.222+0000] {processor.py:161} INFO - Started process (PID=58) to work on /home/airflow/.local/lib/python3.8/site-packages/airflow/example_dags/tutorial_dag.py
[2025-05-04T23:47:22.224+0000] {processor.py:830} INFO - Processing file /home/airflow/.local/lib/python3.8/site-packages/airflow/example_dags/tutorial_dag.py for tasks to queue
[2025-05-04T23:47:22.227+0000] {logging_mixin.py:188} INFO - [2025-05-04T23:47:22.227+0000] {dagbag.py:538} INFO - Filling up the DagBag from /home/airflow/.local/lib/python3.8/site-packages/airflow/example_dags/tutorial_dag.py
[2025-05-04T23:47:22.232+0000] {processor.py:840} INFO - DAG(s) 'tutorial_dag' retrieved from /home/airflow/.local/lib/python3.8/site-packages/airflow/example_dags/tutorial_dag.py
[2025-05-04T23:47:22.251+0000] {logging_mixin.py:188} INFO - [2025-05-04T23:47:22.251+0000] {dag.py:3033} INFO - Sync 1 DAGs
[2025-05-04T23:47:22.259+0000] {logging_mixin.py:188} INFO - [2025-05-04T23:47:22.259+0000] {dag.py:3820} INFO - Setting next_dagrun for tutorial_dag to None, run_after=None
[2025-05-04T23:47:22.282+0000] {processor.py:183} INFO - Processing /home/airflow/.local/lib/python3.8/site-packages/airflow/example_dags/tutorial_dag.py took 0.063 seconds
[2025-05-04T23:47:52.516+0000] {processor.py:161} INFO - Started process (PID=114) to work on /home/airflow/.local/lib/python3.8/site-packages/airflow/example_dags/tutorial_dag.py
[2025-05-04T23:47:52.517+0000] {processor.py:830} INFO - Processing file /home/airflow/.local/lib/python3.8/site-packages/airflow/example_dags/tutorial_dag.py for tasks to queue
[2025-05-04T23:47:52.519+0000] {logging_mixin.py:188} INFO - [2025-05-04T23:47:52.519+0000] {dagbag.py:538} INFO - Filling up the DagBag from /home/airflow/.local/lib/python3.8/site-packages/airflow/example_dags/tutorial_dag.py
[2025-05-04T23:47:52.522+0000] {processor.py:840} INFO - DAG(s) 'tutorial_dag' retrieved from /home/airflow/.local/lib/python3.8/site-packages/airflow/example_dags/tutorial_dag.py
[2025-05-04T23:47:52.565+0000] {logging_mixin.py:188} INFO - [2025-05-04T23:47:52.565+0000] {dag.py:3033} INFO - Sync 1 DAGs
[2025-05-04T23:47:52.570+0000] {logging_mixin.py:188} INFO - [2025-05-04T23:47:52.570+0000] {dag.py:3820} INFO - Setting next_dagrun for tutorial_dag to None, run_after=None
[2025-05-04T23:47:52.580+0000] {processor.py:183} INFO - Processing /home/airflow/.local/lib/python3.8/site-packages/airflow/example_dags/tutorial_dag.py took 0.065 seconds
[2025-05-04T23:48:22.665+0000] {processor.py:161} INFO - Started process (PID=170) to work on /home/airflow/.local/lib/python3.8/site-packages/airflow/example_dags/tutorial_dag.py
[2025-05-04T23:48:22.666+0000] {processor.py:830} INFO - Processing file /home/airflow/.local/lib/python3.8/site-packages/airflow/example_dags/tutorial_dag.py for tasks to queue
[2025-05-04T23:48:22.667+0000] {logging_mixin.py:188} INFO - [2025-05-04T23:48:22.667+0000] {dagbag.py:538} INFO - Filling up the DagBag from /home/airflow/.local/lib/python3.8/site-packages/airflow/example_dags/tutorial_dag.py
[2025-05-04T23:48:22.670+0000] {processor.py:840} INFO - DAG(s) 'tutorial_dag' retrieved from /home/airflow/.local/lib/python3.8/site-packages/airflow/example_dags/tutorial_dag.py
[2025-05-04T23:48:22.684+0000] {logging_mixin.py:188} INFO - [2025-05-04T23:48:22.684+0000] {dag.py:3033} INFO - Sync 1 DAGs
[2025-05-04T23:48:22.690+0000] {logging_mixin.py:188} INFO - [2025-05-04T23:48:22.690+0000] {dag.py:3820} INFO - Setting next_dagrun for tutorial_dag to None, run_after=None
[2025-05-04T23:48:22.701+0000] {processor.py:183} INFO - Processing /home/airflow/.local/lib/python3.8/site-packages/airflow/example_dags/tutorial_dag.py took 0.037 seconds
[2025-05-04T23:48:53.379+0000] {processor.py:161} INFO - Started process (PID=226) to work on /home/airflow/.local/lib/python3.8/site-packages/airflow/example_dags/tutorial_dag.py
[2025-05-04T23:48:53.380+0000] {processor.py:830} INFO - Processing file /home/airflow/.local/lib/python3.8/site-packages/airflow/example_dags/tutorial_dag.py for tasks to queue
[2025-05-04T23:48:53.382+0000] {logging_mixin.py:188} INFO - [2025-05-04T23:48:53.382+0000] {dagbag.py:538} INFO - Filling up the DagBag from /home/airflow/.local/lib/python3.8/site-packages/airflow/example_dags/tutorial_dag.py
[2025-05-04T23:48:53.386+0000] {processor.py:840} INFO - DAG(s) 'tutorial_dag' retrieved from /home/airflow/.local/lib/python3.8/site-packages/airflow/example_dags/tutorial_dag.py
[2025-05-04T23:48:53.399+0000] {logging_mixin.py:188} INFO - [2025-05-04T23:48:53.399+0000] {dag.py:3033} INFO - Sync 1 DAGs
[2025-05-04T23:48:53.405+0000] {logging_mixin.py:188} INFO - [2025-05-04T23:48:53.405+0000] {dag.py:3820} INFO - Setting next_dagrun for tutorial_dag to None, run_after=None
[2025-05-04T23:48:53.413+0000] {processor.py:183} INFO - Processing /home/airflow/.local/lib/python3.8/site-packages/airflow/example_dags/tutorial_dag.py took 0.036 seconds
[2025-05-04T23:49:24.059+0000] {processor.py:161} INFO - Started process (PID=282) to work on /home/airflow/.local/lib/python3.8/site-packages/airflow/example_dags/tutorial_dag.py
[2025-05-04T23:49:24.061+0000] {processor.py:830} INFO - Processing file /home/airflow/.local/lib/python3.8/site-packages/airflow/example_dags/tutorial_dag.py for tasks to queue
[2025-05-04T23:49:24.062+0000] {logging_mixin.py:188} INFO - [2025-05-04T23:49:24.062+0000] {dagbag.py:538} INFO - Filling up the DagBag from /home/airflow/.local/lib/python3.8/site-packages/airflow/example_dags/tutorial_dag.py
[2025-05-04T23:49:24.065+0000] {processor.py:840} INFO - DAG(s) 'tutorial_dag' retrieved from /home/airflow/.local/lib/python3.8/site-packages/airflow/example_dags/tutorial_dag.py
[2025-05-04T23:49:24.073+0000] {logging_mixin.py:188} INFO - [2025-05-04T23:49:24.073+0000] {dag.py:3033} INFO - Sync 1 DAGs
[2025-05-04T23:49:24.079+0000] {logging_mixin.py:188} INFO - [2025-05-04T23:49:24.079+0000] {dag.py:3820} INFO - Setting next_dagrun for tutorial_dag to None, run_after=None
[2025-05-04T23:49:24.091+0000] {processor.py:183} INFO - Processing /home/airflow/.local/lib/python3.8/site-packages/airflow/example_dags/tutorial_dag.py took 0.034 seconds
[2025-05-04T23:49:54.917+0000] {processor.py:161} INFO - Started process (PID=338) to work on /home/airflow/.local/lib/python3.8/site-packages/airflow/example_dags/tutorial_dag.py
[2025-05-04T23:49:54.918+0000] {processor.py:830} INFO - Processing file /home/airflow/.local/lib/python3.8/site-packages/airflow/example_dags/tutorial_dag.py for tasks to queue
[2025-05-04T23:49:54.919+0000] {logging_mixin.py:188} INFO - [2025-05-04T23:49:54.919+0000] {dagbag.py:538} INFO - Filling up the DagBag from /home/airflow/.local/lib/python3.8/site-packages/airflow/example_dags/tutorial_dag.py
[2025-05-04T23:49:54.921+0000] {processor.py:840} INFO - DAG(s) 'tutorial_dag' retrieved from /home/airflow/.local/lib/python3.8/site-packages/airflow/example_dags/tutorial_dag.py
[2025-05-04T23:49:54.930+0000] {logging_mixin.py:188} INFO - [2025-05-04T23:49:54.930+0000] {dag.py:3033} INFO - Sync 1 DAGs
[2025-05-04T23:49:54.936+0000] {logging_mixin.py:188} INFO - [2025-05-04T23:49:54.936+0000] {dag.py:3820} INFO - Setting next_dagrun for tutorial_dag to None, run_after=None
[2025-05-04T23:49:54.948+0000] {processor.py:183} INFO - Processing /home/airflow/.local/lib/python3.8/site-packages/airflow/example_dags/tutorial_dag.py took 0.032 seconds
