[2025-05-04T22:22:11.261+0000] {processor.py:161} INFO - Started process (PID=86) to work on /home/airflow/.local/lib/python3.8/site-packages/airflow/example_dags/plugins/event_listener.py
[2025-05-04T22:22:11.264+0000] {processor.py:830} INFO - Processing file /home/airflow/.local/lib/python3.8/site-packages/airflow/example_dags/plugins/event_listener.py for tasks to queue
[2025-05-04T22:22:11.264+0000] {logging_mixin.py:188} INFO - [2025-05-04T22:22:11.264+0000] {dagbag.py:538} INFO - Filling up the DagBag from /home/airflow/.local/lib/python3.8/site-packages/airflow/example_dags/plugins/event_listener.py
[2025-05-04T22:22:11.265+0000] {processor.py:842} WARNING - No viable dags retrieved from /home/airflow/.local/lib/python3.8/site-packages/airflow/example_dags/plugins/event_listener.py
[2025-05-04T22:22:11.272+0000] {processor.py:183} INFO - Processing /home/airflow/.local/lib/python3.8/site-packages/airflow/example_dags/plugins/event_listener.py took 0.012 seconds
[2025-05-04T22:22:42.130+0000] {processor.py:161} INFO - Started process (PID=142) to work on /home/airflow/.local/lib/python3.8/site-packages/airflow/example_dags/plugins/event_listener.py
[2025-05-04T22:22:42.130+0000] {processor.py:830} INFO - Processing file /home/airflow/.local/lib/python3.8/site-packages/airflow/example_dags/plugins/event_listener.py for tasks to queue
[2025-05-04T22:22:42.131+0000] {logging_mixin.py:188} INFO - [2025-05-04T22:22:42.131+0000] {dagbag.py:538} INFO - Filling up the DagBag from /home/airflow/.local/lib/python3.8/site-packages/airflow/example_dags/plugins/event_listener.py
[2025-05-04T22:22:42.132+0000] {processor.py:842} WARNING - No viable dags retrieved from /home/airflow/.local/lib/python3.8/site-packages/airflow/example_dags/plugins/event_listener.py
[2025-05-04T22:22:42.140+0000] {processor.py:183} INFO - Processing /home/airflow/.local/lib/python3.8/site-packages/airflow/example_dags/plugins/event_listener.py took 0.012 seconds
[2025-05-04T22:23:12.789+0000] {processor.py:161} INFO - Started process (PID=197) to work on /home/airflow/.local/lib/python3.8/site-packages/airflow/example_dags/plugins/event_listener.py
[2025-05-04T22:23:12.789+0000] {processor.py:830} INFO - Processing file /home/airflow/.local/lib/python3.8/site-packages/airflow/example_dags/plugins/event_listener.py for tasks to queue
[2025-05-04T22:23:12.790+0000] {logging_mixin.py:188} INFO - [2025-05-04T22:23:12.790+0000] {dagbag.py:538} INFO - Filling up the DagBag from /home/airflow/.local/lib/python3.8/site-packages/airflow/example_dags/plugins/event_listener.py
[2025-05-04T22:23:12.791+0000] {processor.py:842} WARNING - No viable dags retrieved from /home/airflow/.local/lib/python3.8/site-packages/airflow/example_dags/plugins/event_listener.py
[2025-05-04T22:23:12.799+0000] {processor.py:183} INFO - Processing /home/airflow/.local/lib/python3.8/site-packages/airflow/example_dags/plugins/event_listener.py took 0.012 seconds
[2025-05-04T22:23:43.319+0000] {processor.py:161} INFO - Started process (PID=252) to work on /home/airflow/.local/lib/python3.8/site-packages/airflow/example_dags/plugins/event_listener.py
[2025-05-04T22:23:43.319+0000] {processor.py:830} INFO - Processing file /home/airflow/.local/lib/python3.8/site-packages/airflow/example_dags/plugins/event_listener.py for tasks to queue
[2025-05-04T22:23:43.320+0000] {logging_mixin.py:188} INFO - [2025-05-04T22:23:43.320+0000] {dagbag.py:538} INFO - Filling up the DagBag from /home/airflow/.local/lib/python3.8/site-packages/airflow/example_dags/plugins/event_listener.py
[2025-05-04T22:23:43.321+0000] {processor.py:842} WARNING - No viable dags retrieved from /home/airflow/.local/lib/python3.8/site-packages/airflow/example_dags/plugins/event_listener.py
[2025-05-04T22:23:43.332+0000] {processor.py:183} INFO - Processing /home/airflow/.local/lib/python3.8/site-packages/airflow/example_dags/plugins/event_listener.py took 0.015 seconds
[2025-05-04T22:24:13.889+0000] {processor.py:161} INFO - Started process (PID=307) to work on /home/airflow/.local/lib/python3.8/site-packages/airflow/example_dags/plugins/event_listener.py
[2025-05-04T22:24:13.890+0000] {processor.py:830} INFO - Processing file /home/airflow/.local/lib/python3.8/site-packages/airflow/example_dags/plugins/event_listener.py for tasks to queue
[2025-05-04T22:24:13.890+0000] {logging_mixin.py:188} INFO - [2025-05-04T22:24:13.890+0000] {dagbag.py:538} INFO - Filling up the DagBag from /home/airflow/.local/lib/python3.8/site-packages/airflow/example_dags/plugins/event_listener.py
[2025-05-04T22:24:13.891+0000] {processor.py:842} WARNING - No viable dags retrieved from /home/airflow/.local/lib/python3.8/site-packages/airflow/example_dags/plugins/event_listener.py
[2025-05-04T22:24:13.897+0000] {processor.py:183} INFO - Processing /home/airflow/.local/lib/python3.8/site-packages/airflow/example_dags/plugins/event_listener.py took 0.009 seconds
[2025-05-04T22:24:44.502+0000] {processor.py:161} INFO - Started process (PID=368) to work on /home/airflow/.local/lib/python3.8/site-packages/airflow/example_dags/plugins/event_listener.py
[2025-05-04T22:24:44.502+0000] {processor.py:830} INFO - Processing file /home/airflow/.local/lib/python3.8/site-packages/airflow/example_dags/plugins/event_listener.py for tasks to queue
[2025-05-04T22:24:44.504+0000] {logging_mixin.py:188} INFO - [2025-05-04T22:24:44.504+0000] {dagbag.py:538} INFO - Filling up the DagBag from /home/airflow/.local/lib/python3.8/site-packages/airflow/example_dags/plugins/event_listener.py
[2025-05-04T22:24:44.506+0000] {processor.py:842} WARNING - No viable dags retrieved from /home/airflow/.local/lib/python3.8/site-packages/airflow/example_dags/plugins/event_listener.py
[2025-05-04T22:24:44.518+0000] {processor.py:183} INFO - Processing /home/airflow/.local/lib/python3.8/site-packages/airflow/example_dags/plugins/event_listener.py took 0.022 seconds
[2025-05-04T22:25:30.189+0000] {processor.py:161} INFO - Started process (PID=88) to work on /home/airflow/.local/lib/python3.8/site-packages/airflow/example_dags/plugins/event_listener.py
[2025-05-04T22:25:30.192+0000] {processor.py:830} INFO - Processing file /home/airflow/.local/lib/python3.8/site-packages/airflow/example_dags/plugins/event_listener.py for tasks to queue
[2025-05-04T22:25:30.193+0000] {logging_mixin.py:188} INFO - [2025-05-04T22:25:30.193+0000] {dagbag.py:538} INFO - Filling up the DagBag from /home/airflow/.local/lib/python3.8/site-packages/airflow/example_dags/plugins/event_listener.py
[2025-05-04T22:25:30.195+0000] {processor.py:842} WARNING - No viable dags retrieved from /home/airflow/.local/lib/python3.8/site-packages/airflow/example_dags/plugins/event_listener.py
[2025-05-04T22:25:30.204+0000] {processor.py:183} INFO - Processing /home/airflow/.local/lib/python3.8/site-packages/airflow/example_dags/plugins/event_listener.py took 0.016 seconds
[2025-05-04T22:26:00.600+0000] {processor.py:161} INFO - Started process (PID=144) to work on /home/airflow/.local/lib/python3.8/site-packages/airflow/example_dags/plugins/event_listener.py
[2025-05-04T22:26:00.600+0000] {processor.py:830} INFO - Processing file /home/airflow/.local/lib/python3.8/site-packages/airflow/example_dags/plugins/event_listener.py for tasks to queue
[2025-05-04T22:26:00.601+0000] {logging_mixin.py:188} INFO - [2025-05-04T22:26:00.601+0000] {dagbag.py:538} INFO - Filling up the DagBag from /home/airflow/.local/lib/python3.8/site-packages/airflow/example_dags/plugins/event_listener.py
[2025-05-04T22:26:00.602+0000] {processor.py:842} WARNING - No viable dags retrieved from /home/airflow/.local/lib/python3.8/site-packages/airflow/example_dags/plugins/event_listener.py
[2025-05-04T22:26:00.609+0000] {processor.py:183} INFO - Processing /home/airflow/.local/lib/python3.8/site-packages/airflow/example_dags/plugins/event_listener.py took 0.011 seconds
[2025-05-04T22:26:31.369+0000] {processor.py:161} INFO - Started process (PID=199) to work on /home/airflow/.local/lib/python3.8/site-packages/airflow/example_dags/plugins/event_listener.py
[2025-05-04T22:26:31.370+0000] {processor.py:830} INFO - Processing file /home/airflow/.local/lib/python3.8/site-packages/airflow/example_dags/plugins/event_listener.py for tasks to queue
[2025-05-04T22:26:31.371+0000] {logging_mixin.py:188} INFO - [2025-05-04T22:26:31.371+0000] {dagbag.py:538} INFO - Filling up the DagBag from /home/airflow/.local/lib/python3.8/site-packages/airflow/example_dags/plugins/event_listener.py
[2025-05-04T22:26:31.372+0000] {processor.py:842} WARNING - No viable dags retrieved from /home/airflow/.local/lib/python3.8/site-packages/airflow/example_dags/plugins/event_listener.py
[2025-05-04T22:26:31.378+0000] {processor.py:183} INFO - Processing /home/airflow/.local/lib/python3.8/site-packages/airflow/example_dags/plugins/event_listener.py took 0.010 seconds
[2025-05-04T22:27:01.956+0000] {processor.py:161} INFO - Started process (PID=259) to work on /home/airflow/.local/lib/python3.8/site-packages/airflow/example_dags/plugins/event_listener.py
[2025-05-04T22:27:01.959+0000] {processor.py:830} INFO - Processing file /home/airflow/.local/lib/python3.8/site-packages/airflow/example_dags/plugins/event_listener.py for tasks to queue
[2025-05-04T22:27:01.960+0000] {logging_mixin.py:188} INFO - [2025-05-04T22:27:01.960+0000] {dagbag.py:538} INFO - Filling up the DagBag from /home/airflow/.local/lib/python3.8/site-packages/airflow/example_dags/plugins/event_listener.py
[2025-05-04T22:27:01.961+0000] {processor.py:842} WARNING - No viable dags retrieved from /home/airflow/.local/lib/python3.8/site-packages/airflow/example_dags/plugins/event_listener.py
[2025-05-04T22:27:01.973+0000] {processor.py:183} INFO - Processing /home/airflow/.local/lib/python3.8/site-packages/airflow/example_dags/plugins/event_listener.py took 0.018 seconds
[2025-05-04T22:27:32.589+0000] {processor.py:161} INFO - Started process (PID=316) to work on /home/airflow/.local/lib/python3.8/site-packages/airflow/example_dags/plugins/event_listener.py
[2025-05-04T22:27:32.590+0000] {processor.py:830} INFO - Processing file /home/airflow/.local/lib/python3.8/site-packages/airflow/example_dags/plugins/event_listener.py for tasks to queue
[2025-05-04T22:27:32.591+0000] {logging_mixin.py:188} INFO - [2025-05-04T22:27:32.590+0000] {dagbag.py:538} INFO - Filling up the DagBag from /home/airflow/.local/lib/python3.8/site-packages/airflow/example_dags/plugins/event_listener.py
[2025-05-04T22:27:32.592+0000] {processor.py:842} WARNING - No viable dags retrieved from /home/airflow/.local/lib/python3.8/site-packages/airflow/example_dags/plugins/event_listener.py
[2025-05-04T22:27:32.598+0000] {processor.py:183} INFO - Processing /home/airflow/.local/lib/python3.8/site-packages/airflow/example_dags/plugins/event_listener.py took 0.010 seconds
[2025-05-04T22:28:03.292+0000] {processor.py:161} INFO - Started process (PID=372) to work on /home/airflow/.local/lib/python3.8/site-packages/airflow/example_dags/plugins/event_listener.py
[2025-05-04T22:28:03.293+0000] {processor.py:830} INFO - Processing file /home/airflow/.local/lib/python3.8/site-packages/airflow/example_dags/plugins/event_listener.py for tasks to queue
[2025-05-04T22:28:03.293+0000] {logging_mixin.py:188} INFO - [2025-05-04T22:28:03.293+0000] {dagbag.py:538} INFO - Filling up the DagBag from /home/airflow/.local/lib/python3.8/site-packages/airflow/example_dags/plugins/event_listener.py
[2025-05-04T22:28:03.294+0000] {processor.py:842} WARNING - No viable dags retrieved from /home/airflow/.local/lib/python3.8/site-packages/airflow/example_dags/plugins/event_listener.py
[2025-05-04T22:28:03.300+0000] {processor.py:183} INFO - Processing /home/airflow/.local/lib/python3.8/site-packages/airflow/example_dags/plugins/event_listener.py took 0.010 seconds
[2025-05-04T22:28:33.887+0000] {processor.py:161} INFO - Started process (PID=428) to work on /home/airflow/.local/lib/python3.8/site-packages/airflow/example_dags/plugins/event_listener.py
[2025-05-04T22:28:33.887+0000] {processor.py:830} INFO - Processing file /home/airflow/.local/lib/python3.8/site-packages/airflow/example_dags/plugins/event_listener.py for tasks to queue
[2025-05-04T22:28:33.888+0000] {logging_mixin.py:188} INFO - [2025-05-04T22:28:33.888+0000] {dagbag.py:538} INFO - Filling up the DagBag from /home/airflow/.local/lib/python3.8/site-packages/airflow/example_dags/plugins/event_listener.py
[2025-05-04T22:28:33.889+0000] {processor.py:842} WARNING - No viable dags retrieved from /home/airflow/.local/lib/python3.8/site-packages/airflow/example_dags/plugins/event_listener.py
[2025-05-04T22:28:33.895+0000] {processor.py:183} INFO - Processing /home/airflow/.local/lib/python3.8/site-packages/airflow/example_dags/plugins/event_listener.py took 0.009 seconds
[2025-05-04T22:29:04.531+0000] {processor.py:161} INFO - Started process (PID=484) to work on /home/airflow/.local/lib/python3.8/site-packages/airflow/example_dags/plugins/event_listener.py
[2025-05-04T22:29:04.532+0000] {processor.py:830} INFO - Processing file /home/airflow/.local/lib/python3.8/site-packages/airflow/example_dags/plugins/event_listener.py for tasks to queue
[2025-05-04T22:29:04.533+0000] {logging_mixin.py:188} INFO - [2025-05-04T22:29:04.532+0000] {dagbag.py:538} INFO - Filling up the DagBag from /home/airflow/.local/lib/python3.8/site-packages/airflow/example_dags/plugins/event_listener.py
[2025-05-04T22:29:04.534+0000] {processor.py:842} WARNING - No viable dags retrieved from /home/airflow/.local/lib/python3.8/site-packages/airflow/example_dags/plugins/event_listener.py
[2025-05-04T22:29:04.540+0000] {processor.py:183} INFO - Processing /home/airflow/.local/lib/python3.8/site-packages/airflow/example_dags/plugins/event_listener.py took 0.010 seconds
[2025-05-04T22:29:35.371+0000] {processor.py:161} INFO - Started process (PID=538) to work on /home/airflow/.local/lib/python3.8/site-packages/airflow/example_dags/plugins/event_listener.py
[2025-05-04T22:29:35.371+0000] {processor.py:830} INFO - Processing file /home/airflow/.local/lib/python3.8/site-packages/airflow/example_dags/plugins/event_listener.py for tasks to queue
[2025-05-04T22:29:35.372+0000] {logging_mixin.py:188} INFO - [2025-05-04T22:29:35.372+0000] {dagbag.py:538} INFO - Filling up the DagBag from /home/airflow/.local/lib/python3.8/site-packages/airflow/example_dags/plugins/event_listener.py
[2025-05-04T22:29:35.373+0000] {processor.py:842} WARNING - No viable dags retrieved from /home/airflow/.local/lib/python3.8/site-packages/airflow/example_dags/plugins/event_listener.py
[2025-05-04T22:29:35.379+0000] {processor.py:183} INFO - Processing /home/airflow/.local/lib/python3.8/site-packages/airflow/example_dags/plugins/event_listener.py took 0.010 seconds
[2025-05-04T22:30:06.095+0000] {processor.py:161} INFO - Started process (PID=596) to work on /home/airflow/.local/lib/python3.8/site-packages/airflow/example_dags/plugins/event_listener.py
[2025-05-04T22:30:06.095+0000] {processor.py:830} INFO - Processing file /home/airflow/.local/lib/python3.8/site-packages/airflow/example_dags/plugins/event_listener.py for tasks to queue
[2025-05-04T22:30:06.096+0000] {logging_mixin.py:188} INFO - [2025-05-04T22:30:06.096+0000] {dagbag.py:538} INFO - Filling up the DagBag from /home/airflow/.local/lib/python3.8/site-packages/airflow/example_dags/plugins/event_listener.py
[2025-05-04T22:30:06.097+0000] {processor.py:842} WARNING - No viable dags retrieved from /home/airflow/.local/lib/python3.8/site-packages/airflow/example_dags/plugins/event_listener.py
[2025-05-04T22:30:06.103+0000] {processor.py:183} INFO - Processing /home/airflow/.local/lib/python3.8/site-packages/airflow/example_dags/plugins/event_listener.py took 0.010 seconds
[2025-05-04T22:30:36.799+0000] {processor.py:161} INFO - Started process (PID=652) to work on /home/airflow/.local/lib/python3.8/site-packages/airflow/example_dags/plugins/event_listener.py
[2025-05-04T22:30:36.802+0000] {processor.py:830} INFO - Processing file /home/airflow/.local/lib/python3.8/site-packages/airflow/example_dags/plugins/event_listener.py for tasks to queue
[2025-05-04T22:30:36.804+0000] {logging_mixin.py:188} INFO - [2025-05-04T22:30:36.804+0000] {dagbag.py:538} INFO - Filling up the DagBag from /home/airflow/.local/lib/python3.8/site-packages/airflow/example_dags/plugins/event_listener.py
[2025-05-04T22:30:36.806+0000] {processor.py:842} WARNING - No viable dags retrieved from /home/airflow/.local/lib/python3.8/site-packages/airflow/example_dags/plugins/event_listener.py
[2025-05-04T22:30:36.813+0000] {processor.py:183} INFO - Processing /home/airflow/.local/lib/python3.8/site-packages/airflow/example_dags/plugins/event_listener.py took 0.019 seconds
[2025-05-04T22:31:15.229+0000] {processor.py:161} INFO - Started process (PID=88) to work on /home/airflow/.local/lib/python3.8/site-packages/airflow/example_dags/plugins/event_listener.py
[2025-05-04T22:31:15.229+0000] {processor.py:830} INFO - Processing file /home/airflow/.local/lib/python3.8/site-packages/airflow/example_dags/plugins/event_listener.py for tasks to queue
[2025-05-04T22:31:15.230+0000] {logging_mixin.py:188} INFO - [2025-05-04T22:31:15.230+0000] {dagbag.py:538} INFO - Filling up the DagBag from /home/airflow/.local/lib/python3.8/site-packages/airflow/example_dags/plugins/event_listener.py
[2025-05-04T22:31:15.231+0000] {processor.py:842} WARNING - No viable dags retrieved from /home/airflow/.local/lib/python3.8/site-packages/airflow/example_dags/plugins/event_listener.py
[2025-05-04T22:31:15.240+0000] {processor.py:183} INFO - Processing /home/airflow/.local/lib/python3.8/site-packages/airflow/example_dags/plugins/event_listener.py took 0.014 seconds
[2025-05-04T22:31:45.639+0000] {processor.py:161} INFO - Started process (PID=143) to work on /home/airflow/.local/lib/python3.8/site-packages/airflow/example_dags/plugins/event_listener.py
[2025-05-04T22:31:45.640+0000] {processor.py:830} INFO - Processing file /home/airflow/.local/lib/python3.8/site-packages/airflow/example_dags/plugins/event_listener.py for tasks to queue
[2025-05-04T22:31:45.641+0000] {logging_mixin.py:188} INFO - [2025-05-04T22:31:45.641+0000] {dagbag.py:538} INFO - Filling up the DagBag from /home/airflow/.local/lib/python3.8/site-packages/airflow/example_dags/plugins/event_listener.py
[2025-05-04T22:31:45.642+0000] {processor.py:842} WARNING - No viable dags retrieved from /home/airflow/.local/lib/python3.8/site-packages/airflow/example_dags/plugins/event_listener.py
[2025-05-04T22:31:45.648+0000] {processor.py:183} INFO - Processing /home/airflow/.local/lib/python3.8/site-packages/airflow/example_dags/plugins/event_listener.py took 0.010 seconds
[2025-05-04T22:32:16.475+0000] {processor.py:161} INFO - Started process (PID=203) to work on /home/airflow/.local/lib/python3.8/site-packages/airflow/example_dags/plugins/event_listener.py
[2025-05-04T22:32:16.476+0000] {processor.py:830} INFO - Processing file /home/airflow/.local/lib/python3.8/site-packages/airflow/example_dags/plugins/event_listener.py for tasks to queue
[2025-05-04T22:32:16.477+0000] {logging_mixin.py:188} INFO - [2025-05-04T22:32:16.477+0000] {dagbag.py:538} INFO - Filling up the DagBag from /home/airflow/.local/lib/python3.8/site-packages/airflow/example_dags/plugins/event_listener.py
[2025-05-04T22:32:16.479+0000] {processor.py:842} WARNING - No viable dags retrieved from /home/airflow/.local/lib/python3.8/site-packages/airflow/example_dags/plugins/event_listener.py
[2025-05-04T22:32:16.488+0000] {processor.py:183} INFO - Processing /home/airflow/.local/lib/python3.8/site-packages/airflow/example_dags/plugins/event_listener.py took 0.015 seconds
[2025-05-04T22:32:47.152+0000] {processor.py:161} INFO - Started process (PID=259) to work on /home/airflow/.local/lib/python3.8/site-packages/airflow/example_dags/plugins/event_listener.py
[2025-05-04T22:32:47.153+0000] {processor.py:830} INFO - Processing file /home/airflow/.local/lib/python3.8/site-packages/airflow/example_dags/plugins/event_listener.py for tasks to queue
[2025-05-04T22:32:47.154+0000] {logging_mixin.py:188} INFO - [2025-05-04T22:32:47.154+0000] {dagbag.py:538} INFO - Filling up the DagBag from /home/airflow/.local/lib/python3.8/site-packages/airflow/example_dags/plugins/event_listener.py
[2025-05-04T22:32:47.156+0000] {processor.py:842} WARNING - No viable dags retrieved from /home/airflow/.local/lib/python3.8/site-packages/airflow/example_dags/plugins/event_listener.py
[2025-05-04T22:32:47.166+0000] {processor.py:183} INFO - Processing /home/airflow/.local/lib/python3.8/site-packages/airflow/example_dags/plugins/event_listener.py took 0.015 seconds
[2025-05-04T22:33:17.919+0000] {processor.py:161} INFO - Started process (PID=315) to work on /home/airflow/.local/lib/python3.8/site-packages/airflow/example_dags/plugins/event_listener.py
[2025-05-04T22:33:17.920+0000] {processor.py:830} INFO - Processing file /home/airflow/.local/lib/python3.8/site-packages/airflow/example_dags/plugins/event_listener.py for tasks to queue
[2025-05-04T22:33:17.921+0000] {logging_mixin.py:188} INFO - [2025-05-04T22:33:17.921+0000] {dagbag.py:538} INFO - Filling up the DagBag from /home/airflow/.local/lib/python3.8/site-packages/airflow/example_dags/plugins/event_listener.py
[2025-05-04T22:33:17.923+0000] {processor.py:842} WARNING - No viable dags retrieved from /home/airflow/.local/lib/python3.8/site-packages/airflow/example_dags/plugins/event_listener.py
[2025-05-04T22:33:17.933+0000] {processor.py:183} INFO - Processing /home/airflow/.local/lib/python3.8/site-packages/airflow/example_dags/plugins/event_listener.py took 0.015 seconds
[2025-05-04T22:33:48.534+0000] {processor.py:161} INFO - Started process (PID=371) to work on /home/airflow/.local/lib/python3.8/site-packages/airflow/example_dags/plugins/event_listener.py
[2025-05-04T22:33:48.534+0000] {processor.py:830} INFO - Processing file /home/airflow/.local/lib/python3.8/site-packages/airflow/example_dags/plugins/event_listener.py for tasks to queue
[2025-05-04T22:33:48.537+0000] {logging_mixin.py:188} INFO - [2025-05-04T22:33:48.537+0000] {dagbag.py:538} INFO - Filling up the DagBag from /home/airflow/.local/lib/python3.8/site-packages/airflow/example_dags/plugins/event_listener.py
[2025-05-04T22:33:48.538+0000] {processor.py:842} WARNING - No viable dags retrieved from /home/airflow/.local/lib/python3.8/site-packages/airflow/example_dags/plugins/event_listener.py
[2025-05-04T22:33:48.544+0000] {processor.py:183} INFO - Processing /home/airflow/.local/lib/python3.8/site-packages/airflow/example_dags/plugins/event_listener.py took 0.012 seconds
[2025-05-04T22:34:19.214+0000] {processor.py:161} INFO - Started process (PID=427) to work on /home/airflow/.local/lib/python3.8/site-packages/airflow/example_dags/plugins/event_listener.py
[2025-05-04T22:34:19.214+0000] {processor.py:830} INFO - Processing file /home/airflow/.local/lib/python3.8/site-packages/airflow/example_dags/plugins/event_listener.py for tasks to queue
[2025-05-04T22:34:19.215+0000] {logging_mixin.py:188} INFO - [2025-05-04T22:34:19.215+0000] {dagbag.py:538} INFO - Filling up the DagBag from /home/airflow/.local/lib/python3.8/site-packages/airflow/example_dags/plugins/event_listener.py
[2025-05-04T22:34:19.217+0000] {processor.py:842} WARNING - No viable dags retrieved from /home/airflow/.local/lib/python3.8/site-packages/airflow/example_dags/plugins/event_listener.py
[2025-05-04T22:34:19.224+0000] {processor.py:183} INFO - Processing /home/airflow/.local/lib/python3.8/site-packages/airflow/example_dags/plugins/event_listener.py took 0.013 seconds
[2025-05-04T22:36:26.417+0000] {processor.py:161} INFO - Started process (PID=86) to work on /home/airflow/.local/lib/python3.8/site-packages/airflow/example_dags/plugins/event_listener.py
[2025-05-04T22:36:26.417+0000] {processor.py:830} INFO - Processing file /home/airflow/.local/lib/python3.8/site-packages/airflow/example_dags/plugins/event_listener.py for tasks to queue
[2025-05-04T22:36:26.418+0000] {logging_mixin.py:188} INFO - [2025-05-04T22:36:26.418+0000] {dagbag.py:538} INFO - Filling up the DagBag from /home/airflow/.local/lib/python3.8/site-packages/airflow/example_dags/plugins/event_listener.py
[2025-05-04T22:36:26.419+0000] {processor.py:842} WARNING - No viable dags retrieved from /home/airflow/.local/lib/python3.8/site-packages/airflow/example_dags/plugins/event_listener.py
[2025-05-04T22:36:26.426+0000] {processor.py:183} INFO - Processing /home/airflow/.local/lib/python3.8/site-packages/airflow/example_dags/plugins/event_listener.py took 0.012 seconds
[2025-05-04T22:36:56.870+0000] {processor.py:161} INFO - Started process (PID=141) to work on /home/airflow/.local/lib/python3.8/site-packages/airflow/example_dags/plugins/event_listener.py
[2025-05-04T22:36:56.870+0000] {processor.py:830} INFO - Processing file /home/airflow/.local/lib/python3.8/site-packages/airflow/example_dags/plugins/event_listener.py for tasks to queue
[2025-05-04T22:36:56.871+0000] {logging_mixin.py:188} INFO - [2025-05-04T22:36:56.871+0000] {dagbag.py:538} INFO - Filling up the DagBag from /home/airflow/.local/lib/python3.8/site-packages/airflow/example_dags/plugins/event_listener.py
[2025-05-04T22:36:56.872+0000] {processor.py:842} WARNING - No viable dags retrieved from /home/airflow/.local/lib/python3.8/site-packages/airflow/example_dags/plugins/event_listener.py
[2025-05-04T22:36:56.879+0000] {processor.py:183} INFO - Processing /home/airflow/.local/lib/python3.8/site-packages/airflow/example_dags/plugins/event_listener.py took 0.011 seconds
[2025-05-04T22:37:27.633+0000] {processor.py:161} INFO - Started process (PID=197) to work on /home/airflow/.local/lib/python3.8/site-packages/airflow/example_dags/plugins/event_listener.py
[2025-05-04T22:37:27.635+0000] {processor.py:830} INFO - Processing file /home/airflow/.local/lib/python3.8/site-packages/airflow/example_dags/plugins/event_listener.py for tasks to queue
[2025-05-04T22:37:27.636+0000] {logging_mixin.py:188} INFO - [2025-05-04T22:37:27.636+0000] {dagbag.py:538} INFO - Filling up the DagBag from /home/airflow/.local/lib/python3.8/site-packages/airflow/example_dags/plugins/event_listener.py
[2025-05-04T22:37:27.637+0000] {processor.py:842} WARNING - No viable dags retrieved from /home/airflow/.local/lib/python3.8/site-packages/airflow/example_dags/plugins/event_listener.py
[2025-05-04T22:37:27.646+0000] {processor.py:183} INFO - Processing /home/airflow/.local/lib/python3.8/site-packages/airflow/example_dags/plugins/event_listener.py took 0.014 seconds
[2025-05-04T22:37:58.313+0000] {processor.py:161} INFO - Started process (PID=253) to work on /home/airflow/.local/lib/python3.8/site-packages/airflow/example_dags/plugins/event_listener.py
[2025-05-04T22:37:58.313+0000] {processor.py:830} INFO - Processing file /home/airflow/.local/lib/python3.8/site-packages/airflow/example_dags/plugins/event_listener.py for tasks to queue
[2025-05-04T22:37:58.314+0000] {logging_mixin.py:188} INFO - [2025-05-04T22:37:58.314+0000] {dagbag.py:538} INFO - Filling up the DagBag from /home/airflow/.local/lib/python3.8/site-packages/airflow/example_dags/plugins/event_listener.py
[2025-05-04T22:37:58.315+0000] {processor.py:842} WARNING - No viable dags retrieved from /home/airflow/.local/lib/python3.8/site-packages/airflow/example_dags/plugins/event_listener.py
[2025-05-04T22:37:58.321+0000] {processor.py:183} INFO - Processing /home/airflow/.local/lib/python3.8/site-packages/airflow/example_dags/plugins/event_listener.py took 0.010 seconds
[2025-05-04T22:38:29.044+0000] {processor.py:161} INFO - Started process (PID=309) to work on /home/airflow/.local/lib/python3.8/site-packages/airflow/example_dags/plugins/event_listener.py
[2025-05-04T22:38:29.045+0000] {processor.py:830} INFO - Processing file /home/airflow/.local/lib/python3.8/site-packages/airflow/example_dags/plugins/event_listener.py for tasks to queue
[2025-05-04T22:38:29.047+0000] {logging_mixin.py:188} INFO - [2025-05-04T22:38:29.047+0000] {dagbag.py:538} INFO - Filling up the DagBag from /home/airflow/.local/lib/python3.8/site-packages/airflow/example_dags/plugins/event_listener.py
[2025-05-04T22:38:29.048+0000] {processor.py:842} WARNING - No viable dags retrieved from /home/airflow/.local/lib/python3.8/site-packages/airflow/example_dags/plugins/event_listener.py
[2025-05-04T22:38:29.054+0000] {processor.py:183} INFO - Processing /home/airflow/.local/lib/python3.8/site-packages/airflow/example_dags/plugins/event_listener.py took 0.011 seconds
[2025-05-04T22:38:59.813+0000] {processor.py:161} INFO - Started process (PID=367) to work on /home/airflow/.local/lib/python3.8/site-packages/airflow/example_dags/plugins/event_listener.py
[2025-05-04T22:38:59.813+0000] {processor.py:830} INFO - Processing file /home/airflow/.local/lib/python3.8/site-packages/airflow/example_dags/plugins/event_listener.py for tasks to queue
[2025-05-04T22:38:59.814+0000] {logging_mixin.py:188} INFO - [2025-05-04T22:38:59.814+0000] {dagbag.py:538} INFO - Filling up the DagBag from /home/airflow/.local/lib/python3.8/site-packages/airflow/example_dags/plugins/event_listener.py
[2025-05-04T22:38:59.815+0000] {processor.py:842} WARNING - No viable dags retrieved from /home/airflow/.local/lib/python3.8/site-packages/airflow/example_dags/plugins/event_listener.py
[2025-05-04T22:38:59.821+0000] {processor.py:183} INFO - Processing /home/airflow/.local/lib/python3.8/site-packages/airflow/example_dags/plugins/event_listener.py took 0.010 seconds
[2025-05-04T22:39:30.688+0000] {processor.py:161} INFO - Started process (PID=423) to work on /home/airflow/.local/lib/python3.8/site-packages/airflow/example_dags/plugins/event_listener.py
[2025-05-04T22:39:30.689+0000] {processor.py:830} INFO - Processing file /home/airflow/.local/lib/python3.8/site-packages/airflow/example_dags/plugins/event_listener.py for tasks to queue
[2025-05-04T22:39:30.690+0000] {logging_mixin.py:188} INFO - [2025-05-04T22:39:30.690+0000] {dagbag.py:538} INFO - Filling up the DagBag from /home/airflow/.local/lib/python3.8/site-packages/airflow/example_dags/plugins/event_listener.py
[2025-05-04T22:39:30.691+0000] {processor.py:842} WARNING - No viable dags retrieved from /home/airflow/.local/lib/python3.8/site-packages/airflow/example_dags/plugins/event_listener.py
[2025-05-04T22:39:30.697+0000] {processor.py:183} INFO - Processing /home/airflow/.local/lib/python3.8/site-packages/airflow/example_dags/plugins/event_listener.py took 0.010 seconds
[2025-05-04T22:40:01.529+0000] {processor.py:161} INFO - Started process (PID=480) to work on /home/airflow/.local/lib/python3.8/site-packages/airflow/example_dags/plugins/event_listener.py
[2025-05-04T22:40:01.529+0000] {processor.py:830} INFO - Processing file /home/airflow/.local/lib/python3.8/site-packages/airflow/example_dags/plugins/event_listener.py for tasks to queue
[2025-05-04T22:40:01.530+0000] {logging_mixin.py:188} INFO - [2025-05-04T22:40:01.530+0000] {dagbag.py:538} INFO - Filling up the DagBag from /home/airflow/.local/lib/python3.8/site-packages/airflow/example_dags/plugins/event_listener.py
[2025-05-04T22:40:01.531+0000] {processor.py:842} WARNING - No viable dags retrieved from /home/airflow/.local/lib/python3.8/site-packages/airflow/example_dags/plugins/event_listener.py
[2025-05-04T22:40:01.537+0000] {processor.py:183} INFO - Processing /home/airflow/.local/lib/python3.8/site-packages/airflow/example_dags/plugins/event_listener.py took 0.011 seconds
[2025-05-04T22:40:32.630+0000] {processor.py:161} INFO - Started process (PID=536) to work on /home/airflow/.local/lib/python3.8/site-packages/airflow/example_dags/plugins/event_listener.py
[2025-05-04T22:40:32.630+0000] {processor.py:830} INFO - Processing file /home/airflow/.local/lib/python3.8/site-packages/airflow/example_dags/plugins/event_listener.py for tasks to queue
[2025-05-04T22:40:32.631+0000] {logging_mixin.py:188} INFO - [2025-05-04T22:40:32.631+0000] {dagbag.py:538} INFO - Filling up the DagBag from /home/airflow/.local/lib/python3.8/site-packages/airflow/example_dags/plugins/event_listener.py
[2025-05-04T22:40:32.633+0000] {processor.py:842} WARNING - No viable dags retrieved from /home/airflow/.local/lib/python3.8/site-packages/airflow/example_dags/plugins/event_listener.py
[2025-05-04T22:40:32.640+0000] {processor.py:183} INFO - Processing /home/airflow/.local/lib/python3.8/site-packages/airflow/example_dags/plugins/event_listener.py took 0.011 seconds
[2025-05-04T22:41:03.691+0000] {processor.py:161} INFO - Started process (PID=592) to work on /home/airflow/.local/lib/python3.8/site-packages/airflow/example_dags/plugins/event_listener.py
[2025-05-04T22:41:03.691+0000] {processor.py:830} INFO - Processing file /home/airflow/.local/lib/python3.8/site-packages/airflow/example_dags/plugins/event_listener.py for tasks to queue
[2025-05-04T22:41:03.692+0000] {logging_mixin.py:188} INFO - [2025-05-04T22:41:03.692+0000] {dagbag.py:538} INFO - Filling up the DagBag from /home/airflow/.local/lib/python3.8/site-packages/airflow/example_dags/plugins/event_listener.py
[2025-05-04T22:41:03.693+0000] {processor.py:842} WARNING - No viable dags retrieved from /home/airflow/.local/lib/python3.8/site-packages/airflow/example_dags/plugins/event_listener.py
[2025-05-04T22:41:03.700+0000] {processor.py:183} INFO - Processing /home/airflow/.local/lib/python3.8/site-packages/airflow/example_dags/plugins/event_listener.py took 0.011 seconds
[2025-05-04T22:41:34.349+0000] {processor.py:161} INFO - Started process (PID=647) to work on /home/airflow/.local/lib/python3.8/site-packages/airflow/example_dags/plugins/event_listener.py
[2025-05-04T22:41:34.350+0000] {processor.py:830} INFO - Processing file /home/airflow/.local/lib/python3.8/site-packages/airflow/example_dags/plugins/event_listener.py for tasks to queue
[2025-05-04T22:41:34.351+0000] {logging_mixin.py:188} INFO - [2025-05-04T22:41:34.351+0000] {dagbag.py:538} INFO - Filling up the DagBag from /home/airflow/.local/lib/python3.8/site-packages/airflow/example_dags/plugins/event_listener.py
[2025-05-04T22:41:34.352+0000] {processor.py:842} WARNING - No viable dags retrieved from /home/airflow/.local/lib/python3.8/site-packages/airflow/example_dags/plugins/event_listener.py
[2025-05-04T22:41:34.359+0000] {processor.py:183} INFO - Processing /home/airflow/.local/lib/python3.8/site-packages/airflow/example_dags/plugins/event_listener.py took 0.012 seconds
[2025-05-04T22:42:05.216+0000] {processor.py:161} INFO - Started process (PID=704) to work on /home/airflow/.local/lib/python3.8/site-packages/airflow/example_dags/plugins/event_listener.py
[2025-05-04T22:42:05.217+0000] {processor.py:830} INFO - Processing file /home/airflow/.local/lib/python3.8/site-packages/airflow/example_dags/plugins/event_listener.py for tasks to queue
[2025-05-04T22:42:05.218+0000] {logging_mixin.py:188} INFO - [2025-05-04T22:42:05.218+0000] {dagbag.py:538} INFO - Filling up the DagBag from /home/airflow/.local/lib/python3.8/site-packages/airflow/example_dags/plugins/event_listener.py
[2025-05-04T22:42:05.219+0000] {processor.py:842} WARNING - No viable dags retrieved from /home/airflow/.local/lib/python3.8/site-packages/airflow/example_dags/plugins/event_listener.py
[2025-05-04T22:42:05.226+0000] {processor.py:183} INFO - Processing /home/airflow/.local/lib/python3.8/site-packages/airflow/example_dags/plugins/event_listener.py took 0.011 seconds
[2025-05-04T22:42:35.948+0000] {processor.py:161} INFO - Started process (PID=760) to work on /home/airflow/.local/lib/python3.8/site-packages/airflow/example_dags/plugins/event_listener.py
[2025-05-04T22:42:35.948+0000] {processor.py:830} INFO - Processing file /home/airflow/.local/lib/python3.8/site-packages/airflow/example_dags/plugins/event_listener.py for tasks to queue
[2025-05-04T22:42:35.949+0000] {logging_mixin.py:188} INFO - [2025-05-04T22:42:35.949+0000] {dagbag.py:538} INFO - Filling up the DagBag from /home/airflow/.local/lib/python3.8/site-packages/airflow/example_dags/plugins/event_listener.py
[2025-05-04T22:42:35.950+0000] {processor.py:842} WARNING - No viable dags retrieved from /home/airflow/.local/lib/python3.8/site-packages/airflow/example_dags/plugins/event_listener.py
[2025-05-04T22:42:35.957+0000] {processor.py:183} INFO - Processing /home/airflow/.local/lib/python3.8/site-packages/airflow/example_dags/plugins/event_listener.py took 0.011 seconds
[2025-05-04T22:43:06.931+0000] {processor.py:161} INFO - Started process (PID=815) to work on /home/airflow/.local/lib/python3.8/site-packages/airflow/example_dags/plugins/event_listener.py
[2025-05-04T22:43:06.931+0000] {processor.py:830} INFO - Processing file /home/airflow/.local/lib/python3.8/site-packages/airflow/example_dags/plugins/event_listener.py for tasks to queue
[2025-05-04T22:43:06.932+0000] {logging_mixin.py:188} INFO - [2025-05-04T22:43:06.932+0000] {dagbag.py:538} INFO - Filling up the DagBag from /home/airflow/.local/lib/python3.8/site-packages/airflow/example_dags/plugins/event_listener.py
[2025-05-04T22:43:06.934+0000] {processor.py:842} WARNING - No viable dags retrieved from /home/airflow/.local/lib/python3.8/site-packages/airflow/example_dags/plugins/event_listener.py
[2025-05-04T22:43:06.941+0000] {processor.py:183} INFO - Processing /home/airflow/.local/lib/python3.8/site-packages/airflow/example_dags/plugins/event_listener.py took 0.011 seconds
[2025-05-04T22:43:37.811+0000] {processor.py:161} INFO - Started process (PID=871) to work on /home/airflow/.local/lib/python3.8/site-packages/airflow/example_dags/plugins/event_listener.py
[2025-05-04T22:43:37.812+0000] {processor.py:830} INFO - Processing file /home/airflow/.local/lib/python3.8/site-packages/airflow/example_dags/plugins/event_listener.py for tasks to queue
[2025-05-04T22:43:37.813+0000] {logging_mixin.py:188} INFO - [2025-05-04T22:43:37.812+0000] {dagbag.py:538} INFO - Filling up the DagBag from /home/airflow/.local/lib/python3.8/site-packages/airflow/example_dags/plugins/event_listener.py
[2025-05-04T22:43:37.814+0000] {processor.py:842} WARNING - No viable dags retrieved from /home/airflow/.local/lib/python3.8/site-packages/airflow/example_dags/plugins/event_listener.py
[2025-05-04T22:43:37.821+0000] {processor.py:183} INFO - Processing /home/airflow/.local/lib/python3.8/site-packages/airflow/example_dags/plugins/event_listener.py took 0.012 seconds
[2025-05-04T22:44:08.615+0000] {processor.py:161} INFO - Started process (PID=927) to work on /home/airflow/.local/lib/python3.8/site-packages/airflow/example_dags/plugins/event_listener.py
[2025-05-04T22:44:08.616+0000] {processor.py:830} INFO - Processing file /home/airflow/.local/lib/python3.8/site-packages/airflow/example_dags/plugins/event_listener.py for tasks to queue
[2025-05-04T22:44:08.617+0000] {logging_mixin.py:188} INFO - [2025-05-04T22:44:08.617+0000] {dagbag.py:538} INFO - Filling up the DagBag from /home/airflow/.local/lib/python3.8/site-packages/airflow/example_dags/plugins/event_listener.py
[2025-05-04T22:44:08.618+0000] {processor.py:842} WARNING - No viable dags retrieved from /home/airflow/.local/lib/python3.8/site-packages/airflow/example_dags/plugins/event_listener.py
[2025-05-04T22:44:08.625+0000] {processor.py:183} INFO - Processing /home/airflow/.local/lib/python3.8/site-packages/airflow/example_dags/plugins/event_listener.py took 0.012 seconds
[2025-05-04T22:44:39.414+0000] {processor.py:161} INFO - Started process (PID=984) to work on /home/airflow/.local/lib/python3.8/site-packages/airflow/example_dags/plugins/event_listener.py
[2025-05-04T22:44:39.415+0000] {processor.py:830} INFO - Processing file /home/airflow/.local/lib/python3.8/site-packages/airflow/example_dags/plugins/event_listener.py for tasks to queue
[2025-05-04T22:44:39.416+0000] {logging_mixin.py:188} INFO - [2025-05-04T22:44:39.416+0000] {dagbag.py:538} INFO - Filling up the DagBag from /home/airflow/.local/lib/python3.8/site-packages/airflow/example_dags/plugins/event_listener.py
[2025-05-04T22:44:39.417+0000] {processor.py:842} WARNING - No viable dags retrieved from /home/airflow/.local/lib/python3.8/site-packages/airflow/example_dags/plugins/event_listener.py
[2025-05-04T22:44:39.424+0000] {processor.py:183} INFO - Processing /home/airflow/.local/lib/python3.8/site-packages/airflow/example_dags/plugins/event_listener.py took 0.011 seconds
[2025-05-04T22:45:10.277+0000] {processor.py:161} INFO - Started process (PID=1039) to work on /home/airflow/.local/lib/python3.8/site-packages/airflow/example_dags/plugins/event_listener.py
[2025-05-04T22:45:10.278+0000] {processor.py:830} INFO - Processing file /home/airflow/.local/lib/python3.8/site-packages/airflow/example_dags/plugins/event_listener.py for tasks to queue
[2025-05-04T22:45:10.279+0000] {logging_mixin.py:188} INFO - [2025-05-04T22:45:10.279+0000] {dagbag.py:538} INFO - Filling up the DagBag from /home/airflow/.local/lib/python3.8/site-packages/airflow/example_dags/plugins/event_listener.py
[2025-05-04T22:45:10.280+0000] {processor.py:842} WARNING - No viable dags retrieved from /home/airflow/.local/lib/python3.8/site-packages/airflow/example_dags/plugins/event_listener.py
[2025-05-04T22:45:10.288+0000] {processor.py:183} INFO - Processing /home/airflow/.local/lib/python3.8/site-packages/airflow/example_dags/plugins/event_listener.py took 0.013 seconds
[2025-05-04T22:45:41.190+0000] {processor.py:161} INFO - Started process (PID=1096) to work on /home/airflow/.local/lib/python3.8/site-packages/airflow/example_dags/plugins/event_listener.py
[2025-05-04T22:45:41.191+0000] {processor.py:830} INFO - Processing file /home/airflow/.local/lib/python3.8/site-packages/airflow/example_dags/plugins/event_listener.py for tasks to queue
[2025-05-04T22:45:41.192+0000] {logging_mixin.py:188} INFO - [2025-05-04T22:45:41.192+0000] {dagbag.py:538} INFO - Filling up the DagBag from /home/airflow/.local/lib/python3.8/site-packages/airflow/example_dags/plugins/event_listener.py
[2025-05-04T22:45:41.193+0000] {processor.py:842} WARNING - No viable dags retrieved from /home/airflow/.local/lib/python3.8/site-packages/airflow/example_dags/plugins/event_listener.py
[2025-05-04T22:45:41.199+0000] {processor.py:183} INFO - Processing /home/airflow/.local/lib/python3.8/site-packages/airflow/example_dags/plugins/event_listener.py took 0.010 seconds
[2025-05-04T22:46:32.647+0000] {processor.py:161} INFO - Started process (PID=87) to work on /home/airflow/.local/lib/python3.8/site-packages/airflow/example_dags/plugins/event_listener.py
[2025-05-04T22:46:32.648+0000] {processor.py:830} INFO - Processing file /home/airflow/.local/lib/python3.8/site-packages/airflow/example_dags/plugins/event_listener.py for tasks to queue
[2025-05-04T22:46:32.650+0000] {logging_mixin.py:188} INFO - [2025-05-04T22:46:32.649+0000] {dagbag.py:538} INFO - Filling up the DagBag from /home/airflow/.local/lib/python3.8/site-packages/airflow/example_dags/plugins/event_listener.py
[2025-05-04T22:46:32.651+0000] {processor.py:842} WARNING - No viable dags retrieved from /home/airflow/.local/lib/python3.8/site-packages/airflow/example_dags/plugins/event_listener.py
[2025-05-04T22:46:32.658+0000] {processor.py:183} INFO - Processing /home/airflow/.local/lib/python3.8/site-packages/airflow/example_dags/plugins/event_listener.py took 0.013 seconds
[2025-05-04T22:46:57.152+0000] {processor.py:161} INFO - Started process (PID=87) to work on /home/airflow/.local/lib/python3.8/site-packages/airflow/example_dags/plugins/event_listener.py
[2025-05-04T22:46:57.153+0000] {processor.py:830} INFO - Processing file /home/airflow/.local/lib/python3.8/site-packages/airflow/example_dags/plugins/event_listener.py for tasks to queue
[2025-05-04T22:46:57.154+0000] {logging_mixin.py:188} INFO - [2025-05-04T22:46:57.153+0000] {dagbag.py:538} INFO - Filling up the DagBag from /home/airflow/.local/lib/python3.8/site-packages/airflow/example_dags/plugins/event_listener.py
[2025-05-04T22:46:57.155+0000] {processor.py:842} WARNING - No viable dags retrieved from /home/airflow/.local/lib/python3.8/site-packages/airflow/example_dags/plugins/event_listener.py
[2025-05-04T22:46:57.162+0000] {processor.py:183} INFO - Processing /home/airflow/.local/lib/python3.8/site-packages/airflow/example_dags/plugins/event_listener.py took 0.012 seconds
[2025-05-04T22:47:52.931+0000] {processor.py:161} INFO - Started process (PID=88) to work on /home/airflow/.local/lib/python3.8/site-packages/airflow/example_dags/plugins/event_listener.py
[2025-05-04T22:47:52.931+0000] {processor.py:830} INFO - Processing file /home/airflow/.local/lib/python3.8/site-packages/airflow/example_dags/plugins/event_listener.py for tasks to queue
[2025-05-04T22:47:52.933+0000] {logging_mixin.py:188} INFO - [2025-05-04T22:47:52.932+0000] {dagbag.py:538} INFO - Filling up the DagBag from /home/airflow/.local/lib/python3.8/site-packages/airflow/example_dags/plugins/event_listener.py
[2025-05-04T22:47:52.934+0000] {processor.py:842} WARNING - No viable dags retrieved from /home/airflow/.local/lib/python3.8/site-packages/airflow/example_dags/plugins/event_listener.py
[2025-05-04T22:47:52.940+0000] {processor.py:183} INFO - Processing /home/airflow/.local/lib/python3.8/site-packages/airflow/example_dags/plugins/event_listener.py took 0.011 seconds
[2025-05-04T22:48:23.261+0000] {processor.py:161} INFO - Started process (PID=142) to work on /home/airflow/.local/lib/python3.8/site-packages/airflow/example_dags/plugins/event_listener.py
[2025-05-04T22:48:23.261+0000] {processor.py:830} INFO - Processing file /home/airflow/.local/lib/python3.8/site-packages/airflow/example_dags/plugins/event_listener.py for tasks to queue
[2025-05-04T22:48:23.262+0000] {logging_mixin.py:188} INFO - [2025-05-04T22:48:23.262+0000] {dagbag.py:538} INFO - Filling up the DagBag from /home/airflow/.local/lib/python3.8/site-packages/airflow/example_dags/plugins/event_listener.py
[2025-05-04T22:48:23.263+0000] {processor.py:842} WARNING - No viable dags retrieved from /home/airflow/.local/lib/python3.8/site-packages/airflow/example_dags/plugins/event_listener.py
[2025-05-04T22:48:23.275+0000] {processor.py:183} INFO - Processing /home/airflow/.local/lib/python3.8/site-packages/airflow/example_dags/plugins/event_listener.py took 0.016 seconds
[2025-05-04T22:48:54.144+0000] {processor.py:161} INFO - Started process (PID=200) to work on /home/airflow/.local/lib/python3.8/site-packages/airflow/example_dags/plugins/event_listener.py
[2025-05-04T22:48:54.145+0000] {processor.py:830} INFO - Processing file /home/airflow/.local/lib/python3.8/site-packages/airflow/example_dags/plugins/event_listener.py for tasks to queue
[2025-05-04T22:48:54.147+0000] {logging_mixin.py:188} INFO - [2025-05-04T22:48:54.147+0000] {dagbag.py:538} INFO - Filling up the DagBag from /home/airflow/.local/lib/python3.8/site-packages/airflow/example_dags/plugins/event_listener.py
[2025-05-04T22:48:54.148+0000] {processor.py:842} WARNING - No viable dags retrieved from /home/airflow/.local/lib/python3.8/site-packages/airflow/example_dags/plugins/event_listener.py
[2025-05-04T22:48:54.156+0000] {processor.py:183} INFO - Processing /home/airflow/.local/lib/python3.8/site-packages/airflow/example_dags/plugins/event_listener.py took 0.014 seconds
[2025-05-04T22:49:24.882+0000] {processor.py:161} INFO - Started process (PID=256) to work on /home/airflow/.local/lib/python3.8/site-packages/airflow/example_dags/plugins/event_listener.py
[2025-05-04T22:49:24.883+0000] {processor.py:830} INFO - Processing file /home/airflow/.local/lib/python3.8/site-packages/airflow/example_dags/plugins/event_listener.py for tasks to queue
[2025-05-04T22:49:24.884+0000] {logging_mixin.py:188} INFO - [2025-05-04T22:49:24.883+0000] {dagbag.py:538} INFO - Filling up the DagBag from /home/airflow/.local/lib/python3.8/site-packages/airflow/example_dags/plugins/event_listener.py
[2025-05-04T22:49:24.885+0000] {processor.py:842} WARNING - No viable dags retrieved from /home/airflow/.local/lib/python3.8/site-packages/airflow/example_dags/plugins/event_listener.py
[2025-05-04T22:49:24.891+0000] {processor.py:183} INFO - Processing /home/airflow/.local/lib/python3.8/site-packages/airflow/example_dags/plugins/event_listener.py took 0.011 seconds
[2025-05-04T22:49:55.495+0000] {processor.py:161} INFO - Started process (PID=312) to work on /home/airflow/.local/lib/python3.8/site-packages/airflow/example_dags/plugins/event_listener.py
[2025-05-04T22:49:55.496+0000] {processor.py:830} INFO - Processing file /home/airflow/.local/lib/python3.8/site-packages/airflow/example_dags/plugins/event_listener.py for tasks to queue
[2025-05-04T22:49:55.497+0000] {logging_mixin.py:188} INFO - [2025-05-04T22:49:55.496+0000] {dagbag.py:538} INFO - Filling up the DagBag from /home/airflow/.local/lib/python3.8/site-packages/airflow/example_dags/plugins/event_listener.py
[2025-05-04T22:49:55.498+0000] {processor.py:842} WARNING - No viable dags retrieved from /home/airflow/.local/lib/python3.8/site-packages/airflow/example_dags/plugins/event_listener.py
[2025-05-04T22:49:55.513+0000] {processor.py:183} INFO - Processing /home/airflow/.local/lib/python3.8/site-packages/airflow/example_dags/plugins/event_listener.py took 0.020 seconds
[2025-05-04T22:50:26.248+0000] {processor.py:161} INFO - Started process (PID=367) to work on /home/airflow/.local/lib/python3.8/site-packages/airflow/example_dags/plugins/event_listener.py
[2025-05-04T22:50:26.251+0000] {processor.py:830} INFO - Processing file /home/airflow/.local/lib/python3.8/site-packages/airflow/example_dags/plugins/event_listener.py for tasks to queue
[2025-05-04T22:50:26.253+0000] {logging_mixin.py:188} INFO - [2025-05-04T22:50:26.253+0000] {dagbag.py:538} INFO - Filling up the DagBag from /home/airflow/.local/lib/python3.8/site-packages/airflow/example_dags/plugins/event_listener.py
[2025-05-04T22:50:26.254+0000] {processor.py:842} WARNING - No viable dags retrieved from /home/airflow/.local/lib/python3.8/site-packages/airflow/example_dags/plugins/event_listener.py
[2025-05-04T22:50:26.260+0000] {processor.py:183} INFO - Processing /home/airflow/.local/lib/python3.8/site-packages/airflow/example_dags/plugins/event_listener.py took 0.013 seconds
[2025-05-04T22:50:59.410+0000] {processor.py:161} INFO - Started process (PID=88) to work on /home/airflow/.local/lib/python3.8/site-packages/airflow/example_dags/plugins/event_listener.py
[2025-05-04T22:50:59.411+0000] {processor.py:830} INFO - Processing file /home/airflow/.local/lib/python3.8/site-packages/airflow/example_dags/plugins/event_listener.py for tasks to queue
[2025-05-04T22:50:59.412+0000] {logging_mixin.py:188} INFO - [2025-05-04T22:50:59.411+0000] {dagbag.py:538} INFO - Filling up the DagBag from /home/airflow/.local/lib/python3.8/site-packages/airflow/example_dags/plugins/event_listener.py
[2025-05-04T22:50:59.413+0000] {processor.py:842} WARNING - No viable dags retrieved from /home/airflow/.local/lib/python3.8/site-packages/airflow/example_dags/plugins/event_listener.py
[2025-05-04T22:50:59.418+0000] {processor.py:183} INFO - Processing /home/airflow/.local/lib/python3.8/site-packages/airflow/example_dags/plugins/event_listener.py took 0.010 seconds
[2025-05-04T22:51:29.874+0000] {processor.py:161} INFO - Started process (PID=143) to work on /home/airflow/.local/lib/python3.8/site-packages/airflow/example_dags/plugins/event_listener.py
[2025-05-04T22:51:29.875+0000] {processor.py:830} INFO - Processing file /home/airflow/.local/lib/python3.8/site-packages/airflow/example_dags/plugins/event_listener.py for tasks to queue
[2025-05-04T22:51:29.876+0000] {logging_mixin.py:188} INFO - [2025-05-04T22:51:29.876+0000] {dagbag.py:538} INFO - Filling up the DagBag from /home/airflow/.local/lib/python3.8/site-packages/airflow/example_dags/plugins/event_listener.py
[2025-05-04T22:51:29.877+0000] {processor.py:842} WARNING - No viable dags retrieved from /home/airflow/.local/lib/python3.8/site-packages/airflow/example_dags/plugins/event_listener.py
[2025-05-04T22:51:29.884+0000] {processor.py:183} INFO - Processing /home/airflow/.local/lib/python3.8/site-packages/airflow/example_dags/plugins/event_listener.py took 0.013 seconds
[2025-05-04T22:52:00.646+0000] {processor.py:161} INFO - Started process (PID=200) to work on /home/airflow/.local/lib/python3.8/site-packages/airflow/example_dags/plugins/event_listener.py
[2025-05-04T22:52:00.647+0000] {processor.py:830} INFO - Processing file /home/airflow/.local/lib/python3.8/site-packages/airflow/example_dags/plugins/event_listener.py for tasks to queue
[2025-05-04T22:52:00.648+0000] {logging_mixin.py:188} INFO - [2025-05-04T22:52:00.648+0000] {dagbag.py:538} INFO - Filling up the DagBag from /home/airflow/.local/lib/python3.8/site-packages/airflow/example_dags/plugins/event_listener.py
[2025-05-04T22:52:00.649+0000] {processor.py:842} WARNING - No viable dags retrieved from /home/airflow/.local/lib/python3.8/site-packages/airflow/example_dags/plugins/event_listener.py
[2025-05-04T22:52:00.659+0000] {processor.py:183} INFO - Processing /home/airflow/.local/lib/python3.8/site-packages/airflow/example_dags/plugins/event_listener.py took 0.015 seconds
[2025-05-04T22:52:31.310+0000] {processor.py:161} INFO - Started process (PID=255) to work on /home/airflow/.local/lib/python3.8/site-packages/airflow/example_dags/plugins/event_listener.py
[2025-05-04T22:52:31.311+0000] {processor.py:830} INFO - Processing file /home/airflow/.local/lib/python3.8/site-packages/airflow/example_dags/plugins/event_listener.py for tasks to queue
[2025-05-04T22:52:31.312+0000] {logging_mixin.py:188} INFO - [2025-05-04T22:52:31.312+0000] {dagbag.py:538} INFO - Filling up the DagBag from /home/airflow/.local/lib/python3.8/site-packages/airflow/example_dags/plugins/event_listener.py
[2025-05-04T22:52:31.313+0000] {processor.py:842} WARNING - No viable dags retrieved from /home/airflow/.local/lib/python3.8/site-packages/airflow/example_dags/plugins/event_listener.py
[2025-05-04T22:52:31.319+0000] {processor.py:183} INFO - Processing /home/airflow/.local/lib/python3.8/site-packages/airflow/example_dags/plugins/event_listener.py took 0.011 seconds
[2025-05-04T22:53:02.081+0000] {processor.py:161} INFO - Started process (PID=311) to work on /home/airflow/.local/lib/python3.8/site-packages/airflow/example_dags/plugins/event_listener.py
[2025-05-04T22:53:02.083+0000] {processor.py:830} INFO - Processing file /home/airflow/.local/lib/python3.8/site-packages/airflow/example_dags/plugins/event_listener.py for tasks to queue
[2025-05-04T22:53:02.088+0000] {logging_mixin.py:188} INFO - [2025-05-04T22:53:02.088+0000] {dagbag.py:538} INFO - Filling up the DagBag from /home/airflow/.local/lib/python3.8/site-packages/airflow/example_dags/plugins/event_listener.py
[2025-05-04T22:53:02.090+0000] {processor.py:842} WARNING - No viable dags retrieved from /home/airflow/.local/lib/python3.8/site-packages/airflow/example_dags/plugins/event_listener.py
[2025-05-04T22:53:02.099+0000] {processor.py:183} INFO - Processing /home/airflow/.local/lib/python3.8/site-packages/airflow/example_dags/plugins/event_listener.py took 0.020 seconds
[2025-05-04T22:58:01.997+0000] {processor.py:161} INFO - Started process (PID=88) to work on /home/airflow/.local/lib/python3.8/site-packages/airflow/example_dags/plugins/event_listener.py
[2025-05-04T22:58:02.000+0000] {processor.py:830} INFO - Processing file /home/airflow/.local/lib/python3.8/site-packages/airflow/example_dags/plugins/event_listener.py for tasks to queue
[2025-05-04T22:58:02.001+0000] {logging_mixin.py:188} INFO - [2025-05-04T22:58:02.001+0000] {dagbag.py:538} INFO - Filling up the DagBag from /home/airflow/.local/lib/python3.8/site-packages/airflow/example_dags/plugins/event_listener.py
[2025-05-04T22:58:02.002+0000] {processor.py:842} WARNING - No viable dags retrieved from /home/airflow/.local/lib/python3.8/site-packages/airflow/example_dags/plugins/event_listener.py
[2025-05-04T22:58:02.010+0000] {processor.py:183} INFO - Processing /home/airflow/.local/lib/python3.8/site-packages/airflow/example_dags/plugins/event_listener.py took 0.014 seconds
[2025-05-04T22:58:32.444+0000] {processor.py:161} INFO - Started process (PID=144) to work on /home/airflow/.local/lib/python3.8/site-packages/airflow/example_dags/plugins/event_listener.py
[2025-05-04T22:58:32.444+0000] {processor.py:830} INFO - Processing file /home/airflow/.local/lib/python3.8/site-packages/airflow/example_dags/plugins/event_listener.py for tasks to queue
[2025-05-04T22:58:32.445+0000] {logging_mixin.py:188} INFO - [2025-05-04T22:58:32.445+0000] {dagbag.py:538} INFO - Filling up the DagBag from /home/airflow/.local/lib/python3.8/site-packages/airflow/example_dags/plugins/event_listener.py
[2025-05-04T22:58:32.446+0000] {processor.py:842} WARNING - No viable dags retrieved from /home/airflow/.local/lib/python3.8/site-packages/airflow/example_dags/plugins/event_listener.py
[2025-05-04T22:58:32.452+0000] {processor.py:183} INFO - Processing /home/airflow/.local/lib/python3.8/site-packages/airflow/example_dags/plugins/event_listener.py took 0.010 seconds
[2025-05-04T22:59:03.242+0000] {processor.py:161} INFO - Started process (PID=200) to work on /home/airflow/.local/lib/python3.8/site-packages/airflow/example_dags/plugins/event_listener.py
[2025-05-04T22:59:03.242+0000] {processor.py:830} INFO - Processing file /home/airflow/.local/lib/python3.8/site-packages/airflow/example_dags/plugins/event_listener.py for tasks to queue
[2025-05-04T22:59:03.243+0000] {logging_mixin.py:188} INFO - [2025-05-04T22:59:03.243+0000] {dagbag.py:538} INFO - Filling up the DagBag from /home/airflow/.local/lib/python3.8/site-packages/airflow/example_dags/plugins/event_listener.py
[2025-05-04T22:59:03.244+0000] {processor.py:842} WARNING - No viable dags retrieved from /home/airflow/.local/lib/python3.8/site-packages/airflow/example_dags/plugins/event_listener.py
[2025-05-04T22:59:03.250+0000] {processor.py:183} INFO - Processing /home/airflow/.local/lib/python3.8/site-packages/airflow/example_dags/plugins/event_listener.py took 0.009 seconds
[2025-05-04T22:59:34.036+0000] {processor.py:161} INFO - Started process (PID=262) to work on /home/airflow/.local/lib/python3.8/site-packages/airflow/example_dags/plugins/event_listener.py
[2025-05-04T22:59:34.037+0000] {processor.py:830} INFO - Processing file /home/airflow/.local/lib/python3.8/site-packages/airflow/example_dags/plugins/event_listener.py for tasks to queue
[2025-05-04T22:59:34.037+0000] {logging_mixin.py:188} INFO - [2025-05-04T22:59:34.037+0000] {dagbag.py:538} INFO - Filling up the DagBag from /home/airflow/.local/lib/python3.8/site-packages/airflow/example_dags/plugins/event_listener.py
[2025-05-04T22:59:34.038+0000] {processor.py:842} WARNING - No viable dags retrieved from /home/airflow/.local/lib/python3.8/site-packages/airflow/example_dags/plugins/event_listener.py
[2025-05-04T22:59:34.044+0000] {processor.py:183} INFO - Processing /home/airflow/.local/lib/python3.8/site-packages/airflow/example_dags/plugins/event_listener.py took 0.010 seconds
[2025-05-04T23:00:04.765+0000] {processor.py:161} INFO - Started process (PID=318) to work on /home/airflow/.local/lib/python3.8/site-packages/airflow/example_dags/plugins/event_listener.py
[2025-05-04T23:00:04.766+0000] {processor.py:830} INFO - Processing file /home/airflow/.local/lib/python3.8/site-packages/airflow/example_dags/plugins/event_listener.py for tasks to queue
[2025-05-04T23:00:04.767+0000] {logging_mixin.py:188} INFO - [2025-05-04T23:00:04.766+0000] {dagbag.py:538} INFO - Filling up the DagBag from /home/airflow/.local/lib/python3.8/site-packages/airflow/example_dags/plugins/event_listener.py
[2025-05-04T23:00:04.768+0000] {processor.py:842} WARNING - No viable dags retrieved from /home/airflow/.local/lib/python3.8/site-packages/airflow/example_dags/plugins/event_listener.py
[2025-05-04T23:00:04.773+0000] {processor.py:183} INFO - Processing /home/airflow/.local/lib/python3.8/site-packages/airflow/example_dags/plugins/event_listener.py took 0.010 seconds
[2025-05-04T23:00:35.494+0000] {processor.py:161} INFO - Started process (PID=372) to work on /home/airflow/.local/lib/python3.8/site-packages/airflow/example_dags/plugins/event_listener.py
[2025-05-04T23:00:35.494+0000] {processor.py:830} INFO - Processing file /home/airflow/.local/lib/python3.8/site-packages/airflow/example_dags/plugins/event_listener.py for tasks to queue
[2025-05-04T23:00:35.495+0000] {logging_mixin.py:188} INFO - [2025-05-04T23:00:35.495+0000] {dagbag.py:538} INFO - Filling up the DagBag from /home/airflow/.local/lib/python3.8/site-packages/airflow/example_dags/plugins/event_listener.py
[2025-05-04T23:00:35.496+0000] {processor.py:842} WARNING - No viable dags retrieved from /home/airflow/.local/lib/python3.8/site-packages/airflow/example_dags/plugins/event_listener.py
[2025-05-04T23:00:35.506+0000] {processor.py:183} INFO - Processing /home/airflow/.local/lib/python3.8/site-packages/airflow/example_dags/plugins/event_listener.py took 0.014 seconds
[2025-05-04T23:01:06.109+0000] {processor.py:161} INFO - Started process (PID=428) to work on /home/airflow/.local/lib/python3.8/site-packages/airflow/example_dags/plugins/event_listener.py
[2025-05-04T23:01:06.110+0000] {processor.py:830} INFO - Processing file /home/airflow/.local/lib/python3.8/site-packages/airflow/example_dags/plugins/event_listener.py for tasks to queue
[2025-05-04T23:01:06.111+0000] {logging_mixin.py:188} INFO - [2025-05-04T23:01:06.111+0000] {dagbag.py:538} INFO - Filling up the DagBag from /home/airflow/.local/lib/python3.8/site-packages/airflow/example_dags/plugins/event_listener.py
[2025-05-04T23:01:06.113+0000] {processor.py:842} WARNING - No viable dags retrieved from /home/airflow/.local/lib/python3.8/site-packages/airflow/example_dags/plugins/event_listener.py
[2025-05-04T23:01:06.120+0000] {processor.py:183} INFO - Processing /home/airflow/.local/lib/python3.8/site-packages/airflow/example_dags/plugins/event_listener.py took 0.013 seconds
[2025-05-04T23:01:36.658+0000] {processor.py:161} INFO - Started process (PID=484) to work on /home/airflow/.local/lib/python3.8/site-packages/airflow/example_dags/plugins/event_listener.py
[2025-05-04T23:01:36.659+0000] {processor.py:830} INFO - Processing file /home/airflow/.local/lib/python3.8/site-packages/airflow/example_dags/plugins/event_listener.py for tasks to queue
[2025-05-04T23:01:36.660+0000] {logging_mixin.py:188} INFO - [2025-05-04T23:01:36.660+0000] {dagbag.py:538} INFO - Filling up the DagBag from /home/airflow/.local/lib/python3.8/site-packages/airflow/example_dags/plugins/event_listener.py
[2025-05-04T23:01:36.661+0000] {processor.py:842} WARNING - No viable dags retrieved from /home/airflow/.local/lib/python3.8/site-packages/airflow/example_dags/plugins/event_listener.py
[2025-05-04T23:01:36.667+0000] {processor.py:183} INFO - Processing /home/airflow/.local/lib/python3.8/site-packages/airflow/example_dags/plugins/event_listener.py took 0.010 seconds
[2025-05-04T23:02:07.166+0000] {processor.py:161} INFO - Started process (PID=540) to work on /home/airflow/.local/lib/python3.8/site-packages/airflow/example_dags/plugins/event_listener.py
[2025-05-04T23:02:07.167+0000] {processor.py:830} INFO - Processing file /home/airflow/.local/lib/python3.8/site-packages/airflow/example_dags/plugins/event_listener.py for tasks to queue
[2025-05-04T23:02:07.169+0000] {logging_mixin.py:188} INFO - [2025-05-04T23:02:07.169+0000] {dagbag.py:538} INFO - Filling up the DagBag from /home/airflow/.local/lib/python3.8/site-packages/airflow/example_dags/plugins/event_listener.py
[2025-05-04T23:02:07.170+0000] {processor.py:842} WARNING - No viable dags retrieved from /home/airflow/.local/lib/python3.8/site-packages/airflow/example_dags/plugins/event_listener.py
[2025-05-04T23:02:07.177+0000] {processor.py:183} INFO - Processing /home/airflow/.local/lib/python3.8/site-packages/airflow/example_dags/plugins/event_listener.py took 0.012 seconds
[2025-05-04T23:02:37.909+0000] {processor.py:161} INFO - Started process (PID=596) to work on /home/airflow/.local/lib/python3.8/site-packages/airflow/example_dags/plugins/event_listener.py
[2025-05-04T23:02:37.910+0000] {processor.py:830} INFO - Processing file /home/airflow/.local/lib/python3.8/site-packages/airflow/example_dags/plugins/event_listener.py for tasks to queue
[2025-05-04T23:02:37.911+0000] {logging_mixin.py:188} INFO - [2025-05-04T23:02:37.911+0000] {dagbag.py:538} INFO - Filling up the DagBag from /home/airflow/.local/lib/python3.8/site-packages/airflow/example_dags/plugins/event_listener.py
[2025-05-04T23:02:37.913+0000] {processor.py:842} WARNING - No viable dags retrieved from /home/airflow/.local/lib/python3.8/site-packages/airflow/example_dags/plugins/event_listener.py
[2025-05-04T23:02:37.919+0000] {processor.py:183} INFO - Processing /home/airflow/.local/lib/python3.8/site-packages/airflow/example_dags/plugins/event_listener.py took 0.011 seconds
[2025-05-04T23:03:08.571+0000] {processor.py:161} INFO - Started process (PID=652) to work on /home/airflow/.local/lib/python3.8/site-packages/airflow/example_dags/plugins/event_listener.py
[2025-05-04T23:03:08.572+0000] {processor.py:830} INFO - Processing file /home/airflow/.local/lib/python3.8/site-packages/airflow/example_dags/plugins/event_listener.py for tasks to queue
[2025-05-04T23:03:08.574+0000] {logging_mixin.py:188} INFO - [2025-05-04T23:03:08.574+0000] {dagbag.py:538} INFO - Filling up the DagBag from /home/airflow/.local/lib/python3.8/site-packages/airflow/example_dags/plugins/event_listener.py
[2025-05-04T23:03:08.577+0000] {processor.py:842} WARNING - No viable dags retrieved from /home/airflow/.local/lib/python3.8/site-packages/airflow/example_dags/plugins/event_listener.py
[2025-05-04T23:03:08.582+0000] {processor.py:183} INFO - Processing /home/airflow/.local/lib/python3.8/site-packages/airflow/example_dags/plugins/event_listener.py took 0.013 seconds
[2025-05-04T23:03:39.143+0000] {processor.py:161} INFO - Started process (PID=708) to work on /home/airflow/.local/lib/python3.8/site-packages/airflow/example_dags/plugins/event_listener.py
[2025-05-04T23:03:39.144+0000] {processor.py:830} INFO - Processing file /home/airflow/.local/lib/python3.8/site-packages/airflow/example_dags/plugins/event_listener.py for tasks to queue
[2025-05-04T23:03:39.145+0000] {logging_mixin.py:188} INFO - [2025-05-04T23:03:39.145+0000] {dagbag.py:538} INFO - Filling up the DagBag from /home/airflow/.local/lib/python3.8/site-packages/airflow/example_dags/plugins/event_listener.py
[2025-05-04T23:03:39.146+0000] {processor.py:842} WARNING - No viable dags retrieved from /home/airflow/.local/lib/python3.8/site-packages/airflow/example_dags/plugins/event_listener.py
[2025-05-04T23:03:39.151+0000] {processor.py:183} INFO - Processing /home/airflow/.local/lib/python3.8/site-packages/airflow/example_dags/plugins/event_listener.py took 0.009 seconds
[2025-05-04T23:04:29.498+0000] {processor.py:161} INFO - Started process (PID=92) to work on /home/airflow/.local/lib/python3.8/site-packages/airflow/example_dags/plugins/event_listener.py
[2025-05-04T23:04:29.499+0000] {processor.py:830} INFO - Processing file /home/airflow/.local/lib/python3.8/site-packages/airflow/example_dags/plugins/event_listener.py for tasks to queue
[2025-05-04T23:04:29.500+0000] {logging_mixin.py:188} INFO - [2025-05-04T23:04:29.500+0000] {dagbag.py:538} INFO - Filling up the DagBag from /home/airflow/.local/lib/python3.8/site-packages/airflow/example_dags/plugins/event_listener.py
[2025-05-04T23:04:29.501+0000] {processor.py:842} WARNING - No viable dags retrieved from /home/airflow/.local/lib/python3.8/site-packages/airflow/example_dags/plugins/event_listener.py
[2025-05-04T23:04:29.510+0000] {processor.py:183} INFO - Processing /home/airflow/.local/lib/python3.8/site-packages/airflow/example_dags/plugins/event_listener.py took 0.014 seconds
[2025-05-04T23:04:59.810+0000] {processor.py:161} INFO - Started process (PID=147) to work on /home/airflow/.local/lib/python3.8/site-packages/airflow/example_dags/plugins/event_listener.py
[2025-05-04T23:04:59.811+0000] {processor.py:830} INFO - Processing file /home/airflow/.local/lib/python3.8/site-packages/airflow/example_dags/plugins/event_listener.py for tasks to queue
[2025-05-04T23:04:59.812+0000] {logging_mixin.py:188} INFO - [2025-05-04T23:04:59.812+0000] {dagbag.py:538} INFO - Filling up the DagBag from /home/airflow/.local/lib/python3.8/site-packages/airflow/example_dags/plugins/event_listener.py
[2025-05-04T23:04:59.813+0000] {processor.py:842} WARNING - No viable dags retrieved from /home/airflow/.local/lib/python3.8/site-packages/airflow/example_dags/plugins/event_listener.py
[2025-05-04T23:04:59.819+0000] {processor.py:183} INFO - Processing /home/airflow/.local/lib/python3.8/site-packages/airflow/example_dags/plugins/event_listener.py took 0.010 seconds
[2025-05-04T23:05:30.646+0000] {processor.py:161} INFO - Started process (PID=203) to work on /home/airflow/.local/lib/python3.8/site-packages/airflow/example_dags/plugins/event_listener.py
[2025-05-04T23:05:30.647+0000] {processor.py:830} INFO - Processing file /home/airflow/.local/lib/python3.8/site-packages/airflow/example_dags/plugins/event_listener.py for tasks to queue
[2025-05-04T23:05:30.648+0000] {logging_mixin.py:188} INFO - [2025-05-04T23:05:30.648+0000] {dagbag.py:538} INFO - Filling up the DagBag from /home/airflow/.local/lib/python3.8/site-packages/airflow/example_dags/plugins/event_listener.py
[2025-05-04T23:05:30.649+0000] {processor.py:842} WARNING - No viable dags retrieved from /home/airflow/.local/lib/python3.8/site-packages/airflow/example_dags/plugins/event_listener.py
[2025-05-04T23:05:30.659+0000] {processor.py:183} INFO - Processing /home/airflow/.local/lib/python3.8/site-packages/airflow/example_dags/plugins/event_listener.py took 0.015 seconds
[2025-05-04T23:06:32.408+0000] {processor.py:161} INFO - Started process (PID=93) to work on /home/airflow/.local/lib/python3.8/site-packages/airflow/example_dags/plugins/event_listener.py
[2025-05-04T23:06:32.410+0000] {processor.py:830} INFO - Processing file /home/airflow/.local/lib/python3.8/site-packages/airflow/example_dags/plugins/event_listener.py for tasks to queue
[2025-05-04T23:06:32.411+0000] {logging_mixin.py:188} INFO - [2025-05-04T23:06:32.411+0000] {dagbag.py:538} INFO - Filling up the DagBag from /home/airflow/.local/lib/python3.8/site-packages/airflow/example_dags/plugins/event_listener.py
[2025-05-04T23:06:32.413+0000] {processor.py:842} WARNING - No viable dags retrieved from /home/airflow/.local/lib/python3.8/site-packages/airflow/example_dags/plugins/event_listener.py
[2025-05-04T23:06:32.423+0000] {processor.py:183} INFO - Processing /home/airflow/.local/lib/python3.8/site-packages/airflow/example_dags/plugins/event_listener.py took 0.017 seconds
[2025-05-04T23:07:02.637+0000] {processor.py:161} INFO - Started process (PID=148) to work on /home/airflow/.local/lib/python3.8/site-packages/airflow/example_dags/plugins/event_listener.py
[2025-05-04T23:07:02.637+0000] {processor.py:830} INFO - Processing file /home/airflow/.local/lib/python3.8/site-packages/airflow/example_dags/plugins/event_listener.py for tasks to queue
[2025-05-04T23:07:02.638+0000] {logging_mixin.py:188} INFO - [2025-05-04T23:07:02.638+0000] {dagbag.py:538} INFO - Filling up the DagBag from /home/airflow/.local/lib/python3.8/site-packages/airflow/example_dags/plugins/event_listener.py
[2025-05-04T23:07:02.639+0000] {processor.py:842} WARNING - No viable dags retrieved from /home/airflow/.local/lib/python3.8/site-packages/airflow/example_dags/plugins/event_listener.py
[2025-05-04T23:07:02.645+0000] {processor.py:183} INFO - Processing /home/airflow/.local/lib/python3.8/site-packages/airflow/example_dags/plugins/event_listener.py took 0.010 seconds
[2025-05-04T23:07:33.319+0000] {processor.py:161} INFO - Started process (PID=204) to work on /home/airflow/.local/lib/python3.8/site-packages/airflow/example_dags/plugins/event_listener.py
[2025-05-04T23:07:33.321+0000] {processor.py:830} INFO - Processing file /home/airflow/.local/lib/python3.8/site-packages/airflow/example_dags/plugins/event_listener.py for tasks to queue
[2025-05-04T23:07:33.322+0000] {logging_mixin.py:188} INFO - [2025-05-04T23:07:33.322+0000] {dagbag.py:538} INFO - Filling up the DagBag from /home/airflow/.local/lib/python3.8/site-packages/airflow/example_dags/plugins/event_listener.py
[2025-05-04T23:07:33.323+0000] {processor.py:842} WARNING - No viable dags retrieved from /home/airflow/.local/lib/python3.8/site-packages/airflow/example_dags/plugins/event_listener.py
[2025-05-04T23:07:33.329+0000] {processor.py:183} INFO - Processing /home/airflow/.local/lib/python3.8/site-packages/airflow/example_dags/plugins/event_listener.py took 0.011 seconds
[2025-05-04T23:08:03.904+0000] {processor.py:161} INFO - Started process (PID=260) to work on /home/airflow/.local/lib/python3.8/site-packages/airflow/example_dags/plugins/event_listener.py
[2025-05-04T23:08:03.904+0000] {processor.py:830} INFO - Processing file /home/airflow/.local/lib/python3.8/site-packages/airflow/example_dags/plugins/event_listener.py for tasks to queue
[2025-05-04T23:08:03.905+0000] {logging_mixin.py:188} INFO - [2025-05-04T23:08:03.905+0000] {dagbag.py:538} INFO - Filling up the DagBag from /home/airflow/.local/lib/python3.8/site-packages/airflow/example_dags/plugins/event_listener.py
[2025-05-04T23:08:03.906+0000] {processor.py:842} WARNING - No viable dags retrieved from /home/airflow/.local/lib/python3.8/site-packages/airflow/example_dags/plugins/event_listener.py
[2025-05-04T23:08:03.914+0000] {processor.py:183} INFO - Processing /home/airflow/.local/lib/python3.8/site-packages/airflow/example_dags/plugins/event_listener.py took 0.012 seconds
[2025-05-04T23:08:34.450+0000] {processor.py:161} INFO - Started process (PID=316) to work on /home/airflow/.local/lib/python3.8/site-packages/airflow/example_dags/plugins/event_listener.py
[2025-05-04T23:08:34.451+0000] {processor.py:830} INFO - Processing file /home/airflow/.local/lib/python3.8/site-packages/airflow/example_dags/plugins/event_listener.py for tasks to queue
[2025-05-04T23:08:34.452+0000] {logging_mixin.py:188} INFO - [2025-05-04T23:08:34.452+0000] {dagbag.py:538} INFO - Filling up the DagBag from /home/airflow/.local/lib/python3.8/site-packages/airflow/example_dags/plugins/event_listener.py
[2025-05-04T23:08:34.453+0000] {processor.py:842} WARNING - No viable dags retrieved from /home/airflow/.local/lib/python3.8/site-packages/airflow/example_dags/plugins/event_listener.py
[2025-05-04T23:08:34.459+0000] {processor.py:183} INFO - Processing /home/airflow/.local/lib/python3.8/site-packages/airflow/example_dags/plugins/event_listener.py took 0.010 seconds
[2025-05-04T23:09:05.295+0000] {processor.py:161} INFO - Started process (PID=371) to work on /home/airflow/.local/lib/python3.8/site-packages/airflow/example_dags/plugins/event_listener.py
[2025-05-04T23:09:05.295+0000] {processor.py:830} INFO - Processing file /home/airflow/.local/lib/python3.8/site-packages/airflow/example_dags/plugins/event_listener.py for tasks to queue
[2025-05-04T23:09:05.297+0000] {logging_mixin.py:188} INFO - [2025-05-04T23:09:05.297+0000] {dagbag.py:538} INFO - Filling up the DagBag from /home/airflow/.local/lib/python3.8/site-packages/airflow/example_dags/plugins/event_listener.py
[2025-05-04T23:09:05.299+0000] {processor.py:842} WARNING - No viable dags retrieved from /home/airflow/.local/lib/python3.8/site-packages/airflow/example_dags/plugins/event_listener.py
[2025-05-04T23:09:05.306+0000] {processor.py:183} INFO - Processing /home/airflow/.local/lib/python3.8/site-packages/airflow/example_dags/plugins/event_listener.py took 0.014 seconds
[2025-05-04T23:09:35.393+0000] {processor.py:161} INFO - Started process (PID=427) to work on /home/airflow/.local/lib/python3.8/site-packages/airflow/example_dags/plugins/event_listener.py
[2025-05-04T23:09:35.394+0000] {processor.py:830} INFO - Processing file /home/airflow/.local/lib/python3.8/site-packages/airflow/example_dags/plugins/event_listener.py for tasks to queue
[2025-05-04T23:09:35.395+0000] {logging_mixin.py:188} INFO - [2025-05-04T23:09:35.395+0000] {dagbag.py:538} INFO - Filling up the DagBag from /home/airflow/.local/lib/python3.8/site-packages/airflow/example_dags/plugins/event_listener.py
[2025-05-04T23:09:35.396+0000] {processor.py:842} WARNING - No viable dags retrieved from /home/airflow/.local/lib/python3.8/site-packages/airflow/example_dags/plugins/event_listener.py
[2025-05-04T23:09:35.403+0000] {processor.py:183} INFO - Processing /home/airflow/.local/lib/python3.8/site-packages/airflow/example_dags/plugins/event_listener.py took 0.011 seconds
[2025-05-04T23:10:06.150+0000] {processor.py:161} INFO - Started process (PID=483) to work on /home/airflow/.local/lib/python3.8/site-packages/airflow/example_dags/plugins/event_listener.py
[2025-05-04T23:10:06.152+0000] {processor.py:830} INFO - Processing file /home/airflow/.local/lib/python3.8/site-packages/airflow/example_dags/plugins/event_listener.py for tasks to queue
[2025-05-04T23:10:06.153+0000] {logging_mixin.py:188} INFO - [2025-05-04T23:10:06.153+0000] {dagbag.py:538} INFO - Filling up the DagBag from /home/airflow/.local/lib/python3.8/site-packages/airflow/example_dags/plugins/event_listener.py
[2025-05-04T23:10:06.155+0000] {processor.py:842} WARNING - No viable dags retrieved from /home/airflow/.local/lib/python3.8/site-packages/airflow/example_dags/plugins/event_listener.py
[2025-05-04T23:10:06.166+0000] {processor.py:183} INFO - Processing /home/airflow/.local/lib/python3.8/site-packages/airflow/example_dags/plugins/event_listener.py took 0.017 seconds
[2025-05-04T23:10:36.799+0000] {processor.py:161} INFO - Started process (PID=539) to work on /home/airflow/.local/lib/python3.8/site-packages/airflow/example_dags/plugins/event_listener.py
[2025-05-04T23:10:36.800+0000] {processor.py:830} INFO - Processing file /home/airflow/.local/lib/python3.8/site-packages/airflow/example_dags/plugins/event_listener.py for tasks to queue
[2025-05-04T23:10:36.801+0000] {logging_mixin.py:188} INFO - [2025-05-04T23:10:36.801+0000] {dagbag.py:538} INFO - Filling up the DagBag from /home/airflow/.local/lib/python3.8/site-packages/airflow/example_dags/plugins/event_listener.py
[2025-05-04T23:10:36.802+0000] {processor.py:842} WARNING - No viable dags retrieved from /home/airflow/.local/lib/python3.8/site-packages/airflow/example_dags/plugins/event_listener.py
[2025-05-04T23:10:36.809+0000] {processor.py:183} INFO - Processing /home/airflow/.local/lib/python3.8/site-packages/airflow/example_dags/plugins/event_listener.py took 0.011 seconds
[2025-05-04T23:11:07.531+0000] {processor.py:161} INFO - Started process (PID=595) to work on /home/airflow/.local/lib/python3.8/site-packages/airflow/example_dags/plugins/event_listener.py
[2025-05-04T23:11:07.531+0000] {processor.py:830} INFO - Processing file /home/airflow/.local/lib/python3.8/site-packages/airflow/example_dags/plugins/event_listener.py for tasks to queue
[2025-05-04T23:11:07.534+0000] {logging_mixin.py:188} INFO - [2025-05-04T23:11:07.534+0000] {dagbag.py:538} INFO - Filling up the DagBag from /home/airflow/.local/lib/python3.8/site-packages/airflow/example_dags/plugins/event_listener.py
[2025-05-04T23:11:07.536+0000] {processor.py:842} WARNING - No viable dags retrieved from /home/airflow/.local/lib/python3.8/site-packages/airflow/example_dags/plugins/event_listener.py
[2025-05-04T23:11:07.543+0000] {processor.py:183} INFO - Processing /home/airflow/.local/lib/python3.8/site-packages/airflow/example_dags/plugins/event_listener.py took 0.013 seconds
[2025-05-04T23:11:38.094+0000] {processor.py:161} INFO - Started process (PID=651) to work on /home/airflow/.local/lib/python3.8/site-packages/airflow/example_dags/plugins/event_listener.py
[2025-05-04T23:11:38.095+0000] {processor.py:830} INFO - Processing file /home/airflow/.local/lib/python3.8/site-packages/airflow/example_dags/plugins/event_listener.py for tasks to queue
[2025-05-04T23:11:38.096+0000] {logging_mixin.py:188} INFO - [2025-05-04T23:11:38.095+0000] {dagbag.py:538} INFO - Filling up the DagBag from /home/airflow/.local/lib/python3.8/site-packages/airflow/example_dags/plugins/event_listener.py
[2025-05-04T23:11:38.097+0000] {processor.py:842} WARNING - No viable dags retrieved from /home/airflow/.local/lib/python3.8/site-packages/airflow/example_dags/plugins/event_listener.py
[2025-05-04T23:11:38.104+0000] {processor.py:183} INFO - Processing /home/airflow/.local/lib/python3.8/site-packages/airflow/example_dags/plugins/event_listener.py took 0.011 seconds
[2025-05-04T23:12:08.755+0000] {processor.py:161} INFO - Started process (PID=707) to work on /home/airflow/.local/lib/python3.8/site-packages/airflow/example_dags/plugins/event_listener.py
[2025-05-04T23:12:08.756+0000] {processor.py:830} INFO - Processing file /home/airflow/.local/lib/python3.8/site-packages/airflow/example_dags/plugins/event_listener.py for tasks to queue
[2025-05-04T23:12:08.757+0000] {logging_mixin.py:188} INFO - [2025-05-04T23:12:08.757+0000] {dagbag.py:538} INFO - Filling up the DagBag from /home/airflow/.local/lib/python3.8/site-packages/airflow/example_dags/plugins/event_listener.py
[2025-05-04T23:12:08.759+0000] {processor.py:842} WARNING - No viable dags retrieved from /home/airflow/.local/lib/python3.8/site-packages/airflow/example_dags/plugins/event_listener.py
[2025-05-04T23:12:08.767+0000] {processor.py:183} INFO - Processing /home/airflow/.local/lib/python3.8/site-packages/airflow/example_dags/plugins/event_listener.py took 0.014 seconds
[2025-05-04T23:12:39.424+0000] {processor.py:161} INFO - Started process (PID=763) to work on /home/airflow/.local/lib/python3.8/site-packages/airflow/example_dags/plugins/event_listener.py
[2025-05-04T23:12:39.424+0000] {processor.py:830} INFO - Processing file /home/airflow/.local/lib/python3.8/site-packages/airflow/example_dags/plugins/event_listener.py for tasks to queue
[2025-05-04T23:12:39.425+0000] {logging_mixin.py:188} INFO - [2025-05-04T23:12:39.425+0000] {dagbag.py:538} INFO - Filling up the DagBag from /home/airflow/.local/lib/python3.8/site-packages/airflow/example_dags/plugins/event_listener.py
[2025-05-04T23:12:39.426+0000] {processor.py:842} WARNING - No viable dags retrieved from /home/airflow/.local/lib/python3.8/site-packages/airflow/example_dags/plugins/event_listener.py
[2025-05-04T23:12:39.432+0000] {processor.py:183} INFO - Processing /home/airflow/.local/lib/python3.8/site-packages/airflow/example_dags/plugins/event_listener.py took 0.009 seconds
[2025-05-04T23:13:10.052+0000] {processor.py:161} INFO - Started process (PID=819) to work on /home/airflow/.local/lib/python3.8/site-packages/airflow/example_dags/plugins/event_listener.py
[2025-05-04T23:13:10.053+0000] {processor.py:830} INFO - Processing file /home/airflow/.local/lib/python3.8/site-packages/airflow/example_dags/plugins/event_listener.py for tasks to queue
[2025-05-04T23:13:10.054+0000] {logging_mixin.py:188} INFO - [2025-05-04T23:13:10.054+0000] {dagbag.py:538} INFO - Filling up the DagBag from /home/airflow/.local/lib/python3.8/site-packages/airflow/example_dags/plugins/event_listener.py
[2025-05-04T23:13:10.055+0000] {processor.py:842} WARNING - No viable dags retrieved from /home/airflow/.local/lib/python3.8/site-packages/airflow/example_dags/plugins/event_listener.py
[2025-05-04T23:13:10.062+0000] {processor.py:183} INFO - Processing /home/airflow/.local/lib/python3.8/site-packages/airflow/example_dags/plugins/event_listener.py took 0.011 seconds
[2025-05-04T23:13:40.750+0000] {processor.py:161} INFO - Started process (PID=875) to work on /home/airflow/.local/lib/python3.8/site-packages/airflow/example_dags/plugins/event_listener.py
[2025-05-04T23:13:40.751+0000] {processor.py:830} INFO - Processing file /home/airflow/.local/lib/python3.8/site-packages/airflow/example_dags/plugins/event_listener.py for tasks to queue
[2025-05-04T23:13:40.752+0000] {logging_mixin.py:188} INFO - [2025-05-04T23:13:40.751+0000] {dagbag.py:538} INFO - Filling up the DagBag from /home/airflow/.local/lib/python3.8/site-packages/airflow/example_dags/plugins/event_listener.py
[2025-05-04T23:13:40.753+0000] {processor.py:842} WARNING - No viable dags retrieved from /home/airflow/.local/lib/python3.8/site-packages/airflow/example_dags/plugins/event_listener.py
[2025-05-04T23:13:40.761+0000] {processor.py:183} INFO - Processing /home/airflow/.local/lib/python3.8/site-packages/airflow/example_dags/plugins/event_listener.py took 0.013 seconds
[2025-05-04T23:14:11.494+0000] {processor.py:161} INFO - Started process (PID=931) to work on /home/airflow/.local/lib/python3.8/site-packages/airflow/example_dags/plugins/event_listener.py
[2025-05-04T23:14:11.495+0000] {processor.py:830} INFO - Processing file /home/airflow/.local/lib/python3.8/site-packages/airflow/example_dags/plugins/event_listener.py for tasks to queue
[2025-05-04T23:14:11.496+0000] {logging_mixin.py:188} INFO - [2025-05-04T23:14:11.496+0000] {dagbag.py:538} INFO - Filling up the DagBag from /home/airflow/.local/lib/python3.8/site-packages/airflow/example_dags/plugins/event_listener.py
[2025-05-04T23:14:11.497+0000] {processor.py:842} WARNING - No viable dags retrieved from /home/airflow/.local/lib/python3.8/site-packages/airflow/example_dags/plugins/event_listener.py
[2025-05-04T23:14:11.507+0000] {processor.py:183} INFO - Processing /home/airflow/.local/lib/python3.8/site-packages/airflow/example_dags/plugins/event_listener.py took 0.014 seconds
[2025-05-04T23:14:42.389+0000] {processor.py:161} INFO - Started process (PID=987) to work on /home/airflow/.local/lib/python3.8/site-packages/airflow/example_dags/plugins/event_listener.py
[2025-05-04T23:14:42.390+0000] {processor.py:830} INFO - Processing file /home/airflow/.local/lib/python3.8/site-packages/airflow/example_dags/plugins/event_listener.py for tasks to queue
[2025-05-04T23:14:42.391+0000] {logging_mixin.py:188} INFO - [2025-05-04T23:14:42.391+0000] {dagbag.py:538} INFO - Filling up the DagBag from /home/airflow/.local/lib/python3.8/site-packages/airflow/example_dags/plugins/event_listener.py
[2025-05-04T23:14:42.393+0000] {processor.py:842} WARNING - No viable dags retrieved from /home/airflow/.local/lib/python3.8/site-packages/airflow/example_dags/plugins/event_listener.py
[2025-05-04T23:14:42.400+0000] {processor.py:183} INFO - Processing /home/airflow/.local/lib/python3.8/site-packages/airflow/example_dags/plugins/event_listener.py took 0.012 seconds
[2025-05-04T23:15:12.554+0000] {processor.py:161} INFO - Started process (PID=1043) to work on /home/airflow/.local/lib/python3.8/site-packages/airflow/example_dags/plugins/event_listener.py
[2025-05-04T23:15:12.555+0000] {processor.py:830} INFO - Processing file /home/airflow/.local/lib/python3.8/site-packages/airflow/example_dags/plugins/event_listener.py for tasks to queue
[2025-05-04T23:15:12.556+0000] {logging_mixin.py:188} INFO - [2025-05-04T23:15:12.556+0000] {dagbag.py:538} INFO - Filling up the DagBag from /home/airflow/.local/lib/python3.8/site-packages/airflow/example_dags/plugins/event_listener.py
[2025-05-04T23:15:12.557+0000] {processor.py:842} WARNING - No viable dags retrieved from /home/airflow/.local/lib/python3.8/site-packages/airflow/example_dags/plugins/event_listener.py
[2025-05-04T23:15:12.565+0000] {processor.py:183} INFO - Processing /home/airflow/.local/lib/python3.8/site-packages/airflow/example_dags/plugins/event_listener.py took 0.012 seconds
[2025-05-04T23:15:43.083+0000] {processor.py:161} INFO - Started process (PID=1099) to work on /home/airflow/.local/lib/python3.8/site-packages/airflow/example_dags/plugins/event_listener.py
[2025-05-04T23:15:43.083+0000] {processor.py:830} INFO - Processing file /home/airflow/.local/lib/python3.8/site-packages/airflow/example_dags/plugins/event_listener.py for tasks to queue
[2025-05-04T23:15:43.085+0000] {logging_mixin.py:188} INFO - [2025-05-04T23:15:43.085+0000] {dagbag.py:538} INFO - Filling up the DagBag from /home/airflow/.local/lib/python3.8/site-packages/airflow/example_dags/plugins/event_listener.py
[2025-05-04T23:15:43.088+0000] {processor.py:842} WARNING - No viable dags retrieved from /home/airflow/.local/lib/python3.8/site-packages/airflow/example_dags/plugins/event_listener.py
[2025-05-04T23:15:43.093+0000] {processor.py:183} INFO - Processing /home/airflow/.local/lib/python3.8/site-packages/airflow/example_dags/plugins/event_listener.py took 0.012 seconds
[2025-05-04T23:18:32.479+0000] {processor.py:161} INFO - Started process (PID=87) to work on /home/airflow/.local/lib/python3.8/site-packages/airflow/example_dags/plugins/event_listener.py
[2025-05-04T23:18:32.480+0000] {processor.py:830} INFO - Processing file /home/airflow/.local/lib/python3.8/site-packages/airflow/example_dags/plugins/event_listener.py for tasks to queue
[2025-05-04T23:18:32.482+0000] {logging_mixin.py:188} INFO - [2025-05-04T23:18:32.481+0000] {dagbag.py:538} INFO - Filling up the DagBag from /home/airflow/.local/lib/python3.8/site-packages/airflow/example_dags/plugins/event_listener.py
[2025-05-04T23:18:32.483+0000] {processor.py:842} WARNING - No viable dags retrieved from /home/airflow/.local/lib/python3.8/site-packages/airflow/example_dags/plugins/event_listener.py
[2025-05-04T23:18:32.489+0000] {processor.py:183} INFO - Processing /home/airflow/.local/lib/python3.8/site-packages/airflow/example_dags/plugins/event_listener.py took 0.012 seconds
[2025-05-04T23:19:03.086+0000] {processor.py:161} INFO - Started process (PID=144) to work on /home/airflow/.local/lib/python3.8/site-packages/airflow/example_dags/plugins/event_listener.py
[2025-05-04T23:19:03.086+0000] {processor.py:830} INFO - Processing file /home/airflow/.local/lib/python3.8/site-packages/airflow/example_dags/plugins/event_listener.py for tasks to queue
[2025-05-04T23:19:03.088+0000] {logging_mixin.py:188} INFO - [2025-05-04T23:19:03.087+0000] {dagbag.py:538} INFO - Filling up the DagBag from /home/airflow/.local/lib/python3.8/site-packages/airflow/example_dags/plugins/event_listener.py
[2025-05-04T23:19:03.089+0000] {processor.py:842} WARNING - No viable dags retrieved from /home/airflow/.local/lib/python3.8/site-packages/airflow/example_dags/plugins/event_listener.py
[2025-05-04T23:19:03.097+0000] {processor.py:183} INFO - Processing /home/airflow/.local/lib/python3.8/site-packages/airflow/example_dags/plugins/event_listener.py took 0.014 seconds
[2025-05-04T23:19:33.858+0000] {processor.py:161} INFO - Started process (PID=200) to work on /home/airflow/.local/lib/python3.8/site-packages/airflow/example_dags/plugins/event_listener.py
[2025-05-04T23:19:33.858+0000] {processor.py:830} INFO - Processing file /home/airflow/.local/lib/python3.8/site-packages/airflow/example_dags/plugins/event_listener.py for tasks to queue
[2025-05-04T23:19:33.859+0000] {logging_mixin.py:188} INFO - [2025-05-04T23:19:33.859+0000] {dagbag.py:538} INFO - Filling up the DagBag from /home/airflow/.local/lib/python3.8/site-packages/airflow/example_dags/plugins/event_listener.py
[2025-05-04T23:19:33.860+0000] {processor.py:842} WARNING - No viable dags retrieved from /home/airflow/.local/lib/python3.8/site-packages/airflow/example_dags/plugins/event_listener.py
[2025-05-04T23:19:33.867+0000] {processor.py:183} INFO - Processing /home/airflow/.local/lib/python3.8/site-packages/airflow/example_dags/plugins/event_listener.py took 0.011 seconds
[2025-05-04T23:20:04.617+0000] {processor.py:161} INFO - Started process (PID=255) to work on /home/airflow/.local/lib/python3.8/site-packages/airflow/example_dags/plugins/event_listener.py
[2025-05-04T23:20:04.617+0000] {processor.py:830} INFO - Processing file /home/airflow/.local/lib/python3.8/site-packages/airflow/example_dags/plugins/event_listener.py for tasks to queue
[2025-05-04T23:20:04.618+0000] {logging_mixin.py:188} INFO - [2025-05-04T23:20:04.618+0000] {dagbag.py:538} INFO - Filling up the DagBag from /home/airflow/.local/lib/python3.8/site-packages/airflow/example_dags/plugins/event_listener.py
[2025-05-04T23:20:04.619+0000] {processor.py:842} WARNING - No viable dags retrieved from /home/airflow/.local/lib/python3.8/site-packages/airflow/example_dags/plugins/event_listener.py
[2025-05-04T23:20:04.625+0000] {processor.py:183} INFO - Processing /home/airflow/.local/lib/python3.8/site-packages/airflow/example_dags/plugins/event_listener.py took 0.010 seconds
[2025-05-04T23:20:35.440+0000] {processor.py:161} INFO - Started process (PID=310) to work on /home/airflow/.local/lib/python3.8/site-packages/airflow/example_dags/plugins/event_listener.py
[2025-05-04T23:20:35.441+0000] {processor.py:830} INFO - Processing file /home/airflow/.local/lib/python3.8/site-packages/airflow/example_dags/plugins/event_listener.py for tasks to queue
[2025-05-04T23:20:35.442+0000] {logging_mixin.py:188} INFO - [2025-05-04T23:20:35.442+0000] {dagbag.py:538} INFO - Filling up the DagBag from /home/airflow/.local/lib/python3.8/site-packages/airflow/example_dags/plugins/event_listener.py
[2025-05-04T23:20:35.444+0000] {processor.py:842} WARNING - No viable dags retrieved from /home/airflow/.local/lib/python3.8/site-packages/airflow/example_dags/plugins/event_listener.py
[2025-05-04T23:20:35.452+0000] {processor.py:183} INFO - Processing /home/airflow/.local/lib/python3.8/site-packages/airflow/example_dags/plugins/event_listener.py took 0.014 seconds
[2025-05-04T23:21:05.541+0000] {processor.py:161} INFO - Started process (PID=365) to work on /home/airflow/.local/lib/python3.8/site-packages/airflow/example_dags/plugins/event_listener.py
[2025-05-04T23:21:05.543+0000] {processor.py:830} INFO - Processing file /home/airflow/.local/lib/python3.8/site-packages/airflow/example_dags/plugins/event_listener.py for tasks to queue
[2025-05-04T23:21:05.544+0000] {logging_mixin.py:188} INFO - [2025-05-04T23:21:05.544+0000] {dagbag.py:538} INFO - Filling up the DagBag from /home/airflow/.local/lib/python3.8/site-packages/airflow/example_dags/plugins/event_listener.py
[2025-05-04T23:21:05.545+0000] {processor.py:842} WARNING - No viable dags retrieved from /home/airflow/.local/lib/python3.8/site-packages/airflow/example_dags/plugins/event_listener.py
[2025-05-04T23:21:05.551+0000] {processor.py:183} INFO - Processing /home/airflow/.local/lib/python3.8/site-packages/airflow/example_dags/plugins/event_listener.py took 0.011 seconds
[2025-05-04T23:21:36.183+0000] {processor.py:161} INFO - Started process (PID=421) to work on /home/airflow/.local/lib/python3.8/site-packages/airflow/example_dags/plugins/event_listener.py
[2025-05-04T23:21:36.183+0000] {processor.py:830} INFO - Processing file /home/airflow/.local/lib/python3.8/site-packages/airflow/example_dags/plugins/event_listener.py for tasks to queue
[2025-05-04T23:21:36.184+0000] {logging_mixin.py:188} INFO - [2025-05-04T23:21:36.184+0000] {dagbag.py:538} INFO - Filling up the DagBag from /home/airflow/.local/lib/python3.8/site-packages/airflow/example_dags/plugins/event_listener.py
[2025-05-04T23:21:36.188+0000] {processor.py:842} WARNING - No viable dags retrieved from /home/airflow/.local/lib/python3.8/site-packages/airflow/example_dags/plugins/event_listener.py
[2025-05-04T23:21:36.193+0000] {processor.py:183} INFO - Processing /home/airflow/.local/lib/python3.8/site-packages/airflow/example_dags/plugins/event_listener.py took 0.012 seconds
[2025-05-04T23:22:06.843+0000] {processor.py:161} INFO - Started process (PID=477) to work on /home/airflow/.local/lib/python3.8/site-packages/airflow/example_dags/plugins/event_listener.py
[2025-05-04T23:22:06.843+0000] {processor.py:830} INFO - Processing file /home/airflow/.local/lib/python3.8/site-packages/airflow/example_dags/plugins/event_listener.py for tasks to queue
[2025-05-04T23:22:06.845+0000] {logging_mixin.py:188} INFO - [2025-05-04T23:22:06.845+0000] {dagbag.py:538} INFO - Filling up the DagBag from /home/airflow/.local/lib/python3.8/site-packages/airflow/example_dags/plugins/event_listener.py
[2025-05-04T23:22:06.846+0000] {processor.py:842} WARNING - No viable dags retrieved from /home/airflow/.local/lib/python3.8/site-packages/airflow/example_dags/plugins/event_listener.py
[2025-05-04T23:22:06.853+0000] {processor.py:183} INFO - Processing /home/airflow/.local/lib/python3.8/site-packages/airflow/example_dags/plugins/event_listener.py took 0.012 seconds
[2025-05-04T23:22:37.377+0000] {processor.py:161} INFO - Started process (PID=533) to work on /home/airflow/.local/lib/python3.8/site-packages/airflow/example_dags/plugins/event_listener.py
[2025-05-04T23:22:37.378+0000] {processor.py:830} INFO - Processing file /home/airflow/.local/lib/python3.8/site-packages/airflow/example_dags/plugins/event_listener.py for tasks to queue
[2025-05-04T23:22:37.380+0000] {logging_mixin.py:188} INFO - [2025-05-04T23:22:37.379+0000] {dagbag.py:538} INFO - Filling up the DagBag from /home/airflow/.local/lib/python3.8/site-packages/airflow/example_dags/plugins/event_listener.py
[2025-05-04T23:22:37.381+0000] {processor.py:842} WARNING - No viable dags retrieved from /home/airflow/.local/lib/python3.8/site-packages/airflow/example_dags/plugins/event_listener.py
[2025-05-04T23:22:37.386+0000] {processor.py:183} INFO - Processing /home/airflow/.local/lib/python3.8/site-packages/airflow/example_dags/plugins/event_listener.py took 0.011 seconds
[2025-05-04T23:23:07.988+0000] {processor.py:161} INFO - Started process (PID=589) to work on /home/airflow/.local/lib/python3.8/site-packages/airflow/example_dags/plugins/event_listener.py
[2025-05-04T23:23:07.991+0000] {processor.py:830} INFO - Processing file /home/airflow/.local/lib/python3.8/site-packages/airflow/example_dags/plugins/event_listener.py for tasks to queue
[2025-05-04T23:23:07.992+0000] {logging_mixin.py:188} INFO - [2025-05-04T23:23:07.992+0000] {dagbag.py:538} INFO - Filling up the DagBag from /home/airflow/.local/lib/python3.8/site-packages/airflow/example_dags/plugins/event_listener.py
[2025-05-04T23:23:07.993+0000] {processor.py:842} WARNING - No viable dags retrieved from /home/airflow/.local/lib/python3.8/site-packages/airflow/example_dags/plugins/event_listener.py
[2025-05-04T23:23:08.002+0000] {processor.py:183} INFO - Processing /home/airflow/.local/lib/python3.8/site-packages/airflow/example_dags/plugins/event_listener.py took 0.015 seconds
[2025-05-04T23:24:31.907+0000] {processor.py:161} INFO - Started process (PID=88) to work on /home/airflow/.local/lib/python3.8/site-packages/airflow/example_dags/plugins/event_listener.py
[2025-05-04T23:24:31.908+0000] {processor.py:830} INFO - Processing file /home/airflow/.local/lib/python3.8/site-packages/airflow/example_dags/plugins/event_listener.py for tasks to queue
[2025-05-04T23:24:31.910+0000] {logging_mixin.py:188} INFO - [2025-05-04T23:24:31.910+0000] {dagbag.py:538} INFO - Filling up the DagBag from /home/airflow/.local/lib/python3.8/site-packages/airflow/example_dags/plugins/event_listener.py
[2025-05-04T23:24:31.911+0000] {processor.py:842} WARNING - No viable dags retrieved from /home/airflow/.local/lib/python3.8/site-packages/airflow/example_dags/plugins/event_listener.py
[2025-05-04T23:24:31.920+0000] {processor.py:183} INFO - Processing /home/airflow/.local/lib/python3.8/site-packages/airflow/example_dags/plugins/event_listener.py took 0.014 seconds
[2025-05-04T23:25:02.515+0000] {processor.py:161} INFO - Started process (PID=144) to work on /home/airflow/.local/lib/python3.8/site-packages/airflow/example_dags/plugins/event_listener.py
[2025-05-04T23:25:02.515+0000] {processor.py:830} INFO - Processing file /home/airflow/.local/lib/python3.8/site-packages/airflow/example_dags/plugins/event_listener.py for tasks to queue
[2025-05-04T23:25:02.516+0000] {logging_mixin.py:188} INFO - [2025-05-04T23:25:02.516+0000] {dagbag.py:538} INFO - Filling up the DagBag from /home/airflow/.local/lib/python3.8/site-packages/airflow/example_dags/plugins/event_listener.py
[2025-05-04T23:25:02.517+0000] {processor.py:842} WARNING - No viable dags retrieved from /home/airflow/.local/lib/python3.8/site-packages/airflow/example_dags/plugins/event_listener.py
[2025-05-04T23:25:02.523+0000] {processor.py:183} INFO - Processing /home/airflow/.local/lib/python3.8/site-packages/airflow/example_dags/plugins/event_listener.py took 0.010 seconds
[2025-05-04T23:25:33.179+0000] {processor.py:161} INFO - Started process (PID=197) to work on /home/airflow/.local/lib/python3.8/site-packages/airflow/example_dags/plugins/event_listener.py
[2025-05-04T23:25:33.180+0000] {processor.py:830} INFO - Processing file /home/airflow/.local/lib/python3.8/site-packages/airflow/example_dags/plugins/event_listener.py for tasks to queue
[2025-05-04T23:25:33.182+0000] {logging_mixin.py:188} INFO - [2025-05-04T23:25:33.181+0000] {dagbag.py:538} INFO - Filling up the DagBag from /home/airflow/.local/lib/python3.8/site-packages/airflow/example_dags/plugins/event_listener.py
[2025-05-04T23:25:33.183+0000] {processor.py:842} WARNING - No viable dags retrieved from /home/airflow/.local/lib/python3.8/site-packages/airflow/example_dags/plugins/event_listener.py
[2025-05-04T23:25:33.193+0000] {processor.py:183} INFO - Processing /home/airflow/.local/lib/python3.8/site-packages/airflow/example_dags/plugins/event_listener.py took 0.015 seconds
[2025-05-04T23:26:03.981+0000] {processor.py:161} INFO - Started process (PID=253) to work on /home/airflow/.local/lib/python3.8/site-packages/airflow/example_dags/plugins/event_listener.py
[2025-05-04T23:26:03.982+0000] {processor.py:830} INFO - Processing file /home/airflow/.local/lib/python3.8/site-packages/airflow/example_dags/plugins/event_listener.py for tasks to queue
[2025-05-04T23:26:03.984+0000] {logging_mixin.py:188} INFO - [2025-05-04T23:26:03.984+0000] {dagbag.py:538} INFO - Filling up the DagBag from /home/airflow/.local/lib/python3.8/site-packages/airflow/example_dags/plugins/event_listener.py
[2025-05-04T23:26:03.986+0000] {processor.py:842} WARNING - No viable dags retrieved from /home/airflow/.local/lib/python3.8/site-packages/airflow/example_dags/plugins/event_listener.py
[2025-05-04T23:26:03.996+0000] {processor.py:183} INFO - Processing /home/airflow/.local/lib/python3.8/site-packages/airflow/example_dags/plugins/event_listener.py took 0.017 seconds
[2025-05-04T23:26:34.739+0000] {processor.py:161} INFO - Started process (PID=315) to work on /home/airflow/.local/lib/python3.8/site-packages/airflow/example_dags/plugins/event_listener.py
[2025-05-04T23:26:34.740+0000] {processor.py:830} INFO - Processing file /home/airflow/.local/lib/python3.8/site-packages/airflow/example_dags/plugins/event_listener.py for tasks to queue
[2025-05-04T23:26:34.741+0000] {logging_mixin.py:188} INFO - [2025-05-04T23:26:34.741+0000] {dagbag.py:538} INFO - Filling up the DagBag from /home/airflow/.local/lib/python3.8/site-packages/airflow/example_dags/plugins/event_listener.py
[2025-05-04T23:26:34.742+0000] {processor.py:842} WARNING - No viable dags retrieved from /home/airflow/.local/lib/python3.8/site-packages/airflow/example_dags/plugins/event_listener.py
[2025-05-04T23:26:34.751+0000] {processor.py:183} INFO - Processing /home/airflow/.local/lib/python3.8/site-packages/airflow/example_dags/plugins/event_listener.py took 0.014 seconds
[2025-05-04T23:27:05.465+0000] {processor.py:161} INFO - Started process (PID=371) to work on /home/airflow/.local/lib/python3.8/site-packages/airflow/example_dags/plugins/event_listener.py
[2025-05-04T23:27:05.466+0000] {processor.py:830} INFO - Processing file /home/airflow/.local/lib/python3.8/site-packages/airflow/example_dags/plugins/event_listener.py for tasks to queue
[2025-05-04T23:27:05.466+0000] {logging_mixin.py:188} INFO - [2025-05-04T23:27:05.466+0000] {dagbag.py:538} INFO - Filling up the DagBag from /home/airflow/.local/lib/python3.8/site-packages/airflow/example_dags/plugins/event_listener.py
[2025-05-04T23:27:05.467+0000] {processor.py:842} WARNING - No viable dags retrieved from /home/airflow/.local/lib/python3.8/site-packages/airflow/example_dags/plugins/event_listener.py
[2025-05-04T23:27:05.473+0000] {processor.py:183} INFO - Processing /home/airflow/.local/lib/python3.8/site-packages/airflow/example_dags/plugins/event_listener.py took 0.009 seconds
[2025-05-04T23:27:36.094+0000] {processor.py:161} INFO - Started process (PID=427) to work on /home/airflow/.local/lib/python3.8/site-packages/airflow/example_dags/plugins/event_listener.py
[2025-05-04T23:27:36.095+0000] {processor.py:830} INFO - Processing file /home/airflow/.local/lib/python3.8/site-packages/airflow/example_dags/plugins/event_listener.py for tasks to queue
[2025-05-04T23:27:36.096+0000] {logging_mixin.py:188} INFO - [2025-05-04T23:27:36.095+0000] {dagbag.py:538} INFO - Filling up the DagBag from /home/airflow/.local/lib/python3.8/site-packages/airflow/example_dags/plugins/event_listener.py
[2025-05-04T23:27:36.097+0000] {processor.py:842} WARNING - No viable dags retrieved from /home/airflow/.local/lib/python3.8/site-packages/airflow/example_dags/plugins/event_listener.py
[2025-05-04T23:27:36.102+0000] {processor.py:183} INFO - Processing /home/airflow/.local/lib/python3.8/site-packages/airflow/example_dags/plugins/event_listener.py took 0.010 seconds
[2025-05-04T23:28:24.993+0000] {processor.py:161} INFO - Started process (PID=87) to work on /home/airflow/.local/lib/python3.8/site-packages/airflow/example_dags/plugins/event_listener.py
[2025-05-04T23:28:24.994+0000] {processor.py:830} INFO - Processing file /home/airflow/.local/lib/python3.8/site-packages/airflow/example_dags/plugins/event_listener.py for tasks to queue
[2025-05-04T23:28:24.996+0000] {logging_mixin.py:188} INFO - [2025-05-04T23:28:24.996+0000] {dagbag.py:538} INFO - Filling up the DagBag from /home/airflow/.local/lib/python3.8/site-packages/airflow/example_dags/plugins/event_listener.py
[2025-05-04T23:28:24.998+0000] {processor.py:842} WARNING - No viable dags retrieved from /home/airflow/.local/lib/python3.8/site-packages/airflow/example_dags/plugins/event_listener.py
[2025-05-04T23:28:25.005+0000] {processor.py:183} INFO - Processing /home/airflow/.local/lib/python3.8/site-packages/airflow/example_dags/plugins/event_listener.py took 0.014 seconds
[2025-05-04T23:28:56.591+0000] {processor.py:161} INFO - Started process (PID=144) to work on /home/airflow/.local/lib/python3.8/site-packages/airflow/example_dags/plugins/event_listener.py
[2025-05-04T23:28:56.593+0000] {processor.py:830} INFO - Processing file /home/airflow/.local/lib/python3.8/site-packages/airflow/example_dags/plugins/event_listener.py for tasks to queue
[2025-05-04T23:28:56.594+0000] {logging_mixin.py:188} INFO - [2025-05-04T23:28:56.594+0000] {dagbag.py:538} INFO - Filling up the DagBag from /home/airflow/.local/lib/python3.8/site-packages/airflow/example_dags/plugins/event_listener.py
[2025-05-04T23:28:56.595+0000] {processor.py:842} WARNING - No viable dags retrieved from /home/airflow/.local/lib/python3.8/site-packages/airflow/example_dags/plugins/event_listener.py
[2025-05-04T23:28:56.601+0000] {processor.py:183} INFO - Processing /home/airflow/.local/lib/python3.8/site-packages/airflow/example_dags/plugins/event_listener.py took 0.011 seconds
[2025-05-04T23:29:27.253+0000] {processor.py:161} INFO - Started process (PID=199) to work on /home/airflow/.local/lib/python3.8/site-packages/airflow/example_dags/plugins/event_listener.py
[2025-05-04T23:29:27.255+0000] {processor.py:830} INFO - Processing file /home/airflow/.local/lib/python3.8/site-packages/airflow/example_dags/plugins/event_listener.py for tasks to queue
[2025-05-04T23:29:27.255+0000] {logging_mixin.py:188} INFO - [2025-05-04T23:29:27.255+0000] {dagbag.py:538} INFO - Filling up the DagBag from /home/airflow/.local/lib/python3.8/site-packages/airflow/example_dags/plugins/event_listener.py
[2025-05-04T23:29:27.256+0000] {processor.py:842} WARNING - No viable dags retrieved from /home/airflow/.local/lib/python3.8/site-packages/airflow/example_dags/plugins/event_listener.py
[2025-05-04T23:29:27.262+0000] {processor.py:183} INFO - Processing /home/airflow/.local/lib/python3.8/site-packages/airflow/example_dags/plugins/event_listener.py took 0.011 seconds
[2025-05-04T23:29:58.127+0000] {processor.py:161} INFO - Started process (PID=262) to work on /home/airflow/.local/lib/python3.8/site-packages/airflow/example_dags/plugins/event_listener.py
[2025-05-04T23:29:58.128+0000] {processor.py:830} INFO - Processing file /home/airflow/.local/lib/python3.8/site-packages/airflow/example_dags/plugins/event_listener.py for tasks to queue
[2025-05-04T23:29:58.130+0000] {logging_mixin.py:188} INFO - [2025-05-04T23:29:58.129+0000] {dagbag.py:538} INFO - Filling up the DagBag from /home/airflow/.local/lib/python3.8/site-packages/airflow/example_dags/plugins/event_listener.py
[2025-05-04T23:29:58.131+0000] {processor.py:842} WARNING - No viable dags retrieved from /home/airflow/.local/lib/python3.8/site-packages/airflow/example_dags/plugins/event_listener.py
[2025-05-04T23:29:58.139+0000] {processor.py:183} INFO - Processing /home/airflow/.local/lib/python3.8/site-packages/airflow/example_dags/plugins/event_listener.py took 0.012 seconds
[2025-05-04T23:30:28.682+0000] {processor.py:161} INFO - Started process (PID=318) to work on /home/airflow/.local/lib/python3.8/site-packages/airflow/example_dags/plugins/event_listener.py
[2025-05-04T23:30:28.682+0000] {processor.py:830} INFO - Processing file /home/airflow/.local/lib/python3.8/site-packages/airflow/example_dags/plugins/event_listener.py for tasks to queue
[2025-05-04T23:30:28.683+0000] {logging_mixin.py:188} INFO - [2025-05-04T23:30:28.683+0000] {dagbag.py:538} INFO - Filling up the DagBag from /home/airflow/.local/lib/python3.8/site-packages/airflow/example_dags/plugins/event_listener.py
[2025-05-04T23:30:28.684+0000] {processor.py:842} WARNING - No viable dags retrieved from /home/airflow/.local/lib/python3.8/site-packages/airflow/example_dags/plugins/event_listener.py
[2025-05-04T23:30:28.691+0000] {processor.py:183} INFO - Processing /home/airflow/.local/lib/python3.8/site-packages/airflow/example_dags/plugins/event_listener.py took 0.011 seconds
[2025-05-04T23:30:59.457+0000] {processor.py:161} INFO - Started process (PID=373) to work on /home/airflow/.local/lib/python3.8/site-packages/airflow/example_dags/plugins/event_listener.py
[2025-05-04T23:30:59.458+0000] {processor.py:830} INFO - Processing file /home/airflow/.local/lib/python3.8/site-packages/airflow/example_dags/plugins/event_listener.py for tasks to queue
[2025-05-04T23:30:59.459+0000] {logging_mixin.py:188} INFO - [2025-05-04T23:30:59.459+0000] {dagbag.py:538} INFO - Filling up the DagBag from /home/airflow/.local/lib/python3.8/site-packages/airflow/example_dags/plugins/event_listener.py
[2025-05-04T23:30:59.460+0000] {processor.py:842} WARNING - No viable dags retrieved from /home/airflow/.local/lib/python3.8/site-packages/airflow/example_dags/plugins/event_listener.py
[2025-05-04T23:30:59.468+0000] {processor.py:183} INFO - Processing /home/airflow/.local/lib/python3.8/site-packages/airflow/example_dags/plugins/event_listener.py took 0.013 seconds
[2025-05-04T23:31:30.001+0000] {processor.py:161} INFO - Started process (PID=429) to work on /home/airflow/.local/lib/python3.8/site-packages/airflow/example_dags/plugins/event_listener.py
[2025-05-04T23:31:30.002+0000] {processor.py:830} INFO - Processing file /home/airflow/.local/lib/python3.8/site-packages/airflow/example_dags/plugins/event_listener.py for tasks to queue
[2025-05-04T23:31:30.004+0000] {logging_mixin.py:188} INFO - [2025-05-04T23:31:30.004+0000] {dagbag.py:538} INFO - Filling up the DagBag from /home/airflow/.local/lib/python3.8/site-packages/airflow/example_dags/plugins/event_listener.py
[2025-05-04T23:31:30.006+0000] {processor.py:842} WARNING - No viable dags retrieved from /home/airflow/.local/lib/python3.8/site-packages/airflow/example_dags/plugins/event_listener.py
[2025-05-04T23:31:30.016+0000] {processor.py:183} INFO - Processing /home/airflow/.local/lib/python3.8/site-packages/airflow/example_dags/plugins/event_listener.py took 0.016 seconds
[2025-05-04T23:32:00.676+0000] {processor.py:161} INFO - Started process (PID=485) to work on /home/airflow/.local/lib/python3.8/site-packages/airflow/example_dags/plugins/event_listener.py
[2025-05-04T23:32:00.677+0000] {processor.py:830} INFO - Processing file /home/airflow/.local/lib/python3.8/site-packages/airflow/example_dags/plugins/event_listener.py for tasks to queue
[2025-05-04T23:32:00.678+0000] {logging_mixin.py:188} INFO - [2025-05-04T23:32:00.678+0000] {dagbag.py:538} INFO - Filling up the DagBag from /home/airflow/.local/lib/python3.8/site-packages/airflow/example_dags/plugins/event_listener.py
[2025-05-04T23:32:00.679+0000] {processor.py:842} WARNING - No viable dags retrieved from /home/airflow/.local/lib/python3.8/site-packages/airflow/example_dags/plugins/event_listener.py
[2025-05-04T23:32:00.685+0000] {processor.py:183} INFO - Processing /home/airflow/.local/lib/python3.8/site-packages/airflow/example_dags/plugins/event_listener.py took 0.011 seconds
[2025-05-04T23:32:31.386+0000] {processor.py:161} INFO - Started process (PID=541) to work on /home/airflow/.local/lib/python3.8/site-packages/airflow/example_dags/plugins/event_listener.py
[2025-05-04T23:32:31.387+0000] {processor.py:830} INFO - Processing file /home/airflow/.local/lib/python3.8/site-packages/airflow/example_dags/plugins/event_listener.py for tasks to queue
[2025-05-04T23:32:31.388+0000] {logging_mixin.py:188} INFO - [2025-05-04T23:32:31.388+0000] {dagbag.py:538} INFO - Filling up the DagBag from /home/airflow/.local/lib/python3.8/site-packages/airflow/example_dags/plugins/event_listener.py
[2025-05-04T23:32:31.389+0000] {processor.py:842} WARNING - No viable dags retrieved from /home/airflow/.local/lib/python3.8/site-packages/airflow/example_dags/plugins/event_listener.py
[2025-05-04T23:32:31.395+0000] {processor.py:183} INFO - Processing /home/airflow/.local/lib/python3.8/site-packages/airflow/example_dags/plugins/event_listener.py took 0.011 seconds
[2025-05-04T23:47:23.432+0000] {processor.py:161} INFO - Started process (PID=88) to work on /home/airflow/.local/lib/python3.8/site-packages/airflow/example_dags/plugins/event_listener.py
[2025-05-04T23:47:23.433+0000] {processor.py:830} INFO - Processing file /home/airflow/.local/lib/python3.8/site-packages/airflow/example_dags/plugins/event_listener.py for tasks to queue
[2025-05-04T23:47:23.433+0000] {logging_mixin.py:188} INFO - [2025-05-04T23:47:23.433+0000] {dagbag.py:538} INFO - Filling up the DagBag from /home/airflow/.local/lib/python3.8/site-packages/airflow/example_dags/plugins/event_listener.py
[2025-05-04T23:47:23.435+0000] {processor.py:842} WARNING - No viable dags retrieved from /home/airflow/.local/lib/python3.8/site-packages/airflow/example_dags/plugins/event_listener.py
[2025-05-04T23:47:23.440+0000] {processor.py:183} INFO - Processing /home/airflow/.local/lib/python3.8/site-packages/airflow/example_dags/plugins/event_listener.py took 0.010 seconds
[2025-05-04T23:47:53.845+0000] {processor.py:161} INFO - Started process (PID=144) to work on /home/airflow/.local/lib/python3.8/site-packages/airflow/example_dags/plugins/event_listener.py
[2025-05-04T23:47:53.846+0000] {processor.py:830} INFO - Processing file /home/airflow/.local/lib/python3.8/site-packages/airflow/example_dags/plugins/event_listener.py for tasks to queue
[2025-05-04T23:47:53.847+0000] {logging_mixin.py:188} INFO - [2025-05-04T23:47:53.847+0000] {dagbag.py:538} INFO - Filling up the DagBag from /home/airflow/.local/lib/python3.8/site-packages/airflow/example_dags/plugins/event_listener.py
[2025-05-04T23:47:53.848+0000] {processor.py:842} WARNING - No viable dags retrieved from /home/airflow/.local/lib/python3.8/site-packages/airflow/example_dags/plugins/event_listener.py
[2025-05-04T23:47:53.854+0000] {processor.py:183} INFO - Processing /home/airflow/.local/lib/python3.8/site-packages/airflow/example_dags/plugins/event_listener.py took 0.011 seconds
[2025-05-04T23:48:24.562+0000] {processor.py:161} INFO - Started process (PID=199) to work on /home/airflow/.local/lib/python3.8/site-packages/airflow/example_dags/plugins/event_listener.py
[2025-05-04T23:48:24.563+0000] {processor.py:830} INFO - Processing file /home/airflow/.local/lib/python3.8/site-packages/airflow/example_dags/plugins/event_listener.py for tasks to queue
[2025-05-04T23:48:24.564+0000] {logging_mixin.py:188} INFO - [2025-05-04T23:48:24.564+0000] {dagbag.py:538} INFO - Filling up the DagBag from /home/airflow/.local/lib/python3.8/site-packages/airflow/example_dags/plugins/event_listener.py
[2025-05-04T23:48:24.565+0000] {processor.py:842} WARNING - No viable dags retrieved from /home/airflow/.local/lib/python3.8/site-packages/airflow/example_dags/plugins/event_listener.py
[2025-05-04T23:48:24.571+0000] {processor.py:183} INFO - Processing /home/airflow/.local/lib/python3.8/site-packages/airflow/example_dags/plugins/event_listener.py took 0.011 seconds
[2025-05-04T23:48:55.119+0000] {processor.py:161} INFO - Started process (PID=254) to work on /home/airflow/.local/lib/python3.8/site-packages/airflow/example_dags/plugins/event_listener.py
[2025-05-04T23:48:55.120+0000] {processor.py:830} INFO - Processing file /home/airflow/.local/lib/python3.8/site-packages/airflow/example_dags/plugins/event_listener.py for tasks to queue
[2025-05-04T23:48:55.122+0000] {logging_mixin.py:188} INFO - [2025-05-04T23:48:55.122+0000] {dagbag.py:538} INFO - Filling up the DagBag from /home/airflow/.local/lib/python3.8/site-packages/airflow/example_dags/plugins/event_listener.py
[2025-05-04T23:48:55.123+0000] {processor.py:842} WARNING - No viable dags retrieved from /home/airflow/.local/lib/python3.8/site-packages/airflow/example_dags/plugins/event_listener.py
[2025-05-04T23:48:55.130+0000] {processor.py:183} INFO - Processing /home/airflow/.local/lib/python3.8/site-packages/airflow/example_dags/plugins/event_listener.py took 0.013 seconds
[2025-05-04T23:49:26.104+0000] {processor.py:161} INFO - Started process (PID=312) to work on /home/airflow/.local/lib/python3.8/site-packages/airflow/example_dags/plugins/event_listener.py
[2025-05-04T23:49:26.105+0000] {processor.py:830} INFO - Processing file /home/airflow/.local/lib/python3.8/site-packages/airflow/example_dags/plugins/event_listener.py for tasks to queue
[2025-05-04T23:49:26.107+0000] {logging_mixin.py:188} INFO - [2025-05-04T23:49:26.107+0000] {dagbag.py:538} INFO - Filling up the DagBag from /home/airflow/.local/lib/python3.8/site-packages/airflow/example_dags/plugins/event_listener.py
[2025-05-04T23:49:26.108+0000] {processor.py:842} WARNING - No viable dags retrieved from /home/airflow/.local/lib/python3.8/site-packages/airflow/example_dags/plugins/event_listener.py
[2025-05-04T23:49:26.115+0000] {processor.py:183} INFO - Processing /home/airflow/.local/lib/python3.8/site-packages/airflow/example_dags/plugins/event_listener.py took 0.012 seconds
[2025-05-04T23:49:56.810+0000] {processor.py:161} INFO - Started process (PID=368) to work on /home/airflow/.local/lib/python3.8/site-packages/airflow/example_dags/plugins/event_listener.py
[2025-05-04T23:49:56.810+0000] {processor.py:830} INFO - Processing file /home/airflow/.local/lib/python3.8/site-packages/airflow/example_dags/plugins/event_listener.py for tasks to queue
[2025-05-04T23:49:56.812+0000] {logging_mixin.py:188} INFO - [2025-05-04T23:49:56.812+0000] {dagbag.py:538} INFO - Filling up the DagBag from /home/airflow/.local/lib/python3.8/site-packages/airflow/example_dags/plugins/event_listener.py
[2025-05-04T23:49:56.813+0000] {processor.py:842} WARNING - No viable dags retrieved from /home/airflow/.local/lib/python3.8/site-packages/airflow/example_dags/plugins/event_listener.py
[2025-05-04T23:49:56.821+0000] {processor.py:183} INFO - Processing /home/airflow/.local/lib/python3.8/site-packages/airflow/example_dags/plugins/event_listener.py took 0.013 seconds
