[2025-05-04T22:22:11.240+0000] {processor.py:161} INFO - Started process (PID=85) to work on /home/airflow/.local/lib/python3.8/site-packages/airflow/example_dags/plugins/listener_plugin.py
[2025-05-04T22:22:11.240+0000] {processor.py:830} INFO - Processing file /home/airflow/.local/lib/python3.8/site-packages/airflow/example_dags/plugins/listener_plugin.py for tasks to queue
[2025-05-04T22:22:11.241+0000] {logging_mixin.py:188} INFO - [2025-05-04T22:22:11.241+0000] {dagbag.py:538} INFO - Filling up the DagBag from /home/airflow/.local/lib/python3.8/site-packages/airflow/example_dags/plugins/listener_plugin.py
[2025-05-04T22:22:11.244+0000] {processor.py:842} WARNING - No viable dags retrieved from /home/airflow/.local/lib/python3.8/site-packages/airflow/example_dags/plugins/listener_plugin.py
[2025-05-04T22:22:11.251+0000] {processor.py:183} INFO - Processing /home/airflow/.local/lib/python3.8/site-packages/airflow/example_dags/plugins/listener_plugin.py took 0.013 seconds
[2025-05-04T22:22:42.111+0000] {processor.py:161} INFO - Started process (PID=141) to work on /home/airflow/.local/lib/python3.8/site-packages/airflow/example_dags/plugins/listener_plugin.py
[2025-05-04T22:22:42.112+0000] {processor.py:830} INFO - Processing file /home/airflow/.local/lib/python3.8/site-packages/airflow/example_dags/plugins/listener_plugin.py for tasks to queue
[2025-05-04T22:22:42.113+0000] {logging_mixin.py:188} INFO - [2025-05-04T22:22:42.113+0000] {dagbag.py:538} INFO - Filling up the DagBag from /home/airflow/.local/lib/python3.8/site-packages/airflow/example_dags/plugins/listener_plugin.py
[2025-05-04T22:22:42.114+0000] {processor.py:842} WARNING - No viable dags retrieved from /home/airflow/.local/lib/python3.8/site-packages/airflow/example_dags/plugins/listener_plugin.py
[2025-05-04T22:22:42.120+0000] {processor.py:183} INFO - Processing /home/airflow/.local/lib/python3.8/site-packages/airflow/example_dags/plugins/listener_plugin.py took 0.010 seconds
[2025-05-04T22:23:12.766+0000] {processor.py:161} INFO - Started process (PID=195) to work on /home/airflow/.local/lib/python3.8/site-packages/airflow/example_dags/plugins/listener_plugin.py
[2025-05-04T22:23:12.767+0000] {processor.py:830} INFO - Processing file /home/airflow/.local/lib/python3.8/site-packages/airflow/example_dags/plugins/listener_plugin.py for tasks to queue
[2025-05-04T22:23:12.768+0000] {logging_mixin.py:188} INFO - [2025-05-04T22:23:12.768+0000] {dagbag.py:538} INFO - Filling up the DagBag from /home/airflow/.local/lib/python3.8/site-packages/airflow/example_dags/plugins/listener_plugin.py
[2025-05-04T22:23:12.770+0000] {processor.py:842} WARNING - No viable dags retrieved from /home/airflow/.local/lib/python3.8/site-packages/airflow/example_dags/plugins/listener_plugin.py
[2025-05-04T22:23:12.777+0000] {processor.py:183} INFO - Processing /home/airflow/.local/lib/python3.8/site-packages/airflow/example_dags/plugins/listener_plugin.py took 0.013 seconds
[2025-05-04T22:23:43.297+0000] {processor.py:161} INFO - Started process (PID=251) to work on /home/airflow/.local/lib/python3.8/site-packages/airflow/example_dags/plugins/listener_plugin.py
[2025-05-04T22:23:43.297+0000] {processor.py:830} INFO - Processing file /home/airflow/.local/lib/python3.8/site-packages/airflow/example_dags/plugins/listener_plugin.py for tasks to queue
[2025-05-04T22:23:43.298+0000] {logging_mixin.py:188} INFO - [2025-05-04T22:23:43.298+0000] {dagbag.py:538} INFO - Filling up the DagBag from /home/airflow/.local/lib/python3.8/site-packages/airflow/example_dags/plugins/listener_plugin.py
[2025-05-04T22:23:43.300+0000] {processor.py:842} WARNING - No viable dags retrieved from /home/airflow/.local/lib/python3.8/site-packages/airflow/example_dags/plugins/listener_plugin.py
[2025-05-04T22:23:43.309+0000] {processor.py:183} INFO - Processing /home/airflow/.local/lib/python3.8/site-packages/airflow/example_dags/plugins/listener_plugin.py took 0.014 seconds
[2025-05-04T22:24:13.872+0000] {processor.py:161} INFO - Started process (PID=305) to work on /home/airflow/.local/lib/python3.8/site-packages/airflow/example_dags/plugins/listener_plugin.py
[2025-05-04T22:24:13.872+0000] {processor.py:830} INFO - Processing file /home/airflow/.local/lib/python3.8/site-packages/airflow/example_dags/plugins/listener_plugin.py for tasks to queue
[2025-05-04T22:24:13.873+0000] {logging_mixin.py:188} INFO - [2025-05-04T22:24:13.873+0000] {dagbag.py:538} INFO - Filling up the DagBag from /home/airflow/.local/lib/python3.8/site-packages/airflow/example_dags/plugins/listener_plugin.py
[2025-05-04T22:24:13.874+0000] {processor.py:842} WARNING - No viable dags retrieved from /home/airflow/.local/lib/python3.8/site-packages/airflow/example_dags/plugins/listener_plugin.py
[2025-05-04T22:24:13.880+0000] {processor.py:183} INFO - Processing /home/airflow/.local/lib/python3.8/site-packages/airflow/example_dags/plugins/listener_plugin.py took 0.011 seconds
[2025-05-04T22:24:44.480+0000] {processor.py:161} INFO - Started process (PID=367) to work on /home/airflow/.local/lib/python3.8/site-packages/airflow/example_dags/plugins/listener_plugin.py
[2025-05-04T22:24:44.480+0000] {processor.py:830} INFO - Processing file /home/airflow/.local/lib/python3.8/site-packages/airflow/example_dags/plugins/listener_plugin.py for tasks to queue
[2025-05-04T22:24:44.481+0000] {logging_mixin.py:188} INFO - [2025-05-04T22:24:44.481+0000] {dagbag.py:538} INFO - Filling up the DagBag from /home/airflow/.local/lib/python3.8/site-packages/airflow/example_dags/plugins/listener_plugin.py
[2025-05-04T22:24:44.482+0000] {processor.py:842} WARNING - No viable dags retrieved from /home/airflow/.local/lib/python3.8/site-packages/airflow/example_dags/plugins/listener_plugin.py
[2025-05-04T22:24:44.489+0000] {processor.py:183} INFO - Processing /home/airflow/.local/lib/python3.8/site-packages/airflow/example_dags/plugins/listener_plugin.py took 0.011 seconds
[2025-05-04T22:25:30.187+0000] {processor.py:161} INFO - Started process (PID=87) to work on /home/airflow/.local/lib/python3.8/site-packages/airflow/example_dags/plugins/listener_plugin.py
[2025-05-04T22:25:30.187+0000] {processor.py:830} INFO - Processing file /home/airflow/.local/lib/python3.8/site-packages/airflow/example_dags/plugins/listener_plugin.py for tasks to queue
[2025-05-04T22:25:30.190+0000] {logging_mixin.py:188} INFO - [2025-05-04T22:25:30.190+0000] {dagbag.py:538} INFO - Filling up the DagBag from /home/airflow/.local/lib/python3.8/site-packages/airflow/example_dags/plugins/listener_plugin.py
[2025-05-04T22:25:30.191+0000] {processor.py:842} WARNING - No viable dags retrieved from /home/airflow/.local/lib/python3.8/site-packages/airflow/example_dags/plugins/listener_plugin.py
[2025-05-04T22:25:30.199+0000] {processor.py:183} INFO - Processing /home/airflow/.local/lib/python3.8/site-packages/airflow/example_dags/plugins/listener_plugin.py took 0.014 seconds
[2025-05-04T22:26:00.580+0000] {processor.py:161} INFO - Started process (PID=143) to work on /home/airflow/.local/lib/python3.8/site-packages/airflow/example_dags/plugins/listener_plugin.py
[2025-05-04T22:26:00.580+0000] {processor.py:830} INFO - Processing file /home/airflow/.local/lib/python3.8/site-packages/airflow/example_dags/plugins/listener_plugin.py for tasks to queue
[2025-05-04T22:26:00.581+0000] {logging_mixin.py:188} INFO - [2025-05-04T22:26:00.581+0000] {dagbag.py:538} INFO - Filling up the DagBag from /home/airflow/.local/lib/python3.8/site-packages/airflow/example_dags/plugins/listener_plugin.py
[2025-05-04T22:26:00.583+0000] {processor.py:842} WARNING - No viable dags retrieved from /home/airflow/.local/lib/python3.8/site-packages/airflow/example_dags/plugins/listener_plugin.py
[2025-05-04T22:26:00.589+0000] {processor.py:183} INFO - Processing /home/airflow/.local/lib/python3.8/site-packages/airflow/example_dags/plugins/listener_plugin.py took 0.011 seconds
[2025-05-04T22:26:31.340+0000] {processor.py:161} INFO - Started process (PID=198) to work on /home/airflow/.local/lib/python3.8/site-packages/airflow/example_dags/plugins/listener_plugin.py
[2025-05-04T22:26:31.342+0000] {processor.py:830} INFO - Processing file /home/airflow/.local/lib/python3.8/site-packages/airflow/example_dags/plugins/listener_plugin.py for tasks to queue
[2025-05-04T22:26:31.344+0000] {logging_mixin.py:188} INFO - [2025-05-04T22:26:31.344+0000] {dagbag.py:538} INFO - Filling up the DagBag from /home/airflow/.local/lib/python3.8/site-packages/airflow/example_dags/plugins/listener_plugin.py
[2025-05-04T22:26:31.345+0000] {processor.py:842} WARNING - No viable dags retrieved from /home/airflow/.local/lib/python3.8/site-packages/airflow/example_dags/plugins/listener_plugin.py
[2025-05-04T22:26:31.359+0000] {processor.py:183} INFO - Processing /home/airflow/.local/lib/python3.8/site-packages/airflow/example_dags/plugins/listener_plugin.py took 0.020 seconds
[2025-05-04T22:27:01.931+0000] {processor.py:161} INFO - Started process (PID=258) to work on /home/airflow/.local/lib/python3.8/site-packages/airflow/example_dags/plugins/listener_plugin.py
[2025-05-04T22:27:01.932+0000] {processor.py:830} INFO - Processing file /home/airflow/.local/lib/python3.8/site-packages/airflow/example_dags/plugins/listener_plugin.py for tasks to queue
[2025-05-04T22:27:01.934+0000] {logging_mixin.py:188} INFO - [2025-05-04T22:27:01.934+0000] {dagbag.py:538} INFO - Filling up the DagBag from /home/airflow/.local/lib/python3.8/site-packages/airflow/example_dags/plugins/listener_plugin.py
[2025-05-04T22:27:01.936+0000] {processor.py:842} WARNING - No viable dags retrieved from /home/airflow/.local/lib/python3.8/site-packages/airflow/example_dags/plugins/listener_plugin.py
[2025-05-04T22:27:01.946+0000] {processor.py:183} INFO - Processing /home/airflow/.local/lib/python3.8/site-packages/airflow/example_dags/plugins/listener_plugin.py took 0.016 seconds
[2025-05-04T22:27:32.571+0000] {processor.py:161} INFO - Started process (PID=315) to work on /home/airflow/.local/lib/python3.8/site-packages/airflow/example_dags/plugins/listener_plugin.py
[2025-05-04T22:27:32.572+0000] {processor.py:830} INFO - Processing file /home/airflow/.local/lib/python3.8/site-packages/airflow/example_dags/plugins/listener_plugin.py for tasks to queue
[2025-05-04T22:27:32.573+0000] {logging_mixin.py:188} INFO - [2025-05-04T22:27:32.573+0000] {dagbag.py:538} INFO - Filling up the DagBag from /home/airflow/.local/lib/python3.8/site-packages/airflow/example_dags/plugins/listener_plugin.py
[2025-05-04T22:27:32.574+0000] {processor.py:842} WARNING - No viable dags retrieved from /home/airflow/.local/lib/python3.8/site-packages/airflow/example_dags/plugins/listener_plugin.py
[2025-05-04T22:27:32.580+0000] {processor.py:183} INFO - Processing /home/airflow/.local/lib/python3.8/site-packages/airflow/example_dags/plugins/listener_plugin.py took 0.011 seconds
[2025-05-04T22:28:03.275+0000] {processor.py:161} INFO - Started process (PID=371) to work on /home/airflow/.local/lib/python3.8/site-packages/airflow/example_dags/plugins/listener_plugin.py
[2025-05-04T22:28:03.276+0000] {processor.py:830} INFO - Processing file /home/airflow/.local/lib/python3.8/site-packages/airflow/example_dags/plugins/listener_plugin.py for tasks to queue
[2025-05-04T22:28:03.276+0000] {logging_mixin.py:188} INFO - [2025-05-04T22:28:03.276+0000] {dagbag.py:538} INFO - Filling up the DagBag from /home/airflow/.local/lib/python3.8/site-packages/airflow/example_dags/plugins/listener_plugin.py
[2025-05-04T22:28:03.277+0000] {processor.py:842} WARNING - No viable dags retrieved from /home/airflow/.local/lib/python3.8/site-packages/airflow/example_dags/plugins/listener_plugin.py
[2025-05-04T22:28:03.283+0000] {processor.py:183} INFO - Processing /home/airflow/.local/lib/python3.8/site-packages/airflow/example_dags/plugins/listener_plugin.py took 0.010 seconds
[2025-05-04T22:28:33.869+0000] {processor.py:161} INFO - Started process (PID=427) to work on /home/airflow/.local/lib/python3.8/site-packages/airflow/example_dags/plugins/listener_plugin.py
[2025-05-04T22:28:33.869+0000] {processor.py:830} INFO - Processing file /home/airflow/.local/lib/python3.8/site-packages/airflow/example_dags/plugins/listener_plugin.py for tasks to queue
[2025-05-04T22:28:33.870+0000] {logging_mixin.py:188} INFO - [2025-05-04T22:28:33.870+0000] {dagbag.py:538} INFO - Filling up the DagBag from /home/airflow/.local/lib/python3.8/site-packages/airflow/example_dags/plugins/listener_plugin.py
[2025-05-04T22:28:33.871+0000] {processor.py:842} WARNING - No viable dags retrieved from /home/airflow/.local/lib/python3.8/site-packages/airflow/example_dags/plugins/listener_plugin.py
[2025-05-04T22:28:33.878+0000] {processor.py:183} INFO - Processing /home/airflow/.local/lib/python3.8/site-packages/airflow/example_dags/plugins/listener_plugin.py took 0.011 seconds
[2025-05-04T22:29:04.508+0000] {processor.py:161} INFO - Started process (PID=482) to work on /home/airflow/.local/lib/python3.8/site-packages/airflow/example_dags/plugins/listener_plugin.py
[2025-05-04T22:29:04.510+0000] {processor.py:830} INFO - Processing file /home/airflow/.local/lib/python3.8/site-packages/airflow/example_dags/plugins/listener_plugin.py for tasks to queue
[2025-05-04T22:29:04.511+0000] {logging_mixin.py:188} INFO - [2025-05-04T22:29:04.511+0000] {dagbag.py:538} INFO - Filling up the DagBag from /home/airflow/.local/lib/python3.8/site-packages/airflow/example_dags/plugins/listener_plugin.py
[2025-05-04T22:29:04.513+0000] {processor.py:842} WARNING - No viable dags retrieved from /home/airflow/.local/lib/python3.8/site-packages/airflow/example_dags/plugins/listener_plugin.py
[2025-05-04T22:29:04.523+0000] {processor.py:183} INFO - Processing /home/airflow/.local/lib/python3.8/site-packages/airflow/example_dags/plugins/listener_plugin.py took 0.016 seconds
[2025-05-04T22:29:35.351+0000] {processor.py:161} INFO - Started process (PID=537) to work on /home/airflow/.local/lib/python3.8/site-packages/airflow/example_dags/plugins/listener_plugin.py
[2025-05-04T22:29:35.351+0000] {processor.py:830} INFO - Processing file /home/airflow/.local/lib/python3.8/site-packages/airflow/example_dags/plugins/listener_plugin.py for tasks to queue
[2025-05-04T22:29:35.353+0000] {logging_mixin.py:188} INFO - [2025-05-04T22:29:35.352+0000] {dagbag.py:538} INFO - Filling up the DagBag from /home/airflow/.local/lib/python3.8/site-packages/airflow/example_dags/plugins/listener_plugin.py
[2025-05-04T22:29:35.354+0000] {processor.py:842} WARNING - No viable dags retrieved from /home/airflow/.local/lib/python3.8/site-packages/airflow/example_dags/plugins/listener_plugin.py
[2025-05-04T22:29:35.361+0000] {processor.py:183} INFO - Processing /home/airflow/.local/lib/python3.8/site-packages/airflow/example_dags/plugins/listener_plugin.py took 0.012 seconds
[2025-05-04T22:30:06.075+0000] {processor.py:161} INFO - Started process (PID=594) to work on /home/airflow/.local/lib/python3.8/site-packages/airflow/example_dags/plugins/listener_plugin.py
[2025-05-04T22:30:06.075+0000] {processor.py:830} INFO - Processing file /home/airflow/.local/lib/python3.8/site-packages/airflow/example_dags/plugins/listener_plugin.py for tasks to queue
[2025-05-04T22:30:06.076+0000] {logging_mixin.py:188} INFO - [2025-05-04T22:30:06.076+0000] {dagbag.py:538} INFO - Filling up the DagBag from /home/airflow/.local/lib/python3.8/site-packages/airflow/example_dags/plugins/listener_plugin.py
[2025-05-04T22:30:06.078+0000] {processor.py:842} WARNING - No viable dags retrieved from /home/airflow/.local/lib/python3.8/site-packages/airflow/example_dags/plugins/listener_plugin.py
[2025-05-04T22:30:06.084+0000] {processor.py:183} INFO - Processing /home/airflow/.local/lib/python3.8/site-packages/airflow/example_dags/plugins/listener_plugin.py took 0.012 seconds
[2025-05-04T22:30:36.734+0000] {processor.py:161} INFO - Started process (PID=650) to work on /home/airflow/.local/lib/python3.8/site-packages/airflow/example_dags/plugins/listener_plugin.py
[2025-05-04T22:30:36.734+0000] {processor.py:830} INFO - Processing file /home/airflow/.local/lib/python3.8/site-packages/airflow/example_dags/plugins/listener_plugin.py for tasks to queue
[2025-05-04T22:30:36.735+0000] {logging_mixin.py:188} INFO - [2025-05-04T22:30:36.735+0000] {dagbag.py:538} INFO - Filling up the DagBag from /home/airflow/.local/lib/python3.8/site-packages/airflow/example_dags/plugins/listener_plugin.py
[2025-05-04T22:30:36.736+0000] {processor.py:842} WARNING - No viable dags retrieved from /home/airflow/.local/lib/python3.8/site-packages/airflow/example_dags/plugins/listener_plugin.py
[2025-05-04T22:30:36.742+0000] {processor.py:183} INFO - Processing /home/airflow/.local/lib/python3.8/site-packages/airflow/example_dags/plugins/listener_plugin.py took 0.010 seconds
[2025-05-04T22:31:15.197+0000] {processor.py:161} INFO - Started process (PID=87) to work on /home/airflow/.local/lib/python3.8/site-packages/airflow/example_dags/plugins/listener_plugin.py
[2025-05-04T22:31:15.201+0000] {processor.py:830} INFO - Processing file /home/airflow/.local/lib/python3.8/site-packages/airflow/example_dags/plugins/listener_plugin.py for tasks to queue
[2025-05-04T22:31:15.203+0000] {logging_mixin.py:188} INFO - [2025-05-04T22:31:15.203+0000] {dagbag.py:538} INFO - Filling up the DagBag from /home/airflow/.local/lib/python3.8/site-packages/airflow/example_dags/plugins/listener_plugin.py
[2025-05-04T22:31:15.205+0000] {processor.py:842} WARNING - No viable dags retrieved from /home/airflow/.local/lib/python3.8/site-packages/airflow/example_dags/plugins/listener_plugin.py
[2025-05-04T22:31:15.218+0000] {processor.py:183} INFO - Processing /home/airflow/.local/lib/python3.8/site-packages/airflow/example_dags/plugins/listener_plugin.py took 0.022 seconds
[2025-05-04T22:31:45.614+0000] {processor.py:161} INFO - Started process (PID=142) to work on /home/airflow/.local/lib/python3.8/site-packages/airflow/example_dags/plugins/listener_plugin.py
[2025-05-04T22:31:45.615+0000] {processor.py:830} INFO - Processing file /home/airflow/.local/lib/python3.8/site-packages/airflow/example_dags/plugins/listener_plugin.py for tasks to queue
[2025-05-04T22:31:45.618+0000] {logging_mixin.py:188} INFO - [2025-05-04T22:31:45.618+0000] {dagbag.py:538} INFO - Filling up the DagBag from /home/airflow/.local/lib/python3.8/site-packages/airflow/example_dags/plugins/listener_plugin.py
[2025-05-04T22:31:45.620+0000] {processor.py:842} WARNING - No viable dags retrieved from /home/airflow/.local/lib/python3.8/site-packages/airflow/example_dags/plugins/listener_plugin.py
[2025-05-04T22:31:45.629+0000] {processor.py:183} INFO - Processing /home/airflow/.local/lib/python3.8/site-packages/airflow/example_dags/plugins/listener_plugin.py took 0.017 seconds
[2025-05-04T22:32:16.448+0000] {processor.py:161} INFO - Started process (PID=202) to work on /home/airflow/.local/lib/python3.8/site-packages/airflow/example_dags/plugins/listener_plugin.py
[2025-05-04T22:32:16.448+0000] {processor.py:830} INFO - Processing file /home/airflow/.local/lib/python3.8/site-packages/airflow/example_dags/plugins/listener_plugin.py for tasks to queue
[2025-05-04T22:32:16.450+0000] {logging_mixin.py:188} INFO - [2025-05-04T22:32:16.449+0000] {dagbag.py:538} INFO - Filling up the DagBag from /home/airflow/.local/lib/python3.8/site-packages/airflow/example_dags/plugins/listener_plugin.py
[2025-05-04T22:32:16.451+0000] {processor.py:842} WARNING - No viable dags retrieved from /home/airflow/.local/lib/python3.8/site-packages/airflow/example_dags/plugins/listener_plugin.py
[2025-05-04T22:32:16.463+0000] {processor.py:183} INFO - Processing /home/airflow/.local/lib/python3.8/site-packages/airflow/example_dags/plugins/listener_plugin.py took 0.017 seconds
[2025-05-04T22:32:47.147+0000] {processor.py:161} INFO - Started process (PID=258) to work on /home/airflow/.local/lib/python3.8/site-packages/airflow/example_dags/plugins/listener_plugin.py
[2025-05-04T22:32:47.147+0000] {processor.py:830} INFO - Processing file /home/airflow/.local/lib/python3.8/site-packages/airflow/example_dags/plugins/listener_plugin.py for tasks to queue
[2025-05-04T22:32:47.149+0000] {logging_mixin.py:188} INFO - [2025-05-04T22:32:47.149+0000] {dagbag.py:538} INFO - Filling up the DagBag from /home/airflow/.local/lib/python3.8/site-packages/airflow/example_dags/plugins/listener_plugin.py
[2025-05-04T22:32:47.150+0000] {processor.py:842} WARNING - No viable dags retrieved from /home/airflow/.local/lib/python3.8/site-packages/airflow/example_dags/plugins/listener_plugin.py
[2025-05-04T22:32:47.159+0000] {processor.py:183} INFO - Processing /home/airflow/.local/lib/python3.8/site-packages/airflow/example_dags/plugins/listener_plugin.py took 0.013 seconds
[2025-05-04T22:33:17.903+0000] {processor.py:161} INFO - Started process (PID=314) to work on /home/airflow/.local/lib/python3.8/site-packages/airflow/example_dags/plugins/listener_plugin.py
[2025-05-04T22:33:17.903+0000] {processor.py:830} INFO - Processing file /home/airflow/.local/lib/python3.8/site-packages/airflow/example_dags/plugins/listener_plugin.py for tasks to queue
[2025-05-04T22:33:17.904+0000] {logging_mixin.py:188} INFO - [2025-05-04T22:33:17.904+0000] {dagbag.py:538} INFO - Filling up the DagBag from /home/airflow/.local/lib/python3.8/site-packages/airflow/example_dags/plugins/listener_plugin.py
[2025-05-04T22:33:17.905+0000] {processor.py:842} WARNING - No viable dags retrieved from /home/airflow/.local/lib/python3.8/site-packages/airflow/example_dags/plugins/listener_plugin.py
[2025-05-04T22:33:17.910+0000] {processor.py:183} INFO - Processing /home/airflow/.local/lib/python3.8/site-packages/airflow/example_dags/plugins/listener_plugin.py took 0.009 seconds
[2025-05-04T22:33:48.510+0000] {processor.py:161} INFO - Started process (PID=370) to work on /home/airflow/.local/lib/python3.8/site-packages/airflow/example_dags/plugins/listener_plugin.py
[2025-05-04T22:33:48.511+0000] {processor.py:830} INFO - Processing file /home/airflow/.local/lib/python3.8/site-packages/airflow/example_dags/plugins/listener_plugin.py for tasks to queue
[2025-05-04T22:33:48.512+0000] {logging_mixin.py:188} INFO - [2025-05-04T22:33:48.512+0000] {dagbag.py:538} INFO - Filling up the DagBag from /home/airflow/.local/lib/python3.8/site-packages/airflow/example_dags/plugins/listener_plugin.py
[2025-05-04T22:33:48.513+0000] {processor.py:842} WARNING - No viable dags retrieved from /home/airflow/.local/lib/python3.8/site-packages/airflow/example_dags/plugins/listener_plugin.py
[2025-05-04T22:33:48.523+0000] {processor.py:183} INFO - Processing /home/airflow/.local/lib/python3.8/site-packages/airflow/example_dags/plugins/listener_plugin.py took 0.015 seconds
[2025-05-04T22:34:19.197+0000] {processor.py:161} INFO - Started process (PID=426) to work on /home/airflow/.local/lib/python3.8/site-packages/airflow/example_dags/plugins/listener_plugin.py
[2025-05-04T22:34:19.197+0000] {processor.py:830} INFO - Processing file /home/airflow/.local/lib/python3.8/site-packages/airflow/example_dags/plugins/listener_plugin.py for tasks to queue
[2025-05-04T22:34:19.198+0000] {logging_mixin.py:188} INFO - [2025-05-04T22:34:19.198+0000] {dagbag.py:538} INFO - Filling up the DagBag from /home/airflow/.local/lib/python3.8/site-packages/airflow/example_dags/plugins/listener_plugin.py
[2025-05-04T22:34:19.200+0000] {processor.py:842} WARNING - No viable dags retrieved from /home/airflow/.local/lib/python3.8/site-packages/airflow/example_dags/plugins/listener_plugin.py
[2025-05-04T22:34:19.205+0000] {processor.py:183} INFO - Processing /home/airflow/.local/lib/python3.8/site-packages/airflow/example_dags/plugins/listener_plugin.py took 0.009 seconds
[2025-05-04T22:36:26.395+0000] {processor.py:161} INFO - Started process (PID=85) to work on /home/airflow/.local/lib/python3.8/site-packages/airflow/example_dags/plugins/listener_plugin.py
[2025-05-04T22:36:26.396+0000] {processor.py:830} INFO - Processing file /home/airflow/.local/lib/python3.8/site-packages/airflow/example_dags/plugins/listener_plugin.py for tasks to queue
[2025-05-04T22:36:26.399+0000] {logging_mixin.py:188} INFO - [2025-05-04T22:36:26.399+0000] {dagbag.py:538} INFO - Filling up the DagBag from /home/airflow/.local/lib/python3.8/site-packages/airflow/example_dags/plugins/listener_plugin.py
[2025-05-04T22:36:26.401+0000] {processor.py:842} WARNING - No viable dags retrieved from /home/airflow/.local/lib/python3.8/site-packages/airflow/example_dags/plugins/listener_plugin.py
[2025-05-04T22:36:26.407+0000] {processor.py:183} INFO - Processing /home/airflow/.local/lib/python3.8/site-packages/airflow/example_dags/plugins/listener_plugin.py took 0.013 seconds
[2025-05-04T22:36:56.842+0000] {processor.py:161} INFO - Started process (PID=140) to work on /home/airflow/.local/lib/python3.8/site-packages/airflow/example_dags/plugins/listener_plugin.py
[2025-05-04T22:36:56.843+0000] {processor.py:830} INFO - Processing file /home/airflow/.local/lib/python3.8/site-packages/airflow/example_dags/plugins/listener_plugin.py for tasks to queue
[2025-05-04T22:36:56.844+0000] {logging_mixin.py:188} INFO - [2025-05-04T22:36:56.844+0000] {dagbag.py:538} INFO - Filling up the DagBag from /home/airflow/.local/lib/python3.8/site-packages/airflow/example_dags/plugins/listener_plugin.py
[2025-05-04T22:36:56.846+0000] {processor.py:842} WARNING - No viable dags retrieved from /home/airflow/.local/lib/python3.8/site-packages/airflow/example_dags/plugins/listener_plugin.py
[2025-05-04T22:36:56.859+0000] {processor.py:183} INFO - Processing /home/airflow/.local/lib/python3.8/site-packages/airflow/example_dags/plugins/listener_plugin.py took 0.019 seconds
[2025-05-04T22:37:27.611+0000] {processor.py:161} INFO - Started process (PID=196) to work on /home/airflow/.local/lib/python3.8/site-packages/airflow/example_dags/plugins/listener_plugin.py
[2025-05-04T22:37:27.613+0000] {processor.py:830} INFO - Processing file /home/airflow/.local/lib/python3.8/site-packages/airflow/example_dags/plugins/listener_plugin.py for tasks to queue
[2025-05-04T22:37:27.615+0000] {logging_mixin.py:188} INFO - [2025-05-04T22:37:27.615+0000] {dagbag.py:538} INFO - Filling up the DagBag from /home/airflow/.local/lib/python3.8/site-packages/airflow/example_dags/plugins/listener_plugin.py
[2025-05-04T22:37:27.616+0000] {processor.py:842} WARNING - No viable dags retrieved from /home/airflow/.local/lib/python3.8/site-packages/airflow/example_dags/plugins/listener_plugin.py
[2025-05-04T22:37:27.622+0000] {processor.py:183} INFO - Processing /home/airflow/.local/lib/python3.8/site-packages/airflow/example_dags/plugins/listener_plugin.py took 0.012 seconds
[2025-05-04T22:37:58.296+0000] {processor.py:161} INFO - Started process (PID=252) to work on /home/airflow/.local/lib/python3.8/site-packages/airflow/example_dags/plugins/listener_plugin.py
[2025-05-04T22:37:58.297+0000] {processor.py:830} INFO - Processing file /home/airflow/.local/lib/python3.8/site-packages/airflow/example_dags/plugins/listener_plugin.py for tasks to queue
[2025-05-04T22:37:58.298+0000] {logging_mixin.py:188} INFO - [2025-05-04T22:37:58.298+0000] {dagbag.py:538} INFO - Filling up the DagBag from /home/airflow/.local/lib/python3.8/site-packages/airflow/example_dags/plugins/listener_plugin.py
[2025-05-04T22:37:58.300+0000] {processor.py:842} WARNING - No viable dags retrieved from /home/airflow/.local/lib/python3.8/site-packages/airflow/example_dags/plugins/listener_plugin.py
[2025-05-04T22:37:58.306+0000] {processor.py:183} INFO - Processing /home/airflow/.local/lib/python3.8/site-packages/airflow/example_dags/plugins/listener_plugin.py took 0.012 seconds
[2025-05-04T22:38:29.018+0000] {processor.py:161} INFO - Started process (PID=308) to work on /home/airflow/.local/lib/python3.8/site-packages/airflow/example_dags/plugins/listener_plugin.py
[2025-05-04T22:38:29.019+0000] {processor.py:830} INFO - Processing file /home/airflow/.local/lib/python3.8/site-packages/airflow/example_dags/plugins/listener_plugin.py for tasks to queue
[2025-05-04T22:38:29.020+0000] {logging_mixin.py:188} INFO - [2025-05-04T22:38:29.019+0000] {dagbag.py:538} INFO - Filling up the DagBag from /home/airflow/.local/lib/python3.8/site-packages/airflow/example_dags/plugins/listener_plugin.py
[2025-05-04T22:38:29.021+0000] {processor.py:842} WARNING - No viable dags retrieved from /home/airflow/.local/lib/python3.8/site-packages/airflow/example_dags/plugins/listener_plugin.py
[2025-05-04T22:38:29.032+0000] {processor.py:183} INFO - Processing /home/airflow/.local/lib/python3.8/site-packages/airflow/example_dags/plugins/listener_plugin.py took 0.016 seconds
[2025-05-04T22:38:59.795+0000] {processor.py:161} INFO - Started process (PID=366) to work on /home/airflow/.local/lib/python3.8/site-packages/airflow/example_dags/plugins/listener_plugin.py
[2025-05-04T22:38:59.796+0000] {processor.py:830} INFO - Processing file /home/airflow/.local/lib/python3.8/site-packages/airflow/example_dags/plugins/listener_plugin.py for tasks to queue
[2025-05-04T22:38:59.796+0000] {logging_mixin.py:188} INFO - [2025-05-04T22:38:59.796+0000] {dagbag.py:538} INFO - Filling up the DagBag from /home/airflow/.local/lib/python3.8/site-packages/airflow/example_dags/plugins/listener_plugin.py
[2025-05-04T22:38:59.798+0000] {processor.py:842} WARNING - No viable dags retrieved from /home/airflow/.local/lib/python3.8/site-packages/airflow/example_dags/plugins/listener_plugin.py
[2025-05-04T22:38:59.804+0000] {processor.py:183} INFO - Processing /home/airflow/.local/lib/python3.8/site-packages/airflow/example_dags/plugins/listener_plugin.py took 0.010 seconds
[2025-05-04T22:39:30.670+0000] {processor.py:161} INFO - Started process (PID=421) to work on /home/airflow/.local/lib/python3.8/site-packages/airflow/example_dags/plugins/listener_plugin.py
[2025-05-04T22:39:30.670+0000] {processor.py:830} INFO - Processing file /home/airflow/.local/lib/python3.8/site-packages/airflow/example_dags/plugins/listener_plugin.py for tasks to queue
[2025-05-04T22:39:30.671+0000] {logging_mixin.py:188} INFO - [2025-05-04T22:39:30.671+0000] {dagbag.py:538} INFO - Filling up the DagBag from /home/airflow/.local/lib/python3.8/site-packages/airflow/example_dags/plugins/listener_plugin.py
[2025-05-04T22:39:30.672+0000] {processor.py:842} WARNING - No viable dags retrieved from /home/airflow/.local/lib/python3.8/site-packages/airflow/example_dags/plugins/listener_plugin.py
[2025-05-04T22:39:30.678+0000] {processor.py:183} INFO - Processing /home/airflow/.local/lib/python3.8/site-packages/airflow/example_dags/plugins/listener_plugin.py took 0.010 seconds
[2025-05-04T22:40:01.509+0000] {processor.py:161} INFO - Started process (PID=478) to work on /home/airflow/.local/lib/python3.8/site-packages/airflow/example_dags/plugins/listener_plugin.py
[2025-05-04T22:40:01.509+0000] {processor.py:830} INFO - Processing file /home/airflow/.local/lib/python3.8/site-packages/airflow/example_dags/plugins/listener_plugin.py for tasks to queue
[2025-05-04T22:40:01.510+0000] {logging_mixin.py:188} INFO - [2025-05-04T22:40:01.510+0000] {dagbag.py:538} INFO - Filling up the DagBag from /home/airflow/.local/lib/python3.8/site-packages/airflow/example_dags/plugins/listener_plugin.py
[2025-05-04T22:40:01.512+0000] {processor.py:842} WARNING - No viable dags retrieved from /home/airflow/.local/lib/python3.8/site-packages/airflow/example_dags/plugins/listener_plugin.py
[2025-05-04T22:40:01.518+0000] {processor.py:183} INFO - Processing /home/airflow/.local/lib/python3.8/site-packages/airflow/example_dags/plugins/listener_plugin.py took 0.011 seconds
[2025-05-04T22:40:32.610+0000] {processor.py:161} INFO - Started process (PID=534) to work on /home/airflow/.local/lib/python3.8/site-packages/airflow/example_dags/plugins/listener_plugin.py
[2025-05-04T22:40:32.610+0000] {processor.py:830} INFO - Processing file /home/airflow/.local/lib/python3.8/site-packages/airflow/example_dags/plugins/listener_plugin.py for tasks to queue
[2025-05-04T22:40:32.611+0000] {logging_mixin.py:188} INFO - [2025-05-04T22:40:32.611+0000] {dagbag.py:538} INFO - Filling up the DagBag from /home/airflow/.local/lib/python3.8/site-packages/airflow/example_dags/plugins/listener_plugin.py
[2025-05-04T22:40:32.612+0000] {processor.py:842} WARNING - No viable dags retrieved from /home/airflow/.local/lib/python3.8/site-packages/airflow/example_dags/plugins/listener_plugin.py
[2025-05-04T22:40:32.619+0000] {processor.py:183} INFO - Processing /home/airflow/.local/lib/python3.8/site-packages/airflow/example_dags/plugins/listener_plugin.py took 0.011 seconds
[2025-05-04T22:41:03.672+0000] {processor.py:161} INFO - Started process (PID=591) to work on /home/airflow/.local/lib/python3.8/site-packages/airflow/example_dags/plugins/listener_plugin.py
[2025-05-04T22:41:03.672+0000] {processor.py:830} INFO - Processing file /home/airflow/.local/lib/python3.8/site-packages/airflow/example_dags/plugins/listener_plugin.py for tasks to queue
[2025-05-04T22:41:03.673+0000] {logging_mixin.py:188} INFO - [2025-05-04T22:41:03.673+0000] {dagbag.py:538} INFO - Filling up the DagBag from /home/airflow/.local/lib/python3.8/site-packages/airflow/example_dags/plugins/listener_plugin.py
[2025-05-04T22:41:03.675+0000] {processor.py:842} WARNING - No viable dags retrieved from /home/airflow/.local/lib/python3.8/site-packages/airflow/example_dags/plugins/listener_plugin.py
[2025-05-04T22:41:03.681+0000] {processor.py:183} INFO - Processing /home/airflow/.local/lib/python3.8/site-packages/airflow/example_dags/plugins/listener_plugin.py took 0.011 seconds
[2025-05-04T22:41:34.321+0000] {processor.py:161} INFO - Started process (PID=646) to work on /home/airflow/.local/lib/python3.8/site-packages/airflow/example_dags/plugins/listener_plugin.py
[2025-05-04T22:41:34.321+0000] {processor.py:830} INFO - Processing file /home/airflow/.local/lib/python3.8/site-packages/airflow/example_dags/plugins/listener_plugin.py for tasks to queue
[2025-05-04T22:41:34.323+0000] {logging_mixin.py:188} INFO - [2025-05-04T22:41:34.323+0000] {dagbag.py:538} INFO - Filling up the DagBag from /home/airflow/.local/lib/python3.8/site-packages/airflow/example_dags/plugins/listener_plugin.py
[2025-05-04T22:41:34.325+0000] {processor.py:842} WARNING - No viable dags retrieved from /home/airflow/.local/lib/python3.8/site-packages/airflow/example_dags/plugins/listener_plugin.py
[2025-05-04T22:41:34.337+0000] {processor.py:183} INFO - Processing /home/airflow/.local/lib/python3.8/site-packages/airflow/example_dags/plugins/listener_plugin.py took 0.019 seconds
[2025-05-04T22:42:05.195+0000] {processor.py:161} INFO - Started process (PID=703) to work on /home/airflow/.local/lib/python3.8/site-packages/airflow/example_dags/plugins/listener_plugin.py
[2025-05-04T22:42:05.196+0000] {processor.py:830} INFO - Processing file /home/airflow/.local/lib/python3.8/site-packages/airflow/example_dags/plugins/listener_plugin.py for tasks to queue
[2025-05-04T22:42:05.197+0000] {logging_mixin.py:188} INFO - [2025-05-04T22:42:05.197+0000] {dagbag.py:538} INFO - Filling up the DagBag from /home/airflow/.local/lib/python3.8/site-packages/airflow/example_dags/plugins/listener_plugin.py
[2025-05-04T22:42:05.199+0000] {processor.py:842} WARNING - No viable dags retrieved from /home/airflow/.local/lib/python3.8/site-packages/airflow/example_dags/plugins/listener_plugin.py
[2025-05-04T22:42:05.206+0000] {processor.py:183} INFO - Processing /home/airflow/.local/lib/python3.8/site-packages/airflow/example_dags/plugins/listener_plugin.py took 0.013 seconds
[2025-05-04T22:42:35.925+0000] {processor.py:161} INFO - Started process (PID=758) to work on /home/airflow/.local/lib/python3.8/site-packages/airflow/example_dags/plugins/listener_plugin.py
[2025-05-04T22:42:35.926+0000] {processor.py:830} INFO - Processing file /home/airflow/.local/lib/python3.8/site-packages/airflow/example_dags/plugins/listener_plugin.py for tasks to queue
[2025-05-04T22:42:35.927+0000] {logging_mixin.py:188} INFO - [2025-05-04T22:42:35.927+0000] {dagbag.py:538} INFO - Filling up the DagBag from /home/airflow/.local/lib/python3.8/site-packages/airflow/example_dags/plugins/listener_plugin.py
[2025-05-04T22:42:35.929+0000] {processor.py:842} WARNING - No viable dags retrieved from /home/airflow/.local/lib/python3.8/site-packages/airflow/example_dags/plugins/listener_plugin.py
[2025-05-04T22:42:35.937+0000] {processor.py:183} INFO - Processing /home/airflow/.local/lib/python3.8/site-packages/airflow/example_dags/plugins/listener_plugin.py took 0.014 seconds
[2025-05-04T22:43:06.909+0000] {processor.py:161} INFO - Started process (PID=814) to work on /home/airflow/.local/lib/python3.8/site-packages/airflow/example_dags/plugins/listener_plugin.py
[2025-05-04T22:43:06.911+0000] {processor.py:830} INFO - Processing file /home/airflow/.local/lib/python3.8/site-packages/airflow/example_dags/plugins/listener_plugin.py for tasks to queue
[2025-05-04T22:43:06.911+0000] {logging_mixin.py:188} INFO - [2025-05-04T22:43:06.911+0000] {dagbag.py:538} INFO - Filling up the DagBag from /home/airflow/.local/lib/python3.8/site-packages/airflow/example_dags/plugins/listener_plugin.py
[2025-05-04T22:43:06.913+0000] {processor.py:842} WARNING - No viable dags retrieved from /home/airflow/.local/lib/python3.8/site-packages/airflow/example_dags/plugins/listener_plugin.py
[2025-05-04T22:43:06.919+0000] {processor.py:183} INFO - Processing /home/airflow/.local/lib/python3.8/site-packages/airflow/example_dags/plugins/listener_plugin.py took 0.012 seconds
[2025-05-04T22:43:37.788+0000] {processor.py:161} INFO - Started process (PID=870) to work on /home/airflow/.local/lib/python3.8/site-packages/airflow/example_dags/plugins/listener_plugin.py
[2025-05-04T22:43:37.789+0000] {processor.py:830} INFO - Processing file /home/airflow/.local/lib/python3.8/site-packages/airflow/example_dags/plugins/listener_plugin.py for tasks to queue
[2025-05-04T22:43:37.791+0000] {logging_mixin.py:188} INFO - [2025-05-04T22:43:37.791+0000] {dagbag.py:538} INFO - Filling up the DagBag from /home/airflow/.local/lib/python3.8/site-packages/airflow/example_dags/plugins/listener_plugin.py
[2025-05-04T22:43:37.792+0000] {processor.py:842} WARNING - No viable dags retrieved from /home/airflow/.local/lib/python3.8/site-packages/airflow/example_dags/plugins/listener_plugin.py
[2025-05-04T22:43:37.799+0000] {processor.py:183} INFO - Processing /home/airflow/.local/lib/python3.8/site-packages/airflow/example_dags/plugins/listener_plugin.py took 0.013 seconds
[2025-05-04T22:44:08.591+0000] {processor.py:161} INFO - Started process (PID=926) to work on /home/airflow/.local/lib/python3.8/site-packages/airflow/example_dags/plugins/listener_plugin.py
[2025-05-04T22:44:08.593+0000] {processor.py:830} INFO - Processing file /home/airflow/.local/lib/python3.8/site-packages/airflow/example_dags/plugins/listener_plugin.py for tasks to queue
[2025-05-04T22:44:08.594+0000] {logging_mixin.py:188} INFO - [2025-05-04T22:44:08.594+0000] {dagbag.py:538} INFO - Filling up the DagBag from /home/airflow/.local/lib/python3.8/site-packages/airflow/example_dags/plugins/listener_plugin.py
[2025-05-04T22:44:08.598+0000] {processor.py:842} WARNING - No viable dags retrieved from /home/airflow/.local/lib/python3.8/site-packages/airflow/example_dags/plugins/listener_plugin.py
[2025-05-04T22:44:08.604+0000] {processor.py:183} INFO - Processing /home/airflow/.local/lib/python3.8/site-packages/airflow/example_dags/plugins/listener_plugin.py took 0.015 seconds
[2025-05-04T22:44:39.397+0000] {processor.py:161} INFO - Started process (PID=983) to work on /home/airflow/.local/lib/python3.8/site-packages/airflow/example_dags/plugins/listener_plugin.py
[2025-05-04T22:44:39.397+0000] {processor.py:830} INFO - Processing file /home/airflow/.local/lib/python3.8/site-packages/airflow/example_dags/plugins/listener_plugin.py for tasks to queue
[2025-05-04T22:44:39.398+0000] {logging_mixin.py:188} INFO - [2025-05-04T22:44:39.398+0000] {dagbag.py:538} INFO - Filling up the DagBag from /home/airflow/.local/lib/python3.8/site-packages/airflow/example_dags/plugins/listener_plugin.py
[2025-05-04T22:44:39.400+0000] {processor.py:842} WARNING - No viable dags retrieved from /home/airflow/.local/lib/python3.8/site-packages/airflow/example_dags/plugins/listener_plugin.py
[2025-05-04T22:44:39.406+0000] {processor.py:183} INFO - Processing /home/airflow/.local/lib/python3.8/site-packages/airflow/example_dags/plugins/listener_plugin.py took 0.010 seconds
[2025-05-04T22:45:10.250+0000] {processor.py:161} INFO - Started process (PID=1038) to work on /home/airflow/.local/lib/python3.8/site-packages/airflow/example_dags/plugins/listener_plugin.py
[2025-05-04T22:45:10.251+0000] {processor.py:830} INFO - Processing file /home/airflow/.local/lib/python3.8/site-packages/airflow/example_dags/plugins/listener_plugin.py for tasks to queue
[2025-05-04T22:45:10.257+0000] {logging_mixin.py:188} INFO - [2025-05-04T22:45:10.257+0000] {dagbag.py:538} INFO - Filling up the DagBag from /home/airflow/.local/lib/python3.8/site-packages/airflow/example_dags/plugins/listener_plugin.py
[2025-05-04T22:45:10.258+0000] {processor.py:842} WARNING - No viable dags retrieved from /home/airflow/.local/lib/python3.8/site-packages/airflow/example_dags/plugins/listener_plugin.py
[2025-05-04T22:45:10.265+0000] {processor.py:183} INFO - Processing /home/airflow/.local/lib/python3.8/site-packages/airflow/example_dags/plugins/listener_plugin.py took 0.025 seconds
[2025-05-04T22:45:41.173+0000] {processor.py:161} INFO - Started process (PID=1095) to work on /home/airflow/.local/lib/python3.8/site-packages/airflow/example_dags/plugins/listener_plugin.py
[2025-05-04T22:45:41.174+0000] {processor.py:830} INFO - Processing file /home/airflow/.local/lib/python3.8/site-packages/airflow/example_dags/plugins/listener_plugin.py for tasks to queue
[2025-05-04T22:45:41.175+0000] {logging_mixin.py:188} INFO - [2025-05-04T22:45:41.175+0000] {dagbag.py:538} INFO - Filling up the DagBag from /home/airflow/.local/lib/python3.8/site-packages/airflow/example_dags/plugins/listener_plugin.py
[2025-05-04T22:45:41.176+0000] {processor.py:842} WARNING - No viable dags retrieved from /home/airflow/.local/lib/python3.8/site-packages/airflow/example_dags/plugins/listener_plugin.py
[2025-05-04T22:45:41.182+0000] {processor.py:183} INFO - Processing /home/airflow/.local/lib/python3.8/site-packages/airflow/example_dags/plugins/listener_plugin.py took 0.010 seconds
[2025-05-04T22:46:32.621+0000] {processor.py:161} INFO - Started process (PID=86) to work on /home/airflow/.local/lib/python3.8/site-packages/airflow/example_dags/plugins/listener_plugin.py
[2025-05-04T22:46:32.622+0000] {processor.py:830} INFO - Processing file /home/airflow/.local/lib/python3.8/site-packages/airflow/example_dags/plugins/listener_plugin.py for tasks to queue
[2025-05-04T22:46:32.624+0000] {logging_mixin.py:188} INFO - [2025-05-04T22:46:32.624+0000] {dagbag.py:538} INFO - Filling up the DagBag from /home/airflow/.local/lib/python3.8/site-packages/airflow/example_dags/plugins/listener_plugin.py
[2025-05-04T22:46:32.627+0000] {processor.py:842} WARNING - No viable dags retrieved from /home/airflow/.local/lib/python3.8/site-packages/airflow/example_dags/plugins/listener_plugin.py
[2025-05-04T22:46:32.637+0000] {processor.py:183} INFO - Processing /home/airflow/.local/lib/python3.8/site-packages/airflow/example_dags/plugins/listener_plugin.py took 0.017 seconds
[2025-05-04T22:46:57.131+0000] {processor.py:161} INFO - Started process (PID=85) to work on /home/airflow/.local/lib/python3.8/site-packages/airflow/example_dags/plugins/listener_plugin.py
[2025-05-04T22:46:57.132+0000] {processor.py:830} INFO - Processing file /home/airflow/.local/lib/python3.8/site-packages/airflow/example_dags/plugins/listener_plugin.py for tasks to queue
[2025-05-04T22:46:57.133+0000] {logging_mixin.py:188} INFO - [2025-05-04T22:46:57.133+0000] {dagbag.py:538} INFO - Filling up the DagBag from /home/airflow/.local/lib/python3.8/site-packages/airflow/example_dags/plugins/listener_plugin.py
[2025-05-04T22:46:57.135+0000] {processor.py:842} WARNING - No viable dags retrieved from /home/airflow/.local/lib/python3.8/site-packages/airflow/example_dags/plugins/listener_plugin.py
[2025-05-04T22:46:57.142+0000] {processor.py:183} INFO - Processing /home/airflow/.local/lib/python3.8/site-packages/airflow/example_dags/plugins/listener_plugin.py took 0.012 seconds
[2025-05-04T22:47:52.910+0000] {processor.py:161} INFO - Started process (PID=86) to work on /home/airflow/.local/lib/python3.8/site-packages/airflow/example_dags/plugins/listener_plugin.py
[2025-05-04T22:47:52.910+0000] {processor.py:830} INFO - Processing file /home/airflow/.local/lib/python3.8/site-packages/airflow/example_dags/plugins/listener_plugin.py for tasks to queue
[2025-05-04T22:47:52.911+0000] {logging_mixin.py:188} INFO - [2025-05-04T22:47:52.911+0000] {dagbag.py:538} INFO - Filling up the DagBag from /home/airflow/.local/lib/python3.8/site-packages/airflow/example_dags/plugins/listener_plugin.py
[2025-05-04T22:47:52.912+0000] {processor.py:842} WARNING - No viable dags retrieved from /home/airflow/.local/lib/python3.8/site-packages/airflow/example_dags/plugins/listener_plugin.py
[2025-05-04T22:47:52.920+0000] {processor.py:183} INFO - Processing /home/airflow/.local/lib/python3.8/site-packages/airflow/example_dags/plugins/listener_plugin.py took 0.012 seconds
[2025-05-04T22:48:23.241+0000] {processor.py:161} INFO - Started process (PID=141) to work on /home/airflow/.local/lib/python3.8/site-packages/airflow/example_dags/plugins/listener_plugin.py
[2025-05-04T22:48:23.242+0000] {processor.py:830} INFO - Processing file /home/airflow/.local/lib/python3.8/site-packages/airflow/example_dags/plugins/listener_plugin.py for tasks to queue
[2025-05-04T22:48:23.243+0000] {logging_mixin.py:188} INFO - [2025-05-04T22:48:23.243+0000] {dagbag.py:538} INFO - Filling up the DagBag from /home/airflow/.local/lib/python3.8/site-packages/airflow/example_dags/plugins/listener_plugin.py
[2025-05-04T22:48:23.244+0000] {processor.py:842} WARNING - No viable dags retrieved from /home/airflow/.local/lib/python3.8/site-packages/airflow/example_dags/plugins/listener_plugin.py
[2025-05-04T22:48:23.250+0000] {processor.py:183} INFO - Processing /home/airflow/.local/lib/python3.8/site-packages/airflow/example_dags/plugins/listener_plugin.py took 0.011 seconds
[2025-05-04T22:48:54.142+0000] {processor.py:161} INFO - Started process (PID=199) to work on /home/airflow/.local/lib/python3.8/site-packages/airflow/example_dags/plugins/listener_plugin.py
[2025-05-04T22:48:54.143+0000] {processor.py:830} INFO - Processing file /home/airflow/.local/lib/python3.8/site-packages/airflow/example_dags/plugins/listener_plugin.py for tasks to queue
[2025-05-04T22:48:54.144+0000] {logging_mixin.py:188} INFO - [2025-05-04T22:48:54.143+0000] {dagbag.py:538} INFO - Filling up the DagBag from /home/airflow/.local/lib/python3.8/site-packages/airflow/example_dags/plugins/listener_plugin.py
[2025-05-04T22:48:54.145+0000] {processor.py:842} WARNING - No viable dags retrieved from /home/airflow/.local/lib/python3.8/site-packages/airflow/example_dags/plugins/listener_plugin.py
[2025-05-04T22:48:54.155+0000] {processor.py:183} INFO - Processing /home/airflow/.local/lib/python3.8/site-packages/airflow/example_dags/plugins/listener_plugin.py took 0.015 seconds
[2025-05-04T22:49:24.862+0000] {processor.py:161} INFO - Started process (PID=254) to work on /home/airflow/.local/lib/python3.8/site-packages/airflow/example_dags/plugins/listener_plugin.py
[2025-05-04T22:49:24.863+0000] {processor.py:830} INFO - Processing file /home/airflow/.local/lib/python3.8/site-packages/airflow/example_dags/plugins/listener_plugin.py for tasks to queue
[2025-05-04T22:49:24.864+0000] {logging_mixin.py:188} INFO - [2025-05-04T22:49:24.864+0000] {dagbag.py:538} INFO - Filling up the DagBag from /home/airflow/.local/lib/python3.8/site-packages/airflow/example_dags/plugins/listener_plugin.py
[2025-05-04T22:49:24.865+0000] {processor.py:842} WARNING - No viable dags retrieved from /home/airflow/.local/lib/python3.8/site-packages/airflow/example_dags/plugins/listener_plugin.py
[2025-05-04T22:49:24.872+0000] {processor.py:183} INFO - Processing /home/airflow/.local/lib/python3.8/site-packages/airflow/example_dags/plugins/listener_plugin.py took 0.011 seconds
[2025-05-04T22:49:55.473+0000] {processor.py:161} INFO - Started process (PID=310) to work on /home/airflow/.local/lib/python3.8/site-packages/airflow/example_dags/plugins/listener_plugin.py
[2025-05-04T22:49:55.473+0000] {processor.py:830} INFO - Processing file /home/airflow/.local/lib/python3.8/site-packages/airflow/example_dags/plugins/listener_plugin.py for tasks to queue
[2025-05-04T22:49:55.474+0000] {logging_mixin.py:188} INFO - [2025-05-04T22:49:55.474+0000] {dagbag.py:538} INFO - Filling up the DagBag from /home/airflow/.local/lib/python3.8/site-packages/airflow/example_dags/plugins/listener_plugin.py
[2025-05-04T22:49:55.476+0000] {processor.py:842} WARNING - No viable dags retrieved from /home/airflow/.local/lib/python3.8/site-packages/airflow/example_dags/plugins/listener_plugin.py
[2025-05-04T22:49:55.484+0000] {processor.py:183} INFO - Processing /home/airflow/.local/lib/python3.8/site-packages/airflow/example_dags/plugins/listener_plugin.py took 0.013 seconds
[2025-05-04T22:50:26.215+0000] {processor.py:161} INFO - Started process (PID=365) to work on /home/airflow/.local/lib/python3.8/site-packages/airflow/example_dags/plugins/listener_plugin.py
[2025-05-04T22:50:26.216+0000] {processor.py:830} INFO - Processing file /home/airflow/.local/lib/python3.8/site-packages/airflow/example_dags/plugins/listener_plugin.py for tasks to queue
[2025-05-04T22:50:26.218+0000] {logging_mixin.py:188} INFO - [2025-05-04T22:50:26.217+0000] {dagbag.py:538} INFO - Filling up the DagBag from /home/airflow/.local/lib/python3.8/site-packages/airflow/example_dags/plugins/listener_plugin.py
[2025-05-04T22:50:26.219+0000] {processor.py:842} WARNING - No viable dags retrieved from /home/airflow/.local/lib/python3.8/site-packages/airflow/example_dags/plugins/listener_plugin.py
[2025-05-04T22:50:26.234+0000] {processor.py:183} INFO - Processing /home/airflow/.local/lib/python3.8/site-packages/airflow/example_dags/plugins/listener_plugin.py took 0.020 seconds
[2025-05-04T22:50:59.390+0000] {processor.py:161} INFO - Started process (PID=86) to work on /home/airflow/.local/lib/python3.8/site-packages/airflow/example_dags/plugins/listener_plugin.py
[2025-05-04T22:50:59.390+0000] {processor.py:830} INFO - Processing file /home/airflow/.local/lib/python3.8/site-packages/airflow/example_dags/plugins/listener_plugin.py for tasks to queue
[2025-05-04T22:50:59.391+0000] {logging_mixin.py:188} INFO - [2025-05-04T22:50:59.391+0000] {dagbag.py:538} INFO - Filling up the DagBag from /home/airflow/.local/lib/python3.8/site-packages/airflow/example_dags/plugins/listener_plugin.py
[2025-05-04T22:50:59.393+0000] {processor.py:842} WARNING - No viable dags retrieved from /home/airflow/.local/lib/python3.8/site-packages/airflow/example_dags/plugins/listener_plugin.py
[2025-05-04T22:50:59.400+0000] {processor.py:183} INFO - Processing /home/airflow/.local/lib/python3.8/site-packages/airflow/example_dags/plugins/listener_plugin.py took 0.012 seconds
[2025-05-04T22:51:29.849+0000] {processor.py:161} INFO - Started process (PID=142) to work on /home/airflow/.local/lib/python3.8/site-packages/airflow/example_dags/plugins/listener_plugin.py
[2025-05-04T22:51:29.850+0000] {processor.py:830} INFO - Processing file /home/airflow/.local/lib/python3.8/site-packages/airflow/example_dags/plugins/listener_plugin.py for tasks to queue
[2025-05-04T22:51:29.852+0000] {logging_mixin.py:188} INFO - [2025-05-04T22:51:29.851+0000] {dagbag.py:538} INFO - Filling up the DagBag from /home/airflow/.local/lib/python3.8/site-packages/airflow/example_dags/plugins/listener_plugin.py
[2025-05-04T22:51:29.853+0000] {processor.py:842} WARNING - No viable dags retrieved from /home/airflow/.local/lib/python3.8/site-packages/airflow/example_dags/plugins/listener_plugin.py
[2025-05-04T22:51:29.861+0000] {processor.py:183} INFO - Processing /home/airflow/.local/lib/python3.8/site-packages/airflow/example_dags/plugins/listener_plugin.py took 0.014 seconds
[2025-05-04T22:52:00.427+0000] {processor.py:161} INFO - Started process (PID=197) to work on /home/airflow/.local/lib/python3.8/site-packages/airflow/example_dags/plugins/listener_plugin.py
[2025-05-04T22:52:00.428+0000] {processor.py:830} INFO - Processing file /home/airflow/.local/lib/python3.8/site-packages/airflow/example_dags/plugins/listener_plugin.py for tasks to queue
[2025-05-04T22:52:00.430+0000] {logging_mixin.py:188} INFO - [2025-05-04T22:52:00.430+0000] {dagbag.py:538} INFO - Filling up the DagBag from /home/airflow/.local/lib/python3.8/site-packages/airflow/example_dags/plugins/listener_plugin.py
[2025-05-04T22:52:00.433+0000] {processor.py:842} WARNING - No viable dags retrieved from /home/airflow/.local/lib/python3.8/site-packages/airflow/example_dags/plugins/listener_plugin.py
[2025-05-04T22:52:00.444+0000] {processor.py:183} INFO - Processing /home/airflow/.local/lib/python3.8/site-packages/airflow/example_dags/plugins/listener_plugin.py took 0.019 seconds
[2025-05-04T22:52:31.288+0000] {processor.py:161} INFO - Started process (PID=254) to work on /home/airflow/.local/lib/python3.8/site-packages/airflow/example_dags/plugins/listener_plugin.py
[2025-05-04T22:52:31.289+0000] {processor.py:830} INFO - Processing file /home/airflow/.local/lib/python3.8/site-packages/airflow/example_dags/plugins/listener_plugin.py for tasks to queue
[2025-05-04T22:52:31.292+0000] {logging_mixin.py:188} INFO - [2025-05-04T22:52:31.291+0000] {dagbag.py:538} INFO - Filling up the DagBag from /home/airflow/.local/lib/python3.8/site-packages/airflow/example_dags/plugins/listener_plugin.py
[2025-05-04T22:52:31.293+0000] {processor.py:842} WARNING - No viable dags retrieved from /home/airflow/.local/lib/python3.8/site-packages/airflow/example_dags/plugins/listener_plugin.py
[2025-05-04T22:52:31.300+0000] {processor.py:183} INFO - Processing /home/airflow/.local/lib/python3.8/site-packages/airflow/example_dags/plugins/listener_plugin.py took 0.013 seconds
[2025-05-04T22:53:02.056+0000] {processor.py:161} INFO - Started process (PID=309) to work on /home/airflow/.local/lib/python3.8/site-packages/airflow/example_dags/plugins/listener_plugin.py
[2025-05-04T22:53:02.056+0000] {processor.py:830} INFO - Processing file /home/airflow/.local/lib/python3.8/site-packages/airflow/example_dags/plugins/listener_plugin.py for tasks to queue
[2025-05-04T22:53:02.057+0000] {logging_mixin.py:188} INFO - [2025-05-04T22:53:02.057+0000] {dagbag.py:538} INFO - Filling up the DagBag from /home/airflow/.local/lib/python3.8/site-packages/airflow/example_dags/plugins/listener_plugin.py
[2025-05-04T22:53:02.059+0000] {processor.py:842} WARNING - No viable dags retrieved from /home/airflow/.local/lib/python3.8/site-packages/airflow/example_dags/plugins/listener_plugin.py
[2025-05-04T22:53:02.066+0000] {processor.py:183} INFO - Processing /home/airflow/.local/lib/python3.8/site-packages/airflow/example_dags/plugins/listener_plugin.py took 0.012 seconds
[2025-05-04T22:58:01.994+0000] {processor.py:161} INFO - Started process (PID=87) to work on /home/airflow/.local/lib/python3.8/site-packages/airflow/example_dags/plugins/listener_plugin.py
[2025-05-04T22:58:01.995+0000] {processor.py:830} INFO - Processing file /home/airflow/.local/lib/python3.8/site-packages/airflow/example_dags/plugins/listener_plugin.py for tasks to queue
[2025-05-04T22:58:01.997+0000] {logging_mixin.py:188} INFO - [2025-05-04T22:58:01.997+0000] {dagbag.py:538} INFO - Filling up the DagBag from /home/airflow/.local/lib/python3.8/site-packages/airflow/example_dags/plugins/listener_plugin.py
[2025-05-04T22:58:01.999+0000] {processor.py:842} WARNING - No viable dags retrieved from /home/airflow/.local/lib/python3.8/site-packages/airflow/example_dags/plugins/listener_plugin.py
[2025-05-04T22:58:02.007+0000] {processor.py:183} INFO - Processing /home/airflow/.local/lib/python3.8/site-packages/airflow/example_dags/plugins/listener_plugin.py took 0.015 seconds
[2025-05-04T22:58:32.426+0000] {processor.py:161} INFO - Started process (PID=143) to work on /home/airflow/.local/lib/python3.8/site-packages/airflow/example_dags/plugins/listener_plugin.py
[2025-05-04T22:58:32.426+0000] {processor.py:830} INFO - Processing file /home/airflow/.local/lib/python3.8/site-packages/airflow/example_dags/plugins/listener_plugin.py for tasks to queue
[2025-05-04T22:58:32.427+0000] {logging_mixin.py:188} INFO - [2025-05-04T22:58:32.427+0000] {dagbag.py:538} INFO - Filling up the DagBag from /home/airflow/.local/lib/python3.8/site-packages/airflow/example_dags/plugins/listener_plugin.py
[2025-05-04T22:58:32.428+0000] {processor.py:842} WARNING - No viable dags retrieved from /home/airflow/.local/lib/python3.8/site-packages/airflow/example_dags/plugins/listener_plugin.py
[2025-05-04T22:58:32.434+0000] {processor.py:183} INFO - Processing /home/airflow/.local/lib/python3.8/site-packages/airflow/example_dags/plugins/listener_plugin.py took 0.010 seconds
[2025-05-04T22:59:03.224+0000] {processor.py:161} INFO - Started process (PID=198) to work on /home/airflow/.local/lib/python3.8/site-packages/airflow/example_dags/plugins/listener_plugin.py
[2025-05-04T22:59:03.225+0000] {processor.py:830} INFO - Processing file /home/airflow/.local/lib/python3.8/site-packages/airflow/example_dags/plugins/listener_plugin.py for tasks to queue
[2025-05-04T22:59:03.226+0000] {logging_mixin.py:188} INFO - [2025-05-04T22:59:03.225+0000] {dagbag.py:538} INFO - Filling up the DagBag from /home/airflow/.local/lib/python3.8/site-packages/airflow/example_dags/plugins/listener_plugin.py
[2025-05-04T22:59:03.227+0000] {processor.py:842} WARNING - No viable dags retrieved from /home/airflow/.local/lib/python3.8/site-packages/airflow/example_dags/plugins/listener_plugin.py
[2025-05-04T22:59:03.233+0000] {processor.py:183} INFO - Processing /home/airflow/.local/lib/python3.8/site-packages/airflow/example_dags/plugins/listener_plugin.py took 0.010 seconds
[2025-05-04T22:59:34.018+0000] {processor.py:161} INFO - Started process (PID=261) to work on /home/airflow/.local/lib/python3.8/site-packages/airflow/example_dags/plugins/listener_plugin.py
[2025-05-04T22:59:34.018+0000] {processor.py:830} INFO - Processing file /home/airflow/.local/lib/python3.8/site-packages/airflow/example_dags/plugins/listener_plugin.py for tasks to queue
[2025-05-04T22:59:34.019+0000] {logging_mixin.py:188} INFO - [2025-05-04T22:59:34.019+0000] {dagbag.py:538} INFO - Filling up the DagBag from /home/airflow/.local/lib/python3.8/site-packages/airflow/example_dags/plugins/listener_plugin.py
[2025-05-04T22:59:34.020+0000] {processor.py:842} WARNING - No viable dags retrieved from /home/airflow/.local/lib/python3.8/site-packages/airflow/example_dags/plugins/listener_plugin.py
[2025-05-04T22:59:34.026+0000] {processor.py:183} INFO - Processing /home/airflow/.local/lib/python3.8/site-packages/airflow/example_dags/plugins/listener_plugin.py took 0.010 seconds
[2025-05-04T23:00:04.747+0000] {processor.py:161} INFO - Started process (PID=316) to work on /home/airflow/.local/lib/python3.8/site-packages/airflow/example_dags/plugins/listener_plugin.py
[2025-05-04T23:00:04.747+0000] {processor.py:830} INFO - Processing file /home/airflow/.local/lib/python3.8/site-packages/airflow/example_dags/plugins/listener_plugin.py for tasks to queue
[2025-05-04T23:00:04.748+0000] {logging_mixin.py:188} INFO - [2025-05-04T23:00:04.748+0000] {dagbag.py:538} INFO - Filling up the DagBag from /home/airflow/.local/lib/python3.8/site-packages/airflow/example_dags/plugins/listener_plugin.py
[2025-05-04T23:00:04.750+0000] {processor.py:842} WARNING - No viable dags retrieved from /home/airflow/.local/lib/python3.8/site-packages/airflow/example_dags/plugins/listener_plugin.py
[2025-05-04T23:00:04.756+0000] {processor.py:183} INFO - Processing /home/airflow/.local/lib/python3.8/site-packages/airflow/example_dags/plugins/listener_plugin.py took 0.011 seconds
[2025-05-04T23:00:35.473+0000] {processor.py:161} INFO - Started process (PID=371) to work on /home/airflow/.local/lib/python3.8/site-packages/airflow/example_dags/plugins/listener_plugin.py
[2025-05-04T23:00:35.474+0000] {processor.py:830} INFO - Processing file /home/airflow/.local/lib/python3.8/site-packages/airflow/example_dags/plugins/listener_plugin.py for tasks to queue
[2025-05-04T23:00:35.475+0000] {logging_mixin.py:188} INFO - [2025-05-04T23:00:35.475+0000] {dagbag.py:538} INFO - Filling up the DagBag from /home/airflow/.local/lib/python3.8/site-packages/airflow/example_dags/plugins/listener_plugin.py
[2025-05-04T23:00:35.476+0000] {processor.py:842} WARNING - No viable dags retrieved from /home/airflow/.local/lib/python3.8/site-packages/airflow/example_dags/plugins/listener_plugin.py
[2025-05-04T23:00:35.485+0000] {processor.py:183} INFO - Processing /home/airflow/.local/lib/python3.8/site-packages/airflow/example_dags/plugins/listener_plugin.py took 0.013 seconds
[2025-05-04T23:01:06.086+0000] {processor.py:161} INFO - Started process (PID=427) to work on /home/airflow/.local/lib/python3.8/site-packages/airflow/example_dags/plugins/listener_plugin.py
[2025-05-04T23:01:06.087+0000] {processor.py:830} INFO - Processing file /home/airflow/.local/lib/python3.8/site-packages/airflow/example_dags/plugins/listener_plugin.py for tasks to queue
[2025-05-04T23:01:06.088+0000] {logging_mixin.py:188} INFO - [2025-05-04T23:01:06.088+0000] {dagbag.py:538} INFO - Filling up the DagBag from /home/airflow/.local/lib/python3.8/site-packages/airflow/example_dags/plugins/listener_plugin.py
[2025-05-04T23:01:06.091+0000] {processor.py:842} WARNING - No viable dags retrieved from /home/airflow/.local/lib/python3.8/site-packages/airflow/example_dags/plugins/listener_plugin.py
[2025-05-04T23:01:06.099+0000] {processor.py:183} INFO - Processing /home/airflow/.local/lib/python3.8/site-packages/airflow/example_dags/plugins/listener_plugin.py took 0.015 seconds
[2025-05-04T23:01:36.629+0000] {processor.py:161} INFO - Started process (PID=483) to work on /home/airflow/.local/lib/python3.8/site-packages/airflow/example_dags/plugins/listener_plugin.py
[2025-05-04T23:01:36.630+0000] {processor.py:830} INFO - Processing file /home/airflow/.local/lib/python3.8/site-packages/airflow/example_dags/plugins/listener_plugin.py for tasks to queue
[2025-05-04T23:01:36.632+0000] {logging_mixin.py:188} INFO - [2025-05-04T23:01:36.632+0000] {dagbag.py:538} INFO - Filling up the DagBag from /home/airflow/.local/lib/python3.8/site-packages/airflow/example_dags/plugins/listener_plugin.py
[2025-05-04T23:01:36.635+0000] {processor.py:842} WARNING - No viable dags retrieved from /home/airflow/.local/lib/python3.8/site-packages/airflow/example_dags/plugins/listener_plugin.py
[2025-05-04T23:01:36.649+0000] {processor.py:183} INFO - Processing /home/airflow/.local/lib/python3.8/site-packages/airflow/example_dags/plugins/listener_plugin.py took 0.021 seconds
[2025-05-04T23:02:07.145+0000] {processor.py:161} INFO - Started process (PID=539) to work on /home/airflow/.local/lib/python3.8/site-packages/airflow/example_dags/plugins/listener_plugin.py
[2025-05-04T23:02:07.146+0000] {processor.py:830} INFO - Processing file /home/airflow/.local/lib/python3.8/site-packages/airflow/example_dags/plugins/listener_plugin.py for tasks to queue
[2025-05-04T23:02:07.146+0000] {logging_mixin.py:188} INFO - [2025-05-04T23:02:07.146+0000] {dagbag.py:538} INFO - Filling up the DagBag from /home/airflow/.local/lib/python3.8/site-packages/airflow/example_dags/plugins/listener_plugin.py
[2025-05-04T23:02:07.147+0000] {processor.py:842} WARNING - No viable dags retrieved from /home/airflow/.local/lib/python3.8/site-packages/airflow/example_dags/plugins/listener_plugin.py
[2025-05-04T23:02:07.155+0000] {processor.py:183} INFO - Processing /home/airflow/.local/lib/python3.8/site-packages/airflow/example_dags/plugins/listener_plugin.py took 0.012 seconds
[2025-05-04T23:02:37.888+0000] {processor.py:161} INFO - Started process (PID=595) to work on /home/airflow/.local/lib/python3.8/site-packages/airflow/example_dags/plugins/listener_plugin.py
[2025-05-04T23:02:37.889+0000] {processor.py:830} INFO - Processing file /home/airflow/.local/lib/python3.8/site-packages/airflow/example_dags/plugins/listener_plugin.py for tasks to queue
[2025-05-04T23:02:37.890+0000] {logging_mixin.py:188} INFO - [2025-05-04T23:02:37.890+0000] {dagbag.py:538} INFO - Filling up the DagBag from /home/airflow/.local/lib/python3.8/site-packages/airflow/example_dags/plugins/listener_plugin.py
[2025-05-04T23:02:37.891+0000] {processor.py:842} WARNING - No viable dags retrieved from /home/airflow/.local/lib/python3.8/site-packages/airflow/example_dags/plugins/listener_plugin.py
[2025-05-04T23:02:37.898+0000] {processor.py:183} INFO - Processing /home/airflow/.local/lib/python3.8/site-packages/airflow/example_dags/plugins/listener_plugin.py took 0.011 seconds
[2025-05-04T23:03:08.546+0000] {processor.py:161} INFO - Started process (PID=651) to work on /home/airflow/.local/lib/python3.8/site-packages/airflow/example_dags/plugins/listener_plugin.py
[2025-05-04T23:03:08.546+0000] {processor.py:830} INFO - Processing file /home/airflow/.local/lib/python3.8/site-packages/airflow/example_dags/plugins/listener_plugin.py for tasks to queue
[2025-05-04T23:03:08.547+0000] {logging_mixin.py:188} INFO - [2025-05-04T23:03:08.547+0000] {dagbag.py:538} INFO - Filling up the DagBag from /home/airflow/.local/lib/python3.8/site-packages/airflow/example_dags/plugins/listener_plugin.py
[2025-05-04T23:03:08.549+0000] {processor.py:842} WARNING - No viable dags retrieved from /home/airflow/.local/lib/python3.8/site-packages/airflow/example_dags/plugins/listener_plugin.py
[2025-05-04T23:03:08.560+0000] {processor.py:183} INFO - Processing /home/airflow/.local/lib/python3.8/site-packages/airflow/example_dags/plugins/listener_plugin.py took 0.016 seconds
[2025-05-04T23:03:39.124+0000] {processor.py:161} INFO - Started process (PID=707) to work on /home/airflow/.local/lib/python3.8/site-packages/airflow/example_dags/plugins/listener_plugin.py
[2025-05-04T23:03:39.125+0000] {processor.py:830} INFO - Processing file /home/airflow/.local/lib/python3.8/site-packages/airflow/example_dags/plugins/listener_plugin.py for tasks to queue
[2025-05-04T23:03:39.127+0000] {logging_mixin.py:188} INFO - [2025-05-04T23:03:39.127+0000] {dagbag.py:538} INFO - Filling up the DagBag from /home/airflow/.local/lib/python3.8/site-packages/airflow/example_dags/plugins/listener_plugin.py
[2025-05-04T23:03:39.128+0000] {processor.py:842} WARNING - No viable dags retrieved from /home/airflow/.local/lib/python3.8/site-packages/airflow/example_dags/plugins/listener_plugin.py
[2025-05-04T23:03:39.137+0000] {processor.py:183} INFO - Processing /home/airflow/.local/lib/python3.8/site-packages/airflow/example_dags/plugins/listener_plugin.py took 0.015 seconds
[2025-05-04T23:04:29.469+0000] {processor.py:161} INFO - Started process (PID=91) to work on /home/airflow/.local/lib/python3.8/site-packages/airflow/example_dags/plugins/listener_plugin.py
[2025-05-04T23:04:29.471+0000] {processor.py:830} INFO - Processing file /home/airflow/.local/lib/python3.8/site-packages/airflow/example_dags/plugins/listener_plugin.py for tasks to queue
[2025-05-04T23:04:29.473+0000] {logging_mixin.py:188} INFO - [2025-05-04T23:04:29.473+0000] {dagbag.py:538} INFO - Filling up the DagBag from /home/airflow/.local/lib/python3.8/site-packages/airflow/example_dags/plugins/listener_plugin.py
[2025-05-04T23:04:29.476+0000] {processor.py:842} WARNING - No viable dags retrieved from /home/airflow/.local/lib/python3.8/site-packages/airflow/example_dags/plugins/listener_plugin.py
[2025-05-04T23:04:29.486+0000] {processor.py:183} INFO - Processing /home/airflow/.local/lib/python3.8/site-packages/airflow/example_dags/plugins/listener_plugin.py took 0.020 seconds
[2025-05-04T23:04:59.793+0000] {processor.py:161} INFO - Started process (PID=146) to work on /home/airflow/.local/lib/python3.8/site-packages/airflow/example_dags/plugins/listener_plugin.py
[2025-05-04T23:04:59.793+0000] {processor.py:830} INFO - Processing file /home/airflow/.local/lib/python3.8/site-packages/airflow/example_dags/plugins/listener_plugin.py for tasks to queue
[2025-05-04T23:04:59.794+0000] {logging_mixin.py:188} INFO - [2025-05-04T23:04:59.794+0000] {dagbag.py:538} INFO - Filling up the DagBag from /home/airflow/.local/lib/python3.8/site-packages/airflow/example_dags/plugins/listener_plugin.py
[2025-05-04T23:04:59.795+0000] {processor.py:842} WARNING - No viable dags retrieved from /home/airflow/.local/lib/python3.8/site-packages/airflow/example_dags/plugins/listener_plugin.py
[2025-05-04T23:04:59.801+0000] {processor.py:183} INFO - Processing /home/airflow/.local/lib/python3.8/site-packages/airflow/example_dags/plugins/listener_plugin.py took 0.010 seconds
[2025-05-04T23:05:30.592+0000] {processor.py:161} INFO - Started process (PID=201) to work on /home/airflow/.local/lib/python3.8/site-packages/airflow/example_dags/plugins/listener_plugin.py
[2025-05-04T23:05:30.593+0000] {processor.py:830} INFO - Processing file /home/airflow/.local/lib/python3.8/site-packages/airflow/example_dags/plugins/listener_plugin.py for tasks to queue
[2025-05-04T23:05:30.595+0000] {logging_mixin.py:188} INFO - [2025-05-04T23:05:30.595+0000] {dagbag.py:538} INFO - Filling up the DagBag from /home/airflow/.local/lib/python3.8/site-packages/airflow/example_dags/plugins/listener_plugin.py
[2025-05-04T23:05:30.597+0000] {processor.py:842} WARNING - No viable dags retrieved from /home/airflow/.local/lib/python3.8/site-packages/airflow/example_dags/plugins/listener_plugin.py
[2025-05-04T23:05:30.606+0000] {processor.py:183} INFO - Processing /home/airflow/.local/lib/python3.8/site-packages/airflow/example_dags/plugins/listener_plugin.py took 0.015 seconds
[2025-05-04T23:06:32.384+0000] {processor.py:161} INFO - Started process (PID=92) to work on /home/airflow/.local/lib/python3.8/site-packages/airflow/example_dags/plugins/listener_plugin.py
[2025-05-04T23:06:32.385+0000] {processor.py:830} INFO - Processing file /home/airflow/.local/lib/python3.8/site-packages/airflow/example_dags/plugins/listener_plugin.py for tasks to queue
[2025-05-04T23:06:32.386+0000] {logging_mixin.py:188} INFO - [2025-05-04T23:06:32.386+0000] {dagbag.py:538} INFO - Filling up the DagBag from /home/airflow/.local/lib/python3.8/site-packages/airflow/example_dags/plugins/listener_plugin.py
[2025-05-04T23:06:32.389+0000] {processor.py:842} WARNING - No viable dags retrieved from /home/airflow/.local/lib/python3.8/site-packages/airflow/example_dags/plugins/listener_plugin.py
[2025-05-04T23:06:32.397+0000] {processor.py:183} INFO - Processing /home/airflow/.local/lib/python3.8/site-packages/airflow/example_dags/plugins/listener_plugin.py took 0.015 seconds
[2025-05-04T23:07:02.611+0000] {processor.py:161} INFO - Started process (PID=147) to work on /home/airflow/.local/lib/python3.8/site-packages/airflow/example_dags/plugins/listener_plugin.py
[2025-05-04T23:07:02.612+0000] {processor.py:830} INFO - Processing file /home/airflow/.local/lib/python3.8/site-packages/airflow/example_dags/plugins/listener_plugin.py for tasks to queue
[2025-05-04T23:07:02.613+0000] {logging_mixin.py:188} INFO - [2025-05-04T23:07:02.613+0000] {dagbag.py:538} INFO - Filling up the DagBag from /home/airflow/.local/lib/python3.8/site-packages/airflow/example_dags/plugins/listener_plugin.py
[2025-05-04T23:07:02.614+0000] {processor.py:842} WARNING - No viable dags retrieved from /home/airflow/.local/lib/python3.8/site-packages/airflow/example_dags/plugins/listener_plugin.py
[2025-05-04T23:07:02.627+0000] {processor.py:183} INFO - Processing /home/airflow/.local/lib/python3.8/site-packages/airflow/example_dags/plugins/listener_plugin.py took 0.018 seconds
[2025-05-04T23:07:33.293+0000] {processor.py:161} INFO - Started process (PID=203) to work on /home/airflow/.local/lib/python3.8/site-packages/airflow/example_dags/plugins/listener_plugin.py
[2025-05-04T23:07:33.294+0000] {processor.py:830} INFO - Processing file /home/airflow/.local/lib/python3.8/site-packages/airflow/example_dags/plugins/listener_plugin.py for tasks to queue
[2025-05-04T23:07:33.295+0000] {logging_mixin.py:188} INFO - [2025-05-04T23:07:33.295+0000] {dagbag.py:538} INFO - Filling up the DagBag from /home/airflow/.local/lib/python3.8/site-packages/airflow/example_dags/plugins/listener_plugin.py
[2025-05-04T23:07:33.297+0000] {processor.py:842} WARNING - No viable dags retrieved from /home/airflow/.local/lib/python3.8/site-packages/airflow/example_dags/plugins/listener_plugin.py
[2025-05-04T23:07:33.307+0000] {processor.py:183} INFO - Processing /home/airflow/.local/lib/python3.8/site-packages/airflow/example_dags/plugins/listener_plugin.py took 0.015 seconds
[2025-05-04T23:08:03.884+0000] {processor.py:161} INFO - Started process (PID=259) to work on /home/airflow/.local/lib/python3.8/site-packages/airflow/example_dags/plugins/listener_plugin.py
[2025-05-04T23:08:03.885+0000] {processor.py:830} INFO - Processing file /home/airflow/.local/lib/python3.8/site-packages/airflow/example_dags/plugins/listener_plugin.py for tasks to queue
[2025-05-04T23:08:03.886+0000] {logging_mixin.py:188} INFO - [2025-05-04T23:08:03.886+0000] {dagbag.py:538} INFO - Filling up the DagBag from /home/airflow/.local/lib/python3.8/site-packages/airflow/example_dags/plugins/listener_plugin.py
[2025-05-04T23:08:03.888+0000] {processor.py:842} WARNING - No viable dags retrieved from /home/airflow/.local/lib/python3.8/site-packages/airflow/example_dags/plugins/listener_plugin.py
[2025-05-04T23:08:03.893+0000] {processor.py:183} INFO - Processing /home/airflow/.local/lib/python3.8/site-packages/airflow/example_dags/plugins/listener_plugin.py took 0.011 seconds
[2025-05-04T23:08:34.426+0000] {processor.py:161} INFO - Started process (PID=315) to work on /home/airflow/.local/lib/python3.8/site-packages/airflow/example_dags/plugins/listener_plugin.py
[2025-05-04T23:08:34.429+0000] {processor.py:830} INFO - Processing file /home/airflow/.local/lib/python3.8/site-packages/airflow/example_dags/plugins/listener_plugin.py for tasks to queue
[2025-05-04T23:08:34.431+0000] {logging_mixin.py:188} INFO - [2025-05-04T23:08:34.431+0000] {dagbag.py:538} INFO - Filling up the DagBag from /home/airflow/.local/lib/python3.8/site-packages/airflow/example_dags/plugins/listener_plugin.py
[2025-05-04T23:08:34.433+0000] {processor.py:842} WARNING - No viable dags retrieved from /home/airflow/.local/lib/python3.8/site-packages/airflow/example_dags/plugins/listener_plugin.py
[2025-05-04T23:08:34.441+0000] {processor.py:183} INFO - Processing /home/airflow/.local/lib/python3.8/site-packages/airflow/example_dags/plugins/listener_plugin.py took 0.017 seconds
[2025-05-04T23:09:05.266+0000] {processor.py:161} INFO - Started process (PID=370) to work on /home/airflow/.local/lib/python3.8/site-packages/airflow/example_dags/plugins/listener_plugin.py
[2025-05-04T23:09:05.267+0000] {processor.py:830} INFO - Processing file /home/airflow/.local/lib/python3.8/site-packages/airflow/example_dags/plugins/listener_plugin.py for tasks to queue
[2025-05-04T23:09:05.268+0000] {logging_mixin.py:188} INFO - [2025-05-04T23:09:05.268+0000] {dagbag.py:538} INFO - Filling up the DagBag from /home/airflow/.local/lib/python3.8/site-packages/airflow/example_dags/plugins/listener_plugin.py
[2025-05-04T23:09:05.269+0000] {processor.py:842} WARNING - No viable dags retrieved from /home/airflow/.local/lib/python3.8/site-packages/airflow/example_dags/plugins/listener_plugin.py
[2025-05-04T23:09:05.281+0000] {processor.py:183} INFO - Processing /home/airflow/.local/lib/python3.8/site-packages/airflow/example_dags/plugins/listener_plugin.py took 0.017 seconds
[2025-05-04T23:09:35.374+0000] {processor.py:161} INFO - Started process (PID=426) to work on /home/airflow/.local/lib/python3.8/site-packages/airflow/example_dags/plugins/listener_plugin.py
[2025-05-04T23:09:35.374+0000] {processor.py:830} INFO - Processing file /home/airflow/.local/lib/python3.8/site-packages/airflow/example_dags/plugins/listener_plugin.py for tasks to queue
[2025-05-04T23:09:35.376+0000] {logging_mixin.py:188} INFO - [2025-05-04T23:09:35.376+0000] {dagbag.py:538} INFO - Filling up the DagBag from /home/airflow/.local/lib/python3.8/site-packages/airflow/example_dags/plugins/listener_plugin.py
[2025-05-04T23:09:35.378+0000] {processor.py:842} WARNING - No viable dags retrieved from /home/airflow/.local/lib/python3.8/site-packages/airflow/example_dags/plugins/listener_plugin.py
[2025-05-04T23:09:35.384+0000] {processor.py:183} INFO - Processing /home/airflow/.local/lib/python3.8/site-packages/airflow/example_dags/plugins/listener_plugin.py took 0.012 seconds
[2025-05-04T23:10:06.122+0000] {processor.py:161} INFO - Started process (PID=482) to work on /home/airflow/.local/lib/python3.8/site-packages/airflow/example_dags/plugins/listener_plugin.py
[2025-05-04T23:10:06.123+0000] {processor.py:830} INFO - Processing file /home/airflow/.local/lib/python3.8/site-packages/airflow/example_dags/plugins/listener_plugin.py for tasks to queue
[2025-05-04T23:10:06.124+0000] {logging_mixin.py:188} INFO - [2025-05-04T23:10:06.124+0000] {dagbag.py:538} INFO - Filling up the DagBag from /home/airflow/.local/lib/python3.8/site-packages/airflow/example_dags/plugins/listener_plugin.py
[2025-05-04T23:10:06.125+0000] {processor.py:842} WARNING - No viable dags retrieved from /home/airflow/.local/lib/python3.8/site-packages/airflow/example_dags/plugins/listener_plugin.py
[2025-05-04T23:10:06.136+0000] {processor.py:183} INFO - Processing /home/airflow/.local/lib/python3.8/site-packages/airflow/example_dags/plugins/listener_plugin.py took 0.016 seconds
[2025-05-04T23:10:36.776+0000] {processor.py:161} INFO - Started process (PID=538) to work on /home/airflow/.local/lib/python3.8/site-packages/airflow/example_dags/plugins/listener_plugin.py
[2025-05-04T23:10:36.778+0000] {processor.py:830} INFO - Processing file /home/airflow/.local/lib/python3.8/site-packages/airflow/example_dags/plugins/listener_plugin.py for tasks to queue
[2025-05-04T23:10:36.779+0000] {logging_mixin.py:188} INFO - [2025-05-04T23:10:36.779+0000] {dagbag.py:538} INFO - Filling up the DagBag from /home/airflow/.local/lib/python3.8/site-packages/airflow/example_dags/plugins/listener_plugin.py
[2025-05-04T23:10:36.781+0000] {processor.py:842} WARNING - No viable dags retrieved from /home/airflow/.local/lib/python3.8/site-packages/airflow/example_dags/plugins/listener_plugin.py
[2025-05-04T23:10:36.788+0000] {processor.py:183} INFO - Processing /home/airflow/.local/lib/python3.8/site-packages/airflow/example_dags/plugins/listener_plugin.py took 0.014 seconds
[2025-05-04T23:11:07.507+0000] {processor.py:161} INFO - Started process (PID=594) to work on /home/airflow/.local/lib/python3.8/site-packages/airflow/example_dags/plugins/listener_plugin.py
[2025-05-04T23:11:07.508+0000] {processor.py:830} INFO - Processing file /home/airflow/.local/lib/python3.8/site-packages/airflow/example_dags/plugins/listener_plugin.py for tasks to queue
[2025-05-04T23:11:07.510+0000] {logging_mixin.py:188} INFO - [2025-05-04T23:11:07.510+0000] {dagbag.py:538} INFO - Filling up the DagBag from /home/airflow/.local/lib/python3.8/site-packages/airflow/example_dags/plugins/listener_plugin.py
[2025-05-04T23:11:07.511+0000] {processor.py:842} WARNING - No viable dags retrieved from /home/airflow/.local/lib/python3.8/site-packages/airflow/example_dags/plugins/listener_plugin.py
[2025-05-04T23:11:07.521+0000] {processor.py:183} INFO - Processing /home/airflow/.local/lib/python3.8/site-packages/airflow/example_dags/plugins/listener_plugin.py took 0.015 seconds
[2025-05-04T23:11:38.067+0000] {processor.py:161} INFO - Started process (PID=650) to work on /home/airflow/.local/lib/python3.8/site-packages/airflow/example_dags/plugins/listener_plugin.py
[2025-05-04T23:11:38.068+0000] {processor.py:830} INFO - Processing file /home/airflow/.local/lib/python3.8/site-packages/airflow/example_dags/plugins/listener_plugin.py for tasks to queue
[2025-05-04T23:11:38.070+0000] {logging_mixin.py:188} INFO - [2025-05-04T23:11:38.070+0000] {dagbag.py:538} INFO - Filling up the DagBag from /home/airflow/.local/lib/python3.8/site-packages/airflow/example_dags/plugins/listener_plugin.py
[2025-05-04T23:11:38.071+0000] {processor.py:842} WARNING - No viable dags retrieved from /home/airflow/.local/lib/python3.8/site-packages/airflow/example_dags/plugins/listener_plugin.py
[2025-05-04T23:11:38.085+0000] {processor.py:183} INFO - Processing /home/airflow/.local/lib/python3.8/site-packages/airflow/example_dags/plugins/listener_plugin.py took 0.019 seconds
[2025-05-04T23:12:08.737+0000] {processor.py:161} INFO - Started process (PID=706) to work on /home/airflow/.local/lib/python3.8/site-packages/airflow/example_dags/plugins/listener_plugin.py
[2025-05-04T23:12:08.738+0000] {processor.py:830} INFO - Processing file /home/airflow/.local/lib/python3.8/site-packages/airflow/example_dags/plugins/listener_plugin.py for tasks to queue
[2025-05-04T23:12:08.739+0000] {logging_mixin.py:188} INFO - [2025-05-04T23:12:08.739+0000] {dagbag.py:538} INFO - Filling up the DagBag from /home/airflow/.local/lib/python3.8/site-packages/airflow/example_dags/plugins/listener_plugin.py
[2025-05-04T23:12:08.740+0000] {processor.py:842} WARNING - No viable dags retrieved from /home/airflow/.local/lib/python3.8/site-packages/airflow/example_dags/plugins/listener_plugin.py
[2025-05-04T23:12:08.745+0000] {processor.py:183} INFO - Processing /home/airflow/.local/lib/python3.8/site-packages/airflow/example_dags/plugins/listener_plugin.py took 0.010 seconds
[2025-05-04T23:12:39.402+0000] {processor.py:161} INFO - Started process (PID=762) to work on /home/airflow/.local/lib/python3.8/site-packages/airflow/example_dags/plugins/listener_plugin.py
[2025-05-04T23:12:39.403+0000] {processor.py:830} INFO - Processing file /home/airflow/.local/lib/python3.8/site-packages/airflow/example_dags/plugins/listener_plugin.py for tasks to queue
[2025-05-04T23:12:39.405+0000] {logging_mixin.py:188} INFO - [2025-05-04T23:12:39.405+0000] {dagbag.py:538} INFO - Filling up the DagBag from /home/airflow/.local/lib/python3.8/site-packages/airflow/example_dags/plugins/listener_plugin.py
[2025-05-04T23:12:39.407+0000] {processor.py:842} WARNING - No viable dags retrieved from /home/airflow/.local/lib/python3.8/site-packages/airflow/example_dags/plugins/listener_plugin.py
[2025-05-04T23:12:39.414+0000] {processor.py:183} INFO - Processing /home/airflow/.local/lib/python3.8/site-packages/airflow/example_dags/plugins/listener_plugin.py took 0.013 seconds
[2025-05-04T23:13:10.033+0000] {processor.py:161} INFO - Started process (PID=818) to work on /home/airflow/.local/lib/python3.8/site-packages/airflow/example_dags/plugins/listener_plugin.py
[2025-05-04T23:13:10.034+0000] {processor.py:830} INFO - Processing file /home/airflow/.local/lib/python3.8/site-packages/airflow/example_dags/plugins/listener_plugin.py for tasks to queue
[2025-05-04T23:13:10.035+0000] {logging_mixin.py:188} INFO - [2025-05-04T23:13:10.034+0000] {dagbag.py:538} INFO - Filling up the DagBag from /home/airflow/.local/lib/python3.8/site-packages/airflow/example_dags/plugins/listener_plugin.py
[2025-05-04T23:13:10.036+0000] {processor.py:842} WARNING - No viable dags retrieved from /home/airflow/.local/lib/python3.8/site-packages/airflow/example_dags/plugins/listener_plugin.py
[2025-05-04T23:13:10.042+0000] {processor.py:183} INFO - Processing /home/airflow/.local/lib/python3.8/site-packages/airflow/example_dags/plugins/listener_plugin.py took 0.010 seconds
[2025-05-04T23:13:40.729+0000] {processor.py:161} INFO - Started process (PID=874) to work on /home/airflow/.local/lib/python3.8/site-packages/airflow/example_dags/plugins/listener_plugin.py
[2025-05-04T23:13:40.730+0000] {processor.py:830} INFO - Processing file /home/airflow/.local/lib/python3.8/site-packages/airflow/example_dags/plugins/listener_plugin.py for tasks to queue
[2025-05-04T23:13:40.731+0000] {logging_mixin.py:188} INFO - [2025-05-04T23:13:40.731+0000] {dagbag.py:538} INFO - Filling up the DagBag from /home/airflow/.local/lib/python3.8/site-packages/airflow/example_dags/plugins/listener_plugin.py
[2025-05-04T23:13:40.733+0000] {processor.py:842} WARNING - No viable dags retrieved from /home/airflow/.local/lib/python3.8/site-packages/airflow/example_dags/plugins/listener_plugin.py
[2025-05-04T23:13:40.739+0000] {processor.py:183} INFO - Processing /home/airflow/.local/lib/python3.8/site-packages/airflow/example_dags/plugins/listener_plugin.py took 0.012 seconds
[2025-05-04T23:14:11.478+0000] {processor.py:161} INFO - Started process (PID=930) to work on /home/airflow/.local/lib/python3.8/site-packages/airflow/example_dags/plugins/listener_plugin.py
[2025-05-04T23:14:11.478+0000] {processor.py:830} INFO - Processing file /home/airflow/.local/lib/python3.8/site-packages/airflow/example_dags/plugins/listener_plugin.py for tasks to queue
[2025-05-04T23:14:11.479+0000] {logging_mixin.py:188} INFO - [2025-05-04T23:14:11.479+0000] {dagbag.py:538} INFO - Filling up the DagBag from /home/airflow/.local/lib/python3.8/site-packages/airflow/example_dags/plugins/listener_plugin.py
[2025-05-04T23:14:11.480+0000] {processor.py:842} WARNING - No viable dags retrieved from /home/airflow/.local/lib/python3.8/site-packages/airflow/example_dags/plugins/listener_plugin.py
[2025-05-04T23:14:11.486+0000] {processor.py:183} INFO - Processing /home/airflow/.local/lib/python3.8/site-packages/airflow/example_dags/plugins/listener_plugin.py took 0.009 seconds
[2025-05-04T23:14:42.364+0000] {processor.py:161} INFO - Started process (PID=986) to work on /home/airflow/.local/lib/python3.8/site-packages/airflow/example_dags/plugins/listener_plugin.py
[2025-05-04T23:14:42.365+0000] {processor.py:830} INFO - Processing file /home/airflow/.local/lib/python3.8/site-packages/airflow/example_dags/plugins/listener_plugin.py for tasks to queue
[2025-05-04T23:14:42.366+0000] {logging_mixin.py:188} INFO - [2025-05-04T23:14:42.366+0000] {dagbag.py:538} INFO - Filling up the DagBag from /home/airflow/.local/lib/python3.8/site-packages/airflow/example_dags/plugins/listener_plugin.py
[2025-05-04T23:14:42.367+0000] {processor.py:842} WARNING - No viable dags retrieved from /home/airflow/.local/lib/python3.8/site-packages/airflow/example_dags/plugins/listener_plugin.py
[2025-05-04T23:14:42.379+0000] {processor.py:183} INFO - Processing /home/airflow/.local/lib/python3.8/site-packages/airflow/example_dags/plugins/listener_plugin.py took 0.016 seconds
[2025-05-04T23:15:12.535+0000] {processor.py:161} INFO - Started process (PID=1042) to work on /home/airflow/.local/lib/python3.8/site-packages/airflow/example_dags/plugins/listener_plugin.py
[2025-05-04T23:15:12.535+0000] {processor.py:830} INFO - Processing file /home/airflow/.local/lib/python3.8/site-packages/airflow/example_dags/plugins/listener_plugin.py for tasks to queue
[2025-05-04T23:15:12.536+0000] {logging_mixin.py:188} INFO - [2025-05-04T23:15:12.536+0000] {dagbag.py:538} INFO - Filling up the DagBag from /home/airflow/.local/lib/python3.8/site-packages/airflow/example_dags/plugins/listener_plugin.py
[2025-05-04T23:15:12.537+0000] {processor.py:842} WARNING - No viable dags retrieved from /home/airflow/.local/lib/python3.8/site-packages/airflow/example_dags/plugins/listener_plugin.py
[2025-05-04T23:15:12.543+0000] {processor.py:183} INFO - Processing /home/airflow/.local/lib/python3.8/site-packages/airflow/example_dags/plugins/listener_plugin.py took 0.010 seconds
[2025-05-04T23:15:43.061+0000] {processor.py:161} INFO - Started process (PID=1098) to work on /home/airflow/.local/lib/python3.8/site-packages/airflow/example_dags/plugins/listener_plugin.py
[2025-05-04T23:15:43.064+0000] {processor.py:830} INFO - Processing file /home/airflow/.local/lib/python3.8/site-packages/airflow/example_dags/plugins/listener_plugin.py for tasks to queue
[2025-05-04T23:15:43.065+0000] {logging_mixin.py:188} INFO - [2025-05-04T23:15:43.065+0000] {dagbag.py:538} INFO - Filling up the DagBag from /home/airflow/.local/lib/python3.8/site-packages/airflow/example_dags/plugins/listener_plugin.py
[2025-05-04T23:15:43.066+0000] {processor.py:842} WARNING - No viable dags retrieved from /home/airflow/.local/lib/python3.8/site-packages/airflow/example_dags/plugins/listener_plugin.py
[2025-05-04T23:15:43.072+0000] {processor.py:183} INFO - Processing /home/airflow/.local/lib/python3.8/site-packages/airflow/example_dags/plugins/listener_plugin.py took 0.012 seconds
[2025-05-04T23:18:32.452+0000] {processor.py:161} INFO - Started process (PID=86) to work on /home/airflow/.local/lib/python3.8/site-packages/airflow/example_dags/plugins/listener_plugin.py
[2025-05-04T23:18:32.454+0000] {processor.py:830} INFO - Processing file /home/airflow/.local/lib/python3.8/site-packages/airflow/example_dags/plugins/listener_plugin.py for tasks to queue
[2025-05-04T23:18:32.456+0000] {logging_mixin.py:188} INFO - [2025-05-04T23:18:32.456+0000] {dagbag.py:538} INFO - Filling up the DagBag from /home/airflow/.local/lib/python3.8/site-packages/airflow/example_dags/plugins/listener_plugin.py
[2025-05-04T23:18:32.460+0000] {processor.py:842} WARNING - No viable dags retrieved from /home/airflow/.local/lib/python3.8/site-packages/airflow/example_dags/plugins/listener_plugin.py
[2025-05-04T23:18:32.468+0000] {processor.py:183} INFO - Processing /home/airflow/.local/lib/python3.8/site-packages/airflow/example_dags/plugins/listener_plugin.py took 0.018 seconds
[2025-05-04T23:19:03.064+0000] {processor.py:161} INFO - Started process (PID=143) to work on /home/airflow/.local/lib/python3.8/site-packages/airflow/example_dags/plugins/listener_plugin.py
[2025-05-04T23:19:03.064+0000] {processor.py:830} INFO - Processing file /home/airflow/.local/lib/python3.8/site-packages/airflow/example_dags/plugins/listener_plugin.py for tasks to queue
[2025-05-04T23:19:03.066+0000] {logging_mixin.py:188} INFO - [2025-05-04T23:19:03.066+0000] {dagbag.py:538} INFO - Filling up the DagBag from /home/airflow/.local/lib/python3.8/site-packages/airflow/example_dags/plugins/listener_plugin.py
[2025-05-04T23:19:03.067+0000] {processor.py:842} WARNING - No viable dags retrieved from /home/airflow/.local/lib/python3.8/site-packages/airflow/example_dags/plugins/listener_plugin.py
[2025-05-04T23:19:03.074+0000] {processor.py:183} INFO - Processing /home/airflow/.local/lib/python3.8/site-packages/airflow/example_dags/plugins/listener_plugin.py took 0.013 seconds
[2025-05-04T23:19:33.837+0000] {processor.py:161} INFO - Started process (PID=198) to work on /home/airflow/.local/lib/python3.8/site-packages/airflow/example_dags/plugins/listener_plugin.py
[2025-05-04T23:19:33.838+0000] {processor.py:830} INFO - Processing file /home/airflow/.local/lib/python3.8/site-packages/airflow/example_dags/plugins/listener_plugin.py for tasks to queue
[2025-05-04T23:19:33.839+0000] {logging_mixin.py:188} INFO - [2025-05-04T23:19:33.839+0000] {dagbag.py:538} INFO - Filling up the DagBag from /home/airflow/.local/lib/python3.8/site-packages/airflow/example_dags/plugins/listener_plugin.py
[2025-05-04T23:19:33.840+0000] {processor.py:842} WARNING - No viable dags retrieved from /home/airflow/.local/lib/python3.8/site-packages/airflow/example_dags/plugins/listener_plugin.py
[2025-05-04T23:19:33.847+0000] {processor.py:183} INFO - Processing /home/airflow/.local/lib/python3.8/site-packages/airflow/example_dags/plugins/listener_plugin.py took 0.012 seconds
[2025-05-04T23:20:04.596+0000] {processor.py:161} INFO - Started process (PID=254) to work on /home/airflow/.local/lib/python3.8/site-packages/airflow/example_dags/plugins/listener_plugin.py
[2025-05-04T23:20:04.597+0000] {processor.py:830} INFO - Processing file /home/airflow/.local/lib/python3.8/site-packages/airflow/example_dags/plugins/listener_plugin.py for tasks to queue
[2025-05-04T23:20:04.599+0000] {logging_mixin.py:188} INFO - [2025-05-04T23:20:04.599+0000] {dagbag.py:538} INFO - Filling up the DagBag from /home/airflow/.local/lib/python3.8/site-packages/airflow/example_dags/plugins/listener_plugin.py
[2025-05-04T23:20:04.600+0000] {processor.py:842} WARNING - No viable dags retrieved from /home/airflow/.local/lib/python3.8/site-packages/airflow/example_dags/plugins/listener_plugin.py
[2025-05-04T23:20:04.606+0000] {processor.py:183} INFO - Processing /home/airflow/.local/lib/python3.8/site-packages/airflow/example_dags/plugins/listener_plugin.py took 0.011 seconds
[2025-05-04T23:20:35.409+0000] {processor.py:161} INFO - Started process (PID=309) to work on /home/airflow/.local/lib/python3.8/site-packages/airflow/example_dags/plugins/listener_plugin.py
[2025-05-04T23:20:35.411+0000] {processor.py:830} INFO - Processing file /home/airflow/.local/lib/python3.8/site-packages/airflow/example_dags/plugins/listener_plugin.py for tasks to queue
[2025-05-04T23:20:35.413+0000] {logging_mixin.py:188} INFO - [2025-05-04T23:20:35.413+0000] {dagbag.py:538} INFO - Filling up the DagBag from /home/airflow/.local/lib/python3.8/site-packages/airflow/example_dags/plugins/listener_plugin.py
[2025-05-04T23:20:35.417+0000] {processor.py:842} WARNING - No viable dags retrieved from /home/airflow/.local/lib/python3.8/site-packages/airflow/example_dags/plugins/listener_plugin.py
[2025-05-04T23:20:35.428+0000] {processor.py:183} INFO - Processing /home/airflow/.local/lib/python3.8/site-packages/airflow/example_dags/plugins/listener_plugin.py took 0.021 seconds
[2025-05-04T23:21:05.513+0000] {processor.py:161} INFO - Started process (PID=364) to work on /home/airflow/.local/lib/python3.8/site-packages/airflow/example_dags/plugins/listener_plugin.py
[2025-05-04T23:21:05.513+0000] {processor.py:830} INFO - Processing file /home/airflow/.local/lib/python3.8/site-packages/airflow/example_dags/plugins/listener_plugin.py for tasks to queue
[2025-05-04T23:21:05.515+0000] {logging_mixin.py:188} INFO - [2025-05-04T23:21:05.514+0000] {dagbag.py:538} INFO - Filling up the DagBag from /home/airflow/.local/lib/python3.8/site-packages/airflow/example_dags/plugins/listener_plugin.py
[2025-05-04T23:21:05.516+0000] {processor.py:842} WARNING - No viable dags retrieved from /home/airflow/.local/lib/python3.8/site-packages/airflow/example_dags/plugins/listener_plugin.py
[2025-05-04T23:21:05.531+0000] {processor.py:183} INFO - Processing /home/airflow/.local/lib/python3.8/site-packages/airflow/example_dags/plugins/listener_plugin.py took 0.020 seconds
[2025-05-04T23:21:36.156+0000] {processor.py:161} INFO - Started process (PID=420) to work on /home/airflow/.local/lib/python3.8/site-packages/airflow/example_dags/plugins/listener_plugin.py
[2025-05-04T23:21:36.157+0000] {processor.py:830} INFO - Processing file /home/airflow/.local/lib/python3.8/site-packages/airflow/example_dags/plugins/listener_plugin.py for tasks to queue
[2025-05-04T23:21:36.159+0000] {logging_mixin.py:188} INFO - [2025-05-04T23:21:36.159+0000] {dagbag.py:538} INFO - Filling up the DagBag from /home/airflow/.local/lib/python3.8/site-packages/airflow/example_dags/plugins/listener_plugin.py
[2025-05-04T23:21:36.160+0000] {processor.py:842} WARNING - No viable dags retrieved from /home/airflow/.local/lib/python3.8/site-packages/airflow/example_dags/plugins/listener_plugin.py
[2025-05-04T23:21:36.172+0000] {processor.py:183} INFO - Processing /home/airflow/.local/lib/python3.8/site-packages/airflow/example_dags/plugins/listener_plugin.py took 0.018 seconds
[2025-05-04T23:22:06.840+0000] {processor.py:161} INFO - Started process (PID=476) to work on /home/airflow/.local/lib/python3.8/site-packages/airflow/example_dags/plugins/listener_plugin.py
[2025-05-04T23:22:06.840+0000] {processor.py:830} INFO - Processing file /home/airflow/.local/lib/python3.8/site-packages/airflow/example_dags/plugins/listener_plugin.py for tasks to queue
[2025-05-04T23:22:06.842+0000] {logging_mixin.py:188} INFO - [2025-05-04T23:22:06.841+0000] {dagbag.py:538} INFO - Filling up the DagBag from /home/airflow/.local/lib/python3.8/site-packages/airflow/example_dags/plugins/listener_plugin.py
[2025-05-04T23:22:06.843+0000] {processor.py:842} WARNING - No viable dags retrieved from /home/airflow/.local/lib/python3.8/site-packages/airflow/example_dags/plugins/listener_plugin.py
[2025-05-04T23:22:06.853+0000] {processor.py:183} INFO - Processing /home/airflow/.local/lib/python3.8/site-packages/airflow/example_dags/plugins/listener_plugin.py took 0.014 seconds
[2025-05-04T23:22:37.357+0000] {processor.py:161} INFO - Started process (PID=532) to work on /home/airflow/.local/lib/python3.8/site-packages/airflow/example_dags/plugins/listener_plugin.py
[2025-05-04T23:22:37.357+0000] {processor.py:830} INFO - Processing file /home/airflow/.local/lib/python3.8/site-packages/airflow/example_dags/plugins/listener_plugin.py for tasks to queue
[2025-05-04T23:22:37.358+0000] {logging_mixin.py:188} INFO - [2025-05-04T23:22:37.358+0000] {dagbag.py:538} INFO - Filling up the DagBag from /home/airflow/.local/lib/python3.8/site-packages/airflow/example_dags/plugins/listener_plugin.py
[2025-05-04T23:22:37.360+0000] {processor.py:842} WARNING - No viable dags retrieved from /home/airflow/.local/lib/python3.8/site-packages/airflow/example_dags/plugins/listener_plugin.py
[2025-05-04T23:22:37.366+0000] {processor.py:183} INFO - Processing /home/airflow/.local/lib/python3.8/site-packages/airflow/example_dags/plugins/listener_plugin.py took 0.011 seconds
[2025-05-04T23:23:07.963+0000] {processor.py:161} INFO - Started process (PID=588) to work on /home/airflow/.local/lib/python3.8/site-packages/airflow/example_dags/plugins/listener_plugin.py
[2025-05-04T23:23:07.965+0000] {processor.py:830} INFO - Processing file /home/airflow/.local/lib/python3.8/site-packages/airflow/example_dags/plugins/listener_plugin.py for tasks to queue
[2025-05-04T23:23:07.967+0000] {logging_mixin.py:188} INFO - [2025-05-04T23:23:07.967+0000] {dagbag.py:538} INFO - Filling up the DagBag from /home/airflow/.local/lib/python3.8/site-packages/airflow/example_dags/plugins/listener_plugin.py
[2025-05-04T23:23:07.969+0000] {processor.py:842} WARNING - No viable dags retrieved from /home/airflow/.local/lib/python3.8/site-packages/airflow/example_dags/plugins/listener_plugin.py
[2025-05-04T23:23:07.978+0000] {processor.py:183} INFO - Processing /home/airflow/.local/lib/python3.8/site-packages/airflow/example_dags/plugins/listener_plugin.py took 0.017 seconds
[2025-05-04T23:24:31.903+0000] {processor.py:161} INFO - Started process (PID=87) to work on /home/airflow/.local/lib/python3.8/site-packages/airflow/example_dags/plugins/listener_plugin.py
[2025-05-04T23:24:31.905+0000] {processor.py:830} INFO - Processing file /home/airflow/.local/lib/python3.8/site-packages/airflow/example_dags/plugins/listener_plugin.py for tasks to queue
[2025-05-04T23:24:31.906+0000] {logging_mixin.py:188} INFO - [2025-05-04T23:24:31.906+0000] {dagbag.py:538} INFO - Filling up the DagBag from /home/airflow/.local/lib/python3.8/site-packages/airflow/example_dags/plugins/listener_plugin.py
[2025-05-04T23:24:31.908+0000] {processor.py:842} WARNING - No viable dags retrieved from /home/airflow/.local/lib/python3.8/site-packages/airflow/example_dags/plugins/listener_plugin.py
[2025-05-04T23:24:31.917+0000] {processor.py:183} INFO - Processing /home/airflow/.local/lib/python3.8/site-packages/airflow/example_dags/plugins/listener_plugin.py took 0.016 seconds
[2025-05-04T23:25:02.497+0000] {processor.py:161} INFO - Started process (PID=143) to work on /home/airflow/.local/lib/python3.8/site-packages/airflow/example_dags/plugins/listener_plugin.py
[2025-05-04T23:25:02.498+0000] {processor.py:830} INFO - Processing file /home/airflow/.local/lib/python3.8/site-packages/airflow/example_dags/plugins/listener_plugin.py for tasks to queue
[2025-05-04T23:25:02.499+0000] {logging_mixin.py:188} INFO - [2025-05-04T23:25:02.498+0000] {dagbag.py:538} INFO - Filling up the DagBag from /home/airflow/.local/lib/python3.8/site-packages/airflow/example_dags/plugins/listener_plugin.py
[2025-05-04T23:25:02.500+0000] {processor.py:842} WARNING - No viable dags retrieved from /home/airflow/.local/lib/python3.8/site-packages/airflow/example_dags/plugins/listener_plugin.py
[2025-05-04T23:25:02.506+0000] {processor.py:183} INFO - Processing /home/airflow/.local/lib/python3.8/site-packages/airflow/example_dags/plugins/listener_plugin.py took 0.010 seconds
[2025-05-04T23:25:33.119+0000] {processor.py:161} INFO - Started process (PID=196) to work on /home/airflow/.local/lib/python3.8/site-packages/airflow/example_dags/plugins/listener_plugin.py
[2025-05-04T23:25:33.122+0000] {processor.py:830} INFO - Processing file /home/airflow/.local/lib/python3.8/site-packages/airflow/example_dags/plugins/listener_plugin.py for tasks to queue
[2025-05-04T23:25:33.124+0000] {logging_mixin.py:188} INFO - [2025-05-04T23:25:33.124+0000] {dagbag.py:538} INFO - Filling up the DagBag from /home/airflow/.local/lib/python3.8/site-packages/airflow/example_dags/plugins/listener_plugin.py
[2025-05-04T23:25:33.125+0000] {processor.py:842} WARNING - No viable dags retrieved from /home/airflow/.local/lib/python3.8/site-packages/airflow/example_dags/plugins/listener_plugin.py
[2025-05-04T23:25:33.167+0000] {processor.py:183} INFO - Processing /home/airflow/.local/lib/python3.8/site-packages/airflow/example_dags/plugins/listener_plugin.py took 0.049 seconds
[2025-05-04T23:26:03.955+0000] {processor.py:161} INFO - Started process (PID=252) to work on /home/airflow/.local/lib/python3.8/site-packages/airflow/example_dags/plugins/listener_plugin.py
[2025-05-04T23:26:03.956+0000] {processor.py:830} INFO - Processing file /home/airflow/.local/lib/python3.8/site-packages/airflow/example_dags/plugins/listener_plugin.py for tasks to queue
[2025-05-04T23:26:03.958+0000] {logging_mixin.py:188} INFO - [2025-05-04T23:26:03.958+0000] {dagbag.py:538} INFO - Filling up the DagBag from /home/airflow/.local/lib/python3.8/site-packages/airflow/example_dags/plugins/listener_plugin.py
[2025-05-04T23:26:03.959+0000] {processor.py:842} WARNING - No viable dags retrieved from /home/airflow/.local/lib/python3.8/site-packages/airflow/example_dags/plugins/listener_plugin.py
[2025-05-04T23:26:03.969+0000] {processor.py:183} INFO - Processing /home/airflow/.local/lib/python3.8/site-packages/airflow/example_dags/plugins/listener_plugin.py took 0.016 seconds
[2025-05-04T23:26:34.736+0000] {processor.py:161} INFO - Started process (PID=314) to work on /home/airflow/.local/lib/python3.8/site-packages/airflow/example_dags/plugins/listener_plugin.py
[2025-05-04T23:26:34.736+0000] {processor.py:830} INFO - Processing file /home/airflow/.local/lib/python3.8/site-packages/airflow/example_dags/plugins/listener_plugin.py for tasks to queue
[2025-05-04T23:26:34.737+0000] {logging_mixin.py:188} INFO - [2025-05-04T23:26:34.737+0000] {dagbag.py:538} INFO - Filling up the DagBag from /home/airflow/.local/lib/python3.8/site-packages/airflow/example_dags/plugins/listener_plugin.py
[2025-05-04T23:26:34.738+0000] {processor.py:842} WARNING - No viable dags retrieved from /home/airflow/.local/lib/python3.8/site-packages/airflow/example_dags/plugins/listener_plugin.py
[2025-05-04T23:26:34.746+0000] {processor.py:183} INFO - Processing /home/airflow/.local/lib/python3.8/site-packages/airflow/example_dags/plugins/listener_plugin.py took 0.012 seconds
[2025-05-04T23:27:05.443+0000] {processor.py:161} INFO - Started process (PID=370) to work on /home/airflow/.local/lib/python3.8/site-packages/airflow/example_dags/plugins/listener_plugin.py
[2025-05-04T23:27:05.444+0000] {processor.py:830} INFO - Processing file /home/airflow/.local/lib/python3.8/site-packages/airflow/example_dags/plugins/listener_plugin.py for tasks to queue
[2025-05-04T23:27:05.446+0000] {logging_mixin.py:188} INFO - [2025-05-04T23:27:05.446+0000] {dagbag.py:538} INFO - Filling up the DagBag from /home/airflow/.local/lib/python3.8/site-packages/airflow/example_dags/plugins/listener_plugin.py
[2025-05-04T23:27:05.447+0000] {processor.py:842} WARNING - No viable dags retrieved from /home/airflow/.local/lib/python3.8/site-packages/airflow/example_dags/plugins/listener_plugin.py
[2025-05-04T23:27:05.457+0000] {processor.py:183} INFO - Processing /home/airflow/.local/lib/python3.8/site-packages/airflow/example_dags/plugins/listener_plugin.py took 0.016 seconds
[2025-05-04T23:27:36.081+0000] {processor.py:161} INFO - Started process (PID=426) to work on /home/airflow/.local/lib/python3.8/site-packages/airflow/example_dags/plugins/listener_plugin.py
[2025-05-04T23:27:36.082+0000] {processor.py:830} INFO - Processing file /home/airflow/.local/lib/python3.8/site-packages/airflow/example_dags/plugins/listener_plugin.py for tasks to queue
[2025-05-04T23:27:36.084+0000] {logging_mixin.py:188} INFO - [2025-05-04T23:27:36.084+0000] {dagbag.py:538} INFO - Filling up the DagBag from /home/airflow/.local/lib/python3.8/site-packages/airflow/example_dags/plugins/listener_plugin.py
[2025-05-04T23:27:36.087+0000] {processor.py:842} WARNING - No viable dags retrieved from /home/airflow/.local/lib/python3.8/site-packages/airflow/example_dags/plugins/listener_plugin.py
[2025-05-04T23:27:36.092+0000] {processor.py:183} INFO - Processing /home/airflow/.local/lib/python3.8/site-packages/airflow/example_dags/plugins/listener_plugin.py took 0.012 seconds
[2025-05-04T23:28:24.971+0000] {processor.py:161} INFO - Started process (PID=86) to work on /home/airflow/.local/lib/python3.8/site-packages/airflow/example_dags/plugins/listener_plugin.py
[2025-05-04T23:28:24.972+0000] {processor.py:830} INFO - Processing file /home/airflow/.local/lib/python3.8/site-packages/airflow/example_dags/plugins/listener_plugin.py for tasks to queue
[2025-05-04T23:28:24.973+0000] {logging_mixin.py:188} INFO - [2025-05-04T23:28:24.973+0000] {dagbag.py:538} INFO - Filling up the DagBag from /home/airflow/.local/lib/python3.8/site-packages/airflow/example_dags/plugins/listener_plugin.py
[2025-05-04T23:28:24.974+0000] {processor.py:842} WARNING - No viable dags retrieved from /home/airflow/.local/lib/python3.8/site-packages/airflow/example_dags/plugins/listener_plugin.py
[2025-05-04T23:28:24.981+0000] {processor.py:183} INFO - Processing /home/airflow/.local/lib/python3.8/site-packages/airflow/example_dags/plugins/listener_plugin.py took 0.011 seconds
[2025-05-04T23:28:56.588+0000] {processor.py:161} INFO - Started process (PID=143) to work on /home/airflow/.local/lib/python3.8/site-packages/airflow/example_dags/plugins/listener_plugin.py
[2025-05-04T23:28:56.589+0000] {processor.py:830} INFO - Processing file /home/airflow/.local/lib/python3.8/site-packages/airflow/example_dags/plugins/listener_plugin.py for tasks to queue
[2025-05-04T23:28:56.590+0000] {logging_mixin.py:188} INFO - [2025-05-04T23:28:56.590+0000] {dagbag.py:538} INFO - Filling up the DagBag from /home/airflow/.local/lib/python3.8/site-packages/airflow/example_dags/plugins/listener_plugin.py
[2025-05-04T23:28:56.591+0000] {processor.py:842} WARNING - No viable dags retrieved from /home/airflow/.local/lib/python3.8/site-packages/airflow/example_dags/plugins/listener_plugin.py
[2025-05-04T23:28:56.597+0000] {processor.py:183} INFO - Processing /home/airflow/.local/lib/python3.8/site-packages/airflow/example_dags/plugins/listener_plugin.py took 0.011 seconds
[2025-05-04T23:29:27.229+0000] {processor.py:161} INFO - Started process (PID=198) to work on /home/airflow/.local/lib/python3.8/site-packages/airflow/example_dags/plugins/listener_plugin.py
[2025-05-04T23:29:27.229+0000] {processor.py:830} INFO - Processing file /home/airflow/.local/lib/python3.8/site-packages/airflow/example_dags/plugins/listener_plugin.py for tasks to queue
[2025-05-04T23:29:27.232+0000] {logging_mixin.py:188} INFO - [2025-05-04T23:29:27.232+0000] {dagbag.py:538} INFO - Filling up the DagBag from /home/airflow/.local/lib/python3.8/site-packages/airflow/example_dags/plugins/listener_plugin.py
[2025-05-04T23:29:27.234+0000] {processor.py:842} WARNING - No viable dags retrieved from /home/airflow/.local/lib/python3.8/site-packages/airflow/example_dags/plugins/listener_plugin.py
[2025-05-04T23:29:27.243+0000] {processor.py:183} INFO - Processing /home/airflow/.local/lib/python3.8/site-packages/airflow/example_dags/plugins/listener_plugin.py took 0.016 seconds
[2025-05-04T23:29:58.125+0000] {processor.py:161} INFO - Started process (PID=261) to work on /home/airflow/.local/lib/python3.8/site-packages/airflow/example_dags/plugins/listener_plugin.py
[2025-05-04T23:29:58.126+0000] {processor.py:830} INFO - Processing file /home/airflow/.local/lib/python3.8/site-packages/airflow/example_dags/plugins/listener_plugin.py for tasks to queue
[2025-05-04T23:29:58.126+0000] {logging_mixin.py:188} INFO - [2025-05-04T23:29:58.126+0000] {dagbag.py:538} INFO - Filling up the DagBag from /home/airflow/.local/lib/python3.8/site-packages/airflow/example_dags/plugins/listener_plugin.py
[2025-05-04T23:29:58.128+0000] {processor.py:842} WARNING - No viable dags retrieved from /home/airflow/.local/lib/python3.8/site-packages/airflow/example_dags/plugins/listener_plugin.py
[2025-05-04T23:29:58.137+0000] {processor.py:183} INFO - Processing /home/airflow/.local/lib/python3.8/site-packages/airflow/example_dags/plugins/listener_plugin.py took 0.014 seconds
[2025-05-04T23:30:28.664+0000] {processor.py:161} INFO - Started process (PID=316) to work on /home/airflow/.local/lib/python3.8/site-packages/airflow/example_dags/plugins/listener_plugin.py
[2025-05-04T23:30:28.664+0000] {processor.py:830} INFO - Processing file /home/airflow/.local/lib/python3.8/site-packages/airflow/example_dags/plugins/listener_plugin.py for tasks to queue
[2025-05-04T23:30:28.665+0000] {logging_mixin.py:188} INFO - [2025-05-04T23:30:28.665+0000] {dagbag.py:538} INFO - Filling up the DagBag from /home/airflow/.local/lib/python3.8/site-packages/airflow/example_dags/plugins/listener_plugin.py
[2025-05-04T23:30:28.666+0000] {processor.py:842} WARNING - No viable dags retrieved from /home/airflow/.local/lib/python3.8/site-packages/airflow/example_dags/plugins/listener_plugin.py
[2025-05-04T23:30:28.672+0000] {processor.py:183} INFO - Processing /home/airflow/.local/lib/python3.8/site-packages/airflow/example_dags/plugins/listener_plugin.py took 0.010 seconds
[2025-05-04T23:30:59.453+0000] {processor.py:161} INFO - Started process (PID=372) to work on /home/airflow/.local/lib/python3.8/site-packages/airflow/example_dags/plugins/listener_plugin.py
[2025-05-04T23:30:59.454+0000] {processor.py:830} INFO - Processing file /home/airflow/.local/lib/python3.8/site-packages/airflow/example_dags/plugins/listener_plugin.py for tasks to queue
[2025-05-04T23:30:59.455+0000] {logging_mixin.py:188} INFO - [2025-05-04T23:30:59.455+0000] {dagbag.py:538} INFO - Filling up the DagBag from /home/airflow/.local/lib/python3.8/site-packages/airflow/example_dags/plugins/listener_plugin.py
[2025-05-04T23:30:59.457+0000] {processor.py:842} WARNING - No viable dags retrieved from /home/airflow/.local/lib/python3.8/site-packages/airflow/example_dags/plugins/listener_plugin.py
[2025-05-04T23:30:59.467+0000] {processor.py:183} INFO - Processing /home/airflow/.local/lib/python3.8/site-packages/airflow/example_dags/plugins/listener_plugin.py took 0.015 seconds
[2025-05-04T23:31:29.974+0000] {processor.py:161} INFO - Started process (PID=427) to work on /home/airflow/.local/lib/python3.8/site-packages/airflow/example_dags/plugins/listener_plugin.py
[2025-05-04T23:31:29.976+0000] {processor.py:830} INFO - Processing file /home/airflow/.local/lib/python3.8/site-packages/airflow/example_dags/plugins/listener_plugin.py for tasks to queue
[2025-05-04T23:31:29.977+0000] {logging_mixin.py:188} INFO - [2025-05-04T23:31:29.977+0000] {dagbag.py:538} INFO - Filling up the DagBag from /home/airflow/.local/lib/python3.8/site-packages/airflow/example_dags/plugins/listener_plugin.py
[2025-05-04T23:31:29.979+0000] {processor.py:842} WARNING - No viable dags retrieved from /home/airflow/.local/lib/python3.8/site-packages/airflow/example_dags/plugins/listener_plugin.py
[2025-05-04T23:31:29.989+0000] {processor.py:183} INFO - Processing /home/airflow/.local/lib/python3.8/site-packages/airflow/example_dags/plugins/listener_plugin.py took 0.017 seconds
[2025-05-04T23:32:00.656+0000] {processor.py:161} INFO - Started process (PID=483) to work on /home/airflow/.local/lib/python3.8/site-packages/airflow/example_dags/plugins/listener_plugin.py
[2025-05-04T23:32:00.657+0000] {processor.py:830} INFO - Processing file /home/airflow/.local/lib/python3.8/site-packages/airflow/example_dags/plugins/listener_plugin.py for tasks to queue
[2025-05-04T23:32:00.658+0000] {logging_mixin.py:188} INFO - [2025-05-04T23:32:00.657+0000] {dagbag.py:538} INFO - Filling up the DagBag from /home/airflow/.local/lib/python3.8/site-packages/airflow/example_dags/plugins/listener_plugin.py
[2025-05-04T23:32:00.659+0000] {processor.py:842} WARNING - No viable dags retrieved from /home/airflow/.local/lib/python3.8/site-packages/airflow/example_dags/plugins/listener_plugin.py
[2025-05-04T23:32:00.666+0000] {processor.py:183} INFO - Processing /home/airflow/.local/lib/python3.8/site-packages/airflow/example_dags/plugins/listener_plugin.py took 0.012 seconds
[2025-05-04T23:32:31.359+0000] {processor.py:161} INFO - Started process (PID=539) to work on /home/airflow/.local/lib/python3.8/site-packages/airflow/example_dags/plugins/listener_plugin.py
[2025-05-04T23:32:31.360+0000] {processor.py:830} INFO - Processing file /home/airflow/.local/lib/python3.8/site-packages/airflow/example_dags/plugins/listener_plugin.py for tasks to queue
[2025-05-04T23:32:31.362+0000] {logging_mixin.py:188} INFO - [2025-05-04T23:32:31.362+0000] {dagbag.py:538} INFO - Filling up the DagBag from /home/airflow/.local/lib/python3.8/site-packages/airflow/example_dags/plugins/listener_plugin.py
[2025-05-04T23:32:31.364+0000] {processor.py:842} WARNING - No viable dags retrieved from /home/airflow/.local/lib/python3.8/site-packages/airflow/example_dags/plugins/listener_plugin.py
[2025-05-04T23:32:31.376+0000] {processor.py:183} INFO - Processing /home/airflow/.local/lib/python3.8/site-packages/airflow/example_dags/plugins/listener_plugin.py took 0.019 seconds
[2025-05-04T23:47:23.412+0000] {processor.py:161} INFO - Started process (PID=86) to work on /home/airflow/.local/lib/python3.8/site-packages/airflow/example_dags/plugins/listener_plugin.py
[2025-05-04T23:47:23.412+0000] {processor.py:830} INFO - Processing file /home/airflow/.local/lib/python3.8/site-packages/airflow/example_dags/plugins/listener_plugin.py for tasks to queue
[2025-05-04T23:47:23.414+0000] {logging_mixin.py:188} INFO - [2025-05-04T23:47:23.414+0000] {dagbag.py:538} INFO - Filling up the DagBag from /home/airflow/.local/lib/python3.8/site-packages/airflow/example_dags/plugins/listener_plugin.py
[2025-05-04T23:47:23.415+0000] {processor.py:842} WARNING - No viable dags retrieved from /home/airflow/.local/lib/python3.8/site-packages/airflow/example_dags/plugins/listener_plugin.py
[2025-05-04T23:47:23.422+0000] {processor.py:183} INFO - Processing /home/airflow/.local/lib/python3.8/site-packages/airflow/example_dags/plugins/listener_plugin.py took 0.012 seconds
[2025-05-04T23:47:53.824+0000] {processor.py:161} INFO - Started process (PID=143) to work on /home/airflow/.local/lib/python3.8/site-packages/airflow/example_dags/plugins/listener_plugin.py
[2025-05-04T23:47:53.826+0000] {processor.py:830} INFO - Processing file /home/airflow/.local/lib/python3.8/site-packages/airflow/example_dags/plugins/listener_plugin.py for tasks to queue
[2025-05-04T23:47:53.827+0000] {logging_mixin.py:188} INFO - [2025-05-04T23:47:53.827+0000] {dagbag.py:538} INFO - Filling up the DagBag from /home/airflow/.local/lib/python3.8/site-packages/airflow/example_dags/plugins/listener_plugin.py
[2025-05-04T23:47:53.829+0000] {processor.py:842} WARNING - No viable dags retrieved from /home/airflow/.local/lib/python3.8/site-packages/airflow/example_dags/plugins/listener_plugin.py
[2025-05-04T23:47:53.836+0000] {processor.py:183} INFO - Processing /home/airflow/.local/lib/python3.8/site-packages/airflow/example_dags/plugins/listener_plugin.py took 0.013 seconds
[2025-05-04T23:48:24.533+0000] {processor.py:161} INFO - Started process (PID=198) to work on /home/airflow/.local/lib/python3.8/site-packages/airflow/example_dags/plugins/listener_plugin.py
[2025-05-04T23:48:24.534+0000] {processor.py:830} INFO - Processing file /home/airflow/.local/lib/python3.8/site-packages/airflow/example_dags/plugins/listener_plugin.py for tasks to queue
[2025-05-04T23:48:24.536+0000] {logging_mixin.py:188} INFO - [2025-05-04T23:48:24.536+0000] {dagbag.py:538} INFO - Filling up the DagBag from /home/airflow/.local/lib/python3.8/site-packages/airflow/example_dags/plugins/listener_plugin.py
[2025-05-04T23:48:24.538+0000] {processor.py:842} WARNING - No viable dags retrieved from /home/airflow/.local/lib/python3.8/site-packages/airflow/example_dags/plugins/listener_plugin.py
[2025-05-04T23:48:24.551+0000] {processor.py:183} INFO - Processing /home/airflow/.local/lib/python3.8/site-packages/airflow/example_dags/plugins/listener_plugin.py took 0.020 seconds
[2025-05-04T23:48:55.102+0000] {processor.py:161} INFO - Started process (PID=253) to work on /home/airflow/.local/lib/python3.8/site-packages/airflow/example_dags/plugins/listener_plugin.py
[2025-05-04T23:48:55.103+0000] {processor.py:830} INFO - Processing file /home/airflow/.local/lib/python3.8/site-packages/airflow/example_dags/plugins/listener_plugin.py for tasks to queue
[2025-05-04T23:48:55.103+0000] {logging_mixin.py:188} INFO - [2025-05-04T23:48:55.103+0000] {dagbag.py:538} INFO - Filling up the DagBag from /home/airflow/.local/lib/python3.8/site-packages/airflow/example_dags/plugins/listener_plugin.py
[2025-05-04T23:48:55.105+0000] {processor.py:842} WARNING - No viable dags retrieved from /home/airflow/.local/lib/python3.8/site-packages/airflow/example_dags/plugins/listener_plugin.py
[2025-05-04T23:48:55.110+0000] {processor.py:183} INFO - Processing /home/airflow/.local/lib/python3.8/site-packages/airflow/example_dags/plugins/listener_plugin.py took 0.009 seconds
[2025-05-04T23:49:26.101+0000] {processor.py:161} INFO - Started process (PID=311) to work on /home/airflow/.local/lib/python3.8/site-packages/airflow/example_dags/plugins/listener_plugin.py
[2025-05-04T23:49:26.102+0000] {processor.py:830} INFO - Processing file /home/airflow/.local/lib/python3.8/site-packages/airflow/example_dags/plugins/listener_plugin.py for tasks to queue
[2025-05-04T23:49:26.103+0000] {logging_mixin.py:188} INFO - [2025-05-04T23:49:26.103+0000] {dagbag.py:538} INFO - Filling up the DagBag from /home/airflow/.local/lib/python3.8/site-packages/airflow/example_dags/plugins/listener_plugin.py
[2025-05-04T23:49:26.104+0000] {processor.py:842} WARNING - No viable dags retrieved from /home/airflow/.local/lib/python3.8/site-packages/airflow/example_dags/plugins/listener_plugin.py
[2025-05-04T23:49:26.113+0000] {processor.py:183} INFO - Processing /home/airflow/.local/lib/python3.8/site-packages/airflow/example_dags/plugins/listener_plugin.py took 0.013 seconds
[2025-05-04T23:49:56.807+0000] {processor.py:161} INFO - Started process (PID=367) to work on /home/airflow/.local/lib/python3.8/site-packages/airflow/example_dags/plugins/listener_plugin.py
[2025-05-04T23:49:56.808+0000] {processor.py:830} INFO - Processing file /home/airflow/.local/lib/python3.8/site-packages/airflow/example_dags/plugins/listener_plugin.py for tasks to queue
[2025-05-04T23:49:56.809+0000] {logging_mixin.py:188} INFO - [2025-05-04T23:49:56.809+0000] {dagbag.py:538} INFO - Filling up the DagBag from /home/airflow/.local/lib/python3.8/site-packages/airflow/example_dags/plugins/listener_plugin.py
[2025-05-04T23:49:56.810+0000] {processor.py:842} WARNING - No viable dags retrieved from /home/airflow/.local/lib/python3.8/site-packages/airflow/example_dags/plugins/listener_plugin.py
[2025-05-04T23:49:56.819+0000] {processor.py:183} INFO - Processing /home/airflow/.local/lib/python3.8/site-packages/airflow/example_dags/plugins/listener_plugin.py took 0.014 seconds
