[2025-05-04T22:22:11.214+0000] {processor.py:161} INFO - Started process (PID=84) to work on /home/airflow/.local/lib/python3.8/site-packages/airflow/example_dags/plugins/workday.py
[2025-05-04T22:22:11.215+0000] {processor.py:830} INFO - Processing file /home/airflow/.local/lib/python3.8/site-packages/airflow/example_dags/plugins/workday.py for tasks to queue
[2025-05-04T22:22:11.217+0000] {logging_mixin.py:188} INFO - [2025-05-04T22:22:11.216+0000] {dagbag.py:538} INFO - Filling up the DagBag from /home/airflow/.local/lib/python3.8/site-packages/airflow/example_dags/plugins/workday.py
[2025-05-04T22:22:11.898+0000] {processor.py:842} WARNING - No viable dags retrieved from /home/airflow/.local/lib/python3.8/site-packages/airflow/example_dags/plugins/workday.py
[2025-05-04T22:22:11.906+0000] {processor.py:183} INFO - Processing /home/airflow/.local/lib/python3.8/site-packages/airflow/example_dags/plugins/workday.py took 0.694 seconds
[2025-05-04T22:22:42.052+0000] {processor.py:161} INFO - Started process (PID=139) to work on /home/airflow/.local/lib/python3.8/site-packages/airflow/example_dags/plugins/workday.py
[2025-05-04T22:22:42.052+0000] {processor.py:830} INFO - Processing file /home/airflow/.local/lib/python3.8/site-packages/airflow/example_dags/plugins/workday.py for tasks to queue
[2025-05-04T22:22:42.053+0000] {logging_mixin.py:188} INFO - [2025-05-04T22:22:42.053+0000] {dagbag.py:538} INFO - Filling up the DagBag from /home/airflow/.local/lib/python3.8/site-packages/airflow/example_dags/plugins/workday.py
[2025-05-04T22:22:42.261+0000] {processor.py:842} WARNING - No viable dags retrieved from /home/airflow/.local/lib/python3.8/site-packages/airflow/example_dags/plugins/workday.py
[2025-05-04T22:22:42.265+0000] {processor.py:183} INFO - Processing /home/airflow/.local/lib/python3.8/site-packages/airflow/example_dags/plugins/workday.py took 0.215 seconds
[2025-05-04T22:23:12.731+0000] {processor.py:161} INFO - Started process (PID=194) to work on /home/airflow/.local/lib/python3.8/site-packages/airflow/example_dags/plugins/workday.py
[2025-05-04T22:23:12.732+0000] {processor.py:830} INFO - Processing file /home/airflow/.local/lib/python3.8/site-packages/airflow/example_dags/plugins/workday.py for tasks to queue
[2025-05-04T22:23:12.733+0000] {logging_mixin.py:188} INFO - [2025-05-04T22:23:12.732+0000] {dagbag.py:538} INFO - Filling up the DagBag from /home/airflow/.local/lib/python3.8/site-packages/airflow/example_dags/plugins/workday.py
[2025-05-04T22:23:12.988+0000] {processor.py:842} WARNING - No viable dags retrieved from /home/airflow/.local/lib/python3.8/site-packages/airflow/example_dags/plugins/workday.py
[2025-05-04T22:23:12.994+0000] {processor.py:183} INFO - Processing /home/airflow/.local/lib/python3.8/site-packages/airflow/example_dags/plugins/workday.py took 0.265 seconds
[2025-05-04T22:23:43.247+0000] {processor.py:161} INFO - Started process (PID=249) to work on /home/airflow/.local/lib/python3.8/site-packages/airflow/example_dags/plugins/workday.py
[2025-05-04T22:23:43.248+0000] {processor.py:830} INFO - Processing file /home/airflow/.local/lib/python3.8/site-packages/airflow/example_dags/plugins/workday.py for tasks to queue
[2025-05-04T22:23:43.250+0000] {logging_mixin.py:188} INFO - [2025-05-04T22:23:43.250+0000] {dagbag.py:538} INFO - Filling up the DagBag from /home/airflow/.local/lib/python3.8/site-packages/airflow/example_dags/plugins/workday.py
[2025-05-04T22:23:43.529+0000] {processor.py:842} WARNING - No viable dags retrieved from /home/airflow/.local/lib/python3.8/site-packages/airflow/example_dags/plugins/workday.py
[2025-05-04T22:23:43.568+0000] {processor.py:183} INFO - Processing /home/airflow/.local/lib/python3.8/site-packages/airflow/example_dags/plugins/workday.py took 0.324 seconds
[2025-05-04T22:24:13.838+0000] {processor.py:161} INFO - Started process (PID=304) to work on /home/airflow/.local/lib/python3.8/site-packages/airflow/example_dags/plugins/workday.py
[2025-05-04T22:24:13.838+0000] {processor.py:830} INFO - Processing file /home/airflow/.local/lib/python3.8/site-packages/airflow/example_dags/plugins/workday.py for tasks to queue
[2025-05-04T22:24:13.839+0000] {logging_mixin.py:188} INFO - [2025-05-04T22:24:13.839+0000] {dagbag.py:538} INFO - Filling up the DagBag from /home/airflow/.local/lib/python3.8/site-packages/airflow/example_dags/plugins/workday.py
[2025-05-04T22:24:14.021+0000] {processor.py:842} WARNING - No viable dags retrieved from /home/airflow/.local/lib/python3.8/site-packages/airflow/example_dags/plugins/workday.py
[2025-05-04T22:24:14.026+0000] {processor.py:183} INFO - Processing /home/airflow/.local/lib/python3.8/site-packages/airflow/example_dags/plugins/workday.py took 0.190 seconds
[2025-05-04T22:24:44.446+0000] {processor.py:161} INFO - Started process (PID=365) to work on /home/airflow/.local/lib/python3.8/site-packages/airflow/example_dags/plugins/workday.py
[2025-05-04T22:24:44.446+0000] {processor.py:830} INFO - Processing file /home/airflow/.local/lib/python3.8/site-packages/airflow/example_dags/plugins/workday.py for tasks to queue
[2025-05-04T22:24:44.447+0000] {logging_mixin.py:188} INFO - [2025-05-04T22:24:44.447+0000] {dagbag.py:538} INFO - Filling up the DagBag from /home/airflow/.local/lib/python3.8/site-packages/airflow/example_dags/plugins/workday.py
[2025-05-04T22:24:44.679+0000] {processor.py:842} WARNING - No viable dags retrieved from /home/airflow/.local/lib/python3.8/site-packages/airflow/example_dags/plugins/workday.py
[2025-05-04T22:24:44.684+0000] {processor.py:183} INFO - Processing /home/airflow/.local/lib/python3.8/site-packages/airflow/example_dags/plugins/workday.py took 0.240 seconds
[2025-05-04T22:25:29.973+0000] {processor.py:161} INFO - Started process (PID=85) to work on /home/airflow/.local/lib/python3.8/site-packages/airflow/example_dags/plugins/workday.py
[2025-05-04T22:25:29.973+0000] {processor.py:830} INFO - Processing file /home/airflow/.local/lib/python3.8/site-packages/airflow/example_dags/plugins/workday.py for tasks to queue
[2025-05-04T22:25:29.974+0000] {logging_mixin.py:188} INFO - [2025-05-04T22:25:29.974+0000] {dagbag.py:538} INFO - Filling up the DagBag from /home/airflow/.local/lib/python3.8/site-packages/airflow/example_dags/plugins/workday.py
[2025-05-04T22:25:30.170+0000] {processor.py:842} WARNING - No viable dags retrieved from /home/airflow/.local/lib/python3.8/site-packages/airflow/example_dags/plugins/workday.py
[2025-05-04T22:25:30.175+0000] {processor.py:183} INFO - Processing /home/airflow/.local/lib/python3.8/site-packages/airflow/example_dags/plugins/workday.py took 0.204 seconds
[2025-05-04T22:26:00.511+0000] {processor.py:161} INFO - Started process (PID=141) to work on /home/airflow/.local/lib/python3.8/site-packages/airflow/example_dags/plugins/workday.py
[2025-05-04T22:26:00.514+0000] {processor.py:830} INFO - Processing file /home/airflow/.local/lib/python3.8/site-packages/airflow/example_dags/plugins/workday.py for tasks to queue
[2025-05-04T22:26:00.515+0000] {logging_mixin.py:188} INFO - [2025-05-04T22:26:00.515+0000] {dagbag.py:538} INFO - Filling up the DagBag from /home/airflow/.local/lib/python3.8/site-packages/airflow/example_dags/plugins/workday.py
[2025-05-04T22:26:00.738+0000] {processor.py:842} WARNING - No viable dags retrieved from /home/airflow/.local/lib/python3.8/site-packages/airflow/example_dags/plugins/workday.py
[2025-05-04T22:26:00.743+0000] {processor.py:183} INFO - Processing /home/airflow/.local/lib/python3.8/site-packages/airflow/example_dags/plugins/workday.py took 0.233 seconds
[2025-05-04T22:26:31.339+0000] {processor.py:161} INFO - Started process (PID=197) to work on /home/airflow/.local/lib/python3.8/site-packages/airflow/example_dags/plugins/workday.py
[2025-05-04T22:26:31.339+0000] {processor.py:830} INFO - Processing file /home/airflow/.local/lib/python3.8/site-packages/airflow/example_dags/plugins/workday.py for tasks to queue
[2025-05-04T22:26:31.340+0000] {logging_mixin.py:188} INFO - [2025-05-04T22:26:31.340+0000] {dagbag.py:538} INFO - Filling up the DagBag from /home/airflow/.local/lib/python3.8/site-packages/airflow/example_dags/plugins/workday.py
[2025-05-04T22:26:31.585+0000] {processor.py:842} WARNING - No viable dags retrieved from /home/airflow/.local/lib/python3.8/site-packages/airflow/example_dags/plugins/workday.py
[2025-05-04T22:26:31.590+0000] {processor.py:183} INFO - Processing /home/airflow/.local/lib/python3.8/site-packages/airflow/example_dags/plugins/workday.py took 0.253 seconds
[2025-05-04T22:27:01.927+0000] {processor.py:161} INFO - Started process (PID=257) to work on /home/airflow/.local/lib/python3.8/site-packages/airflow/example_dags/plugins/workday.py
[2025-05-04T22:27:01.927+0000] {processor.py:830} INFO - Processing file /home/airflow/.local/lib/python3.8/site-packages/airflow/example_dags/plugins/workday.py for tasks to queue
[2025-05-04T22:27:01.928+0000] {logging_mixin.py:188} INFO - [2025-05-04T22:27:01.928+0000] {dagbag.py:538} INFO - Filling up the DagBag from /home/airflow/.local/lib/python3.8/site-packages/airflow/example_dags/plugins/workday.py
[2025-05-04T22:27:02.166+0000] {processor.py:842} WARNING - No viable dags retrieved from /home/airflow/.local/lib/python3.8/site-packages/airflow/example_dags/plugins/workday.py
[2025-05-04T22:27:02.172+0000] {processor.py:183} INFO - Processing /home/airflow/.local/lib/python3.8/site-packages/airflow/example_dags/plugins/workday.py took 0.247 seconds
[2025-05-04T22:27:32.532+0000] {processor.py:161} INFO - Started process (PID=313) to work on /home/airflow/.local/lib/python3.8/site-packages/airflow/example_dags/plugins/workday.py
[2025-05-04T22:27:32.533+0000] {processor.py:830} INFO - Processing file /home/airflow/.local/lib/python3.8/site-packages/airflow/example_dags/plugins/workday.py for tasks to queue
[2025-05-04T22:27:32.534+0000] {logging_mixin.py:188} INFO - [2025-05-04T22:27:32.534+0000] {dagbag.py:538} INFO - Filling up the DagBag from /home/airflow/.local/lib/python3.8/site-packages/airflow/example_dags/plugins/workday.py
[2025-05-04T22:27:32.721+0000] {processor.py:842} WARNING - No viable dags retrieved from /home/airflow/.local/lib/python3.8/site-packages/airflow/example_dags/plugins/workday.py
[2025-05-04T22:27:32.726+0000] {processor.py:183} INFO - Processing /home/airflow/.local/lib/python3.8/site-packages/airflow/example_dags/plugins/workday.py took 0.195 seconds
[2025-05-04T22:28:03.237+0000] {processor.py:161} INFO - Started process (PID=369) to work on /home/airflow/.local/lib/python3.8/site-packages/airflow/example_dags/plugins/workday.py
[2025-05-04T22:28:03.238+0000] {processor.py:830} INFO - Processing file /home/airflow/.local/lib/python3.8/site-packages/airflow/example_dags/plugins/workday.py for tasks to queue
[2025-05-04T22:28:03.240+0000] {logging_mixin.py:188} INFO - [2025-05-04T22:28:03.239+0000] {dagbag.py:538} INFO - Filling up the DagBag from /home/airflow/.local/lib/python3.8/site-packages/airflow/example_dags/plugins/workday.py
[2025-05-04T22:28:03.415+0000] {processor.py:842} WARNING - No viable dags retrieved from /home/airflow/.local/lib/python3.8/site-packages/airflow/example_dags/plugins/workday.py
[2025-05-04T22:28:03.420+0000] {processor.py:183} INFO - Processing /home/airflow/.local/lib/python3.8/site-packages/airflow/example_dags/plugins/workday.py took 0.185 seconds
[2025-05-04T22:28:33.834+0000] {processor.py:161} INFO - Started process (PID=425) to work on /home/airflow/.local/lib/python3.8/site-packages/airflow/example_dags/plugins/workday.py
[2025-05-04T22:28:33.834+0000] {processor.py:830} INFO - Processing file /home/airflow/.local/lib/python3.8/site-packages/airflow/example_dags/plugins/workday.py for tasks to queue
[2025-05-04T22:28:33.835+0000] {logging_mixin.py:188} INFO - [2025-05-04T22:28:33.835+0000] {dagbag.py:538} INFO - Filling up the DagBag from /home/airflow/.local/lib/python3.8/site-packages/airflow/example_dags/plugins/workday.py
[2025-05-04T22:28:34.014+0000] {processor.py:842} WARNING - No viable dags retrieved from /home/airflow/.local/lib/python3.8/site-packages/airflow/example_dags/plugins/workday.py
[2025-05-04T22:28:34.018+0000] {processor.py:183} INFO - Processing /home/airflow/.local/lib/python3.8/site-packages/airflow/example_dags/plugins/workday.py took 0.186 seconds
[2025-05-04T22:29:04.470+0000] {processor.py:161} INFO - Started process (PID=481) to work on /home/airflow/.local/lib/python3.8/site-packages/airflow/example_dags/plugins/workday.py
[2025-05-04T22:29:04.471+0000] {processor.py:830} INFO - Processing file /home/airflow/.local/lib/python3.8/site-packages/airflow/example_dags/plugins/workday.py for tasks to queue
[2025-05-04T22:29:04.472+0000] {logging_mixin.py:188} INFO - [2025-05-04T22:29:04.472+0000] {dagbag.py:538} INFO - Filling up the DagBag from /home/airflow/.local/lib/python3.8/site-packages/airflow/example_dags/plugins/workday.py
[2025-05-04T22:29:04.695+0000] {processor.py:842} WARNING - No viable dags retrieved from /home/airflow/.local/lib/python3.8/site-packages/airflow/example_dags/plugins/workday.py
[2025-05-04T22:29:04.701+0000] {processor.py:183} INFO - Processing /home/airflow/.local/lib/python3.8/site-packages/airflow/example_dags/plugins/workday.py took 0.233 seconds
[2025-05-04T22:29:35.391+0000] {processor.py:161} INFO - Started process (PID=540) to work on /home/airflow/.local/lib/python3.8/site-packages/airflow/example_dags/plugins/workday.py
[2025-05-04T22:29:35.391+0000] {processor.py:830} INFO - Processing file /home/airflow/.local/lib/python3.8/site-packages/airflow/example_dags/plugins/workday.py for tasks to queue
[2025-05-04T22:29:35.392+0000] {logging_mixin.py:188} INFO - [2025-05-04T22:29:35.392+0000] {dagbag.py:538} INFO - Filling up the DagBag from /home/airflow/.local/lib/python3.8/site-packages/airflow/example_dags/plugins/workday.py
[2025-05-04T22:29:35.560+0000] {processor.py:842} WARNING - No viable dags retrieved from /home/airflow/.local/lib/python3.8/site-packages/airflow/example_dags/plugins/workday.py
[2025-05-04T22:29:35.565+0000] {processor.py:183} INFO - Processing /home/airflow/.local/lib/python3.8/site-packages/airflow/example_dags/plugins/workday.py took 0.176 seconds
[2025-05-04T22:30:06.038+0000] {processor.py:161} INFO - Started process (PID=593) to work on /home/airflow/.local/lib/python3.8/site-packages/airflow/example_dags/plugins/workday.py
[2025-05-04T22:30:06.039+0000] {processor.py:830} INFO - Processing file /home/airflow/.local/lib/python3.8/site-packages/airflow/example_dags/plugins/workday.py for tasks to queue
[2025-05-04T22:30:06.041+0000] {logging_mixin.py:188} INFO - [2025-05-04T22:30:06.041+0000] {dagbag.py:538} INFO - Filling up the DagBag from /home/airflow/.local/lib/python3.8/site-packages/airflow/example_dags/plugins/workday.py
[2025-05-04T22:30:06.266+0000] {processor.py:842} WARNING - No viable dags retrieved from /home/airflow/.local/lib/python3.8/site-packages/airflow/example_dags/plugins/workday.py
[2025-05-04T22:30:06.271+0000] {processor.py:183} INFO - Processing /home/airflow/.local/lib/python3.8/site-packages/airflow/example_dags/plugins/workday.py took 0.234 seconds
[2025-05-04T22:30:36.698+0000] {processor.py:161} INFO - Started process (PID=649) to work on /home/airflow/.local/lib/python3.8/site-packages/airflow/example_dags/plugins/workday.py
[2025-05-04T22:30:36.699+0000] {processor.py:830} INFO - Processing file /home/airflow/.local/lib/python3.8/site-packages/airflow/example_dags/plugins/workday.py for tasks to queue
[2025-05-04T22:30:36.701+0000] {logging_mixin.py:188} INFO - [2025-05-04T22:30:36.701+0000] {dagbag.py:538} INFO - Filling up the DagBag from /home/airflow/.local/lib/python3.8/site-packages/airflow/example_dags/plugins/workday.py
[2025-05-04T22:30:36.946+0000] {processor.py:842} WARNING - No viable dags retrieved from /home/airflow/.local/lib/python3.8/site-packages/airflow/example_dags/plugins/workday.py
[2025-05-04T22:30:36.951+0000] {processor.py:183} INFO - Processing /home/airflow/.local/lib/python3.8/site-packages/airflow/example_dags/plugins/workday.py took 0.255 seconds
[2025-05-04T22:31:15.180+0000] {processor.py:161} INFO - Started process (PID=86) to work on /home/airflow/.local/lib/python3.8/site-packages/airflow/example_dags/plugins/workday.py
[2025-05-04T22:31:15.181+0000] {processor.py:830} INFO - Processing file /home/airflow/.local/lib/python3.8/site-packages/airflow/example_dags/plugins/workday.py for tasks to queue
[2025-05-04T22:31:15.183+0000] {logging_mixin.py:188} INFO - [2025-05-04T22:31:15.183+0000] {dagbag.py:538} INFO - Filling up the DagBag from /home/airflow/.local/lib/python3.8/site-packages/airflow/example_dags/plugins/workday.py
[2025-05-04T22:31:15.445+0000] {processor.py:842} WARNING - No viable dags retrieved from /home/airflow/.local/lib/python3.8/site-packages/airflow/example_dags/plugins/workday.py
[2025-05-04T22:31:15.451+0000] {processor.py:183} INFO - Processing /home/airflow/.local/lib/python3.8/site-packages/airflow/example_dags/plugins/workday.py took 0.272 seconds
[2025-05-04T22:31:45.675+0000] {processor.py:161} INFO - Started process (PID=145) to work on /home/airflow/.local/lib/python3.8/site-packages/airflow/example_dags/plugins/workday.py
[2025-05-04T22:31:45.675+0000] {processor.py:830} INFO - Processing file /home/airflow/.local/lib/python3.8/site-packages/airflow/example_dags/plugins/workday.py for tasks to queue
[2025-05-04T22:31:45.676+0000] {logging_mixin.py:188} INFO - [2025-05-04T22:31:45.676+0000] {dagbag.py:538} INFO - Filling up the DagBag from /home/airflow/.local/lib/python3.8/site-packages/airflow/example_dags/plugins/workday.py
[2025-05-04T22:31:45.890+0000] {processor.py:842} WARNING - No viable dags retrieved from /home/airflow/.local/lib/python3.8/site-packages/airflow/example_dags/plugins/workday.py
[2025-05-04T22:31:45.895+0000] {processor.py:183} INFO - Processing /home/airflow/.local/lib/python3.8/site-packages/airflow/example_dags/plugins/workday.py took 0.222 seconds
[2025-05-04T22:32:16.499+0000] {processor.py:161} INFO - Started process (PID=205) to work on /home/airflow/.local/lib/python3.8/site-packages/airflow/example_dags/plugins/workday.py
[2025-05-04T22:32:16.500+0000] {processor.py:830} INFO - Processing file /home/airflow/.local/lib/python3.8/site-packages/airflow/example_dags/plugins/workday.py for tasks to queue
[2025-05-04T22:32:16.502+0000] {logging_mixin.py:188} INFO - [2025-05-04T22:32:16.501+0000] {dagbag.py:538} INFO - Filling up the DagBag from /home/airflow/.local/lib/python3.8/site-packages/airflow/example_dags/plugins/workday.py
[2025-05-04T22:32:16.740+0000] {processor.py:842} WARNING - No viable dags retrieved from /home/airflow/.local/lib/python3.8/site-packages/airflow/example_dags/plugins/workday.py
[2025-05-04T22:32:16.746+0000] {processor.py:183} INFO - Processing /home/airflow/.local/lib/python3.8/site-packages/airflow/example_dags/plugins/workday.py took 0.248 seconds
[2025-05-04T22:32:47.177+0000] {processor.py:161} INFO - Started process (PID=261) to work on /home/airflow/.local/lib/python3.8/site-packages/airflow/example_dags/plugins/workday.py
[2025-05-04T22:32:47.177+0000] {processor.py:830} INFO - Processing file /home/airflow/.local/lib/python3.8/site-packages/airflow/example_dags/plugins/workday.py for tasks to queue
[2025-05-04T22:32:47.180+0000] {logging_mixin.py:188} INFO - [2025-05-04T22:32:47.180+0000] {dagbag.py:538} INFO - Filling up the DagBag from /home/airflow/.local/lib/python3.8/site-packages/airflow/example_dags/plugins/workday.py
[2025-05-04T22:32:47.374+0000] {processor.py:842} WARNING - No viable dags retrieved from /home/airflow/.local/lib/python3.8/site-packages/airflow/example_dags/plugins/workday.py
[2025-05-04T22:32:47.379+0000] {processor.py:183} INFO - Processing /home/airflow/.local/lib/python3.8/site-packages/airflow/example_dags/plugins/workday.py took 0.204 seconds
[2025-05-04T22:33:17.940+0000] {processor.py:161} INFO - Started process (PID=317) to work on /home/airflow/.local/lib/python3.8/site-packages/airflow/example_dags/plugins/workday.py
[2025-05-04T22:33:17.940+0000] {processor.py:830} INFO - Processing file /home/airflow/.local/lib/python3.8/site-packages/airflow/example_dags/plugins/workday.py for tasks to queue
[2025-05-04T22:33:17.941+0000] {logging_mixin.py:188} INFO - [2025-05-04T22:33:17.941+0000] {dagbag.py:538} INFO - Filling up the DagBag from /home/airflow/.local/lib/python3.8/site-packages/airflow/example_dags/plugins/workday.py
[2025-05-04T22:33:18.180+0000] {processor.py:842} WARNING - No viable dags retrieved from /home/airflow/.local/lib/python3.8/site-packages/airflow/example_dags/plugins/workday.py
[2025-05-04T22:33:18.186+0000] {processor.py:183} INFO - Processing /home/airflow/.local/lib/python3.8/site-packages/airflow/example_dags/plugins/workday.py took 0.248 seconds
[2025-05-04T22:33:48.555+0000] {processor.py:161} INFO - Started process (PID=373) to work on /home/airflow/.local/lib/python3.8/site-packages/airflow/example_dags/plugins/workday.py
[2025-05-04T22:33:48.556+0000] {processor.py:830} INFO - Processing file /home/airflow/.local/lib/python3.8/site-packages/airflow/example_dags/plugins/workday.py for tasks to queue
[2025-05-04T22:33:48.558+0000] {logging_mixin.py:188} INFO - [2025-05-04T22:33:48.558+0000] {dagbag.py:538} INFO - Filling up the DagBag from /home/airflow/.local/lib/python3.8/site-packages/airflow/example_dags/plugins/workday.py
[2025-05-04T22:33:48.727+0000] {processor.py:842} WARNING - No viable dags retrieved from /home/airflow/.local/lib/python3.8/site-packages/airflow/example_dags/plugins/workday.py
[2025-05-04T22:33:48.732+0000] {processor.py:183} INFO - Processing /home/airflow/.local/lib/python3.8/site-packages/airflow/example_dags/plugins/workday.py took 0.178 seconds
[2025-05-04T22:34:19.233+0000] {processor.py:161} INFO - Started process (PID=429) to work on /home/airflow/.local/lib/python3.8/site-packages/airflow/example_dags/plugins/workday.py
[2025-05-04T22:34:19.234+0000] {processor.py:830} INFO - Processing file /home/airflow/.local/lib/python3.8/site-packages/airflow/example_dags/plugins/workday.py for tasks to queue
[2025-05-04T22:34:19.235+0000] {logging_mixin.py:188} INFO - [2025-05-04T22:34:19.235+0000] {dagbag.py:538} INFO - Filling up the DagBag from /home/airflow/.local/lib/python3.8/site-packages/airflow/example_dags/plugins/workday.py
[2025-05-04T22:34:19.427+0000] {processor.py:842} WARNING - No viable dags retrieved from /home/airflow/.local/lib/python3.8/site-packages/airflow/example_dags/plugins/workday.py
[2025-05-04T22:34:19.432+0000] {processor.py:183} INFO - Processing /home/airflow/.local/lib/python3.8/site-packages/airflow/example_dags/plugins/workday.py took 0.200 seconds
[2025-05-04T22:36:26.385+0000] {processor.py:161} INFO - Started process (PID=84) to work on /home/airflow/.local/lib/python3.8/site-packages/airflow/example_dags/plugins/workday.py
[2025-05-04T22:36:26.387+0000] {processor.py:830} INFO - Processing file /home/airflow/.local/lib/python3.8/site-packages/airflow/example_dags/plugins/workday.py for tasks to queue
[2025-05-04T22:36:26.388+0000] {logging_mixin.py:188} INFO - [2025-05-04T22:36:26.388+0000] {dagbag.py:538} INFO - Filling up the DagBag from /home/airflow/.local/lib/python3.8/site-packages/airflow/example_dags/plugins/workday.py
[2025-05-04T22:36:26.608+0000] {processor.py:842} WARNING - No viable dags retrieved from /home/airflow/.local/lib/python3.8/site-packages/airflow/example_dags/plugins/workday.py
[2025-05-04T22:36:26.613+0000] {processor.py:183} INFO - Processing /home/airflow/.local/lib/python3.8/site-packages/airflow/example_dags/plugins/workday.py took 0.229 seconds
[2025-05-04T22:36:56.909+0000] {processor.py:161} INFO - Started process (PID=143) to work on /home/airflow/.local/lib/python3.8/site-packages/airflow/example_dags/plugins/workday.py
[2025-05-04T22:36:56.909+0000] {processor.py:830} INFO - Processing file /home/airflow/.local/lib/python3.8/site-packages/airflow/example_dags/plugins/workday.py for tasks to queue
[2025-05-04T22:36:56.911+0000] {logging_mixin.py:188} INFO - [2025-05-04T22:36:56.911+0000] {dagbag.py:538} INFO - Filling up the DagBag from /home/airflow/.local/lib/python3.8/site-packages/airflow/example_dags/plugins/workday.py
[2025-05-04T22:36:57.128+0000] {processor.py:842} WARNING - No viable dags retrieved from /home/airflow/.local/lib/python3.8/site-packages/airflow/example_dags/plugins/workday.py
[2025-05-04T22:36:57.134+0000] {processor.py:183} INFO - Processing /home/airflow/.local/lib/python3.8/site-packages/airflow/example_dags/plugins/workday.py took 0.227 seconds
[2025-05-04T22:37:27.660+0000] {processor.py:161} INFO - Started process (PID=199) to work on /home/airflow/.local/lib/python3.8/site-packages/airflow/example_dags/plugins/workday.py
[2025-05-04T22:37:27.660+0000] {processor.py:830} INFO - Processing file /home/airflow/.local/lib/python3.8/site-packages/airflow/example_dags/plugins/workday.py for tasks to queue
[2025-05-04T22:37:27.661+0000] {logging_mixin.py:188} INFO - [2025-05-04T22:37:27.661+0000] {dagbag.py:538} INFO - Filling up the DagBag from /home/airflow/.local/lib/python3.8/site-packages/airflow/example_dags/plugins/workday.py
[2025-05-04T22:37:27.845+0000] {processor.py:842} WARNING - No viable dags retrieved from /home/airflow/.local/lib/python3.8/site-packages/airflow/example_dags/plugins/workday.py
[2025-05-04T22:37:27.850+0000] {processor.py:183} INFO - Processing /home/airflow/.local/lib/python3.8/site-packages/airflow/example_dags/plugins/workday.py took 0.192 seconds
[2025-05-04T22:37:58.348+0000] {processor.py:161} INFO - Started process (PID=255) to work on /home/airflow/.local/lib/python3.8/site-packages/airflow/example_dags/plugins/workday.py
[2025-05-04T22:37:58.349+0000] {processor.py:830} INFO - Processing file /home/airflow/.local/lib/python3.8/site-packages/airflow/example_dags/plugins/workday.py for tasks to queue
[2025-05-04T22:37:58.350+0000] {logging_mixin.py:188} INFO - [2025-05-04T22:37:58.350+0000] {dagbag.py:538} INFO - Filling up the DagBag from /home/airflow/.local/lib/python3.8/site-packages/airflow/example_dags/plugins/workday.py
[2025-05-04T22:37:58.573+0000] {processor.py:842} WARNING - No viable dags retrieved from /home/airflow/.local/lib/python3.8/site-packages/airflow/example_dags/plugins/workday.py
[2025-05-04T22:37:58.580+0000] {processor.py:183} INFO - Processing /home/airflow/.local/lib/python3.8/site-packages/airflow/example_dags/plugins/workday.py took 0.233 seconds
[2025-05-04T22:38:29.064+0000] {processor.py:161} INFO - Started process (PID=311) to work on /home/airflow/.local/lib/python3.8/site-packages/airflow/example_dags/plugins/workday.py
[2025-05-04T22:38:29.065+0000] {processor.py:830} INFO - Processing file /home/airflow/.local/lib/python3.8/site-packages/airflow/example_dags/plugins/workday.py for tasks to queue
[2025-05-04T22:38:29.066+0000] {logging_mixin.py:188} INFO - [2025-05-04T22:38:29.065+0000] {dagbag.py:538} INFO - Filling up the DagBag from /home/airflow/.local/lib/python3.8/site-packages/airflow/example_dags/plugins/workday.py
[2025-05-04T22:38:29.245+0000] {processor.py:842} WARNING - No viable dags retrieved from /home/airflow/.local/lib/python3.8/site-packages/airflow/example_dags/plugins/workday.py
[2025-05-04T22:38:29.250+0000] {processor.py:183} INFO - Processing /home/airflow/.local/lib/python3.8/site-packages/airflow/example_dags/plugins/workday.py took 0.188 seconds
[2025-05-04T22:38:59.755+0000] {processor.py:161} INFO - Started process (PID=364) to work on /home/airflow/.local/lib/python3.8/site-packages/airflow/example_dags/plugins/workday.py
[2025-05-04T22:38:59.755+0000] {processor.py:830} INFO - Processing file /home/airflow/.local/lib/python3.8/site-packages/airflow/example_dags/plugins/workday.py for tasks to queue
[2025-05-04T22:38:59.756+0000] {logging_mixin.py:188} INFO - [2025-05-04T22:38:59.756+0000] {dagbag.py:538} INFO - Filling up the DagBag from /home/airflow/.local/lib/python3.8/site-packages/airflow/example_dags/plugins/workday.py
[2025-05-04T22:38:59.944+0000] {processor.py:842} WARNING - No viable dags retrieved from /home/airflow/.local/lib/python3.8/site-packages/airflow/example_dags/plugins/workday.py
[2025-05-04T22:38:59.949+0000] {processor.py:183} INFO - Processing /home/airflow/.local/lib/python3.8/site-packages/airflow/example_dags/plugins/workday.py took 0.195 seconds
[2025-05-04T22:39:30.635+0000] {processor.py:161} INFO - Started process (PID=420) to work on /home/airflow/.local/lib/python3.8/site-packages/airflow/example_dags/plugins/workday.py
[2025-05-04T22:39:30.638+0000] {processor.py:830} INFO - Processing file /home/airflow/.local/lib/python3.8/site-packages/airflow/example_dags/plugins/workday.py for tasks to queue
[2025-05-04T22:39:30.639+0000] {logging_mixin.py:188} INFO - [2025-05-04T22:39:30.639+0000] {dagbag.py:538} INFO - Filling up the DagBag from /home/airflow/.local/lib/python3.8/site-packages/airflow/example_dags/plugins/workday.py
[2025-05-04T22:39:30.874+0000] {processor.py:842} WARNING - No viable dags retrieved from /home/airflow/.local/lib/python3.8/site-packages/airflow/example_dags/plugins/workday.py
[2025-05-04T22:39:30.879+0000] {processor.py:183} INFO - Processing /home/airflow/.local/lib/python3.8/site-packages/airflow/example_dags/plugins/workday.py took 0.246 seconds
[2025-05-04T22:40:01.488+0000] {processor.py:161} INFO - Started process (PID=477) to work on /home/airflow/.local/lib/python3.8/site-packages/airflow/example_dags/plugins/workday.py
[2025-05-04T22:40:01.489+0000] {processor.py:830} INFO - Processing file /home/airflow/.local/lib/python3.8/site-packages/airflow/example_dags/plugins/workday.py for tasks to queue
[2025-05-04T22:40:01.490+0000] {logging_mixin.py:188} INFO - [2025-05-04T22:40:01.490+0000] {dagbag.py:538} INFO - Filling up the DagBag from /home/airflow/.local/lib/python3.8/site-packages/airflow/example_dags/plugins/workday.py
[2025-05-04T22:40:01.676+0000] {processor.py:842} WARNING - No viable dags retrieved from /home/airflow/.local/lib/python3.8/site-packages/airflow/example_dags/plugins/workday.py
[2025-05-04T22:40:01.681+0000] {processor.py:183} INFO - Processing /home/airflow/.local/lib/python3.8/site-packages/airflow/example_dags/plugins/workday.py took 0.194 seconds
[2025-05-04T22:40:32.580+0000] {processor.py:161} INFO - Started process (PID=533) to work on /home/airflow/.local/lib/python3.8/site-packages/airflow/example_dags/plugins/workday.py
[2025-05-04T22:40:32.581+0000] {processor.py:830} INFO - Processing file /home/airflow/.local/lib/python3.8/site-packages/airflow/example_dags/plugins/workday.py for tasks to queue
[2025-05-04T22:40:32.582+0000] {logging_mixin.py:188} INFO - [2025-05-04T22:40:32.582+0000] {dagbag.py:538} INFO - Filling up the DagBag from /home/airflow/.local/lib/python3.8/site-packages/airflow/example_dags/plugins/workday.py
[2025-05-04T22:40:32.832+0000] {processor.py:842} WARNING - No viable dags retrieved from /home/airflow/.local/lib/python3.8/site-packages/airflow/example_dags/plugins/workday.py
[2025-05-04T22:40:32.838+0000] {processor.py:183} INFO - Processing /home/airflow/.local/lib/python3.8/site-packages/airflow/example_dags/plugins/workday.py took 0.260 seconds
[2025-05-04T22:41:03.629+0000] {processor.py:161} INFO - Started process (PID=589) to work on /home/airflow/.local/lib/python3.8/site-packages/airflow/example_dags/plugins/workday.py
[2025-05-04T22:41:03.629+0000] {processor.py:830} INFO - Processing file /home/airflow/.local/lib/python3.8/site-packages/airflow/example_dags/plugins/workday.py for tasks to queue
[2025-05-04T22:41:03.630+0000] {logging_mixin.py:188} INFO - [2025-05-04T22:41:03.630+0000] {dagbag.py:538} INFO - Filling up the DagBag from /home/airflow/.local/lib/python3.8/site-packages/airflow/example_dags/plugins/workday.py
[2025-05-04T22:41:03.827+0000] {processor.py:842} WARNING - No viable dags retrieved from /home/airflow/.local/lib/python3.8/site-packages/airflow/example_dags/plugins/workday.py
[2025-05-04T22:41:03.831+0000] {processor.py:183} INFO - Processing /home/airflow/.local/lib/python3.8/site-packages/airflow/example_dags/plugins/workday.py took 0.205 seconds
[2025-05-04T22:41:34.318+0000] {processor.py:161} INFO - Started process (PID=645) to work on /home/airflow/.local/lib/python3.8/site-packages/airflow/example_dags/plugins/workday.py
[2025-05-04T22:41:34.320+0000] {processor.py:830} INFO - Processing file /home/airflow/.local/lib/python3.8/site-packages/airflow/example_dags/plugins/workday.py for tasks to queue
[2025-05-04T22:41:34.322+0000] {logging_mixin.py:188} INFO - [2025-05-04T22:41:34.322+0000] {dagbag.py:538} INFO - Filling up the DagBag from /home/airflow/.local/lib/python3.8/site-packages/airflow/example_dags/plugins/workday.py
[2025-05-04T22:41:34.595+0000] {processor.py:842} WARNING - No viable dags retrieved from /home/airflow/.local/lib/python3.8/site-packages/airflow/example_dags/plugins/workday.py
[2025-05-04T22:41:34.599+0000] {processor.py:183} INFO - Processing /home/airflow/.local/lib/python3.8/site-packages/airflow/example_dags/plugins/workday.py took 0.284 seconds
[2025-05-04T22:42:05.153+0000] {processor.py:161} INFO - Started process (PID=701) to work on /home/airflow/.local/lib/python3.8/site-packages/airflow/example_dags/plugins/workday.py
[2025-05-04T22:42:05.154+0000] {processor.py:830} INFO - Processing file /home/airflow/.local/lib/python3.8/site-packages/airflow/example_dags/plugins/workday.py for tasks to queue
[2025-05-04T22:42:05.155+0000] {logging_mixin.py:188} INFO - [2025-05-04T22:42:05.155+0000] {dagbag.py:538} INFO - Filling up the DagBag from /home/airflow/.local/lib/python3.8/site-packages/airflow/example_dags/plugins/workday.py
[2025-05-04T22:42:05.356+0000] {processor.py:842} WARNING - No viable dags retrieved from /home/airflow/.local/lib/python3.8/site-packages/airflow/example_dags/plugins/workday.py
[2025-05-04T22:42:05.361+0000] {processor.py:183} INFO - Processing /home/airflow/.local/lib/python3.8/site-packages/airflow/example_dags/plugins/workday.py took 0.210 seconds
[2025-05-04T22:42:35.883+0000] {processor.py:161} INFO - Started process (PID=757) to work on /home/airflow/.local/lib/python3.8/site-packages/airflow/example_dags/plugins/workday.py
[2025-05-04T22:42:35.884+0000] {processor.py:830} INFO - Processing file /home/airflow/.local/lib/python3.8/site-packages/airflow/example_dags/plugins/workday.py for tasks to queue
[2025-05-04T22:42:35.885+0000] {logging_mixin.py:188} INFO - [2025-05-04T22:42:35.885+0000] {dagbag.py:538} INFO - Filling up the DagBag from /home/airflow/.local/lib/python3.8/site-packages/airflow/example_dags/plugins/workday.py
[2025-05-04T22:42:36.101+0000] {processor.py:842} WARNING - No viable dags retrieved from /home/airflow/.local/lib/python3.8/site-packages/airflow/example_dags/plugins/workday.py
[2025-05-04T22:42:36.106+0000] {processor.py:183} INFO - Processing /home/airflow/.local/lib/python3.8/site-packages/airflow/example_dags/plugins/workday.py took 0.224 seconds
[2025-05-04T22:43:06.907+0000] {processor.py:161} INFO - Started process (PID=813) to work on /home/airflow/.local/lib/python3.8/site-packages/airflow/example_dags/plugins/workday.py
[2025-05-04T22:43:06.909+0000] {processor.py:830} INFO - Processing file /home/airflow/.local/lib/python3.8/site-packages/airflow/example_dags/plugins/workday.py for tasks to queue
[2025-05-04T22:43:06.911+0000] {logging_mixin.py:188} INFO - [2025-05-04T22:43:06.910+0000] {dagbag.py:538} INFO - Filling up the DagBag from /home/airflow/.local/lib/python3.8/site-packages/airflow/example_dags/plugins/workday.py
[2025-05-04T22:43:07.104+0000] {processor.py:842} WARNING - No viable dags retrieved from /home/airflow/.local/lib/python3.8/site-packages/airflow/example_dags/plugins/workday.py
[2025-05-04T22:43:07.109+0000] {processor.py:183} INFO - Processing /home/airflow/.local/lib/python3.8/site-packages/airflow/example_dags/plugins/workday.py took 0.205 seconds
[2025-05-04T22:43:37.786+0000] {processor.py:161} INFO - Started process (PID=869) to work on /home/airflow/.local/lib/python3.8/site-packages/airflow/example_dags/plugins/workday.py
[2025-05-04T22:43:37.786+0000] {processor.py:830} INFO - Processing file /home/airflow/.local/lib/python3.8/site-packages/airflow/example_dags/plugins/workday.py for tasks to queue
[2025-05-04T22:43:37.787+0000] {logging_mixin.py:188} INFO - [2025-05-04T22:43:37.787+0000] {dagbag.py:538} INFO - Filling up the DagBag from /home/airflow/.local/lib/python3.8/site-packages/airflow/example_dags/plugins/workday.py
[2025-05-04T22:43:37.966+0000] {processor.py:842} WARNING - No viable dags retrieved from /home/airflow/.local/lib/python3.8/site-packages/airflow/example_dags/plugins/workday.py
[2025-05-04T22:43:37.971+0000] {processor.py:183} INFO - Processing /home/airflow/.local/lib/python3.8/site-packages/airflow/example_dags/plugins/workday.py took 0.187 seconds
[2025-05-04T22:44:08.589+0000] {processor.py:161} INFO - Started process (PID=925) to work on /home/airflow/.local/lib/python3.8/site-packages/airflow/example_dags/plugins/workday.py
[2025-05-04T22:44:08.590+0000] {processor.py:830} INFO - Processing file /home/airflow/.local/lib/python3.8/site-packages/airflow/example_dags/plugins/workday.py for tasks to queue
[2025-05-04T22:44:08.590+0000] {logging_mixin.py:188} INFO - [2025-05-04T22:44:08.590+0000] {dagbag.py:538} INFO - Filling up the DagBag from /home/airflow/.local/lib/python3.8/site-packages/airflow/example_dags/plugins/workday.py
[2025-05-04T22:44:08.812+0000] {processor.py:842} WARNING - No viable dags retrieved from /home/airflow/.local/lib/python3.8/site-packages/airflow/example_dags/plugins/workday.py
[2025-05-04T22:44:08.817+0000] {processor.py:183} INFO - Processing /home/airflow/.local/lib/python3.8/site-packages/airflow/example_dags/plugins/workday.py took 0.229 seconds
[2025-05-04T22:44:39.358+0000] {processor.py:161} INFO - Started process (PID=981) to work on /home/airflow/.local/lib/python3.8/site-packages/airflow/example_dags/plugins/workday.py
[2025-05-04T22:44:39.358+0000] {processor.py:830} INFO - Processing file /home/airflow/.local/lib/python3.8/site-packages/airflow/example_dags/plugins/workday.py for tasks to queue
[2025-05-04T22:44:39.359+0000] {logging_mixin.py:188} INFO - [2025-05-04T22:44:39.359+0000] {dagbag.py:538} INFO - Filling up the DagBag from /home/airflow/.local/lib/python3.8/site-packages/airflow/example_dags/plugins/workday.py
[2025-05-04T22:44:39.541+0000] {processor.py:842} WARNING - No viable dags retrieved from /home/airflow/.local/lib/python3.8/site-packages/airflow/example_dags/plugins/workday.py
[2025-05-04T22:44:39.546+0000] {processor.py:183} INFO - Processing /home/airflow/.local/lib/python3.8/site-packages/airflow/example_dags/plugins/workday.py took 0.190 seconds
[2025-05-04T22:45:10.237+0000] {processor.py:161} INFO - Started process (PID=1037) to work on /home/airflow/.local/lib/python3.8/site-packages/airflow/example_dags/plugins/workday.py
[2025-05-04T22:45:10.237+0000] {processor.py:830} INFO - Processing file /home/airflow/.local/lib/python3.8/site-packages/airflow/example_dags/plugins/workday.py for tasks to queue
[2025-05-04T22:45:10.238+0000] {logging_mixin.py:188} INFO - [2025-05-04T22:45:10.238+0000] {dagbag.py:538} INFO - Filling up the DagBag from /home/airflow/.local/lib/python3.8/site-packages/airflow/example_dags/plugins/workday.py
[2025-05-04T22:45:10.459+0000] {processor.py:842} WARNING - No viable dags retrieved from /home/airflow/.local/lib/python3.8/site-packages/airflow/example_dags/plugins/workday.py
[2025-05-04T22:45:10.464+0000] {processor.py:183} INFO - Processing /home/airflow/.local/lib/python3.8/site-packages/airflow/example_dags/plugins/workday.py took 0.229 seconds
[2025-05-04T22:45:41.134+0000] {processor.py:161} INFO - Started process (PID=1093) to work on /home/airflow/.local/lib/python3.8/site-packages/airflow/example_dags/plugins/workday.py
[2025-05-04T22:45:41.135+0000] {processor.py:830} INFO - Processing file /home/airflow/.local/lib/python3.8/site-packages/airflow/example_dags/plugins/workday.py for tasks to queue
[2025-05-04T22:45:41.136+0000] {logging_mixin.py:188} INFO - [2025-05-04T22:45:41.136+0000] {dagbag.py:538} INFO - Filling up the DagBag from /home/airflow/.local/lib/python3.8/site-packages/airflow/example_dags/plugins/workday.py
[2025-05-04T22:45:41.319+0000] {processor.py:842} WARNING - No viable dags retrieved from /home/airflow/.local/lib/python3.8/site-packages/airflow/example_dags/plugins/workday.py
[2025-05-04T22:45:41.324+0000] {processor.py:183} INFO - Processing /home/airflow/.local/lib/python3.8/site-packages/airflow/example_dags/plugins/workday.py took 0.191 seconds
[2025-05-04T22:46:32.616+0000] {processor.py:161} INFO - Started process (PID=85) to work on /home/airflow/.local/lib/python3.8/site-packages/airflow/example_dags/plugins/workday.py
[2025-05-04T22:46:32.616+0000] {processor.py:830} INFO - Processing file /home/airflow/.local/lib/python3.8/site-packages/airflow/example_dags/plugins/workday.py for tasks to queue
[2025-05-04T22:46:32.617+0000] {logging_mixin.py:188} INFO - [2025-05-04T22:46:32.617+0000] {dagbag.py:538} INFO - Filling up the DagBag from /home/airflow/.local/lib/python3.8/site-packages/airflow/example_dags/plugins/workday.py
[2025-05-04T22:46:32.852+0000] {processor.py:842} WARNING - No viable dags retrieved from /home/airflow/.local/lib/python3.8/site-packages/airflow/example_dags/plugins/workday.py
[2025-05-04T22:46:32.858+0000] {processor.py:183} INFO - Processing /home/airflow/.local/lib/python3.8/site-packages/airflow/example_dags/plugins/workday.py took 0.243 seconds
[2025-05-04T22:46:57.094+0000] {processor.py:161} INFO - Started process (PID=84) to work on /home/airflow/.local/lib/python3.8/site-packages/airflow/example_dags/plugins/workday.py
[2025-05-04T22:46:57.096+0000] {processor.py:830} INFO - Processing file /home/airflow/.local/lib/python3.8/site-packages/airflow/example_dags/plugins/workday.py for tasks to queue
[2025-05-04T22:46:57.097+0000] {logging_mixin.py:188} INFO - [2025-05-04T22:46:57.097+0000] {dagbag.py:538} INFO - Filling up the DagBag from /home/airflow/.local/lib/python3.8/site-packages/airflow/example_dags/plugins/workday.py
[2025-05-04T22:46:57.337+0000] {processor.py:842} WARNING - No viable dags retrieved from /home/airflow/.local/lib/python3.8/site-packages/airflow/example_dags/plugins/workday.py
[2025-05-04T22:46:57.342+0000] {processor.py:183} INFO - Processing /home/airflow/.local/lib/python3.8/site-packages/airflow/example_dags/plugins/workday.py took 0.249 seconds
[2025-05-04T22:47:52.880+0000] {processor.py:161} INFO - Started process (PID=85) to work on /home/airflow/.local/lib/python3.8/site-packages/airflow/example_dags/plugins/workday.py
[2025-05-04T22:47:52.881+0000] {processor.py:830} INFO - Processing file /home/airflow/.local/lib/python3.8/site-packages/airflow/example_dags/plugins/workday.py for tasks to queue
[2025-05-04T22:47:52.882+0000] {logging_mixin.py:188} INFO - [2025-05-04T22:47:52.882+0000] {dagbag.py:538} INFO - Filling up the DagBag from /home/airflow/.local/lib/python3.8/site-packages/airflow/example_dags/plugins/workday.py
[2025-05-04T22:47:53.091+0000] {processor.py:842} WARNING - No viable dags retrieved from /home/airflow/.local/lib/python3.8/site-packages/airflow/example_dags/plugins/workday.py
[2025-05-04T22:47:53.096+0000] {processor.py:183} INFO - Processing /home/airflow/.local/lib/python3.8/site-packages/airflow/example_dags/plugins/workday.py took 0.218 seconds
[2025-05-04T22:48:23.298+0000] {processor.py:161} INFO - Started process (PID=144) to work on /home/airflow/.local/lib/python3.8/site-packages/airflow/example_dags/plugins/workday.py
[2025-05-04T22:48:23.300+0000] {processor.py:830} INFO - Processing file /home/airflow/.local/lib/python3.8/site-packages/airflow/example_dags/plugins/workday.py for tasks to queue
[2025-05-04T22:48:23.301+0000] {logging_mixin.py:188} INFO - [2025-05-04T22:48:23.301+0000] {dagbag.py:538} INFO - Filling up the DagBag from /home/airflow/.local/lib/python3.8/site-packages/airflow/example_dags/plugins/workday.py
[2025-05-04T22:48:23.535+0000] {processor.py:842} WARNING - No viable dags retrieved from /home/airflow/.local/lib/python3.8/site-packages/airflow/example_dags/plugins/workday.py
[2025-05-04T22:48:23.540+0000] {processor.py:183} INFO - Processing /home/airflow/.local/lib/python3.8/site-packages/airflow/example_dags/plugins/workday.py took 0.244 seconds
[2025-05-04T22:48:53.941+0000] {processor.py:161} INFO - Started process (PID=197) to work on /home/airflow/.local/lib/python3.8/site-packages/airflow/example_dags/plugins/workday.py
[2025-05-04T22:48:53.941+0000] {processor.py:830} INFO - Processing file /home/airflow/.local/lib/python3.8/site-packages/airflow/example_dags/plugins/workday.py for tasks to queue
[2025-05-04T22:48:53.942+0000] {logging_mixin.py:188} INFO - [2025-05-04T22:48:53.942+0000] {dagbag.py:538} INFO - Filling up the DagBag from /home/airflow/.local/lib/python3.8/site-packages/airflow/example_dags/plugins/workday.py
[2025-05-04T22:48:54.125+0000] {processor.py:842} WARNING - No viable dags retrieved from /home/airflow/.local/lib/python3.8/site-packages/airflow/example_dags/plugins/workday.py
[2025-05-04T22:48:54.130+0000] {processor.py:183} INFO - Processing /home/airflow/.local/lib/python3.8/site-packages/airflow/example_dags/plugins/workday.py took 0.191 seconds
[2025-05-04T22:49:24.838+0000] {processor.py:161} INFO - Started process (PID=253) to work on /home/airflow/.local/lib/python3.8/site-packages/airflow/example_dags/plugins/workday.py
[2025-05-04T22:49:24.838+0000] {processor.py:830} INFO - Processing file /home/airflow/.local/lib/python3.8/site-packages/airflow/example_dags/plugins/workday.py for tasks to queue
[2025-05-04T22:49:24.840+0000] {logging_mixin.py:188} INFO - [2025-05-04T22:49:24.840+0000] {dagbag.py:538} INFO - Filling up the DagBag from /home/airflow/.local/lib/python3.8/site-packages/airflow/example_dags/plugins/workday.py
[2025-05-04T22:49:25.043+0000] {processor.py:842} WARNING - No viable dags retrieved from /home/airflow/.local/lib/python3.8/site-packages/airflow/example_dags/plugins/workday.py
[2025-05-04T22:49:25.048+0000] {processor.py:183} INFO - Processing /home/airflow/.local/lib/python3.8/site-packages/airflow/example_dags/plugins/workday.py took 0.212 seconds
[2025-05-04T22:49:55.435+0000] {processor.py:161} INFO - Started process (PID=309) to work on /home/airflow/.local/lib/python3.8/site-packages/airflow/example_dags/plugins/workday.py
[2025-05-04T22:49:55.436+0000] {processor.py:830} INFO - Processing file /home/airflow/.local/lib/python3.8/site-packages/airflow/example_dags/plugins/workday.py for tasks to queue
[2025-05-04T22:49:55.438+0000] {logging_mixin.py:188} INFO - [2025-05-04T22:49:55.438+0000] {dagbag.py:538} INFO - Filling up the DagBag from /home/airflow/.local/lib/python3.8/site-packages/airflow/example_dags/plugins/workday.py
[2025-05-04T22:49:55.627+0000] {processor.py:842} WARNING - No viable dags retrieved from /home/airflow/.local/lib/python3.8/site-packages/airflow/example_dags/plugins/workday.py
[2025-05-04T22:49:55.633+0000] {processor.py:183} INFO - Processing /home/airflow/.local/lib/python3.8/site-packages/airflow/example_dags/plugins/workday.py took 0.200 seconds
[2025-05-04T22:50:26.244+0000] {processor.py:161} INFO - Started process (PID=366) to work on /home/airflow/.local/lib/python3.8/site-packages/airflow/example_dags/plugins/workday.py
[2025-05-04T22:50:26.244+0000] {processor.py:830} INFO - Processing file /home/airflow/.local/lib/python3.8/site-packages/airflow/example_dags/plugins/workday.py for tasks to queue
[2025-05-04T22:50:26.245+0000] {logging_mixin.py:188} INFO - [2025-05-04T22:50:26.245+0000] {dagbag.py:538} INFO - Filling up the DagBag from /home/airflow/.local/lib/python3.8/site-packages/airflow/example_dags/plugins/workday.py
[2025-05-04T22:50:26.487+0000] {processor.py:842} WARNING - No viable dags retrieved from /home/airflow/.local/lib/python3.8/site-packages/airflow/example_dags/plugins/workday.py
[2025-05-04T22:50:26.492+0000] {processor.py:183} INFO - Processing /home/airflow/.local/lib/python3.8/site-packages/airflow/example_dags/plugins/workday.py took 0.250 seconds
[2025-05-04T22:50:59.357+0000] {processor.py:161} INFO - Started process (PID=85) to work on /home/airflow/.local/lib/python3.8/site-packages/airflow/example_dags/plugins/workday.py
[2025-05-04T22:50:59.357+0000] {processor.py:830} INFO - Processing file /home/airflow/.local/lib/python3.8/site-packages/airflow/example_dags/plugins/workday.py for tasks to queue
[2025-05-04T22:50:59.359+0000] {logging_mixin.py:188} INFO - [2025-05-04T22:50:59.359+0000] {dagbag.py:538} INFO - Filling up the DagBag from /home/airflow/.local/lib/python3.8/site-packages/airflow/example_dags/plugins/workday.py
[2025-05-04T22:50:59.563+0000] {processor.py:842} WARNING - No viable dags retrieved from /home/airflow/.local/lib/python3.8/site-packages/airflow/example_dags/plugins/workday.py
[2025-05-04T22:50:59.568+0000] {processor.py:183} INFO - Processing /home/airflow/.local/lib/python3.8/site-packages/airflow/example_dags/plugins/workday.py took 0.213 seconds
[2025-05-04T22:51:29.820+0000] {processor.py:161} INFO - Started process (PID=141) to work on /home/airflow/.local/lib/python3.8/site-packages/airflow/example_dags/plugins/workday.py
[2025-05-04T22:51:29.822+0000] {processor.py:830} INFO - Processing file /home/airflow/.local/lib/python3.8/site-packages/airflow/example_dags/plugins/workday.py for tasks to queue
[2025-05-04T22:51:29.825+0000] {logging_mixin.py:188} INFO - [2025-05-04T22:51:29.824+0000] {dagbag.py:538} INFO - Filling up the DagBag from /home/airflow/.local/lib/python3.8/site-packages/airflow/example_dags/plugins/workday.py
[2025-05-04T22:51:30.126+0000] {processor.py:842} WARNING - No viable dags retrieved from /home/airflow/.local/lib/python3.8/site-packages/airflow/example_dags/plugins/workday.py
[2025-05-04T22:51:30.133+0000] {processor.py:183} INFO - Processing /home/airflow/.local/lib/python3.8/site-packages/airflow/example_dags/plugins/workday.py took 0.315 seconds
[2025-05-04T22:52:00.454+0000] {processor.py:161} INFO - Started process (PID=198) to work on /home/airflow/.local/lib/python3.8/site-packages/airflow/example_dags/plugins/workday.py
[2025-05-04T22:52:00.455+0000] {processor.py:830} INFO - Processing file /home/airflow/.local/lib/python3.8/site-packages/airflow/example_dags/plugins/workday.py for tasks to queue
[2025-05-04T22:52:00.456+0000] {logging_mixin.py:188} INFO - [2025-05-04T22:52:00.456+0000] {dagbag.py:538} INFO - Filling up the DagBag from /home/airflow/.local/lib/python3.8/site-packages/airflow/example_dags/plugins/workday.py
[2025-05-04T22:52:00.629+0000] {processor.py:842} WARNING - No viable dags retrieved from /home/airflow/.local/lib/python3.8/site-packages/airflow/example_dags/plugins/workday.py
[2025-05-04T22:52:00.634+0000] {processor.py:183} INFO - Processing /home/airflow/.local/lib/python3.8/site-packages/airflow/example_dags/plugins/workday.py took 0.182 seconds
[2025-05-04T22:52:31.287+0000] {processor.py:161} INFO - Started process (PID=253) to work on /home/airflow/.local/lib/python3.8/site-packages/airflow/example_dags/plugins/workday.py
[2025-05-04T22:52:31.289+0000] {processor.py:830} INFO - Processing file /home/airflow/.local/lib/python3.8/site-packages/airflow/example_dags/plugins/workday.py for tasks to queue
[2025-05-04T22:52:31.290+0000] {logging_mixin.py:188} INFO - [2025-05-04T22:52:31.290+0000] {dagbag.py:538} INFO - Filling up the DagBag from /home/airflow/.local/lib/python3.8/site-packages/airflow/example_dags/plugins/workday.py
[2025-05-04T22:52:31.486+0000] {processor.py:842} WARNING - No viable dags retrieved from /home/airflow/.local/lib/python3.8/site-packages/airflow/example_dags/plugins/workday.py
[2025-05-04T22:52:31.492+0000] {processor.py:183} INFO - Processing /home/airflow/.local/lib/python3.8/site-packages/airflow/example_dags/plugins/workday.py took 0.206 seconds
[2025-05-04T22:53:02.077+0000] {processor.py:161} INFO - Started process (PID=310) to work on /home/airflow/.local/lib/python3.8/site-packages/airflow/example_dags/plugins/workday.py
[2025-05-04T22:53:02.078+0000] {processor.py:830} INFO - Processing file /home/airflow/.local/lib/python3.8/site-packages/airflow/example_dags/plugins/workday.py for tasks to queue
[2025-05-04T22:53:02.080+0000] {logging_mixin.py:188} INFO - [2025-05-04T22:53:02.079+0000] {dagbag.py:538} INFO - Filling up the DagBag from /home/airflow/.local/lib/python3.8/site-packages/airflow/example_dags/plugins/workday.py
[2025-05-04T22:53:02.337+0000] {processor.py:842} WARNING - No viable dags retrieved from /home/airflow/.local/lib/python3.8/site-packages/airflow/example_dags/plugins/workday.py
[2025-05-04T22:53:02.342+0000] {processor.py:183} INFO - Processing /home/airflow/.local/lib/python3.8/site-packages/airflow/example_dags/plugins/workday.py took 0.267 seconds
[2025-05-04T22:58:01.770+0000] {processor.py:161} INFO - Started process (PID=85) to work on /home/airflow/.local/lib/python3.8/site-packages/airflow/example_dags/plugins/workday.py
[2025-05-04T22:58:01.771+0000] {processor.py:830} INFO - Processing file /home/airflow/.local/lib/python3.8/site-packages/airflow/example_dags/plugins/workday.py for tasks to queue
[2025-05-04T22:58:01.772+0000] {logging_mixin.py:188} INFO - [2025-05-04T22:58:01.772+0000] {dagbag.py:538} INFO - Filling up the DagBag from /home/airflow/.local/lib/python3.8/site-packages/airflow/example_dags/plugins/workday.py
[2025-05-04T22:58:01.976+0000] {processor.py:842} WARNING - No viable dags retrieved from /home/airflow/.local/lib/python3.8/site-packages/airflow/example_dags/plugins/workday.py
[2025-05-04T22:58:01.982+0000] {processor.py:183} INFO - Processing /home/airflow/.local/lib/python3.8/site-packages/airflow/example_dags/plugins/workday.py took 0.214 seconds
[2025-05-04T22:58:32.376+0000] {processor.py:161} INFO - Started process (PID=141) to work on /home/airflow/.local/lib/python3.8/site-packages/airflow/example_dags/plugins/workday.py
[2025-05-04T22:58:32.376+0000] {processor.py:830} INFO - Processing file /home/airflow/.local/lib/python3.8/site-packages/airflow/example_dags/plugins/workday.py for tasks to queue
[2025-05-04T22:58:32.377+0000] {logging_mixin.py:188} INFO - [2025-05-04T22:58:32.377+0000] {dagbag.py:538} INFO - Filling up the DagBag from /home/airflow/.local/lib/python3.8/site-packages/airflow/example_dags/plugins/workday.py
[2025-05-04T22:58:32.568+0000] {processor.py:842} WARNING - No viable dags retrieved from /home/airflow/.local/lib/python3.8/site-packages/airflow/example_dags/plugins/workday.py
[2025-05-04T22:58:32.572+0000] {processor.py:183} INFO - Processing /home/airflow/.local/lib/python3.8/site-packages/airflow/example_dags/plugins/workday.py took 0.198 seconds
[2025-05-04T22:59:03.188+0000] {processor.py:161} INFO - Started process (PID=197) to work on /home/airflow/.local/lib/python3.8/site-packages/airflow/example_dags/plugins/workday.py
[2025-05-04T22:59:03.188+0000] {processor.py:830} INFO - Processing file /home/airflow/.local/lib/python3.8/site-packages/airflow/example_dags/plugins/workday.py for tasks to queue
[2025-05-04T22:59:03.190+0000] {logging_mixin.py:188} INFO - [2025-05-04T22:59:03.189+0000] {dagbag.py:538} INFO - Filling up the DagBag from /home/airflow/.local/lib/python3.8/site-packages/airflow/example_dags/plugins/workday.py
[2025-05-04T22:59:03.392+0000] {processor.py:842} WARNING - No viable dags retrieved from /home/airflow/.local/lib/python3.8/site-packages/airflow/example_dags/plugins/workday.py
[2025-05-04T22:59:03.397+0000] {processor.py:183} INFO - Processing /home/airflow/.local/lib/python3.8/site-packages/airflow/example_dags/plugins/workday.py took 0.211 seconds
[2025-05-04T22:59:33.978+0000] {processor.py:161} INFO - Started process (PID=259) to work on /home/airflow/.local/lib/python3.8/site-packages/airflow/example_dags/plugins/workday.py
[2025-05-04T22:59:33.979+0000] {processor.py:830} INFO - Processing file /home/airflow/.local/lib/python3.8/site-packages/airflow/example_dags/plugins/workday.py for tasks to queue
[2025-05-04T22:59:33.980+0000] {logging_mixin.py:188} INFO - [2025-05-04T22:59:33.979+0000] {dagbag.py:538} INFO - Filling up the DagBag from /home/airflow/.local/lib/python3.8/site-packages/airflow/example_dags/plugins/workday.py
[2025-05-04T22:59:34.160+0000] {processor.py:842} WARNING - No viable dags retrieved from /home/airflow/.local/lib/python3.8/site-packages/airflow/example_dags/plugins/workday.py
[2025-05-04T22:59:34.164+0000] {processor.py:183} INFO - Processing /home/airflow/.local/lib/python3.8/site-packages/airflow/example_dags/plugins/workday.py took 0.188 seconds
[2025-05-04T23:00:04.710+0000] {processor.py:161} INFO - Started process (PID=315) to work on /home/airflow/.local/lib/python3.8/site-packages/airflow/example_dags/plugins/workday.py
[2025-05-04T23:00:04.711+0000] {processor.py:830} INFO - Processing file /home/airflow/.local/lib/python3.8/site-packages/airflow/example_dags/plugins/workday.py for tasks to queue
[2025-05-04T23:00:04.712+0000] {logging_mixin.py:188} INFO - [2025-05-04T23:00:04.712+0000] {dagbag.py:538} INFO - Filling up the DagBag from /home/airflow/.local/lib/python3.8/site-packages/airflow/example_dags/plugins/workday.py
[2025-05-04T23:00:04.929+0000] {processor.py:842} WARNING - No viable dags retrieved from /home/airflow/.local/lib/python3.8/site-packages/airflow/example_dags/plugins/workday.py
[2025-05-04T23:00:04.934+0000] {processor.py:183} INFO - Processing /home/airflow/.local/lib/python3.8/site-packages/airflow/example_dags/plugins/workday.py took 0.225 seconds
[2025-05-04T23:00:35.515+0000] {processor.py:161} INFO - Started process (PID=374) to work on /home/airflow/.local/lib/python3.8/site-packages/airflow/example_dags/plugins/workday.py
[2025-05-04T23:00:35.515+0000] {processor.py:830} INFO - Processing file /home/airflow/.local/lib/python3.8/site-packages/airflow/example_dags/plugins/workday.py for tasks to queue
[2025-05-04T23:00:35.516+0000] {logging_mixin.py:188} INFO - [2025-05-04T23:00:35.516+0000] {dagbag.py:538} INFO - Filling up the DagBag from /home/airflow/.local/lib/python3.8/site-packages/airflow/example_dags/plugins/workday.py
[2025-05-04T23:00:35.688+0000] {processor.py:842} WARNING - No viable dags retrieved from /home/airflow/.local/lib/python3.8/site-packages/airflow/example_dags/plugins/workday.py
[2025-05-04T23:00:35.693+0000] {processor.py:183} INFO - Processing /home/airflow/.local/lib/python3.8/site-packages/airflow/example_dags/plugins/workday.py took 0.180 seconds
[2025-05-04T23:01:06.131+0000] {processor.py:161} INFO - Started process (PID=430) to work on /home/airflow/.local/lib/python3.8/site-packages/airflow/example_dags/plugins/workday.py
[2025-05-04T23:01:06.132+0000] {processor.py:830} INFO - Processing file /home/airflow/.local/lib/python3.8/site-packages/airflow/example_dags/plugins/workday.py for tasks to queue
[2025-05-04T23:01:06.134+0000] {logging_mixin.py:188} INFO - [2025-05-04T23:01:06.134+0000] {dagbag.py:538} INFO - Filling up the DagBag from /home/airflow/.local/lib/python3.8/site-packages/airflow/example_dags/plugins/workday.py
[2025-05-04T23:01:06.309+0000] {processor.py:842} WARNING - No viable dags retrieved from /home/airflow/.local/lib/python3.8/site-packages/airflow/example_dags/plugins/workday.py
[2025-05-04T23:01:06.314+0000] {processor.py:183} INFO - Processing /home/airflow/.local/lib/python3.8/site-packages/airflow/example_dags/plugins/workday.py took 0.185 seconds
[2025-05-04T23:01:36.679+0000] {processor.py:161} INFO - Started process (PID=486) to work on /home/airflow/.local/lib/python3.8/site-packages/airflow/example_dags/plugins/workday.py
[2025-05-04T23:01:36.680+0000] {processor.py:830} INFO - Processing file /home/airflow/.local/lib/python3.8/site-packages/airflow/example_dags/plugins/workday.py for tasks to queue
[2025-05-04T23:01:36.681+0000] {logging_mixin.py:188} INFO - [2025-05-04T23:01:36.681+0000] {dagbag.py:538} INFO - Filling up the DagBag from /home/airflow/.local/lib/python3.8/site-packages/airflow/example_dags/plugins/workday.py
[2025-05-04T23:01:36.866+0000] {processor.py:842} WARNING - No viable dags retrieved from /home/airflow/.local/lib/python3.8/site-packages/airflow/example_dags/plugins/workday.py
[2025-05-04T23:01:36.870+0000] {processor.py:183} INFO - Processing /home/airflow/.local/lib/python3.8/site-packages/airflow/example_dags/plugins/workday.py took 0.193 seconds
[2025-05-04T23:02:07.199+0000] {processor.py:161} INFO - Started process (PID=542) to work on /home/airflow/.local/lib/python3.8/site-packages/airflow/example_dags/plugins/workday.py
[2025-05-04T23:02:07.199+0000] {processor.py:830} INFO - Processing file /home/airflow/.local/lib/python3.8/site-packages/airflow/example_dags/plugins/workday.py for tasks to queue
[2025-05-04T23:02:07.200+0000] {logging_mixin.py:188} INFO - [2025-05-04T23:02:07.200+0000] {dagbag.py:538} INFO - Filling up the DagBag from /home/airflow/.local/lib/python3.8/site-packages/airflow/example_dags/plugins/workday.py
[2025-05-04T23:02:07.359+0000] {processor.py:842} WARNING - No viable dags retrieved from /home/airflow/.local/lib/python3.8/site-packages/airflow/example_dags/plugins/workday.py
[2025-05-04T23:02:07.364+0000] {processor.py:183} INFO - Processing /home/airflow/.local/lib/python3.8/site-packages/airflow/example_dags/plugins/workday.py took 0.167 seconds
[2025-05-04T23:02:37.931+0000] {processor.py:161} INFO - Started process (PID=598) to work on /home/airflow/.local/lib/python3.8/site-packages/airflow/example_dags/plugins/workday.py
[2025-05-04T23:02:37.932+0000] {processor.py:830} INFO - Processing file /home/airflow/.local/lib/python3.8/site-packages/airflow/example_dags/plugins/workday.py for tasks to queue
[2025-05-04T23:02:37.933+0000] {logging_mixin.py:188} INFO - [2025-05-04T23:02:37.933+0000] {dagbag.py:538} INFO - Filling up the DagBag from /home/airflow/.local/lib/python3.8/site-packages/airflow/example_dags/plugins/workday.py
[2025-05-04T23:02:38.105+0000] {processor.py:842} WARNING - No viable dags retrieved from /home/airflow/.local/lib/python3.8/site-packages/airflow/example_dags/plugins/workday.py
[2025-05-04T23:02:38.110+0000] {processor.py:183} INFO - Processing /home/airflow/.local/lib/python3.8/site-packages/airflow/example_dags/plugins/workday.py took 0.181 seconds
[2025-05-04T23:03:08.594+0000] {processor.py:161} INFO - Started process (PID=654) to work on /home/airflow/.local/lib/python3.8/site-packages/airflow/example_dags/plugins/workday.py
[2025-05-04T23:03:08.595+0000] {processor.py:830} INFO - Processing file /home/airflow/.local/lib/python3.8/site-packages/airflow/example_dags/plugins/workday.py for tasks to queue
[2025-05-04T23:03:08.596+0000] {logging_mixin.py:188} INFO - [2025-05-04T23:03:08.596+0000] {dagbag.py:538} INFO - Filling up the DagBag from /home/airflow/.local/lib/python3.8/site-packages/airflow/example_dags/plugins/workday.py
[2025-05-04T23:03:08.778+0000] {processor.py:842} WARNING - No viable dags retrieved from /home/airflow/.local/lib/python3.8/site-packages/airflow/example_dags/plugins/workday.py
[2025-05-04T23:03:08.782+0000] {processor.py:183} INFO - Processing /home/airflow/.local/lib/python3.8/site-packages/airflow/example_dags/plugins/workday.py took 0.190 seconds
[2025-05-04T23:03:39.175+0000] {processor.py:161} INFO - Started process (PID=710) to work on /home/airflow/.local/lib/python3.8/site-packages/airflow/example_dags/plugins/workday.py
[2025-05-04T23:03:39.176+0000] {processor.py:830} INFO - Processing file /home/airflow/.local/lib/python3.8/site-packages/airflow/example_dags/plugins/workday.py for tasks to queue
[2025-05-04T23:03:39.177+0000] {logging_mixin.py:188} INFO - [2025-05-04T23:03:39.177+0000] {dagbag.py:538} INFO - Filling up the DagBag from /home/airflow/.local/lib/python3.8/site-packages/airflow/example_dags/plugins/workday.py
[2025-05-04T23:03:39.366+0000] {processor.py:842} WARNING - No viable dags retrieved from /home/airflow/.local/lib/python3.8/site-packages/airflow/example_dags/plugins/workday.py
[2025-05-04T23:03:39.371+0000] {processor.py:183} INFO - Processing /home/airflow/.local/lib/python3.8/site-packages/airflow/example_dags/plugins/workday.py took 0.197 seconds
[2025-05-04T23:04:29.434+0000] {processor.py:161} INFO - Started process (PID=90) to work on /home/airflow/.local/lib/python3.8/site-packages/airflow/example_dags/plugins/workday.py
[2025-05-04T23:04:29.436+0000] {processor.py:830} INFO - Processing file /home/airflow/.local/lib/python3.8/site-packages/airflow/example_dags/plugins/workday.py for tasks to queue
[2025-05-04T23:04:29.438+0000] {logging_mixin.py:188} INFO - [2025-05-04T23:04:29.438+0000] {dagbag.py:538} INFO - Filling up the DagBag from /home/airflow/.local/lib/python3.8/site-packages/airflow/example_dags/plugins/workday.py
[2025-05-04T23:04:30.098+0000] {processor.py:842} WARNING - No viable dags retrieved from /home/airflow/.local/lib/python3.8/site-packages/airflow/example_dags/plugins/workday.py
[2025-05-04T23:04:30.106+0000] {processor.py:183} INFO - Processing /home/airflow/.local/lib/python3.8/site-packages/airflow/example_dags/plugins/workday.py took 0.674 seconds
[2025-05-04T23:05:00.852+0000] {processor.py:161} INFO - Started process (PID=149) to work on /home/airflow/.local/lib/python3.8/site-packages/airflow/example_dags/plugins/workday.py
[2025-05-04T23:05:00.853+0000] {processor.py:830} INFO - Processing file /home/airflow/.local/lib/python3.8/site-packages/airflow/example_dags/plugins/workday.py for tasks to queue
[2025-05-04T23:05:00.854+0000] {logging_mixin.py:188} INFO - [2025-05-04T23:05:00.854+0000] {dagbag.py:538} INFO - Filling up the DagBag from /home/airflow/.local/lib/python3.8/site-packages/airflow/example_dags/plugins/workday.py
[2025-05-04T23:05:01.113+0000] {processor.py:842} WARNING - No viable dags retrieved from /home/airflow/.local/lib/python3.8/site-packages/airflow/example_dags/plugins/workday.py
[2025-05-04T23:05:01.120+0000] {processor.py:183} INFO - Processing /home/airflow/.local/lib/python3.8/site-packages/airflow/example_dags/plugins/workday.py took 0.271 seconds
[2025-05-04T23:05:31.659+0000] {processor.py:161} INFO - Started process (PID=205) to work on /home/airflow/.local/lib/python3.8/site-packages/airflow/example_dags/plugins/workday.py
[2025-05-04T23:05:31.660+0000] {processor.py:830} INFO - Processing file /home/airflow/.local/lib/python3.8/site-packages/airflow/example_dags/plugins/workday.py for tasks to queue
[2025-05-04T23:05:31.661+0000] {logging_mixin.py:188} INFO - [2025-05-04T23:05:31.661+0000] {dagbag.py:538} INFO - Filling up the DagBag from /home/airflow/.local/lib/python3.8/site-packages/airflow/example_dags/plugins/workday.py
[2025-05-04T23:05:31.929+0000] {processor.py:842} WARNING - No viable dags retrieved from /home/airflow/.local/lib/python3.8/site-packages/airflow/example_dags/plugins/workday.py
[2025-05-04T23:05:31.935+0000] {processor.py:183} INFO - Processing /home/airflow/.local/lib/python3.8/site-packages/airflow/example_dags/plugins/workday.py took 0.279 seconds
[2025-05-04T23:06:32.347+0000] {processor.py:161} INFO - Started process (PID=91) to work on /home/airflow/.local/lib/python3.8/site-packages/airflow/example_dags/plugins/workday.py
[2025-05-04T23:06:32.348+0000] {processor.py:830} INFO - Processing file /home/airflow/.local/lib/python3.8/site-packages/airflow/example_dags/plugins/workday.py for tasks to queue
[2025-05-04T23:06:32.349+0000] {logging_mixin.py:188} INFO - [2025-05-04T23:06:32.349+0000] {dagbag.py:538} INFO - Filling up the DagBag from /home/airflow/.local/lib/python3.8/site-packages/airflow/example_dags/plugins/workday.py
[2025-05-04T23:06:32.930+0000] {processor.py:842} WARNING - No viable dags retrieved from /home/airflow/.local/lib/python3.8/site-packages/airflow/example_dags/plugins/workday.py
[2025-05-04T23:06:32.935+0000] {processor.py:183} INFO - Processing /home/airflow/.local/lib/python3.8/site-packages/airflow/example_dags/plugins/workday.py took 0.590 seconds
[2025-05-04T23:07:03.695+0000] {processor.py:161} INFO - Started process (PID=150) to work on /home/airflow/.local/lib/python3.8/site-packages/airflow/example_dags/plugins/workday.py
[2025-05-04T23:07:03.697+0000] {processor.py:830} INFO - Processing file /home/airflow/.local/lib/python3.8/site-packages/airflow/example_dags/plugins/workday.py for tasks to queue
[2025-05-04T23:07:03.698+0000] {logging_mixin.py:188} INFO - [2025-05-04T23:07:03.698+0000] {dagbag.py:538} INFO - Filling up the DagBag from /home/airflow/.local/lib/python3.8/site-packages/airflow/example_dags/plugins/workday.py
[2025-05-04T23:07:03.961+0000] {processor.py:842} WARNING - No viable dags retrieved from /home/airflow/.local/lib/python3.8/site-packages/airflow/example_dags/plugins/workday.py
[2025-05-04T23:07:03.968+0000] {processor.py:183} INFO - Processing /home/airflow/.local/lib/python3.8/site-packages/airflow/example_dags/plugins/workday.py took 0.275 seconds
[2025-05-04T23:07:34.364+0000] {processor.py:161} INFO - Started process (PID=206) to work on /home/airflow/.local/lib/python3.8/site-packages/airflow/example_dags/plugins/workday.py
[2025-05-04T23:07:34.365+0000] {processor.py:830} INFO - Processing file /home/airflow/.local/lib/python3.8/site-packages/airflow/example_dags/plugins/workday.py for tasks to queue
[2025-05-04T23:07:34.367+0000] {logging_mixin.py:188} INFO - [2025-05-04T23:07:34.367+0000] {dagbag.py:538} INFO - Filling up the DagBag from /home/airflow/.local/lib/python3.8/site-packages/airflow/example_dags/plugins/workday.py
[2025-05-04T23:07:34.599+0000] {processor.py:842} WARNING - No viable dags retrieved from /home/airflow/.local/lib/python3.8/site-packages/airflow/example_dags/plugins/workday.py
[2025-05-04T23:07:34.604+0000] {processor.py:183} INFO - Processing /home/airflow/.local/lib/python3.8/site-packages/airflow/example_dags/plugins/workday.py took 0.244 seconds
[2025-05-04T23:08:04.940+0000] {processor.py:161} INFO - Started process (PID=262) to work on /home/airflow/.local/lib/python3.8/site-packages/airflow/example_dags/plugins/workday.py
[2025-05-04T23:08:04.941+0000] {processor.py:830} INFO - Processing file /home/airflow/.local/lib/python3.8/site-packages/airflow/example_dags/plugins/workday.py for tasks to queue
[2025-05-04T23:08:04.942+0000] {logging_mixin.py:188} INFO - [2025-05-04T23:08:04.942+0000] {dagbag.py:538} INFO - Filling up the DagBag from /home/airflow/.local/lib/python3.8/site-packages/airflow/example_dags/plugins/workday.py
[2025-05-04T23:08:05.190+0000] {processor.py:842} WARNING - No viable dags retrieved from /home/airflow/.local/lib/python3.8/site-packages/airflow/example_dags/plugins/workday.py
[2025-05-04T23:08:05.197+0000] {processor.py:183} INFO - Processing /home/airflow/.local/lib/python3.8/site-packages/airflow/example_dags/plugins/workday.py took 0.260 seconds
[2025-05-04T23:08:35.487+0000] {processor.py:161} INFO - Started process (PID=318) to work on /home/airflow/.local/lib/python3.8/site-packages/airflow/example_dags/plugins/workday.py
[2025-05-04T23:08:35.490+0000] {processor.py:830} INFO - Processing file /home/airflow/.local/lib/python3.8/site-packages/airflow/example_dags/plugins/workday.py for tasks to queue
[2025-05-04T23:08:35.491+0000] {logging_mixin.py:188} INFO - [2025-05-04T23:08:35.491+0000] {dagbag.py:538} INFO - Filling up the DagBag from /home/airflow/.local/lib/python3.8/site-packages/airflow/example_dags/plugins/workday.py
[2025-05-04T23:08:35.724+0000] {processor.py:842} WARNING - No viable dags retrieved from /home/airflow/.local/lib/python3.8/site-packages/airflow/example_dags/plugins/workday.py
[2025-05-04T23:08:35.730+0000] {processor.py:183} INFO - Processing /home/airflow/.local/lib/python3.8/site-packages/airflow/example_dags/plugins/workday.py took 0.247 seconds
[2025-05-04T23:09:06.342+0000] {processor.py:161} INFO - Started process (PID=373) to work on /home/airflow/.local/lib/python3.8/site-packages/airflow/example_dags/plugins/workday.py
[2025-05-04T23:09:06.343+0000] {processor.py:830} INFO - Processing file /home/airflow/.local/lib/python3.8/site-packages/airflow/example_dags/plugins/workday.py for tasks to queue
[2025-05-04T23:09:06.345+0000] {logging_mixin.py:188} INFO - [2025-05-04T23:09:06.344+0000] {dagbag.py:538} INFO - Filling up the DagBag from /home/airflow/.local/lib/python3.8/site-packages/airflow/example_dags/plugins/workday.py
[2025-05-04T23:09:06.780+0000] {processor.py:842} WARNING - No viable dags retrieved from /home/airflow/.local/lib/python3.8/site-packages/airflow/example_dags/plugins/workday.py
[2025-05-04T23:09:06.788+0000] {processor.py:183} INFO - Processing /home/airflow/.local/lib/python3.8/site-packages/airflow/example_dags/plugins/workday.py took 0.450 seconds
[2025-05-04T23:09:37.452+0000] {processor.py:161} INFO - Started process (PID=429) to work on /home/airflow/.local/lib/python3.8/site-packages/airflow/example_dags/plugins/workday.py
[2025-05-04T23:09:37.453+0000] {processor.py:830} INFO - Processing file /home/airflow/.local/lib/python3.8/site-packages/airflow/example_dags/plugins/workday.py for tasks to queue
[2025-05-04T23:09:37.455+0000] {logging_mixin.py:188} INFO - [2025-05-04T23:09:37.455+0000] {dagbag.py:538} INFO - Filling up the DagBag from /home/airflow/.local/lib/python3.8/site-packages/airflow/example_dags/plugins/workday.py
[2025-05-04T23:09:37.653+0000] {processor.py:842} WARNING - No viable dags retrieved from /home/airflow/.local/lib/python3.8/site-packages/airflow/example_dags/plugins/workday.py
[2025-05-04T23:09:37.658+0000] {processor.py:183} INFO - Processing /home/airflow/.local/lib/python3.8/site-packages/airflow/example_dags/plugins/workday.py took 0.209 seconds
[2025-05-04T23:10:08.202+0000] {processor.py:161} INFO - Started process (PID=485) to work on /home/airflow/.local/lib/python3.8/site-packages/airflow/example_dags/plugins/workday.py
[2025-05-04T23:10:08.204+0000] {processor.py:830} INFO - Processing file /home/airflow/.local/lib/python3.8/site-packages/airflow/example_dags/plugins/workday.py for tasks to queue
[2025-05-04T23:10:08.206+0000] {logging_mixin.py:188} INFO - [2025-05-04T23:10:08.206+0000] {dagbag.py:538} INFO - Filling up the DagBag from /home/airflow/.local/lib/python3.8/site-packages/airflow/example_dags/plugins/workday.py
[2025-05-04T23:10:08.413+0000] {processor.py:842} WARNING - No viable dags retrieved from /home/airflow/.local/lib/python3.8/site-packages/airflow/example_dags/plugins/workday.py
[2025-05-04T23:10:08.419+0000] {processor.py:183} INFO - Processing /home/airflow/.local/lib/python3.8/site-packages/airflow/example_dags/plugins/workday.py took 0.220 seconds
[2025-05-04T23:10:38.839+0000] {processor.py:161} INFO - Started process (PID=541) to work on /home/airflow/.local/lib/python3.8/site-packages/airflow/example_dags/plugins/workday.py
[2025-05-04T23:10:38.840+0000] {processor.py:830} INFO - Processing file /home/airflow/.local/lib/python3.8/site-packages/airflow/example_dags/plugins/workday.py for tasks to queue
[2025-05-04T23:10:38.842+0000] {logging_mixin.py:188} INFO - [2025-05-04T23:10:38.841+0000] {dagbag.py:538} INFO - Filling up the DagBag from /home/airflow/.local/lib/python3.8/site-packages/airflow/example_dags/plugins/workday.py
[2025-05-04T23:10:39.024+0000] {processor.py:842} WARNING - No viable dags retrieved from /home/airflow/.local/lib/python3.8/site-packages/airflow/example_dags/plugins/workday.py
[2025-05-04T23:10:39.030+0000] {processor.py:183} INFO - Processing /home/airflow/.local/lib/python3.8/site-packages/airflow/example_dags/plugins/workday.py took 0.193 seconds
[2025-05-04T23:11:09.569+0000] {processor.py:161} INFO - Started process (PID=597) to work on /home/airflow/.local/lib/python3.8/site-packages/airflow/example_dags/plugins/workday.py
[2025-05-04T23:11:09.570+0000] {processor.py:830} INFO - Processing file /home/airflow/.local/lib/python3.8/site-packages/airflow/example_dags/plugins/workday.py for tasks to queue
[2025-05-04T23:11:09.572+0000] {logging_mixin.py:188} INFO - [2025-05-04T23:11:09.572+0000] {dagbag.py:538} INFO - Filling up the DagBag from /home/airflow/.local/lib/python3.8/site-packages/airflow/example_dags/plugins/workday.py
[2025-05-04T23:11:09.782+0000] {processor.py:842} WARNING - No viable dags retrieved from /home/airflow/.local/lib/python3.8/site-packages/airflow/example_dags/plugins/workday.py
[2025-05-04T23:11:09.787+0000] {processor.py:183} INFO - Processing /home/airflow/.local/lib/python3.8/site-packages/airflow/example_dags/plugins/workday.py took 0.221 seconds
[2025-05-04T23:11:40.142+0000] {processor.py:161} INFO - Started process (PID=653) to work on /home/airflow/.local/lib/python3.8/site-packages/airflow/example_dags/plugins/workday.py
[2025-05-04T23:11:40.144+0000] {processor.py:830} INFO - Processing file /home/airflow/.local/lib/python3.8/site-packages/airflow/example_dags/plugins/workday.py for tasks to queue
[2025-05-04T23:11:40.145+0000] {logging_mixin.py:188} INFO - [2025-05-04T23:11:40.145+0000] {dagbag.py:538} INFO - Filling up the DagBag from /home/airflow/.local/lib/python3.8/site-packages/airflow/example_dags/plugins/workday.py
[2025-05-04T23:11:40.332+0000] {processor.py:842} WARNING - No viable dags retrieved from /home/airflow/.local/lib/python3.8/site-packages/airflow/example_dags/plugins/workday.py
[2025-05-04T23:11:40.336+0000] {processor.py:183} INFO - Processing /home/airflow/.local/lib/python3.8/site-packages/airflow/example_dags/plugins/workday.py took 0.198 seconds
[2025-05-04T23:12:10.784+0000] {processor.py:161} INFO - Started process (PID=709) to work on /home/airflow/.local/lib/python3.8/site-packages/airflow/example_dags/plugins/workday.py
[2025-05-04T23:12:10.785+0000] {processor.py:830} INFO - Processing file /home/airflow/.local/lib/python3.8/site-packages/airflow/example_dags/plugins/workday.py for tasks to queue
[2025-05-04T23:12:10.787+0000] {logging_mixin.py:188} INFO - [2025-05-04T23:12:10.787+0000] {dagbag.py:538} INFO - Filling up the DagBag from /home/airflow/.local/lib/python3.8/site-packages/airflow/example_dags/plugins/workday.py
[2025-05-04T23:12:10.997+0000] {processor.py:842} WARNING - No viable dags retrieved from /home/airflow/.local/lib/python3.8/site-packages/airflow/example_dags/plugins/workday.py
[2025-05-04T23:12:11.002+0000] {processor.py:183} INFO - Processing /home/airflow/.local/lib/python3.8/site-packages/airflow/example_dags/plugins/workday.py took 0.221 seconds
[2025-05-04T23:12:41.460+0000] {processor.py:161} INFO - Started process (PID=765) to work on /home/airflow/.local/lib/python3.8/site-packages/airflow/example_dags/plugins/workday.py
[2025-05-04T23:12:41.461+0000] {processor.py:830} INFO - Processing file /home/airflow/.local/lib/python3.8/site-packages/airflow/example_dags/plugins/workday.py for tasks to queue
[2025-05-04T23:12:41.463+0000] {logging_mixin.py:188} INFO - [2025-05-04T23:12:41.463+0000] {dagbag.py:538} INFO - Filling up the DagBag from /home/airflow/.local/lib/python3.8/site-packages/airflow/example_dags/plugins/workday.py
[2025-05-04T23:12:41.718+0000] {processor.py:842} WARNING - No viable dags retrieved from /home/airflow/.local/lib/python3.8/site-packages/airflow/example_dags/plugins/workday.py
[2025-05-04T23:12:41.724+0000] {processor.py:183} INFO - Processing /home/airflow/.local/lib/python3.8/site-packages/airflow/example_dags/plugins/workday.py took 0.266 seconds
[2025-05-04T23:13:12.092+0000] {processor.py:161} INFO - Started process (PID=821) to work on /home/airflow/.local/lib/python3.8/site-packages/airflow/example_dags/plugins/workday.py
[2025-05-04T23:13:12.093+0000] {processor.py:830} INFO - Processing file /home/airflow/.local/lib/python3.8/site-packages/airflow/example_dags/plugins/workday.py for tasks to queue
[2025-05-04T23:13:12.094+0000] {logging_mixin.py:188} INFO - [2025-05-04T23:13:12.094+0000] {dagbag.py:538} INFO - Filling up the DagBag from /home/airflow/.local/lib/python3.8/site-packages/airflow/example_dags/plugins/workday.py
[2025-05-04T23:13:12.284+0000] {processor.py:842} WARNING - No viable dags retrieved from /home/airflow/.local/lib/python3.8/site-packages/airflow/example_dags/plugins/workday.py
[2025-05-04T23:13:12.291+0000] {processor.py:183} INFO - Processing /home/airflow/.local/lib/python3.8/site-packages/airflow/example_dags/plugins/workday.py took 0.201 seconds
[2025-05-04T23:13:42.786+0000] {processor.py:161} INFO - Started process (PID=877) to work on /home/airflow/.local/lib/python3.8/site-packages/airflow/example_dags/plugins/workday.py
[2025-05-04T23:13:42.787+0000] {processor.py:830} INFO - Processing file /home/airflow/.local/lib/python3.8/site-packages/airflow/example_dags/plugins/workday.py for tasks to queue
[2025-05-04T23:13:42.788+0000] {logging_mixin.py:188} INFO - [2025-05-04T23:13:42.788+0000] {dagbag.py:538} INFO - Filling up the DagBag from /home/airflow/.local/lib/python3.8/site-packages/airflow/example_dags/plugins/workday.py
[2025-05-04T23:13:42.971+0000] {processor.py:842} WARNING - No viable dags retrieved from /home/airflow/.local/lib/python3.8/site-packages/airflow/example_dags/plugins/workday.py
[2025-05-04T23:13:42.979+0000] {processor.py:183} INFO - Processing /home/airflow/.local/lib/python3.8/site-packages/airflow/example_dags/plugins/workday.py took 0.195 seconds
[2025-05-04T23:14:13.516+0000] {processor.py:161} INFO - Started process (PID=933) to work on /home/airflow/.local/lib/python3.8/site-packages/airflow/example_dags/plugins/workday.py
[2025-05-04T23:14:13.517+0000] {processor.py:830} INFO - Processing file /home/airflow/.local/lib/python3.8/site-packages/airflow/example_dags/plugins/workday.py for tasks to queue
[2025-05-04T23:14:13.518+0000] {logging_mixin.py:188} INFO - [2025-05-04T23:14:13.518+0000] {dagbag.py:538} INFO - Filling up the DagBag from /home/airflow/.local/lib/python3.8/site-packages/airflow/example_dags/plugins/workday.py
[2025-05-04T23:14:13.729+0000] {processor.py:842} WARNING - No viable dags retrieved from /home/airflow/.local/lib/python3.8/site-packages/airflow/example_dags/plugins/workday.py
[2025-05-04T23:14:13.736+0000] {processor.py:183} INFO - Processing /home/airflow/.local/lib/python3.8/site-packages/airflow/example_dags/plugins/workday.py took 0.222 seconds
[2025-05-04T23:14:44.440+0000] {processor.py:161} INFO - Started process (PID=989) to work on /home/airflow/.local/lib/python3.8/site-packages/airflow/example_dags/plugins/workday.py
[2025-05-04T23:14:44.442+0000] {processor.py:830} INFO - Processing file /home/airflow/.local/lib/python3.8/site-packages/airflow/example_dags/plugins/workday.py for tasks to queue
[2025-05-04T23:14:44.443+0000] {logging_mixin.py:188} INFO - [2025-05-04T23:14:44.443+0000] {dagbag.py:538} INFO - Filling up the DagBag from /home/airflow/.local/lib/python3.8/site-packages/airflow/example_dags/plugins/workday.py
[2025-05-04T23:14:44.694+0000] {processor.py:842} WARNING - No viable dags retrieved from /home/airflow/.local/lib/python3.8/site-packages/airflow/example_dags/plugins/workday.py
[2025-05-04T23:14:44.700+0000] {processor.py:183} INFO - Processing /home/airflow/.local/lib/python3.8/site-packages/airflow/example_dags/plugins/workday.py took 0.263 seconds
[2025-05-04T23:15:15.612+0000] {processor.py:161} INFO - Started process (PID=1045) to work on /home/airflow/.local/lib/python3.8/site-packages/airflow/example_dags/plugins/workday.py
[2025-05-04T23:15:15.613+0000] {processor.py:830} INFO - Processing file /home/airflow/.local/lib/python3.8/site-packages/airflow/example_dags/plugins/workday.py for tasks to queue
[2025-05-04T23:15:15.614+0000] {logging_mixin.py:188} INFO - [2025-05-04T23:15:15.614+0000] {dagbag.py:538} INFO - Filling up the DagBag from /home/airflow/.local/lib/python3.8/site-packages/airflow/example_dags/plugins/workday.py
[2025-05-04T23:15:15.821+0000] {processor.py:842} WARNING - No viable dags retrieved from /home/airflow/.local/lib/python3.8/site-packages/airflow/example_dags/plugins/workday.py
[2025-05-04T23:15:15.827+0000] {processor.py:183} INFO - Processing /home/airflow/.local/lib/python3.8/site-packages/airflow/example_dags/plugins/workday.py took 0.217 seconds
[2025-05-04T23:18:32.444+0000] {processor.py:161} INFO - Started process (PID=85) to work on /home/airflow/.local/lib/python3.8/site-packages/airflow/example_dags/plugins/workday.py
[2025-05-04T23:18:32.445+0000] {processor.py:830} INFO - Processing file /home/airflow/.local/lib/python3.8/site-packages/airflow/example_dags/plugins/workday.py for tasks to queue
[2025-05-04T23:18:32.446+0000] {logging_mixin.py:188} INFO - [2025-05-04T23:18:32.446+0000] {dagbag.py:538} INFO - Filling up the DagBag from /home/airflow/.local/lib/python3.8/site-packages/airflow/example_dags/plugins/workday.py
[2025-05-04T23:18:32.702+0000] {processor.py:842} WARNING - No viable dags retrieved from /home/airflow/.local/lib/python3.8/site-packages/airflow/example_dags/plugins/workday.py
[2025-05-04T23:18:32.707+0000] {processor.py:183} INFO - Processing /home/airflow/.local/lib/python3.8/site-packages/airflow/example_dags/plugins/workday.py took 0.264 seconds
[2025-05-04T23:19:02.976+0000] {processor.py:161} INFO - Started process (PID=141) to work on /home/airflow/.local/lib/python3.8/site-packages/airflow/example_dags/plugins/workday.py
[2025-05-04T23:19:02.977+0000] {processor.py:830} INFO - Processing file /home/airflow/.local/lib/python3.8/site-packages/airflow/example_dags/plugins/workday.py for tasks to queue
[2025-05-04T23:19:02.978+0000] {logging_mixin.py:188} INFO - [2025-05-04T23:19:02.978+0000] {dagbag.py:538} INFO - Filling up the DagBag from /home/airflow/.local/lib/python3.8/site-packages/airflow/example_dags/plugins/workday.py
[2025-05-04T23:19:03.231+0000] {processor.py:842} WARNING - No viable dags retrieved from /home/airflow/.local/lib/python3.8/site-packages/airflow/example_dags/plugins/workday.py
[2025-05-04T23:19:03.236+0000] {processor.py:183} INFO - Processing /home/airflow/.local/lib/python3.8/site-packages/airflow/example_dags/plugins/workday.py took 0.262 seconds
[2025-05-04T23:19:33.804+0000] {processor.py:161} INFO - Started process (PID=197) to work on /home/airflow/.local/lib/python3.8/site-packages/airflow/example_dags/plugins/workday.py
[2025-05-04T23:19:33.807+0000] {processor.py:830} INFO - Processing file /home/airflow/.local/lib/python3.8/site-packages/airflow/example_dags/plugins/workday.py for tasks to queue
[2025-05-04T23:19:33.808+0000] {logging_mixin.py:188} INFO - [2025-05-04T23:19:33.808+0000] {dagbag.py:538} INFO - Filling up the DagBag from /home/airflow/.local/lib/python3.8/site-packages/airflow/example_dags/plugins/workday.py
[2025-05-04T23:19:34.048+0000] {processor.py:842} WARNING - No viable dags retrieved from /home/airflow/.local/lib/python3.8/site-packages/airflow/example_dags/plugins/workday.py
[2025-05-04T23:19:34.054+0000] {processor.py:183} INFO - Processing /home/airflow/.local/lib/python3.8/site-packages/airflow/example_dags/plugins/workday.py took 0.253 seconds
[2025-05-04T23:20:04.595+0000] {processor.py:161} INFO - Started process (PID=253) to work on /home/airflow/.local/lib/python3.8/site-packages/airflow/example_dags/plugins/workday.py
[2025-05-04T23:20:04.596+0000] {processor.py:830} INFO - Processing file /home/airflow/.local/lib/python3.8/site-packages/airflow/example_dags/plugins/workday.py for tasks to queue
[2025-05-04T23:20:04.597+0000] {logging_mixin.py:188} INFO - [2025-05-04T23:20:04.597+0000] {dagbag.py:538} INFO - Filling up the DagBag from /home/airflow/.local/lib/python3.8/site-packages/airflow/example_dags/plugins/workday.py
[2025-05-04T23:20:04.780+0000] {processor.py:842} WARNING - No viable dags retrieved from /home/airflow/.local/lib/python3.8/site-packages/airflow/example_dags/plugins/workday.py
[2025-05-04T23:20:04.786+0000] {processor.py:183} INFO - Processing /home/airflow/.local/lib/python3.8/site-packages/airflow/example_dags/plugins/workday.py took 0.193 seconds
[2025-05-04T23:20:35.407+0000] {processor.py:161} INFO - Started process (PID=308) to work on /home/airflow/.local/lib/python3.8/site-packages/airflow/example_dags/plugins/workday.py
[2025-05-04T23:20:35.407+0000] {processor.py:830} INFO - Processing file /home/airflow/.local/lib/python3.8/site-packages/airflow/example_dags/plugins/workday.py for tasks to queue
[2025-05-04T23:20:35.409+0000] {logging_mixin.py:188} INFO - [2025-05-04T23:20:35.408+0000] {dagbag.py:538} INFO - Filling up the DagBag from /home/airflow/.local/lib/python3.8/site-packages/airflow/example_dags/plugins/workday.py
[2025-05-04T23:20:35.753+0000] {processor.py:842} WARNING - No viable dags retrieved from /home/airflow/.local/lib/python3.8/site-packages/airflow/example_dags/plugins/workday.py
[2025-05-04T23:20:35.774+0000] {processor.py:183} INFO - Processing /home/airflow/.local/lib/python3.8/site-packages/airflow/example_dags/plugins/workday.py took 0.369 seconds
[2025-05-04T23:21:06.574+0000] {processor.py:161} INFO - Started process (PID=367) to work on /home/airflow/.local/lib/python3.8/site-packages/airflow/example_dags/plugins/workday.py
[2025-05-04T23:21:06.575+0000] {processor.py:830} INFO - Processing file /home/airflow/.local/lib/python3.8/site-packages/airflow/example_dags/plugins/workday.py for tasks to queue
[2025-05-04T23:21:06.576+0000] {logging_mixin.py:188} INFO - [2025-05-04T23:21:06.576+0000] {dagbag.py:538} INFO - Filling up the DagBag from /home/airflow/.local/lib/python3.8/site-packages/airflow/example_dags/plugins/workday.py
[2025-05-04T23:21:06.790+0000] {processor.py:842} WARNING - No viable dags retrieved from /home/airflow/.local/lib/python3.8/site-packages/airflow/example_dags/plugins/workday.py
[2025-05-04T23:21:06.800+0000] {processor.py:183} INFO - Processing /home/airflow/.local/lib/python3.8/site-packages/airflow/example_dags/plugins/workday.py took 0.228 seconds
[2025-05-04T23:21:37.226+0000] {processor.py:161} INFO - Started process (PID=423) to work on /home/airflow/.local/lib/python3.8/site-packages/airflow/example_dags/plugins/workday.py
[2025-05-04T23:21:37.227+0000] {processor.py:830} INFO - Processing file /home/airflow/.local/lib/python3.8/site-packages/airflow/example_dags/plugins/workday.py for tasks to queue
[2025-05-04T23:21:37.229+0000] {logging_mixin.py:188} INFO - [2025-05-04T23:21:37.229+0000] {dagbag.py:538} INFO - Filling up the DagBag from /home/airflow/.local/lib/python3.8/site-packages/airflow/example_dags/plugins/workday.py
[2025-05-04T23:21:37.402+0000] {processor.py:842} WARNING - No viable dags retrieved from /home/airflow/.local/lib/python3.8/site-packages/airflow/example_dags/plugins/workday.py
[2025-05-04T23:21:37.407+0000] {processor.py:183} INFO - Processing /home/airflow/.local/lib/python3.8/site-packages/airflow/example_dags/plugins/workday.py took 0.184 seconds
[2025-05-04T23:22:07.883+0000] {processor.py:161} INFO - Started process (PID=479) to work on /home/airflow/.local/lib/python3.8/site-packages/airflow/example_dags/plugins/workday.py
[2025-05-04T23:22:07.885+0000] {processor.py:830} INFO - Processing file /home/airflow/.local/lib/python3.8/site-packages/airflow/example_dags/plugins/workday.py for tasks to queue
[2025-05-04T23:22:07.887+0000] {logging_mixin.py:188} INFO - [2025-05-04T23:22:07.886+0000] {dagbag.py:538} INFO - Filling up the DagBag from /home/airflow/.local/lib/python3.8/site-packages/airflow/example_dags/plugins/workday.py
[2025-05-04T23:22:08.083+0000] {processor.py:842} WARNING - No viable dags retrieved from /home/airflow/.local/lib/python3.8/site-packages/airflow/example_dags/plugins/workday.py
[2025-05-04T23:22:08.088+0000] {processor.py:183} INFO - Processing /home/airflow/.local/lib/python3.8/site-packages/airflow/example_dags/plugins/workday.py took 0.208 seconds
[2025-05-04T23:22:38.420+0000] {processor.py:161} INFO - Started process (PID=535) to work on /home/airflow/.local/lib/python3.8/site-packages/airflow/example_dags/plugins/workday.py
[2025-05-04T23:22:38.422+0000] {processor.py:830} INFO - Processing file /home/airflow/.local/lib/python3.8/site-packages/airflow/example_dags/plugins/workday.py for tasks to queue
[2025-05-04T23:22:38.424+0000] {logging_mixin.py:188} INFO - [2025-05-04T23:22:38.423+0000] {dagbag.py:538} INFO - Filling up the DagBag from /home/airflow/.local/lib/python3.8/site-packages/airflow/example_dags/plugins/workday.py
[2025-05-04T23:22:38.652+0000] {processor.py:842} WARNING - No viable dags retrieved from /home/airflow/.local/lib/python3.8/site-packages/airflow/example_dags/plugins/workday.py
[2025-05-04T23:22:38.658+0000] {processor.py:183} INFO - Processing /home/airflow/.local/lib/python3.8/site-packages/airflow/example_dags/plugins/workday.py took 0.241 seconds
[2025-05-04T23:23:09.035+0000] {processor.py:161} INFO - Started process (PID=591) to work on /home/airflow/.local/lib/python3.8/site-packages/airflow/example_dags/plugins/workday.py
[2025-05-04T23:23:09.037+0000] {processor.py:830} INFO - Processing file /home/airflow/.local/lib/python3.8/site-packages/airflow/example_dags/plugins/workday.py for tasks to queue
[2025-05-04T23:23:09.038+0000] {logging_mixin.py:188} INFO - [2025-05-04T23:23:09.038+0000] {dagbag.py:538} INFO - Filling up the DagBag from /home/airflow/.local/lib/python3.8/site-packages/airflow/example_dags/plugins/workday.py
[2025-05-04T23:23:09.245+0000] {processor.py:842} WARNING - No viable dags retrieved from /home/airflow/.local/lib/python3.8/site-packages/airflow/example_dags/plugins/workday.py
[2025-05-04T23:23:09.251+0000] {processor.py:183} INFO - Processing /home/airflow/.local/lib/python3.8/site-packages/airflow/example_dags/plugins/workday.py took 0.220 seconds
[2025-05-04T23:24:31.620+0000] {processor.py:161} INFO - Started process (PID=85) to work on /home/airflow/.local/lib/python3.8/site-packages/airflow/example_dags/plugins/workday.py
[2025-05-04T23:24:31.621+0000] {processor.py:830} INFO - Processing file /home/airflow/.local/lib/python3.8/site-packages/airflow/example_dags/plugins/workday.py for tasks to queue
[2025-05-04T23:24:31.621+0000] {logging_mixin.py:188} INFO - [2025-05-04T23:24:31.621+0000] {dagbag.py:538} INFO - Filling up the DagBag from /home/airflow/.local/lib/python3.8/site-packages/airflow/example_dags/plugins/workday.py
[2025-05-04T23:24:31.885+0000] {processor.py:842} WARNING - No viable dags retrieved from /home/airflow/.local/lib/python3.8/site-packages/airflow/example_dags/plugins/workday.py
[2025-05-04T23:24:31.890+0000] {processor.py:183} INFO - Processing /home/airflow/.local/lib/python3.8/site-packages/airflow/example_dags/plugins/workday.py took 0.272 seconds
[2025-05-04T23:25:02.448+0000] {processor.py:161} INFO - Started process (PID=141) to work on /home/airflow/.local/lib/python3.8/site-packages/airflow/example_dags/plugins/workday.py
[2025-05-04T23:25:02.449+0000] {processor.py:830} INFO - Processing file /home/airflow/.local/lib/python3.8/site-packages/airflow/example_dags/plugins/workday.py for tasks to queue
[2025-05-04T23:25:02.450+0000] {logging_mixin.py:188} INFO - [2025-05-04T23:25:02.450+0000] {dagbag.py:538} INFO - Filling up the DagBag from /home/airflow/.local/lib/python3.8/site-packages/airflow/example_dags/plugins/workday.py
[2025-05-04T23:25:02.677+0000] {processor.py:842} WARNING - No viable dags retrieved from /home/airflow/.local/lib/python3.8/site-packages/airflow/example_dags/plugins/workday.py
[2025-05-04T23:25:02.683+0000] {processor.py:183} INFO - Processing /home/airflow/.local/lib/python3.8/site-packages/airflow/example_dags/plugins/workday.py took 0.236 seconds
[2025-05-04T23:25:33.196+0000] {processor.py:161} INFO - Started process (PID=198) to work on /home/airflow/.local/lib/python3.8/site-packages/airflow/example_dags/plugins/workday.py
[2025-05-04T23:25:33.197+0000] {processor.py:830} INFO - Processing file /home/airflow/.local/lib/python3.8/site-packages/airflow/example_dags/plugins/workday.py for tasks to queue
[2025-05-04T23:25:33.198+0000] {logging_mixin.py:188} INFO - [2025-05-04T23:25:33.197+0000] {dagbag.py:538} INFO - Filling up the DagBag from /home/airflow/.local/lib/python3.8/site-packages/airflow/example_dags/plugins/workday.py
[2025-05-04T23:25:33.404+0000] {processor.py:842} WARNING - No viable dags retrieved from /home/airflow/.local/lib/python3.8/site-packages/airflow/example_dags/plugins/workday.py
[2025-05-04T23:25:33.409+0000] {processor.py:183} INFO - Processing /home/airflow/.local/lib/python3.8/site-packages/airflow/example_dags/plugins/workday.py took 0.215 seconds
[2025-05-04T23:26:04.008+0000] {processor.py:161} INFO - Started process (PID=255) to work on /home/airflow/.local/lib/python3.8/site-packages/airflow/example_dags/plugins/workday.py
[2025-05-04T23:26:04.009+0000] {processor.py:830} INFO - Processing file /home/airflow/.local/lib/python3.8/site-packages/airflow/example_dags/plugins/workday.py for tasks to queue
[2025-05-04T23:26:04.010+0000] {logging_mixin.py:188} INFO - [2025-05-04T23:26:04.009+0000] {dagbag.py:538} INFO - Filling up the DagBag from /home/airflow/.local/lib/python3.8/site-packages/airflow/example_dags/plugins/workday.py
[2025-05-04T23:26:04.209+0000] {processor.py:842} WARNING - No viable dags retrieved from /home/airflow/.local/lib/python3.8/site-packages/airflow/example_dags/plugins/workday.py
[2025-05-04T23:26:04.214+0000] {processor.py:183} INFO - Processing /home/airflow/.local/lib/python3.8/site-packages/airflow/example_dags/plugins/workday.py took 0.208 seconds
[2025-05-04T23:26:34.762+0000] {processor.py:161} INFO - Started process (PID=317) to work on /home/airflow/.local/lib/python3.8/site-packages/airflow/example_dags/plugins/workday.py
[2025-05-04T23:26:34.763+0000] {processor.py:830} INFO - Processing file /home/airflow/.local/lib/python3.8/site-packages/airflow/example_dags/plugins/workday.py for tasks to queue
[2025-05-04T23:26:34.765+0000] {logging_mixin.py:188} INFO - [2025-05-04T23:26:34.764+0000] {dagbag.py:538} INFO - Filling up the DagBag from /home/airflow/.local/lib/python3.8/site-packages/airflow/example_dags/plugins/workday.py
[2025-05-04T23:26:34.989+0000] {processor.py:842} WARNING - No viable dags retrieved from /home/airflow/.local/lib/python3.8/site-packages/airflow/example_dags/plugins/workday.py
[2025-05-04T23:26:35.001+0000] {processor.py:183} INFO - Processing /home/airflow/.local/lib/python3.8/site-packages/airflow/example_dags/plugins/workday.py took 0.241 seconds
[2025-05-04T23:27:05.498+0000] {processor.py:161} INFO - Started process (PID=373) to work on /home/airflow/.local/lib/python3.8/site-packages/airflow/example_dags/plugins/workday.py
[2025-05-04T23:27:05.499+0000] {processor.py:830} INFO - Processing file /home/airflow/.local/lib/python3.8/site-packages/airflow/example_dags/plugins/workday.py for tasks to queue
[2025-05-04T23:27:05.499+0000] {logging_mixin.py:188} INFO - [2025-05-04T23:27:05.499+0000] {dagbag.py:538} INFO - Filling up the DagBag from /home/airflow/.local/lib/python3.8/site-packages/airflow/example_dags/plugins/workday.py
[2025-05-04T23:27:05.780+0000] {processor.py:842} WARNING - No viable dags retrieved from /home/airflow/.local/lib/python3.8/site-packages/airflow/example_dags/plugins/workday.py
[2025-05-04T23:27:05.787+0000] {processor.py:183} INFO - Processing /home/airflow/.local/lib/python3.8/site-packages/airflow/example_dags/plugins/workday.py took 0.290 seconds
[2025-05-04T23:27:36.104+0000] {processor.py:161} INFO - Started process (PID=428) to work on /home/airflow/.local/lib/python3.8/site-packages/airflow/example_dags/plugins/workday.py
[2025-05-04T23:27:36.105+0000] {processor.py:830} INFO - Processing file /home/airflow/.local/lib/python3.8/site-packages/airflow/example_dags/plugins/workday.py for tasks to queue
[2025-05-04T23:27:36.106+0000] {logging_mixin.py:188} INFO - [2025-05-04T23:27:36.106+0000] {dagbag.py:538} INFO - Filling up the DagBag from /home/airflow/.local/lib/python3.8/site-packages/airflow/example_dags/plugins/workday.py
[2025-05-04T23:27:36.305+0000] {processor.py:842} WARNING - No viable dags retrieved from /home/airflow/.local/lib/python3.8/site-packages/airflow/example_dags/plugins/workday.py
[2025-05-04T23:27:36.310+0000] {processor.py:183} INFO - Processing /home/airflow/.local/lib/python3.8/site-packages/airflow/example_dags/plugins/workday.py took 0.208 seconds
[2025-05-04T23:28:24.956+0000] {processor.py:161} INFO - Started process (PID=85) to work on /home/airflow/.local/lib/python3.8/site-packages/airflow/example_dags/plugins/workday.py
[2025-05-04T23:28:24.957+0000] {processor.py:830} INFO - Processing file /home/airflow/.local/lib/python3.8/site-packages/airflow/example_dags/plugins/workday.py for tasks to queue
[2025-05-04T23:28:24.959+0000] {logging_mixin.py:188} INFO - [2025-05-04T23:28:24.958+0000] {dagbag.py:538} INFO - Filling up the DagBag from /home/airflow/.local/lib/python3.8/site-packages/airflow/example_dags/plugins/workday.py
[2025-05-04T23:28:25.192+0000] {processor.py:842} WARNING - No viable dags retrieved from /home/airflow/.local/lib/python3.8/site-packages/airflow/example_dags/plugins/workday.py
[2025-05-04T23:28:25.198+0000] {processor.py:183} INFO - Processing /home/airflow/.local/lib/python3.8/site-packages/airflow/example_dags/plugins/workday.py took 0.244 seconds
[2025-05-04T23:28:56.326+0000] {processor.py:161} INFO - Started process (PID=141) to work on /home/airflow/.local/lib/python3.8/site-packages/airflow/example_dags/plugins/workday.py
[2025-05-04T23:28:56.327+0000] {processor.py:830} INFO - Processing file /home/airflow/.local/lib/python3.8/site-packages/airflow/example_dags/plugins/workday.py for tasks to queue
[2025-05-04T23:28:56.328+0000] {logging_mixin.py:188} INFO - [2025-05-04T23:28:56.327+0000] {dagbag.py:538} INFO - Filling up the DagBag from /home/airflow/.local/lib/python3.8/site-packages/airflow/example_dags/plugins/workday.py
[2025-05-04T23:28:56.569+0000] {processor.py:842} WARNING - No viable dags retrieved from /home/airflow/.local/lib/python3.8/site-packages/airflow/example_dags/plugins/workday.py
[2025-05-04T23:28:56.575+0000] {processor.py:183} INFO - Processing /home/airflow/.local/lib/python3.8/site-packages/airflow/example_dags/plugins/workday.py took 0.251 seconds
[2025-05-04T23:29:27.215+0000] {processor.py:161} INFO - Started process (PID=197) to work on /home/airflow/.local/lib/python3.8/site-packages/airflow/example_dags/plugins/workday.py
[2025-05-04T23:29:27.223+0000] {processor.py:830} INFO - Processing file /home/airflow/.local/lib/python3.8/site-packages/airflow/example_dags/plugins/workday.py for tasks to queue
[2025-05-04T23:29:27.225+0000] {logging_mixin.py:188} INFO - [2025-05-04T23:29:27.225+0000] {dagbag.py:538} INFO - Filling up the DagBag from /home/airflow/.local/lib/python3.8/site-packages/airflow/example_dags/plugins/workday.py
[2025-05-04T23:29:27.404+0000] {processor.py:842} WARNING - No viable dags retrieved from /home/airflow/.local/lib/python3.8/site-packages/airflow/example_dags/plugins/workday.py
[2025-05-04T23:29:27.409+0000] {processor.py:183} INFO - Processing /home/airflow/.local/lib/python3.8/site-packages/airflow/example_dags/plugins/workday.py took 0.196 seconds
[2025-05-04T23:29:57.883+0000] {processor.py:161} INFO - Started process (PID=259) to work on /home/airflow/.local/lib/python3.8/site-packages/airflow/example_dags/plugins/workday.py
[2025-05-04T23:29:57.884+0000] {processor.py:830} INFO - Processing file /home/airflow/.local/lib/python3.8/site-packages/airflow/example_dags/plugins/workday.py for tasks to queue
[2025-05-04T23:29:57.885+0000] {logging_mixin.py:188} INFO - [2025-05-04T23:29:57.885+0000] {dagbag.py:538} INFO - Filling up the DagBag from /home/airflow/.local/lib/python3.8/site-packages/airflow/example_dags/plugins/workday.py
[2025-05-04T23:29:58.108+0000] {processor.py:842} WARNING - No viable dags retrieved from /home/airflow/.local/lib/python3.8/site-packages/airflow/example_dags/plugins/workday.py
[2025-05-04T23:29:58.113+0000] {processor.py:183} INFO - Processing /home/airflow/.local/lib/python3.8/site-packages/airflow/example_dags/plugins/workday.py took 0.231 seconds
[2025-05-04T23:30:28.634+0000] {processor.py:161} INFO - Started process (PID=315) to work on /home/airflow/.local/lib/python3.8/site-packages/airflow/example_dags/plugins/workday.py
[2025-05-04T23:30:28.638+0000] {processor.py:830} INFO - Processing file /home/airflow/.local/lib/python3.8/site-packages/airflow/example_dags/plugins/workday.py for tasks to queue
[2025-05-04T23:30:28.639+0000] {logging_mixin.py:188} INFO - [2025-05-04T23:30:28.639+0000] {dagbag.py:538} INFO - Filling up the DagBag from /home/airflow/.local/lib/python3.8/site-packages/airflow/example_dags/plugins/workday.py
[2025-05-04T23:30:28.819+0000] {processor.py:842} WARNING - No viable dags retrieved from /home/airflow/.local/lib/python3.8/site-packages/airflow/example_dags/plugins/workday.py
[2025-05-04T23:30:28.824+0000] {processor.py:183} INFO - Processing /home/airflow/.local/lib/python3.8/site-packages/airflow/example_dags/plugins/workday.py took 0.191 seconds
[2025-05-04T23:30:59.224+0000] {processor.py:161} INFO - Started process (PID=370) to work on /home/airflow/.local/lib/python3.8/site-packages/airflow/example_dags/plugins/workday.py
[2025-05-04T23:30:59.226+0000] {processor.py:830} INFO - Processing file /home/airflow/.local/lib/python3.8/site-packages/airflow/example_dags/plugins/workday.py for tasks to queue
[2025-05-04T23:30:59.227+0000] {logging_mixin.py:188} INFO - [2025-05-04T23:30:59.227+0000] {dagbag.py:538} INFO - Filling up the DagBag from /home/airflow/.local/lib/python3.8/site-packages/airflow/example_dags/plugins/workday.py
[2025-05-04T23:30:59.434+0000] {processor.py:842} WARNING - No viable dags retrieved from /home/airflow/.local/lib/python3.8/site-packages/airflow/example_dags/plugins/workday.py
[2025-05-04T23:30:59.440+0000] {processor.py:183} INFO - Processing /home/airflow/.local/lib/python3.8/site-packages/airflow/example_dags/plugins/workday.py took 0.218 seconds
[2025-05-04T23:31:29.946+0000] {processor.py:161} INFO - Started process (PID=426) to work on /home/airflow/.local/lib/python3.8/site-packages/airflow/example_dags/plugins/workday.py
[2025-05-04T23:31:29.947+0000] {processor.py:830} INFO - Processing file /home/airflow/.local/lib/python3.8/site-packages/airflow/example_dags/plugins/workday.py for tasks to queue
[2025-05-04T23:31:29.950+0000] {logging_mixin.py:188} INFO - [2025-05-04T23:31:29.949+0000] {dagbag.py:538} INFO - Filling up the DagBag from /home/airflow/.local/lib/python3.8/site-packages/airflow/example_dags/plugins/workday.py
[2025-05-04T23:31:30.151+0000] {processor.py:842} WARNING - No viable dags retrieved from /home/airflow/.local/lib/python3.8/site-packages/airflow/example_dags/plugins/workday.py
[2025-05-04T23:31:30.156+0000] {processor.py:183} INFO - Processing /home/airflow/.local/lib/python3.8/site-packages/airflow/example_dags/plugins/workday.py took 0.212 seconds
[2025-05-04T23:32:00.635+0000] {processor.py:161} INFO - Started process (PID=482) to work on /home/airflow/.local/lib/python3.8/site-packages/airflow/example_dags/plugins/workday.py
[2025-05-04T23:32:00.636+0000] {processor.py:830} INFO - Processing file /home/airflow/.local/lib/python3.8/site-packages/airflow/example_dags/plugins/workday.py for tasks to queue
[2025-05-04T23:32:00.638+0000] {logging_mixin.py:188} INFO - [2025-05-04T23:32:00.638+0000] {dagbag.py:538} INFO - Filling up the DagBag from /home/airflow/.local/lib/python3.8/site-packages/airflow/example_dags/plugins/workday.py
[2025-05-04T23:32:00.841+0000] {processor.py:842} WARNING - No viable dags retrieved from /home/airflow/.local/lib/python3.8/site-packages/airflow/example_dags/plugins/workday.py
[2025-05-04T23:32:00.846+0000] {processor.py:183} INFO - Processing /home/airflow/.local/lib/python3.8/site-packages/airflow/example_dags/plugins/workday.py took 0.213 seconds
[2025-05-04T23:32:31.337+0000] {processor.py:161} INFO - Started process (PID=538) to work on /home/airflow/.local/lib/python3.8/site-packages/airflow/example_dags/plugins/workday.py
[2025-05-04T23:32:31.338+0000] {processor.py:830} INFO - Processing file /home/airflow/.local/lib/python3.8/site-packages/airflow/example_dags/plugins/workday.py for tasks to queue
[2025-05-04T23:32:31.339+0000] {logging_mixin.py:188} INFO - [2025-05-04T23:32:31.339+0000] {dagbag.py:538} INFO - Filling up the DagBag from /home/airflow/.local/lib/python3.8/site-packages/airflow/example_dags/plugins/workday.py
[2025-05-04T23:32:31.569+0000] {processor.py:842} WARNING - No viable dags retrieved from /home/airflow/.local/lib/python3.8/site-packages/airflow/example_dags/plugins/workday.py
[2025-05-04T23:32:31.574+0000] {processor.py:183} INFO - Processing /home/airflow/.local/lib/python3.8/site-packages/airflow/example_dags/plugins/workday.py took 0.239 seconds
[2025-05-04T23:47:23.372+0000] {processor.py:161} INFO - Started process (PID=85) to work on /home/airflow/.local/lib/python3.8/site-packages/airflow/example_dags/plugins/workday.py
[2025-05-04T23:47:23.374+0000] {processor.py:830} INFO - Processing file /home/airflow/.local/lib/python3.8/site-packages/airflow/example_dags/plugins/workday.py for tasks to queue
[2025-05-04T23:47:23.376+0000] {logging_mixin.py:188} INFO - [2025-05-04T23:47:23.376+0000] {dagbag.py:538} INFO - Filling up the DagBag from /home/airflow/.local/lib/python3.8/site-packages/airflow/example_dags/plugins/workday.py
[2025-05-04T23:47:23.590+0000] {processor.py:842} WARNING - No viable dags retrieved from /home/airflow/.local/lib/python3.8/site-packages/airflow/example_dags/plugins/workday.py
[2025-05-04T23:47:23.595+0000] {processor.py:183} INFO - Processing /home/airflow/.local/lib/python3.8/site-packages/airflow/example_dags/plugins/workday.py took 0.224 seconds
[2025-05-04T23:47:53.738+0000] {processor.py:161} INFO - Started process (PID=141) to work on /home/airflow/.local/lib/python3.8/site-packages/airflow/example_dags/plugins/workday.py
[2025-05-04T23:47:53.738+0000] {processor.py:830} INFO - Processing file /home/airflow/.local/lib/python3.8/site-packages/airflow/example_dags/plugins/workday.py for tasks to queue
[2025-05-04T23:47:53.741+0000] {logging_mixin.py:188} INFO - [2025-05-04T23:47:53.741+0000] {dagbag.py:538} INFO - Filling up the DagBag from /home/airflow/.local/lib/python3.8/site-packages/airflow/example_dags/plugins/workday.py
[2025-05-04T23:47:53.966+0000] {processor.py:842} WARNING - No viable dags retrieved from /home/airflow/.local/lib/python3.8/site-packages/airflow/example_dags/plugins/workday.py
[2025-05-04T23:47:53.971+0000] {processor.py:183} INFO - Processing /home/airflow/.local/lib/python3.8/site-packages/airflow/example_dags/plugins/workday.py took 0.235 seconds
[2025-05-04T23:48:24.521+0000] {processor.py:161} INFO - Started process (PID=197) to work on /home/airflow/.local/lib/python3.8/site-packages/airflow/example_dags/plugins/workday.py
[2025-05-04T23:48:24.521+0000] {processor.py:830} INFO - Processing file /home/airflow/.local/lib/python3.8/site-packages/airflow/example_dags/plugins/workday.py for tasks to queue
[2025-05-04T23:48:24.523+0000] {logging_mixin.py:188} INFO - [2025-05-04T23:48:24.522+0000] {dagbag.py:538} INFO - Filling up the DagBag from /home/airflow/.local/lib/python3.8/site-packages/airflow/example_dags/plugins/workday.py
[2025-05-04T23:48:24.764+0000] {processor.py:842} WARNING - No viable dags retrieved from /home/airflow/.local/lib/python3.8/site-packages/airflow/example_dags/plugins/workday.py
[2025-05-04T23:48:24.770+0000] {processor.py:183} INFO - Processing /home/airflow/.local/lib/python3.8/site-packages/airflow/example_dags/plugins/workday.py took 0.251 seconds
[2025-05-04T23:48:55.140+0000] {processor.py:161} INFO - Started process (PID=256) to work on /home/airflow/.local/lib/python3.8/site-packages/airflow/example_dags/plugins/workday.py
[2025-05-04T23:48:55.140+0000] {processor.py:830} INFO - Processing file /home/airflow/.local/lib/python3.8/site-packages/airflow/example_dags/plugins/workday.py for tasks to queue
[2025-05-04T23:48:55.141+0000] {logging_mixin.py:188} INFO - [2025-05-04T23:48:55.141+0000] {dagbag.py:538} INFO - Filling up the DagBag from /home/airflow/.local/lib/python3.8/site-packages/airflow/example_dags/plugins/workday.py
[2025-05-04T23:48:55.316+0000] {processor.py:842} WARNING - No viable dags retrieved from /home/airflow/.local/lib/python3.8/site-packages/airflow/example_dags/plugins/workday.py
[2025-05-04T23:48:55.321+0000] {processor.py:183} INFO - Processing /home/airflow/.local/lib/python3.8/site-packages/airflow/example_dags/plugins/workday.py took 0.183 seconds
[2025-05-04T23:49:25.861+0000] {processor.py:161} INFO - Started process (PID=309) to work on /home/airflow/.local/lib/python3.8/site-packages/airflow/example_dags/plugins/workday.py
[2025-05-04T23:49:25.862+0000] {processor.py:830} INFO - Processing file /home/airflow/.local/lib/python3.8/site-packages/airflow/example_dags/plugins/workday.py for tasks to queue
[2025-05-04T23:49:25.862+0000] {logging_mixin.py:188} INFO - [2025-05-04T23:49:25.862+0000] {dagbag.py:538} INFO - Filling up the DagBag from /home/airflow/.local/lib/python3.8/site-packages/airflow/example_dags/plugins/workday.py
[2025-05-04T23:49:26.086+0000] {processor.py:842} WARNING - No viable dags retrieved from /home/airflow/.local/lib/python3.8/site-packages/airflow/example_dags/plugins/workday.py
[2025-05-04T23:49:26.091+0000] {processor.py:183} INFO - Processing /home/airflow/.local/lib/python3.8/site-packages/airflow/example_dags/plugins/workday.py took 0.232 seconds
[2025-05-04T23:49:56.628+0000] {processor.py:161} INFO - Started process (PID=365) to work on /home/airflow/.local/lib/python3.8/site-packages/airflow/example_dags/plugins/workday.py
[2025-05-04T23:49:56.628+0000] {processor.py:830} INFO - Processing file /home/airflow/.local/lib/python3.8/site-packages/airflow/example_dags/plugins/workday.py for tasks to queue
[2025-05-04T23:49:56.629+0000] {logging_mixin.py:188} INFO - [2025-05-04T23:49:56.629+0000] {dagbag.py:538} INFO - Filling up the DagBag from /home/airflow/.local/lib/python3.8/site-packages/airflow/example_dags/plugins/workday.py
[2025-05-04T23:49:56.792+0000] {processor.py:842} WARNING - No viable dags retrieved from /home/airflow/.local/lib/python3.8/site-packages/airflow/example_dags/plugins/workday.py
[2025-05-04T23:49:56.797+0000] {processor.py:183} INFO - Processing /home/airflow/.local/lib/python3.8/site-packages/airflow/example_dags/plugins/workday.py took 0.171 seconds
