Unnamed: 0,Driver,Nationality,Seasons,Race_Entries,Race_Starts,Pole_Positions,Race_Wins,Podiums,Fastest_Laps,Points,Active,Decade,Years_Active,Points_per_Race,Decade_Avg_PPR,Normalized_PPR,Career_Length_Factor,Performance_Index,Win_Rate,Podium_Rate,Adjusted_Win_Index,Adjusted_Podium_Index
0,Carlo Abate,Italy,"[1962, 1963]",3.0,0.0,0.0,0.0,0.0,0.0,0.0,False,1960,2,0.0,0.28712460184158106,0.0,0.6020599913279624,0.0,0.0,0.0,0.0,0.0
1,George Abecassis,United Kingdom,"[1951, 1952]",2.0,2.0,0.0,0.0,0.0,0.0,0.0,False,1950,2,0.0,0.38534107088140934,0.0,0.47712125471966244,0.0,0.0,0.0,0.0,0.0
2,Kenny Acheson,United Kingdom,"[1983, 1985]",10.0,3.0,0.0,0.0,0.0,0.0,0.0,False,1980,2,0.0,0.28980562687110756,0.0,1.0413926851582251,0.0,0.0,0.0,0.0,0.0
3,Andrea de Adamich,Italy,"[1968, 1970, 1971, 1972, 1973]",36.0,30.0,0.0,0.0,0.0,0.0,6.0,False,1970,5,0.16666666666666666,0.3294688607385876,0.5058647008188916,1.568201724066995,0.7932978959688204,0.0,0.0,0.0,0.0
4,Philippe Adams,Belgium,[1994],2.0,2.0,0.0,0.0,0.0,0.0,0.0,False,1990,1,0.0,0.26559527558541896,0.0,0.47712125471966244,0.0,0.0,0.0,0.0,0.0
5,Walt Ader,United States,[1950],1.0,1.0,0.0,0.0,0.0,0.0,0.0,False,1950,1,0.0,0.38534107088140934,0.0,0.3010299956639812,0.0,0.0,0.0,0.0,0.0
6,Kurt Adolff,West Germany,[1953],1.0,1.0,0.0,0.0,0.0,0.0,0.0,False,1950,1,0.0,0.38534107088140934,0.0,0.3010299956639812,0.0,0.0,0.0,0.0,0.0
7,Fred Agabashian,United States,"[1950, 1951, 1952, 1953, 1954, 1955, 1956, 1957]",9.0,8.0,1.0,0.0,0.0,0.0,1.5,False,1950,8,0.16666666666666666,0.38534107088140934,0.4325172665489352,1.0,0.4325172665489352,0.0,0.0,0.0,0.0
8,Kurt Ahrens Jr.,West Germany,"[1966, 1967, 1968, 1969]",4.0,4.0,0.0,0.0,0.0,0.0,0.0,False,1970,4,0.0,0.3294688607385876,0.0,0.6989700043360189,0.0,0.0,0.0,0.0,0.0
9,Jack Aitken,United Kingdom,[2020],1.0,1.0,0.0,0.0,0.0,0.0,0.0,False,2020,1,0.0,2.1194150714077686,0.0,0.3010299956639812,0.0,0.0,0.0,0.0,0.0
10,Christijan Albers,Netherlands,"[2005, 2006, 2007]",46.0,46.0,0.0,0.0,0.0,0.0,4.0,False,2010,3,0.08695652173913043,1.5761991506218638,0.05516848661212839,1.6720978579357175,0.09224710828969519,0.0,0.0,0.0,0.0
11,Alexander Albon,Thailand,"[2019, 2020, 2022]",61.0,60.0,0.0,0.0,2.0,0.0,202.0,True,2020,3,3.3114754098360657,2.1194150714077686,1.5624477972766802,1.792391689498254,2.800518447113574,0.0,0.03278688524590164,0.0,0.13531588147688825
12,Michele Alboreto,Italy,"[1981, 1982, 1983, 1984, 1985, 1986, 1987, 1988, 1989, 1990, 1991, 1992, 1993, 1994]",215.0,194.0,2.0,5.0,23.0,5.0,186.5,False,1990,14,0.8674418604651163,0.26559527558541896,3.266028955346141,2.3344537511509307,7.624393546175354,0.023255813953488372,0.10697674418604651,0.12500647459730616,0.5750297831476083
13,Jean Alesi,France,"[1989, 1990, 1991, 1992, 1993, 1994, 1995, 1996, 1997, 1998, 1999, 2000, 2001]",202.0,201.0,2.0,1.0,32.0,4.0,241.0,False,2000,13,1.193069306930693,0.6208236101235972,1.9217524711941445,2.307496037913213,4.4344362131304145,0.0049504950495049506,0.15841584158415842,0.02630299989624647,0.841695996679887
14,Jaime Alguersuari,Spain,"[2009, 2010, 2011]",46.0,46.0,0.0,0.0,0.0,0.0,31.0,False,2010,3,0.6739130434782609,1.5761991506218638,0.427555771243995,1.6720978579357175,0.7149150892451377,0.0,0.0,0.0,0.0
15,Philippe Alliot,France,"[1984, 1985, 1986, 1987, 1988, 1989, 1990, 1993, 1994]",116.0,109.0,0.0,0.0,0.0,0.0,7.0,False,1990,9,0.0603448275862069,0.26559527558541896,0.22720595256521875,2.0681858617461617,0.46990413879995446,0.0,0.0,0.0,0.0
16,Cliff Allison,United Kingdom,"[1958, 1959, 1960, 1961]",18.0,16.0,0.0,0.0,1.0,0.0,11.0,False,1960,4,0.6111111111111112,0.28712460184158106,2.128382964021618,1.2787536009528289,2.721677379449299,0.0,0.05555555555555555,0.0,0.16357994328702444
17,Fernando Alonso,Spain,"[2001, 2003, 2004, 2005, 2006, 2007, 2008, 2009, 2010, 2011, 2012, 2013, 2014, 2015, 2016, 2017, 2018, 2021, 2022]",359.0,356.0,22.0,32.0,99.0,23.0,2076.0,True,2010,19,5.782729805013927,1.5761991506218638,3.668781196038867,2.5563025007672873,9.378514546202155,0.08913649025069638,0.2757660167130919,0.5246666546139415,1.6231874627118814
18,Giovanna Amati,Italy,[1992],3.0,0.0,0.0,0.0,0.0,0.0,0.0,False,1990,1,0.0,0.26559527558541896,0.0,0.6020599913279624,0.0,0.0,0.0,0.0,0.0
19,George Amick,United States,[1958],2.0,1.0,0.0,0.0,1.0,0.0,6.0,False,1960,1,3.0,0.28712460184158106,10.448425459742486,0.47712125471966244,4.9851658651972,0.0,0.5,0.0,0.5493061443340549
20,Red Amick,United States,"[1959, 1960]",2.0,2.0,0.0,0.0,0.0,0.0,0.0,False,1960,2,0.0,0.28712460184158106,0.0,0.47712125471966244,0.0,0.0,0.0,0.0,0.0
21,Chris Amon,New Zealand,"[1963, 1964, 1965, 1966, 1967, 1968, 1969, 1970, 1971, 1972, 1973, 1974, 1975, 1976]",108.0,96.0,5.0,0.0,11.0,3.0,83.0,False,1970,14,0.7685185185185185,0.3294688607385876,2.332598342664889,2.037426497940624,4.752497672397828,0.0,0.10185185185185185,0.0,0.47782246948630164
22,Bob Anderson,United Kingdom,"[1963, 1964, 1965, 1966, 1967]",29.0,25.0,0.0,0.0,1.0,0.0,8.0,False,1960,5,0.27586206896551724,0.28712460184158106,0.9607747549188493,1.4771212547196624,1.4191808114887068,0.0,0.034482758620689655,0.0,0.11728266833317777
23,Conny Andersson,Sweden,"[1976, 1977]",5.0,1.0,0.0,0.0,0.0,0.0,0.0,False,1980,2,0.0,0.28980562687110756,0.0,0.7781512503836436,0.0,0.0,0.0,0.0,0.0
24,Emil Andres,United States,[1950],1.0,0.0,0.0,0.0,0.0,0.0,0.0,False,1950,1,0.0,0.38534107088140934,0.0,0.3010299956639812,0.0,0.0,0.0,0.0,0.0
25,Mario Andretti,United States,"[1968, 1969, 1970, 1971, 1972, 1974, 1975, 1976, 1977, 1978, 1979, 1980, 1981, 1982]",131.0,128.0,18.0,12.0,19.0,10.0,180.0,False,1980,14,1.3740458015267176,0.28980562687110756,4.741266815146522,2.12057393120585,10.0542068090911,0.0916030534351145,0.1450381679389313,0.44727956542775915,0.7081926452606186
26,Michael Andretti,United States,[1993],13.0,13.0,0.0,0.0,1.0,0.0,7.0,False,1990,1,0.5384615384615384,0.26559527558541896,2.027376192120413,1.146128035678238,2.3236326926557953,0.0,0.07692307692307693,0.0,0.2030044099704045
27,Keith Andrews,United States,"[1955, 1956]",3.0,2.0,0.0,0.0,0.0,0.0,0.0,False,1960,2,0.0,0.28712460184158106,0.0,0.6020599913279624,0.0,0.0,0.0,0.0,0.0
28,Elio de Angelis,Italy,"[1979, 1980, 1981, 1982, 1983, 1984, 1985, 1986]",109.0,108.0,3.0,2.0,9.0,0.0,122.0,False,1980,8,1.1192660550458715,0.28980562687110756,3.8621267196570703,2.041392685158225,7.884117234662074,0.01834862385321101,0.08256880733944955,0.08624734616132874,0.38811305772597937
29,Marco Apicella,Italy,[1993],1.0,1.0,0.0,0.0,0.0,0.0,0.0,False,1990,1,0.0,0.26559527558541896,0.0,0.3010299956639812,0.0,0.0,0.0,0.0,0.0
30,Mário de Araújo Cabral,Portugal,"[1959, 1960, 1963, 1964]",5.0,4.0,0.0,0.0,0.0,0.0,0.0,False,1960,4,0.0,0.28712460184158106,0.0,0.7781512503836436,0.0,0.0,0.0,0.0,0.0
31,Frank Armi,United States,[1954],3.0,1.0,0.0,0.0,0.0,0.0,0.0,False,1950,1,0.0,0.38534107088140934,0.0,0.6020599913279624,0.0,0.0,0.0,0.0,0.0
32,Chuck Arnold,United States,[1959],2.0,1.0,0.0,0.0,0.0,0.0,0.0,False,1960,1,0.0,0.28712460184158106,0.0,0.47712125471966244,0.0,0.0,0.0,0.0,0.0
33,René Arnoux,France,"[1978, 1979, 1980, 1981, 1982, 1983, 1984, 1985, 1986, 1987, 1988, 1989]",164.0,149.0,18.0,7.0,22.0,12.0,181.0,False,1980,12,1.103658536585366,0.28980562687110756,3.80827159396813,2.2174839442139063,8.44478111483023,0.042682926829268296,0.13414634146341464,0.2179366970567321,0.6849439050354438
34,Peter Arundell,United Kingdom,"[1963, 1964, 1966]",13.0,11.0,0.0,0.0,2.0,0.0,12.0,False,1960,3,0.9230769230769231,0.28712460184158106,3.2149001414592266,1.146128035678238,3.6846871840323527,0.0,0.15384615384615385,0.0,0.406008819940809
35,Alberto Ascari,Italy,"[1950, 1951, 1952, 1953, 1954, 1955]",33.0,32.0,14.0,13.0,17.0,12.0,107.64,False,1950,6,3.2618181818181817,0.38534107088140934,8.464756103877706,1.5314789170422551,12.963595510993448,0.3939393939393939,0.5151515151515151,1.389172327879094,1.8166099672265075
36,Peter Ashdown,United Kingdom,[1959],1.0,1.0,0.0,0.0,0.0,0.0,0.0,False,1960,1,0.0,0.28712460184158106,0.0,0.3010299956639812,0.0,0.0,0.0,0.0,0.0
37,Ian Ashley,United Kingdom,"[1974, 1975, 1976, 1977]",11.0,4.0,0.0,0.0,0.0,0.0,0.0,False,1980,4,0.0,0.28980562687110756,0.0,1.0791812460476249,0.0,0.0,0.0,0.0,0.0
38,Gerry Ashmore,United Kingdom,"[1961, 1962]",4.0,3.0,0.0,0.0,0.0,0.0,0.0,False,1960,2,0.0,0.28712460184158106,0.0,0.6989700043360189,0.0,0.0,0.0,0.0,0.0
39,Bill Aston,United Kingdom,[1952],3.0,1.0,0.0,0.0,0.0,0.0,0.0,False,1950,1,0.0,0.38534107088140934,0.0,0.6020599913279624,0.0,0.0,0.0,0.0,0.0
40,Richard Attwood,United Kingdom,"[1964, 1965, 1967, 1968, 1969]",17.0,16.0,0.0,0.0,1.0,1.0,11.0,False,1970,5,0.6470588235294118,0.3294688607385876,1.963945309061579,1.255272505103306,2.465286547991615,0.0,0.058823529411764705,0.0,0.17002186811153908
41,Manny Ayulo,United States,"[1951, 1952, 1953, 1954]",6.0,4.0,0.0,0.0,1.0,0.0,2.0,False,1950,4,0.3333333333333333,0.38534107088140934,0.8650345330978704,0.8450980400142568,0.7310389884656581,0.0,0.16666666666666666,0.0,0.3243183581758855
42,Luca Badoer,Italy,"[1993, 1995, 1996, 1999, 2009]",58.0,50.0,0.0,0.0,0.0,0.0,0.0,False,2000,5,0.0,0.6208236101235972,0.0,1.7708520116421442,0.0,0.0,0.0,0.0,0.0
43,Giancarlo Baghetti,Italy,"[1961, 1962, 1963, 1964, 1965, 1966, 1967]",21.0,21.0,0.0,1.0,1.0,1.0,14.0,False,1960,7,0.6666666666666666,0.28712460184158106,2.3218723243872192,1.3424226808222062,3.116934070230778,0.047619047619047616,0.047619047619047616,0.14719249777896742,0.14719249777896742
44,Julian Bailey,United Kingdom,"[1988, 1991]",20.0,7.0,0.0,0.0,0.0,0.0,1.0,False,1990,2,0.05,0.26559527558541896,0.18825636069689552,1.3222192947339193,0.24891619246982352,0.0,0.0,0.0,0.0
45,Mauro Baldi,Italy,"[1982, 1983, 1984, 1985]",41.0,36.0,0.0,0.0,0.0,0.0,5.0,False,1980,4,0.12195121951219512,0.28980562687110756,0.4208034910462022,1.6232492903979006,0.683068968237707,0.0,0.0,0.0,0.0
46,Bobby Ball,United States,"[1951, 1952]",2.0,2.0,0.0,0.0,0.0,0.0,2.0,False,1950,2,1.0,0.38534107088140934,2.5951035992936116,0.47712125471966244,1.2381790854224801,0.0,0.0,0.0,0.0
47,Marcel Balsa,France,[1952],1.0,1.0,0.0,0.0,0.0,0.0,0.0,False,1950,1,0.0,0.38534107088140934,0.0,0.3010299956639812,0.0,0.0,0.0,0.0,0.0
48,Lorenzo Bandini,Italy,"[1961, 1962, 1963, 1964, 1965, 1966, 1967]",42.0,42.0,1.0,1.0,8.0,2.0,58.0,False,1960,7,1.380952380952381,0.28712460184158106,4.809592671944954,1.6334684555795864,7.85631791380882,0.023809523809523808,0.19047619047619047,0.08955238370698958,0.7164190696559166
49,Henry Banks,United States,"[1950, 1951, 1952]",5.0,3.0,0.0,0.0,0.0,0.0,0.0,False,1950,3,0.0,0.38534107088140934,0.0,0.7781512503836436,0.0,0.0,0.0,0.0,0.0
50,Fabrizio Barbazza,Italy,"[1991, 1993]",20.0,8.0,0.0,0.0,0.0,0.0,2.0,False,1990,2,0.1,0.26559527558541896,0.37651272139379105,1.3222192947339193,0.49783238493964704,0.0,0.0,0.0,0.0
51,John Barber,United Kingdom,[1953],1.0,1.0,0.0,0.0,0.0,0.0,0.0,False,1950,1,0.0,0.38534107088140934,0.0,0.3010299956639812,0.0,0.0,0.0,0.0,0.0
52,Skip Barber,United States,"[1971, 1972]",6.0,5.0,0.0,0.0,0.0,0.0,0.0,False,1970,2,0.0,0.3294688607385876,0.0,0.8450980400142568,0.0,0.0,0.0,0.0,0.0
53,Paolo Barilla,Italy,"[1989, 1990]",15.0,9.0,0.0,0.0,0.0,0.0,0.0,False,1990,2,0.0,0.26559527558541896,0.0,1.2041199826559248,0.0,0.0,0.0,0.0,0.0
54,Rubens Barrichello,Brazil,"[1993, 1994, 1995, 1996, 1997, 1998, 1999, 2000, 2001, 2002, 2003, 2004, 2005, 2006, 2007, 2008, 2009, 2010, 2011]",326.0,322.0,14.0,11.0,68.0,17.0,658.0,False,2000,19,2.01840490797546,0.6208236101235972,3.251172917817388,2.514547752660286,8.175229554007696,0.03374233128834356,0.2085889570552147,0.1953667542327294,1.2077217534386908
55,Michael Bartels,Germany,[1991],4.0,0.0,0.0,0.0,0.0,0.0,0.0,False,1990,1,0.0,0.26559527558541896,0.0,0.6989700043360189,0.0,0.0,0.0,0.0,0.0
56,Edgar Barth,"East Germany, West Germany","[1953, 1957, 1958, 1960, 1961, 1964]",7.0,5.0,0.0,0.0,0.0,0.0,0.0,False,1960,6,0.0,0.28712460184158106,0.0,0.9030899869919435,0.0,0.0,0.0,0.0,0.0
57,Giorgio Bassi,Italy,[1965],1.0,1.0,0.0,0.0,0.0,0.0,0.0,False,1960,1,0.0,0.28712460184158106,0.0,0.3010299956639812,0.0,0.0,0.0,0.0,0.0
58,Erwin Bauer,West Germany,[1953],1.0,1.0,0.0,0.0,0.0,0.0,0.0,False,1950,1,0.0,0.38534107088140934,0.0,0.3010299956639812,0.0,0.0,0.0,0.0,0.0
59,Zsolt Baumgartner,Hungary,"[2003, 2004]",20.0,20.0,0.0,0.0,0.0,0.0,1.0,False,2000,2,0.05,0.6208236101235972,0.08053817410398698,1.3222192947339193,0.10648912776293126,0.0,0.0,0.0,0.0
60,Élie Bayol,France,"[1952, 1953, 1954, 1955, 1956]",8.0,7.0,0.0,0.0,0.0,0.0,2.0,False,1950,5,0.25,0.38534107088140934,0.6487758998234029,0.9542425094393249,0.6190895427112401,0.0,0.0,0.0,0.0
61,Don Beauman,United Kingdom,[1954],1.0,1.0,0.0,0.0,0.0,0.0,0.0,False,1950,1,0.0,0.38534107088140934,0.0,0.3010299956639812,0.0,0.0,0.0,0.0,0.0
62,Karl-Günther Bechem[g],West Germany,"[1952, 1953]",2.0,2.0,0.0,0.0,0.0,0.0,0.0,False,1950,2,0.0,0.38534107088140934,0.0,0.47712125471966244,0.0,0.0,0.0,0.0,0.0
63,Jean Behra,France,"[1952, 1953, 1954, 1955, 1956, 1957, 1958, 1959]",53.0,52.0,0.0,0.0,9.0,1.0,51.14,False,1960,8,0.9649056603773585,0.28712460184158106,3.360581622712143,1.7323937598229686,5.8218506325622625,0.0,0.16981132075471697,0.0,0.6773746494165749
64,Derek Bell,United Kingdom,"[1968, 1969, 1970, 1971, 1972, 1974]",16.0,9.0,0.0,0.0,0.0,0.0,1.0,False,1970,6,0.0625,0.3294688607385876,0.18969926280708432,1.2304489213782739,0.23341525330723062,0.0,0.0,0.0,0.0
65,Stefan Bellof,West Germany,"[1984, 1985]",22.0,20.0,0.0,0.0,0.0,0.0,4.0,False,1980,2,0.18181818181818182,0.28980562687110756,0.627379750287065,1.3617278360175928,0.8543204697196629,0.0,0.0,0.0,0.0
66,Paul Belmondo,France,"[1992, 1994]",27.0,7.0,0.0,0.0,0.0,0.0,0.0,False,1990,2,0.0,0.26559527558541896,0.0,1.4471580313422192,0.0,0.0,0.0,0.0,0.0
67,Tom Belsø,Denmark,"[1973, 1974]",5.0,2.0,0.0,0.0,0.0,0.0,0.0,False,1970,2,0.0,0.3294688607385876,0.0,0.7781512503836436,0.0,0.0,0.0,0.0,0.0
68,Jean-Pierre Beltoise,France,"[1967, 1968, 1969, 1970, 1971, 1972, 1973, 1974]",88.0,86.0,0.0,1.0,8.0,4.0,77.0,False,1970,8,0.875,0.3294688607385876,2.655789679299181,1.9493900066449128,5.177169860576521,0.011363636363636364,0.09090909090909091,0.05100723147422886,0.40805785179383086
69,Olivier Beretta,Monaco,[1994],10.0,9.0,0.0,0.0,0.0,0.0,0.0,False,1990,1,0.0,0.26559527558541896,0.0,1.0413926851582251,0.0,0.0,0.0,0.0,0.0
70,Allen Berg,Canada,[1986],9.0,9.0,0.0,0.0,0.0,0.0,0.0,False,1990,1,0.0,0.26559527558541896,0.0,1.0,0.0,0.0,0.0,0.0,0.0
71,Georges Berger,Belgium,"[1953, 1954]",2.0,2.0,0.0,0.0,0.0,0.0,0.0,False,1950,2,0.0,0.38534107088140934,0.0,0.47712125471966244,0.0,0.0,0.0,0.0,0.0
72,Gerhard Berger,Austria,"[1984, 1985, 1986, 1987, 1988, 1989, 1990, 1991, 1992, 1993, 1994, 1995, 1996, 1997]",210.0,210.0,12.0,10.0,48.0,21.0,385.0,False,1990,14,1.8333333333333333,0.26559527558541896,6.9027332255528355,2.3242824552976926,16.043901729752907,0.047619047619047616,0.22857142857142856,0.2548503873083841,1.2232818590802437
73,Éric Bernard,France,"[1989, 1990, 1991, 1994]",47.0,45.0,0.0,0.0,1.0,0.0,10.0,False,1990,4,0.2127659574468085,0.26559527558541896,0.8010908965825342,1.6812412373755872,1.3468270502207382,0.0,0.02127659574468085,0.0,0.08236597895548704
74,Enrique Bernoldi,Brazil,"[2001, 2002]",29.0,28.0,0.0,0.0,0.0,0.0,0.0,False,2000,2,0.0,0.6208236101235972,0.0,1.4771212547196624,0.0,0.0,0.0,0.0,0.0
75,Enrico Bertaggia,Italy,[1989],6.0,0.0,0.0,0.0,0.0,0.0,0.0,False,1990,1,0.0,0.26559527558541896,0.0,0.8450980400142568,0.0,0.0,0.0,0.0,0.0
76,Tony Bettenhausen,United States,"[1950, 1951, 1952, 1953, 1954, 1955, 1956, 1957, 1958, 1959, 1960]",11.0,11.0,0.0,0.0,1.0,1.0,11.0,False,1960,11,1.0,0.28712460184158106,3.482808486580829,1.0791812460476249,3.7585816022935417,0.0,0.09090909090909091,0.0,0.22590060452618185
77,Mike Beuttler,United Kingdom,"[1971, 1972, 1973]",29.0,28.0,0.0,0.0,0.0,0.0,0.0,False,1970,3,0.0,0.3294688607385876,0.0,1.4771212547196624,0.0,0.0,0.0,0.0,0.0
78,Birabongse Bhanudej,Thailand,"[1950, 1951, 1952, 1953, 1954]",19.0,19.0,0.0,0.0,0.0,0.0,8.0,False,1950,5,0.42105263157894735,0.38534107088140934,1.0926751997025732,1.3010299956639813,1.4216032103311786,0.0,0.0,0.0,0.0
79,Jules Bianchi,France,"[2013, 2014]",34.0,34.0,0.0,0.0,0.0,0.0,2.0,False,2010,2,0.058823529411764705,1.5761991506218638,0.03731985859055744,1.5440680443502757,0.057624401069350864,0.0,0.0,0.0,0.0
80,Lucien Bianchi,Belgium,"[1959, 1960, 1961, 1962, 1963, 1965, 1968]",19.0,17.0,0.0,0.0,1.0,0.0,6.0,False,1960,7,0.3157894736842105,0.28712460184158106,1.0998342589202617,1.3010299956639813,1.4309173611141262,0.0,0.05263157894736842,0.0,0.15767011966073635
81,Gino Bianco,Brazil,[1952],4.0,4.0,0.0,0.0,0.0,0.0,0.0,False,1950,1,0.0,0.38534107088140934,0.0,0.6989700043360189,0.0,0.0,0.0,0.0,0.0
82,Hans Binder,Austria,"[1976, 1977, 1978]",15.0,13.0,0.0,0.0,0.0,0.0,0.0,False,1980,3,0.0,0.28980562687110756,0.0,1.2041199826559248,0.0,0.0,0.0,0.0,0.0
83,Clemente Biondetti,Italy,[1950],1.0,1.0,0.0,0.0,0.0,0.0,0.0,False,1950,1,0.0,0.38534107088140934,0.0,0.3010299956639812,0.0,0.0,0.0,0.0,0.0
84,Pablo Birger,Argentina,"[1953, 1955]",2.0,2.0,0.0,0.0,0.0,0.0,0.0,False,1950,2,0.0,0.38534107088140934,0.0,0.47712125471966244,0.0,0.0,0.0,0.0,0.0
85,Art Bisch,United States,[1958],1.0,1.0,0.0,0.0,0.0,0.0,0.0,False,1960,1,0.0,0.28712460184158106,0.0,0.3010299956639812,0.0,0.0,0.0,0.0,0.0
86,Harry Blanchard,United States,[1959],1.0,1.0,0.0,0.0,0.0,0.0,0.0,False,1960,1,0.0,0.28712460184158106,0.0,0.3010299956639812,0.0,0.0,0.0,0.0,0.0
87,Michael Bleekemolen,Netherlands,"[1977, 1978]",5.0,1.0,0.0,0.0,0.0,0.0,0.0,False,1980,2,0.0,0.28980562687110756,0.0,0.7781512503836436,0.0,0.0,0.0,0.0,0.0
88,Alex Blignaut,South Africa,[1965],1.0,0.0,0.0,0.0,0.0,0.0,0.0,False,1960,1,0.0,0.28712460184158106,0.0,0.3010299956639812,0.0,0.0,0.0,0.0,0.0
89,Trevor Blokdyk,South Africa,"[1963, 1965]",2.0,1.0,0.0,0.0,0.0,0.0,0.0,False,1960,2,0.0,0.28712460184158106,0.0,0.47712125471966244,0.0,0.0,0.0,0.0,0.0
90,Mark Blundell,United Kingdom,"[1991, 1993, 1994, 1995]",63.0,61.0,0.0,0.0,3.0,0.0,32.0,False,1990,4,0.5079365079365079,0.26559527558541896,1.9124455689843354,1.806179973983887,3.454220888033727,0.0,0.047619047619047616,0.0,0.19804205158855578
91,Raul Boesel,Brazil,"[1982, 1983]",30.0,23.0,0.0,0.0,0.0,0.0,0.0,False,1980,2,0.0,0.28980562687110756,0.0,1.4913616938342726,0.0,0.0,0.0,0.0,0.0
92,Menato Boffa,Italy,[1961],1.0,0.0,0.0,0.0,0.0,0.0,0.0,False,1960,1,0.0,0.28712460184158106,0.0,0.3010299956639812,0.0,0.0,0.0,0.0,0.0
93,Bob Bondurant,United States,"[1965, 1966]",9.0,9.0,0.0,0.0,0.0,0.0,3.0,False,1970,2,0.3333333333333333,0.3294688607385876,1.0117294016377831,1.0,1.0117294016377831,0.0,0.0,0.0,0.0
94,Felice Bonetto,Italy,"[1950, 1951, 1952, 1953]",16.0,15.0,0.0,0.0,2.0,0.0,17.5,False,1950,4,1.09375,0.38534107088140934,2.8383945617273874,1.2304489213782739,3.4924995269234222,0.0,0.125,0.0,0.354151668007027
95,Jo Bonnier,Sweden,"[1956, 1957, 1958, 1959, 1960, 1961, 1962, 1963, 1964, 1965, 1966, 1967, 1968, 1969, 1970, 1971]",108.0,104.0,1.0,1.0,1.0,0.0,39.0,False,1960,16,0.3611111111111111,0.28712460184158106,1.2576808423764103,2.037426497940624,2.5624322742099834,0.009259259259259259,0.009259259259259259,0.04343840631693651,0.04343840631693651
96,Roberto Bonomi,Argentina,[1960],1.0,1.0,0.0,0.0,0.0,0.0,0.0,False,1960,1,0.0,0.28712460184158106,0.0,0.3010299956639812,0.0,0.0,0.0,0.0,0.0
97,Juan Manuel Bordeu,Argentina,[1961],1.0,0.0,0.0,0.0,0.0,0.0,0.0,False,1960,1,0.0,0.28712460184158106,0.0,0.3010299956639812,0.0,0.0,0.0,0.0,0.0
98,Slim Borgudd,Sweden,"[1981, 1982]",15.0,10.0,0.0,0.0,0.0,0.0,1.0,False,1980,2,0.06666666666666667,0.28980562687110756,0.23003924177192386,1.2041199826559248,0.27699484781259104,0.0,0.0,0.0,0.0
99,Luki Botha,South Africa,[1967],1.0,1.0,0.0,0.0,0.0,0.0,0.0,False,1970,1,0.0,0.3294688607385876,0.0,0.3010299956639812,0.0,0.0,0.0,0.0,0.0
100,Valtteri Bottas,Finland,"[2013, 2014, 2015, 2016, 2017, 2018, 2019, 2020, 2021, 2022]",202.0,201.0,20.0,10.0,67.0,19.0,1791.0,True,2020,10,8.866336633663366,2.1194150714077686,4.183388498683329,2.307496037913213,9.653152385763487,0.04950495049504951,0.3316831683168317,0.2630299989624647,1.7623009930485136
101,Jean-Christophe Boullion,France,[1995],11.0,11.0,0.0,0.0,0.0,0.0,3.0,False,2000,1,0.2727272727272727,0.6208236101235972,0.4392991314762925,1.0791812460476249,0.47408338409422474,0.0,0.0,0.0,0.0
102,Sébastien Bourdais,France,"[2008, 2009]",27.0,27.0,0.0,0.0,0.0,0.0,6.0,False,2010,2,0.2222222222222222,1.5761991506218638,0.140986132453217,1.4471580313422192,0.20402921388755088,0.0,0.0,0.0,0.0
103,Thierry Boutsen,Belgium,"[1983, 1984, 1985, 1986, 1987, 1988, 1989, 1990, 1991, 1992, 1993]",164.0,163.0,1.0,3.0,15.0,1.0,132.0,False,1990,11,0.8048780487804879,0.26559527558541896,3.0304682453646596,2.2174839442139063,6.720014677546222,0.018292682926829267,0.09146341463414634,0.09340144159574232,0.4670072079787116
104,Johnny Boyd,United States,"[1955, 1956, 1957, 1958, 1959, 1960]",6.0,6.0,0.0,0.0,1.0,0.0,4.0,False,1960,6,0.6666666666666666,0.28712460184158106,2.3218723243872192,0.8450980400142568,1.9622097505029856,0.0,0.16666666666666666,0.0,0.3243183581758855
105,David Brabham,Australia,"[1990, 1994]",30.0,24.0,0.0,0.0,0.0,0.0,0.0,False,1990,2,0.0,0.26559527558541896,0.0,1.4913616938342726,0.0,0.0,0.0,0.0,0.0
106,Gary Brabham,Australia,[1990],2.0,0.0,0.0,0.0,0.0,0.0,0.0,False,1990,1,0.0,0.26559527558541896,0.0,0.47712125471966244,0.0,0.0,0.0,0.0,0.0
107,Jack Brabham,Australia,"[1955, 1956, 1957, 1958, 1959, 1960, 1961, 1962, 1963, 1964, 1965, 1966, 1967, 1968, 1969, 1970]",128.0,126.0,13.0,14.0,31.0,12.0,253.0,False,1960,16,1.9765625,0.28712460184158106,6.88398864925742,2.110589710299249,14.529275608939535,0.109375,0.2421875,0.5315419817270579,1.1769858166813425
108,Bill Brack,Canada,"[1968, 1969, 1972]",3.0,3.0,0.0,0.0,0.0,0.0,0.0,False,1970,3,0.0,0.3294688607385876,0.0,0.6020599913279624,0.0,0.0,0.0,0.0,0.0
109,Ernesto Brambilla,Italy,"[1963, 1969]",2.0,0.0,0.0,0.0,0.0,0.0,0.0,False,1970,2,0.0,0.3294688607385876,0.0,0.47712125471966244,0.0,0.0,0.0,0.0,0.0
110,Vittorio Brambilla,Italy,"[1974, 1975, 1976, 1977, 1978, 1979, 1980]",79.0,74.0,1.0,1.0,1.0,1.0,15.5,False,1980,7,0.1962025316455696,0.28980562687110756,0.6770142242021809,1.9030899869919435,1.2884189911302892,0.012658227848101266,0.012658227848101266,0.055468691578150396,0.055468691578150396
111,Toni Branca,Switzerland,"[1950, 1951]",3.0,3.0,0.0,0.0,0.0,0.0,0.0,False,1950,2,0.0,0.38534107088140934,0.0,0.6020599913279624,0.0,0.0,0.0,0.0,0.0
112,Gianfranco Brancatelli,Italy,[1979],3.0,0.0,0.0,0.0,0.0,0.0,0.0,False,1980,1,0.0,0.28980562687110756,0.0,0.6020599913279624,0.0,0.0,0.0,0.0,0.0
113,Eric Brandon,United Kingdom,"[1952, 1954]",5.0,5.0,0.0,0.0,0.0,0.0,0.0,False,1950,2,0.0,0.38534107088140934,0.0,0.7781512503836436,0.0,0.0,0.0,0.0,0.0
114,Don Branson,United States,"[1959, 1960]",2.0,2.0,0.0,0.0,0.0,0.0,3.0,False,1960,2,1.5,0.28712460184158106,5.224212729871243,0.47712125471966244,2.4925829325986,0.0,0.0,0.0,0.0
115,Tom Bridger,United Kingdom,[1958],1.0,1.0,0.0,0.0,0.0,0.0,0.0,False,1960,1,0.0,0.28712460184158106,0.0,0.3010299956639812,0.0,0.0,0.0,0.0,0.0
116,Tony Brise,United Kingdom,[1975],10.0,10.0,0.0,0.0,0.0,0.0,1.0,False,1980,1,0.1,0.28980562687110756,0.3450588626578858,1.0413926851582251,0.35934177552093893,0.0,0.0,0.0,0.0
117,Chris Bristow,United Kingdom,"[1959, 1960]",4.0,4.0,0.0,0.0,0.0,0.0,0.0,False,1960,2,0.0,0.28712460184158106,0.0,0.6989700043360189,0.0,0.0,0.0,0.0,0.0
118,Peter Broeker,Canada,[1963],1.0,1.0,0.0,0.0,0.0,0.0,0.0,False,1960,1,0.0,0.28712460184158106,0.0,0.3010299956639812,0.0,0.0,0.0,0.0,0.0
119,Tony Brooks,United Kingdom,"[1956, 1957, 1958, 1959, 1960, 1961]",39.0,38.0,3.0,6.0,10.0,3.0,75.0,False,1960,6,1.9230769230769231,0.28712460184158106,6.697708628040056,1.6020599913279623,10.73013102655507,0.15384615384615385,0.2564102564102564,0.5675199160175287,0.945866526695881
120,Alan Brown,United Kingdom,"[1952, 1953, 1954]",9.0,8.0,0.0,0.0,0.0,0.0,2.0,False,1950,3,0.2222222222222222,0.38534107088140934,0.5766896887319136,1.0,0.5766896887319136,0.0,0.0,0.0,0.0
121,Walt Brown,United States,"[1950, 1951]",2.0,2.0,0.0,0.0,0.0,0.0,0.0,False,1950,2,0.0,0.38534107088140934,0.0,0.47712125471966244,0.0,0.0,0.0,0.0,0.0
122,Warwick Brown,Australia,[1976],1.0,1.0,0.0,0.0,0.0,0.0,0.0,False,1980,1,0.0,0.28980562687110756,0.0,0.3010299956639812,0.0,0.0,0.0,0.0,0.0
123,Adolf Brudes,West Germany,[1952],1.0,1.0,0.0,0.0,0.0,0.0,0.0,False,1950,1,0.0,0.38534107088140934,0.0,0.3010299956639812,0.0,0.0,0.0,0.0,0.0
124,Martin Brundle,United Kingdom,"[1984, 1985, 1986, 1987, 1988, 1989, 1991, 1992, 1993, 1994, 1995, 1996]",165.0,158.0,0.0,0.0,9.0,0.0,98.0,False,1990,12,0.593939393939394,0.26559527558541896,2.2362573755510016,2.220108088040055,4.964733086400005,0.0,0.05454545454545454,0.0,0.27883569754672055
125,Gianmaria Bruni,Italy,[2004],18.0,18.0,0.0,0.0,0.0,0.0,0.0,False,2000,1,0.0,0.6208236101235972,0.0,1.2787536009528289,0.0,0.0,0.0,0.0,0.0
126,Jimmy Bryan,United States,"[1952, 1953, 1954, 1955, 1956, 1957, 1958, 1959, 1960]",10.0,9.0,0.0,1.0,3.0,0.0,18.0,False,1960,9,1.8,0.28712460184158106,6.269055275845492,1.0413926851582251,6.528548307118075,0.1,0.3,0.23978952727983707,0.7193685818395111
127,Clemar Bucci,Argentina,"[1954, 1955]",5.0,5.0,0.0,0.0,0.0,0.0,0.0,False,1950,2,0.0,0.38534107088140934,0.0,0.7781512503836436,0.0,0.0,0.0,0.0,0.0
128,Ronnie Bucknum,United States,"[1964, 1965, 1966]",11.0,11.0,0.0,0.0,0.0,0.0,2.0,False,1960,3,0.18181818181818182,0.28712460184158106,0.6332379066510598,1.0791812460476249,0.6833784731442804,0.0,0.0,0.0,0.0
129,Ivor Bueb,United Kingdom,"[1957, 1958, 1959]",6.0,5.0,0.0,0.0,0.0,0.0,0.0,False,1960,3,0.0,0.28712460184158106,0.0,0.8450980400142568,0.0,0.0,0.0,0.0,0.0
130,Sébastien Buemi,Switzerland,"[2009, 2010, 2011]",55.0,55.0,0.0,0.0,0.0,0.0,29.0,False,2010,3,0.5272727272727272,1.5761991506218638,0.3345216415480876,1.7481880270062005,0.5848067285288266,0.0,0.0,0.0,0.0
131,Luiz Bueno,Brazil,[1973],1.0,1.0,0.0,0.0,0.0,0.0,0.0,False,1970,1,0.0,0.3294688607385876,0.0,0.3010299956639812,0.0,0.0,0.0,0.0,0.0
132,Ian Burgess,United Kingdom,"[1958, 1959, 1960, 1961, 1962, 1963]",20.0,16.0,0.0,0.0,0.0,0.0,0.0,False,1960,6,0.0,0.28712460184158106,0.0,1.3222192947339193,0.0,0.0,0.0,0.0,0.0
133,Luciano Burti,Brazil,"[2000, 2001]",15.0,14.0,0.0,0.0,0.0,0.0,0.0,False,2000,2,0.0,0.6208236101235972,0.0,1.2041199826559248,0.0,0.0,0.0,0.0,0.0
134,Roberto Bussinello,Italy,"[1961, 1965]",3.0,2.0,0.0,0.0,0.0,0.0,0.0,False,1960,2,0.0,0.28712460184158106,0.0,0.6020599913279624,0.0,0.0,0.0,0.0,0.0
135,Jenson Button,United Kingdom,"[2000, 2001, 2002, 2003, 2004, 2005, 2006, 2007, 2008, 2009, 2010, 2011, 2012, 2013, 2014, 2015, 2016, 2017]",309.0,306.0,8.0,15.0,50.0,8.0,1235.0,False,2010,18,3.9967637540453076,1.5761991506218638,2.5356971880542183,2.4913616938342726,6.317338841481559,0.04854368932038835,0.16181229773462782,0.2784743833727763,0.928247944575921
136,Tommy Byrne,Ireland,[1982],5.0,2.0,0.0,0.0,0.0,0.0,0.0,False,1980,1,0.0,0.28980562687110756,0.0,0.7781512503836436,0.0,0.0,0.0,0.0,0.0
137,Giulio Cabianca,Italy,"[1958, 1959, 1960]",4.0,3.0,0.0,0.0,0.0,0.0,3.0,False,1960,3,0.75,0.28712460184158106,2.6121063649356215,0.6989700043360189,1.825783997225194,0.0,0.0,0.0,0.0
138,Phil Cade,United States,[1959],1.0,0.0,0.0,0.0,0.0,0.0,0.0,False,1960,1,0.0,0.28712460184158106,0.0,0.3010299956639812,0.0,0.0,0.0,0.0,0.0
139,Alex Caffi,Italy,"[1986, 1987, 1988, 1989, 1990, 1991]",75.0,56.0,0.0,0.0,0.0,0.0,6.0,False,1990,6,0.08,0.26559527558541896,0.30121017711503284,1.8808135922807914,0.5665201952512583,0.0,0.0,0.0,0.0
140,John Campbell-Jones,United Kingdom,"[1962, 1963]",2.0,2.0,0.0,0.0,0.0,0.0,0.0,False,1960,2,0.0,0.28712460184158106,0.0,0.47712125471966244,0.0,0.0,0.0,0.0,0.0
141,Adrián Campos,Spain,"[1987, 1988]",21.0,17.0,0.0,0.0,0.0,0.0,0.0,False,1990,2,0.0,0.26559527558541896,0.0,1.3424226808222062,0.0,0.0,0.0,0.0,0.0
142,John Cannon,Canada,[1971],1.0,1.0,0.0,0.0,0.0,0.0,0.0,False,1970,1,0.0,0.3294688607385876,0.0,0.3010299956639812,0.0,0.0,0.0,0.0,0.0
143,Eitel Cantoni,Uruguay,[1952],3.0,3.0,0.0,0.0,0.0,0.0,0.0,False,1950,1,0.0,0.38534107088140934,0.0,0.6020599913279624,0.0,0.0,0.0,0.0,0.0
144,Bill Cantrell,United States,[1950],2.0,1.0,0.0,0.0,0.0,0.0,0.0,False,1950,1,0.0,0.38534107088140934,0.0,0.47712125471966244,0.0,0.0,0.0,0.0,0.0
145,Ivan Capelli,Italy,"[1985, 1986, 1987, 1988, 1989, 1990, 1991, 1992, 1993]",98.0,93.0,0.0,0.0,3.0,0.0,31.0,False,1990,9,0.3163265306122449,0.26559527558541896,1.1910096288987269,1.99563519459755,2.3768207325348665,0.0,0.030612244897959183,0.0,0.14066693418779355
146,Piero Carini,Italy,"[1952, 1953]",3.0,3.0,0.0,0.0,0.0,0.0,0.0,False,1950,2,0.0,0.38534107088140934,0.0,0.6020599913279624,0.0,0.0,0.0,0.0,0.0
147,Duane Carter,United States,"[1950, 1951, 1952, 1953, 1954, 1955, 1959, 1960]",8.0,8.0,0.0,0.0,1.0,0.0,6.5,False,1950,8,0.8125,0.38534107088140934,2.108521674426059,0.9542425094393249,2.0120410138115297,0.0,0.125,0.0,0.27465307216702745
148,Eugenio Castellotti,Italy,"[1955, 1956, 1957]",14.0,14.0,1.0,0.0,3.0,0.0,19.5,False,1960,3,1.3928571428571428,0.28712460184158106,4.851054677737583,1.1760912590556813,5.705283003688346,0.0,0.21428571428571427,0.0,0.5802964716647593
149,Johnny Cecotto,Venezuela,"[1983, 1984]",23.0,18.0,0.0,0.0,0.0,0.0,1.0,False,1980,2,0.043478260869565216,0.28980562687110756,0.15002559245995034,1.380211241711606,0.2070670092576674,0.0,0.0,0.0,0.0
150,Andrea de Cesaris,Italy,"[1980, 1981, 1982, 1983, 1984, 1985, 1986, 1987, 1988, 1989, 1990, 1991, 1992, 1993, 1994]",214.0,208.0,1.0,0.0,5.0,1.0,59.0,False,1990,15,0.2757009345794392,0.26559527558541896,1.0380490916931622,2.3324384599156054,2.421185624745592,0.0,0.02336448598130841,0.0,0.1254821969188706
151,François Cevert,France,"[1970, 1971, 1972, 1973]",47.0,46.0,0.0,1.0,13.0,2.0,89.0,False,1970,4,1.8936170212765957,0.3294688607385876,5.7474840476018745,1.6812412373755872,9.662907191986623,0.02127659574468085,0.2765957446808511,0.08236597895548704,1.0707577264213317
152,Eugène Chaboud,France,"[1950, 1951]",3.0,3.0,0.0,0.0,0.0,0.0,1.0,False,1950,2,0.3333333333333333,0.38534107088140934,0.8650345330978704,0.6020599913279624,0.5208026834952918,0.0,0.0,0.0,0.0
153,Jay Chamberlain,United States,[1962],3.0,1.0,0.0,0.0,0.0,0.0,0.0,False,1960,1,0.0,0.28712460184158106,0.0,0.6020599913279624,0.0,0.0,0.0,0.0,0.0
154,Karun Chandhok,India,"[2010, 2011]",11.0,11.0,0.0,0.0,0.0,0.0,0.0,False,2010,2,0.0,1.5761991506218638,0.0,1.0791812460476249,0.0,0.0,0.0,0.0,0.0
155,Alain de Changy,Belgium,[1959],1.0,0.0,0.0,0.0,0.0,0.0,0.0,False,1960,1,0.0,0.28712460184158106,0.0,0.3010299956639812,0.0,0.0,0.0,0.0,0.0
156,Colin Chapman,United Kingdom,[1956],1.0,0.0,0.0,0.0,0.0,0.0,0.0,False,1960,1,0.0,0.28712460184158106,0.0,0.3010299956639812,0.0,0.0,0.0,0.0,0.0
157,Dave Charlton,South Africa,"[1965, 1967, 1968, 1970, 1971, 1972, 1973, 1974, 1975]",14.0,11.0,0.0,0.0,0.0,0.0,0.0,False,1970,9,0.0,0.3294688607385876,0.0,1.1760912590556813,0.0,0.0,0.0,0.0,0.0
158,Pedro Chaves,Portugal,[1991],13.0,0.0,0.0,0.0,0.0,0.0,0.0,False,1990,1,0.0,0.26559527558541896,0.0,1.146128035678238,0.0,0.0,0.0,0.0,0.0
159,Bill Cheesbourg,United States,"[1957, 1958, 1959]",4.0,3.0,0.0,0.0,0.0,0.0,0.0,False,1960,3,0.0,0.28712460184158106,0.0,0.6989700043360189,0.0,0.0,0.0,0.0,0.0
160,Eddie Cheever,United States,"[1978, 1980, 1981, 1982, 1983, 1984, 1985, 1986, 1987, 1988, 1989]",143.0,132.0,0.0,0.0,9.0,0.0,70.0,False,1980,11,0.48951048951048953,0.28980562687110756,1.6890993276959445,2.1583624920952498,3.6456886343222297,0.0,0.06293706293706294,0.0,0.3127854524208672
161,Andrea Chiesa,Switzerland,[1992],10.0,3.0,0.0,0.0,0.0,0.0,0.0,False,1990,1,0.0,0.26559527558541896,0.0,1.0413926851582251,0.0,0.0,0.0,0.0,0.0
162,Max Chilton,United Kingdom,"[2013, 2014]",35.0,35.0,0.0,0.0,0.0,0.0,0.0,False,2010,2,0.0,1.5761991506218638,0.0,1.5563025007672873,0.0,0.0,0.0,0.0,0.0
163,Ettore Chimeri,Venezuela,[1960],1.0,1.0,0.0,0.0,0.0,0.0,0.0,False,1960,1,0.0,0.28712460184158106,0.0,0.3010299956639812,0.0,0.0,0.0,0.0,0.0
164,Louis Chiron,Monaco,"[1950, 1951, 1953, 1955, 1956, 1958]",19.0,15.0,0.0,0.0,1.0,0.0,4.0,False,1950,6,0.21052631578947367,0.38534107088140934,0.5463375998512866,1.3010299956639813,0.7108016051655893,0.0,0.05263157894736842,0.0,0.15767011966073635
165,Joie Chitwood,United States,[1950],1.0,1.0,0.0,0.0,0.0,0.0,1.0,False,1950,1,1.0,0.38534107088140934,2.5951035992936116,0.3010299956639812,0.7812040252429379,0.0,0.0,0.0,0.0
166,Bob Christie,United States,"[1956, 1957, 1958, 1959, 1960]",7.0,5.0,0.0,0.0,0.0,0.0,0.0,False,1960,5,0.0,0.28712460184158106,0.0,0.9030899869919435,0.0,0.0,0.0,0.0,0.0
167,Johnny Claes,Belgium,"[1950, 1951, 1952, 1953, 1955]",25.0,23.0,0.0,0.0,0.0,0.0,0.0,False,1950,5,0.0,0.38534107088140934,0.0,1.414973347970818,0.0,0.0,0.0,0.0,0.0
168,David Clapham,South Africa,[1965],1.0,0.0,0.0,0.0,0.0,0.0,0.0,False,1960,1,0.0,0.28712460184158106,0.0,0.3010299956639812,0.0,0.0,0.0,0.0,0.0
169,Jim Clark,United Kingdom,"[1960, 1961, 1962, 1963, 1964, 1965, 1966, 1967, 1968]",73.0,72.0,33.0,25.0,32.0,28.0,255.0,False,1960,9,3.493150684931507,0.28712460184158106,12.165974850385087,1.8692317197309762,22.741026091789124,0.3424657534246575,0.4383561643835616,1.473994894932935,1.8867134655141566
170,Kevin Cogan,United States,"[1980, 1981]",2.0,0.0,0.0,0.0,0.0,0.0,0.0,False,1980,2,0.0,0.28980562687110756,0.0,0.47712125471966244,0.0,0.0,0.0,0.0,0.0
171,Peter Collins,United Kingdom,"[1952, 1953, 1954, 1955, 1956, 1957, 1958]",35.0,32.0,0.0,3.0,9.0,0.0,47.0,False,1960,7,1.3428571428571427,0.28712460184158106,4.676914253408541,1.5563025007672873,7.278693348453883,0.08571428571428572,0.2571428571428571,0.30715876615338084,0.9214762984601425
172,Bernard Collomb,France,"[1961, 1962, 1963, 1964]",6.0,4.0,0.0,0.0,0.0,0.0,0.0,False,1960,4,0.0,0.28712460184158106,0.0,0.8450980400142568,0.0,0.0,0.0,0.0,0.0
173,Alberto Colombo,Italy,[1978],3.0,0.0,0.0,0.0,0.0,0.0,0.0,False,1980,1,0.0,0.28980562687110756,0.0,0.6020599913279624,0.0,0.0,0.0,0.0,0.0
174,Érik Comas,France,"[1991, 1992, 1993, 1994]",63.0,59.0,0.0,0.0,0.0,0.0,7.0,False,1990,4,0.1111111111111111,0.26559527558541896,0.41834746821532337,1.806179973983887,0.7556108192573778,0.0,0.0,0.0,0.0
175,Franco Comotti,Italy,"[1950, 1952]",2.0,2.0,0.0,0.0,0.0,0.0,0.0,False,1950,2,0.0,0.38534107088140934,0.0,0.47712125471966244,0.0,0.0,0.0,0.0,0.0
176,George Connor,United States,"[1950, 1951, 1952]",4.0,3.0,0.0,0.0,0.0,0.0,0.0,False,1950,3,0.0,0.38534107088140934,0.0,0.6989700043360189,0.0,0.0,0.0,0.0,0.0
177,George Constantine,United States,[1959],1.0,1.0,0.0,0.0,0.0,0.0,0.0,False,1960,1,0.0,0.28712460184158106,0.0,0.3010299956639812,0.0,0.0,0.0,0.0,0.0
178,John Cordts,Canada,[1969],1.0,1.0,0.0,0.0,0.0,0.0,0.0,False,1970,1,0.0,0.3294688607385876,0.0,0.3010299956639812,0.0,0.0,0.0,0.0,0.0
179,David Coulthard,United Kingdom,"[1994, 1995, 1996, 1997, 1998, 1999, 2000, 2001, 2002, 2003, 2004, 2005, 2006, 2007, 2008]",247.0,246.0,12.0,13.0,62.0,18.0,535.0,False,2000,15,2.165991902834008,0.6208236101235972,3.4889006595654273,2.3944516808262164,8.354004048532133,0.05263157894736842,0.25101214574898784,0.29018046032447276,1.383937580009024
180,Piers Courage,United Kingdom,"[1967, 1968, 1969, 1970]",29.0,27.0,0.0,0.0,2.0,0.0,20.0,False,1970,4,0.6896551724137931,0.3294688607385876,2.0932332447678275,1.4771212547196624,3.0919593169323636,0.0,0.06896551724137931,0.0,0.23456533666635554
181,Chris Craft,United Kingdom,[1971],2.0,1.0,0.0,0.0,0.0,0.0,0.0,False,1970,1,0.0,0.3294688607385876,0.0,0.47712125471966244,0.0,0.0,0.0,0.0,0.0
182,Jim Crawford,United Kingdom,[1975],2.0,2.0,0.0,0.0,0.0,0.0,0.0,False,1980,1,0.0,0.28980562687110756,0.0,0.47712125471966244,0.0,0.0,0.0,0.0,0.0
183,Ray Crawford,United States,"[1955, 1956, 1959]",5.0,3.0,0.0,0.0,0.0,0.0,0.0,False,1960,3,0.0,0.28712460184158106,0.0,0.7781512503836436,0.0,0.0,0.0,0.0,0.0
184,Alberto Crespo,Argentina,[1952],1.0,0.0,0.0,0.0,0.0,0.0,0.0,False,1950,1,0.0,0.38534107088140934,0.0,0.3010299956639812,0.0,0.0,0.0,0.0,0.0
185,Antonio Creus,Spain,[1960],1.0,1.0,0.0,0.0,0.0,0.0,0.0,False,1960,1,0.0,0.28712460184158106,0.0,0.3010299956639812,0.0,0.0,0.0,0.0,0.0
186,Larry Crockett,United States,[1954],1.0,1.0,0.0,0.0,0.0,0.0,0.0,False,1950,1,0.0,0.38534107088140934,0.0,0.3010299956639812,0.0,0.0,0.0,0.0,0.0
187,Tony Crook,United Kingdom,"[1952, 1953]",2.0,2.0,0.0,0.0,0.0,0.0,0.0,False,1950,2,0.0,0.38534107088140934,0.0,0.47712125471966244,0.0,0.0,0.0,0.0,0.0
188,Art Cross,United States,"[1952, 1953, 1954, 1955]",4.0,4.0,0.0,0.0,1.0,0.0,8.0,False,1950,4,2.0,0.38534107088140934,5.190207198587223,0.6989700043360189,3.6277991481013476,0.0,0.25,0.0,0.40235947810852507
189,Geoffrey Crossley,United Kingdom,[1950],2.0,2.0,0.0,0.0,0.0,0.0,0.0,False,1950,1,0.0,0.38534107088140934,0.0,0.47712125471966244,0.0,0.0,0.0,0.0,0.0
190,Jérôme d'Ambrosio,Belgium,"[2011, 2012]",20.0,20.0,0.0,0.0,0.0,0.0,0.0,False,2010,2,0.0,1.5761991506218638,0.0,1.3222192947339193,0.0,0.0,0.0,0.0,0.0
191,Chuck Daigh,United States,[1960],6.0,3.0,0.0,0.0,0.0,0.0,0.0,False,1960,1,0.0,0.28712460184158106,0.0,0.8450980400142568,0.0,0.0,0.0,0.0,0.0
192,Yannick Dalmas,France,"[1987, 1988, 1989, 1990, 1994]",49.0,24.0,0.0,0.0,0.0,0.0,0.0,False,1990,5,0.0,0.26559527558541896,0.0,1.6989700043360187,0.0,0.0,0.0,0.0,0.0
193,Derek Daly,Ireland,"[1978, 1979, 1980, 1981, 1982]",64.0,49.0,0.0,0.0,0.0,0.0,15.0,False,1980,5,0.234375,0.28980562687110756,0.8087317093544198,1.8129133566428555,1.4661605178292354,0.0,0.0,0.0,0.0
194,Christian Danner,West Germany,"[1985, 1986, 1987, 1989]",47.0,36.0,0.0,0.0,0.0,0.0,4.0,False,1990,4,0.0851063829787234,0.26559527558541896,0.3204363586330137,1.6812412373755872,0.5387308200882953,0.0,0.0,0.0,0.0
195,Jorge Daponte,Argentina,[1954],2.0,2.0,0.0,0.0,0.0,0.0,0.0,False,1950,1,0.0,0.38534107088140934,0.0,0.47712125471966244,0.0,0.0,0.0,0.0,0.0
196,Anthony Davidson,United Kingdom,"[2002, 2005, 2007, 2008]",24.0,24.0,0.0,0.0,0.0,0.0,0.0,False,2010,4,0.0,1.5761991506218638,0.0,1.3979400086720377,0.0,0.0,0.0,0.0,0.0
197,Jimmy Davies,United States,"[1950, 1951, 1953, 1954, 1955]",8.0,5.0,0.0,0.0,1.0,0.0,4.0,False,1950,5,0.5,0.38534107088140934,1.2975517996468058,0.9542425094393249,1.2381790854224801,0.0,0.125,0.0,0.27465307216702745
198,Colin Davis,United Kingdom,[1959],2.0,2.0,0.0,0.0,0.0,0.0,0.0,False,1960,1,0.0,0.28712460184158106,0.0,0.47712125471966244,0.0,0.0,0.0,0.0,0.0
199,Jimmy Daywalt,United States,"[1953, 1954, 1955, 1956, 1957, 1959]",10.0,6.0,0.0,0.0,0.0,0.0,0.0,False,1960,6,0.0,0.28712460184158106,0.0,1.0413926851582251,0.0,0.0,0.0,0.0,0.0
200,Jean-Denis Délétraz,Switzerland,"[1994, 1995]",3.0,3.0,0.0,0.0,0.0,0.0,0.0,False,1990,2,0.0,0.26559527558541896,0.0,0.6020599913279624,0.0,0.0,0.0,0.0,0.0
201,Patrick Depailler,France,"[1972, 1974, 1975, 1976, 1977, 1978, 1979, 1980]",95.0,95.0,1.0,2.0,19.0,4.0,139.0,False,1980,8,1.4631578947368422,0.28980562687110756,5.048755990468013,1.9822712330395684,10.008003762540936,0.021052631578947368,0.2,0.09609154087300707,0.9128696382935673
202,Pedro Diniz,Brazil,"[1995, 1996, 1997, 1998, 1999, 2000]",99.0,98.0,0.0,0.0,0.0,0.0,10.0,False,2000,6,0.10101010101010101,0.6208236101235972,0.16270338202825652,2.0,0.32540676405651303,0.0,0.0,0.0,0.0
203,Duke Dinsmore,United States,"[1950, 1951, 1953, 1956]",6.0,4.0,0.0,0.0,0.0,0.0,0.0,False,1950,4,0.0,0.38534107088140934,0.0,0.8450980400142568,0.0,0.0,0.0,0.0,0.0
204,Frank Dochnal,United States,[1963],1.0,0.0,0.0,0.0,0.0,0.0,0.0,False,1960,1,0.0,0.28712460184158106,0.0,0.3010299956639812,0.0,0.0,0.0,0.0,0.0
205,José Dolhem,France,[1974],3.0,1.0,0.0,0.0,0.0,0.0,0.0,False,1970,1,0.0,0.3294688607385876,0.0,0.6020599913279624,0.0,0.0,0.0,0.0,0.0
206,Martin Donnelly,United Kingdom,"[1989, 1990]",15.0,13.0,0.0,0.0,0.0,0.0,0.0,False,1990,2,0.0,0.26559527558541896,0.0,1.2041199826559248,0.0,0.0,0.0,0.0,0.0
207,Mark Donohue,United States,"[1971, 1974, 1975]",16.0,14.0,0.0,0.0,1.0,0.0,8.0,False,1970,3,0.5,0.3294688607385876,1.5175941024566746,1.2304489213782739,1.867322026457845,0.0,0.0625,0.0,0.1770758340035135
208,Robert Doornbos,Monaco,"[2005, 2006]",11.0,11.0,0.0,0.0,0.0,0.0,0.0,False,2010,2,0.0,1.5761991506218638,0.0,1.0791812460476249,0.0,0.0,0.0,0.0,0.0
209,Ken Downing,United Kingdom,[1952],2.0,2.0,0.0,0.0,0.0,0.0,0.0,False,1950,1,0.0,0.38534107088140934,0.0,0.47712125471966244,0.0,0.0,0.0,0.0,0.0
210,Bob Drake,United States,[1960],1.0,1.0,0.0,0.0,0.0,0.0,0.0,False,1960,1,0.0,0.28712460184158106,0.0,0.3010299956639812,0.0,0.0,0.0,0.0,0.0
211,Paddy Driver,South Africa,"[1963, 1974]",2.0,1.0,0.0,0.0,0.0,0.0,0.0,False,1970,2,0.0,0.3294688607385876,0.0,0.47712125471966244,0.0,0.0,0.0,0.0,0.0
212,Piero Drogo,Italy,[1960],1.0,1.0,0.0,0.0,0.0,0.0,0.0,False,1960,1,0.0,0.28712460184158106,0.0,0.3010299956639812,0.0,0.0,0.0,0.0,0.0
213,Bernard de Dryver,Belgium,"[1977, 1978]",2.0,0.0,0.0,0.0,0.0,0.0,0.0,False,1980,2,0.0,0.28980562687110756,0.0,0.47712125471966244,0.0,0.0,0.0,0.0,0.0
214,Johnny Dumfries,United Kingdom,[1986],16.0,15.0,0.0,0.0,0.0,0.0,3.0,False,1990,1,0.1875,0.26559527558541896,0.7059613526133582,1.2304489213782739,0.8686493848578539,0.0,0.0,0.0,0.0
215,Geoff Duke,United Kingdom,[1961],1.0,0.0,0.0,0.0,0.0,0.0,0.0,False,1960,1,0.0,0.28712460184158106,0.0,0.3010299956639812,0.0,0.0,0.0,0.0,0.0
216,Len Duncan,United States,[1954],4.0,1.0,0.0,0.0,0.0,0.0,0.0,False,1950,1,0.0,0.38534107088140934,0.0,0.6989700043360189,0.0,0.0,0.0,0.0,0.0
217,Piero Dusio,Italy,[1952],1.0,0.0,0.0,0.0,0.0,0.0,0.0,False,1950,1,0.0,0.38534107088140934,0.0,0.3010299956639812,0.0,0.0,0.0,0.0,0.0
218,George Eaton,Canada,"[1969, 1970, 1971]",13.0,11.0,0.0,0.0,0.0,0.0,0.0,False,1970,3,0.0,0.3294688607385876,0.0,1.146128035678238,0.0,0.0,0.0,0.0,0.0
219,Bernie Ecclestone,United Kingdom,[1958],2.0,0.0,0.0,0.0,0.0,0.0,0.0,False,1960,1,0.0,0.28712460184158106,0.0,0.47712125471966244,0.0,0.0,0.0,0.0,0.0
220,Don Edmunds,United States,[1957],2.0,1.0,0.0,0.0,0.0,0.0,0.0,False,1960,1,0.0,0.28712460184158106,0.0,0.47712125471966244,0.0,0.0,0.0,0.0,0.0
221,Guy Edwards,United Kingdom,"[1974, 1976, 1977]",17.0,11.0,0.0,0.0,0.0,0.0,0.0,False,1980,3,0.0,0.28980562687110756,0.0,1.255272505103306,0.0,0.0,0.0,0.0,0.0
222,Vic Elford,United Kingdom,"[1968, 1969, 1971]",13.0,13.0,0.0,0.0,0.0,0.0,8.0,False,1970,3,0.6153846153846154,0.3294688607385876,1.8678081261005228,1.146128035678238,2.1407472585914427,0.0,0.0,0.0,0.0
223,Ed Elisian,United States,"[1954, 1955, 1956, 1957, 1958]",5.0,5.0,0.0,0.0,0.0,0.0,0.0,False,1960,5,0.0,0.28712460184158106,0.0,0.7781512503836436,0.0,0.0,0.0,0.0,0.0
224,Paul Emery,United Kingdom,"[1956, 1958]",2.0,1.0,0.0,0.0,0.0,0.0,0.0,False,1960,2,0.0,0.28712460184158106,0.0,0.47712125471966244,0.0,0.0,0.0,0.0,0.0
225,Tomáš Enge,Czech Republic,[2001],3.0,3.0,0.0,0.0,0.0,0.0,0.0,False,2000,1,0.0,0.6208236101235972,0.0,0.6020599913279624,0.0,0.0,0.0,0.0,0.0
226,Paul England,Australia,[1957],1.0,1.0,0.0,0.0,0.0,0.0,0.0,False,1960,1,0.0,0.28712460184158106,0.0,0.3010299956639812,0.0,0.0,0.0,0.0,0.0
227,Marcus Ericsson,Sweden,"[2014, 2015, 2016, 2017, 2018]",97.0,97.0,0.0,0.0,0.0,0.0,18.0,False,2020,5,0.18556701030927836,2.1194150714077686,0.08755576612278221,1.9912260756924949,0.1743433245809175,0.0,0.0,0.0,0.0
228,Harald Ertl,Austria,"[1975, 1976, 1977, 1978, 1980]",28.0,19.0,0.0,0.0,0.0,0.0,0.0,False,1980,5,0.0,0.28980562687110756,0.0,1.462397997898956,0.0,0.0,0.0,0.0,0.0
229,Nasif Estéfano,Argentina,"[1960, 1962]",2.0,1.0,0.0,0.0,0.0,0.0,0.0,False,1960,2,0.0,0.28712460184158106,0.0,0.47712125471966244,0.0,0.0,0.0,0.0,0.0
230,Philippe Étancelin,France,"[1950, 1951, 1952]",12.0,12.0,0.0,0.0,0.0,0.0,3.0,False,1950,3,0.25,0.38534107088140934,0.6487758998234029,1.1139433523068367,0.7226996007451659,0.0,0.0,0.0,0.0
231,Bob Evans,United Kingdom,"[1975, 1976]",12.0,10.0,0.0,0.0,0.0,0.0,0.0,False,1980,2,0.0,0.28980562687110756,0.0,1.1139433523068367,0.0,0.0,0.0,0.0,0.0
232,Corrado Fabi,Italy,"[1983, 1984]",18.0,12.0,0.0,0.0,0.0,0.0,0.0,False,1980,2,0.0,0.28980562687110756,0.0,1.2787536009528289,0.0,0.0,0.0,0.0,0.0
233,Teo Fabi,Italy,"[1982, 1984, 1985, 1986, 1987]",71.0,64.0,3.0,0.0,2.0,2.0,23.0,False,1980,5,0.323943661971831,0.28980562687110756,1.117796315652306,1.8573324964312685,2.076119421452172,0.0,0.028169014084507043,0.0,0.12046946814129733
234,Pascal Fabre,France,[1987],14.0,11.0,0.0,0.0,0.0,0.0,0.0,False,1990,1,0.0,0.26559527558541896,0.0,1.1760912590556813,0.0,0.0,0.0,0.0,0.0
235,Carlo Facetti,Italy,[1974],1.0,0.0,0.0,0.0,0.0,0.0,0.0,False,1970,1,0.0,0.3294688607385876,0.0,0.3010299956639812,0.0,0.0,0.0,0.0,0.0
236,Luigi Fagioli,Italy,"[1950, 1951]",7.0,7.0,0.0,1.0,6.0,0.0,28.0,False,1950,2,4.0,0.38534107088140934,10.380414397174446,0.9030899869919435,9.374448302915255,0.14285714285714285,0.8571428571428571,0.29706307738283366,1.782378464297002
237,Jack Fairman,United Kingdom,"[1953, 1955, 1956, 1957, 1958, 1959, 1960, 1961]",13.0,12.0,0.0,0.0,0.0,0.0,5.0,False,1960,8,0.38461538461538464,0.28712460184158106,1.339541725608011,1.146128035678238,1.535286326680147,0.0,0.0,0.0,0.0
238,Juan Manuel Fangio,Argentina,"[1950, 1951, 1953, 1954, 1955, 1956, 1957, 1958]",52.0,51.0,29.0,24.0,35.0,23.0,245.0,False,1950,8,4.711538461538462,0.38534107088140934,12.226930419748745,1.724275869600789,21.082601082060606,0.46153846153846156,0.6730769230769231,1.832442421639441,2.6723118648908515
239,Nino Farina,Italy,"[1950, 1951, 1952, 1953, 1954, 1955]",34.0,33.0,5.0,5.0,20.0,5.0,115.33,False,1950,6,3.392058823529412,0.38534107088140934,8.80274406195683,1.5440680443502757,13.592035808661684,0.14705882352941177,0.5882352941176471,0.5228453031602079,2.0913812126408318
240,Walt Faulkner,United States,"[1950, 1951, 1953, 1954, 1955]",6.0,5.0,1.0,0.0,0.0,0.0,1.0,False,1950,5,0.16666666666666666,0.38534107088140934,0.4325172665489352,0.8450980400142568,0.36551949423282903,0.0,0.0,0.0,0.0
241,William Ferguson,South Africa,[1972],1.0,0.0,0.0,0.0,0.0,0.0,0.0,False,1970,1,0.0,0.3294688607385876,0.0,0.3010299956639812,0.0,0.0,0.0,0.0,0.0
242,Maria Teresa de Filippis,Italy,"[1958, 1959]",5.0,3.0,0.0,0.0,0.0,0.0,0.0,False,1960,2,0.0,0.28712460184158106,0.0,0.7781512503836436,0.0,0.0,0.0,0.0,0.0
243,Ralph Firman,Ireland,[2003],15.0,14.0,0.0,0.0,0.0,0.0,1.0,False,2000,1,0.06666666666666667,0.6208236101235972,0.1073842321386493,1.2041199826559248,0.1293034997403102,0.0,0.0,0.0,0.0
244,Ludwig Fischer,West Germany,[1952],1.0,0.0,0.0,0.0,0.0,0.0,0.0,False,1950,1,0.0,0.38534107088140934,0.0,0.3010299956639812,0.0,0.0,0.0,0.0,0.0
245,Rudi Fischer,Switzerland,"[1951, 1952]",8.0,7.0,0.0,0.0,2.0,0.0,10.0,False,1950,2,1.25,0.38534107088140934,3.243879499117014,0.9542425094393249,3.0954477135562,0.0,0.25,0.0,0.5493061443340549
246,Mike Fisher,United States,[1967],2.0,1.0,0.0,0.0,0.0,0.0,0.0,False,1970,1,0.0,0.3294688607385876,0.0,0.47712125471966244,0.0,0.0,0.0,0.0,0.0
247,Giancarlo Fisichella,Italy,"[1996, 1997, 1998, 1999, 2000, 2001, 2002, 2003, 2004, 2005, 2006, 2007, 2008, 2009]",231.0,229.0,4.0,3.0,19.0,2.0,275.0,False,2000,14,1.1904761904761905,0.6208236101235972,1.9175755739044515,2.3654879848909,4.5360019801912514,0.012987012987012988,0.08225108225108226,0.07073684898267936,0.4480000435569692
248,John Fitch,United States,"[1953, 1955]",2.0,2.0,0.0,0.0,0.0,0.0,0.0,False,1950,2,0.0,0.38534107088140934,0.0,0.47712125471966244,0.0,0.0,0.0,0.0,0.0
249,Christian Fittipaldi,Brazil,"[1992, 1993, 1994]",43.0,40.0,0.0,0.0,0.0,0.0,12.0,False,1990,3,0.27906976744186046,0.26559527558541896,1.0507331759826726,1.6434526764861874,1.7268302503415554,0.0,0.0,0.0,0.0
250,Emerson Fittipaldi,Brazil,"[1970, 1971, 1972, 1973, 1974, 1975, 1976, 1977, 1978, 1979, 1980]",149.0,144.0,6.0,14.0,35.0,6.0,281.0,False,1980,11,1.8859060402684564,0.28980562687110756,6.507485933346706,2.1760912590556813,14.160883257983569,0.09395973154362416,0.2348993288590604,0.47079794709629247,1.1769948677407311
251,Pietro Fittipaldi,Brazil,[2020],2.0,2.0,0.0,0.0,0.0,0.0,0.0,False,2020,1,0.0,2.1194150714077686,0.0,0.47712125471966244,0.0,0.0,0.0,0.0,0.0
252,Wilson Fittipaldi,Brazil,"[1972, 1973, 1975]",38.0,35.0,0.0,0.0,0.0,0.0,3.0,False,1970,3,0.07894736842105263,0.3294688607385876,0.23962012144052758,1.591064607026499,0.381251094355415,0.0,0.0,0.0,0.0
253,Theo Fitzau,East Germany,[1953],1.0,1.0,0.0,0.0,0.0,0.0,0.0,False,1950,1,0.0,0.38534107088140934,0.0,0.3010299956639812,0.0,0.0,0.0,0.0,0.0
254,Pat Flaherty,United States,"[1950, 1953, 1954, 1955, 1956, 1959]",6.0,6.0,1.0,1.0,1.0,0.0,8.0,False,1950,6,1.3333333333333333,0.38534107088140934,3.4601381323914815,0.8450980400142568,2.9241559538626323,0.16666666666666666,0.16666666666666666,0.3243183581758855,0.3243183581758855
255,Jan Flinterman,Netherlands,[1952],1.0,1.0,0.0,0.0,0.0,0.0,0.0,False,1950,1,0.0,0.38534107088140934,0.0,0.3010299956639812,0.0,0.0,0.0,0.0,0.0
256,Ron Flockhart,United Kingdom,"[1954, 1956, 1957, 1958, 1959, 1960]",14.0,14.0,0.0,0.0,1.0,0.0,5.0,False,1960,6,0.35714285714285715,0.28712460184158106,1.2438601737788675,1.1760912590556813,1.462893077868807,0.0,0.07142857142857142,0.0,0.1934321572215864
257,Myron Fohr,United States,[1950],1.0,1.0,0.0,0.0,0.0,0.0,0.0,False,1950,1,0.0,0.38534107088140934,0.0,0.3010299956639812,0.0,0.0,0.0,0.0,0.0
258,Gregor Foitek,Switzerland,"[1989, 1990]",22.0,7.0,0.0,0.0,0.0,0.0,0.0,False,1990,2,0.0,0.26559527558541896,0.0,1.3617278360175928,0.0,0.0,0.0,0.0,0.0
259,George Follmer,United States,[1973],13.0,12.0,0.0,0.0,1.0,0.0,5.0,False,1970,1,0.38461538461538464,0.3294688607385876,1.1673800788128268,1.146128035678238,1.3379670366196519,0.0,0.07692307692307693,0.0,0.2030044099704045
260,George Fonder,United States,"[1952, 1954]",5.0,2.0,0.0,0.0,0.0,0.0,0.0,False,1950,2,0.0,0.38534107088140934,0.0,0.7781512503836436,0.0,0.0,0.0,0.0,0.0
261,Norberto Fontana,Argentina,[1997],4.0,4.0,0.0,0.0,0.0,0.0,0.0,False,2000,1,0.0,0.6208236101235972,0.0,0.6989700043360189,0.0,0.0,0.0,0.0,0.0
262,Asdrúbal Fontes Bayardo,Uruguay,[1959],1.0,0.0,0.0,0.0,0.0,0.0,0.0,False,1960,1,0.0,0.28712460184158106,0.0,0.3010299956639812,0.0,0.0,0.0,0.0,0.0
263,Carl Forberg,United States,[1951],3.0,1.0,0.0,0.0,0.0,0.0,0.0,False,1950,1,0.0,0.38534107088140934,0.0,0.6020599913279624,0.0,0.0,0.0,0.0,0.0
264,Gene Force,United States,"[1951, 1960]",5.0,2.0,0.0,0.0,0.0,0.0,0.0,False,1960,2,0.0,0.28712460184158106,0.0,0.7781512503836436,0.0,0.0,0.0,0.0,0.0
265,Franco Forini,Switzerland,[1987],3.0,2.0,0.0,0.0,0.0,0.0,0.0,False,1990,1,0.0,0.26559527558541896,0.0,0.6020599913279624,0.0,0.0,0.0,0.0,0.0
266,Philip Fotheringham-Parker,United Kingdom,[1951],1.0,1.0,0.0,0.0,0.0,0.0,0.0,False,1950,1,0.0,0.38534107088140934,0.0,0.3010299956639812,0.0,0.0,0.0,0.0,0.0
267,A. J. Foyt,United States,"[1958, 1959, 1960]",3.0,3.0,0.0,0.0,0.0,0.0,0.0,False,1960,3,0.0,0.28712460184158106,0.0,0.6020599913279624,0.0,0.0,0.0,0.0,0.0
268,Giorgio Francia,Italy,"[1977, 1981]",2.0,0.0,0.0,0.0,0.0,0.0,0.0,False,1980,2,0.0,0.28980562687110756,0.0,0.47712125471966244,0.0,0.0,0.0,0.0,0.0
269,Don Freeland,United States,"[1953, 1954, 1955, 1956, 1957, 1958, 1959, 1960]",8.0,8.0,0.0,0.0,1.0,0.0,4.0,False,1960,8,0.5,0.28712460184158106,1.7414042432904144,0.9542425094393249,1.6617219550657336,0.0,0.125,0.0,0.27465307216702745
270,Heinz-Harald Frentzen,Germany,"[1994, 1995, 1996, 1997, 1998, 1999, 2000, 2001, 2002, 2003]",160.0,156.0,2.0,3.0,18.0,6.0,174.0,False,2000,10,1.0875,0.6208236101235972,1.7517052867617164,2.2068258760318495,3.865708554007547,0.01875,0.1125,0.09527633184345868,0.5716579910607521
271,Paul Frère,Belgium,"[1952, 1953, 1954, 1955, 1956]",11.0,11.0,0.0,0.0,1.0,0.0,11.0,False,1950,5,1.0,0.38534107088140934,2.5951035992936116,1.0791812460476249,2.800587135908356,0.0,0.09090909090909091,0.0,0.22590060452618185
272,Patrick Friesacher,Austria,[2005],11.0,11.0,0.0,0.0,0.0,0.0,3.0,False,2000,1,0.2727272727272727,0.6208236101235972,0.4392991314762925,1.0791812460476249,0.47408338409422474,0.0,0.0,0.0,0.0
273,Joe Fry,United Kingdom,[1950],1.0,1.0,0.0,0.0,0.0,0.0,0.0,False,1950,1,0.0,0.38534107088140934,0.0,0.3010299956639812,0.0,0.0,0.0,0.0,0.0
274,Hiroshi Fushida,Japan,[1975],2.0,0.0,0.0,0.0,0.0,0.0,0.0,False,1980,1,0.0,0.28980562687110756,0.0,0.47712125471966244,0.0,0.0,0.0,0.0,0.0
275,Beppe Gabbiani,Italy,"[1978, 1981]",17.0,3.0,0.0,0.0,0.0,0.0,0.0,False,1980,2,0.0,0.28980562687110756,0.0,1.255272505103306,0.0,0.0,0.0,0.0,0.0
276,Bertrand Gachot,Belgium,"[1989, 1990, 1991, 1992, 1994, 1995]",84.0,47.0,0.0,0.0,0.0,1.0,5.0,False,1990,6,0.05952380952380952,0.26559527558541896,0.2241147151153518,1.9294189257142926,0.4324111728746268,0.0,0.0,0.0,0.0
277,Patrick Gaillard,France,[1979],5.0,2.0,0.0,0.0,0.0,0.0,0.0,False,1980,1,0.0,0.28980562687110756,0.0,0.7781512503836436,0.0,0.0,0.0,0.0,0.0
278,Divina Galica,United Kingdom,"[1976, 1978]",3.0,0.0,0.0,0.0,0.0,0.0,0.0,False,1980,2,0.0,0.28980562687110756,0.0,0.6020599913279624,0.0,0.0,0.0,0.0,0.0
279,Nanni Galli,Italy,"[1970, 1971, 1972, 1973]",20.0,17.0,0.0,0.0,0.0,0.0,0.0,False,1970,4,0.0,0.3294688607385876,0.0,1.3222192947339193,0.0,0.0,0.0,0.0,0.0
280,Oscar Alfredo Gálvez,Argentina,[1953],1.0,1.0,0.0,0.0,0.0,0.0,2.0,False,1950,1,2.0,0.38534107088140934,5.190207198587223,0.3010299956639812,1.5624080504858757,0.0,0.0,0.0,0.0
281,Fred Gamble,United States,[1960],1.0,1.0,0.0,0.0,0.0,0.0,0.0,False,1960,1,0.0,0.28712460184158106,0.0,0.3010299956639812,0.0,0.0,0.0,0.0,0.0
282,Howden Ganley,New Zealand,"[1971, 1972, 1973, 1974]",41.0,35.0,0.0,0.0,0.0,0.0,10.0,False,1970,4,0.24390243902439024,0.3294688607385876,0.7402898060764267,1.6232492903979006,1.201674902402359,0.0,0.0,0.0,0.0
283,Giedo van der Garde,Netherlands,[2013],19.0,19.0,0.0,0.0,0.0,0.0,0.0,False,2010,1,0.0,1.5761991506218638,0.0,1.3010299956639813,0.0,0.0,0.0,0.0,0.0
284,Frank Gardner,Australia,"[1964, 1965, 1968]",9.0,8.0,0.0,0.0,0.0,0.0,0.0,False,1970,3,0.0,0.3294688607385876,0.0,1.0,0.0,0.0,0.0,0.0,0.0
285,Billy Garrett,United States,"[1956, 1958]",3.0,2.0,0.0,0.0,0.0,0.0,0.0,False,1960,2,0.0,0.28712460184158106,0.0,0.6020599913279624,0.0,0.0,0.0,0.0,0.0
286,Jo Gartner,Austria,[1984],8.0,8.0,0.0,0.0,0.0,0.0,0.0,False,1980,1,0.0,0.28980562687110756,0.0,0.9542425094393249,0.0,0.0,0.0,0.0,0.0
287,Pierre Gasly,France,"[2017, 2018, 2019, 2020, 2021, 2022]",109.0,109.0,0.0,1.0,3.0,3.0,334.0,True,2020,6,3.0642201834862384,2.1194150714077686,1.4457857853444944,2.041392685158225,2.9514165265079906,0.009174311926605505,0.027522935779816515,0.04312367308066437,0.12937101924199312
288,Tony Gaze,Australia,[1952],4.0,3.0,0.0,0.0,0.0,0.0,0.0,False,1950,1,0.0,0.38534107088140934,0.0,0.6989700043360189,0.0,0.0,0.0,0.0,0.0
289,Geki,Italy,"[1964, 1965, 1966]",3.0,2.0,0.0,0.0,0.0,0.0,0.0,False,1960,3,0.0,0.28712460184158106,0.0,0.6020599913279624,0.0,0.0,0.0,0.0,0.0
290,Olivier Gendebien,Belgium,"[1956, 1958, 1959, 1960, 1961]",15.0,14.0,0.0,0.0,2.0,0.0,18.0,False,1960,5,1.2,0.28712460184158106,4.179370183896994,1.2041199826559248,5.032463153346738,0.0,0.13333333333333333,0.0,0.36967849629863747
291,Marc Gené,Spain,"[1999, 2000, 2003, 2004]",36.0,36.0,0.0,0.0,0.0,0.0,5.0,False,2000,4,0.1388888888888889,0.6208236101235972,0.2237171502888527,1.568201724066995,0.35083362078633384,0.0,0.0,0.0,0.0
292,Elmer George,United States,[1957],3.0,1.0,0.0,0.0,0.0,0.0,0.0,False,1960,1,0.0,0.28712460184158106,0.0,0.6020599913279624,0.0,0.0,0.0,0.0,0.0
293,Bob Gerard,United Kingdom,"[1950, 1951, 1953, 1954, 1956, 1957]",8.0,8.0,0.0,0.0,0.0,0.0,0.0,False,1950,6,0.0,0.38534107088140934,0.0,0.9542425094393249,0.0,0.0,0.0,0.0,0.0
294,Gerino Gerini,Italy,"[1956, 1958]",7.0,6.0,0.0,0.0,0.0,0.0,1.5,False,1960,2,0.21428571428571427,0.28712460184158106,0.7463161042673204,0.9030899869919435,0.6739906008946523,0.0,0.0,0.0,0.0
295,Peter Gethin,United Kingdom,"[1970, 1971, 1972, 1973, 1974]",31.0,30.0,0.0,1.0,1.0,0.0,11.0,False,1970,5,0.3548387096774194,0.3294688607385876,1.0770022662595755,1.505149978319906,1.6210499377110899,0.03225806451612903,0.03225806451612903,0.11179793234837827,0.11179793234837827
296,Piercarlo Ghinzani,Italy,"[1981, 1983, 1984, 1985, 1986, 1987, 1988, 1989]",111.0,74.0,0.0,0.0,0.0,0.0,2.0,False,1990,8,0.018018018018018018,0.26559527558541896,0.06784012998086325,2.0492180226701815,0.13901921701707268,0.0,0.0,0.0,0.0
297,Bruno Giacomelli,Italy,"[1977, 1978, 1979, 1980, 1981, 1982, 1983, 1990]",82.0,69.0,1.0,0.0,1.0,0.0,14.0,False,1980,8,0.17073170731707318,0.28980562687110756,0.5891248874646831,1.919078092376074,1.1305766652069933,0.0,0.012195121951219513,0.0,0.05388830009508047
298,Dick Gibson,United Kingdom,"[1957, 1958]",2.0,2.0,0.0,0.0,0.0,0.0,0.0,False,1960,2,0.0,0.28712460184158106,0.0,0.47712125471966244,0.0,0.0,0.0,0.0,0.0
299,Gimax,Italy,[1978],1.0,0.0,0.0,0.0,0.0,0.0,0.0,False,1980,1,0.0,0.28980562687110756,0.0,0.3010299956639812,0.0,0.0,0.0,0.0,0.0
300,Richie Ginther,United States,"[1960, 1961, 1962, 1963, 1964, 1965, 1966, 1967]",54.0,52.0,0.0,1.0,14.0,3.0,102.0,False,1960,8,1.8888888888888888,0.28712460184158106,6.578638252430454,1.7403626894942439,11.449216562209578,0.018518518518518517,0.25925925925925924,0.07420987380060132,1.0389382332084185
301,Antonio Giovinazzi,Italy,"[2017, 2019, 2020, 2021]",62.0,62.0,0.0,0.0,0.0,0.0,21.0,False,2020,4,0.3387096774193548,2.1194150714077686,0.15981280967034708,1.7993405494535817,0.287557668761963,0.0,0.0,0.0,0.0
302,Yves Giraud-Cabantous,France,"[1950, 1951, 1952, 1953]",13.0,13.0,0.0,0.0,0.0,0.0,5.0,False,1950,4,0.38461538461538464,0.38534107088140934,0.9981167689590813,1.146128035678238,1.1439696117845815,0.0,0.0,0.0,0.0
303,Ignazio Giunti,Italy,[1970],4.0,4.0,0.0,0.0,0.0,0.0,3.0,False,1970,1,0.75,0.3294688607385876,2.276391153685012,0.6989700043360189,1.5911291345616878,0.0,0.0,0.0,0.0
304,Timo Glock,Germany,"[2004, 2008, 2009, 2010, 2011, 2012]",95.0,91.0,0.0,0.0,3.0,1.0,51.0,False,2010,6,0.5368421052631579,1.5761991506218638,0.3405928147159295,1.9822712330395684,0.6751473387913628,0.0,0.031578947368421054,0.0,0.14413731130951063
305,Helm Glöckler,West Germany,[1953],1.0,0.0,0.0,0.0,0.0,0.0,0.0,False,1950,1,0.0,0.38534107088140934,0.0,0.3010299956639812,0.0,0.0,0.0,0.0,0.0
306,Paco Godia,Spain,"[1951, 1954, 1956, 1957, 1958]",14.0,13.0,0.0,0.0,0.0,0.0,6.0,False,1960,5,0.42857142857142855,0.28712460184158106,1.4926322085346408,1.1760912590556813,1.755471693442568,0.0,0.0,0.0,0.0
307,Carel Godin de Beaufort,Netherlands,"[1957, 1958, 1959, 1960, 1961, 1962, 1963, 1964]",31.0,28.0,0.0,0.0,0.0,0.0,4.0,False,1960,8,0.12903225806451613,0.28712460184158106,0.44939464342978436,1.505149978319906,0.6764063378154218,0.0,0.0,0.0,0.0
308,Christian Goethals,Belgium,[1958],1.0,1.0,0.0,0.0,0.0,0.0,0.0,False,1960,1,0.0,0.28712460184158106,0.0,0.3010299956639812,0.0,0.0,0.0,0.0,0.0
309,Paul Goldsmith,United States,"[1958, 1959, 1960]",3.0,3.0,0.0,0.0,1.0,0.0,6.0,False,1960,3,2.0,0.28712460184158106,6.965616973161658,0.6020599913279624,4.193719294455615,0.0,0.3333333333333333,0.0,0.46209812037329684
310,José Froilán González,Argentina,"[1950, 1951, 1952, 1953, 1954, 1955, 1956, 1957, 1960]",26.0,26.0,3.0,2.0,15.0,6.0,72.14,False,1950,9,2.7746153846153847,0.38534107088140934,7.200414371270813,1.4313637641589874,10.306412217966658,0.07692307692307693,0.5769230769230769,0.25352591276956377,1.9014443457717283
311,Óscar González,Uruguay,[1956],1.0,1.0,0.0,0.0,0.0,0.0,0.0,False,1960,1,0.0,0.28712460184158106,0.0,0.3010299956639812,0.0,0.0,0.0,0.0,0.0
312,Aldo Gordini,France,[1951],1.0,1.0,0.0,0.0,0.0,0.0,0.0,False,1950,1,0.0,0.38534107088140934,0.0,0.3010299956639812,0.0,0.0,0.0,0.0,0.0
313,Horace Gould,United Kingdom,"[1954, 1955, 1956, 1957, 1958, 1960]",18.0,14.0,0.0,0.0,0.0,0.0,2.0,False,1960,6,0.1111111111111111,0.28712460184158106,0.3869787207312032,1.2787536009528289,0.49485043262714523,0.0,0.0,0.0,0.0
314,Jean-Marc Gounon,France,"[1993, 1994]",9.0,9.0,0.0,0.0,0.0,0.0,0.0,False,1990,2,0.0,0.26559527558541896,0.0,1.0,0.0,0.0,0.0,0.0,0.0
315,Emmanuel de Graffenried,Switzerland,"[1950, 1951, 1952, 1953, 1954, 1956]",23.0,22.0,0.0,0.0,0.0,0.0,9.0,False,1950,6,0.391304347826087,0.38534107088140934,1.0154753214627175,1.380211241711606,1.4015704543635494,0.0,0.0,0.0,0.0
316,Lucas di Grassi,Brazil,[2010],19.0,18.0,0.0,0.0,0.0,0.0,0.0,False,2010,1,0.0,1.5761991506218638,0.0,1.3010299956639813,0.0,0.0,0.0,0.0,0.0
317,Cecil Green,United States,"[1950, 1951]",2.0,2.0,0.0,0.0,0.0,0.0,3.0,False,1950,2,1.5,0.38534107088140934,3.892655398940417,0.47712125471966244,1.8572686281337198,0.0,0.0,0.0,0.0
318,Keith Greene,United Kingdom,"[1959, 1960, 1961, 1962]",6.0,3.0,0.0,0.0,0.0,0.0,0.0,False,1960,4,0.0,0.28712460184158106,0.0,0.8450980400142568,0.0,0.0,0.0,0.0,0.0
319,Masten Gregory,United States,"[1957, 1958, 1959, 1960, 1961, 1962, 1963, 1965]",43.0,38.0,0.0,0.0,3.0,0.0,21.0,False,1960,8,0.4883720930232558,0.28712460184158106,1.7009064701906373,1.6434526764861874,2.7953592908874767,0.0,0.06976744186046512,0.0,0.26401323027336704
320,Cliff Griffith,United States,"[1951, 1952, 1956]",7.0,3.0,0.0,0.0,0.0,0.0,0.0,False,1950,3,0.0,0.38534107088140934,0.0,0.9030899869919435,0.0,0.0,0.0,0.0,0.0
321,Georges Grignard,France,[1951],1.0,1.0,0.0,0.0,0.0,0.0,0.0,False,1950,1,0.0,0.38534107088140934,0.0,0.3010299956639812,0.0,0.0,0.0,0.0,0.0
322,Bobby Grim,United States,"[1959, 1960]",2.0,2.0,0.0,0.0,0.0,0.0,0.0,False,1960,2,0.0,0.28712460184158106,0.0,0.47712125471966244,0.0,0.0,0.0,0.0,0.0
323,Romain Grosjean,France,"[2009, 2012, 2013, 2014, 2015, 2016, 2017, 2018, 2019, 2020]",181.0,179.0,0.0,0.0,10.0,1.0,391.0,False,2020,10,2.160220994475138,2.1194150714077686,1.0192533891156417,2.2600713879850747,2.3035854218470795,0.0,0.055248618784530384,0.0,0.28751418160645276
324,Olivier Grouillard,France,"[1989, 1990, 1991, 1992]",62.0,41.0,0.0,0.0,0.0,0.0,1.0,False,1990,4,0.016129032258064516,0.26559527558541896,0.06072785828932113,1.7993405494535817,0.10927009790144633,0.0,0.0,0.0,0.0
325,Brian Gubby,United Kingdom,[1965],1.0,0.0,0.0,0.0,0.0,0.0,0.0,False,1960,1,0.0,0.28712460184158106,0.0,0.3010299956639812,0.0,0.0,0.0,0.0,0.0
326,André Guelfi,France,[1958],1.0,1.0,0.0,0.0,0.0,0.0,0.0,False,1960,1,0.0,0.28712460184158106,0.0,0.3010299956639812,0.0,0.0,0.0,0.0,0.0
327,Miguel Ángel Guerra,Argentina,[1981],4.0,1.0,0.0,0.0,0.0,0.0,0.0,False,1980,1,0.0,0.28980562687110756,0.0,0.6989700043360189,0.0,0.0,0.0,0.0,0.0
328,Roberto Guerrero,Colombia,"[1982, 1983]",29.0,21.0,0.0,0.0,0.0,0.0,0.0,False,1980,2,0.0,0.28980562687110756,0.0,1.4771212547196624,0.0,0.0,0.0,0.0,0.0
329,Maurício Gugelmin,Brazil,"[1988, 1989, 1990, 1991, 1992]",80.0,74.0,0.0,0.0,1.0,1.0,10.0,False,1990,5,0.125,0.26559527558541896,0.4706409017422388,1.9084850188786497,0.8982111102466014,0.0,0.0125,0.0,0.054930614433405495
330,Dan Gurney,United States,"[1959, 1960, 1961, 1962, 1963, 1964, 1965, 1966, 1967, 1968, 1970]",87.0,86.0,3.0,4.0,19.0,6.0,133.0,False,1960,11,1.528735632183908,0.28712460184158106,5.324293433508624,1.9444826721501687,10.352996322900445,0.04597701149425287,0.21839080459770116,0.20585456618290607,0.9778091893688039
331,Esteban Gutiérrez,Mexico,"[2013, 2014, 2016]",59.0,59.0,0.0,0.0,0.0,1.0,6.0,False,2010,3,0.1016949152542373,1.5761991506218638,0.0645190775633366,1.7781512503836436,0.11472467844284626,0.0,0.0,0.0,0.0
332,Hubert Hahne,West Germany,"[1967, 1968, 1970]",3.0,2.0,0.0,0.0,0.0,0.0,0.0,False,1970,3,0.0,0.3294688607385876,0.0,0.6020599913279624,0.0,0.0,0.0,0.0,0.0
333,Mike Hailwood,United Kingdom,"[1963, 1964, 1965, 1971, 1972, 1973, 1974]",50.0,50.0,0.0,0.0,2.0,1.0,29.0,False,1970,7,0.58,0.3294688607385876,1.7604091588497426,1.7075701760979363,3.0060221773814746,0.0,0.04,0.0,0.15727302530897302
334,Mika Häkkinen,Finland,"[1991, 1992, 1993, 1994, 1995, 1996, 1997, 1998, 1999, 2000, 2001]",165.0,161.0,26.0,20.0,51.0,25.0,420.0,False,2000,11,2.5454545454545454,0.6208236101235972,4.100125227112064,2.220108088040055,9.10272117868856,0.12121212121212122,0.3090909090909091,0.6196348834371568,1.5800689527647498
335,Bruce Halford,United Kingdom,"[1956, 1957, 1959, 1960]",9.0,8.0,0.0,0.0,0.0,0.0,0.0,False,1960,4,0.0,0.28712460184158106,0.0,1.0,0.0,0.0,0.0,0.0,0.0
336,Jim Hall,United States,"[1960, 1961, 1962, 1963]",12.0,11.0,0.0,0.0,0.0,0.0,3.0,False,1960,4,0.25,0.28712460184158106,0.8707021216452072,1.1139433523068367,0.9699128402461372,0.0,0.0,0.0,0.0
337,Duncan Hamilton,United Kingdom,"[1951, 1952, 1953]",5.0,5.0,0.0,0.0,0.0,0.0,0.0,False,1950,3,0.0,0.38534107088140934,0.0,0.7781512503836436,0.0,0.0,0.0,0.0,0.0
338,Lewis Hamilton,United Kingdom,"[2007, 2008, 2009, 2010, 2011, 2012, 2013, 2014, 2015, 2016, 2017, 2018, 2019, 2020, 2021, 2022]",311.0,311.0,103.0,103.0,191.0,61.0,4415.5,True,2010,16,14.19774919614148,1.5761991506218638,9.007585869171411,2.494154594018443,22.466311676609482,0.3311897106109325,0.6141479099678456,1.9020235638082854,3.5270534047318685
339,David Hampshire,United Kingdom,[1950],2.0,2.0,0.0,0.0,0.0,0.0,0.0,False,1950,1,0.0,0.38534107088140934,0.0,0.47712125471966244,0.0,0.0,0.0,0.0,0.0
340,Sam Hanks,United States,"[1950, 1951, 1952, 1953, 1954, 1955, 1956, 1957]",8.0,8.0,0.0,1.0,4.0,0.0,20.0,False,1950,8,2.5,0.38534107088140934,6.487758998234028,0.9542425094393249,6.1908954271124,0.125,0.5,0.27465307216702745,1.0986122886681098
341,Walt Hansgen,United States,"[1961, 1964]",2.0,2.0,0.0,0.0,0.0,0.0,2.0,False,1960,2,1.0,0.28712460184158106,3.482808486580829,0.47712125471966244,1.6617219550657336,0.0,0.0,0.0,0.0
342,Mike Harris,South Africa,[1962],1.0,1.0,0.0,0.0,0.0,0.0,0.0,False,1960,1,0.0,0.28712460184158106,0.0,0.3010299956639812,0.0,0.0,0.0,0.0,0.0
343,Cuth Harrison,United Kingdom,[1950],3.0,3.0,0.0,0.0,0.0,0.0,0.0,False,1950,1,0.0,0.38534107088140934,0.0,0.6020599913279624,0.0,0.0,0.0,0.0,0.0
344,Brian Hart,United Kingdom,[1967],1.0,0.0,0.0,0.0,0.0,0.0,0.0,False,1970,1,0.0,0.3294688607385876,0.0,0.3010299956639812,0.0,0.0,0.0,0.0,0.0
345,Brendon Hartley,New Zealand,"[2017, 2018]",25.0,25.0,0.0,0.0,0.0,0.0,4.0,False,2020,2,0.16,2.1194150714077686,0.07549252723475444,1.414973347970818,0.10681991400813864,0.0,0.0,0.0,0.0
346,Gene Hartley,United States,"[1950, 1952, 1953, 1954, 1955, 1956, 1957, 1958, 1959, 1960]",10.0,8.0,0.0,0.0,0.0,0.0,0.0,False,1960,10,0.0,0.28712460184158106,0.0,1.0413926851582251,0.0,0.0,0.0,0.0,0.0
347,Rio Haryanto,Indonesia,[2016],12.0,12.0,0.0,0.0,0.0,0.0,0.0,False,2020,1,0.0,2.1194150714077686,0.0,1.1139433523068367,0.0,0.0,0.0,0.0,0.0
348,Masahiro Hasemi,Japan,[1976],1.0,1.0,0.0,0.0,0.0,0.0,0.0,False,1980,1,0.0,0.28980562687110756,0.0,0.3010299956639812,0.0,0.0,0.0,0.0,0.0
349,Naoki Hattori,Japan,[1991],2.0,0.0,0.0,0.0,0.0,0.0,0.0,False,1990,1,0.0,0.26559527558541896,0.0,0.47712125471966244,0.0,0.0,0.0,0.0,0.0
350,Paul Hawkins,Australia,[1965],3.0,3.0,0.0,0.0,0.0,0.0,0.0,False,1960,1,0.0,0.28712460184158106,0.0,0.6020599913279624,0.0,0.0,0.0,0.0,0.0
351,Mike Hawthorn,United Kingdom,"[1952, 1953, 1954, 1955, 1956, 1957, 1958]",47.0,45.0,4.0,3.0,18.0,6.0,112.64,False,1960,7,2.3965957446808512,0.28712460184158106,8.34688399847797,1.6812412373755872,14.033125581831593,0.06382978723404255,0.3829787234042553,0.24709793686646112,1.4825876211987667
352,Boy Hayje,Netherlands,"[1976, 1977]",7.0,3.0,0.0,0.0,0.0,0.0,0.0,False,1980,2,0.0,0.28980562687110756,0.0,0.9030899869919435,0.0,0.0,0.0,0.0,0.0
353,Willi Heeks,West Germany,"[1952, 1953]",2.0,2.0,0.0,0.0,0.0,0.0,0.0,False,1950,2,0.0,0.38534107088140934,0.0,0.47712125471966244,0.0,0.0,0.0,0.0,0.0
354,Nick Heidfeld,Germany,"[2000, 2001, 2002, 2003, 2004, 2005, 2006, 2007, 2008, 2009, 2010, 2011]",185.0,183.0,1.0,0.0,13.0,2.0,259.0,False,2010,12,1.4,1.5761991506218638,0.8882126344552671,2.2695129442179165,2.0158100711141254,0.0,0.07027027027027027,0.0,0.36721463112579256
355,Theo Helfrich,West Germany,"[1952, 1953, 1954]",3.0,3.0,0.0,0.0,0.0,0.0,0.0,False,1950,3,0.0,0.38534107088140934,0.0,0.6020599913279624,0.0,0.0,0.0,0.0,0.0
356,Mack Hellings,United States,"[1950, 1951]",2.0,2.0,0.0,0.0,0.0,0.0,0.0,False,1950,2,0.0,0.38534107088140934,0.0,0.47712125471966244,0.0,0.0,0.0,0.0,0.0
357,Brian Henton,United Kingdom,"[1975, 1977, 1981, 1982]",37.0,19.0,0.0,0.0,0.0,1.0,0.0,False,1980,4,0.0,0.28980562687110756,0.0,1.5797835966168101,0.0,0.0,0.0,0.0,0.0
358,Johnny Herbert,United Kingdom,"[1989, 1990, 1991, 1992, 1993, 1994, 1995, 1996, 1997, 1998, 1999, 2000]",165.0,160.0,0.0,3.0,7.0,0.0,98.0,False,1990,12,0.593939393939394,0.26559527558541896,2.2362573755510016,2.220108088040055,4.964733086400005,0.01818181818181818,0.04242424242424243,0.09294523251557352,0.2168722092030049
359,Al Herman,United States,"[1955, 1956, 1957, 1959, 1960]",8.0,5.0,0.0,0.0,0.0,0.0,0.0,False,1960,5,0.0,0.28712460184158106,0.0,0.9542425094393249,0.0,0.0,0.0,0.0,0.0
360,Hans Herrmann,West Germany,"[1953, 1954, 1955, 1957, 1958, 1959, 1960, 1961]",19.0,17.0,0.0,0.0,1.0,1.0,10.0,False,1960,8,0.5263157894736842,0.28712460184158106,1.8330570982004362,1.3010299956639813,2.3848622685235434,0.0,0.05263157894736842,0.0,0.15767011966073635
361,François Hesnault,France,"[1984, 1985]",21.0,19.0,0.0,0.0,0.0,0.0,0.0,False,1980,2,0.0,0.28980562687110756,0.0,1.3424226808222062,0.0,0.0,0.0,0.0,0.0
362,Hans Heyer,West Germany,[1977],1.0,1.0,0.0,0.0,0.0,0.0,0.0,False,1980,1,0.0,0.28980562687110756,0.0,0.3010299956639812,0.0,0.0,0.0,0.0,0.0
363,Damon Hill,United Kingdom,"[1992, 1993, 1994, 1995, 1996, 1997, 1998, 1999]",122.0,115.0,20.0,22.0,42.0,19.0,360.0,False,2000,8,2.9508196721311477,0.6208236101235972,4.753072570071362,2.089905111439398,9.933470659234535,0.18032786885245902,0.3442622950819672,0.8677709493294523,1.6566536305380453
364,Graham Hill,United Kingdom,"[1958, 1959, 1960, 1961, 1962, 1963, 1964, 1965, 1966, 1967, 1968, 1969, 1970, 1971, 1972, 1973, 1974, 1975]",179.0,176.0,13.0,14.0,36.0,10.0,270.0,False,1970,18,1.5083798882681565,0.3294688607385876,4.578216845400024,2.255272505103306,10.325126573831467,0.0782122905027933,0.2011173184357542,0.4061530497902958,1.0443935566036178
365,Phil Hill,United States,"[1958, 1959, 1960, 1961, 1962, 1963, 1964, 1966]",52.0,49.0,6.0,3.0,16.0,6.0,94.0,False,1960,8,1.8076923076923077,0.28712460184158106,6.295846110357652,1.724275869600789,10.855775526809685,0.057692307692307696,0.3076923076923077,0.22905530270493013,1.2216282810929606
366,Peter Hirt,Switzerland,"[1951, 1952, 1953]",5.0,5.0,0.0,0.0,0.0,0.0,0.0,False,1950,3,0.0,0.38534107088140934,0.0,0.7781512503836436,0.0,0.0,0.0,0.0,0.0
367,David Hobbs,United Kingdom,"[1967, 1968, 1971, 1974]",7.0,7.0,0.0,0.0,0.0,0.0,0.0,False,1970,4,0.0,0.3294688607385876,0.0,0.9030899869919435,0.0,0.0,0.0,0.0,0.0
368,Gary Hocking,Rhodesia and Nyasaland,[1962],1.0,0.0,0.0,0.0,0.0,0.0,0.0,False,1960,1,0.0,0.28712460184158106,0.0,0.3010299956639812,0.0,0.0,0.0,0.0,0.0
369,Ingo Hoffmann,Brazil,"[1976, 1977]",6.0,3.0,0.0,0.0,0.0,0.0,0.0,False,1980,2,0.0,0.28980562687110756,0.0,0.8450980400142568,0.0,0.0,0.0,0.0,0.0
370,Bill Holland,United States,"[1950, 1953]",3.0,2.0,0.0,0.0,1.0,0.0,6.0,False,1950,2,2.0,0.38534107088140934,5.190207198587223,0.6020599913279624,3.1248161009717514,0.0,0.3333333333333333,0.0,0.46209812037329684
371,Jackie Holmes,United States,"[1950, 1953]",4.0,2.0,0.0,0.0,0.0,0.0,0.0,False,1950,2,0.0,0.38534107088140934,0.0,0.6989700043360189,0.0,0.0,0.0,0.0,0.0
372,Bill Homeier,United States,"[1954, 1955, 1960]",6.0,3.0,0.0,0.0,0.0,0.0,1.0,False,1960,3,0.16666666666666666,0.28712460184158106,0.5804680810968048,0.8450980400142568,0.4905524376257464,0.0,0.0,0.0,0.0
373,Kazuyoshi Hoshino,Japan,"[1976, 1977]",2.0,2.0,0.0,0.0,0.0,0.0,0.0,False,1980,2,0.0,0.28980562687110756,0.0,0.47712125471966244,0.0,0.0,0.0,0.0,0.0
374,Jerry Hoyt,United States,"[1950, 1953, 1954, 1955]",4.0,4.0,1.0,0.0,0.0,0.0,0.0,False,1950,4,0.0,0.38534107088140934,0.0,0.6989700043360189,0.0,0.0,0.0,0.0,0.0
375,Nico Hülkenberg,Germany,"[2010, 2012, 2013, 2014, 2015, 2016, 2017, 2018, 2019, 2020, 2022]",185.0,182.0,1.0,0.0,0.0,2.0,521.0,True,2020,11,2.8162162162162163,2.1194150714077686,1.328770496260374,2.2695129442179165,3.015661841157783,0.0,0.0,0.0,0.0
376,Denny Hulme,New Zealand,"[1965, 1966, 1967, 1968, 1969, 1970, 1971, 1972, 1973, 1974]",112.0,112.0,1.0,8.0,33.0,9.0,248.0,False,1970,10,2.2142857142857144,0.3294688607385876,6.720773882308131,2.0530784434834195,13.798275981293196,0.07142857142857142,0.29464285714285715,0.3376705584794529,1.3928910537277432
377,James Hunt,United Kingdom,"[1973, 1974, 1975, 1976, 1977, 1978, 1979]",93.0,92.0,14.0,10.0,23.0,8.0,179.0,False,1980,7,1.924731182795699,0.28980562687110756,6.641455528576512,1.9731278535996986,13.104440891878024,0.10752688172043011,0.24731182795698925,0.488526320674194,1.1236105375506462
378,Jim Hurtubise,United States,[1960],1.0,1.0,0.0,0.0,0.0,0.0,0.0,False,1960,1,0.0,0.28712460184158106,0.0,0.3010299956639812,0.0,0.0,0.0,0.0,0.0
379,Gus Hutchison,United States,[1970],1.0,1.0,0.0,0.0,0.0,0.0,0.0,False,1970,1,0.0,0.3294688607385876,0.0,0.3010299956639812,0.0,0.0,0.0,0.0,0.0
380,Jacky Ickx,Belgium,"[1967, 1968, 1969, 1970, 1971, 1972, 1973, 1974, 1975, 1976, 1977, 1978, 1979]",120.0,114.0,13.0,8.0,25.0,14.0,181.0,False,1970,13,1.5083333333333333,0.3294688607385876,4.578075542410969,2.0827853703164503,9.535148763937114,0.06666666666666667,0.20833333333333334,0.31971936970644943,0.9991230303326545
381,Yuji Ide,Japan,[2006],4.0,4.0,0.0,0.0,0.0,0.0,0.0,False,2010,1,0.0,1.5761991506218638,0.0,0.6989700043360189,0.0,0.0,0.0,0.0,0.0
382,Jesús Iglesias,Argentina,[1955],1.0,1.0,0.0,0.0,0.0,0.0,0.0,False,1960,1,0.0,0.28712460184158106,0.0,0.3010299956639812,0.0,0.0,0.0,0.0,0.0
383,Taki Inoue,Japan,"[1994, 1995]",18.0,18.0,0.0,0.0,0.0,0.0,0.0,False,1990,2,0.0,0.26559527558541896,0.0,1.2787536009528289,0.0,0.0,0.0,0.0,0.0
384,Innes Ireland,United Kingdom,"[1959, 1960, 1961, 1962, 1963, 1964, 1965, 1966]",53.0,50.0,0.0,1.0,4.0,1.0,47.0,False,1960,8,0.8867924528301887,0.28712460184158106,3.0885282805528105,1.7323937598229686,5.350547120266452,0.018867924528301886,0.07547169811320754,0.07526384993517499,0.30105539974069995
385,Eddie Irvine,United Kingdom,"[1993, 1994, 1995, 1996, 1997, 1998, 1999, 2000, 2001, 2002]",148.0,145.0,0.0,4.0,26.0,1.0,191.0,False,2000,10,1.2905405405405406,0.6208236101235972,2.0787555748461504,2.173186268412274,4.517523070641117,0.02702702702702703,0.17567567567567569,0.13524179205258,0.8790716483417699
386,Chris Irwin,United Kingdom,"[1966, 1967]",10.0,10.0,0.0,0.0,0.0,0.0,2.0,False,1970,2,0.2,0.3294688607385876,0.6070376409826699,1.0413926851582251,0.6321645589350572,0.0,0.0,0.0,0.0
387,Jean-Pierre Jabouille,France,"[1974, 1975, 1977, 1978, 1979, 1980, 1981]",55.0,49.0,6.0,2.0,2.0,0.0,21.0,False,1980,7,0.38181818181818183,0.28980562687110756,1.3174974756028368,1.7481880270062005,2.303233312459773,0.03636363636363636,0.03636363636363636,0.1463764251176418,0.1463764251176418
388,Jimmy Jackson,United States,"[1950, 1954]",3.0,2.0,0.0,0.0,0.0,0.0,0.0,False,1950,2,0.0,0.38534107088140934,0.0,0.6020599913279624,0.0,0.0,0.0,0.0,0.0
389,Joe James,United States,"[1951, 1952]",3.0,2.0,0.0,0.0,0.0,0.0,0.0,False,1950,2,0.0,0.38534107088140934,0.0,0.6020599913279624,0.0,0.0,0.0,0.0,0.0
390,John James,United Kingdom,[1951],1.0,1.0,0.0,0.0,0.0,0.0,0.0,False,1950,1,0.0,0.38534107088140934,0.0,0.3010299956639812,0.0,0.0,0.0,0.0,0.0
391,Jean-Pierre Jarier,France,"[1971, 1973, 1974, 1975, 1976, 1977, 1978, 1979, 1980, 1981, 1982, 1983]",143.0,135.0,3.0,0.0,3.0,3.0,31.5,False,1980,12,0.2202797202797203,0.28980562687110756,0.760094697463175,2.1583624920952498,1.6405598854450034,0.0,0.02097902097902098,0.0,0.1042618174736224
392,Max Jean[w],France,[1971],1.0,1.0,0.0,0.0,0.0,0.0,0.0,False,1970,1,0.0,0.3294688607385876,0.0,0.3010299956639812,0.0,0.0,0.0,0.0,0.0
393,Stefan Johansson,Sweden,"[1980, 1983, 1984, 1985, 1986, 1987, 1988, 1989, 1990, 1991]",103.0,79.0,0.0,0.0,12.0,0.0,88.0,False,1990,10,0.8543689320388349,0.26559527558541896,3.2168077167624864,2.0170333392987803,6.488408410823523,0.0,0.11650485436893204,0.0,0.541094085336859
394,Eddie Johnson,United States,"[1952, 1953, 1954, 1955, 1956, 1957, 1958, 1959, 1960]",9.0,9.0,0.0,0.0,0.0,0.0,1.0,False,1960,9,0.1111111111111111,0.28712460184158106,0.3869787207312032,1.0,0.3869787207312032,0.0,0.0,0.0,0.0
395,Leslie Johnson,United Kingdom,[1950],1.0,1.0,0.0,0.0,0.0,0.0,0.0,False,1950,1,0.0,0.38534107088140934,0.0,0.3010299956639812,0.0,0.0,0.0,0.0,0.0
396,Bruce Johnstone,South Africa,[1962],1.0,1.0,0.0,0.0,0.0,0.0,0.0,False,1960,1,0.0,0.28712460184158106,0.0,0.3010299956639812,0.0,0.0,0.0,0.0,0.0
397,Alan Jones,Australia,"[1975, 1976, 1977, 1978, 1979, 1980, 1981, 1983, 1985, 1986]",117.0,116.0,6.0,12.0,24.0,13.0,199.0,False,1980,10,1.7008547008547008,0.28980562687110756,5.868949886232416,2.0718820073061255,12.159771671066276,0.10256410256410256,0.20512820512820512,0.48930098712468356,0.9786019742493671
398,Tom Jones,United States,[1967],1.0,0.0,0.0,0.0,0.0,0.0,0.0,False,1970,1,0.0,0.3294688607385876,0.0,0.3010299956639812,0.0,0.0,0.0,0.0,0.0
399,Juan Jover,Spain,[1951],1.0,0.0,0.0,0.0,0.0,0.0,0.0,False,1950,1,0.0,0.38534107088140934,0.0,0.3010299956639812,0.0,0.0,0.0,0.0,0.0
400,Oswald Karch,West Germany,[1953],1.0,1.0,0.0,0.0,0.0,0.0,0.0,False,1950,1,0.0,0.38534107088140934,0.0,0.3010299956639812,0.0,0.0,0.0,0.0,0.0
401,Narain Karthikeyan,India,"[2005, 2011, 2012]",48.0,46.0,0.0,0.0,0.0,0.0,5.0,False,2010,3,0.10416666666666667,1.5761991506218638,0.06608724958744547,1.6901960800285136,0.11170041019256634,0.0,0.0,0.0,0.0
402,Ukyo Katayama,Japan,"[1992, 1993, 1994, 1995, 1996, 1997]",97.0,95.0,0.0,0.0,0.0,0.0,5.0,False,1990,6,0.05154639175257732,0.26559527558541896,0.19407872236793353,1.9912260756924949,0.3864546127161135,0.0,0.0,0.0,0.0
403,Ken Kavanagh,Australia,[1958],2.0,0.0,0.0,0.0,0.0,0.0,0.0,False,1960,1,0.0,0.28712460184158106,0.0,0.47712125471966244,0.0,0.0,0.0,0.0,0.0
404,Rupert Keegan,United Kingdom,"[1977, 1978, 1980, 1982]",37.0,25.0,0.0,0.0,0.0,0.0,0.0,False,1980,4,0.0,0.28980562687110756,0.0,1.5797835966168101,0.0,0.0,0.0,0.0,0.0
405,Eddie Keizan,South Africa,"[1973, 1974, 1975]",3.0,3.0,0.0,0.0,0.0,0.0,0.0,False,1970,3,0.0,0.3294688607385876,0.0,0.6020599913279624,0.0,0.0,0.0,0.0,0.0
406,Al Keller,United States,"[1955, 1956, 1957, 1958, 1959]",6.0,5.0,0.0,0.0,0.0,0.0,0.0,False,1960,5,0.0,0.28712460184158106,0.0,0.8450980400142568,0.0,0.0,0.0,0.0,0.0
407,Joe Kelly,Ireland,"[1950, 1951]",2.0,2.0,0.0,0.0,0.0,0.0,0.0,False,1950,2,0.0,0.38534107088140934,0.0,0.47712125471966244,0.0,0.0,0.0,0.0,0.0
408,David Kennedy,Ireland,[1980],7.0,0.0,0.0,0.0,0.0,0.0,0.0,False,1980,1,0.0,0.28980562687110756,0.0,0.9030899869919435,0.0,0.0,0.0,0.0,0.0
409,Loris Kessel,Switzerland,"[1976, 1977]",6.0,3.0,0.0,0.0,0.0,0.0,0.0,False,1980,2,0.0,0.28980562687110756,0.0,0.8450980400142568,0.0,0.0,0.0,0.0,0.0
410,Bruce Kessler,United States,[1958],1.0,0.0,0.0,0.0,0.0,0.0,0.0,False,1960,1,0.0,0.28712460184158106,0.0,0.3010299956639812,0.0,0.0,0.0,0.0,0.0
411,Nicolas Kiesa,Denmark,[2003],5.0,5.0,0.0,0.0,0.0,0.0,0.0,False,2000,1,0.0,0.6208236101235972,0.0,0.7781512503836436,0.0,0.0,0.0,0.0,0.0
412,Leo Kinnunen,Finland,[1974],6.0,1.0,0.0,0.0,0.0,0.0,0.0,False,1970,1,0.0,0.3294688607385876,0.0,0.8450980400142568,0.0,0.0,0.0,0.0,0.0
413,Danny Kladis,United States,[1954],5.0,1.0,0.0,0.0,0.0,0.0,0.0,False,1950,1,0.0,0.38534107088140934,0.0,0.7781512503836436,0.0,0.0,0.0,0.0,0.0
414,Hans Klenk,West Germany,[1952],1.0,1.0,0.0,0.0,0.0,0.0,0.0,False,1950,1,0.0,0.38534107088140934,0.0,0.3010299956639812,0.0,0.0,0.0,0.0,0.0
415,Peter de Klerk,South Africa,"[1963, 1965, 1969, 1970]",4.0,4.0,0.0,0.0,0.0,0.0,0.0,False,1970,4,0.0,0.3294688607385876,0.0,0.6989700043360189,0.0,0.0,0.0,0.0,0.0
416,Christian Klien,Austria,"[2004, 2005, 2006, 2010]",51.0,49.0,0.0,0.0,0.0,0.0,14.0,False,2010,4,0.27450980392156865,1.5761991506218638,0.1741593400892681,1.7160033436347992,0.29885800991841416,0.0,0.0,0.0,0.0
417,Karl Kling,West Germany,"[1954, 1955]",11.0,11.0,0.0,0.0,2.0,1.0,17.0,False,1950,2,1.5454545454545454,0.38534107088140934,4.010614653453763,1.0791812460476249,4.328180119131095,0.0,0.18181818181818182,0.0,0.4518012090523637
418,Ernst Klodwig,East Germany,"[1952, 1953]",2.0,2.0,0.0,0.0,0.0,0.0,0.0,False,1950,2,0.0,0.38534107088140934,0.0,0.47712125471966244,0.0,0.0,0.0,0.0,0.0
419,Kamui Kobayashi,Japan,"[2009, 2010, 2011, 2012, 2014]",76.0,75.0,0.0,0.0,1.0,1.0,125.0,False,2010,5,1.644736842105263,1.5761991506218638,1.043482888222823,1.8864907251724818,1.9685207905085493,0.0,0.013157894736842105,0.0,0.057155334498074785
420,Helmuth Koinigg,Austria,[1974],3.0,2.0,0.0,0.0,0.0,0.0,0.0,False,1970,1,0.0,0.3294688607385876,0.0,0.6020599913279624,0.0,0.0,0.0,0.0,0.0
421,Heikki Kovalainen,Finland,"[2007, 2008, 2009, 2010, 2011, 2012, 2013]",112.0,111.0,1.0,1.0,4.0,2.0,105.0,False,2010,7,0.9375,1.5761991506218638,0.5947852462870092,2.0530784434834195,1.2211407676538353,0.008928571428571428,0.03571428571428571,0.04220881980993161,0.16883527923972644
422,Mikko Kozarowitzky,Finland,[1977],2.0,0.0,0.0,0.0,0.0,0.0,0.0,False,1980,1,0.0,0.28980562687110756,0.0,0.47712125471966244,0.0,0.0,0.0,0.0,0.0
423,Willi Krakau,West Germany,[1952],1.0,0.0,0.0,0.0,0.0,0.0,0.0,False,1950,1,0.0,0.38534107088140934,0.0,0.3010299956639812,0.0,0.0,0.0,0.0,0.0
424,Rudolf Krause,East Germany,"[1952, 1953]",2.0,2.0,0.0,0.0,0.0,0.0,0.0,False,1950,2,0.0,0.38534107088140934,0.0,0.47712125471966244,0.0,0.0,0.0,0.0,0.0
425,Robert Kubica,Poland,"[2006, 2007, 2008, 2009, 2010, 2019, 2021]",99.0,99.0,1.0,1.0,12.0,1.0,274.0,False,2010,7,2.7676767676767677,1.5761991506218638,1.7559181950991571,2.0,3.5118363901983143,0.010101010101010102,0.12121212121212122,0.046516870565536286,0.5582024467864354
426,Kurt Kuhnke,West Germany,[1963],1.0,0.0,0.0,0.0,0.0,0.0,0.0,False,1960,1,0.0,0.28712460184158106,0.0,0.3010299956639812,0.0,0.0,0.0,0.0,0.0
427,Masami Kuwashima,Japan,[1976],1.0,0.0,0.0,0.0,0.0,0.0,0.0,False,1980,1,0.0,0.28980562687110756,0.0,0.3010299956639812,0.0,0.0,0.0,0.0,0.0
428,Daniil Kvyat,Russia,"[2014, 2015, 2016, 2017, 2019, 2020]",112.0,110.0,0.0,0.0,3.0,1.0,202.0,False,2020,6,1.8035714285714286,2.1194150714077686,0.8509760324453347,2.0530784434834195,1.7471205481345637,0.0,0.026785714285714284,0.0,0.12662645942979484
429,Robert La Caze,Morocco,[1958],1.0,1.0,0.0,0.0,0.0,0.0,0.0,False,1960,1,0.0,0.28712460184158106,0.0,0.3010299956639812,0.0,0.0,0.0,0.0,0.0
430,Jacques Laffite,France,"[1974, 1975, 1976, 1977, 1978, 1979, 1980, 1981, 1982, 1983, 1984, 1985, 1986]",180.0,176.0,7.0,6.0,32.0,7.0,228.0,False,1980,13,1.2666666666666666,0.28980562687110756,4.370745593666554,2.2576785748691846,9.867738683024873,0.03333333333333333,0.17777777777777778,0.17328323437552753,0.9241772500028136
431,Franck Lagorce,France,[1994],2.0,2.0,0.0,0.0,0.0,0.0,0.0,False,1990,1,0.0,0.26559527558541896,0.0,0.47712125471966244,0.0,0.0,0.0,0.0,0.0
432,Jan Lammers,Netherlands,"[1979, 1980, 1981, 1982, 1992]",41.0,23.0,0.0,0.0,0.0,0.0,0.0,False,1980,5,0.0,0.28980562687110756,0.0,1.6232492903979006,0.0,0.0,0.0,0.0,0.0
433,Pedro Lamy,Portugal,"[1993, 1994, 1995, 1996]",32.0,32.0,0.0,0.0,0.0,0.0,1.0,False,1990,4,0.03125,0.26559527558541896,0.1176602254355597,1.5185139398778875,0.1786686924930722,0.0,0.0,0.0,0.0
434,Chico Landi,Brazil,"[1951, 1952, 1953, 1956]",6.0,6.0,0.0,0.0,0.0,0.0,1.5,False,1950,4,0.25,0.38534107088140934,0.6487758998234029,0.8450980400142568,0.5482792413492436,0.0,0.0,0.0,0.0
435,Hermann Lang,West Germany,"[1953, 1954]",2.0,2.0,0.0,0.0,0.0,0.0,2.0,False,1950,2,1.0,0.38534107088140934,2.5951035992936116,0.47712125471966244,1.2381790854224801,0.0,0.0,0.0,0.0
436,Claudio Langes,Italy,[1990],14.0,0.0,0.0,0.0,0.0,0.0,0.0,False,1990,1,0.0,0.26559527558541896,0.0,1.1760912590556813,0.0,0.0,0.0,0.0,0.0
437,Nicola Larini,Italy,"[1987, 1988, 1989, 1990, 1991, 1992, 1994, 1997]",75.0,49.0,0.0,0.0,1.0,0.0,7.0,False,1990,8,0.09333333333333334,0.26559527558541896,0.35141187330087165,1.8808135922807914,0.6609402277931348,0.0,0.013333333333333334,0.0,0.057743111203817754
438,Oscar Larrauri,Argentina,"[1988, 1989]",21.0,8.0,0.0,0.0,0.0,0.0,0.0,False,1990,2,0.0,0.26559527558541896,0.0,1.3424226808222062,0.0,0.0,0.0,0.0,0.0
439,Gérard Larrousse,France,[1974],2.0,1.0,0.0,0.0,0.0,0.0,0.0,False,1970,1,0.0,0.3294688607385876,0.0,0.47712125471966244,0.0,0.0,0.0,0.0,0.0
440,Jud Larson,United States,"[1958, 1959]",5.0,2.0,0.0,0.0,0.0,0.0,0.0,False,1960,2,0.0,0.28712460184158106,0.0,0.7781512503836436,0.0,0.0,0.0,0.0,0.0
441,Nicholas Latifi,Canada,"[2020, 2021, 2022]",61.0,61.0,0.0,0.0,0.0,0.0,9.0,False,2020,3,0.14754098360655737,2.1194150714077686,0.06961401076975307,1.792391689498254,0.12477557437634734,0.0,0.0,0.0,0.0
442,Niki Lauda,Austria,"[1971, 1972, 1973, 1974, 1975, 1976, 1977, 1978, 1979, 1982, 1983, 1984, 1985]",177.0,171.0,24.0,25.0,54.0,24.0,420.5,False,1980,13,2.3757062146892656,0.28980562687110756,8.19758484449949,2.250420002308894,18.448008904685896,0.14124293785310735,0.3050847457627119,0.7318903319621589,1.5808831170382633
443,Roger Laurent,Belgium,[1952],2.0,2.0,0.0,0.0,0.0,0.0,0.0,False,1950,1,0.0,0.38534107088140934,0.0,0.47712125471966244,0.0,0.0,0.0,0.0,0.0
444,Giovanni Lavaggi,Italy,"[1995, 1996]",10.0,7.0,0.0,0.0,0.0,0.0,0.0,False,2000,2,0.0,0.6208236101235972,0.0,1.0413926851582251,0.0,0.0,0.0,0.0,0.0
445,Chris Lawrence,United Kingdom,[1966],2.0,2.0,0.0,0.0,0.0,0.0,0.0,False,1970,1,0.0,0.3294688607385876,0.0,0.47712125471966244,0.0,0.0,0.0,0.0,0.0
446,Charles Leclerc,Monaco,"[2018, 2019, 2020, 2021, 2022]",104.0,103.0,18.0,5.0,24.0,7.0,868.0,True,2020,5,8.346153846153847,2.1194150714077686,3.937951540851374,2.0211892990699383,7.959345514624772,0.04807692307692308,0.23076923076923078,0.22374809375757324,1.0739908500363515
447,Michel Leclère,France,"[1975, 1976]",8.0,7.0,0.0,0.0,0.0,0.0,0.0,False,1980,2,0.0,0.28980562687110756,0.0,0.9542425094393249,0.0,0.0,0.0,0.0,0.0
448,Neville Lederle,South Africa,"[1962, 1965]",2.0,1.0,0.0,0.0,0.0,0.0,1.0,False,1960,2,0.5,0.28712460184158106,1.7414042432904144,0.47712125471966244,0.8308609775328668,0.0,0.0,0.0,0.0
449,Geoff Lees,United Kingdom,"[1978, 1979, 1980, 1982]",12.0,5.0,0.0,0.0,0.0,0.0,0.0,False,1980,4,0.0,0.28980562687110756,0.0,1.1139433523068367,0.0,0.0,0.0,0.0,0.0
450,Gijs van Lennep,Netherlands,"[1971, 1973, 1974, 1975]",10.0,8.0,0.0,0.0,0.0,0.0,2.0,False,1970,4,0.2,0.3294688607385876,0.6070376409826699,1.0413926851582251,0.6321645589350572,0.0,0.0,0.0,0.0
451,Arthur Legat,Belgium,"[1952, 1953]",2.0,2.0,0.0,0.0,0.0,0.0,0.0,False,1950,2,0.0,0.38534107088140934,0.0,0.47712125471966244,0.0,0.0,0.0,0.0,0.0
452,JJ Lehto,Finland,"[1989, 1990, 1991, 1992, 1993, 1994]",70.0,62.0,0.0,0.0,1.0,0.0,10.0,False,1990,6,0.14285714285714285,0.26559527558541896,0.5378753162768444,1.8512583487190752,0.9957461698274213,0.0,0.014285714285714285,0.0,0.06089542681487593
453,Lamberto Leoni,Italy,"[1977, 1978]",5.0,1.0,0.0,0.0,0.0,0.0,0.0,False,1980,2,0.0,0.28980562687110756,0.0,0.7781512503836436,0.0,0.0,0.0,0.0,0.0
454,Les Leston,United Kingdom,"[1956, 1957]",3.0,2.0,0.0,0.0,0.0,0.0,0.0,False,1960,2,0.0,0.28712460184158106,0.0,0.6020599913279624,0.0,0.0,0.0,0.0,0.0
455,Pierre Levegh,France,"[1950, 1951]",6.0,6.0,0.0,0.0,0.0,0.0,0.0,False,1950,2,0.0,0.38534107088140934,0.0,0.8450980400142568,0.0,0.0,0.0,0.0,0.0
456,Bayliss Levrett,United States,[1950],3.0,1.0,0.0,0.0,0.0,0.0,0.0,False,1950,1,0.0,0.38534107088140934,0.0,0.6020599913279624,0.0,0.0,0.0,0.0,0.0
457,Jackie Lewis,United Kingdom,"[1961, 1962]",10.0,9.0,0.0,0.0,0.0,0.0,3.0,False,1960,2,0.3,0.28712460184158106,1.0448425459742485,1.0413926851582251,1.088091384519679,0.0,0.0,0.0,0.0
458,Stuart Lewis-Evans,United Kingdom,"[1957, 1958]",14.0,14.0,2.0,0.0,2.0,0.0,16.0,False,1960,2,1.1428571428571428,0.28712460184158106,3.9803525560923756,1.1760912590556813,4.681257849180182,0.0,0.14285714285714285,0.0,0.3868643144431728
459,Guy Ligier,France,"[1966, 1967]",13.0,12.0,0.0,0.0,0.0,0.0,1.0,False,1970,2,0.07692307692307693,0.3294688607385876,0.23347601576256535,1.146128035678238,0.26759340732393033,0.0,0.0,0.0,0.0
460,Andy Linden,United States,"[1951, 1952, 1953, 1954, 1955, 1956, 1957]",8.0,7.0,0.0,0.0,0.0,0.0,5.0,False,1950,7,0.625,0.38534107088140934,1.621939749558507,0.9542425094393249,1.5477238567781,0.0,0.0,0.0,0.0
461,Roberto Lippi,Italy,"[1961, 1962, 1963]",3.0,1.0,0.0,0.0,0.0,0.0,0.0,False,1960,3,0.0,0.28712460184158106,0.0,0.6020599913279624,0.0,0.0,0.0,0.0,0.0
462,Vitantonio Liuzzi,Italy,"[2005, 2006, 2007, 2009, 2010, 2011]",81.0,80.0,0.0,0.0,0.0,0.0,26.0,False,2010,6,0.32098765432098764,1.5761991506218638,0.2036466357657579,1.9138138523837167,0.3897417525198487,0.0,0.0,0.0,0.0
463,Dries van der Lof,Netherlands,[1952],1.0,1.0,0.0,0.0,0.0,0.0,0.0,False,1950,1,0.0,0.38534107088140934,0.0,0.3010299956639812,0.0,0.0,0.0,0.0,0.0
464,Lella Lombardi,Italy,"[1974, 1975, 1976]",17.0,12.0,0.0,0.0,0.0,0.0,0.5,False,1980,3,0.029411764705882353,0.28980562687110756,0.10148790078173112,1.255272505103306,0.12739497145195938,0.0,0.0,0.0,0.0
465,Ricardo Londoño,Colombia,[1981],1.0,0.0,0.0,0.0,0.0,0.0,0.0,False,1980,1,0.0,0.28980562687110756,0.0,0.3010299956639812,0.0,0.0,0.0,0.0,0.0
466,Ernst Loof,West Germany,[1953],1.0,1.0,0.0,0.0,0.0,0.0,0.0,False,1950,1,0.0,0.38534107088140934,0.0,0.3010299956639812,0.0,0.0,0.0,0.0,0.0
467,André Lotterer,Germany,[2014],1.0,1.0,0.0,0.0,0.0,0.0,0.0,False,2010,1,0.0,1.5761991506218638,0.0,0.3010299956639812,0.0,0.0,0.0,0.0,0.0
468,Henri Louveau,France,"[1950, 1951]",2.0,2.0,0.0,0.0,0.0,0.0,0.0,False,1950,2,0.0,0.38534107088140934,0.0,0.47712125471966244,0.0,0.0,0.0,0.0,0.0
469,John Love,Rhodesia,"[1962, 1963, 1964, 1965, 1967, 1968, 1969, 1970, 1971, 1972]",10.0,9.0,0.0,0.0,1.0,0.0,6.0,False,1970,10,0.6,0.3294688607385876,1.8211129229480094,1.0413926851582251,1.8964936768051714,0.0,0.1,0.0,0.23978952727983707
470,Pete Lovely,United States,"[1959, 1960, 1969, 1970, 1971]",11.0,7.0,0.0,0.0,0.0,0.0,0.0,False,1970,5,0.0,0.3294688607385876,0.0,1.0791812460476249,0.0,0.0,0.0,0.0,0.0
471,Roger Loyer,France,[1954],1.0,1.0,0.0,0.0,0.0,0.0,0.0,False,1950,1,0.0,0.38534107088140934,0.0,0.3010299956639812,0.0,0.0,0.0,0.0,0.0
472,Jean Lucas,France,[1955],1.0,1.0,0.0,0.0,0.0,0.0,0.0,False,1960,1,0.0,0.28712460184158106,0.0,0.3010299956639812,0.0,0.0,0.0,0.0,0.0
473,Jean Lucienbonnet,France,[1959],1.0,0.0,0.0,0.0,0.0,0.0,0.0,False,1960,1,0.0,0.28712460184158106,0.0,0.3010299956639812,0.0,0.0,0.0,0.0,0.0
474,Erik Lundgren,Sweden,[1951],1.0,0.0,0.0,0.0,0.0,0.0,0.0,False,1950,1,0.0,0.38534107088140934,0.0,0.3010299956639812,0.0,0.0,0.0,0.0,0.0
475,Brett Lunger,United States,"[1975, 1976, 1977, 1978]",43.0,34.0,0.0,0.0,0.0,0.0,0.0,False,1980,4,0.0,0.28980562687110756,0.0,1.6434526764861874,0.0,0.0,0.0,0.0,0.0
476,Mike MacDowel,United Kingdom,[1957],1.0,1.0,0.0,0.0,0.0,0.0,0.0,False,1960,1,0.0,0.28712460184158106,0.0,0.3010299956639812,0.0,0.0,0.0,0.0,0.0
477,Herbert MacKay-Fraser,United States,[1957],1.0,1.0,0.0,0.0,0.0,0.0,0.0,False,1960,1,0.0,0.28712460184158106,0.0,0.3010299956639812,0.0,0.0,0.0,0.0,0.0
478,Bill Mackey,United States,[1951],1.0,1.0,0.0,0.0,0.0,0.0,0.0,False,1950,1,0.0,0.38534107088140934,0.0,0.3010299956639812,0.0,0.0,0.0,0.0,0.0
479,Lance Macklin,United Kingdom,"[1952, 1953, 1954, 1955]",15.0,13.0,0.0,0.0,0.0,0.0,0.0,False,1950,4,0.0,0.38534107088140934,0.0,1.2041199826559248,0.0,0.0,0.0,0.0,0.0
480,Damien Magee,United Kingdom,"[1975, 1976]",2.0,1.0,0.0,0.0,0.0,0.0,0.0,False,1980,2,0.0,0.28980562687110756,0.0,0.47712125471966244,0.0,0.0,0.0,0.0,0.0
481,Tony Maggs,South Africa,"[1961, 1962, 1963, 1964, 1965]",27.0,25.0,0.0,0.0,3.0,0.0,26.0,False,1960,5,0.9629629629629629,0.28712460184158106,3.3538155796704276,1.4471580313422192,4.85350115176072,0.0,0.1111111111111111,0.0,0.37024494557502263
482,Mike Magill,United States,"[1957, 1958, 1959]",4.0,3.0,0.0,0.0,0.0,0.0,0.0,False,1960,3,0.0,0.28712460184158106,0.0,0.6989700043360189,0.0,0.0,0.0,0.0,0.0
483,Umberto Maglioli,Italy,"[1953, 1954, 1955, 1956, 1957]",10.0,10.0,0.0,0.0,2.0,0.0,3.33,False,1960,5,0.333,0.28712460184158106,1.159775226031416,1.0413926851582251,1.2077814368168438,0.0,0.2,0.0,0.47957905455967414
484,Jan Magnussen,Denmark,"[1995, 1997, 1998]",25.0,24.0,0.0,0.0,0.0,0.0,1.0,False,2000,3,0.04,0.6208236101235972,0.06443053928318958,1.414973347970818,0.09116749588110007,0.0,0.0,0.0,0.0
485,Kevin Magnussen,Denmark,"[2014, 2015, 2016, 2017, 2018, 2019, 2020, 2022]",143.0,142.0,1.0,0.0,1.0,2.0,183.0,True,2020,8,1.2797202797202798,2.1194150714077686,0.6038082379353175,2.1583624920952498,1.3032370531777133,0.0,0.006993006993006993,0.0,0.03475393915787413
486,Guy Mairesse,France,"[1950, 1951]",3.0,3.0,0.0,0.0,0.0,0.0,0.0,False,1950,2,0.0,0.38534107088140934,0.0,0.6020599913279624,0.0,0.0,0.0,0.0,0.0
487,Willy Mairesse,Belgium,"[1960, 1961, 1962, 1963, 1965]",13.0,12.0,0.0,0.0,1.0,0.0,7.0,False,1960,5,0.5384615384615384,0.28712460184158106,1.8753584158512155,1.146128035678238,2.1494008573522057,0.0,0.07692307692307693,0.0,0.2030044099704045
488,Pastor Maldonado,Venezuela,"[2011, 2012, 2013, 2014, 2015]",96.0,95.0,1.0,1.0,1.0,0.0,76.0,False,2010,5,0.7916666666666666,1.5761991506218638,0.5022630968645856,1.9867717342662448,0.9978821240155876,0.010416666666666666,0.010416666666666666,0.04765323935941024,0.04765323935941024
489,Nigel Mansell,United Kingdom,"[1980, 1981, 1982, 1983, 1984, 1985, 1986, 1987, 1988, 1989, 1990, 1991, 1992, 1994, 1995]",191.0,187.0,32.0,31.0,59.0,30.0,480.0,False,1990,15,2.513089005235602,0.26559527558541896,9.462099804660717,2.2833012287035497,21.604824110097432,0.16230366492146597,0.3089005235602094,0.8533107671877551,1.6240430730347597
490,Sergio Mantovani,Italy,"[1953, 1954, 1955]",8.0,7.0,0.0,0.0,0.0,0.0,4.0,False,1950,3,0.5,0.38534107088140934,1.2975517996468058,0.9542425094393249,1.2381790854224801,0.0,0.0,0.0,0.0
491,Johnny Mantz,United States,[1953],1.0,0.0,0.0,0.0,0.0,0.0,0.0,False,1950,1,0.0,0.38534107088140934,0.0,0.3010299956639812,0.0,0.0,0.0,0.0,0.0
492,Robert Manzon,France,"[1950, 1951, 1952, 1953, 1954, 1955, 1956]",29.0,28.0,0.0,0.0,2.0,0.0,16.0,False,1950,7,0.5517241379310345,0.38534107088140934,1.4317812961619925,1.4771212547196624,2.114914584670947,0.0,0.06896551724137931,0.0,0.23456533666635554
493,Onofre Marimón,Argentina,"[1951, 1953, 1954]",12.0,11.0,0.0,0.0,2.0,1.0,8.14,False,1950,3,0.6783333333333333,0.38534107088140934,1.7603452748541664,1.1139433523068367,1.96092491668855,0.0,0.16666666666666666,0.0,0.42749155957692275
494,Helmut Marko,Austria,"[1971, 1972]",10.0,10.0,0.0,0.0,0.0,0.0,0.0,False,1970,2,0.0,0.3294688607385876,0.0,1.0413926851582251,0.0,0.0,0.0,0.0,0.0
495,Tarso Marques,Brazil,"[1996, 1997, 2001]",26.0,24.0,0.0,0.0,0.0,0.0,0.0,False,2000,3,0.0,0.6208236101235972,0.0,1.4313637641589874,0.0,0.0,0.0,0.0,0.0
496,Leslie Marr,United Kingdom,"[1954, 1955]",2.0,2.0,0.0,0.0,0.0,0.0,0.0,False,1950,2,0.0,0.38534107088140934,0.0,0.47712125471966244,0.0,0.0,0.0,0.0,0.0
497,Tony Marsh,United Kingdom,"[1957, 1958, 1961]",5.0,4.0,0.0,0.0,0.0,0.0,0.0,False,1960,3,0.0,0.28712460184158106,0.0,0.7781512503836436,0.0,0.0,0.0,0.0,0.0
498,Eugène Martin,France,[1950],2.0,2.0,0.0,0.0,0.0,0.0,0.0,False,1950,1,0.0,0.38534107088140934,0.0,0.47712125471966244,0.0,0.0,0.0,0.0,0.0
499,Pierluigi Martini,Italy,"[1984, 1985, 1988, 1989, 1990, 1991, 1992, 1993, 1994, 1995]",124.0,118.0,0.0,0.0,0.0,0.0,18.0,False,1990,10,0.14516129032258066,0.26559527558541896,0.5465507246038903,2.0969100130080562,1.146067687038706,0.0,0.0,0.0,0.0
500,Jochen Mass,West Germany,"[1973, 1974, 1975, 1976, 1977, 1978, 1979, 1980, 1982]",114.0,105.0,0.0,1.0,8.0,2.0,71.0,False,1980,9,0.6228070175438597,0.28980562687110756,2.1490508112903415,2.060697840353612,4.428544365636184,0.008771929824561403,0.07017543859649122,0.04162221165230921,0.3329776932184737
501,Felipe Massa,Brazil,"[2002, 2004, 2005, 2006, 2007, 2008, 2009, 2010, 2011, 2012, 2013, 2014, 2015, 2016, 2017]",272.0,269.0,16.0,11.0,41.0,15.0,1167.0,False,2010,15,4.290441176470588,1.5761991506218638,2.722017185948783,2.436162647040756,6.6312765930114175,0.04044117647058824,0.15073529411764705,0.22685363877586234,0.8455453808918505
502,Cristiano da Matta,Brazil,"[2003, 2004]",28.0,28.0,0.0,0.0,0.0,0.0,13.0,False,2000,2,0.4642857142857143,0.6208236101235972,0.7478544738227362,1.462397997898956,1.0936608852381466,0.0,0.0,0.0,0.0
503,Michael May,Switzerland,[1961],3.0,2.0,0.0,0.0,0.0,0.0,0.0,False,1960,1,0.0,0.28712460184158106,0.0,0.6020599913279624,0.0,0.0,0.0,0.0,0.0
504,Timmy Mayer,United States,[1962],1.0,1.0,0.0,0.0,0.0,0.0,0.0,False,1960,1,0.0,0.28712460184158106,0.0,0.3010299956639812,0.0,0.0,0.0,0.0,0.0
505,Nikita Mazepin,RAF,[2021],22.0,21.0,0.0,0.0,0.0,0.0,0.0,False,2020,1,0.0,2.1194150714077686,0.0,1.3617278360175928,0.0,0.0,0.0,0.0,0.0
506,François Mazet,France,[1971],1.0,1.0,0.0,0.0,0.0,0.0,0.0,False,1970,1,0.0,0.3294688607385876,0.0,0.3010299956639812,0.0,0.0,0.0,0.0,0.0
507,Gastón Mazzacane,Argentina,"[2000, 2001]",21.0,21.0,0.0,0.0,0.0,0.0,0.0,False,2000,2,0.0,0.6208236101235972,0.0,1.3424226808222062,0.0,0.0,0.0,0.0,0.0
508,Kenneth McAlpine,United Kingdom,"[1952, 1953, 1955]",7.0,7.0,0.0,0.0,0.0,0.0,0.0,False,1950,3,0.0,0.38534107088140934,0.0,0.9030899869919435,0.0,0.0,0.0,0.0,0.0
509,Perry McCarthy,United Kingdom,[1992],11.0,0.0,0.0,0.0,0.0,0.0,0.0,False,1990,1,0.0,0.26559527558541896,0.0,1.0791812460476249,0.0,0.0,0.0,0.0,0.0
510,Ernie McCoy,United States,"[1953, 1954]",3.0,1.0,0.0,0.0,0.0,0.0,0.0,False,1950,2,0.0,0.38534107088140934,0.0,0.6020599913279624,0.0,0.0,0.0,0.0,0.0
511,Johnny McDowell,United States,"[1950, 1951, 1952]",3.0,3.0,0.0,0.0,0.0,0.0,0.0,False,1950,3,0.0,0.38534107088140934,0.0,0.6020599913279624,0.0,0.0,0.0,0.0,0.0
512,Jack McGrath,United States,"[1950, 1951, 1952, 1953, 1954, 1955]",6.0,6.0,1.0,0.0,2.0,1.0,9.0,False,1950,6,1.5,0.38534107088140934,3.892655398940417,0.8450980400142568,3.2896754480954615,0.0,0.3333333333333333,0.0,0.648636716351771
513,Brian McGuire,Australia,[1977],2.0,0.0,0.0,0.0,0.0,0.0,0.0,False,1980,1,0.0,0.28980562687110756,0.0,0.47712125471966244,0.0,0.0,0.0,0.0,0.0
514,Bruce McLaren,New Zealand,"[1958, 1959, 1960, 1961, 1962, 1963, 1964, 1965, 1966, 1967, 1968, 1969, 1970]",104.0,100.0,0.0,4.0,27.0,3.0,188.5,False,1960,13,1.8125,0.28712460184158106,6.312590381927753,2.0211892990699383,12.758940129364188,0.038461538461538464,0.25961538461538464,0.1789984750060586,1.2082397062908956
515,Allan McNish,United Kingdom,[2002],17.0,16.0,0.0,0.0,0.0,0.0,0.0,False,2000,1,0.0,0.6208236101235972,0.0,1.255272505103306,0.0,0.0,0.0,0.0,0.0
516,Graham McRae,New Zealand,[1973],1.0,1.0,0.0,0.0,0.0,0.0,0.0,False,1970,1,0.0,0.3294688607385876,0.0,0.3010299956639812,0.0,0.0,0.0,0.0,0.0
517,Jim McWithey,United States,"[1959, 1960]",5.0,2.0,0.0,0.0,0.0,0.0,0.0,False,1960,2,0.0,0.28712460184158106,0.0,0.7781512503836436,0.0,0.0,0.0,0.0,0.0
518,Carlos Menditeguy,Argentina,"[1953, 1954, 1955, 1956, 1957, 1958, 1960]",11.0,10.0,0.0,0.0,1.0,0.0,9.0,False,1960,7,0.8181818181818182,0.28712460184158106,2.849570579929769,1.0791812460476249,3.075203129149261,0.0,0.09090909090909091,0.0,0.22590060452618185
519,Roberto Merhi,Spain,[2015],14.0,13.0,0.0,0.0,0.0,0.0,0.0,False,2020,1,0.0,2.1194150714077686,0.0,1.1760912590556813,0.0,0.0,0.0,0.0,0.0
520,Harry Merkel,West Germany,[1952],1.0,0.0,0.0,0.0,0.0,0.0,0.0,False,1950,1,0.0,0.38534107088140934,0.0,0.3010299956639812,0.0,0.0,0.0,0.0,0.0
521,Arturo Merzario,Italy,"[1972, 1973, 1974, 1975, 1976, 1977, 1978, 1979]",85.0,57.0,0.0,0.0,0.0,0.0,11.0,False,1980,8,0.12941176470588237,0.28980562687110756,0.44654676343961697,1.9344984512435677,0.8638440222817668,0.0,0.0,0.0,0.0
522,Roberto Mieres,Argentina,"[1953, 1954, 1955]",17.0,17.0,0.0,0.0,0.0,1.0,13.0,False,1950,3,0.7647058823529411,0.38534107088140934,1.9844909876951145,1.255272505103306,2.49107697347898,0.0,0.0,0.0,0.0
523,François Migault,France,"[1972, 1974, 1975]",16.0,13.0,0.0,0.0,0.0,0.0,0.0,False,1970,3,0.0,0.3294688607385876,0.0,1.2304489213782739,0.0,0.0,0.0,0.0,0.0
524,John Miles,United Kingdom,"[1969, 1970]",15.0,12.0,0.0,0.0,0.0,0.0,2.0,False,1970,2,0.13333333333333333,0.3294688607385876,0.40469176065511325,1.2041199826559248,0.48729743582103063,0.0,0.0,0.0,0.0
525,Ken Miles,United Kingdom,[1961],1.0,0.0,0.0,0.0,0.0,0.0,0.0,False,1960,1,0.0,0.28712460184158106,0.0,0.3010299956639812,0.0,0.0,0.0,0.0,0.0
526,André Milhoux,Belgium,[1956],1.0,1.0,0.0,0.0,0.0,0.0,0.0,False,1960,1,0.0,0.28712460184158106,0.0,0.3010299956639812,0.0,0.0,0.0,0.0,0.0
527,Chet Miller,United States,"[1951, 1952]",4.0,2.0,0.0,0.0,0.0,0.0,0.0,False,1950,2,0.0,0.38534107088140934,0.0,0.6989700043360189,0.0,0.0,0.0,0.0,0.0
528,Gerhard Mitter,West Germany,"[1963, 1964, 1965]",7.0,5.0,0.0,0.0,0.0,0.0,3.0,False,1960,3,0.42857142857142855,0.28712460184158106,1.4926322085346408,0.9030899869919435,1.3479812017893047,0.0,0.0,0.0,0.0
529,Stefano Modena,Italy,"[1987, 1988, 1989, 1990, 1991, 1992]",81.0,70.0,0.0,0.0,2.0,0.0,17.0,False,1990,6,0.20987654320987653,0.26559527558541896,0.7902118844067219,1.9138138523837167,1.5123184506958245,0.0,0.024691358024691357,0.0,0.10880788264850008
530,Thomas Monarch,United States,[1963],1.0,0.0,0.0,0.0,0.0,0.0,0.0,False,1960,1,0.0,0.28712460184158106,0.0,0.3010299956639812,0.0,0.0,0.0,0.0,0.0
531,Franck Montagny,France,[2006],7.0,7.0,0.0,0.0,0.0,0.0,0.0,False,2010,1,0.0,1.5761991506218638,0.0,0.9030899869919435,0.0,0.0,0.0,0.0,0.0
532,Tiago Monteiro,Portugal,"[2005, 2006]",37.0,37.0,0.0,0.0,1.0,0.0,7.0,False,2010,2,0.1891891891891892,1.5761991506218638,0.12002873438584691,1.5797835966168101,0.18961942570543702,0.0,0.02702702702702703,0.0,0.09831313945206448
533,Andrea Montermini,Italy,"[1994, 1995, 1996]",29.0,19.0,0.0,0.0,0.0,0.0,0.0,False,2000,3,0.0,0.6208236101235972,0.0,1.4771212547196624,0.0,0.0,0.0,0.0,0.0
534,Peter Monteverdi,Switzerland,[1961],1.0,0.0,0.0,0.0,0.0,0.0,0.0,False,1960,1,0.0,0.28712460184158106,0.0,0.3010299956639812,0.0,0.0,0.0,0.0,0.0
535,Robin Montgomerie-Charrington,United Kingdom,[1952],1.0,1.0,0.0,0.0,0.0,0.0,0.0,False,1950,1,0.0,0.38534107088140934,0.0,0.3010299956639812,0.0,0.0,0.0,0.0,0.0
536,Juan Pablo Montoya,Colombia,"[2001, 2002, 2003, 2004, 2005, 2006]",95.0,94.0,13.0,7.0,30.0,12.0,307.0,False,2000,6,3.231578947368421,0.6208236101235972,5.205309357878736,1.9822712330395684,10.318334999194686,0.07368421052631578,0.3157894736842105,0.33632039305552475,1.441373113095106
537,Gianni Morbidelli,Italy,"[1990, 1991, 1992, 1994, 1995, 1997]",70.0,67.0,0.0,0.0,1.0,0.0,8.5,False,1990,6,0.12142857142857143,0.26559527558541896,0.4571940188353177,1.8512583487190752,0.846384244353308,0.0,0.014285714285714285,0.0,0.06089542681487593
538,Roberto Moreno,Brazil,"[1982, 1987, 1989, 1990, 1991, 1992, 1995]",77.0,41.0,0.0,0.0,1.0,1.0,15.0,False,1990,7,0.19480519480519481,0.26559527558541896,0.733466340377515,1.8920946026904804,1.387787703883435,0.0,0.012987012987012988,0.0,0.056580634112851844
539,Dave Morgan,United Kingdom,[1975],1.0,1.0,0.0,0.0,0.0,0.0,0.0,False,1980,1,0.0,0.28980562687110756,0.0,0.3010299956639812,0.0,0.0,0.0,0.0,0.0
540,Silvio Moser,Switzerland,"[1967, 1968, 1969, 1970, 1971]",20.0,12.0,0.0,0.0,0.0,0.0,3.0,False,1970,5,0.15,0.3294688607385876,0.45527823073700235,1.3222192947339193,0.6019776611527858,0.0,0.0,0.0,0.0
541,Bill Moss,United Kingdom,[1959],1.0,0.0,0.0,0.0,0.0,0.0,0.0,False,1960,1,0.0,0.28712460184158106,0.0,0.3010299956639812,0.0,0.0,0.0,0.0,0.0
542,Stirling Moss,United Kingdom,"[1951, 1952, 1953, 1954, 1955, 1956, 1957, 1958, 1959, 1960, 1961]",67.0,66.0,16.0,16.0,24.0,19.0,185.64,False,1960,11,2.7707462686567164,0.28712460184158106,9.649978618639777,1.8325089127062364,17.683671826082005,0.23880597014925373,0.3582089552238806,1.0076436310868315,1.5114654466302473
543,Gino Munaron,Italy,[1960],4.0,4.0,0.0,0.0,0.0,0.0,0.0,False,1960,1,0.0,0.28712460184158106,0.0,0.6989700043360189,0.0,0.0,0.0,0.0,0.0
544,David Murray,United Kingdom,"[1950, 1951, 1952]",5.0,4.0,0.0,0.0,0.0,0.0,0.0,False,1950,3,0.0,0.38534107088140934,0.0,0.7781512503836436,0.0,0.0,0.0,0.0,0.0
545,Luigi Musso,Italy,"[1953, 1954, 1955, 1956, 1957, 1958]",25.0,24.0,0.0,1.0,7.0,1.0,44.0,False,1960,6,1.76,0.28712460184158106,6.129742936382259,1.414973347970818,8.673422884893277,0.04,0.28,0.13032386152085929,0.9122670306460151
546,Kazuki Nakajima,Japan,"[2007, 2008, 2009]",36.0,36.0,0.0,0.0,0.0,0.0,9.0,False,2010,3,0.25,1.5761991506218638,0.15860939900986912,1.568201724066995,0.24873153298050668,0.0,0.0,0.0,0.0
547,Satoru Nakajima,Japan,"[1987, 1988, 1989, 1990, 1991]",80.0,74.0,0.0,0.0,0.0,1.0,16.0,False,1990,5,0.2,0.26559527558541896,0.7530254427875821,1.9084850188786497,1.4371377763945623,0.0,0.0,0.0,0.0
548,Shinji Nakano,Japan,"[1997, 1998]",33.0,33.0,0.0,0.0,0.0,0.0,2.0,False,2000,2,0.06060606060606061,0.6208236101235972,0.09762202921695391,1.5314789170422551,0.14950607958464796,0.0,0.0,0.0,0.0
549,Duke Nalon,United States,"[1951, 1952, 1953]",5.0,3.0,1.0,0.0,0.0,0.0,0.0,False,1950,3,0.0,0.38534107088140934,0.0,0.7781512503836436,0.0,0.0,0.0,0.0,0.0
550,Alessandro Nannini,Italy,"[1986, 1987, 1988, 1989, 1990]",78.0,76.0,0.0,1.0,9.0,2.0,65.0,False,1990,5,0.8333333333333334,0.26559527558541896,3.1376060116149254,1.8976270912904414,5.954006169436234,0.01282051282051282,0.11538461538461539,0.05601856221111566,0.504167059900041
551,Emanuele Naspetti,Italy,"[1992, 1993]",6.0,6.0,0.0,0.0,0.0,0.0,0.0,False,1990,2,0.0,0.26559527558541896,0.0,0.8450980400142568,0.0,0.0,0.0,0.0,0.0
552,Felipe Nasr,Brazil,"[2015, 2016]",40.0,39.0,0.0,0.0,0.0,0.0,29.0,False,2020,2,0.725,2.1194150714077686,0.34207551403248104,1.6127838567197355,0.5516938668106908,0.0,0.0,0.0,0.0
553,Massimo Natili,Italy,[1961],2.0,1.0,0.0,0.0,0.0,0.0,0.0,False,1960,1,0.0,0.28712460184158106,0.0,0.47712125471966244,0.0,0.0,0.0,0.0,0.0
554,Brian Naylor,United Kingdom,"[1957, 1958, 1959, 1960, 1961]",8.0,7.0,0.0,0.0,0.0,0.0,0.0,False,1960,5,0.0,0.28712460184158106,0.0,0.9542425094393249,0.0,0.0,0.0,0.0,0.0
555,Mike Nazaruk,United States,"[1951, 1953, 1954]",4.0,3.0,0.0,0.0,1.0,0.0,8.0,False,1950,3,2.0,0.38534107088140934,5.190207198587223,0.6989700043360189,3.6277991481013476,0.0,0.25,0.0,0.40235947810852507
556,Tiff Needell,United Kingdom,[1980],2.0,1.0,0.0,0.0,0.0,0.0,0.0,False,1980,1,0.0,0.28980562687110756,0.0,0.47712125471966244,0.0,0.0,0.0,0.0,0.0
557,Jac Nellemann,Denmark,[1976],1.0,0.0,0.0,0.0,0.0,0.0,0.0,False,1980,1,0.0,0.28980562687110756,0.0,0.3010299956639812,0.0,0.0,0.0,0.0,0.0
558,Patrick Nève,Belgium,"[1976, 1977, 1978]",14.0,10.0,0.0,0.0,0.0,0.0,0.0,False,1980,3,0.0,0.28980562687110756,0.0,1.1760912590556813,0.0,0.0,0.0,0.0,0.0
559,John Nicholson,New Zealand,"[1974, 1975]",2.0,1.0,0.0,0.0,0.0,0.0,0.0,False,1970,2,0.0,0.3294688607385876,0.0,0.47712125471966244,0.0,0.0,0.0,0.0,0.0
560,Cal Niday,United States,"[1953, 1954, 1955]",3.0,3.0,0.0,0.0,0.0,0.0,0.0,False,1950,3,0.0,0.38534107088140934,0.0,0.6020599913279624,0.0,0.0,0.0,0.0,0.0
561,Helmut Niedermayr,West Germany,[1952],1.0,1.0,0.0,0.0,0.0,0.0,0.0,False,1950,1,0.0,0.38534107088140934,0.0,0.3010299956639812,0.0,0.0,0.0,0.0,0.0
562,Brausch Niemann,South Africa,"[1963, 1965]",2.0,1.0,0.0,0.0,0.0,0.0,0.0,False,1960,2,0.0,0.28712460184158106,0.0,0.47712125471966244,0.0,0.0,0.0,0.0,0.0
563,Gunnar Nilsson,Sweden,"[1976, 1977]",32.0,31.0,0.0,1.0,4.0,1.0,31.0,False,1980,2,0.96875,0.28980562687110756,3.342757731998269,1.5185139398778875,5.076024213673963,0.03125,0.125,0.10926586129582751,0.43706344518331003
564,Hideki Noda,Japan,[1994],3.0,3.0,0.0,0.0,0.0,0.0,0.0,False,1990,1,0.0,0.26559527558541896,0.0,0.6020599913279624,0.0,0.0,0.0,0.0,0.0
565,Lando Norris,United Kingdom,"[2019, 2020, 2021, 2022]",83.0,83.0,1.0,0.0,6.0,5.0,428.0,True,2020,4,5.156626506024097,2.1194150714077686,2.4330422934092546,1.9242792860618816,4.681852887319923,0.0,0.07228915662650602,0.0,0.3203000095549383
566,Rodney Nuckey,United Kingdom,[1953],2.0,1.0,0.0,0.0,0.0,0.0,0.0,False,1950,1,0.0,0.38534107088140934,0.0,0.47712125471966244,0.0,0.0,0.0,0.0,0.0
567,Robert O'Brien,United States,[1952],1.0,1.0,0.0,0.0,0.0,0.0,0.0,False,1950,1,0.0,0.38534107088140934,0.0,0.3010299956639812,0.0,0.0,0.0,0.0,0.0
568,Esteban Ocon,France,"[2016, 2017, 2018, 2020, 2021, 2022]",112.0,112.0,0.0,1.0,2.0,0.0,364.0,True,2020,6,3.25,2.1194150714077686,1.5334419594559496,2.0530784434834195,3.148276631291986,0.008928571428571428,0.017857142857142856,0.04220881980993161,0.08441763961986322
569,Pat O'Connor,United States,"[1954, 1955, 1956, 1957, 1958]",6.0,5.0,1.0,0.0,0.0,0.0,0.0,False,1960,5,0.0,0.28712460184158106,0.0,0.8450980400142568,0.0,0.0,0.0,0.0,0.0
570,Casimiro de Oliveira,Portugal,[1958],1.0,0.0,0.0,0.0,0.0,0.0,0.0,False,1960,1,0.0,0.28712460184158106,0.0,0.3010299956639812,0.0,0.0,0.0,0.0,0.0
571,Jackie Oliver,United Kingdom,"[1968, 1969, 1970, 1971, 1972, 1973, 1977]",52.0,50.0,0.0,0.0,2.0,1.0,13.0,False,1970,7,0.25,0.3294688607385876,0.7587970512283373,1.724275869600789,1.3083754453572556,0.0,0.038461538461538464,0.0,0.15270353513662008
572,Danny Ongais,United States,"[1977, 1978]",6.0,4.0,0.0,0.0,0.0,0.0,0.0,False,1980,2,0.0,0.28980562687110756,0.0,0.8450980400142568,0.0,0.0,0.0,0.0,0.0
573,Rikky von Opel,Liechtenstein,"[1973, 1974]",14.0,10.0,0.0,0.0,0.0,0.0,0.0,False,1970,2,0.0,0.3294688607385876,0.0,1.1760912590556813,0.0,0.0,0.0,0.0,0.0
574,Karl Oppitzhauser,Austria,[1976],1.0,0.0,0.0,0.0,0.0,0.0,0.0,False,1980,1,0.0,0.28980562687110756,0.0,0.3010299956639812,0.0,0.0,0.0,0.0,0.0
575,Fritz d'Orey,Brazil,[1959],3.0,3.0,0.0,0.0,0.0,0.0,0.0,False,1960,1,0.0,0.28712460184158106,0.0,0.6020599913279624,0.0,0.0,0.0,0.0,0.0
576,Arthur Owen,United Kingdom,[1960],1.0,1.0,0.0,0.0,0.0,0.0,0.0,False,1960,1,0.0,0.28712460184158106,0.0,0.3010299956639812,0.0,0.0,0.0,0.0,0.0
577,Carlos Pace,Brazil,"[1972, 1973, 1974, 1975, 1976, 1977]",73.0,72.0,1.0,1.0,6.0,5.0,58.0,False,1970,6,0.7945205479452054,0.3294688607385876,2.4115193956845786,1.8692317197309762,4.50768854716009,0.0136986301369863,0.0821917808219178,0.058959795797317395,0.3537587747839044
578,Nello Pagani,Italy,[1950],1.0,1.0,0.0,0.0,0.0,0.0,0.0,False,1950,1,0.0,0.38534107088140934,0.0,0.3010299956639812,0.0,0.0,0.0,0.0,0.0
579,Riccardo Paletti,Italy,[1982],8.0,2.0,0.0,0.0,0.0,0.0,0.0,False,1980,1,0.0,0.28980562687110756,0.0,0.9542425094393249,0.0,0.0,0.0,0.0,0.0
580,Torsten Palm,Sweden,[1975],2.0,1.0,0.0,0.0,0.0,0.0,0.0,False,1980,1,0.0,0.28980562687110756,0.0,0.47712125471966244,0.0,0.0,0.0,0.0,0.0
581,Jolyon Palmer,United Kingdom,"[2016, 2017]",37.0,35.0,0.0,0.0,0.0,0.0,9.0,False,2020,2,0.24324324324324326,2.1194150714077686,0.11476904478256587,1.5797835966168101,0.18131025434687767,0.0,0.0,0.0,0.0
582,Jonathan Palmer,United Kingdom,"[1983, 1984, 1985, 1986, 1987, 1988, 1989]",88.0,83.0,0.0,0.0,0.0,1.0,14.0,False,1990,7,0.1590909090909091,0.26559527558541896,0.5989975113083039,1.9493900066449128,1.1676797625495807,0.0,0.0,0.0,0.0
583,Olivier Panis,France,"[1994, 1995, 1996, 1997, 1998, 1999, 2001, 2002, 2003, 2004]",158.0,157.0,0.0,1.0,5.0,0.0,76.0,False,2000,10,0.4810126582278481,0.6208236101235972,0.7747976242915202,2.2013971243204513,1.7056372620456701,0.006329113924050633,0.03164556962025317,0.032081672165950835,0.16040836082975418
584,Giorgio Pantano,Italy,[2004],15.0,14.0,0.0,0.0,0.0,0.0,0.0,False,2000,1,0.0,0.6208236101235972,0.0,1.2041199826559248,0.0,0.0,0.0,0.0,0.0
585,Massimiliano Papis,Italy,[1995],7.0,7.0,0.0,0.0,0.0,0.0,0.0,False,2000,1,0.0,0.6208236101235972,0.0,0.9030899869919435,0.0,0.0,0.0,0.0,0.0
586,Mike Parkes,United Kingdom,"[1959, 1966, 1967]",7.0,6.0,1.0,0.0,2.0,0.0,14.0,False,1960,3,2.0,0.28712460184158106,6.965616973161658,0.9030899869919435,6.290578941683423,0.0,0.2857142857142857,0.0,0.5941261547656673
587,Reg Parnell,United Kingdom,"[1950, 1951, 1952, 1954]",7.0,6.0,0.0,0.0,1.0,0.0,9.0,False,1950,4,1.2857142857142858,0.38534107088140934,3.336561770520358,0.9030899869919435,3.013215525937046,0.0,0.14285714285714285,0.0,0.29706307738283366
588,Tim Parnell,United Kingdom,"[1959, 1961, 1963]",4.0,2.0,0.0,0.0,0.0,0.0,0.0,False,1960,3,0.0,0.28712460184158106,0.0,0.6989700043360189,0.0,0.0,0.0,0.0,0.0
589,Johnnie Parsons,United States,"[1950, 1951, 1952, 1953, 1954, 1955, 1956, 1957, 1958]",9.0,9.0,0.0,1.0,1.0,1.0,12.0,False,1950,9,1.3333333333333333,0.38534107088140934,3.4601381323914815,1.0,3.4601381323914815,0.1111111111111111,0.1111111111111111,0.2558427881104495,0.2558427881104495
590,Riccardo Patrese,Italy,"[1977, 1978, 1979, 1980, 1981, 1982, 1983, 1984, 1985, 1986, 1987, 1988, 1989, 1990, 1991, 1992, 1993]",257.0,256.0,8.0,6.0,37.0,13.0,281.0,False,1980,17,1.093385214007782,0.28980562687110756,3.7728225839247433,2.41161970596323,9.098613290496024,0.023346303501945526,0.14396887159533073,0.12964107980361753,0.7994533254556413
591,Al Pease,Canada,"[1967, 1968, 1969]",3.0,2.0,0.0,0.0,0.0,0.0,0.0,False,1970,3,0.0,0.3294688607385876,0.0,0.6020599913279624,0.0,0.0,0.0,0.0,0.0
592,Roger Penske,United States,"[1961, 1962]",2.0,2.0,0.0,0.0,0.0,0.0,0.0,False,1960,2,0.0,0.28712460184158106,0.0,0.47712125471966244,0.0,0.0,0.0,0.0,0.0
593,Cesare Perdisa,Italy,"[1955, 1956, 1957]",8.0,8.0,0.0,0.0,2.0,0.0,5.0,False,1960,3,0.625,0.28712460184158106,2.176755304113018,0.9542425094393249,2.077152443832167,0.0,0.25,0.0,0.5493061443340549
594,Sergio Pérez,Mexico,"[2011, 2012, 2013, 2014, 2015, 2016, 2017, 2018, 2019, 2020, 2021, 2022]",240.0,236.0,1.0,4.0,27.0,9.0,1219.0,True,2020,12,5.079166666666667,2.1194150714077686,2.3964945494574392,2.3820170425748683,5.708490859245401,0.016666666666666666,0.1125,0.09141328222484424,0.6170396550176986
595,Luis Pérez-Sala,Spain,"[1988, 1989]",32.0,26.0,0.0,0.0,0.0,0.0,1.0,False,1990,2,0.03125,0.26559527558541896,0.1176602254355597,1.5185139398778875,0.1786686924930722,0.0,0.0,0.0,0.0
596,Larry Perkins,Australia,"[1974, 1976, 1977]",15.0,11.0,0.0,0.0,0.0,0.0,0.0,False,1980,3,0.0,0.28980562687110756,0.0,1.2041199826559248,0.0,0.0,0.0,0.0,0.0
597,Henri Pescarolo,France,"[1968, 1970, 1971, 1972, 1973, 1974, 1976]",64.0,57.0,0.0,0.0,1.0,1.0,12.0,False,1970,7,0.1875,0.3294688607385876,0.569097788421253,1.8129133566428555,1.0317249818647993,0.0,0.015625,0.0,0.06522480109211932
598,Alessandro Pesenti-Rossi,Italy,[1976],4.0,3.0,0.0,0.0,0.0,0.0,0.0,False,1980,1,0.0,0.28980562687110756,0.0,0.6989700043360189,0.0,0.0,0.0,0.0,0.0
599,Josef Peters,West Germany,[1952],1.0,1.0,0.0,0.0,0.0,0.0,0.0,False,1950,1,0.0,0.38534107088140934,0.0,0.3010299956639812,0.0,0.0,0.0,0.0,0.0
600,Ronnie Peterson,Sweden,"[1970, 1971, 1972, 1973, 1974, 1975, 1976, 1977, 1978]",123.0,123.0,14.0,10.0,26.0,9.0,206.0,False,1970,9,1.6747967479674797,0.3294688607385876,5.08332333505813,2.093421685162235,10.641539302301902,0.08130081300813008,0.21138211382113822,0.3918928102117916,1.0189213065506584
601,Vitaly Petrov,Russia,"[2010, 2011, 2012]",58.0,57.0,0.0,0.0,1.0,1.0,64.0,False,2010,3,1.103448275862069,1.5761991506218638,0.7000690714918362,1.7708520116421442,1.2397187235397662,0.0,0.017241379310344827,0.0,0.07030236972251241
602,Alfredo Pián,Argentina,[1950],1.0,0.0,0.0,0.0,0.0,0.0,0.0,False,1950,1,0.0,0.38534107088140934,0.0,0.3010299956639812,0.0,0.0,0.0,0.0,0.0
603,Oscar Piastri,Australia,[2023],1.0,1.0,0.0,0.0,0.0,0.0,0.0,True,2020,1,0.0,2.1194150714077686,0.0,0.3010299956639812,0.0,0.0,0.0,0.0,0.0
604,Charles Pic,France,"[2012, 2013]",39.0,39.0,0.0,0.0,0.0,0.0,0.0,False,2010,2,0.0,1.5761991506218638,0.0,1.6020599913279623,0.0,0.0,0.0,0.0,0.0
605,François Picard,France,[1958],1.0,1.0,0.0,0.0,0.0,0.0,0.0,False,1960,1,0.0,0.28712460184158106,0.0,0.3010299956639812,0.0,0.0,0.0,0.0,0.0
606,Ernie Pieterse,South Africa,"[1962, 1963, 1965]",3.0,2.0,0.0,0.0,0.0,0.0,0.0,False,1960,3,0.0,0.28712460184158106,0.0,0.6020599913279624,0.0,0.0,0.0,0.0,0.0
607,Paul Pietsch,West Germany,"[1950, 1951, 1952]",3.0,3.0,0.0,0.0,0.0,0.0,0.0,False,1950,3,0.0,0.38534107088140934,0.0,0.6020599913279624,0.0,0.0,0.0,0.0,0.0
608,André Pilette,Belgium,"[1951, 1953, 1954, 1956, 1961, 1963, 1964]",14.0,9.0,0.0,0.0,0.0,0.0,2.0,False,1960,7,0.14285714285714285,0.28712460184158106,0.49754406951154695,1.1760912590556813,0.5851572311475227,0.0,0.0,0.0,0.0
609,Teddy Pilette,Belgium,"[1974, 1977]",4.0,1.0,0.0,0.0,0.0,0.0,0.0,False,1980,2,0.0,0.28980562687110756,0.0,0.6989700043360189,0.0,0.0,0.0,0.0,0.0
610,Luigi Piotti,Italy,"[1955, 1956, 1957, 1958]",8.0,5.0,0.0,0.0,0.0,0.0,0.0,False,1960,4,0.0,0.28712460184158106,0.0,0.9542425094393249,0.0,0.0,0.0,0.0,0.0
611,David Piper,United Kingdom,"[1959, 1960]",3.0,2.0,0.0,0.0,0.0,0.0,0.0,False,1960,2,0.0,0.28712460184158106,0.0,0.6020599913279624,0.0,0.0,0.0,0.0,0.0
612,Nelson Piquet,Brazil,"[1978, 1979, 1980, 1981, 1982, 1983, 1984, 1985, 1986, 1987, 1988, 1989, 1990, 1991]",207.0,204.0,24.0,23.0,60.0,23.0,481.5,False,1980,14,2.3260869565217392,0.28980562687110756,8.026369196607344,2.3180633349627615,18.605632147530002,0.1111111111111111,0.2898550724637681,0.5930597866334797,1.5471124868699473
613,Nelson Piquet Jr.,Brazil,"[2008, 2009]",28.0,28.0,0.0,0.0,1.0,0.0,19.0,False,2010,2,0.6785714285714286,1.5761991506218638,0.4305112258839305,1.462397997898956,0.6295787548056851,0.0,0.03571428571428571,0.0,0.12026056535665978
614,Renato Pirocchi,Italy,[1961],1.0,1.0,0.0,0.0,0.0,0.0,0.0,False,1960,1,0.0,0.28712460184158106,0.0,0.3010299956639812,0.0,0.0,0.0,0.0,0.0
615,Didier Pironi,France,"[1978, 1979, 1980, 1981, 1982]",72.0,70.0,4.0,3.0,13.0,5.0,101.0,False,1980,5,1.4027777777777777,0.28980562687110756,4.840409045617564,1.863322860120456,9.019244827033045,0.041666666666666664,0.18055555555555555,0.17876914338118294,0.7746662879851262
616,Emanuele Pirro,Italy,"[1989, 1990, 1991]",40.0,37.0,0.0,0.0,0.0,0.0,3.0,False,1990,3,0.075,0.26559527558541896,0.2823845410453433,1.6127838567197355,0.45542522918514117,0.0,0.0,0.0,0.0
617,Antônio Pizzonia,Brazil,"[2003, 2004, 2005]",20.0,20.0,0.0,0.0,0.0,0.0,8.0,False,2000,3,0.4,0.6208236101235972,0.6443053928318958,1.3222192947339193,0.8519130221034501,0.0,0.0,0.0,0.0
618,Eric van de Poele,Belgium,"[1991, 1992]",29.0,5.0,0.0,0.0,0.0,0.0,0.0,False,1990,2,0.0,0.26559527558541896,0.0,1.4771212547196624,0.0,0.0,0.0,0.0,0.0
619,Jacques Pollet,France,"[1954, 1955]",5.0,5.0,0.0,0.0,0.0,0.0,0.0,False,1950,2,0.0,0.38534107088140934,0.0,0.7781512503836436,0.0,0.0,0.0,0.0,0.0
620,Ben Pon,Netherlands,[1962],1.0,1.0,0.0,0.0,0.0,0.0,0.0,False,1960,1,0.0,0.28712460184158106,0.0,0.3010299956639812,0.0,0.0,0.0,0.0,0.0
621,Dennis Poore,United Kingdom,[1952],2.0,2.0,0.0,0.0,0.0,0.0,3.0,False,1950,1,1.5,0.38534107088140934,3.892655398940417,0.47712125471966244,1.8572686281337198,0.0,0.0,0.0,0.0
622,Alfonso de Portago,Spain,"[1956, 1957]",5.0,5.0,0.0,0.0,1.0,0.0,4.0,False,1960,2,0.8,0.28712460184158106,2.786246789264663,0.7781512503836436,2.16812142294371,0.0,0.2,0.0,0.358351893845611
623,Sam Posey,United States,"[1971, 1972]",2.0,2.0,0.0,0.0,0.0,0.0,0.0,False,1970,2,0.0,0.3294688607385876,0.0,0.47712125471966244,0.0,0.0,0.0,0.0,0.0
624,Charles Pozzi,France,[1950],1.0,1.0,0.0,0.0,0.0,0.0,0.0,False,1950,1,0.0,0.38534107088140934,0.0,0.3010299956639812,0.0,0.0,0.0,0.0,0.0
625,Jackie Pretorius,South Africa,"[1965, 1968, 1971, 1973]",4.0,3.0,0.0,0.0,0.0,0.0,0.0,False,1970,4,0.0,0.3294688607385876,0.0,0.6989700043360189,0.0,0.0,0.0,0.0,0.0
626,Ernesto Prinoth,Italy,[1962],1.0,0.0,0.0,0.0,0.0,0.0,0.0,False,1960,1,0.0,0.28712460184158106,0.0,0.3010299956639812,0.0,0.0,0.0,0.0,0.0
627,David Prophet,United Kingdom,"[1963, 1965]",2.0,2.0,0.0,0.0,0.0,0.0,0.0,False,1960,2,0.0,0.28712460184158106,0.0,0.47712125471966244,0.0,0.0,0.0,0.0,0.0
628,Alain Prost,France,"[1980, 1981, 1982, 1983, 1984, 1985, 1986, 1987, 1988, 1989, 1990, 1991, 1993]",202.0,199.0,33.0,51.0,106.0,41.0,768.5,False,1990,13,3.8044554455445545,0.26559527558541896,14.32425873223408,2.307496037913213,33.05317027067388,0.2524752475247525,0.5247524752475248,1.34145299470857,2.788117989002126
629,Tom Pryce,United Kingdom,"[1974, 1975, 1976, 1977]",42.0,42.0,1.0,0.0,2.0,0.0,19.0,False,1980,4,0.4523809523809524,0.28980562687110756,1.5609805691666263,1.6334684555795864,2.549812519506353,0.0,0.047619047619047616,0.0,0.17910476741397915
630,David Purley,United Kingdom,"[1973, 1974, 1977]",11.0,7.0,0.0,0.0,0.0,0.0,0.0,False,1970,3,0.0,0.3294688607385876,0.0,1.0791812460476249,0.0,0.0,0.0,0.0,0.0
631,Clive Puzey,Rhodesia,[1965],1.0,0.0,0.0,0.0,0.0,0.0,0.0,False,1960,1,0.0,0.28712460184158106,0.0,0.3010299956639812,0.0,0.0,0.0,0.0,0.0
632,Dieter Quester,Austria,"[1969, 1974]",2.0,1.0,0.0,0.0,0.0,0.0,0.0,False,1970,2,0.0,0.3294688607385876,0.0,0.47712125471966244,0.0,0.0,0.0,0.0,0.0
633,Ian Raby,United Kingdom,"[1963, 1964, 1965]",7.0,3.0,0.0,0.0,0.0,0.0,0.0,False,1960,3,0.0,0.28712460184158106,0.0,0.9030899869919435,0.0,0.0,0.0,0.0,0.0
634,Bobby Rahal,United States,[1978],2.0,2.0,0.0,0.0,0.0,0.0,0.0,False,1980,1,0.0,0.28980562687110756,0.0,0.47712125471966244,0.0,0.0,0.0,0.0,0.0
635,Kimi Räikkönen,Finland,"[2001, 2002, 2003, 2004, 2005, 2006, 2007, 2008, 2009, 2012, 2013, 2014, 2015, 2016, 2017, 2018, 2019, 2020, 2021]",353.0,349.0,18.0,21.0,103.0,46.0,1873.0,False,2010,19,5.305949008498583,1.5761991506218638,3.366293533659885,2.5490032620257876,8.580693198235362,0.059490084985835696,0.29178470254957506,0.3491649721694313,1.7125710539738774
636,Hermano da Silva Ramos,Brazil,"[1955, 1956]",7.0,7.0,0.0,0.0,0.0,0.0,2.0,False,1960,2,0.2857142857142857,0.28712460184158106,0.9950881390230939,0.9030899869919435,0.8986541345262031,0.0,0.0,0.0,0.0
637,Pierre-Henri Raphanel,France,"[1988, 1989]",17.0,1.0,0.0,0.0,0.0,0.0,0.0,False,1990,2,0.0,0.26559527558541896,0.0,1.255272505103306,0.0,0.0,0.0,0.0,0.0
638,Dick Rathmann,United States,"[1950, 1956, 1958, 1959, 1960]",6.0,5.0,1.0,0.0,0.0,0.0,2.0,False,1960,5,0.3333333333333333,0.28712460184158106,1.1609361621936096,0.8450980400142568,0.9811048752514928,0.0,0.0,0.0,0.0
639,Jim Rathmann,United States,"[1950, 1952, 1953, 1954, 1955, 1956, 1957, 1958, 1959, 1960]",10.0,10.0,0.0,1.0,4.0,2.0,29.0,False,1960,10,2.9,0.28712460184158106,10.100144611084403,1.0413926851582251,10.518216717023563,0.1,0.4,0.23978952727983707,0.9591581091193483
640,Roland Ratzenberger,Austria,[1994],3.0,1.0,0.0,0.0,0.0,0.0,0.0,False,1990,1,0.0,0.26559527558541896,0.0,0.6020599913279624,0.0,0.0,0.0,0.0,0.0
641,Héctor Rebaque,Mexico,"[1977, 1978, 1979, 1980, 1981]",58.0,41.0,0.0,0.0,0.0,0.0,13.0,False,1980,5,0.22413793103448276,0.28980562687110756,0.7734077956125026,1.7708520116421442,1.3695907506801166,0.0,0.0,0.0,0.0
642,Brian Redman,United Kingdom,"[1968, 1970, 1971, 1972, 1973, 1974]",15.0,12.0,0.0,0.0,1.0,0.0,8.0,False,1970,6,0.5333333333333333,0.3294688607385876,1.618767042620453,1.2041199826559248,1.9491897432841225,0.0,0.06666666666666667,0.0,0.18483924814931874
643,Jimmy Reece,United States,"[1952, 1954, 1955, 1956, 1957, 1958]",6.0,6.0,0.0,0.0,0.0,0.0,0.0,False,1960,6,0.0,0.28712460184158106,0.0,0.8450980400142568,0.0,0.0,0.0,0.0,0.0
644,Ray Reed,Rhodesia,[1965],1.0,0.0,0.0,0.0,0.0,0.0,0.0,False,1960,1,0.0,0.28712460184158106,0.0,0.3010299956639812,0.0,0.0,0.0,0.0,0.0
645,Alan Rees,United Kingdom,[1967],1.0,1.0,0.0,0.0,0.0,0.0,0.0,False,1970,1,0.0,0.3294688607385876,0.0,0.3010299956639812,0.0,0.0,0.0,0.0,0.0
646,Clay Regazzoni,Switzerland,"[1970, 1971, 1972, 1973, 1974, 1975, 1976, 1977, 1978, 1979, 1980]",139.0,132.0,5.0,5.0,28.0,15.0,209.0,False,1980,11,1.5035971223021583,0.28980562687110756,5.188295129172527,2.146128035678238,11.134745634090006,0.03597122302158273,0.2014388489208633,0.17775692167659365,0.9954387613889245
647,Paul di Resta,United Kingdom,"[2011, 2012, 2013, 2017]",59.0,59.0,0.0,0.0,0.0,0.0,121.0,False,2010,4,2.0508474576271185,1.5761991506218638,1.3011347308606211,1.7781512503836436,2.3136143485973992,0.0,0.0,0.0,0.0
648,Carlos Reutemann,Argentina,"[1972, 1973, 1974, 1975, 1976, 1977, 1978, 1979, 1980, 1981, 1982]",146.0,146.0,6.0,12.0,45.0,6.0,298.0,False,1980,11,2.041095890410959,0.28980562687110756,7.042982265208902,2.167317334748176,15.26437755171123,0.0821917808219178,0.3082191780821918,0.41017254137907416,1.5381470301715283
649,Lance Reventlow,United States,[1960],4.0,1.0,0.0,0.0,0.0,0.0,0.0,False,1960,1,0.0,0.28712460184158106,0.0,0.6989700043360189,0.0,0.0,0.0,0.0,0.0
650,Peter Revson,United States,"[1964, 1971, 1972, 1973, 1974]",32.0,30.0,1.0,2.0,8.0,0.0,61.0,False,1970,5,1.90625,0.3294688607385876,5.785827515616072,1.5185139398778875,8.785859736192052,0.0625,0.25,0.21853172259165501,0.8741268903666201
651,John Rhodes,United Kingdom,[1965],1.0,1.0,0.0,0.0,0.0,0.0,0.0,False,1960,1,0.0,0.28712460184158106,0.0,0.3010299956639812,0.0,0.0,0.0,0.0,0.0
652,Alex Ribeiro,Brazil,"[1976, 1977, 1979]",20.0,10.0,0.0,0.0,0.0,0.0,0.0,False,1980,3,0.0,0.28980562687110756,0.0,1.3222192947339193,0.0,0.0,0.0,0.0,0.0
653,Daniel Ricciardo,Australia,"[2011, 2012, 2013, 2014, 2015, 2016, 2017, 2018, 2019, 2020, 2021, 2022]",232.0,232.0,3.0,8.0,32.0,16.0,1311.0,False,2020,12,5.650862068965517,2.1194150714077686,2.666236616507626,2.367355921026019,6.311931040945707,0.034482758620689655,0.13793103448275862,0.18796684322640345,0.7518673729056138
654,Ken Richardson,United Kingdom,[1951],1.0,0.0,0.0,0.0,0.0,0.0,0.0,False,1950,1,0.0,0.38534107088140934,0.0,0.3010299956639812,0.0,0.0,0.0,0.0,0.0
655,Fritz Riess,West Germany,[1952],1.0,1.0,0.0,0.0,0.0,0.0,0.0,False,1950,1,0.0,0.38534107088140934,0.0,0.3010299956639812,0.0,0.0,0.0,0.0,0.0
656,Jim Rigsby,United States,[1952],2.0,1.0,0.0,0.0,0.0,0.0,0.0,False,1950,1,0.0,0.38534107088140934,0.0,0.47712125471966244,0.0,0.0,0.0,0.0,0.0
657,Jochen Rindt,Austria,"[1964, 1965, 1966, 1967, 1968, 1969, 1970]",62.0,60.0,10.0,6.0,13.0,3.0,107.0,False,1970,7,1.7258064516129032,0.3294688607385876,5.238147385898845,1.7993405494535817,9.42521099546207,0.0967741935483871,0.20967741935483872,0.400948521908858,0.8687217974691923
658,John Riseley-Prichard,United Kingdom,[1954],1.0,1.0,0.0,0.0,0.0,0.0,0.0,False,1950,1,0.0,0.38534107088140934,0.0,0.3010299956639812,0.0,0.0,0.0,0.0,0.0
659,Giovanni de Riu,Italy,[1954],1.0,0.0,0.0,0.0,0.0,0.0,0.0,False,1950,1,0.0,0.38534107088140934,0.0,0.3010299956639812,0.0,0.0,0.0,0.0,0.0
660,Richard Robarts,United Kingdom,[1974],4.0,3.0,0.0,0.0,0.0,0.0,0.0,False,1970,1,0.0,0.3294688607385876,0.0,0.6989700043360189,0.0,0.0,0.0,0.0,0.0
661,Pedro Rodríguez,Mexico,"[1963, 1964, 1965, 1966, 1967, 1968, 1969, 1970, 1971]",54.0,54.0,0.0,2.0,7.0,1.0,71.0,False,1970,9,1.3148148148148149,0.3294688607385876,3.9907104175712558,1.7403626894942439,6.945283515317008,0.037037037037037035,0.12962962962962962,0.14841974760120263,0.5194691166042092
662,Ricardo Rodríguez,Mexico,"[1961, 1962]",6.0,5.0,0.0,0.0,0.0,0.0,4.0,False,1960,2,0.6666666666666666,0.28712460184158106,2.3218723243872192,0.8450980400142568,1.9622097505029856,0.0,0.0,0.0,0.0
663,Alberto Rodriguez Larreta,Argentina,[1960],1.0,1.0,0.0,0.0,0.0,0.0,0.0,False,1960,1,0.0,0.28712460184158106,0.0,0.3010299956639812,0.0,0.0,0.0,0.0,0.0
664,Franco Rol,Italy,"[1950, 1951, 1952]",5.0,5.0,0.0,0.0,0.0,0.0,0.0,False,1950,3,0.0,0.38534107088140934,0.0,0.7781512503836436,0.0,0.0,0.0,0.0,0.0
665,Alan Rollinson,United Kingdom,[1965],1.0,0.0,0.0,0.0,0.0,0.0,0.0,False,1960,1,0.0,0.28712460184158106,0.0,0.3010299956639812,0.0,0.0,0.0,0.0,0.0
666,Tony Rolt,United Kingdom,"[1950, 1953, 1955]",3.0,3.0,0.0,0.0,0.0,0.0,0.0,False,1950,3,0.0,0.38534107088140934,0.0,0.6020599913279624,0.0,0.0,0.0,0.0,0.0
667,Bertil Roos,Sweden,[1974],1.0,1.0,0.0,0.0,0.0,0.0,0.0,False,1970,1,0.0,0.3294688607385876,0.0,0.3010299956639812,0.0,0.0,0.0,0.0,0.0
668,Pedro de la Rosa,Spain,"[1999, 2000, 2001, 2002, 2005, 2006, 2010, 2011, 2012]",107.0,104.0,0.0,0.0,1.0,1.0,35.0,False,2010,9,0.32710280373831774,1.5761991506218638,0.20752631646151098,2.03342375548695,0.4219889417815389,0.0,0.009345794392523364,0.0,0.04375823576751607
669,Keke Rosberg,Finland,"[1978, 1979, 1980, 1981, 1982, 1983, 1984, 1985, 1986]",128.0,114.0,5.0,5.0,17.0,3.0,159.5,False,1980,9,1.24609375,0.28980562687110756,4.2997569214009985,2.110589710299249,9.075022715096923,0.0390625,0.1328125,0.18983642204537782,0.6454438349542846
670,Nico Rosberg,Germany,"[2006, 2007, 2008, 2009, 2010, 2011, 2012, 2013, 2014, 2015, 2016]",206.0,206.0,30.0,23.0,57.0,20.0,1594.5,False,2010,11,7.740291262135922,1.5761991506218638,4.91073178099488,2.315970345456918,11.373109179276977,0.11165048543689321,0.2766990291262136,0.5954006419665218,1.4755581126996409
671,Mauri Rose,United States,"[1950, 1951]",2.0,2.0,0.0,0.0,1.0,0.0,4.0,False,1950,2,2.0,0.38534107088140934,5.190207198587223,0.47712125471966244,2.4763581708449602,0.0,0.5,0.0,0.5493061443340549
672,Louis Rosier,France,"[1950, 1951, 1952, 1953, 1954, 1955, 1956]",38.0,38.0,0.0,0.0,2.0,0.0,18.0,False,1950,7,0.47368421052631576,0.38534107088140934,1.2292595996653948,1.591064607026499,1.955831441875173,0.0,0.05263157894736842,0.0,0.1928190340068235
673,Ricardo Rosset,Brazil,"[1996, 1997, 1998]",33.0,26.0,0.0,0.0,0.0,0.0,0.0,False,2000,3,0.0,0.6208236101235972,0.0,1.5314789170422551,0.0,0.0,0.0,0.0,0.0
674,Alexander Rossi,United States,[2015],7.0,5.0,0.0,0.0,0.0,0.0,0.0,False,2020,1,0.0,2.1194150714077686,0.0,0.9030899869919435,0.0,0.0,0.0,0.0,0.0
675,Huub Rothengatter,Netherlands,"[1984, 1985, 1986]",30.0,25.0,0.0,0.0,0.0,0.0,0.0,False,1980,3,0.0,0.28980562687110756,0.0,1.4913616938342726,0.0,0.0,0.0,0.0,0.0
676,Basil van Rooyen,South Africa,"[1968, 1969]",2.0,2.0,0.0,0.0,0.0,0.0,0.0,False,1970,2,0.0,0.3294688607385876,0.0,0.47712125471966244,0.0,0.0,0.0,0.0,0.0
677,Lloyd Ruby,United States,"[1960, 1961]",2.0,2.0,0.0,0.0,0.0,0.0,0.0,False,1960,2,0.0,0.28712460184158106,0.0,0.47712125471966244,0.0,0.0,0.0,0.0,0.0
678,Jean-Claude Rudaz,Switzerland,[1964],1.0,0.0,0.0,0.0,0.0,0.0,0.0,False,1960,1,0.0,0.28712460184158106,0.0,0.3010299956639812,0.0,0.0,0.0,0.0,0.0
679,George Russell,United Kingdom,"[2019, 2020, 2021, 2022]",83.0,83.0,1.0,1.0,9.0,5.0,300.0,True,2020,4,3.6144578313253013,2.1194150714077686,1.7054034766887298,1.9242792860618816,3.28167258457004,0.012048192771084338,0.10843373493975904,0.053383334925823055,0.48045001433240747
680,Eddie Russo,United States,"[1955, 1956, 1957, 1960]",7.0,4.0,0.0,0.0,0.0,0.0,0.0,False,1960,4,0.0,0.28712460184158106,0.0,0.9030899869919435,0.0,0.0,0.0,0.0,0.0
681,Paul Russo,United States,"[1950, 1951, 1952, 1953, 1954, 1955, 1956, 1957, 1958, 1959, 1960]",11.0,8.0,0.0,0.0,1.0,1.0,8.5,False,1960,11,0.7727272727272727,0.28712460184158106,2.691261103267004,1.0791812460476249,2.904358510863191,0.0,0.09090909090909091,0.0,0.22590060452618185
682,Troy Ruttman,United States,"[1950, 1951, 1952, 1953, 1954, 1955, 1956, 1957, 1958, 1960]",12.0,8.0,0.0,1.0,1.0,0.0,9.5,False,1950,10,0.7916666666666666,0.38534107088140934,2.0544570161074422,1.1139433523068367,2.288548735693025,0.08333333333333333,0.08333333333333333,0.21374577978846138,0.21374577978846138
683,Peter Ryan,Canada,[1961],1.0,1.0,0.0,0.0,0.0,0.0,0.0,False,1960,1,0.0,0.28712460184158106,0.0,0.3010299956639812,0.0,0.0,0.0,0.0,0.0
684,Eddie Sachs,United States,"[1957, 1958, 1959, 1960]",7.0,4.0,1.0,0.0,0.0,0.0,0.0,False,1960,4,0.0,0.28712460184158106,0.0,0.9030899869919435,0.0,0.0,0.0,0.0,0.0
685,Bob Said,United States,[1959],1.0,1.0,0.0,0.0,0.0,0.0,0.0,False,1960,1,0.0,0.28712460184158106,0.0,0.3010299956639812,0.0,0.0,0.0,0.0,0.0
686,Carlos Sainz Jr.,Spain,"[2015, 2016, 2017, 2018, 2019, 2020, 2021, 2022]",164.0,163.0,3.0,1.0,15.0,3.0,794.5,True,2020,8,4.844512195121951,2.1194150714077686,2.2857779301833996,2.2174839442139063,5.068675860220184,0.006097560975609756,0.09146341463414634,0.031133813865247443,0.4670072079787116
687,Eliseo Salazar,Chile,"[1981, 1982, 1983]",37.0,24.0,0.0,0.0,0.0,0.0,3.0,False,1980,3,0.08108108108108109,0.28980562687110756,0.2797774562090966,1.5797835966168101,0.44198783602230873,0.0,0.0,0.0,0.0
688,Mika Salo,Finland,"[1994, 1995, 1996, 1997, 1998, 1999, 2000, 2002]",111.0,109.0,0.0,0.0,2.0,0.0,33.0,False,2000,8,0.2972972972972973,0.6208236101235972,0.4788756298074901,2.0492180226701815,0.9813205712190427,0.0,0.018018018018018018,0.0,0.08501799768099269
689,Roy Salvadori,United Kingdom,"[1952, 1953, 1954, 1955, 1956, 1957, 1958, 1959, 1960, 1961, 1962]",50.0,47.0,0.0,0.0,2.0,0.0,19.0,False,1960,11,0.38,0.28712460184158106,1.323467224900715,1.7075701760979363,2.259913162283561,0.0,0.04,0.0,0.15727302530897302
690,Consalvo Sanesi,Italy,"[1950, 1951]",5.0,5.0,0.0,0.0,0.0,0.0,3.0,False,1950,2,0.6,0.38534107088140934,1.5570621595761667,0.7781512503836436,1.2116298663992506,0.0,0.0,0.0,0.0
691,Stéphane Sarrazin,France,[1999],1.0,1.0,0.0,0.0,0.0,0.0,0.0,False,2000,1,0.0,0.6208236101235972,0.0,0.3010299956639812,0.0,0.0,0.0,0.0,0.0
692,Logan Sargeant,United States,[2023],1.0,1.0,0.0,0.0,0.0,0.0,0.0,True,2020,1,0.0,2.1194150714077686,0.0,0.3010299956639812,0.0,0.0,0.0,0.0,0.0
693,Takuma Sato,Japan,"[2002, 2003, 2004, 2005, 2006, 2007, 2008]",92.0,90.0,0.0,0.0,1.0,0.0,44.0,False,2000,7,0.4782608695652174,0.6208236101235972,0.7703651436033536,1.968482948553935,1.516450649343505,0.0,0.010869565217391304,0.0,0.049267385795144086
694,Carl Scarborough,United States,"[1951, 1953]",2.0,2.0,0.0,0.0,0.0,0.0,0.0,False,1950,2,0.0,0.38534107088140934,0.0,0.47712125471966244,0.0,0.0,0.0,0.0,0.0
695,Ludovico Scarfiotti,Italy,"[1963, 1964, 1965, 1966, 1967, 1968]",12.0,10.0,0.0,1.0,1.0,1.0,17.0,False,1970,6,1.4166666666666667,0.3294688607385876,4.299849956960578,1.1139433523068367,4.789789275473074,0.08333333333333333,0.08333333333333333,0.21374577978846138,0.21374577978846138
696,Giorgio Scarlatti,Italy,"[1956, 1957, 1958, 1959, 1960, 1961]",15.0,12.0,0.0,0.0,0.0,0.0,1.0,False,1960,6,0.06666666666666667,0.28712460184158106,0.2321872324387219,1.2041199826559248,0.279581286297041,0.0,0.0,0.0,0.0
697,Ian Scheckter,South Africa,"[1974, 1975, 1976, 1977]",20.0,18.0,0.0,0.0,0.0,0.0,0.0,False,1980,4,0.0,0.28980562687110756,0.0,1.3222192947339193,0.0,0.0,0.0,0.0,0.0
698,Jody Scheckter,South Africa,"[1972, 1973, 1974, 1975, 1976, 1977, 1978, 1979, 1980]",113.0,112.0,3.0,10.0,33.0,5.0,246.0,False,1980,9,2.1769911504424777,0.28980562687110756,7.511900903879637,2.0569048513364727,15.451265411948858,0.08849557522123894,0.2920353982300885,0.4191326060526102,1.3831375999736137
699,Harry Schell,United States,"[1950, 1951, 1952, 1953, 1954, 1955, 1956, 1957, 1958, 1959, 1960]",57.0,56.0,0.0,0.0,2.0,0.0,32.0,False,1960,11,0.5614035087719298,0.28712460184158106,1.9552609047471319,1.7634279935629373,3.4479618141502884,0.0,0.03508771929824561,0.0,0.1424716845805761
700,Tim Schenken,Australia,"[1970, 1971, 1972, 1973, 1974]",36.0,34.0,0.0,0.0,1.0,0.0,7.0,False,1970,5,0.19444444444444445,0.3294688607385876,0.5901754842887068,1.568201724066995,0.9255142119636237,0.0,0.027777777777777776,0.0,0.10030327535122845
701,Albert Scherrer,Switzerland,[1953],1.0,1.0,0.0,0.0,0.0,0.0,0.0,False,1950,1,0.0,0.38534107088140934,0.0,0.3010299956639812,0.0,0.0,0.0,0.0,0.0
702,Domenico Schiattarella,Italy,"[1994, 1995]",7.0,6.0,0.0,0.0,0.0,0.0,0.0,False,1990,2,0.0,0.26559527558541896,0.0,0.9030899869919435,0.0,0.0,0.0,0.0,0.0
703,Heinz Schiller,Switzerland,[1962],1.0,1.0,0.0,0.0,0.0,0.0,0.0,False,1960,1,0.0,0.28712460184158106,0.0,0.3010299956639812,0.0,0.0,0.0,0.0,0.0
704,Bill Schindler,United States,"[1950, 1951, 1952]",3.0,3.0,0.0,0.0,0.0,0.0,0.0,False,1950,3,0.0,0.38534107088140934,0.0,0.6020599913279624,0.0,0.0,0.0,0.0,0.0
705,Jean-Louis Schlesser,France,"[1983, 1988]",2.0,1.0,0.0,0.0,0.0,0.0,0.0,False,1990,2,0.0,0.26559527558541896,0.0,0.47712125471966244,0.0,0.0,0.0,0.0,0.0
706,Jo Schlesser,France,[1968],3.0,3.0,0.0,0.0,0.0,0.0,0.0,False,1970,1,0.0,0.3294688607385876,0.0,0.6020599913279624,0.0,0.0,0.0,0.0,0.0
707,Bernd Schneider,West Germany,"[1988, 1989, 1990]",34.0,9.0,0.0,0.0,0.0,0.0,0.0,False,1990,3,0.0,0.26559527558541896,0.0,1.5440680443502757,0.0,0.0,0.0,0.0,0.0
708,Rudolf Schoeller,Switzerland,[1952],1.0,1.0,0.0,0.0,0.0,0.0,0.0,False,1950,1,0.0,0.38534107088140934,0.0,0.3010299956639812,0.0,0.0,0.0,0.0,0.0
709,Rob Schroeder,United States,[1962],1.0,1.0,0.0,0.0,0.0,0.0,0.0,False,1960,1,0.0,0.28712460184158106,0.0,0.3010299956639812,0.0,0.0,0.0,0.0,0.0
710,Michael Schumacher,Germany,"[1991, 1992, 1993, 1994, 1995, 1996, 1997, 1998, 1999, 2000, 2001, 2002, 2003, 2004, 2005, 2006, 2010, 2011, 2012]",308.0,306.0,68.0,91.0,155.0,77.0,1566.0,False,2000,19,5.084415584415584,0.6208236101235972,8.18979095109374,2.4899584794248346,20.39223942339264,0.29545454545454547,0.5032467532467533,1.6939417409016069,2.885285382854385
711,Mick Schumacher,Germany,"[2021, 2022]",44.0,43.0,0.0,0.0,0.0,0.0,12.0,False,2020,2,0.2727272727272727,2.1194150714077686,0.1286804441501496,1.6532125137753437,0.21273612054719654,0.0,0.0,0.0,0.0
712,Ralf Schumacher,Germany,"[1997, 1998, 1999, 2000, 2001, 2002, 2003, 2004, 2005, 2006, 2007]",181.0,180.0,6.0,6.0,27.0,8.0,329.0,False,2000,11,1.8176795580110496,0.6208236101235972,2.92785185416704,2.2600713879850747,6.617154203861977,0.03314917127071823,0.14917127071823205,0.17250850896387165,0.7762882903374225
713,Vern Schuppan,Australia,"[1972, 1974, 1975, 1977]",13.0,9.0,0.0,0.0,0.0,0.0,0.0,False,1970,4,0.0,0.3294688607385876,0.0,1.146128035678238,0.0,0.0,0.0,0.0,0.0
714,Adolfo Schwelm Cruz,Argentina,[1953],1.0,1.0,0.0,0.0,0.0,0.0,0.0,False,1950,1,0.0,0.38534107088140934,0.0,0.3010299956639812,0.0,0.0,0.0,0.0,0.0
715,Bob Scott,United States,"[1952, 1953, 1954]",3.0,3.0,0.0,0.0,0.0,0.0,0.0,False,1950,3,0.0,0.38534107088140934,0.0,0.6020599913279624,0.0,0.0,0.0,0.0,0.0
716,Archie Scott Brown,United Kingdom,[1956],1.0,1.0,0.0,0.0,0.0,0.0,0.0,False,1960,1,0.0,0.28712460184158106,0.0,0.3010299956639812,0.0,0.0,0.0,0.0,0.0
717,Piero Scotti,Italy,[1956],1.0,1.0,0.0,0.0,0.0,0.0,0.0,False,1960,1,0.0,0.28712460184158106,0.0,0.3010299956639812,0.0,0.0,0.0,0.0,0.0
718,Wolfgang Seidel,West Germany,"[1953, 1958, 1960, 1961, 1962]",12.0,10.0,0.0,0.0,0.0,0.0,0.0,False,1960,5,0.0,0.28712460184158106,0.0,1.1139433523068367,0.0,0.0,0.0,0.0,0.0
719,Günther Seiffert,West Germany,[1962],1.0,0.0,0.0,0.0,0.0,0.0,0.0,False,1960,1,0.0,0.28712460184158106,0.0,0.3010299956639812,0.0,0.0,0.0,0.0,0.0
720,Ayrton Senna,Brazil,"[1984, 1985, 1986, 1987, 1988, 1989, 1990, 1991, 1992, 1993, 1994]",162.0,161.0,65.0,41.0,80.0,19.0,610.0,False,1990,11,3.765432098765432,0.26559527558541896,14.17733086729707,2.2121876044039577,31.362915608168187,0.25308641975308643,0.49382716049382713,1.2891590014387486,2.515432197929265
721,Bruno Senna,Brazil,"[2010, 2011, 2012]",46.0,46.0,0.0,0.0,0.0,1.0,33.0,False,2010,3,0.717391304347826,1.5761991506218638,0.4551400145500592,1.6720978579357175,0.7610386433899853,0.0,0.0,0.0,0.0
722,Dorino Serafini,Italy,[1950],1.0,1.0,0.0,0.0,1.0,0.0,3.0,False,1950,1,3.0,0.38534107088140934,7.785310797880834,0.3010299956639812,2.3436120757288137,0.0,1.0,0.0,0.6931471805599453
723,Chico Serra,Brazil,"[1981, 1982, 1983]",33.0,18.0,0.0,0.0,0.0,0.0,1.0,False,1980,3,0.030303030303030304,0.28980562687110756,0.10456329171451086,1.5314789170422551,0.1601364767573125,0.0,0.0,0.0,0.0
724,Doug Serrurier,South Africa,"[1962, 1963, 1965]",3.0,2.0,0.0,0.0,0.0,0.0,0.0,False,1960,3,0.0,0.28712460184158106,0.0,0.6020599913279624,0.0,0.0,0.0,0.0,0.0
725,Johnny Servoz-Gavin,France,"[1967, 1968, 1969, 1970]",13.0,12.0,0.0,0.0,1.0,0.0,9.0,False,1970,4,0.6923076923076923,0.3294688607385876,2.101284141863088,1.146128035678238,2.408340665915373,0.0,0.07692307692307693,0.0,0.2030044099704045
726,Tony Settember,United States,"[1962, 1963]",7.0,6.0,0.0,0.0,0.0,0.0,0.0,False,1960,2,0.0,0.28712460184158106,0.0,0.9030899869919435,0.0,0.0,0.0,0.0,0.0
727,Hap Sharp,United States,"[1961, 1962, 1963, 1964]",6.0,6.0,0.0,0.0,0.0,0.0,0.0,False,1960,4,0.0,0.28712460184158106,0.0,0.8450980400142568,0.0,0.0,0.0,0.0,0.0
728,Brian Shawe-Taylor,United Kingdom,"[1950, 1951]",3.0,2.0,0.0,0.0,0.0,0.0,0.0,False,1950,2,0.0,0.38534107088140934,0.0,0.6020599913279624,0.0,0.0,0.0,0.0,0.0
729,Carroll Shelby,United States,"[1958, 1959]",8.0,8.0,0.0,0.0,0.0,0.0,0.0,False,1960,2,0.0,0.28712460184158106,0.0,0.9542425094393249,0.0,0.0,0.0,0.0,0.0
730,Tony Shelly,New Zealand,[1962],3.0,1.0,0.0,0.0,0.0,0.0,0.0,False,1960,1,0.0,0.28712460184158106,0.0,0.6020599913279624,0.0,0.0,0.0,0.0,0.0
731,Jo Siffert,Switzerland,"[1962, 1963, 1964, 1965, 1966, 1967, 1968, 1969, 1970, 1971]",100.0,96.0,2.0,2.0,6.0,4.0,68.0,False,1970,10,0.68,0.3294688607385876,2.0639279793410776,2.0043213737826426,4.136774962941343,0.02,0.06,0.0923024103368252,0.2769072310104756
732,André Simon,France,"[1951, 1952, 1955, 1956, 1957]",12.0,11.0,0.0,0.0,0.0,0.0,0.0,False,1950,5,0.0,0.38534107088140934,0.0,1.1139433523068367,0.0,0.0,0.0,0.0,0.0
733,Sergey Sirotkin,Russia,[2018],21.0,21.0,0.0,0.0,0.0,0.0,1.0,False,2020,1,0.047619047619047616,2.1194150714077686,0.02246801405796263,1.3424226808222062,0.03016157166444121,0.0,0.0,0.0,0.0
734,Rob Slotemaker,Netherlands,[1962],1.0,0.0,0.0,0.0,0.0,0.0,0.0,False,1960,1,0.0,0.28712460184158106,0.0,0.3010299956639812,0.0,0.0,0.0,0.0,0.0
735,Moisés Solana,Mexico,"[1963, 1964, 1965, 1966, 1967, 1968]",8.0,8.0,0.0,0.0,0.0,0.0,0.0,False,1970,6,0.0,0.3294688607385876,0.0,0.9542425094393249,0.0,0.0,0.0,0.0,0.0
736,Alex Soler-Roig,Spain,"[1970, 1971, 1972]",10.0,6.0,0.0,0.0,0.0,0.0,0.0,False,1970,3,0.0,0.3294688607385876,0.0,1.0413926851582251,0.0,0.0,0.0,0.0,0.0
737,Raymond Sommer,France,[1950],5.0,5.0,0.0,0.0,0.0,0.0,3.0,False,1950,1,0.6,0.38534107088140934,1.5570621595761667,0.7781512503836436,1.2116298663992506,0.0,0.0,0.0,0.0
738,Vincenzo Sospiri,Italy,[1997],1.0,0.0,0.0,0.0,0.0,0.0,0.0,False,2000,1,0.0,0.6208236101235972,0.0,0.3010299956639812,0.0,0.0,0.0,0.0,0.0
739,Stephen South,United Kingdom,[1980],1.0,0.0,0.0,0.0,0.0,0.0,0.0,False,1980,1,0.0,0.28980562687110756,0.0,0.3010299956639812,0.0,0.0,0.0,0.0,0.0
740,Mike Sparken,France,[1955],1.0,1.0,0.0,0.0,0.0,0.0,0.0,False,1960,1,0.0,0.28712460184158106,0.0,0.3010299956639812,0.0,0.0,0.0,0.0,0.0
741,Scott Speed,United States,"[2006, 2007]",28.0,28.0,0.0,0.0,0.0,0.0,0.0,False,2010,2,0.0,1.5761991506218638,0.0,1.462397997898956,0.0,0.0,0.0,0.0,0.0
742,Mike Spence,United Kingdom,"[1963, 1964, 1965, 1966, 1967, 1968]",37.0,36.0,0.0,0.0,1.0,0.0,27.0,False,1970,6,0.7297297297297297,0.3294688607385876,2.214867068450282,1.5797835966168101,3.499010663424517,0.0,0.02702702702702703,0.0,0.09831313945206448
743,Alan Stacey,United Kingdom,"[1958, 1959, 1960]",7.0,7.0,0.0,0.0,0.0,0.0,0.0,False,1960,3,0.0,0.28712460184158106,0.0,0.9030899869919435,0.0,0.0,0.0,0.0,0.0
744,Gaetano Starrabba,Italy,[1961],1.0,1.0,0.0,0.0,0.0,0.0,0.0,False,1960,1,0.0,0.28712460184158106,0.0,0.3010299956639812,0.0,0.0,0.0,0.0,0.0
745,Will Stevens,United Kingdom,"[2014, 2015]",20.0,18.0,0.0,0.0,0.0,0.0,0.0,False,2010,2,0.0,1.5761991506218638,0.0,1.3222192947339193,0.0,0.0,0.0,0.0,0.0
746,Chuck Stevenson,United States,"[1951, 1952, 1953, 1954, 1960]",5.0,5.0,0.0,0.0,0.0,0.0,0.0,False,1950,5,0.0,0.38534107088140934,0.0,0.7781512503836436,0.0,0.0,0.0,0.0,0.0
747,Ian Stewart,United Kingdom,[1953],1.0,1.0,0.0,0.0,0.0,0.0,0.0,False,1950,1,0.0,0.38534107088140934,0.0,0.3010299956639812,0.0,0.0,0.0,0.0,0.0
748,Jackie Stewart,United Kingdom,"[1965, 1966, 1967, 1968, 1969, 1970, 1971, 1972, 1973]",100.0,99.0,17.0,27.0,43.0,15.0,359.0,False,1970,9,3.59,0.3294688607385876,10.896325655638924,2.0043213737826426,21.83973840729326,0.27,0.43,1.2460825395471402,1.9845018222417417
749,Jimmy Stewart,United Kingdom,[1953],1.0,1.0,0.0,0.0,0.0,0.0,0.0,False,1950,1,0.0,0.38534107088140934,0.0,0.3010299956639812,0.0,0.0,0.0,0.0,0.0
750,Siegfried Stohr,Italy,[1981],13.0,9.0,0.0,0.0,0.0,0.0,0.0,False,1980,1,0.0,0.28980562687110756,0.0,1.146128035678238,0.0,0.0,0.0,0.0,0.0
751,Rolf Stommelen,West Germany,"[1970, 1971, 1972, 1973, 1974, 1975, 1976, 1978]",63.0,54.0,0.0,0.0,1.0,0.0,14.0,False,1970,8,0.2222222222222222,0.3294688607385876,0.674486267758522,1.806179973983887,1.2182435895525765,0.0,0.015873015873015872,0.0,0.06601401719618526
752,Philippe Streiff,France,"[1984, 1985, 1986, 1987, 1988]",54.0,53.0,0.0,0.0,1.0,0.0,11.0,False,1990,5,0.2037037037037037,0.26559527558541896,0.7669703583947595,1.7403626894942439,1.3348065956982678,0.0,0.018518518518518517,0.0,0.07420987380060132
753,Lance Stroll,Canada,"[2017, 2018, 2019, 2020, 2021, 2022]",124.0,123.0,1.0,0.0,3.0,0.0,202.0,True,2020,6,1.6290322580645162,2.1194150714077686,0.7686235131764313,2.0969100130080562,1.6117343410130884,0.0,0.024193548387096774,0.0,0.11681404203150729
754,Hans Stuck,West Germany,"[1951, 1952, 1953]",5.0,3.0,0.0,0.0,0.0,0.0,0.0,False,1950,3,0.0,0.38534107088140934,0.0,0.7781512503836436,0.0,0.0,0.0,0.0,0.0
755,Hans-Joachim Stuck,West Germany,"[1974, 1975, 1976, 1977, 1978, 1979]",81.0,74.0,0.0,0.0,2.0,0.0,29.0,False,1980,6,0.35802469135802467,0.28980562687110756,1.2353959280344058,1.9138138523837167,2.364317840250683,0.0,0.024691358024691357,0.0,0.10880788264850008
756,Otto Stuppacher,Austria,[1976],3.0,0.0,0.0,0.0,0.0,0.0,0.0,False,1980,1,0.0,0.28980562687110756,0.0,0.6020599913279624,0.0,0.0,0.0,0.0,0.0
757,Danny Sullivan,United States,[1983],15.0,15.0,0.0,0.0,0.0,0.0,2.0,False,1980,1,0.13333333333333333,0.28980562687110756,0.4600784835438477,1.2041199826559248,0.5539896956251821,0.0,0.0,0.0,0.0
758,Marc Surer,Switzerland,"[1979, 1980, 1981, 1982, 1983, 1984, 1985, 1986]",88.0,82.0,0.0,0.0,0.0,1.0,17.0,False,1980,8,0.19318181818181818,0.28980562687110756,0.6665909846800067,1.9493900066449128,1.2994458040547971,0.0,0.0,0.0,0.0
759,John Surtees,United Kingdom,"[1960, 1961, 1962, 1963, 1964, 1965, 1966, 1967, 1968, 1969, 1970, 1971, 1972]",113.0,111.0,8.0,6.0,24.0,10.0,180.0,False,1970,13,1.592920353982301,0.3294688607385876,4.834813069773477,2.0569048513364727,9.94475045852205,0.05309734513274336,0.21238938053097345,0.25147956363156615,1.0059182545262646
760,Andy Sutcliffe,United Kingdom,[1977],1.0,0.0,0.0,0.0,0.0,0.0,0.0,False,1980,1,0.0,0.28980562687110756,0.0,0.3010299956639812,0.0,0.0,0.0,0.0,0.0
761,Adrian Sutil,Germany,"[2007, 2008, 2009, 2010, 2011, 2013, 2014]",128.0,128.0,0.0,0.0,0.0,1.0,124.0,False,2010,7,0.96875,1.5761991506218638,0.6146114211632429,2.110589710299249,1.2971925413395384,0.0,0.0,0.0,0.0
762,Len Sutton,United States,"[1958, 1959, 1960]",4.0,3.0,0.0,0.0,0.0,0.0,0.0,False,1960,3,0.0,0.28712460184158106,0.0,0.6989700043360189,0.0,0.0,0.0,0.0,0.0
763,Aguri Suzuki,Japan,"[1988, 1989, 1990, 1991, 1992, 1993, 1994, 1995]",88.0,65.0,0.0,0.0,1.0,0.0,8.0,False,1990,8,0.09090909090909091,0.26559527558541896,0.3422842921761737,1.9493900066449128,0.6672455785997605,0.0,0.011363636363636364,0.0,0.05100723147422886
764,Toshio Suzuki,Japan,[1993],2.0,2.0,0.0,0.0,0.0,0.0,0.0,False,1990,1,0.0,0.26559527558541896,0.0,0.47712125471966244,0.0,0.0,0.0,0.0,0.0
765,Jacques Swaters,Belgium,"[1951, 1953, 1954]",8.0,7.0,0.0,0.0,0.0,0.0,0.0,False,1950,3,0.0,0.38534107088140934,0.0,0.9542425094393249,0.0,0.0,0.0,0.0,0.0
766,Bob Sweikert,United States,"[1952, 1953, 1954, 1955, 1956]",7.0,5.0,0.0,1.0,1.0,0.0,8.0,False,1950,5,1.1428571428571428,0.38534107088140934,2.9658326849069843,0.9030899869919435,2.6784138008329292,0.14285714285714285,0.14285714285714285,0.29706307738283366,0.29706307738283366
767,Toranosuke Takagi,Japan,"[1998, 1999]",32.0,32.0,0.0,0.0,0.0,0.0,0.0,False,2000,2,0.0,0.6208236101235972,0.0,1.5185139398778875,0.0,0.0,0.0,0.0,0.0
768,Noritake Takahara,Japan,"[1976, 1977]",2.0,2.0,0.0,0.0,0.0,0.0,0.0,False,1980,2,0.0,0.28980562687110756,0.0,0.47712125471966244,0.0,0.0,0.0,0.0,0.0
769,Kunimitsu Takahashi,Japan,[1977],1.0,1.0,0.0,0.0,0.0,0.0,0.0,False,1980,1,0.0,0.28980562687110756,0.0,0.3010299956639812,0.0,0.0,0.0,0.0,0.0
770,Patrick Tambay,France,"[1977, 1978, 1979, 1981, 1982, 1983, 1984, 1985, 1986]",123.0,114.0,5.0,2.0,11.0,2.0,103.0,False,1980,9,0.8373983739837398,0.28980562687110756,2.889517305183922,2.093421685162235,6.048978186323566,0.016260162601626018,0.08943089430894309,0.07837856204235834,0.4310820912329708
771,Luigi Taramazzo,Italy,[1958],1.0,0.0,0.0,0.0,0.0,0.0,0.0,False,1960,1,0.0,0.28712460184158106,0.0,0.3010299956639812,0.0,0.0,0.0,0.0,0.0
772,Gabriele Tarquini,Italy,"[1987, 1988, 1989, 1990, 1991, 1992, 1995]",79.0,38.0,0.0,0.0,0.0,0.0,1.0,False,1990,7,0.012658227848101266,0.26559527558541896,0.04765983815111279,1.9030899869919435,0.09070096076703937,0.0,0.0,0.0,0.0
773,Piero Taruffi,Italy,"[1950, 1951, 1952, 1954, 1955, 1956]",19.0,18.0,0.0,1.0,5.0,1.0,41.0,False,1950,6,2.1578947368421053,0.38534107088140934,5.599960398475687,1.3010299956639813,7.28571645294729,0.05263157894736842,0.2631578947368421,0.15767011966073635,0.7883505983036818
774,Dennis Taylor,United Kingdom,[1959],1.0,0.0,0.0,0.0,0.0,0.0,0.0,False,1960,1,0.0,0.28712460184158106,0.0,0.3010299956639812,0.0,0.0,0.0,0.0,0.0
775,Henry Taylor,United Kingdom,"[1959, 1960, 1961]",11.0,8.0,0.0,0.0,0.0,0.0,3.0,False,1960,3,0.2727272727272727,0.28712460184158106,0.9498568599765896,1.0791812460476249,1.0250677097164205,0.0,0.0,0.0,0.0
776,John Taylor,United Kingdom,"[1964, 1966]",5.0,5.0,0.0,0.0,0.0,0.0,1.0,False,1960,2,0.2,0.28712460184158106,0.6965616973161658,0.7781512503836436,0.5420303557359275,0.0,0.0,0.0,0.0
777,Mike Taylor,United Kingdom,"[1959, 1960]",2.0,1.0,0.0,0.0,0.0,0.0,0.0,False,1960,2,0.0,0.28712460184158106,0.0,0.47712125471966244,0.0,0.0,0.0,0.0,0.0
778,Trevor Taylor,United Kingdom,"[1959, 1961, 1962, 1963, 1964, 1966]",29.0,27.0,0.0,0.0,1.0,0.0,8.0,False,1960,6,0.27586206896551724,0.28712460184158106,0.9607747549188493,1.4771212547196624,1.4191808114887068,0.0,0.034482758620689655,0.0,0.11728266833317777
779,Marshall Teague,United States,"[1953, 1954, 1957]",5.0,3.0,0.0,0.0,0.0,0.0,0.0,False,1950,3,0.0,0.38534107088140934,0.0,0.7781512503836436,0.0,0.0,0.0,0.0,0.0
780,Shorty Templeman,United States,"[1955, 1958, 1960]",5.0,3.0,0.0,0.0,0.0,0.0,0.0,False,1960,3,0.0,0.28712460184158106,0.0,0.7781512503836436,0.0,0.0,0.0,0.0,0.0
781,Max de Terra,Switzerland,"[1952, 1953]",2.0,2.0,0.0,0.0,0.0,0.0,0.0,False,1950,2,0.0,0.38534107088140934,0.0,0.47712125471966244,0.0,0.0,0.0,0.0,0.0
782,André Testut,Monaco,"[1958, 1959]",2.0,0.0,0.0,0.0,0.0,0.0,0.0,False,1960,2,0.0,0.28712460184158106,0.0,0.47712125471966244,0.0,0.0,0.0,0.0,0.0
783,Mike Thackwell,New Zealand,"[1980, 1984]",5.0,2.0,0.0,0.0,0.0,0.0,0.0,False,1980,2,0.0,0.28980562687110756,0.0,0.7781512503836436,0.0,0.0,0.0,0.0,0.0
784,Alfonso Thiele,United States,[1960],1.0,1.0,0.0,0.0,0.0,0.0,0.0,False,1960,1,0.0,0.28712460184158106,0.0,0.3010299956639812,0.0,0.0,0.0,0.0,0.0
785,Eric Thompson,United Kingdom,[1952],1.0,1.0,0.0,0.0,0.0,0.0,2.0,False,1950,1,2.0,0.38534107088140934,5.190207198587223,0.3010299956639812,1.5624080504858757,0.0,0.0,0.0,0.0
786,Johnny Thomson,United States,"[1953, 1954, 1955, 1956, 1957, 1958, 1959, 1960]",8.0,8.0,1.0,0.0,1.0,1.0,10.0,False,1960,8,1.25,0.28712460184158106,4.353510608226036,0.9542425094393249,4.154304887664334,0.0,0.125,0.0,0.27465307216702745
787,Leslie Thorne,United Kingdom,[1954],1.0,1.0,0.0,0.0,0.0,0.0,0.0,False,1950,1,0.0,0.38534107088140934,0.0,0.3010299956639812,0.0,0.0,0.0,0.0,0.0
788,Bud Tingelstad,United States,[1960],1.0,1.0,0.0,0.0,0.0,0.0,0.0,False,1960,1,0.0,0.28712460184158106,0.0,0.3010299956639812,0.0,0.0,0.0,0.0,0.0
789,Sam Tingle,Rhodesia,"[1963, 1965, 1967, 1968, 1969]",5.0,5.0,0.0,0.0,0.0,0.0,0.0,False,1970,5,0.0,0.3294688607385876,0.0,0.7781512503836436,0.0,0.0,0.0,0.0,0.0
790,Desmond Titterington,United Kingdom,[1956],1.0,1.0,0.0,0.0,0.0,0.0,0.0,False,1960,1,0.0,0.28712460184158106,0.0,0.3010299956639812,0.0,0.0,0.0,0.0,0.0
791,Johnnie Tolan,United States,"[1956, 1957, 1958]",7.0,3.0,0.0,0.0,0.0,0.0,0.0,False,1960,3,0.0,0.28712460184158106,0.0,0.9030899869919435,0.0,0.0,0.0,0.0,0.0
792,Alejandro de Tomaso,Argentina,"[1957, 1959]",2.0,2.0,0.0,0.0,0.0,0.0,0.0,False,1960,2,0.0,0.28712460184158106,0.0,0.47712125471966244,0.0,0.0,0.0,0.0,0.0
793,Charles de Tornaco,Belgium,"[1952, 1953]",4.0,2.0,0.0,0.0,0.0,0.0,0.0,False,1950,2,0.0,0.38534107088140934,0.0,0.6989700043360189,0.0,0.0,0.0,0.0,0.0
794,Tony Trimmer,United Kingdom,"[1975, 1976, 1977, 1978]",6.0,0.0,0.0,0.0,0.0,0.0,0.0,False,1980,4,0.0,0.28980562687110756,0.0,0.8450980400142568,0.0,0.0,0.0,0.0,0.0
795,Maurice Trintignant,France,"[1950, 1951, 1952, 1953, 1954, 1955, 1956, 1957, 1958, 1959, 1960, 1961, 1962, 1963, 1964]",84.0,82.0,0.0,2.0,10.0,1.0,72.33,False,1960,15,0.8610714285714286,0.28712460184158106,2.9989468789808496,1.9294189257142926,5.786224865517461,0.023809523809523808,0.11904761904761904,0.10577741086881706,0.5288870543440853
796,Wolfgang von Trips,West Germany,"[1956, 1957, 1958, 1959, 1960, 1961]",29.0,27.0,1.0,2.0,6.0,0.0,56.0,False,1960,6,1.9310344827586208,0.28712460184158106,6.725423284431946,1.4771212547196624,9.934265680420948,0.06896551724137931,0.20689655172413793,0.23456533666635554,0.7036960099990667
797,Jarno Trulli,Italy,"[1997, 1998, 1999, 2000, 2001, 2002, 2003, 2004, 2005, 2006, 2007, 2008, 2009, 2010, 2011]",256.0,252.0,4.0,1.0,11.0,1.0,246.5,False,2000,15,0.962890625,0.6208236101235972,1.5509890559869366,2.4099331233312946,3.7377798999472542,0.00390625,0.04296875,0.021676078456621953,0.23843686302284148
798,Yuki Tsunoda,Japan,"[2021, 2022]",45.0,43.0,0.0,0.0,0.0,0.0,44.0,True,2020,2,0.9777777777777777,2.1194150714077686,0.46134322199016603,1.662757831681574,0.7671020554573595,0.0,0.0,0.0,0.0
799,Esteban Tuero,Argentina,[1998],16.0,16.0,0.0,0.0,0.0,0.0,0.0,False,2000,1,0.0,0.6208236101235972,0.0,1.2304489213782739,0.0,0.0,0.0,0.0,0.0
800,Guy Tunmer,South Africa,[1975],1.0,1.0,0.0,0.0,0.0,0.0,0.0,False,1980,1,0.0,0.28980562687110756,0.0,0.3010299956639812,0.0,0.0,0.0,0.0,0.0
801,Jack Turner,United States,"[1956, 1957, 1958, 1959]",5.0,4.0,0.0,0.0,0.0,0.0,0.0,False,1960,4,0.0,0.28712460184158106,0.0,0.7781512503836436,0.0,0.0,0.0,0.0,0.0
802,Toni Ulmen,West Germany,[1952],2.0,2.0,0.0,0.0,0.0,0.0,0.0,False,1950,1,0.0,0.38534107088140934,0.0,0.47712125471966244,0.0,0.0,0.0,0.0,0.0
803,Bobby Unser,United States,[1968],2.0,1.0,0.0,0.0,0.0,0.0,0.0,False,1970,1,0.0,0.3294688607385876,0.0,0.47712125471966244,0.0,0.0,0.0,0.0,0.0
804,Jerry Unser Jr.,United States,[1958],1.0,1.0,0.0,0.0,0.0,0.0,0.0,False,1960,1,0.0,0.28712460184158106,0.0,0.3010299956639812,0.0,0.0,0.0,0.0,0.0
805,Alberto Uria,Uruguay,"[1955, 1956]",2.0,2.0,0.0,0.0,0.0,0.0,0.0,False,1960,2,0.0,0.28712460184158106,0.0,0.47712125471966244,0.0,0.0,0.0,0.0,0.0
806,Nino Vaccarella,Italy,"[1961, 1962, 1965]",5.0,4.0,0.0,0.0,0.0,0.0,0.0,False,1960,3,0.0,0.28712460184158106,0.0,0.7781512503836436,0.0,0.0,0.0,0.0,0.0
807,Stoffel Vandoorne,Belgium,"[2016, 2017, 2018]",42.0,41.0,0.0,0.0,0.0,0.0,26.0,False,2020,3,0.6190476190476191,2.1194150714077686,0.2920841827535142,1.6334684555795864,0.47711029890160855,0.0,0.0,0.0,0.0
808,Bob Veith,United States,"[1956, 1957, 1958, 1959, 1960]",5.0,5.0,0.0,0.0,0.0,0.0,0.0,False,1960,5,0.0,0.28712460184158106,0.0,0.7781512503836436,0.0,0.0,0.0,0.0,0.0
809,Jean-Éric Vergne,France,"[2012, 2013, 2014]",58.0,58.0,0.0,0.0,0.0,0.0,51.0,False,2010,3,0.8793103448275862,1.5761991506218638,0.5578675413450569,1.7708520116421442,0.9879008578207511,0.0,0.0,0.0,0.0
810,Jos Verstappen,Netherlands,"[1994, 1995, 1996, 1997, 1998, 2000, 2001, 2003]",107.0,106.0,0.0,0.0,2.0,0.0,17.0,False,2000,8,0.1588785046728972,0.6208236101235972,0.255915693414538,2.03342375548695,0.5203850503910368,0.0,0.018691588785046728,0.0,0.08751647153503214
811,Max Verstappen,Netherlands,"[2015, 2016, 2017, 2018, 2019, 2020, 2021, 2022]",164.0,164.0,21.0,36.0,78.0,21.0,2036.5,True,2020,8,12.417682926829269,2.1194150714077686,5.8590141659137736,2.2174839442139063,12.992269841835625,0.21951219512195122,0.47560975609756095,1.1208172991489078,2.4284374814893
812,Sebastian Vettel,Germany,"[2007, 2008, 2009, 2010, 2011, 2012, 2013, 2014, 2015, 2016, 2017, 2018, 2019, 2020, 2021, 2022]",300.0,299.0,57.0,53.0,122.0,38.0,3098.0,False,2010,16,10.326666666666666,1.5761991506218638,6.551625575100994,2.4785664955938436,16.238639642121072,0.17666666666666667,0.4066666666666667,1.0082561467723012,2.320891507664543
813,Gilles Villeneuve,Canada,"[1977, 1978, 1979, 1980, 1981, 1982]",68.0,67.0,2.0,6.0,13.0,8.0,101.0,False,1980,6,1.4852941176470589,0.28980562687110756,5.1251389894774215,1.8388490907372552,9.424357170702612,0.08823529411764706,0.19117647058823528,0.37359763275858177,0.8094615376435937
814,Jacques Villeneuve,Canada,"[1996, 1997, 1998, 1999, 2000, 2001, 2002, 2003, 2004, 2005, 2006]",165.0,163.0,13.0,11.0,23.0,9.0,235.0,False,2000,11,1.4242424242424243,0.6208236101235972,2.2941176865984167,2.220108088040055,5.093189230932885,0.06666666666666667,0.1393939393939394,0.34079918589043623,0.7125801159527304
815,Jacques Villeneuve Sr.,Canada,"[1981, 1983]",3.0,0.0,0.0,0.0,0.0,0.0,0.0,False,1980,2,0.0,0.28980562687110756,0.0,0.6020599913279624,0.0,0.0,0.0,0.0,0.0
816,Luigi Villoresi,Italy,"[1950, 1951, 1952, 1953, 1954, 1955, 1956]",34.0,31.0,0.0,0.0,8.0,1.0,46.0,False,1950,7,1.3529411764705883,0.38534107088140934,3.511022516691357,1.5440680443502757,5.421257671017407,0.0,0.23529411764705882,0.0,0.8365524850563326
817,Emilio de Villota,Spain,"[1976, 1977, 1978, 1981, 1982]",15.0,2.0,0.0,0.0,0.0,0.0,0.0,False,1980,5,0.0,0.28980562687110756,0.0,1.2041199826559248,0.0,0.0,0.0,0.0,0.0
818,Ottorino Volonterio,Switzerland,"[1954, 1956, 1957]",3.0,3.0,0.0,0.0,0.0,0.0,0.0,False,1960,3,0.0,0.28712460184158106,0.0,0.6020599913279624,0.0,0.0,0.0,0.0,0.0
819,Jo Vonlanthen,Switzerland,[1975],1.0,1.0,0.0,0.0,0.0,0.0,0.0,False,1980,1,0.0,0.28980562687110756,0.0,0.3010299956639812,0.0,0.0,0.0,0.0,0.0
820,Ernie de Vos,Canada,[1963],1.0,0.0,0.0,0.0,0.0,0.0,0.0,False,1960,1,0.0,0.28712460184158106,0.0,0.3010299956639812,0.0,0.0,0.0,0.0,0.0
821,Nyck de Vries,Netherlands,[2022],2.0,2.0,0.0,0.0,0.0,0.0,2.0,True,2020,1,1.0,2.1194150714077686,0.47182829521721525,0.47712125471966244,0.22511930822627704,0.0,0.0,0.0,0.0
822,Bill Vukovich,United States,"[1951, 1952, 1953, 1954, 1955]",6.0,5.0,1.0,2.0,2.0,3.0,19.0,False,1950,5,3.1666666666666665,0.38534107088140934,8.217828064429769,0.8450980400142568,6.944870390423752,0.3333333333333333,0.3333333333333333,0.648636716351771,0.648636716351771
823,Syd van der Vyver,South Africa,[1962],1.0,0.0,0.0,0.0,0.0,0.0,0.0,False,1960,1,0.0,0.28712460184158106,0.0,0.3010299956639812,0.0,0.0,0.0,0.0,0.0
824,Fred Wacker,United States,"[1953, 1954]",5.0,3.0,0.0,0.0,0.0,0.0,0.0,False,1950,2,0.0,0.38534107088140934,0.0,0.7781512503836436,0.0,0.0,0.0,0.0,0.0
825,David Walker,Australia,"[1971, 1972]",11.0,11.0,0.0,0.0,0.0,0.0,0.0,False,1970,2,0.0,0.3294688607385876,0.0,1.0791812460476249,0.0,0.0,0.0,0.0,0.0
826,Peter Walker,United Kingdom,"[1950, 1951, 1955]",4.0,4.0,0.0,0.0,0.0,0.0,0.0,False,1950,3,0.0,0.38534107088140934,0.0,0.6989700043360189,0.0,0.0,0.0,0.0,0.0
827,Lee Wallard,United States,"[1950, 1951]",3.0,2.0,0.0,1.0,1.0,1.0,9.0,False,1950,2,3.0,0.38534107088140934,7.785310797880834,0.6020599913279624,4.687224151457627,0.3333333333333333,0.3333333333333333,0.46209812037329684,0.46209812037329684
828,Heini Walter,Switzerland,[1962],1.0,1.0,0.0,0.0,0.0,0.0,0.0,False,1960,1,0.0,0.28712460184158106,0.0,0.3010299956639812,0.0,0.0,0.0,0.0,0.0
829,Rodger Ward,United States,"[1951, 1952, 1953, 1954, 1955, 1956, 1957, 1958, 1959, 1960, 1963]",12.0,12.0,0.0,1.0,2.0,0.0,14.0,False,1960,11,1.1666666666666667,0.28712460184158106,4.063276567677634,1.1139433523068367,4.5262599211486405,0.08333333333333333,0.16666666666666666,0.21374577978846138,0.42749155957692275
830,Derek Warwick,United Kingdom,"[1981, 1982, 1983, 1984, 1985, 1986, 1987, 1988, 1989, 1990, 1993]",162.0,147.0,0.0,0.0,4.0,2.0,71.0,False,1990,11,0.4382716049382716,0.26559527558541896,1.6501483468493312,2.2121876044039577,3.650437718327773,0.0,0.024691358024691357,0.0,0.12577160989646327
831,John Watson,United Kingdom,"[1973, 1974, 1975, 1976, 1977, 1978, 1979, 1980, 1981, 1982, 1983, 1985]",154.0,152.0,2.0,5.0,20.0,5.0,169.0,False,1980,12,1.0974025974025974,0.28980562687110756,3.7866849213755,2.1903316981702914,8.294096014272235,0.032467532467532464,0.12987012987012986,0.16374756873114435,0.6549902749245774
832,Spider Webb,United States,"[1950, 1952, 1953, 1954]",5.0,4.0,0.0,0.0,0.0,0.0,0.0,False,1950,4,0.0,0.38534107088140934,0.0,0.7781512503836436,0.0,0.0,0.0,0.0,0.0
833,Mark Webber,Australia,"[2002, 2003, 2004, 2005, 2006, 2007, 2008, 2009, 2010, 2011, 2012, 2013]",217.0,215.0,13.0,9.0,42.0,19.0,1047.5,False,2010,12,4.8271889400921655,1.5761991506218638,3.062550146780422,2.3384564936046046,7.161640277728413,0.041474654377880185,0.1935483870967742,0.22332007172857973,1.042160334733372
834,Pascal Wehrlein,Germany,"[2016, 2017]",40.0,39.0,0.0,0.0,0.0,0.0,6.0,False,2020,2,0.15,2.1194150714077686,0.07077424428258229,1.6127838567197355,0.11414355865048775,0.0,0.0,0.0,0.0
835,Volker Weidler,West Germany,[1989],10.0,0.0,0.0,0.0,0.0,0.0,0.0,False,1990,1,0.0,0.26559527558541896,0.0,1.0413926851582251,0.0,0.0,0.0,0.0,0.0
836,Wayne Weiler,United States,[1960],1.0,1.0,0.0,0.0,0.0,0.0,0.0,False,1960,1,0.0,0.28712460184158106,0.0,0.3010299956639812,0.0,0.0,0.0,0.0,0.0
837,Karl Wendlinger,Austria,"[1991, 1992, 1993, 1994, 1995]",42.0,41.0,0.0,0.0,0.0,0.0,14.0,False,1990,5,0.3333333333333333,0.26559527558541896,1.25504240464597,1.6334684555795864,2.050072178403943,0.0,0.0,0.0,0.0
838,Peter Westbury,United Kingdom,[1970],2.0,1.0,0.0,0.0,0.0,0.0,0.0,False,1970,1,0.0,0.3294688607385876,0.0,0.47712125471966244,0.0,0.0,0.0,0.0,0.0
839,Chuck Weyant,United States,"[1955, 1957, 1958, 1959]",6.0,4.0,0.0,0.0,0.0,0.0,0.0,False,1960,4,0.0,0.28712460184158106,0.0,0.8450980400142568,0.0,0.0,0.0,0.0,0.0
840,Ken Wharton,United Kingdom,"[1952, 1953, 1954, 1955]",16.0,15.0,0.0,0.0,0.0,0.0,3.0,False,1950,4,0.1875,0.38534107088140934,0.48658192486755214,1.2304489213782739,0.5987142046154438,0.0,0.0,0.0,0.0
841,Ted Whiteaway,United Kingdom,[1955],1.0,0.0,0.0,0.0,0.0,0.0,0.0,False,1960,1,0.0,0.28712460184158106,0.0,0.3010299956639812,0.0,0.0,0.0,0.0,0.0
842,Graham Whitehead,United Kingdom,[1952],1.0,1.0,0.0,0.0,0.0,0.0,0.0,False,1950,1,0.0,0.38534107088140934,0.0,0.3010299956639812,0.0,0.0,0.0,0.0,0.0
843,Peter Whitehead,United Kingdom,"[1950, 1951, 1952, 1953, 1954]",12.0,10.0,0.0,0.0,1.0,0.0,4.0,False,1950,5,0.3333333333333333,0.38534107088140934,0.8650345330978704,1.1139433523068367,0.963599467660221,0.0,0.08333333333333333,0.0,0.21374577978846138
844,Bill Whitehouse,United Kingdom,[1954],1.0,1.0,0.0,0.0,0.0,0.0,0.0,False,1950,1,0.0,0.38534107088140934,0.0,0.3010299956639812,0.0,0.0,0.0,0.0,0.0
845,Robin Widdows,United Kingdom,[1968],1.0,1.0,0.0,0.0,0.0,0.0,0.0,False,1970,1,0.0,0.3294688607385876,0.0,0.3010299956639812,0.0,0.0,0.0,0.0,0.0
846,Eppie Wietzes,Canada,"[1967, 1974]",2.0,2.0,0.0,0.0,0.0,0.0,0.0,False,1970,2,0.0,0.3294688607385876,0.0,0.47712125471966244,0.0,0.0,0.0,0.0,0.0
847,Mike Wilds,United Kingdom,"[1974, 1975, 1976]",8.0,3.0,0.0,0.0,0.0,0.0,0.0,False,1980,3,0.0,0.28980562687110756,0.0,0.9542425094393249,0.0,0.0,0.0,0.0,0.0
848,Jonathan Williams,United Kingdom,[1967],1.0,1.0,0.0,0.0,0.0,0.0,0.0,False,1970,1,0.0,0.3294688607385876,0.0,0.3010299956639812,0.0,0.0,0.0,0.0,0.0
849,Roger Williamson,United Kingdom,[1973],2.0,2.0,0.0,0.0,0.0,0.0,0.0,False,1970,1,0.0,0.3294688607385876,0.0,0.47712125471966244,0.0,0.0,0.0,0.0,0.0
850,Dempsey Wilson,United States,"[1958, 1960]",5.0,2.0,0.0,0.0,0.0,0.0,0.0,False,1960,2,0.0,0.28712460184158106,0.0,0.7781512503836436,0.0,0.0,0.0,0.0,0.0
851,Desiré Wilson,South Africa,[1980],1.0,0.0,0.0,0.0,0.0,0.0,0.0,False,1980,1,0.0,0.28980562687110756,0.0,0.3010299956639812,0.0,0.0,0.0,0.0,0.0
852,Justin Wilson,United Kingdom,[2003],16.0,16.0,0.0,0.0,0.0,0.0,1.0,False,2000,1,0.0625,0.6208236101235972,0.10067271762998371,1.2304489213782739,0.123872636820033,0.0,0.0,0.0,0.0
853,Vic Wilson,United Kingdom,"[1960, 1966]",2.0,1.0,0.0,0.0,0.0,0.0,0.0,False,1960,2,0.0,0.28712460184158106,0.0,0.47712125471966244,0.0,0.0,0.0,0.0,0.0
854,Joachim Winkelhock,West Germany,[1989],7.0,0.0,0.0,0.0,0.0,0.0,0.0,False,1990,1,0.0,0.26559527558541896,0.0,0.9030899869919435,0.0,0.0,0.0,0.0,0.0
855,Manfred Winkelhock,West Germany,"[1980, 1982, 1983, 1984, 1985]",56.0,47.0,0.0,0.0,0.0,0.0,2.0,False,1980,5,0.03571428571428571,0.28980562687110756,0.12323530809210206,1.7558748556724915,0.21638577880997473,0.0,0.0,0.0,0.0
856,Markus Winkelhock,Germany,[2007],1.0,1.0,0.0,0.0,0.0,0.0,0.0,False,2010,1,0.0,1.5761991506218638,0.0,0.3010299956639812,0.0,0.0,0.0,0.0,0.0
857,Reine Wisell,Sweden,"[1970, 1971, 1972, 1973, 1974]",23.0,22.0,0.0,0.0,1.0,0.0,13.0,False,1970,5,0.5652173913043478,0.3294688607385876,1.7155411592988494,1.380211241711606,2.367809193683233,0.0,0.043478260869565216,0.0,0.13817625349338894
858,Roelof Wunderink,Netherlands,[1975],6.0,3.0,0.0,0.0,0.0,0.0,0.0,False,1980,1,0.0,0.28980562687110756,0.0,0.8450980400142568,0.0,0.0,0.0,0.0,0.0
859,Alexander Wurz,Austria,"[1997, 1998, 1999, 2000, 2005, 2007]",69.0,69.0,0.0,0.0,3.0,1.0,45.0,False,2000,6,0.6521739130434783,0.6208236101235972,1.0504979230954823,1.845098040014257,1.938271658942522,0.0,0.043478260869565216,0.0,0.18471718443692867
860,Sakon Yamamoto,Japan,"[2006, 2007, 2010]",21.0,21.0,0.0,0.0,0.0,0.0,0.0,False,2010,3,0.0,1.5761991506218638,0.0,1.3424226808222062,0.0,0.0,0.0,0.0,0.0
861,Alex Yoong,Malaysia,"[2001, 2002]",18.0,14.0,0.0,0.0,0.0,0.0,0.0,False,2000,2,0.0,0.6208236101235972,0.0,1.2787536009528289,0.0,0.0,0.0,0.0,0.0
862,Alessandro Zanardi,Italy,"[1991, 1992, 1993, 1994, 1999]",44.0,41.0,0.0,0.0,0.0,0.0,1.0,False,1990,5,0.022727272727272728,0.26559527558541896,0.08557107304404342,1.6532125137753437,0.14146716877359658,0.0,0.0,0.0,0.0
863,Emilio Zapico,Spain,[1976],1.0,0.0,0.0,0.0,0.0,0.0,0.0,False,1980,1,0.0,0.28980562687110756,0.0,0.3010299956639812,0.0,0.0,0.0,0.0,0.0
864,Zhou Guanyu,China,[2022],23.0,23.0,0.0,0.0,0.0,2.0,6.0,True,2020,1,0.2608695652173913,2.1194150714077686,0.12308564223057789,1.380211241711606,0.16988418709993638,0.0,0.0,0.0,0.0
865,Ricardo Zonta,Brazil,"[1999, 2000, 2001, 2004, 2005]",37.0,36.0,0.0,0.0,0.0,0.0,3.0,False,2000,5,0.08108108108108109,0.6208236101235972,0.13060244449295186,1.5797835966168101,0.20632359948802279,0.0,0.0,0.0,0.0
866,Renzo Zorzi,Italy,"[1975, 1976, 1977]",7.0,7.0,0.0,0.0,0.0,0.0,1.0,False,1980,3,0.14285714285714285,0.28980562687110756,0.49294123236840826,0.9030899869919435,0.44517029112737844,0.0,0.0,0.0,0.0
867,Ricardo Zunino,Argentina,"[1979, 1980, 1981]",11.0,10.0,0.0,0.0,0.0,0.0,0.0,False,1980,3,0.0,0.28980562687110756,0.0,1.0791812460476249,0.0,0.0,0.0,0.0,0.0
